claim_id,claim,claim_date,speaker,source,label,detected_biases,prediction,prediction_error
tracer_train_160,"""Mitt Romney is the first Massachusetts politician to run for president and not win the New Hampshire primary in a generation.""",2011-06-27,,tracer,Half-True,,Refuted,
tracer_train_907,"""Not even old Gen. Eisenhower … saluted military personnel"" as president.",2012-03-27,,tracer,Refuted,"[{""bias"": ""hindsight bias"", ""confidence"": 0.383}]",Refuted,
tracer_test_13554,A Reddit post shows a parent admitting to forcing their child to continue transitioning by sneaking hormone medication.,2022-04-12,,tracer,Refuted,,Refuted,
tracer_train_4994,"""50 percent of murders in Texas have been linked to illegal aliens.""",2015-06-22,,tracer,Refuted,,Refuted,
tracer_train_7474,"""Two Iraqis came here to this country, were radicalized and they were the masterminds behind the Bowling Green massacre. … It didn't get covered""",2017-02-02,,tracer,Refuted,"[{""bias"": ""Just-world hypothesis"", ""confidence"": 0.4686}]",Refuted,
tracer_train_7782,"""Coffee is the second-most traded commodity after oil.""",2017-05-04,,tracer,Refuted,"[{""bias"": ""curse of knowledge"", ""confidence"": 0.4711}]",Supported,
tracer_test_13015,"With COVID-19, vaccinated people ""are the real threat to"" unvaccinated people.",2021-10-24,,tracer,Refuted,,Refuted,
tracer_train_5156,"""Ukraine was a nuclear-armed state. They gave away their nuclear arms with the understanding that we would protect them.""",2015-08-06,,tracer,Refuted,,Supported,
tracer_test_13375,"""In 2020, more journalists were killed in Mexico than in any other country in the world.""",2022-02-16,,tracer,Supported,,Supported,
tracer_dev_12274,"""The Biden Administration is recklessly releasing hundreds of illegal immigrants who have COVID into Texas communities.""",2021-03-03,,tracer,Refuted,,Misleading,
tracer_train_8197,Said there is cholera in Puerto Rico after Hurricane Maria.,2017-09-30,,tracer,Refuted,,Refuted,
tracer_test_13611,"""Space X’s Starlink internet constellation has angered Russia as it was reported that the Starlink satellite constellation was used to guide the fire"" on the Russian ship Moskva.",2022-04-30,,tracer,Refuted,"[{""bias"": ""Just-world hypothesis"", ""confidence"": 0.5132}]",Supported,
tracer_train_2189,"""A study by the University of Virginia pulls back the curtain on Medicaid’s tragically bad outcomes, including ‘increased risk of adjusted mortality.’""",2013-03-06,,tracer,Half-True,"[{""bias"": ""curse of knowledge"", ""confidence"": 0.3327}]",Misleading,
tracer_train_5810,"Regarding the Iraq War, ""I was the one that said, ‘Don’t go, don’t do it, you’re going to destabilize the Middle East.’ """,2016-02-06,,tracer,Refuted,,Refuted,
tracer_train_10205,"Says Donald Trump said, ""Immigrants aren’t people, they’re animals.""",2019-07-22,,tracer,Refuted,"[{""bias"": ""Essentialism"", ""confidence"": 0.3}]",Refuted,
tracer_train_3904,"""The music industry is the biggest export from Africa after oil and gas.""",2014-08-03,,tracer,Refuted,"[{""bias"": ""curse of knowledge"", ""confidence"": 0.6633}]",Refuted,
tracer_train_2720,"Warren Buffett recently said ""Scrap Obamacare and Start All Over.""",2013-09-13,,tracer,Refuted,"[{""bias"": ""curse of knowledge"", ""confidence"": 0.8718}]",Refuted,
tracer_train_3222,"""The CBO now says the president's health care law will cut the number of full-time jobs in the United States by 2.3 million by 2021.""",2014-02-04,,tracer,Refuted,,Supported,
tracer_train_11401,"""California has six extra"" congressional representatives ""because illegals are counted"" in the census.",2020-07-23,,tracer,Refuted,,Refuted,
tracer_train_2266,"""In 2012, 1 in 4 Wisconsin schools had a subpar score on the Department of Public Instruction’s recent report cards"" and are ""failing"" the children they serve.",2013-04-05,,tracer,Refuted,"[{""bias"": ""Availability heuristic"", ""confidence"": 0.4318}]",Misleading,
tracer_train_8600,"""Probably one out of every two households in Oklahoma has a gun.""",2018-02-28,,tracer,Half-True,,Supported,
tracer_train_5769,"""Last year, there were an additional 81,000 pages of government regulations. If you stack that up, it would be a three-story building.""",2016-01-28,,tracer,Refuted,"[{""bias"": ""Planning Fallacy"", ""confidence"": 0.4288}]",Misleading,
tracer_test_14160,Maui fires are part of an intentional effort to rebuild the island into a “smart island.”,2023-08-11,,tracer,Refuted,"[{""bias"": ""curse of knowledge"", ""confidence"": 0.5592}]",Refuted,
tracer_train_4012,"""Over 40 of our 100 (House of) Delegates seats go uncontested every year, and over 40 percent of our state senate seats go uncontested every year.""",2014-09-01,,tracer,Half-True,,Supported,
tracer_train_9367,"""Nate McMurray lobbied to send our jobs to China. (And Korea, too.)""",2018-10-10,,tracer,Refuted,"[{""bias"": ""curse of knowledge"", ""confidence"": 0.3254}]",Refuted,
tracer_dev_12169,"""Newly discovered video shows late night deliveries of tens of thousands of illegal ballots 8 hours after deadline.""",2021-02-05,,tracer,Refuted,"[{""bias"": ""Just-world hypothesis"", ""confidence"": 0.389}]",Refuted,
tracer_train_4756,"Says Hillary Clinton ""erased all of her emails even though they were subject to recall and review by Congress.""",2015-04-12,,tracer,Refuted,"[{""bias"": ""Just-world hypothesis"", ""confidence"": 0.7164}]",Supported,
tracer_dev_12708,"Says Gov. Tony Evers has declared Wisconsin ""permanently closed"" for business.",2021-07-20,,tracer,Refuted,,Refuted,
tracer_dev_12010,Says the new coronavirus vaccines contain toxic ingredients and are more dangerous than getting COVID-19.,2020-12-15,,tracer,Refuted,,Refuted,
tracer_train_6659,"Says Indiana Gov. Mike Pence ""denies that there's such a thing as evolution.""",2016-07-27,,tracer,Half-True,,Refuted,
tracer_train_5768,"""A third of the budget for the city of Ferguson (Missouri) was being reaped by civil fines.""",2016-01-28,,tracer,Refuted,"[{""bias"": ""hindsight bias"", ""confidence"": 0.691}]",Supported,
tracer_train_11367,"""Kids are less likely to get it (COVID-19). You know, they’re less likely to spread. So I think there’s some pretty good data out there that will help alleviate some of the concerns.""",2020-07-14,,tracer,Half-True,,Supported,
tracer_dev_12054,"""We won. We won in a landslide. This was a landslide.""",2021-01-06,,tracer,Refuted,"[{""bias"": ""hindsight bias"", ""confidence"": 0.5031}]",Refuted,
tracer_train_4257,"Six convictions are connected to an allegation by prosecutors ""that Gov. Scott Walker is at the center of a criminal scheme.""",2014-10-21,,tracer,Refuted,"[{""bias"": ""Just-world hypothesis"", ""confidence"": 0.4132}]",Supported,
tracer_train_4055,"The Obama administration is using as its ""legal justification for these airstrikes (on the Islamic State), an authorization for military force that the president himself has called for repeal of.""",2014-09-11,,tracer,Half-True,"[{""bias"": ""curse of knowledge"", ""confidence"": 0.4123}]",Supported,
tracer_train_8391,"""Death penalty opponents like Roy Cooper and Josh Stein have imposed a de-facto moratorium on capital punishment.""",2017-12-08,,tracer,Refuted,,Supported,
tracer_train_410,The city of Pembroke Pines doesn't have a vote in a plan to build a detention center in Southwest Ranches.,2011-11-05,,tracer,Refuted,"[{""bias"": ""curse of knowledge"", ""confidence"": 0.6357}]",Supported,
tracer_train_7385,"""Florida is ranked 50th in the nation for mental health care funding.""",2017-01-10,,tracer,Half-True,,Supported,
tracer_train_1274,"Says there are ""$500 billion in Medicare cuts required to pay for this flawed [health care law].""",2012-06-28,,tracer,Refuted,,Misleading,
tracer_train_1492,"Says Congressmen Paul Ryan and Todd Akin co-sponsored legislation ""to limit federal funding for abortion to victims of ‘forcible rape.’""",2012-08-21,,tracer,Supported,"[{""bias"": ""curse of knowledge"", ""confidence"": 0.4223}]",Supported,
tracer_train_6935,"""New York State has been horribly, horribly hurt by NAFTA""",2016-09-15,,tracer,Refuted,"[{""bias"": ""Just-world hypothesis"", ""confidence"": 0.7444}]",Misleading,
tracer_train_10422,"Says California has ""30% or a third of the country’s people living at or below the poverty level.""",2019-10-08,,tracer,Refuted,"[{""bias"": ""Availability heuristic"", ""confidence"": 0.3431}]",,Failed to get valid prediction
tracer_train_4330,"Repeal of Obamacare would ""take away health care for 10.3 million Americans"" who have received coverage since Oct. 1, 2013.",2014-11-13,,tracer,Half-True,,Supported,
tracer_test_13556,"""New York leads the U.S. in population loss.""",2022-04-12,,tracer,Supported,,Supported,
tracer_train_3766,"""Justice John Roberts Signed Off On Obama’s Arrest For Treason.""",2014-07-01,,tracer,Refuted,,Refuted,
tracer_test_14174,Jim Justice “supports banning sporting rifles for law-abiding citizens.”,2023-08-21,,tracer,Refuted,,Refuted,
tracer_train_11816,"Says Joni Ernst ""supports the lawsuit that's headed to the Supreme Court that will"" repeal the Affordable Care Act.",2020-10-22,,tracer,Half-True,"[{""bias"": ""curse of knowledge"", ""confidence"": 0.3352}]",Supported,
tracer_test_13721,Aaron Salter Jr. was killed by a mass shooter because he was working on creating a water-powered car engine.,2022-05-30,,tracer,Refuted,,Refuted,
tracer_train_7413,"""The Taliban went after and murdered"" people identified in the Chelsea Manning leaks.",2017-01-18,,tracer,Refuted,,Supported,
tracer_dev_12202,"""Gov Roy Cooper does not consider Type 1 diabetes an under lying health issue!""",2021-02-13,,tracer,Refuted,,Refuted,
tracer_test_13493,"According to the Census Bureau, ""5 million more people voted than were registered to vote"" in the 2020 election.",2022-03-28,,tracer,Refuted,,Refuted,
tracer_train_3063,"Studies suggest the 2017 College Football Playoff Championship game will bring about 1,700 to 1,800 full-time jobs.",2013-12-16,,tracer,Refuted,"[{""bias"": ""Pro-Innovation Bias"", ""confidence"": 0.3491}]",Refuted,
tracer_dev_12891,Says President Joe Biden told people to get vaccinated against COVID-19 to protect themselves from hurricanes.,2021-09-16,,tracer,Refuted,"[{""bias"": ""Reactance"", ""confidence"": 0.331}]",Refuted,
tracer_train_8885,"""One legislative Republican’s district gets almost all the school supply funding.""",2018-05-30,,tracer,Refuted,"[{""bias"": ""clustering illusion"", ""confidence"": 0.3113}]",Misleading,
tracer_train_6624,"Speakers at the Democratic National Convention made ""zero mentions of the global terrorist threat posed by ISIS.""",2016-07-25,,tracer,Supported,,Refuted,
tracer_train_10155,Says the late Lady Bird Johnson sicced the CIA on actress and singer Eartha Kitt after Kitt spoke out against the Vietnam War during a White House luncheon in January 1968.,2019-07-02,,tracer,Refuted,,Supported,
tracer_test_13672,"""When unemployment goes down, inflation goes up.""",2022-05-15,,tracer,Refuted,,Supported,
tracer_train_1370,The price of gasoline was at $1.85 a gallon when President Barack Obama took office and has since nearly doubled because of his policies,2012-07-23,,tracer,Refuted,,Refuted,
tracer_train_9549,"Says Hillary Clinton sold 20 percent of America’s uranium to Russia and then ""the Russian government gave $145 million to the Clinton Foundation."" Former FBI Director and special counsel Robert Mueller ""delivered it.""",2018-12-05,,tracer,Refuted,,Refuted,
tracer_train_9392,"A letter to President Donald Trump from 22 senators ""is a way of saying to the president, ‘You are now under an affirmative requirement, legal requirement, to investigate' "" journalist Jamal Khashoggi’s disappearance and suspected murder.",2018-10-14,,tracer,Half-True,"[{""bias"": ""curse of knowledge"", ""confidence"": 0.3451}]",Supported,
tracer_train_2436,"""Our ranking in terms of the best and worst states to do business in was 43 four years ago, and we just moved up to 17 two weeks ago.""",2013-06-02,,tracer,Half-True,"[{""bias"": ""hindsight bias"", ""confidence"": 0.404}]",Supported,
tracer_test_14151,"""FBI director Wray confirms Joe Biden is under criminal investigation for Ukrainian bribes by the U.S. attorney in Delaware then tries to backpedal.”",2023-08-03,,tracer,Refuted,,Refuted,
tracer_train_5623,"""One of the things I would immediately do … is bring back the warrior class -- Petraeus, McChrystal, Mattis, Keane, Flynn. ... Every one was retired early because they told President Obama things that he didn’t want to hear.""",2015-12-15,,tracer,Refuted,"[{""bias"": ""curse of knowledge"", ""confidence"": 0.3343}]",Refuted,
tracer_train_9062,"""Trump tax cut benefits all congressional districts, up to $44,697 per family.""",2018-07-23,,tracer,Half-True,,Misleading,
tracer_train_11301,"""The Supreme Court ruled today NO VOTING BY MAIL !!!""",2020-06-26,,tracer,Refuted,"[{""bias"": ""Just-world hypothesis"", ""confidence"": 0.3875}, {""bias"": ""Attentional bias"", ""confidence"": 0.3164}]",Refuted,
tracer_train_11358,"Quotes President Donald Trump as saying, ""Everybody says I’ve done a tremendous job with COVID… I think a little gratitude would be nice. Maybe a big ‘Thank you Mr. President’ is called for.""",2020-07-13,,tracer,Refuted,"[{""bias"": ""Essentialism"", ""confidence"": 0.4351}, {""bias"": ""curse of knowledge"", ""confidence"": 0.3405}]",Supported,
tracer_train_7927,"""Western New Yorkers pay some of the highest property taxes in the state.""",2017-06-23,,tracer,Half-True,,Supported,
tracer_train_6208,"Water rates in Manila, Philippines, ""were raised up to 845 percent"" when a subsidiary of the World Bank became a partial owner.",2016-04-27,,tracer,Half-True,"[{""bias"": ""hindsight bias"", ""confidence"": 0.4076}]",Supported,
tracer_train_447,"""While (Chris Christie) talks about job creation, we don't see jobs being created in this state.""",2011-11-21,,tracer,Refuted,,Misleading,
tracer_train_5422,"Planned Parenthood is ""nothing more than a referral service. … They don’t do anything except profit from killing babies and then selling body parts of those aborted babies.""",2015-10-19,,tracer,Refuted,,Refuted,
tracer_train_138,"""We already have $23 billion worth of debt.""",2011-06-02,,tracer,Supported,,Supported,
tracer_dev_12382,U.S. Rep. Matt Gaetz was the lone vote in the House against an anti-human trafficking bill.,2021-03-30,,tracer,Supported,,Supported,
tracer_train_9463,"""If Rick Scott had his way he would encourage racially profiling immigrant communities here in Florida. He also opposed allowing Dreamers to remain in the U.S.""",2018-10-29,,tracer,Refuted,,Supported,
tracer_train_801,"Mitt Romney ""left Massachusetts $1 billion in debt.""",2012-02-24,,tracer,Refuted,,Refuted,
tracer_train_7956,The GOP health care proposal would slash more than $135 million in federal funding available to PA schools.,2017-07-05,,tracer,Refuted,,Supported,
tracer_train_8136,"Rescinding the Deferred Action for Childhood Arrivals program ""will harm our economy.""",2017-09-05,,tracer,Supported,,Supported,
tracer_train_4292,"""Kansas has not elected somebody other than a Republican (to the U.S. Senate) since before 'The Wizard of Oz' hit the movie theaters.""",2014-11-02,,tracer,Supported,,Supported,
tracer_train_3233,"""Any Floridian who has ever requested an absentee ballot henceforth gets one automatically.""",2014-02-06,,tracer,Refuted,,Refuted,
tracer_train_2849,"""As a result of Obamacare, we are becoming something of a part-time employment country.""",2013-10-20,,tracer,Refuted,,Misleading,
tracer_dev_12055,An image shows National Guard at the Capitol during the Black Lives Matter protests in D.C.,2021-01-06,,tracer,Refuted,,Refuted,
tracer_test_13332,"Binding masks to your face with gauze and wrapping pantyhose around your face and mask are now ""suggestions to make your mask more ‘effective.’""",2022-02-04,,tracer,Half-True,,Supported,
tracer_train_4669,Creflo Dollar needed a $65 million Gulfstream G650 to carry thousands of pounds of food and other supplies -- as well as the Word of God -- worldwide.,2015-03-13,,tracer,Refuted,"[{""bias"": ""curse of knowledge"", ""confidence"": 0.3475}]",,Failed to get valid prediction
tracer_train_9272,"On investigating during the Supreme Court confirmation process, ""The FBI doesn’t do that.""",2018-09-18,,tracer,Refuted,"[{""bias"": ""curse of knowledge"", ""confidence"": 0.6393}]",Refuted,
tracer_train_4274,"""Rick Scott vetoed funding for 30 Florida rape crisis centers. Scott said the centers weren’t needed.""",2014-10-27,,tracer,Refuted,,Refuted,
tracer_train_10694,"Says U.S. Rep. Sean Casten ""demanded the impeachment of the Republican President before the Mueller report was even released.""",2020-01-29,,tracer,Refuted,,Refuted,
tracer_dev_12462,"The Green New Deal ""costs an average American household almost $700,000 through 2029.""",2021-04-22,,tracer,Refuted,,,Failed to get valid prediction
tracer_train_6338,"""No one in American history has moved from a June 16 announcement to a May 26 winning of a majority. Trump's achievement is remarkable.""",2016-05-27,,tracer,Refuted,"[{""bias"": ""hindsight bias"", ""confidence"": 0.335}]",Refuted,
tracer_train_7820,"Giving a committee chair’s stipend in the New York State Senate to another member of that committee ""has been, in fact, a legislative practice for decades.""",2017-05-17,,tracer,Refuted,,Supported,
tracer_train_771,"Says the proposed fiscal year 2013 budget ""is still below the level of state spending when I took office.""",2012-02-21,,tracer,Supported,,Supported,
tracer_train_2661,"The Libertarian Party ""is the third-largest political party in the U.S.""",2013-08-22,,tracer,Refuted,"[{""bias"": ""curse of knowledge"", ""confidence"": 0.5023}]",Supported,
tracer_train_11267,Says Osama bin Laden endorsed Joe Biden,2020-06-18,,tracer,Refuted,"[{""bias"": ""Availability heuristic"", ""confidence"": 0.4766}]",Refuted,
tracer_dev_12813,"The Virginia Employment Commission is sixth in the nation for getting benefits to eligible people quickly…""",2021-08-18,,tracer,Half-True,"[{""bias"": ""curse of knowledge"", ""confidence"": 0.5911}]",Supported,
tracer_train_6035,"Says Donald Trump ""wants us to pull out of NATO.""",2016-03-21,,tracer,Refuted,,Refuted,
tracer_train_1478,"""His new running mate, Congressman Ryan, put forward a plan that would let Governor Romney pay less than 1 percent in taxes each year.""",2012-08-18,,tracer,Half-True,,Misleading,
tracer_test_13780,"Video claims Moscow turned into ""sea of fire after being attacked by two mysterious missiles.""",2022-06-28,,tracer,Refuted,"[{""bias"": ""Availability heuristic"", ""confidence"": 0.5712}]",Refuted,
tracer_test_13402,Russia is targeting U.S. biological weapons labs in Ukraine invasion.,2022-02-24,,tracer,Refuted,,Refuted,
tracer_test_13692,Increased encounters at the southwest border in April 2022 compared to April 2020 are attributable to changes in border policy.,2022-05-23,,tracer,Refuted,"[{""bias"": ""Availability heuristic"", ""confidence"": 0.6232}]",Misleading,
tracer_train_1977,"Says ""our economy in New Jersey gets $38 billion from the businesses at the Shore.""",2012-12-19,,tracer,Refuted,,Supported,
tracer_train_4942,"""Our last budget committed the highest level of need-based financial aid in state history.""",2015-06-08,,tracer,Half-True,,Supported,
tracer_train_3550,"The Senate proposal to restore emergency unemployment benefits for five months was ""fully paid for.""",2014-05-01,,tracer,Refuted,,Supported,
tracer_dev_12855,"News cameras ""shut off"" just as Biden was asked if he gave the Taliban a ""hit list"" of evacuating American and Afghan officials.",2021-09-01,,tracer,Refuted,"[{""bias"": ""curse of knowledge"", ""confidence"": 0.3479}]",Refuted,
tracer_train_2243,"""Obama for President and Baldwin for Senate have kept their campaign offices up and running in Fox Valley, Eau Claire and La Crosse with their staffs preparing for the next battle.""",2013-03-27,,tracer,Refuted,"[{""bias"": ""curse of knowledge"", ""confidence"": 0.6653}]",Refuted,
tracer_train_1614,"""We've doubled our use of renewable energy.""",2012-09-08,,tracer,Refuted,"[{""bias"": ""curse of knowledge"", ""confidence"": 0.3456}]",Supported,
tracer_test_13150,Audio clips from ad show Pat McCrory supported Black Lives Matter protesters while condemning ‘Trump supporters’,2021-12-07,,tracer,Refuted,,Refuted,
tracer_train_2479,"The Foreign Intelligence Surveillance Court ""is transparent.""",2013-06-17,,tracer,Refuted,"[{""bias"": ""curse of knowledge"", ""confidence"": 0.5947}]",Refuted,
tracer_test_13262,"List shows ""1,000 peer reviewed studies questioning COVID-19 vaccine safety""",2022-01-20,,tracer,Refuted,"[{""bias"": ""Availability heuristic"", ""confidence"": 0.3147}]",Refuted,
tracer_train_8247,"An undocumented immigrant ""was arrested on suspicion of arson in (the) Wine Country fires that have killed at least 40 residents.""",2017-10-17,,tracer,Refuted,,Refuted,
tracer_train_652,"""When I was speaker, we had four consecutive balanced budgets.""",2012-01-23,,tracer,Refuted,"[{""bias"": ""hindsight bias"", ""confidence"": 0.421}]",Supported,
tracer_train_9963,"Russia’s interference in the 2016 election amounted to ""a couple of Facebook ads.""",2019-04-23,,tracer,Refuted,"[{""bias"": ""curse of knowledge"", ""confidence"": 0.3146}]",Refuted,
tracer_train_3192,"""For the first time in over a decade, business leaders around the world have declared that China is no longer the world’s No. 1 place to invest; America is.""",2014-01-28,,tracer,Half-True,,Supported,
tracer_train_7461,"""ISIS is already using the rhetoric from the Trump administration, the text of this executive order, to incite attacks against us and to recruit more terrorists to their side.""",2017-01-31,,tracer,Refuted,,Supported,
tracer_train_3268,A photo from the Russia-Finland hockey game shows a sad Vladimir Putin and Dmitry Medvedev.,2014-02-19,,tracer,Refuted,,Supported,
tracer_train_429,"President Obama plans to ""impose a tax of at least 23 percent on the Medicare prescription drug benefit for low-income beneficiaries.""",2011-11-13,,tracer,Refuted,,Refuted,
tracer_train_2871,"""The Legislature passed Gov. Walker’s so-called property tax relief bill,"" but the Republicans ""are still raising your property taxes.""",2013-10-24,,tracer,Half-True,,Misleading,
tracer_train_7572,"""Doctors who discovered cancer enzymes in vaccines all found murdered.""",2017-03-02,,tracer,Refuted,,Refuted,
tracer_train_2660,"""Every year, more than $40 million are leaving Missouri for the Lone Star State.""",2013-08-21,,tracer,Half-True,"[{""bias"": ""curse of knowledge"", ""confidence"": 0.3134}]",Refuted,
tracer_train_5589,"""Last year, I stopped an Obamacare bailout and saved taxpayers $2.5 billion.""",2015-12-01,,tracer,Refuted,,Supported,
tracer_dev_12351,"""You can’t tell me they can (develop a safe vaccine) in eight to 10 months. Or a year. It takes more time than that.""",2021-03-23,,tracer,Refuted,"[{""bias"": ""Planning Fallacy"", ""confidence"": 0.5955}]",Refuted,
tracer_train_11247,"""If we stopped testing right now, we'd have very few cases, if any.""",2020-06-15,,tracer,Refuted,"[{""bias"": ""Omission bias"", ""confidence"": 0.718}]",Refuted,
tracer_train_5276,"When it comes to classified information at the State Department, Hillary Clinton’s ""the decider.""",2015-09-09,,tracer,Half-True,"[{""bias"": ""curse of knowledge"", ""confidence"": 0.8314}]",Refuted,
tracer_train_4581,"""Nine hundred people have been fired since I became secretary (of Veterans Affairs). We’ve got 60 people that we fired who have manipulated wait times.""",2015-02-15,,tracer,Refuted,,Supported,
tracer_train_4174,"""At least 10 ISIS fighters have been caught coming across the Mexican border in Texas"" and there are ""dozens more that did not get caught by the Border Patrol.""",2014-10-07,,tracer,Refuted,,Refuted,
tracer_train_5378,"Virginia’s current unemployment rate is ""the lowest in Virginia history.""",2015-10-05,,tracer,Refuted,,Refuted,
tracer_train_9371,"""We have the most progressive tax system in the country, right here in Vermont.""",2018-10-10,,tracer,Refuted,"[{""bias"": ""curse of knowledge"", ""confidence"": 0.3813}]",Misleading,
tracer_train_1183,"Says her congressional district has 10,000 medical-device industry jobs and 1,000 will be lost because of health-care law tax.",2012-06-07,,tracer,Refuted,,Refuted,
tracer_train_11579,"Abigail Spanberger ""has voted with Nancy Pelosi over 90% of the time…""",2020-09-04,,tracer,Supported,,Supported,
tracer_train_11133,"""Hidden in the CARES Act was an obscure $135 billion tax break for 43,000 millionaires.""",2020-05-14,,tracer,Half-True,,Supported,
tracer_train_11038,"Wisconsin is ""clearly seeing a decline in COVID infections""",2020-04-21,,tracer,Refuted,,Supported,
tracer_train_11100,"Amid the COVID-19 outbreak, ""Minnesota now has the highest unemployment rate in U.S. history.""",2020-05-06,,tracer,Refuted,,Refuted,
tracer_train_9033,"Says Beto O’Rourke is ""the only candidate to the U.S. Senate to call for"" impeaching President Donald Trump.",2018-07-17,,tracer,Refuted,,Supported,
tracer_train_9330,Viral internet photo shows a young Christine Blasey Ford,2018-10-01,,tracer,Refuted,"[{""bias"": ""Availability heuristic"", ""confidence"": 0.8281}]",Refuted,
tracer_dev_12081,Says Rep. Pramila Jayapal was not wearing a mask in Congress during the U.S. Capitol mob.,2021-01-12,,tracer,Refuted,,Supported,
tracer_train_9113,"""A number of Democrats running for governor want to cut the prison population by 50%"" and ""that would require the release of thousands of violent felons.""",2018-08-07,,tracer,Half-True,"[{""bias"": ""Attentional bias"", ""confidence"": 0.3015}]",Refuted,
tracer_train_2267,"Says he has ""yet to get a response"" from Barack Obama to his August 2010 letter making border security requests.",2013-04-05,,tracer,Refuted,,Supported,
tracer_train_10033,"They understand the importance (of medical monitoring). It’s clear, though, that they want to do it in a way that is consistent with other states and S.37 just isn’t.",2019-05-16,,tracer,Half-True,,Supported,
tracer_train_3450,"The health care law reduces ""the number of uninsured in America by 3 percent for how much money? $2 trillion.""",2014-04-06,,tracer,Refuted,,Refuted,
tracer_train_1746,"""By voting to approve [Question 1], we can . . . save 900 jobs"" at Twin River.",2012-10-05,,tracer,Refuted,,Supported,
tracer_train_5903,"""If it weren’t for me … (illegal immigration) wouldn’t even be a big subject.""",2016-02-25,,tracer,Refuted,"[{""bias"": ""hindsight bias"", ""confidence"": 0.4389}]",Refuted,
tracer_dev_12664,"""We know most of our forefathers, all of our main Founding Fathers were against slavery, recognized the evils of it.""",2021-07-06,,tracer,Refuted,"[{""bias"": ""Essentialism"", ""confidence"": 0.489}]",Misleading,
tracer_train_7904,"""We are seeing poverty being reduced in south St. Pete at a number larger than the national average, the state average, county or Tampa and Jacksonville.""",2017-06-15,,tracer,Refuted,,Refuted,
tracer_train_4435,"Says President Barack Obama's own administration has done five environmental impact assessments of the Keystone XL pipeline, ""all of which have said it would have a minimum impact on the environment.""",2015-01-04,,tracer,Half-True,,Supported,
tracer_train_2038,"""Washington, D.C., had some of the strictest gun laws in the country. And when they passed them, violence skyrocketed.""",2013-01-17,,tracer,Half-True,"[{""bias"": ""hindsight bias"", ""confidence"": 0.5999}]",Refuted,
tracer_train_8968,"Gov. Bruce Rauner has ""created no jobs over the past three years.""",2018-06-28,,tracer,Refuted,,Refuted,
tracer_train_5414,Says CNN deleted an online poll showing Bernie Sanders won the first Democratic presidential debate to help out Hillary Clinton.,2015-10-15,,tracer,Refuted,"[{""bias"": ""Bias blind spot"", ""confidence"": 0.7238}]",Refuted,
tracer_train_5128,"""Prior to 1962, everybody prayed before school started,"" and ""the Bible was the principal textbook in all schools.""",2015-07-31,,tracer,Refuted,"[{""bias"": ""curse of knowledge"", ""confidence"": 0.5713}]",Refuted,
tracer_train_716,"""Three years ago, a newly elected President Obama told America that if Congress approved his plan to borrow nearly a trillion dollars, he would hold unemployment below 8 percent.""",2012-02-04,,tracer,Refuted,"[{""bias"": ""hindsight bias"", ""confidence"": 0.4597}]",Supported,
tracer_train_10460,"""I'm one of only two candidates in the field that 10% or more of Donald Trump voters say they would support in the general"" election.",2019-10-22,,tracer,Refuted,"[{""bias"": ""Availability heuristic"", ""confidence"": 0.4895}]",Misleading,
tracer_train_5913,"Says ""Harry Reid, when asked about the Republican field, said the Republican he likes the best is Donald Trump, and he said, because I can work with him. He'll cut deals.""",2016-02-28,,tracer,Refuted,"[{""bias"": ""Essentialism"", ""confidence"": 0.5001}]",Refuted,
tracer_train_1363,"""Today the Walton family of Walmart own more wealth than the bottom 40 percent of America.""",2012-07-22,,tracer,Supported,"[{""bias"": ""curse of knowledge"", ""confidence"": 0.4517}]",Supported,
tracer_train_6259,"Says a WHO proposal ""portrays milk and dairy products as an obstacle to a healthy start in life.""",2016-05-09,,tracer,Refuted,,Refuted,
tracer_train_7455,"Says President Donald Trump ""signs a visa-free travel policy"" for Ghana and Malawi.",2017-01-30,,tracer,Refuted,,Refuted,
tracer_dev_12312,"Aluminum ""is in the vaccine"" and will hurt the brain.",2021-03-14,,tracer,Refuted,,Refuted,
tracer_train_394,"George Allen's flat tax ""plan would actually shrink revenues further than the Perry (flat tax) plan.""",2011-10-31,,tracer,Refuted,,Supported,
tracer_train_4402,"""Nobody suffered any lasting injuries"" from the CIA interrogation program.",2014-12-09,,tracer,Refuted,"[{""bias"": ""Just-world hypothesis"", ""confidence"": 0.3516}]",Refuted,
tracer_train_8871,"A recent spending bill had at least ""$1.6 billion in there ... for schools to give them an opportunity to secure them.""",2018-05-23,,tracer,Refuted,,Supported,
tracer_train_685,"""If you look at states that are right to work, they constantly do not have budget deficits and they have very good business climates.""",2012-01-27,,tracer,Refuted,"[{""bias"": ""curse of knowledge"", ""confidence"": 0.5157}]",Refuted,
tracer_test_13609,"""In Texas, Republicans passed a law allowing rapists to sue their victims for getting an abortion.""",2022-04-29,,tracer,Refuted,,Supported,
tracer_train_4051,"Jorge Elorza ""wants to impose a municipal income tax.""",2014-09-10,,tracer,Refuted,"[{""bias"": ""curse of knowledge"", ""confidence"": 0.8027}]",Refuted,
tracer_train_6238,"Says Bruce Springsteen ""only had 8,000 tickets sold"" for a Greensboro show and canceled after ""they didn’t get the ticket sales they wanted.""",2016-05-03,,tracer,Refuted,"[{""bias"": ""Just-world hypothesis"", ""confidence"": 0.6616}]",Refuted,
tracer_train_4829,"""Florida sends $135 billion and D.C. returns $150 billion.""",2015-05-04,,tracer,Half-True,"[{""bias"": ""framing effect"", ""confidence"": 0.3071}]",Supported,
tracer_train_1455,"Says Mitt Romney said at a January 2012 debate that under Paul Ryan’s tax plan, ""I’d have paid no taxes in the last two years.""",2012-08-12,,tracer,Refuted,,Supported,
tracer_train_3332,"""Ralph Hall has never voted to raise the debt ceiling.""",2014-03-10,,tracer,Refuted,,Refuted,
tracer_train_2242,"""The financial penalties imposed"" on gay couples ""can cost us more than $300,000 compared with married heterosexual couples over a lifetime.""",2013-03-27,,tracer,Half-True,"[{""bias"": ""Planning Fallacy"", ""confidence"": 0.3352}]",Supported,
tracer_train_9458,Cesar Sayoc is a Democrat posing as a Republican.,2018-10-26,,tracer,Refuted,,Refuted,
tracer_test_13987,The RESTRICT Act would allow the U.S. government to “charge you with a felony and $1 million for having a VPN.”,2023-04-11,,tracer,Refuted,"[{""bias"": ""Omission bias"", ""confidence"": 0.3526}]",Refuted,
tracer_train_11137,"""Cannabis may stop coronavirus from infecting people, study finds.""",2020-05-14,,tracer,Refuted,,Misleading,
tracer_train_244,"""Republicans fought to protect tax loopholes for corporations that send our jobs overseas.""",2011-09-07,,tracer,Half-True,,Misleading,
tracer_train_8627,"""Singer Miley Cyrus: ‘Trump fans are destroying my career, I can’t stand them and I decided to move to…’""",2018-03-08,,tracer,Refuted,"[{""bias"": ""hindsight bias"", ""confidence"": 0.3757}]",Refuted,
tracer_train_515,"Says the paperback edition of Mitt Romney's book deleted line that Massachusetts' individual mandate ""should be the model for the country""",2011-12-10,,tracer,Refuted,,Supported,
tracer_train_6496,"For 21 countries in Sub-Saharan Africa, ""we simply do not have data to say anything about trends in poverty.""",2016-06-29,,tracer,Half-True,,Supported,
tracer_train_9585,"Says that ""18 children died while in custody of Border Patrol"" during the Obama administration.",2018-12-26,,tracer,Refuted,,Refuted,
tracer_train_10503,"Says Democrats ""spent $40,000,000 of YOUR tax dollars trying to impeach Trump.""",2019-11-11,,tracer,Refuted,,Refuted,
tracer_train_9758,"Says taxing more services, taxing retirement income and increasing the flat-rate income tax would ""fall disproportionately on the working poor and the middle class.""",2019-02-20,,tracer,Refuted,,Supported,
tracer_train_3854,"""Ninety percent"" of people living in Gaza ""don’t have access even to water.""",2014-07-22,,tracer,Half-True,,Refuted,
tracer_train_5849,"""It has been 80 years since a Supreme Court vacancy was nominated and confirmed in an election year. There is a long tradition that you don't do this in an election year.""",2016-02-14,,tracer,Half-True,,Refuted,
tracer_train_7285,CNN accidentally aired 30 minutes of pornography in Boston on Thanksgiving night.,2016-11-24,,tracer,Refuted,,Supported,
tracer_train_7935,"""Remember, Obamacare created a new category of eligibility. Working-age, able-bodied adults with no dependents for the first time became eligible for Medicaid if their income is below 138 percent of the poverty level. We’re going to continue that eligibility. No one loses coverage.""",2017-06-25,,tracer,Half-True,,Supported,
tracer_train_10152,"""Fifty percent of Republicans are in favor of Medicare for All.""",2019-06-30,,tracer,Refuted,"[{""bias"": ""curse of knowledge"", ""confidence"": 0.3631}]",Refuted,
tracer_train_1112,"Georgia Public Service Commission member Stan Wise ""has received about 95 percent of his campaign money from the utilities he is supposed to be regulating.""",2012-05-18,,tracer,Half-True,,Supported,
tracer_train_10607,"""Elaine Chao BUSTED Sending $97 Million Contract To Help Mitch McConnell Win Reelection.""",2019-12-29,,tracer,Half-True,,Refuted,
tracer_train_10035,"""We beat the NRA with tough, tough gun laws"" in Colorado.",2019-05-19,,tracer,Supported,,Supported,
tracer_train_11934,"There is ""aborted male fetus"" in the Oxford-AstraZeneca ""Covid 19 vaccine.""",2020-11-15,,tracer,Refuted,,Supported,
tracer_test_13490,"The Biden administration is attempting ""to criminalize free speech.""",2022-03-25,,tracer,Refuted,,Refuted,
tracer_train_3304,"Crimea was part of Russia ""until 1954, when it was given to the Soviet Republic of the Ukraine.""",2014-03-02,,tracer,Supported,,Supported,
tracer_train_10714,"""I have also overseen historic funding increases for high-quality child care, enabling 17 states to help more children, many of which have reduced or eliminated their waitlists altogether.""",2020-02-04,,tracer,Half-True,,Supported,
tracer_test_14002,FedNow is a new “monetary system” that’s “going to cost you.”,2023-04-22,,tracer,Refuted,,Refuted,
tracer_train_9979,"""They didn’t even put up a fight against SALT""",2019-04-29,,tracer,Refuted,,Refuted,
tracer_train_7182,"Says Austin Mayor Steve Adler’s transportation plans linked to Proposition 1 on the ballot remove ""27+ miles of traffic lanes around the city,"" replacing ""them with lanes dedicated to usage by bicycles"" and buses.",2016-10-23,,tracer,Refuted,"[{""bias"": ""curse of knowledge"", ""confidence"": 0.3537}]",Refuted,
tracer_train_1403,"Ted Cruz is ""unknown to the vast majority of Texans.""",2012-07-31,,tracer,Refuted,,Refuted,
tracer_train_3438,"""My Treasury team eliminated a 900-case backlog in the Crime Victim Compensation Program.""",2014-04-03,,tracer,Supported,"[{""bias"": ""hindsight bias"", ""confidence"": 0.3187}]",Supported,
tracer_train_9911,"Says Chicago’s reduction in teen smoking over the last eight years is the ""largest drop in the United States of America.""",2019-04-07,,tracer,Refuted,"[{""bias"": ""curse of knowledge"", ""confidence"": 0.3389}]",Refuted,
tracer_train_4948,"""After the 2001 and 2003 Bush tax rate cuts ... there was more money coming into the treasury.""",2015-06-12,,tracer,Refuted,"[{""bias"": ""Just-world hypothesis"", ""confidence"": 0.4797}]",Refuted,
tracer_dev_12976,"COVID-19 vaccines contain ""RNA-modifying transhumanism nanotechnology.""",2021-10-13,,tracer,Refuted,"[{""bias"": ""curse of knowledge"", ""confidence"": 0.7793}]",Refuted,
tracer_train_6013,"""We have ten different tax brackets and if you’re making $9,000, you’re already in the top tax bracket.""",2016-03-17,,tracer,Refuted,,Refuted,
tracer_train_5458,"The debt limit deal ""allows President Obama to borrow unlimited amounts of money.""",2015-10-28,,tracer,Refuted,"[{""bias"": ""curse of knowledge"", ""confidence"": 0.3885}]",Refuted,
tracer_train_7341,"Says ""tens of thousands of children"" were rushed across the southwest border ""because they fear the wall.""",2016-12-12,,tracer,Refuted,"[{""bias"": ""Just-world hypothesis"", ""confidence"": 0.399}]",Refuted,
tracer_train_3017,"Says Vladimir Putin said, ""President Obama and his fellow Democrats are either idiots or deliberately trying to destroy their own economy.""",2013-12-05,,tracer,Refuted,,Refuted,
tracer_train_1812,"Elizabeth Townsend runs the elections office that omitted a school board race on a ballot and gave a School Board candidate ""faulty advice.""",2012-10-17,,tracer,Refuted,,Supported,
tracer_train_7715,"""If Donald Trump would stay home from Mar-a-Lago one weekend, it would pay the entire meals on wheels budget for the state of Missouri for almost two years.""",2017-04-14,,tracer,Refuted,"[{""bias"": ""Planning Fallacy"", ""confidence"": 0.6649}]",Misleading,
tracer_train_8022,"""In light of the leak of my financial disclosure info which is a felony I will be contacting @FBI and the @TheJusticeDept""",2017-07-26,,tracer,Refuted,,Supported,
tracer_train_416,"""By 2015, we will be sending so much interest"" to China that ""we will be paying for the entire People's Liberation Army.""",2011-11-09,,tracer,Refuted,,Refuted,
tracer_train_11234,"The United States has not completed a ""top-to-bottom review of our criminal justice system at the national level since 1965.""",2020-06-11,,tracer,Supported,,Supported,
tracer_train_11588,"""Canada has just criminalized all CV19 measures requiring masks, distancing, quarantining & vaccines.""",2020-09-09,,tracer,Refuted,,Refuted,
tracer_dev_12295,"""Biden is making ‘maternity flight suits’ so pregnant women can fight in the military.""",2021-03-09,,tracer,Refuted,"[{""bias"": ""curse of knowledge"", ""confidence"": 0.7497}]",Refuted,
tracer_train_3198,"""Every four minutes, another American home or business goes solar.""",2014-01-28,,tracer,Supported,,Supported,
tracer_train_2062,"""New Jersey has lost over half of our pharmaceutical jobs to states you know, not low-tax states like in the South, but high-tax states like New York.""",2013-01-28,,tracer,Half-True,"[{""bias"": ""curse of knowledge"", ""confidence"": 0.3513}]",Refuted,
tracer_train_11126,"$100B contact tracing bill ""is about controlling/tracking population, not about coronavirus.""",2020-05-12,,tracer,Refuted,,Refuted,
tracer_train_6636,"""As secretary of state, (Hillary Clinton) worked hard to get strong sanctions against Iran's nuclear program"" and ""got Russia and China to support them.""",2016-07-26,,tracer,Half-True,"[{""bias"": ""curse of knowledge"", ""confidence"": 0.7078}]",Supported,
tracer_train_9095,"Says Leah Vukmir said: ""I’m not endorsing Donald Trump.""",2018-08-01,,tracer,Refuted,"[{""bias"": ""curse of knowledge"", ""confidence"": 0.4505}, {""bias"": ""Essentialism"", ""confidence"": 0.3167}]",Supported,
tracer_test_13625,"""There are 63 million abortions a year in this country.""",2022-05-03,,tracer,Refuted,,Refuted,
tracer_train_11656,"Says he ""fully funded Missouri K-12 education for the first time in state history.""",2020-09-22,,tracer,Refuted,,Supported,
tracer_train_6162,"""Before taking executive action on immigration, President Obama stated 22 times that he does not have the authority to change immigration laws on his own.""",2016-04-18,,tracer,Half-True,,Supported,
tracer_test_13335,"""During the first 3 months of FY2022 Customs& Border Protection recorded 518k encounters w illegal immigrants at S border That’s up 137% from same point in FY2021.""",2022-02-05,,tracer,Half-True,"[{""bias"": ""Availability heuristic"", ""confidence"": 0.4109}]",Supported,
tracer_train_9611,"""This is the largest cumulative surplus for the first six months of any fiscal year in state history.""",2019-01-08,,tracer,Half-True,"[{""bias"": ""Availability heuristic"", ""confidence"": 0.3801}]",Supported,
tracer_train_7314,"Wisconsin has only one county, Dane, ""that's hand counting the votes"" in the 2016 presidential recount.",2016-12-01,,tracer,Refuted,"[{""bias"": ""curse of knowledge"", ""confidence"": 0.3661}]",Refuted,
tracer_train_4621,"U.S. military involvement in Libya ""allowed thousands of surface-to-air missiles to fall into the hands of radical Islamists.""",2015-02-27,,tracer,Refuted,,Supported,
tracer_train_11469,"Says Kamala Harris ""advocated for restoring voting rights for the Boston bomber.""",2020-08-11,,tracer,Refuted,"[{""bias"": ""hindsight bias"", ""confidence"": 0.315}]",Refuted,
tracer_train_4812,"Says the recall elections that aimed to remove him and other Republican officials from office ""cost tens of millions of dollars to run.""",2015-04-27,,tracer,Refuted,,Supported,
tracer_train_10011,"Said Sen. Thom Tillis ""co-sponsored a bill that not only provided amnesty, but provided a clear path to citizenship for illegal immigrants.""",2019-05-08,,tracer,Refuted,,Supported,
tracer_train_1727,"Says Barack Obama ""put in place a board that can tell people ultimately what treatments they're going to receive.""",2012-10-03,,tracer,Refuted,"[{""bias"": ""curse of knowledge"", ""confidence"": 0.6881}]",Refuted,
tracer_train_11043,"During the 1918 flu pandemic, San Francisco residents formed the ""Anti-Mask League."" San Francisco ""was ultimately one of the cities that suffered the most with a high death rate.""",2020-04-22,,tracer,Half-True,"[{""bias"": ""curse of knowledge"", ""confidence"": 0.3948}, {""bias"": ""hindsight bias"", ""confidence"": 0.3659}]",Supported,
tracer_train_6788,"Says Hillary Clinton ""voted to raise taxes on workers earning as little as $41,500.""",2016-08-19,,tracer,Refuted,,,Failed to get valid prediction
tracer_train_6672,"Donald Trump is ""against marriage equality. He wants to go back.""",2016-07-28,,tracer,Supported,"[{""bias"": ""curse of knowledge"", ""confidence"": 0.3727}]",Refuted,
tracer_train_10407,"Says Nancy Pelosi’s ""legislative aide … is from the Ukraine and is connected to the Ukrainian Embassy, the Ukrainian military, the Ukrainian government and Ukrainian party life""",2019-10-01,,tracer,Refuted,,Refuted,
tracer_train_7870,"""At least 7 dead and 48 wounded in terror attack and Mayor of London says there is ‘no reason to be alarmed!’ """,2017-06-04,,tracer,Refuted,,Refuted,
tracer_train_5230,"Bernie Sanders opposes the death penalty, and Hillary Clinton supports it.",2015-08-26,,tracer,Half-True,,Refuted,
tracer_train_11921,"Dominion Voting Systems ""deleted 2.7 million Trump votes nationwide.""",2020-11-12,,tracer,Refuted,"[{""bias"": ""Just-world hypothesis"", ""confidence"": 0.3399}]",Refuted,
tracer_train_8409,"""We essentially repealed Obamacare because we got rid of the individual mandate ... and that was a primary source of funding of Obamacare.""",2017-12-20,,tracer,Refuted,,Misleading,
tracer_train_329,"The stimulus created ""zero jobs.""",2011-10-13,,tracer,Refuted,,Refuted,
tracer_train_1069,"""20 million people could lose their current coverage"" … ""including our senior citizens who are on Medicare.""",2012-05-09,,tracer,Refuted,,Refuted,
tracer_train_11379,"""Two mail in ballots in PA (were) sent to the same person with their names on both a week and a half apart.""",2020-07-19,,tracer,Half-True,,Supported,
tracer_train_8112,"Says former President Barack Obama ""pardoned a traitor who gave U.S. enemies state secrets, he also pardoned a terrorist who killed Americans.""",2017-08-26,,tracer,Refuted,"[{""bias"": ""clustering illusion"", ""confidence"": 0.315}]",Misleading,
tracer_train_7815,Say Lance Armstrong is dead.,2017-05-13,,tracer,Refuted,"[{""bias"": ""Availability heuristic"", ""confidence"": 0.3389}]",Refuted,
tracer_train_8250,"""We're the highest developed nation taxed in the world.""",2017-10-17,,tracer,Refuted,"[{""bias"": ""curse of knowledge"", ""confidence"": 0.3764}]",Refuted,
tracer_train_4636,"Says Gov. Scott Walker’s proposed budget ""would sell off Wisconsin’s state parks.""",2015-03-04,,tracer,Refuted,,Refuted,
tracer_dev_12608,A flag expressing support for police officers violates the U.S. Flag Code.,2021-06-14,,tracer,Refuted,,Refuted,
tracer_train_5272,"""Florida led the nation in job creation"" while Bush was governor.",2015-09-08,,tracer,Half-True,"[{""bias"": ""hindsight bias"", ""confidence"": 0.3469}]",Supported,
tracer_train_5327,"There is not ""one of the Muslim nations"" that doesn't have ""discrimination against women, discrimination against gays, subjugation of other religious beliefs.""",2015-09-22,,tracer,Refuted,,,Failed to get valid prediction
tracer_train_3672,"Brazil built a $300 million stadium in the Amazon rainforest that ""is only going to be used for four World Cup games,"" and there’s no team ""that can fill it afterwards.""",2014-06-08,,tracer,Supported,"[{""bias"": ""Omission bias"", ""confidence"": 0.3397}]",,Failed to get valid prediction
tracer_train_2136,"""In other jurisdictions where (a domestic partnership registry) has been enacted, we have seen that fewer people enter into marriage.""",2013-02-19,,tracer,Refuted,,Refuted,
tracer_train_8270,"""The Travis County propositions will not raise your taxes! If you are 65 or older, your property taxes are frozen.""",2017-10-23,,tracer,Refuted,"[{""bias"": ""Normalcy bias"", ""confidence"": 0.6448}]",Misleading,
tracer_train_1725,"The federal tax code has ""loopholes that are giving incentives for companies that are shipping jobs overseas.""",2012-10-03,,tracer,Supported,,Supported,
tracer_train_4586,"""One third of our age group (Millennials) have moved back in with their parents.""",2015-02-16,,tracer,Half-True,,Supported,
tracer_train_1347,"Stimulus dollars paid for ""windmills from China.""",2012-07-18,,tracer,Refuted,,Refuted,
tracer_dev_12670,"""A farm with 2,500 dairy cattle is similar in waste load to a city of 411,000 people.""",2021-07-08,,tracer,Refuted,"[{""bias"": ""Planning Fallacy"", ""confidence"": 0.4536}, {""bias"": ""Time-saving bias"", ""confidence"": 0.3781}]",Supported,
tracer_train_7023,"""Tens of thousands of fraudulent Clinton votes found in Ohio warehouse.""",2016-09-30,,tracer,Refuted,,Refuted,
tracer_test_14218,“I really don’t know who gave (Dr. Anthony Fauci) the commendation.”,2023-09-14,,tracer,Refuted,"[{""bias"": ""Just-world hypothesis"", ""confidence"": 0.5817}]",Refuted,
tracer_train_2274,Says the U.S. fleet of attack submarines is scheduled to fall below the 48 boats that Navy says it needs to carry out current missions.,2013-04-09,,tracer,Supported,,,Failed to get valid prediction
tracer_train_11166,"Says a new law adopted in Texas means property tax bills ""are no longer really dependent on your values, it is on (local government) revenue growth.""",2020-05-24,,tracer,Refuted,"[{""bias"": ""curse of knowledge"", ""confidence"": 0.4824}]",Misleading,
tracer_dev_12871,"""Florida has had 119 hurricanes since 1850,"" yet experts are saying ""the last one was due to climate change.""",2021-09-08,,tracer,Refuted,"[{""bias"": ""hindsight bias"", ""confidence"": 0.6054}]",Refuted,
tracer_train_3967,"""Every 28 hours"" an unarmed black person is shot by a cop.",2014-08-20,,tracer,Refuted,"[{""bias"": ""Availability heuristic"", ""confidence"": 0.3355}]",Refuted,
tracer_dev_12975,"""Parents who challenge school curriculums are domestic terrorist(s).""",2021-10-13,,tracer,Refuted,,Refuted,
tracer_train_4210,"Under my platform, ""I will make no changes to the current (Medicare) system for current retirees and anyone approaching retirement.""",2014-10-14,,tracer,Refuted,,Supported,
tracer_train_2763,"""Wisconsin ranks No. 2 in economic growth"", according to the Federal Reserve Bank of Philadelphia.",2013-09-24,,tracer,Refuted,"[{""bias"": ""curse of knowledge"", ""confidence"": 0.4467}]",Supported,
tracer_train_2212,"Of every ""three dollars in food stamps for the needy, seven dollars in salaries and pensions (go to) the bureaucrats who are supposed to be taking care of the poor.""",2013-03-16,,tracer,Refuted,,Refuted,
tracer_train_450,"Says ""we got a chance to pass what I think is Oregon's first human trafficking bill which has increased by 66 percent the calls to the human trafficking hotline.""",2011-11-21,,tracer,Refuted,,Supported,
tracer_train_8561,"""So many of these shooters turn out to be communist Democrats.""",2018-02-15,,tracer,Refuted,,Refuted,
tracer_train_3824,"""Latinos now make up the majority population in Texas.""",2014-07-16,,tracer,Refuted,,Refuted,
tracer_train_7701,"""There is no legal basis"" for Donald Trump's ""missile strike against Syrian military assets.""",2017-04-07,,tracer,Refuted,,Refuted,
tracer_train_4769,"""Americans will spend more on taxes in 2015 than on food, clothing and housing combined.""",2015-04-14,,tracer,Half-True,,Supported,
tracer_train_525,"""Chesterfield has eliminated more positions from its general government operations than the Commonwealth has from the entire state government since (fiscal) 2009.""",2011-12-14,,tracer,Supported,,Supported,
tracer_train_7150,"Says the U.S. Attorney’s Office said ""that neither I nor my campaign had any idea what was going on"" regarding my father's illegal campaign contributions. ""And that’s why they closed this case.""",2016-10-18,,tracer,Half-True,"[{""bias"": ""Just-world hypothesis"", ""confidence"": 0.5137}]",Refuted,
tracer_train_3583,"Human activity is not ""causing these dramatic changes to our climate.""",2014-05-11,,tracer,Refuted,,Refuted,
tracer_train_9,"Health insurance companies are ""making record profits, right now.""",2009-07-22,,tracer,Refuted,"[{""bias"": ""Availability heuristic"", ""confidence"": 0.4176}]",Supported,
tracer_train_11700,Says Joe Biden is a socialist.,2020-09-30,,tracer,Refuted,,Refuted,
tracer_train_4245,"""My opponent supported policies that increased tuition by 18 percent.""",2014-10-20,,tracer,Refuted,,Supported,
tracer_train_148,"""It’s just crazy that the government will ... make it illegal to use the old [incandescent] bulbs.""",2011-06-13,,tracer,Refuted,"[{""bias"": ""curse of knowledge"", ""confidence"": 0.3134}]",Refuted,
tracer_train_3334,"""Most young Americans right now, they’re not covered"" by health insurance.",2014-03-11,,tracer,Refuted,"[{""bias"": ""Just-world hypothesis"", ""confidence"": 0.6358}]",Refuted,
tracer_train_6694,"""Nobody covered"" the remarks of Patricia Smith, the mother of a Benghazi victim, ""live, but almost everybody covered Khizr Khan's, Mr. Khan's remarks live.""",2016-08-01,,tracer,Refuted,,Refuted,
tracer_train_7111,"Says Richard Burr ""was one of only three senators who voted against a ban on insider trading for members of Congress. And he called that vote brave.""",2016-10-13,,tracer,Supported,"[{""bias"": ""hindsight bias"", ""confidence"": 0.3952}, {""bias"": ""curse of knowledge"", ""confidence"": 0.3631}]",Supported,
tracer_test_14082,Displaying the progress pride flag between two American flags during a White House pride event was “in breach of US Flag Code.”,2023-06-11,,tracer,Refuted,"[{""bias"": ""curse of knowledge"", ""confidence"": 0.3036}]",Refuted,
tracer_train_540,"""Taxpayers earning $1 million pay an effective tax rate that is about four times what taxpayers earning $100,000 pay.""",2011-12-16,,tracer,Supported,,Refuted,
tracer_dev_12370,Says Republican lawmakers delayed COVID-19 testing,2021-03-28,,tracer,Refuted,,Supported,
tracer_test_13781,"The Civics Secures Democracy Act ""would allow the Biden administration to buy off states with $6 billion"" if they adopt critical race theory.",2022-06-30,,tracer,Refuted,"[{""bias"": ""Pro-Innovation Bias"", ""confidence"": 0.5785}]",Refuted,
tracer_train_8298,"Says Florida ""workers are paid $8.10 an hour, and our current governor (Rick Scott) runs ads bragging about it.""",2017-11-01,,tracer,Refuted,,Supported,
tracer_test_13282,"""British data show the COVID shots are an abysmal failure, as COVID infection rates in the U.K. are higher among the ‘fully vaccinated’ in all adult cohorts.""",2022-01-25,,tracer,Refuted,,,Failed to get valid prediction
tracer_train_6388,"Says Bernie Sanders wants ""to make the cut off date for abortions up to 36 weeks"" because he says ""a baby at that point feels no pain and has no rights to life.""",2016-06-09,,tracer,Refuted,,Refuted,
tracer_train_4890,"""The American murder rate is 50 times that of any other developed nation.""",2015-05-26,,tracer,Refuted,,Refuted,
tracer_train_663,"""Since President Obama took full control of Washington … every single day, more than 1,500 of our jobs have been lost.""",2012-01-24,,tracer,Refuted,,Refuted,
tracer_train_8415,"""Trump: police officers and firefighters make too much money…hits them with tax penalty.""",2017-12-26,,tracer,Refuted,"[{""bias"": ""Just-world hypothesis"", ""confidence"": 0.3969}]",Refuted,
tracer_train_7372,"Obamacare is ""hurting people right now"" with premium increases of up to 116 percent.",2017-01-05,,tracer,Half-True,"[{""bias"": ""Attentional bias"", ""confidence"": 0.3321}]",Misleading,
tracer_train_7814,"It is a myth that Florida's education legislation was ""negotiated in secret.""",2017-05-12,,tracer,Refuted,,Refuted,
tracer_train_5290,"Says Donald Trump ""supports eminent domain"" and the Supreme Court’s Kelo decision.",2015-09-15,,tracer,Supported,,Supported,
tracer_train_7823,"Says Texas tax legislation would ""save the average homeowner in Texas $20,000 a year over the next 20 years or so.""",2017-05-17,,tracer,Refuted,,Refuted,
tracer_test_13127,"Says Joe Biden ""shut down travel from 8 countries in response to the Omicron variant, but he refuses to require a #COVID19 test for illegal immigrants crossing our Southern border.""",2021-11-30,,tracer,Half-True,,Misleading,
tracer_train_8348,"Wisconsin has ""the fastest-shrinking middle class in the country.""",2017-11-19,,tracer,Refuted,,Refuted,
tracer_dev_12141,"Facebook tried to ""shut down"" the campaign to recall California Gov. Gavin Newsom.",2021-01-28,,tracer,Refuted,,Refuted,
tracer_train_7201,"Says Hillary Clinton ""shows up in Broward County"" and had a private meeting with elections supervisor Brenda Snipes.",2016-10-26,,tracer,Refuted,,Refuted,
tracer_train_5718,"Says his much-discussed boots are ""made in Wisconsin.""",2016-01-18,,tracer,Refuted,,Supported,
tracer_train_5945,"""As a legislator, (Marco Rubio) flipped on a key vote after making a quick $200,000 from selling the house to the mother of the bill's lobbyist.""",2016-03-07,,tracer,Refuted,,Refuted,
tracer_test_13610,"""CO2 is not a pollutant.""",2022-04-30,,tracer,Refuted,,Refuted,
tracer_train_11688,"""There's 100 million people that have preexisting conditions.""",2020-09-29,,tracer,Half-True,,Supported,
tracer_train_7716,"""Snapchat CEO Evan Spiegel has said the app is for rich people, don't want to expand in poor countries like India and Spain.""",2017-04-15,,tracer,Refuted,,Refuted,
tracer_test_14102,"Says that under his presidency, the unemployment rate has “been below 4% for the longest stretch in 50 years in American history.”",2023-06-28,,tracer,Half-True,"[{""bias"": ""hindsight bias"", ""confidence"": 0.5247}]",Refuted,
tracer_dev_12725,"""CDC quietly deletes 6,000 COVID vaccine deaths from its CDC website total in one day.""",2021-07-22,,tracer,Refuted,"[{""bias"": ""hindsight bias"", ""confidence"": 0.5637}]",Refuted,
tracer_test_13284,"""Without a shred of clinical data to support its decision, the Biden Administration has revoked the emergency use authorization for lifesaving monoclonal antibody treatments.""",2022-01-25,,tracer,Refuted,,Refuted,
tracer_train_6315,"It ""is Hillary Clinton's agenda"" to ""release the violent criminals from jail. She wants them all released.""",2016-05-20,,tracer,Refuted,"[{""bias"": ""curse of knowledge"", ""confidence"": 0.3005}]",Refuted,
tracer_dev_12519,"""I don't think anybody is questioning the legitimacy of the presidential election.""",2021-05-12,,tracer,Refuted,,Refuted,
tracer_test_13521,"""The proposed (Virginia) House budget cuts hundreds of millions in funding for public education…""",2022-04-04,,tracer,Refuted,"[{""bias"": ""Just-world hypothesis"", ""confidence"": 0.647}]",Supported,
tracer_train_5088,"""Four times, I said, he (John McCain) is a hero, but you know ... people choose selective pieces.""",2015-07-19,,tracer,Refuted,,Supported,
tracer_train_2650,"In 2012, the state ""put together a list of over 100,000 people that they thought were ineligible to vote. Came out there were less than 10.""",2013-08-17,,tracer,Refuted,"[{""bias"": ""hindsight bias"", ""confidence"": 0.7487}]",Supported,
tracer_train_9256,"Says Gov. Andrew Cuomo is ""stealing money from the MTA and sending it upstate for projects that have nothing to do with transit.""",2018-09-14,,tracer,Refuted,,Refuted,
tracer_train_7093,"Says ""I’ve been proven right"" about ""Hillary Clinton's radical call for open borders, meaning anyone in the world can enter the United States without any limit at all.""",2016-10-10,,tracer,Refuted,"[{""bias"": ""Pro-Innovation Bias"", ""confidence"": 0.4893}]",Refuted,
tracer_train_7634,"""(Charter schools in Missouri) are actually failing in a greater capacity than the public school systems.""",2017-03-20,,tracer,Refuted,,Refuted,
tracer_train_9390,"""Ted Cruz had a net worth of $500K when he entered the Senate in 2012. Now he’s worth $4.6 million. Pretty impressive for a guy with a $174K salary.""",2018-10-13,,tracer,Refuted,,Misleading,
tracer_train_6858,"Says ""Patrick Murphy was named one of America's least effective congressmen.""",2016-09-01,,tracer,Refuted,"[{""bias"": ""hindsight bias"", ""confidence"": 0.3633}]",Supported,
tracer_train_6063,"""Senate Bill 1070, simply, just mirrors federal law.""",2016-03-28,,tracer,Refuted,"[{""bias"": ""curse of knowledge"", ""confidence"": 0.6909}]",Misleading,
tracer_test_13680,"""In Iran, if a 12-year-old girl is raped and impregnated by her father, she must carry the baby to term, or be thrown in prison for life. Wait, sorry, no, That's Alabama.""",2022-05-18,,tracer,Refuted,"[{""bias"": ""Omission bias"", ""confidence"": 0.8492}]",Misleading,
tracer_train_692,"""This year President Obama canceled the 21st annual National Day of Prayer ceremony at the White House under the ruse of ‘not wanting to offend anyone.' BUT … on September 25, 2009 from 4 AM until 7 PM, a National Day of Prayer FOR THE MUSLIM RELIGION was HELD on Capitol Hill, Beside the White House.""",2012-01-30,,tracer,Refuted,"[{""bias"": ""hindsight bias"", ""confidence"": 0.569}]",Refuted,
tracer_dev_12396,"""Kids at the border: 2,600 highest number Trump, 12,000 currently under Biden.""",2021-04-05,,tracer,Half-True,,Supported,
tracer_train_7664,"""We have 5 percent of world population. 80 percent of opioids.""",2017-03-28,,tracer,Refuted,,Supported,
tracer_train_10349,"China has ""had now the worst year in 57 years.""",2019-09-09,,tracer,Refuted,"[{""bias"": ""curse of knowledge"", ""confidence"": 0.393}]",Refuted,
tracer_test_13437,"""While Ukrainians bled and died, Congressman Budd excused their killer.""",2022-03-08,,tracer,Refuted,,Refuted,
tracer_train_1821,"Says Bill Nelson voted ""98 percent of the time"" with Barack Obama.",2012-10-17,,tracer,Half-True,,Supported,
tracer_train_11095,"""For the World Health Organization, the international entity whose sole responsibility it is to alert the world of global pandemics like this, to miss this, is a huge problem.""",2020-05-05,,tracer,Refuted,"[{""bias"": ""Omission bias"", ""confidence"": 0.3404}]",Supported,
tracer_train_6577,"Says Hillary Clinton is proposing ""destroying Medicare for seniors.""",2016-07-19,,tracer,Refuted,,Refuted,
tracer_train_2994,"""Of the four statewide races this century within a 300-vote margin, three have been overturned in a recount.""",2013-11-27,,tracer,Supported,"[{""bias"": ""hindsight bias"", ""confidence"": 0.4425}]",Supported,
tracer_dev_12841,"The U.S. left the Taliban an ""arsenal"" in Afghanistan, including 358,530 assault rifles and 22,174 Humvees.",2021-08-29,,tracer,Refuted,"[{""bias"": ""Outcome bias"", ""confidence"": 0.5053}]",Supported,
tracer_train_11792,"""15 days left to vote BUT if you are voting by mail, you need to vote TODAY. USPS says it needs a 14 day roundtrip to be counted on election day.""",2020-10-19,,tracer,Half-True,,Supported,
tracer_train_7910,"""The new Rasmussen Poll, one of the most accurate in the 2016 Election, just out with a Trump 50% Approval Rating. That's higher than O's #'s!""",2017-06-18,,tracer,Refuted,"[{""bias"": ""Availability heuristic"", ""confidence"": 0.3803}]",Misleading,
tracer_train_5626,"Says Marco Rubio ""is the one for an open border.""",2015-12-15,,tracer,Refuted,"[{""bias"": ""curse of knowledge"", ""confidence"": 0.6011}]",Refuted,
tracer_train_10819,"The Obama administration ""didn't do anything about"" swine flu.",2020-03-04,,tracer,Refuted,"[{""bias"": ""Just-world hypothesis"", ""confidence"": 0.4866}]",Refuted,
tracer_train_6039,"Says it’s ""absurd"" to say there’s enough data to establish a link between playing football and Chronic Traumatic Encephalopathy.",2016-03-22,,tracer,Refuted,"[{""bias"": ""Attentional bias"", ""confidence"": 0.5091}]",Refuted,
tracer_train_11161,"""You weren't allowed to own a cannon during the Revolutionary War as an individual.""",2020-05-21,,tracer,Refuted,,Supported,
tracer_train_10212,"Says a photo showing thousands on a ship next to a crowded dock are ""Europeans trying to get to North Africa during World War II.""",2019-07-24,,tracer,Refuted,"[{""bias"": ""curse of knowledge"", ""confidence"": 0.3704}]",Refuted,
tracer_train_9105,"""California wildfires are being magnified & made so much worse by the bad environmental laws which aren’t allowing massive amount of readily available water to be properly utilized. It is being diverted into the Pacific Ocean.""",2018-08-05,,tracer,Refuted,,Refuted,
tracer_train_10916,Says to leave objects in the sun to avoid contracting the coronavirus.,2020-03-25,,tracer,Refuted,,Refuted,
tracer_test_13026,"""There is no such thing as a booster. There is a failed product that is sometimes used again in hopes of a different outcome.""",2021-10-27,,tracer,Refuted,,Refuted,
tracer_train_3213,"Says President Barack Obama has issued upwards of 1,000 executive orders, more than any modern president.",2014-02-02,,tracer,Refuted,,Refuted,
tracer_train_5830,"Quotes Mark Cuban as saying, ""I worry that millions of millennials are voting Democrat this year because they fact-check everything.""",2016-02-10,,tracer,Refuted,"[{""bias"": ""Essentialism"", ""confidence"": 0.5661}]",Refuted,
tracer_train_3971,"""If black America were a country, it’d be the 15th wealthiest nation in the world.""",2014-08-20,,tracer,Refuted,,Supported,
tracer_train_4652,"Says ""Ted Kennedy sent a letter to then Soviet leader Yuri Andropov apologizing for Ronald Reagan and begging the Soviets not to overreact.""",2015-03-10,,tracer,Refuted,"[{""bias"": ""curse of knowledge"", ""confidence"": 0.7215}]",Refuted,
tracer_train_10189,"""There are, literally, two pharmaceutical lobbyists for every member of Congress.""",2019-07-15,,tracer,Half-True,"[{""bias"": ""curse of knowledge"", ""confidence"": 0.3519}]",Supported,
tracer_train_10919,"Says Jill Karofsky as a prosecutor ""went easy on"" a Madison man in a 1999 sexual assault case",2020-03-26,,tracer,Refuted,"[{""bias"": ""Just-world hypothesis"", ""confidence"": 0.5327}]",Refuted,
tracer_train_11916,"Says there were ""600,000 plus unlawful votes in Philly and Pitt.""",2020-11-11,,tracer,Refuted,"[{""bias"": ""hindsight bias"", ""confidence"": 0.6309}]",Refuted,
tracer_train_6878,"Says ""Hillary Clinton set aside environmental and labor rules to help a South Korean company with a record of violating workers’ rights set up what amounts to a sweatshop in Haiti.""",2016-09-06,,tracer,Refuted,,Supported,
tracer_train_1912,"""In 2011, our state-run lottery funded New Jersey classrooms by over $930 million.""",2012-11-13,,tracer,Half-True,"[{""bias"": ""hindsight bias"", ""confidence"": 0.6237}]",Supported,
tracer_train_6093,"In every ethics case that has resulted in a formal sanction, ""there's been an investigative subcommittee that's been established first.""",2016-04-05,,tracer,Half-True,"[{""bias"": ""clustering illusion"", ""confidence"": 0.7265}]",Supported,
tracer_train_3567,"The Obama administration spent ""$205,075 in ‘stimulus’ funds to relocate a shrub that sells for $16.""",2014-05-06,,tracer,Refuted,,Refuted,
tracer_test_14058,“Ron DeSantis voted against the wall.”,2023-05-24,,tracer,Refuted,,Refuted,
tracer_train_3823,"Says Rick Scott’s per-pupil education spending is ""about $200 less"" than what it was under Charlie Crist during the recession.",2014-07-16,,tracer,Half-True,,Supported,
tracer_test_13787,“Every pro-life Governor up for election in November won – by a large margin.”,2023-01-01,,tracer,Half-True,"[{""bias"": ""Availability heuristic"", ""confidence"": 0.5474}]",Refuted,
tracer_train_8680,"NC Republicans ""raided $58 million that was supposed to help create jobs for North Carolinians.""",2018-03-27,,tracer,Half-True,,Supported,
tracer_train_10341,"Kirk ""Cox joined special interests to deny teachers raises.""",2019-09-05,,tracer,Refuted,,Refuted,
tracer_train_11762,Says Nancy Pelosi was photographed with the Manson Family.,2020-10-13,,tracer,Refuted,,Refuted,
tracer_train_9073,"""One out of every 30 people in the Greater Boston area is an illegal alien.""",2018-07-26,,tracer,Supported,,Refuted,
tracer_train_9381,"""Our unemployment rate is 20 percent higher than the national average.""",2018-10-11,,tracer,Refuted,,Refuted,
tracer_train_6910,"""The head of the IRS ordered 24,000 emails erased before Congress could review them, making sure the American people will never know the real truth.""",2016-09-12,,tracer,Refuted,,Refuted,
tracer_train_7818,"A national paid leave program ""would potentially put into the economy $21 billion dollars annually.""",2017-05-16,,tracer,Refuted,"[{""bias"": ""Exaggerated expectation bias"", ""confidence"": 0.3158}]",Misleading,
tracer_train_11486,"Amid COVID-19, 25 of the 26 Republican governors ""have decided to play football,"" but ""three-fourths"" of the 24 Democratic governors ""have decided not to play already and most will probably not play.""",2020-08-17,,tracer,Refuted,,Refuted,
tracer_dev_12709,"The government is ""monitoring SMS texts for dangerous misinformation about COVID vaccines.""",2021-07-20,,tracer,Refuted,,Supported,
tracer_train_8852,"""It’s against the law in Texas to let any loaded gun get in the hands of a child.""",2018-05-20,,tracer,Supported,,Supported,
tracer_train_8177,"The Graham-Cassidy health care bill does ""include coverage of pre-existing conditions.""",2017-09-21,,tracer,Refuted,"[{""bias"": ""Whole only effect"", ""confidence"": 0.4952}]",Misleading,
tracer_train_5566,"Says ""Barack Obama is apparently not for vetting people and saying just anybody can come"" to the United States.",2015-11-20,,tracer,Refuted,,Refuted,
tracer_train_11089,"Regarding the risks of coronavirus transmission on an airplane, ""It’s as safe as an environment as you’re going to find.""",2020-05-03,,tracer,Refuted,"[{""bias"": ""curse of knowledge"", ""confidence"": 0.3166}]",Misleading,
tracer_train_484,"""Our tax code is . . . 80,000 pages.""",2011-12-04,,tracer,Refuted,"[{""bias"": ""curse of knowledge"", ""confidence"": 0.5623}]",Refuted,
tracer_train_4984,"Wisconsin ""was literally broke"" when Republicans took office in January 2011.",2015-06-18,,tracer,Refuted,,Refuted,
tracer_test_13188,"President Joe Biden ""never had a"" COVID-19 ""plan.""",2021-12-29,,tracer,Refuted,,Refuted,
tracer_train_1928,"Public employees receive ""something like 25 percent of the paychecks that are issued in Rhode Island.""",2012-11-25,,tracer,Refuted,,Refuted,
tracer_train_5004,"""Under the Affordable Care Act, anyone on Medicare who is admitted to a hospital for observation will be responsible for the bill. Medicare won't pay a cent.""",2015-06-24,,tracer,Refuted,"[{""bias"": ""Omission bias"", ""confidence"": 0.5909}]",Misleading,
tracer_train_9804,"""Tax revenue went up, actually, $14 billion last year after the tax cut actually occurred. We had greater revenue.""",2019-03-06,,tracer,Refuted,"[{""bias"": ""hindsight bias"", ""confidence"": 0.4743}]",Refuted,
tracer_dev_12925,"A funeral home used a truck to advertise the message ""Don't get vaccinated.""",2021-09-27,,tracer,Refuted,"[{""bias"": ""curse of knowledge"", ""confidence"": 0.8985}]",Supported,
tracer_train_80,"""Across the board, violent crime in jurisdictions that recognize the Right to Carry is lower than in areas that prevent it.""",2011-02-10,,tracer,Refuted,,Misleading,
tracer_train_4419,"In the U.S. agreement with the Cuban government, ""no commitment was made to allowing the establishment of political parties or to even begin the semblance of a transition to a democracy.""",2014-12-17,,tracer,Half-True,"[{""bias"": ""curse of knowledge"", ""confidence"": 0.3603}]",Supported,
tracer_train_613,"Gov. McDonnell's proposed budget ""is cutting"" public education.",2012-01-11,,tracer,Refuted,,Refuted,
tracer_train_9481,"Says ""85 percent (of immigrants) don’t show up for a scheduled court hearing or call to schedule a court hearing.""",2018-11-02,,tracer,Refuted,,Refuted,
tracer_train_2261,"Wisconsin education agency ""urged white students to wear white wristbands ‘as a reminder about your (white) privilege.’ """,2013-04-03,,tracer,Refuted,"[{""bias"": ""curse of knowledge"", ""confidence"": 0.8477}]",Supported,
tracer_dev_12098,A $15-per-hour minimum wage would raise the price of a Taco Bell burrito to $38.,2021-01-16,,tracer,Refuted,"[{""bias"": ""Planning Fallacy"", ""confidence"": 0.7224}]",Refuted,
tracer_train_9051,"""James Clapper Flips On Live TV, Admits Obama Behind Entire Russia Witch Hunt! (Video)""",2018-07-20,,tracer,Refuted,,Refuted,
tracer_train_4839,"""Hate speech is excluded from protection"" under the First Amendment.",2015-05-06,,tracer,Refuted,,Supported,
tracer_train_2248,"A proposed bill in the Florida Legislature ""would authorize the public hoarding of cats by feral cat activists.""",2013-03-29,,tracer,Half-True,"[{""bias"": ""curse of knowledge"", ""confidence"": 0.5736}]",Refuted,
tracer_test_13933,Video shows that certain drinks can “test positive” for COVID-19 when using at-home COVID-19 tests.,2023-03-02,,tracer,Refuted,"[{""bias"": ""Bias blind spot"", ""confidence"": 0.541}]",Supported,
tracer_test_13459,"Comparing the price of oil and gas in June 2008 to March 2022 shows that oil companies are ""price gouging.""",2022-03-14,,tracer,Refuted,,Misleading,
tracer_train_5565,The number of people in Atlanta dying from HIV and AIDS declined 59 percent between 2004 and 2012.,2015-11-20,,tracer,Supported,"[{""bias"": ""Availability heuristic"", ""confidence"": 0.3094}]",Supported,
tracer_train_9559,"Says ""Cost of Mueller’s investigation: $3,200,000; Benghazi ""investigation"": $7,000,000; Trump’s golfing trips: $83,000,000; New debt from Republican tax bill: $1,500,000,000,000.""",2018-12-09,,tracer,Half-True,"[{""bias"": ""framing effect"", ""confidence"": 0.4067}]",Supported,
tracer_test_13695,"""Most of these killers tend to be 18, 19 years old.""",2022-05-24,,tracer,Half-True,"[{""bias"": ""curse of knowledge"", ""confidence"": 0.4083}]",Refuted,
tracer_train_4971,"""When was the last time you saw a Chevrolet in Japan? It doesn’t exist, folks.""",2015-06-16,,tracer,Refuted,"[{""bias"": ""Availability heuristic"", ""confidence"": 0.3308}]",Refuted,
tracer_train_10867,"Because the Federal Reserve recently cut interest rates to near 0%, ""the Fed will be of little consequence now. They’ve already used what leverage they have.""",2020-03-15,,tracer,Refuted,"[{""bias"": ""Just-world hypothesis"", ""confidence"": 0.3488}]",Refuted,
tracer_train_10395,"""Europe and other nations (need to) contribute to Ukraine. Because they’re not doing it. Just the United States. We’re putting up the bulk of the money.""",2019-09-24,,tracer,Refuted,,Refuted,
tracer_train_11907,"Says ""132,000 ballots in Fulton County, Ga., have been identified as likely ineligible,"" and President Trump might win Georgia as a result.",2020-11-08,,tracer,Refuted,,Refuted,
tracer_test_13017,"Children who receive COVID-19 vaccinations ""will be walking factories of spike proteins"" that will ""undoubtedly cause illnesses to spread like wildfire in schools.""",2021-10-25,,tracer,Refuted,"[{""bias"": ""Exaggerated expectation bias"", ""confidence"": 0.3316}]",Refuted,
tracer_test_13745,"The Jan. 6, 2021, attack on the U.S. Capitol ""was a dust-up.""",2022-06-08,,tracer,Refuted,"[{""bias"": ""hindsight bias"", ""confidence"": 0.6803}]",,Failed to get valid prediction
tracer_train_11928,"Says Raphael Warnock ""ran over his wife"" and was ""arrested for obstructing an investigation into child abuse.""",2020-11-13,,tracer,Refuted,"[{""bias"": ""Just-world hypothesis"", ""confidence"": 0.7231}]",Refuted,
tracer_train_2746,"""A strong bipartisan majority"" in the House of Representatives ""voted to defund Obamacare.""",2013-09-20,,tracer,Refuted,"[{""bias"": ""curse of knowledge"", ""confidence"": 0.3536}]",Refuted,
tracer_dev_12395,"The proposal by President Joe Biden would put the U.S. ""No. 2 in the world"" for the highest corporate tax rate.",2021-04-04,,tracer,Half-True,"[{""bias"": ""Pro-Innovation Bias"", ""confidence"": 0.8564}]",Refuted,
tracer_dev_12552,"Lumber, gas, wheat, coal and corn cost more in April 2021 ""in Joe Biden's America"" than they did a year earlier.",2021-05-22,,tracer,Half-True,"[{""bias"": ""Availability heuristic"", ""confidence"": 0.4881}]",Supported,
tracer_train_6675,"After the shootings of Dallas policemen, ""nearly 500 people applied in just 12 days.""",2016-07-28,,tracer,Supported,"[{""bias"": ""hindsight bias"", ""confidence"": 0.3081}]",Supported,
tracer_train_4880,"""500 percent more traffic here?""",2015-05-19,,tracer,Half-True,,Refuted,
tracer_train_6110,"""Rhode Island: 3% bigger at low tide.""",2016-04-06,,tracer,Refuted,,Supported,
tracer_train_2392,"""The IRS will have the ability potentially"" to deny or delay health care.",2013-05-15,,tracer,Refuted,"[{""bias"": ""Omission bias"", ""confidence"": 0.6545}]",Misleading,
tracer_dev_12130,"Says Joe Biden has ""allowed males to compete in girls’ sports.""",2021-01-25,,tracer,Refuted,"[{""bias"": ""curse of knowledge"", ""confidence"": 0.3901}]",Refuted,
tracer_train_7792,"""We have got 20 million folks out there across this land who have told the federal government, ‘Phooey, nonsense, I’m not going to participate in your program, because it doesn’t do what I need done.’ """,2017-05-07,,tracer,Refuted,,Refuted,
tracer_train_8033,"""A witness will testify against Hillary Clinton.""",2017-07-30,,tracer,Refuted,,Refuted,
tracer_train_8102,"Says Marco Rubio took ""three quarters of a million dollars from fossil fuel executives"" during the 2016 Senate election.",2017-08-22,,tracer,Half-True,,Supported,
tracer_train_8158,"North Carolina has ""the strictest anti-gerrymandering standards in the entire country.""",2017-09-15,,tracer,Refuted,"[{""bias"": ""curse of knowledge"", ""confidence"": 0.6448}]",Refuted,
tracer_train_2684,"Says potential Democratic opponent Mary Burke ""implemented the policies of Jim Doyle. Those are the policies that, in his last term, saw the state lose more than 133,000 jobs.""",2013-08-30,,tracer,Refuted,,Misleading,
tracer_train_4958,"Greg Abbott ""activated the state guard to monitor"" Jade Helm 15 ""in case the troops try to impose martial law, disarm innocent Texans, and detain them in tunnels beneath closed Walmart stores.""",2015-06-14,,tracer,Half-True,"[{""bias"": ""Omission bias"", ""confidence"": 0.5853}]",Refuted,
tracer_train_9672,"""In 2017, illegal aliens murdered 1,800 Americans.""",2019-01-29,,tracer,Refuted,"[{""bias"": ""Just-world hypothesis"", ""confidence"": 0.4313}]",Refuted,
tracer_train_6648,"Barack Obama ""ended up getting re-elected by the largest gender gap in the history of American elections.""",2016-07-26,,tracer,Half-True,"[{""bias"": ""hindsight bias"", ""confidence"": 0.3199}]",Supported,
tracer_train_9430,"Under the Republican tax reform law, ""83 percent of the benefits go to the top 1 percent of individuals and large multinational corporations.""",2018-10-22,,tracer,Half-True,"[{""bias"": ""curse of knowledge"", ""confidence"": 0.4247}]",Supported,
tracer_train_10345,"Says that Olive Garden is ""funding"" President Trump's 2020 re-election campaign.",2019-09-07,,tracer,Refuted,,Refuted,
tracer_dev_12820,"Al-Qaida is ""gone"" from Afghanistan.",2021-08-20,,tracer,Refuted,,Refuted,
tracer_test_13911,"""The laws governing Agenda 2030 land development allows the government to seize polluted lands and move their residents to … smart cities.”",2023-02-20,,tracer,Refuted,"[{""bias"": ""curse of knowledge"", ""confidence"": 0.4214}]",Misleading,
tracer_train_161,"""Dubious taxpayer-funded stimulus projects in Rhode Island include … $250,000 to provide digital television to the state’s inmate population.""",2011-06-29,,tracer,Refuted,,Supported,
tracer_dev_12438,"Two photos show climate change ""is a hoax.""",2021-04-18,,tracer,Refuted,,Refuted,
tracer_train_7031,"Says Donald Trump ""hasn’t broken his promise"" to release his tax returns.",2016-10-04,,tracer,Refuted,"[{""bias"": ""Just-world hypothesis"", ""confidence"": 0.5278}]",Refuted,
tracer_train_2587,"""The fact is that red light cameras change driver behavior and cut down on the most dangerous types of accidents.""",2013-07-28,,tracer,Half-True,,Supported,
tracer_train_476,"For ""the average middle-class family, your taxes today are lower than when I took office.""",2011-11-30,,tracer,Supported,,Supported,
tracer_dev_12261,"""While he was president, President Trump never encouraged Americans to get vaccinated.""",2021-03-01,,tracer,Refuted,,Refuted,
tracer_dev_12259,"""The fastest-growing population in the United States is Hispanic.""",2021-03-01,,tracer,Refuted,,Supported,
tracer_train_11535,"Says Jacob Blake ""declared he had a gun in the car and was going to go get it"" and was ""brandishing"" a knife",2020-08-26,,tracer,Refuted,,Refuted,
tracer_train_6347,"Says Nevada lawmakers voted to allow teenaged boys to ""shower with your teenaged girls in public school locker rooms.""",2016-05-31,,tracer,Refuted,"[{""bias"": ""curse of knowledge"", ""confidence"": 0.5925}]",Refuted,
tracer_test_13736,"Ukraine adopted ""laws banning the Russian language.""",2022-06-06,,tracer,Refuted,"[{""bias"": ""curse of knowledge"", ""confidence"": 0.3808}]",Refuted,
tracer_test_13754,"When Joe Biden ""walked into this administration … 20 million people were on unemployment insurance benefits.""",2022-06-13,,tracer,Refuted,"[{""bias"": ""hindsight bias"", ""confidence"": 0.6405}]",Supported,
tracer_train_3888,"""What (the Obama administration is) going to come out with in the next several months is you're not even going to be able to burn coal very limitedly in the existing plants.""",2014-07-29,,tracer,Refuted,,Supported,
tracer_train_11745,Says Joe Biden took a knee during the national anthem.,2020-10-10,,tracer,Refuted,"[{""bias"": ""Just-world hypothesis"", ""confidence"": 0.3298}]",Refuted,
tracer_train_5015,"Muslims ""attempted to establish the first Islamic Sharia court inside the United States in the town of Irving, Texas.""",2015-06-29,,tracer,Refuted,"[{""bias"": ""curse of knowledge"", ""confidence"": 0.7215}]",Refuted,
tracer_train_7692,"Says Al Jazeera, ""a mouthpiece for terrorists, has been paying Jon Ossoff thousands of dollars. ... What is he hiding?""",2017-04-05,,tracer,Refuted,,Refuted,
tracer_train_1438,Says Mitt Romney and Bain Capital are to blame in a woman’s premature death when they closed the plant where her husband worked.,2012-08-07,,tracer,Refuted,"[{""bias"": ""Just-world hypothesis"", ""confidence"": 0.9064}]",Misleading,
tracer_test_13495,"""Over the course of two months, Tony Evers refused to remove (Curtis Schmitt Jr.) from the (state’s veterans) Board despite having the authority to do (so).""",2022-03-28,,tracer,Refuted,"[{""bias"": ""Just-world hypothesis"", ""confidence"": 0.8327}]",Supported,
tracer_dev_12505,"Says North Carolina bill ""would allow politically active 501(c)(4) organizations to hide major donors while using their money to support or oppose candidates and political issues.""",2021-05-06,,tracer,Refuted,,Supported,
tracer_train_5525,"""In a period of roughly 72 hours, a small group of angry black students managed to force the resignation of the two highest ranking officials at that school.""",2015-11-11,,tracer,Half-True,,Supported,
tracer_train_5246,"The University of Wisconsin System  ""is larger than any business in the state of Wisconsin.""",2015-08-31,,tracer,Half-True,"[{""bias"": ""curse of knowledge"", ""confidence"": 0.6156}]",Refuted,
tracer_train_11174,"""Twitter is completely stifling FREE SPEECH"" by adding a fact-check label to Trump’s tweet.",2020-05-26,,tracer,Refuted,,Misleading,
tracer_test_13106,"Low gas prices in Russia, Kuwait and Saudi Arabia show that Joe Biden’s decision to cancel the Keystone Pipeline project is to blame for U.S. prices.",2021-11-19,,tracer,Refuted,,Refuted,
tracer_test_14233,"When I took office, “the auto industry was on its knees gasping its last breath.” Trump administration “tariffs and taxes saved the American auto industry from extinction.""",2023-09-27,,tracer,Refuted,"[{""bias"": ""hindsight bias"", ""confidence"": 0.4803}]",Refuted,
tracer_dev_12070,"Said Rep. Alexandria Ocasio-Cortez and her allies ""blocked a resolution condemning anti-Semitism — which I passed unanimously in the Senate.""",2021-01-09,,tracer,Refuted,,Refuted,
tracer_train_10039,"Says a photo of a park covered in trash was left behind by ""environmentalists"" after an Earth Day celebration in California.",2019-05-20,,tracer,Refuted,,Refuted,
tracer_train_8090,"Public schools, colleges and state-funded day care centers ""will be made into sanctuaries by Bruce Rauner signing SB 31.""",2017-08-19,,tracer,Refuted,"[{""bias"": ""curse of knowledge"", ""confidence"": 0.6691}]",Supported,
tracer_train_8652,"""Florida passes bill legalizing recreational use of marijuana.""",2018-03-17,,tracer,Refuted,,Refuted,
tracer_train_9594,"""Mexico is paying for the Wall through the new USMCA Trade Deal.""",2019-01-02,,tracer,Refuted,,Refuted,
tracer_train_1995,"""The amount of money that we put into running our own state legislature is nearly as much as we put into the University of Rhode Island.""",2013-01-03,,tracer,Refuted,,,Failed to get valid prediction
tracer_train_3719,"""As Alaska’s attorney general, (U.S. Senate candidate Dan) Sullivan successfully fought to protect our Second Amendment rights and passed ‘stand your ground.’ """,2014-06-20,,tracer,Refuted,,Supported,
tracer_train_11406,"Says wearing masks has been ""proven ineffective.""",2020-07-24,,tracer,Refuted,,Refuted,
tracer_train_869,"Says when Rhode Island Lottery was proposed, ""state residents were enticed to vote for it with the promise that the money would be used for education.""",2012-03-14,,tracer,Refuted,"[{""bias"": ""hindsight bias"", ""confidence"": 0.5863}]",Supported,
tracer_train_1855,"Says ""Tammy Baldwin had the opportunity to vote to honor the victims of 9/11 and she voted against it.""",2012-10-23,,tracer,Refuted,,Refuted,
tracer_train_2001,Says a federal plan to expand Medicaid would cost Florida taxpayers $26 billion over 10 years.,2013-01-07,,tracer,Refuted,"[{""bias"": ""Attentional bias"", ""confidence"": 0.4843}]",Refuted,
tracer_dev_12628,"""California has a personal belief exemption to any new vaccine added to the schedule after June 2015 for public and private daycare, preschool and K-12.""",2021-06-21,,tracer,Refuted,"[{""bias"": ""curse of knowledge"", ""confidence"": 0.3995}]",Supported,
tracer_train_10261,"Law-abiding gun owners stop crimes ""2.5 million times a year,"" according to the federal Centers for Disease Control.",2019-08-10,,tracer,Refuted,"[{""bias"": ""curse of knowledge"", ""confidence"": 0.3581}, {""bias"": ""clustering illusion"", ""confidence"": 0.3113}]",Refuted,
tracer_train_9722,"Says that at Beto O’Rourke’s rally in El Paso, there were ""200 people, 300 people.""",2019-02-11,,tracer,Refuted,"[{""bias"": ""hindsight bias"", ""confidence"": 0.7209}]",Refuted,
tracer_train_5952,"""We understand that this heroin is primarily coming from Mexico, over the border.""",2016-03-08,,tracer,Supported,"[{""bias"": ""curse of knowledge"", ""confidence"": 0.3202}]",Supported,
tracer_train_9819,"Says Beto O'Rourke's ""father-in-law, a billionaire real estate developer who bankrolled a Super PAC to buy Beto a congressional seat…""",2019-03-10,,tracer,Refuted,"[{""bias"": ""clustering illusion"", ""confidence"": 0.4}]",Refuted,
tracer_dev_12609,Says the U.S. government caused the coronavirus pandemic because it sent mRNA coronavirus vaccine candidates to university researchers weeks before the COVID-19 outbreak.,2021-06-14,,tracer,Refuted,"[{""bias"": ""Just-world hypothesis"", ""confidence"": 0.8401}]",,Failed to get valid prediction
tracer_train_4969,"Currently, almost 40 percent of people with HIV are not diagnosed until they already have developed AIDS. And that can be up to 10 years after they first are infected with HIV.",2015-06-16,,tracer,Half-True,,Supported,
tracer_train_10934,"""We inherited a broken test"" for COVID-19.",2020-03-30,,tracer,Refuted,,Refuted,
tracer_train_11808,"""They have 180 million people, families under what he wants to do, which will basically be socialized medicine — you won’t even have a choice — they want to terminate 180 million plans.""",2020-10-22,,tracer,Refuted,"[{""bias"": ""Omission bias"", ""confidence"": 0.3003}]",Refuted,
tracer_train_347,"With recent growth ""it is very clear that private-sector jobs have been doing fine.""",2011-10-19,,tracer,Refuted,"[{""bias"": ""Availability heuristic"", ""confidence"": 0.7178}]",Refuted,
tracer_train_2913,"One of the ""main functions"" of the Department of Homeland Security’s SAVE database is ""checking voter registration citizenship status.""",2013-11-04,,tracer,Refuted,"[{""bias"": ""clustering illusion"", ""confidence"": 0.4202}, {""bias"": ""curse of knowledge"", ""confidence"": 0.3033}]",Refuted,
tracer_train_11511,"""QAnon violence! There is none.""",2020-08-20,,tracer,Refuted,"[{""bias"": ""Availability heuristic"", ""confidence"": 0.3874}]",Refuted,
tracer_train_5167,"""You’re more likely to get struck by lightning in Texas"" than find in-person voter fraud.",2015-08-09,,tracer,Supported,,Supported,
tracer_train_1843,"""The sequester is not something that I've proposed. It is something that Congress has proposed.""",2012-10-22,,tracer,Refuted,,Refuted,
tracer_train_8181,"Says a proposed $1.05 billion Austin school district bond proposition ""will require no tax rate increase.""",2017-09-24,,tracer,Half-True,,Supported,
tracer_train_10003,"""Texas actually leads in the number of (Confederate) monuments removed.""",2019-05-07,,tracer,Supported,"[{""bias"": ""curse of knowledge"", ""confidence"": 0.3041}]",Supported,
tracer_train_4738,"Says President Ronald Reagan ""had a month of job creation of 1 million.""",2015-04-05,,tracer,Refuted,"[{""bias"": ""hindsight bias"", ""confidence"": 0.6932}]",Supported,
tracer_train_4865,"As a senator, Hillary Clinton ""actually paid female staffers a lot less than men.""",2015-05-14,,tracer,Refuted,"[{""bias"": ""curse of knowledge"", ""confidence"": 0.3865}]",Misleading,
tracer_train_5579,"""Technically, (Ted Cruz is) not even an American.""",2015-11-25,,tracer,Refuted,,Refuted,
tracer_train_1510,"Wealthy taxpayers, not middle-income earners, get ""most of the deductions"" in the tax code.",2012-08-27,,tracer,Half-True,,Supported,
tracer_train_26,I've shut down pill mills.,2010-04-28,,tracer,Refuted,,Supported,
tracer_train_3826,"Del. Ben Chafin ""took money away"" from Southwest Virginia schools while voting to build a ""politician's palace.""",2014-07-16,,tracer,Refuted,,Misleading,
tracer_test_13505,"""The price of insulin increases as waistlines increase.""",2022-03-31,,tracer,Refuted,,Misleading,
tracer_train_5217,"""There are actually only 30 countries that practice birthright citizenship.""",2015-08-23,,tracer,Supported,,Supported,
tracer_train_11264,"Gov. Gavin Newsom ""has no legal authority"" to make wearing face coverings mandatory in California.",2020-06-18,,tracer,Refuted,,Refuted,
tracer_train_1368,"Says David Dewhurst ""explicitly advocated"" a guest worker program for all illegal immigrants.",2012-07-23,,tracer,Half-True,,Supported,
tracer_train_2432,Says two-thirds of groups targeted for IRS scrutiny were not conservative.,2013-05-31,,tracer,Refuted,,Refuted,
tracer_test_13293,"""There's never been a president (before Joe Biden) that has made race and gender the defining factor"" for a Supreme Court nomination.",2022-01-27,,tracer,Refuted,"[{""bias"": ""curse of knowledge"", ""confidence"": 0.5992}]",Refuted,
tracer_train_1285,"The Medicaid expansion is ""going to cost Florida $1.9 billion a year.""",2012-07-02,,tracer,Refuted,,Refuted,
tracer_train_9821,"""We pay far more for health care than any other country in the world, yet we have far worse outcomes than any other country in the world.""",2019-03-10,,tracer,Half-True,,Misleading,
tracer_train_3785,"When undocumented children are picked up at the border and ""told to appear later in court ... 90 percent do not then show up.""",2014-07-08,,tracer,Refuted,,Refuted,
tracer_test_14001,"Gov. Ron DeSantis sealed ""all beaches"" in Florida.",2023-04-22,,tracer,Refuted,,Refuted,
tracer_train_10464,"Says ""red flag laws"" allow gun seizure without a judge’s involvement: ""They take it away first. Then you have to get permission from a judge to do it.""",2019-10-22,,tracer,Refuted,"[{""bias"": ""Whole only effect"", ""confidence"": 0.3313}]",Misleading,
tracer_train_8937,"""Bill Clinton passed a law in 1996 that separated children from adults illegally entering America.""",2018-06-18,,tracer,Refuted,,Refuted,
tracer_train_9626,"""Governor Evers, AG Josh Kaul, and Speaker Robin Vos are demanding ‘Red Flag Gun Seizures’ for Wisconsin, which would allow gun seizures with ""no proof, arrest, indictment, conviction or due process at all!""",2019-01-11,,tracer,Refuted,,Misleading,
tracer_train_5408,"""We have the highest tax rate anywhere in the world.""",2015-10-14,,tracer,Refuted,"[{""bias"": ""curse of knowledge"", ""confidence"": 0.3038}]",Refuted,
tracer_train_4998,"""Obama’s Clean Power Plan ... eliminates coal-fired power plants.""",2015-06-23,,tracer,Refuted,,Misleading,
tracer_train_334,"""If a President Romney got a call from the president of the (Mormon church), he has no choice but to obey. It is obedience over family and country.""",2011-10-15,,tracer,Refuted,"[{""bias"": ""Outcome bias"", ""confidence"": 0.4163}]",Refuted,
tracer_test_13069,"In the infrastructure bill that just passed the House, ""only 10% is actual infrastructure.""",2021-11-06,,tracer,Refuted,"[{""bias"": ""curse of knowledge"", ""confidence"": 0.3289}]",Misleading,
tracer_train_10806,"""Swing State Hit With 2020 Voting Lawsuit - Accused Of Registering Over 1,500 Deceased People In Pennsylvania.""",2020-02-28,,tracer,Refuted,"[{""bias"": ""Just-world hypothesis"", ""confidence"": 0.5108}]",Misleading,
tracer_train_11225,"Videos show President Donald Trump saying ""I can’t breathe.""",2020-06-09,,tracer,Refuted,,Supported,
tracer_dev_12645,"""CDC officials admit more hospitalizations of young people from vaccine than from the actual COVID virus.""",2021-06-28,,tracer,Refuted,"[{""bias"": ""curse of knowledge"", ""confidence"": 0.3208}]",Refuted,
tracer_test_13317,Says Bob Saget predicted his death,2022-02-02,,tracer,Refuted,"[{""bias"": ""hindsight bias"", ""confidence"": 0.7174}]",Refuted,
tracer_train_11624,"Says Joe Biden ""tried to cut Social Security and Medicare for decades. … Now Biden’s promising your benefits to illegal immigrants.""",2020-09-16,,tracer,Refuted,,Refuted,
tracer_train_1425,"""In June, jobless ranks were higher in nearly 90 percent of U.S. cities.""",2012-08-05,,tracer,Refuted,,,Failed to get valid prediction
tracer_test_14039,This video shows empty shelves at a Florida grocery store because truckers said “they were not delivering anything to Florida !!!”,2023-05-14,,tracer,Refuted,"[{""bias"": ""Just-world hypothesis"", ""confidence"": 0.3342}]",Refuted,
tracer_train_1436,"Says ""a Republican hasn't won [an election] for a presidency in New Jersey since 1988.""",2012-08-07,,tracer,Supported,"[{""bias"": ""hindsight bias"", ""confidence"": 0.3421}]",Supported,
tracer_train_3936,"Says Marilinda Garcia supports ""$150 billion in new taxes.""",2014-08-11,,tracer,Refuted,,Refuted,
tracer_train_8966,"""ICE is required to fill 34,000 beds with detainees every single night and that number has only been increasing since 2009.""",2018-06-27,,tracer,Refuted,,Supported,
tracer_train_7518,"Says he presented ""a balanced budget.""",2017-02-15,,tracer,Refuted,,Refuted,
tracer_train_11449,"""Third party votes only siphon from (Democrats).""",2020-08-06,,tracer,Refuted,,Refuted,
tracer_train_8577,"""Here in Florida, despite 14 school shootings in eight years, we still have some of the weakest gun laws in the nation.""",2018-02-20,,tracer,Refuted,"[{""bias"": ""Just-world hypothesis"", ""confidence"": 0.5254}]",Supported,
tracer_train_5309,"The Obama administration’s ""own Environmental Protection Agency"" has said its Clean Power Plan ""will have a marginal impact on climate change.""",2015-09-16,,tracer,Half-True,,Supported,
tracer_train_200,"Say Oregon Reps. Peter DeFazio and Earl Blumenauer are ""socialists who are openly serving in the U.S. Congress.""",2011-08-12,,tracer,Refuted,,Refuted,
tracer_train_10986,Images show COVID-19 victims being buried in mass graves in New York City.,2020-04-10,,tracer,Half-True,"[{""bias"": ""Availability heuristic"", ""confidence"": 0.4258}]",Supported,
tracer_train_3175,"""We have more women living in poverty in this state than almost anywhere else.""",2014-01-23,,tracer,Half-True,"[{""bias"": ""curse of knowledge"", ""confidence"": 0.3481}]",Misleading,
tracer_dev_12413,"""You go to a gun show, you can buy whatever you want, and no background check.""",2021-04-08,,tracer,Refuted,,Refuted,
tracer_train_1658,Says it will cost $220 per square foot in hard construction costs to rebuild Portland Public high schools.,2012-09-20,,tracer,Half-True,"[{""bias"": ""Planning Fallacy"", ""confidence"": 0.6253}]",Supported,
tracer_test_13922,Photo of electric charging station “powered by diesel generator” is emblematic of the electric vehicle movement.,2023-02-25,,tracer,Refuted,"[{""bias"": ""curse of knowledge"", ""confidence"": 0.3237}]",Misleading,
tracer_test_13169,"People vaccinated for COVID-19 ""do not spread the disease to anyone else.""",2021-12-14,,tracer,Refuted,,Refuted,
tracer_test_14159,"“Wildfires do not completely burn out cars, glass and all, yet leaving nearby trees and utility poles still standing upright.”",2023-08-11,,tracer,Refuted,"[{""bias"": ""clustering illusion"", ""confidence"": 0.3062}]",Supported,
tracer_train_1241,"""More than 43 percent of all food stamps are given to illegals.""",2012-06-18,,tracer,Refuted,,Refuted,
tracer_train_11880,"""Wisconsin found 112k votes at 3am.""",2020-11-04,,tracer,Refuted,"[{""bias"": ""hindsight bias"", ""confidence"": 0.3926}, {""bias"": ""Availability heuristic"", ""confidence"": 0.324}]",Refuted,
tracer_test_13007,"""Australia to Implement Quarantine Camps for the Unvaxed""",2021-10-22,,tracer,Refuted,,Refuted,
tracer_dev_12047,"""The Vice President has the power to reject fraudulently chosen electors.""",2021-01-05,,tracer,Refuted,,Refuted,
tracer_dev_12625,"""Airlines begin to ban vaccinated people after Pilots die due to vaccine""",2021-06-21,,tracer,Refuted,"[{""bias"": ""Just-world hypothesis"", ""confidence"": 0.4031}]",Refuted,
tracer_train_9022,Says FBI agent Peter Strzok’s hearing confirmed Republican Congressman Jim Jordan’s theory about how the Justice Department got the Steele dossier.,2018-07-15,,tracer,Refuted,"[{""bias"": ""curse of knowledge"", ""confidence"": 0.3718}]",Refuted,
tracer_train_10193,"""Elected officials draw (legislative redistricting) maps. That’s it.""",2019-07-16,,tracer,Refuted,,Refuted,
tracer_train_10418,"""Missouri, in general, has more crime, percentage-wise, than the rest of the country. So, we are seeing overall crime throughout the country is going down but not here in Missouri.""",2019-10-07,,tracer,Half-True,"[{""bias"": ""Just-world hypothesis"", ""confidence"": 0.5566}]",Supported,
tracer_train_6916,"""Not one illness has been reported from raw milk in"" Texas ""in more than four years. A total of six illnesses have occurred in the last 20 years.""",2016-09-13,,tracer,Refuted,"[{""bias"": ""Just-world hypothesis"", ""confidence"": 0.6891}]",Supported,
tracer_train_6409,"The ammunition used in the Orlando shooting ""is banned by Geneva Convention. It enters the body, spins & explodes.""",2016-06-14,,tracer,Refuted,"[{""bias"": ""curse of knowledge"", ""confidence"": 0.552}]",Refuted,
tracer_dev_12227,"""The vast majority of the American people"" support Biden’s $1.9 trillion rescue plan, ""including a majority of Republicans.""",2021-02-19,,tracer,Half-True,"[{""bias"": ""curse of knowledge"", ""confidence"": 0.3837}]",Misleading,
tracer_train_9078,"Says ""I have been through the gauntlet, when we had riots in that Capitol.""",2018-07-26,,tracer,Refuted,"[{""bias"": ""hindsight bias"", ""confidence"": 0.4588}]",Refuted,
tracer_train_3912,"Michelle Nunn’s ""foundation directed grants to an Islamic group tied to radical terrorists.""",2014-08-04,,tracer,Refuted,"[{""bias"": ""curse of knowledge"", ""confidence"": 0.3601}]",Misleading,
tracer_train_7600,"""If the CBO was right about Obamacare to begin with, there'd be 8 million more people on Obamacare today than there actually are. … Sometimes we ask them to do stuff that they're not capable of doing.""",2017-03-12,,tracer,Half-True,,,Failed to get valid prediction
tracer_train_9561,"""At least three or four of the pieces that are in"" in the Republican lame-duck legislation, Scott Walker ""has vetoed previously.""",2018-12-09,,tracer,Half-True,"[{""bias"": ""clustering illusion"", ""confidence"": 0.5429}]",Supported,
tracer_train_10554,"""Congress rejects $336 (per) month increase in"" Social Security and disability benefits ""but approves $8,872 (per) month increase for themselves.""",2019-12-02,,tracer,Refuted,,Refuted,
tracer_test_13508,"""Ron Johnson is trying to let insurance companies deny coverage to people with pre-existing conditions like cancer, depression, pregnancy, diabetes—or even COVID.""",2022-04-01,,tracer,Refuted,,Refuted,
tracer_train_10727,"Mitt Romney’s father ""U.S. Senator George Romney, was a liberal Republican who had ties to Saul Alinsky, yes, the same dude who wrote the book, Rules For Radicals and dedicated to Satan.""",2020-02-06,,tracer,Refuted,,Refuted,
tracer_train_9924,"""North Carolina last year was second in the nation in overdose deaths""",2019-04-09,,tracer,Refuted,"[{""bias"": ""Just-world hypothesis"", ""confidence"": 0.5666}]",Supported,
tracer_train_4183,"""The unemployment rate for young people is down from a 10.6 percent high in 2009 to 2.6 percent today.""",2014-10-07,,tracer,Refuted,"[{""bias"": ""Just-world hypothesis"", ""confidence"": 0.4769}]",Refuted,
tracer_test_13674,Studies show plastics can help combat climate change.,2022-05-16,,tracer,Half-True,,Misleading,
tracer_train_8342,"""The Texas unemployment rate is now the lowest it’s been in 40 years & Texas led the nation last month in new job creation.""",2017-11-15,,tracer,Refuted,,Supported,
tracer_test_14187,“Fewer than 2% of students are impacted whatsoever by the decisions we're making” to cut the budget.,2023-08-25,,tracer,Refuted,,Refuted,
tracer_train_7402,"The inauguration of Donald Trump ""will be the first one that I miss since I've been in Congress.""",2017-01-14,,tracer,Refuted,,Supported,
tracer_train_13,"""Fifty-seven"" of  Rubio's 100 ideas ""ultimately became law.""",2009-11-04,,tracer,Half-True,"[{""bias"": ""hindsight bias"", ""confidence"": 0.482}]",Supported,
tracer_train_11472,"Says Kamala Harris ""said she believed that Joe Biden committed sexual assault against various women.""",2020-08-11,,tracer,Refuted,"[{""bias"": ""Availability heuristic"", ""confidence"": 0.3317}]",Refuted,
tracer_train_2284,"""We have the fewest people employed in this country since 1979.""",2013-04-10,,tracer,Half-True,,Refuted,
tracer_train_11145,"Says Ohio Gov. Mike DeWine released 4,300 prisoners and is now warning residents of a possible crime wave.",2020-05-16,,tracer,Refuted,"[{""bias"": ""Just-world hypothesis"", ""confidence"": 0.6555}]",Refuted,
tracer_test_13614,"On Gov. Tony ""Evers’ watch…the efficiency of the state crime lab has plummeted.""",2022-05-02,,tracer,Refuted,"[{""bias"": ""curse of knowledge"", ""confidence"": 0.3447}]",Misleading,
tracer_train_1985,"Says ""how much money the government is collecting from people...in terms of the gross domestic product"" is ""the lowest in 40, 50 years.""",2012-12-31,,tracer,Half-True,"[{""bias"": ""hindsight bias"", ""confidence"": 0.3136}]",Refuted,
tracer_train_6690,"""New regulation requires motorcycle owners to install 75 MPH governor by January 2017""",2016-07-31,,tracer,Refuted,,Refuted,
tracer_train_9496,"The poverty rate in West Virginia ""was 19.1 percent, the fourth-highest in the country.""",2018-11-08,,tracer,Supported,"[{""bias"": ""hindsight bias"", ""confidence"": 0.5146}]",Supported,
tracer_test_13498,"""A secret backroom deal"" gave ""away hundreds of millions of tax dollars to a Soros-owned company.""",2022-03-29,,tracer,Refuted,,Refuted,
tracer_train_4237,"Blocking travel from countries with Ebola should be possible because President Barack Obama ""has sealed off Israel in the past.""",2014-10-19,,tracer,Refuted,"[{""bias"": ""curse of knowledge"", ""confidence"": 0.6483}]",Refuted,
tracer_train_8620,"""The Obama administration had cut $300 million from school safety.""",2018-03-07,,tracer,Refuted,"[{""bias"": ""Just-world hypothesis"", ""confidence"": 0.4014}]",Refuted,
tracer_train_11478,"""Kamala Harris Tried to Put Pro-Lifers in Jail Who Exposed Planned Parenthood Selling Baby Parts""",2020-08-14,,tracer,Refuted,,Refuted,
tracer_train_4329,"In rural Virginia, ""Sen. Warner ran 8-10 points ahead of a traditional Democrat -- ahead of Senator Kaine, ahead of Governor McAuliffe.""",2014-11-12,,tracer,Refuted,"[{""bias"": ""curse of knowledge"", ""confidence"": 0.4952}]",Supported,
tracer_test_13060,"""The infrastructure bill itself is only 10% true infrastructure.""",2021-11-04,,tracer,Refuted,,Refuted,
tracer_train_11329,"Says Amber Alerts are issued for white kids ""but not Black kids in Milwaukee.""",2020-07-06,,tracer,Refuted,,Refuted,
tracer_train_7539,"Says Scott Walker is proposing to add 485 employees ""in the category of supervisor and management"" to his Department of Administration.",2017-02-20,,tracer,Half-True,"[{""bias"": ""curse of knowledge"", ""confidence"": 0.7224}]",Supported,
tracer_train_11755,"Says Joe Biden and Barack Obama ""directly participated in a plot to have #SealTeam6 MURDERED, then arranged a massive cash deal as part of a cover up.""",2020-10-13,,tracer,Refuted,"[{""bias"": ""Just-world hypothesis"", ""confidence"": 0.3077}]",Refuted,
tracer_train_10279,"Says people convicted of felonies or under restraining orders ""can buy a firearm without going through a background check.""",2019-08-15,,tracer,Supported,,Supported,
tracer_dev_12687,"""The government will be infiltrating"" personal text messages.",2021-07-14,,tracer,Refuted,,Refuted,
tracer_train_10331,"""The last time people (created a Hollywood blacklist), people ended up killing themselves … They were accused, and they lost their right to work.""",2019-09-03,,tracer,Supported,"[{""bias"": ""hindsight bias"", ""confidence"": 0.32}]",Supported,
tracer_train_11196,BLM Fresno riots will begin at 4 p.m. in River Park on 06/02/20,2020-06-01,,tracer,Refuted,"[{""bias"": ""Pro-Innovation Bias"", ""confidence"": 0.3253}]",Refuted,
tracer_train_3060,"""The largest enterprise in the world is the federal government of the United States of America""",2013-12-16,,tracer,Half-True,"[{""bias"": ""curse of knowledge"", ""confidence"": 0.6462}]",Supported,
tracer_train_2937,"I am ""the first Latina to run for governor of Texas.""",2013-11-11,,tracer,Refuted,"[{""bias"": ""curse of knowledge"", ""confidence"": 0.4486}]",Refuted,
tracer_train_2758,"""Every month, we get the reports from the Bureau of Labor Statistics that say even more people have given up looking for work.""",2013-09-24,,tracer,Refuted,"[{""bias"": ""Just-world hypothesis"", ""confidence"": 0.3546}]",Refuted,
tracer_test_13324,"""Few, If Any, Doses of Spikevax or Comirnaty Available in United States, Despite FDA Approvals""",2022-02-02,,tracer,Refuted,"[{""bias"": ""Just-world hypothesis"", ""confidence"": 0.5041}]",Refuted,
tracer_test_13205,"Senior citizens qualify for a Medicare ""flex card"" that pays for groceries, dental costs and prescriptions.",2022-01-04,,tracer,Refuted,,Refuted,
tracer_train_8388,"""Facebook picks sides in Alabama Senate race ... shuts down Gateway Pundit and Breitbart reports on discredited Allred accuser""",2017-12-08,,tracer,Refuted,,Refuted,
tracer_test_14024,“Donald Trump himself wrote a book where he was talking about the need to increase the age of eligibility for Social Security to 70.”,2023-05-05,,tracer,Half-True,"[{""bias"": ""curse of knowledge"", ""confidence"": 0.4035}]",Refuted,
tracer_train_8422,"Says ""50 percent of venture capital goes to California. Most of the rest of it goes to New York and Massachusetts.""",2017-12-31,,tracer,Half-True,,Supported,
tracer_test_13921,"Digital IDs were given to residents in East Palestine, Ohio, “to track long term health problems like difficulty breathing” before the Feb. 3 train derailment.",2023-02-24,,tracer,Refuted,"[{""bias"": ""Just-world hypothesis"", ""confidence"": 0.3394}]",Refuted,
tracer_train_4121,"David Perdue ""opposes laws that provide equal pay protections for women.""",2014-09-25,,tracer,Refuted,,Refuted,
tracer_train_7016,"Says Democratic challenger for his N.C. House seat ""raised taxes on clothing, school supplies – even baby diapers!""",2016-09-28,,tracer,Refuted,,Refuted,
tracer_train_9845,"""It is estimated that more than 20 veterans die by suicide every day.""",2019-03-18,,tracer,Half-True,,Supported,
tracer_train_6570,"""Barack Obama and Hillary Clinton have left us with $19 trillion in debt.""",2016-07-18,,tracer,Refuted,"[{""bias"": ""Just-world hypothesis"", ""confidence"": 0.4278}]",Misleading,
tracer_train_465,"While CEOs of some large charities have big salaries, the heads of some veterans groups do the job for free.",2011-11-28,,tracer,Refuted,"[{""bias"": ""clustering illusion"", ""confidence"": 0.3961}]",Misleading,
tracer_test_13175,"""Maybe they’re just calling the common cold … the omicron variant.""",2021-12-20,,tracer,Refuted,"[{""bias"": ""curse of knowledge"", ""confidence"": 0.4349}]",Refuted,
tracer_train_8751,"Says the 2015 vote on the American Security Against Foreign Enemies Act ""was not a vote to deny access to the U.S.""",2018-04-18,,tracer,Half-True,,Supported,
tracer_test_13691,A CNN story reported that Rice Krispies added a transgender mascot.,2022-05-22,,tracer,Refuted,"[{""bias"": ""Bias blind spot"", ""confidence"": 0.3182}]",Supported,
tracer_train_4338,"""My position hasn’t changed"" on using executive authority to address immigration issues.",2014-11-16,,tracer,Refuted,"[{""bias"": ""curse of knowledge"", ""confidence"": 0.4445}]",Refuted,
tracer_train_5550,"""The vast majority of (Syrian) refugees are young, able-bodied men looking for work.""",2015-11-17,,tracer,Refuted,,Refuted,
tracer_train_1551,"At Bain Capital, ""we helped start an early childhood learning company called Bright Horizons that First Lady Michelle Obama rightly praised.""",2012-08-30,,tracer,Supported,"[{""bias"": ""curse of knowledge"", ""confidence"": 0.6808}]",Supported,
tracer_train_2798,"Common Core ""is not from the federal government,"" they ""do not have their fingerprints on this thing at all.""",2013-10-03,,tracer,Half-True,"[{""bias"": ""curse of knowledge"", ""confidence"": 0.5668}]",Refuted,
tracer_dev_12092,"""We have scientific data, from all different levels, but particularly from the high school sports levels, from numerous different states that shows that it is safe to play what New York is considering high-risk sports.""",2021-01-14,,tracer,Refuted,"[{""bias"": ""curse of knowledge"", ""confidence"": 0.3831}]",Supported,
tracer_train_9657,"""The cost of living is going up, but paychecks aren't keeping up.""",2019-01-27,,tracer,Refuted,"[{""bias"": ""Jumping to Conclusions"", ""confidence"": 0.324}]",Supported,
tracer_train_7271,"Says John Bolton supported the Iraq War and said last year that ""I still think the decision to overthrow Saddam was correct.""",2016-11-15,,tracer,Supported,,Supported,
tracer_train_6959,"""Donald Trump's education plan to dramatically slash funding for public education would fire 49,000 Texas teachers.""",2016-09-20,,tracer,Refuted,,Refuted,
tracer_train_84,"When it comes to urgency on passing a budget repair bill, ""there’s no rush on this thing"" because the fiscal year doesn’t end until June 30, 2011.",2011-02-17,,tracer,Refuted,,Supported,
tracer_train_11682,"""Word on the street is that Joe Biden got tonight’s debate questions in advance.""",2020-09-29,,tracer,Refuted,,Refuted,
tracer_train_7207,"""One of George Soros' companies has provided some of the (voting) machines"" for some states.",2016-10-27,,tracer,Refuted,"[{""bias"": ""clustering illusion"", ""confidence"": 0.5865}]",Refuted,
tracer_train_2290,"Right now, if Rhode Island police come across a young person with a gun, ""they really don't legally have the right to take it away from them.""",2013-04-12,,tracer,Half-True,,Refuted,
tracer_test_14103,Donald Trump is an “affirmative action advocate.”,2023-06-29,,tracer,Refuted,,Refuted,
tracer_train_7250,"Ed Gillespie ""would not mention (Donald Trump’s) name unless he was condemning him.""",2016-11-09,,tracer,Refuted,"[{""bias"": ""curse of knowledge"", ""confidence"": 0.5201}]",Refuted,
tracer_test_13182,Pfizer made $37 billion in profit in its last quarter.,2021-12-23,,tracer,Refuted,"[{""bias"": ""Availability heuristic"", ""confidence"": 0.4471}]",Refuted,
tracer_test_12999,"The newly drawn congressional district map in Arkansas ""keeps communities together.""",2021-10-21,,tracer,Refuted,"[{""bias"": ""curse of knowledge"", ""confidence"": 0.7456}]",Misleading,
tracer_train_11601,"""Candidate Slotkin had presented herself as a moderate and as someone who’d be independent-minded, but her time in office was making it increasingly clear that no, she was very partisan, voting 96% of the time with Speaker Pelosi.""",2020-09-11,,tracer,Refuted,,Supported,
tracer_train_1174,"U.S. Sen. Bill Nelson was ""the deciding vote for the health care law.""",2012-06-06,,tracer,Refuted,"[{""bias"": ""curse of knowledge"", ""confidence"": 0.5595}]",Refuted,
tracer_train_9909,"""West Virginia spends more tax dollars on public education than all but 13 other states and the District of Columbia.""",2019-04-05,,tracer,Refuted,,Supported,
tracer_train_4428,"Says Nikita Khrushchev brought an extra shoe to a United Nations session in 1960, which he banged on the desk in protest.",2014-12-26,,tracer,Refuted,,Supported,
tracer_train_1304,"Says President Barack Obama ""doubled the national debt, which had taken more than two centuries to accumulate, in one year.""",2012-07-10,,tracer,Refuted,"[{""bias"": ""hindsight bias"", ""confidence"": 0.5987}]",Refuted,
tracer_train_11366,"Says Joe Biden proposed ""killing over 600,000 jobs supported by fracking.""",2020-07-14,,tracer,Refuted,"[{""bias"": ""Attentional bias"", ""confidence"": 0.4993}]",Refuted,
tracer_test_13902,"The train that derailed in Ohio was carrying “over 300,000 gallons of a chemical that was banned in 1974.”",2023-02-18,,tracer,Refuted,"[{""bias"": ""hindsight bias"", ""confidence"": 0.3106}, {""bias"": ""Just-world hypothesis"", ""confidence"": 0.3103}]",Refuted,
tracer_train_11053,"Says President Barack Obama ""signed the medical appliance tax bill that forced companies to outsource manufacturing of masks, gowns, gloves and ventilaors [sic] to China, Europe and Russia to avoid the tax.""",2020-04-23,,tracer,Refuted,,Refuted,
tracer_train_5019,"""Chris Christie has led New Jersey to a record-breaking 9 credit downgrades.""",2015-06-30,,tracer,Half-True,,Supported,
tracer_train_4300,"""No one was taken into custody"" for feeding the homeless.",2014-11-05,,tracer,Half-True,"[{""bias"": ""Just-world hypothesis"", ""confidence"": 0.4795}]",Supported,
tracer_train_5844,"""It has been over 80 years since a lame-duck president appointed a Supreme Court justice.""",2016-02-13,,tracer,Refuted,"[{""bias"": ""hindsight bias"", ""confidence"": 0.4796}]",Supported,
tracer_train_638,"Says PolitiFact has said he ""kept a campaign promise to toughen ethics rules.""",2012-01-18,,tracer,Half-True,"[{""bias"": ""Whole only effect"", ""confidence"": 0.3791}, {""bias"": ""Bias blind spot"", ""confidence"": 0.3162}]",Supported,
tracer_train_3798,"Says ""nothing"" in Obama’s $3.7 billion request to address the child immigrant situation ""actually secures the border.""",2014-07-10,,tracer,Refuted,,Refuted,
tracer_train_2340,"Says proponents of a bond package for the Austin school district say the district has the second-lowest bond tax rate ""among the Central Texas area school districts.""",2013-04-28,,tracer,Half-True,,Supported,
tracer_train_11085,"Gas is under $1 in 13 states, but $2.27 in Pennsylvania, because of the governor.",2020-05-02,,tracer,Refuted,"[{""bias"": ""Neglect of probability"", ""confidence"": 0.4422}]",Refuted,
tracer_dev_12956,"""It's been confirmed that the Pfizer"" COVID-19 ""vaccine isn't guaranteed after six months.""",2021-10-05,,tracer,Refuted,"[{""bias"": ""Just-world hypothesis"", ""confidence"": 0.5032}]",Supported,
tracer_train_10357,"Says Pat McCrory ""shepherded in driver’s licenses for illegal aliens in the aftermath of the 9/11 terrorist attacks.""",2019-09-10,,tracer,Refuted,"[{""bias"": ""Just-world hypothesis"", ""confidence"": 0.3717}]",Refuted,
tracer_dev_12496,"""15-year-old boy passes away from heart attack two days after Pfizer COVID-19 experimental jab.""",2021-05-04,,tracer,Refuted,"[{""bias"": ""Just-world hypothesis"", ""confidence"": 0.8754}]",Refuted,
tracer_train_1507,"""Independent voters have a ten-point margin in favor of Mitt Romney right now.""",2012-08-26,,tracer,Half-True,,Refuted,
tracer_train_8906,"Says Republican gubernatorial candidate Adam Laxalt ""tried to cut a deal with big pharma"" in a lawsuit.",2018-06-06,,tracer,Refuted,"[{""bias"": ""Whole only effect"", ""confidence"": 0.4499}]",Supported,
tracer_dev_12464,"Says Joe Biden said, ""This country is doomed, not just because of African Americans, but because by 2040 this country is going to be minority white European.""",2021-04-22,,tracer,Refuted,"[{""bias"": ""Essentialism"", ""confidence"": 0.5094}]",Refuted,
tracer_train_8709,"""USPS loses $1.46 each Amazon package it delivers.""",2018-04-04,,tracer,Refuted,,Refuted,
tracer_train_7907,"""U.N. official John Ashe set to testify against the Clintons may not have died by accident.""",2017-06-17,,tracer,Refuted,"[{""bias"": ""Just-world hypothesis"", ""confidence"": 0.5758}]",Refuted,
tracer_train_6712,"Says he saw videotape ""of the people taking the money off the plane"" to pay ransom to Iran for hostages.",2016-08-03,,tracer,Refuted,"[{""bias"": ""curse of knowledge"", ""confidence"": 0.3097}]",Refuted,
tracer_train_6548,"""Just on the issue of immigration alone, it is next to impossible to find a policy difference between (Donald) Trump and Congressman (Joe) Heck.""",2016-07-14,,tracer,Refuted,,Refuted,
tracer_train_10611,"""Hillary ignored multiple requests for security, didn’t respond for 13 hours, & let 4 Americans die in Benghazi. Trump rushed in reinforcements, threatened to destroy Iran, & made sure no lives were lost in Baghdad.""",2020-01-01,,tracer,Refuted,"[{""bias"": ""Positivity and Negativity Effect"", ""confidence"": 0.3176}]",Refuted,
tracer_train_4789,Women make only 78 percent of what men make for the same job.,2015-04-20,,tracer,Refuted,,Supported,
tracer_train_4507,"""Since 2010, America has put more people back to work than Europe, Japan, and all advanced economies combined.""",2015-01-20,,tracer,Half-True,"[{""bias"": ""curse of knowledge"", ""confidence"": 0.37}]",Supported,
tracer_train_952,"If Congress froze the current spending level and then cut it by 2 percent annually, ""we could balance the budget in five years.""",2012-04-05,,tracer,Half-True,"[{""bias"": ""Planning Fallacy"", ""confidence"": 0.6707}]",Misleading,
tracer_train_3579,"Eric Cantor ""voted to fully fund Obamacare in October.""",2014-05-09,,tracer,Refuted,,Refuted,
tracer_train_10147,"""There’s a hacking conference that’s held every year in Las Vegas, where I think a 14- or 15-year old-girl from Florida hacked into a replica of Florida’s election system in less than 15 minutes.""",2019-06-28,,tracer,Refuted,"[{""bias"": ""hindsight bias"", ""confidence"": 0.4045}]",Supported,
tracer_train_1378,"""Thousands (in China) owe their jobs to Mitt Romney's companies.""",2012-07-25,,tracer,Half-True,"[{""bias"": ""Availability heuristic"", ""confidence"": 0.3493}]",,Failed to get valid prediction
tracer_train_8005,"""We're flying 1987 planes with 1987 technology.""",2017-07-20,,tracer,Half-True,"[{""bias"": ""curse of knowledge"", ""confidence"": 0.6976}]",Refuted,
tracer_train_2045,"The tax penalty that the government imposes if you don't buy health insurance ""is lower than it would have cost to buy insurance.""",2013-01-21,,tracer,Supported,"[{""bias"": ""Omission bias"", ""confidence"": 0.6882}]",Supported,
tracer_train_7547,"""Since 2012,"" city of Austin ""property taxes have gone up almost 30 percent while incomes have only risen 4 percent.""",2017-02-23,,tracer,Refuted,,Supported,
tracer_train_10885,"The coronavirus ""snuck up on us,"" adding that it is ""a very unforeseen thing.""",2020-03-18,,tracer,Refuted,"[{""bias"": ""hindsight bias"", ""confidence"": 0.315}]",Refuted,
tracer_test_13697,"This image shows the victims of the school shooting in Uvalde, Texas.",2022-05-24,,tracer,Refuted,"[{""bias"": ""Availability heuristic"", ""confidence"": 0.4042}]",Refuted,
tracer_train_3500,"""ObamaCare enrollment lie: Obama counts an enrollee as a web user putting a plan in ‘their online shopping carts.’""",2014-04-18,,tracer,Refuted,"[{""bias"": ""Bias blind spot"", ""confidence"": 0.339}]",Misleading,
tracer_train_1280,"Says the federal government is spending $765,828 to subsidize ""pancakes for yuppies"" in Washington.",2012-07-02,,tracer,Half-True,,Refuted,
tracer_train_4334,"Rhode Island's legislature is ""the strongest in the country.""",2014-11-14,,tracer,Supported,"[{""bias"": ""curse of knowledge"", ""confidence"": 0.6036}]",Refuted,
tracer_dev_12602,"""I inherited the largest budget deficit in the history of the state from the Republicans.""",2021-06-10,,tracer,Refuted,,Refuted,
tracer_train_9604,"Says ""the Rothschild family holds about 80 percent of the world’s total wealth"" and has the ability to ""literally feed, clothe and settle every man, woman and child on the planet if they wanted to.""",2019-01-05,,tracer,Refuted,"[{""bias"": ""Exaggerated expectation bias"", ""confidence"": 0.3017}]",Refuted,
tracer_test_13077,"""Gavin Newsom is out of sight likely because he has Guillain-Barre syndrome from his booster shot.""",2021-11-09,,tracer,Refuted,"[{""bias"": ""Just-world hypothesis"", ""confidence"": 0.8296}]",Refuted,
tracer_train_10546,"Says photo shows ""the Golden Gate Bridge opening to the public for the first time back in 1937, and yes, it almost collapsed.""",2019-11-29,,tracer,Refuted,"[{""bias"": ""hindsight bias"", ""confidence"": 0.8114}]",Refuted,
tracer_dev_12315,"The COVID economic relief package ""included $600 million for San Francisco, part of which goes to cover the tab for free alcohol and marijuana for the homeless.""",2021-03-14,,tracer,Refuted,,Refuted,
tracer_train_2784,"Says a man opted out of Obamacare after the marketplace launched on Oct. 1, 2013, and was informed he owed a $4,000 fine.",2013-10-01,,tracer,Refuted,"[{""bias"": ""Just-world hypothesis"", ""confidence"": 0.4378}]",Refuted,
tracer_test_13352,"""President Trump sanctioned Russia. President Biden gave them a pipeline.""",2022-02-08,,tracer,Refuted,,Misleading,
tracer_dev_12359,"""Toxicology report was made public by the MN prosecution revealing the cause of George Floyd’s death was a fentanyl overdose.""",2021-03-24,,tracer,Refuted,"[{""bias"": ""hindsight bias"", ""confidence"": 0.4258}]",,Failed to get valid prediction
tracer_train_6131,"""We win when voter turnout is high, we lose when it is low.""",2016-04-12,,tracer,Refuted,,Supported,
tracer_train_3767,"""Justin Amash is rated Michigan’s No. 1 conservative"" by National Right to Life.",2014-07-01,,tracer,Refuted,,Supported,
tracer_train_7140,"Says climate scientist James Hansen says ""we have until perhaps 50 years from now,"" or maybe a little longer ""and at that point, we are looking at 10, 20, 30 feet of sea-level rise.""",2016-10-17,,tracer,Refuted,"[{""bias"": ""Time-saving bias"", ""confidence"": 0.4821}]",Refuted,
tracer_train_3484,"President Barack Obama’s budget threatens national security by proposing ""an Army of fewer personnel than we had before Pearl Harbor.""",2014-04-15,,tracer,Refuted,"[{""bias"": ""curse of knowledge"", ""confidence"": 0.5677}]",Misleading,
tracer_train_8545,"""Zero percent of kids in Cairo are college-ready.""",2018-02-09,,tracer,Refuted,,Refuted,
tracer_train_10518,"""They never thought ... that I was going to release that call and I really had no choice because Adam Schiff made up a call.""",2019-11-15,,tracer,Refuted,,Refuted,
tracer_train_10605,"""More than 100,000 DACA applicants have been arrested—Murder, Rape, DUI.""",2019-12-28,,tracer,Refuted,"[{""bias"": ""Just-world hypothesis"", ""confidence"": 0.5392}]",Refuted,
tracer_train_1451,"""A small business in my district"" needed ""31 different permits and fees just to be able to expand.""",2012-08-11,,tracer,Half-True,,Supported,
tracer_train_6465,"Says Hillary Clinton’s State Department ""approved the transfer of 20 percent of America’s uranium holdings to Russia, while nine investors in the deal funneled $145 million to the Clinton Foundation.""",2016-06-22,,tracer,Refuted,,Misleading,
tracer_train_9423,"Under the GOP tax law, ""if you live in Hinsdale, Illinois … you are now being double-taxed to the tune of $35,000.""",2018-10-22,,tracer,Refuted,,Refuted,
tracer_train_5857,"""Mr. Trump is self-financing his campaign, so we don’t have any donors.""",2016-02-15,,tracer,Refuted,,Refuted,
tracer_train_11385,"""I, all the way back in January, warned (President Trump that) this pandemic was coming. I talked about what we needed to do.""",2020-07-20,,tracer,Half-True,"[{""bias"": ""hindsight bias"", ""confidence"": 0.3728}]",Misleading,
tracer_train_11107,Says wearing face masks is more harmful to your health than going without one.,2020-05-08,,tracer,Refuted,,Refuted,
tracer_train_4555,"One Texas city ""has a law that says that women can only have six dildos.""",2015-02-05,,tracer,Refuted,"[{""bias"": ""curse of knowledge"", ""confidence"": 0.5344}]",Refuted,
tracer_dev_12449,"Derek Chauvin’s trial and conviction for the murder of George Floyd was faked as part of a ""false flag.""",2021-04-20,,tracer,Refuted,"[{""bias"": ""Just-world hypothesis"", ""confidence"": 0.8075}]",Refuted,
tracer_train_5916,"""I don't know anything about David Duke.""",2016-02-28,,tracer,Refuted,,Refuted,
tracer_train_7829,"Says David Clarke reduced the number of Milwaukee County sheriff's deputies ""from about 700 and something to 300 and something.""",2017-05-18,,tracer,Half-True,"[{""bias"": ""hindsight bias"", ""confidence"": 0.5968}]",Refuted,
tracer_train_10993,"The $1,200 coronavirus relief checks this year are ""just an advance on your next tax return. … Next year, you're automatically going to owe $1,200 come tax season.""",2020-04-12,,tracer,Refuted,,Refuted,
tracer_train_6860,"""After how hard you work and how much you pay in taxes, New York City ends up getting the money. I'm Chris Jacobs. I think it's time we have someone in Albany that's making sure our region gets our fair share""",2016-09-01,,tracer,Refuted,,Misleading,
tracer_train_8097,"""At the PEAK of slavery in 1860, only 1.4% of Americans owned slaves. What your history books (don't) tell you is that 3,000 blacks owned a total of 20,000 slaves the same year.""",2017-08-22,,tracer,Refuted,"[{""bias"": ""hindsight bias"", ""confidence"": 0.3654}]",Supported,
tracer_train_2533,"""Since I was elected, crime rates have been at their lowest in over a decade.""",2013-07-09,,tracer,Half-True,,Refuted,
tracer_train_1194,Says a national Coca-Cola study showed Texans love Texas more than residents of any other state love their state; Wisconsinites ranked second.,2012-06-09,,tracer,Refuted,"[{""bias"": ""curse of knowledge"", ""confidence"": 0.8159}]",Refuted,
tracer_train_5602,"""There are over 700,000 Americans on some watch list or another that would all be captured"" in a Democratic amendment intended to stop suspected terrorists from buying guns.",2015-12-06,,tracer,Refuted,"[{""bias"": ""Attentional bias"", ""confidence"": 0.3591}, {""bias"": ""Just-world hypothesis"", ""confidence"": 0.3176}]",Refuted,
tracer_train_9295,"Says Katie Porter is part of a ""radical group of Democrats with an extreme agenda to abolish ICE.""",2018-09-25,,tracer,Refuted,,Refuted,
tracer_dev_12989,"In the United Kingdom, ""70-plus percent of the people who die now from COVID are fully vaccinated.""",2021-10-19,,tracer,Refuted,,Supported,
tracer_test_13171,"""Most Americans on minimum wage earn less than a Dickensian allegory for destitution.""",2021-12-19,,tracer,Half-True,"[{""bias"": ""curse of knowledge"", ""confidence"": 0.3787}]",Refuted,
tracer_train_2961,"Says Gov. Scott Walker has dropped Wisconsin ""to 45th in the nation in job growth prospects while campaigning for president out of state.""",2013-11-17,,tracer,Refuted,,Supported,
tracer_train_11765,"A leaked email from a Liberal Party politician shows the Canadian government's plan to ""reset"" the economy and seize private property.",2020-10-14,,tracer,Refuted,"[{""bias"": ""curse of knowledge"", ""confidence"": 0.5959}]",Refuted,
tracer_train_10971,"Says a powder has been developed that, when mixed with water, ""is being used in Germany as a mist. Health care workers go through a misting tent going into the hospital and it kills the coronavirus completely dead not only right then, but any time in the next 14 days that the virus touches anything that’s been sprayed, it is killed.""",2020-04-07,,tracer,Refuted,,Refuted,
tracer_train_3592,"""Governor Scott Cut Taxes 40 Times For Florida Families""",2014-05-13,,tracer,Half-True,"[{""bias"": ""Availability heuristic"", ""confidence"": 0.4}]",Misleading,
tracer_dev_12419,"With federal stimulus money for schools, ""no distinctions are being made between Wisconsin schools that remain closed to in-person learning, and those that have been re-opened for months.""",2021-04-08,,tracer,Refuted,,Supported,
tracer_train_74,"""In 1998, nearly half of Florida's fourth-graders were functionally illiterate. Today, 72% of them can read.""",2011-01-03,,tracer,Half-True,,Refuted,
tracer_train_11304,"""Two stamps needed for mail-in ballots.""",2020-06-28,,tracer,Half-True,,Supported,
tracer_train_3149,Female buffalo lead the herd.,2014-01-19,,tracer,Half-True,,Supported,
tracer_train_10479,"While previous clemency boards granted restoration of civil rights to thousands of Floridians,  ""so far this year, under this clemency board, four (felons) have gotten their rights back.""",2019-10-29,,tracer,Half-True,,Supported,
tracer_train_4378,"""Fluoride in the water, that was originally done by the Nazis!""",2014-12-02,,tracer,Refuted,"[{""bias"": ""hindsight bias"", ""confidence"": 0.7431}]",Refuted,
tracer_train_1237,"""The median income in America has dropped by 10 percent in the last four years.""",2012-06-18,,tracer,Half-True,"[{""bias"": ""Just-world hypothesis"", ""confidence"": 0.7327}]",,Failed to get valid prediction
tracer_train_8252,"""And over the last six years, Chicago’s economy has grown faster than the economies of New York City, Washington, D.C., or the national average.""",2017-10-18,,tracer,Refuted,"[{""bias"": ""curse of knowledge"", ""confidence"": 0.3549}]",Refuted,
tracer_test_13411,"""The former Miss Universe-Ukraine, Anastasiia Lenna, turned in her high heels for some combat boots to fight for her country.""",2022-02-27,,tracer,Refuted,"[{""bias"": ""curse of knowledge"", ""confidence"": 0.5334}]",Supported,
tracer_dev_12699,"""Unvaccinated, you can get COVID and have over 99% chance of survival. Get vaccinated and you can still get COVID and will still have over 99% chance of survival.""",2021-07-18,,tracer,Refuted,"[{""bias"": ""framing effect"", ""confidence"": 0.8187}]",Misleading,
tracer_dev_12088,"A photo caption says vendors named ""Nah"" and ""Stop asking me questions before you get your a-- kicked"" sold Trump-themed merchandise to ""stupid"" people outside the U.S. Capitol on Jan. 6.",2021-01-13,,tracer,Refuted,"[{""bias"": ""curse of knowledge"", ""confidence"": 0.4281}, {""bias"": ""Outcome bias"", ""confidence"": 0.3267}]",Refuted,
tracer_train_758,"Says David Rivera ""allowed House Republican leaders to strip key provisions from the STOCK Act"" that would crack down on insider trading by members of Congress.",2012-02-15,,tracer,Refuted,,Supported,
tracer_train_10221,"""You look at the homelessness situation. Take a city like Tokyo, which has more people than New York City. There's no homelessness there.""",2019-07-31,,tracer,Half-True,"[{""bias"": ""curse of knowledge"", ""confidence"": 0.5023}]",Refuted,
tracer_train_3515,"""Under Greg Abbott, Texas four-year-olds would be forced to undergo standardized tests.""",2014-04-22,,tracer,Refuted,,Refuted,
tracer_train_4004,"""Over 73% of all donations raised (from the ALS Ice Bucket Challenge) are going to fundraising, overhead, executive salaries, and external donations.""",2014-08-28,,tracer,Refuted,,Refuted,
tracer_train_1788,"Says Chris Christie was ""behind"" in the polls against Jon Corzine during the 2009 governor's race.",2012-10-15,,tracer,Refuted,,Supported,
tracer_test_13706,"""We need to realize that people who think that ‘well, maybe if we could just implement tougher gun laws, it’s going to solve it,’ Chicago and LA and New York disprove that thesis.""",2022-05-25,,tracer,Refuted,,Misleading,
tracer_train_10648,"Says Martin Luther King Jr. ""was killed (smothered) in the hospital"" and ""the US government was found guilty in a court of law of conspiring to kill him.""",2020-01-14,,tracer,Refuted,"[{""bias"": ""Just-world hypothesis"", ""confidence"": 0.5913}]",Supported,
tracer_test_14048,"A printer error in Nassau County, New York, turned every registered voter Democratic.",2023-05-20,,tracer,Refuted,,Refuted,
tracer_train_4310,The majority of revenue generated by a proposed Kenosha casino would be sent to the Seminole tribe in Florida.,2014-11-08,,tracer,Refuted,,Supported,
tracer_test_13167,"Rep. Kathy Castor, D-Fla., is a communist",2021-12-13,,tracer,Refuted,,Refuted,
tracer_train_4437,"""Fox News airs Stuart Scott R.I.P. tribute with picture of Stephen A. Smith.""",2015-01-04,,tracer,Refuted,,Supported,
tracer_train_11153,"""If you look at the one (hydroxychloroquine) survey, the only bad survey, they were giving it to people that were in very bad shape. They were very old. Almost dead.""",2020-05-19,,tracer,Refuted,"[{""bias"": ""hindsight bias"", ""confidence"": 0.7462}]",Refuted,
tracer_train_2133,"Under Gov. Scott Walker’s public-school budgets, ""a student entering kindergarten will not enjoy the same state investment in his or her education as those that came before them until they are graduating from high school.""",2013-02-18,,tracer,Refuted,,Supported,
tracer_train_704,A Dallas proof-of-insurance ordinance resulted in area tow lots mostly filling with the cars of illegal residents.,2012-01-31,,tracer,Refuted,,Refuted,
tracer_train_1198,"Says he ""passed"" eight measures, including ones to prevent groping at airport security checks and to bar ""sanctuary"" cities in Texas.",2012-06-09,,tracer,Half-True,"[{""bias"": ""curse of knowledge"", ""confidence"": 0.5776}]",Supported,
tracer_train_5943,"California ""cut about $1.3 billion in child care (during the recession). We’ve only reinvested about $300 million.""",2016-03-07,,tracer,Half-True,,Supported,
tracer_test_13545,"George Soros injected ""$33 million"" into Black Lives Matter.",2022-04-09,,tracer,Refuted,,Refuted,
tracer_train_3581,"The incandescent light bulb ""has no effect whatever on the planet.""",2014-05-11,,tracer,Refuted,"[{""bias"": ""curse of knowledge"", ""confidence"": 0.3782}]",Refuted,
tracer_train_7335,"""With 320,000 net Ohio manufacturing jobs lost, (Sen. Rob) Portman calls NAFTA a ‘proven success’.""",2016-12-10,,tracer,Refuted,,Misleading,
tracer_train_5679,"""Donald Trump is appealing as much to Democrats as he is to Republicans.""",2016-01-12,,tracer,Refuted,"[{""bias"": ""curse of knowledge"", ""confidence"": 0.5644}]",Refuted,
tracer_train_9990,"""We suspended the (Foxconn) work around October, November last year because the weather there was snowy and icy cold.""",2019-05-01,,tracer,Refuted,"[{""bias"": ""Just-world hypothesis"", ""confidence"": 0.3849}]",Supported,
tracer_dev_12124,Says Joe Biden’s inauguration was fake and he is not the legitimate president.,2021-01-23,,tracer,Refuted,,Refuted,
tracer_train_3999,"A Scott Rothstein victim says that he was ""swindled"" by Charlie Crist.",2014-08-27,,tracer,Refuted,"[{""bias"": ""Just-world hypothesis"", ""confidence"": 0.5607}]",Misleading,
tracer_dev_12585,"Says Florida Agriculture Commissioner Nikki Fried ""spent millions of dollars to put her face on every gas pump across this state.""",2021-06-02,,tracer,Refuted,,Refuted,
tracer_train_11938,"""David Perdue says he'll do everything in his power to make sure Joe Biden fails.""",2020-11-17,,tracer,Refuted,,Supported,
tracer_train_488,"""The only reason the unemployment rate is going down is because … twice as many people dropped out of the employment pool as the number of jobs were created.""",2011-12-05,,tracer,Refuted,"[{""bias"": ""Just-world hypothesis"", ""confidence"": 0.4469}]",Refuted,
tracer_dev_12100,"President Donald Trump ""can’t say anything (about the U.S. Capitol riot) because the platforms have removed him.""",2021-01-17,,tracer,Refuted,,Supported,
tracer_test_13794,"""Pope Benedict XVI and the Vatican requested that President Biden not attend Benedict’s funeral.""",2023-01-04,,tracer,Refuted,,Refuted,
tracer_train_1978,"""While President Obama says all options are on the table for preventing a nuclear Iran, Hagel says military action is not a viable, feasible, responsible option.""",2012-12-19,,tracer,Refuted,,Supported,
tracer_train_5872,"""You are three times more likely to be able to get a mortgage if you're a white applicant than if you're black or Hispanic, even if you have the same credentials.""",2016-02-18,,tracer,Refuted,,Supported,
tracer_train_8610,"""Democrats are nowhere to be found on DACA.""",2018-03-05,,tracer,Refuted,,Refuted,
tracer_train_2770,"""In states where the federal government helps run these (health care) marketplaces, the average American will have more than 50 different plans to choose from, with different levels of coverage.""",2013-09-26,,tracer,Half-True,"[{""bias"": ""curse of knowledge"", ""confidence"": 0.4496}]",Supported,
tracer_train_8426,"""Seventy four percent of Californians are absolutely against sanctuary state"" policies.",2018-01-02,,tracer,Refuted,,Refuted,
tracer_train_10531,"""The fact is that right now the vast majority of Democrats do not support Medicare for All.""",2019-11-20,,tracer,Refuted,,Refuted,
tracer_train_11759,"""BREAKING NEWS: All Charges Dropped for Kyle Rittenhouse.""",2020-10-13,,tracer,Refuted,,Refuted,
tracer_train_11021,"""Even President Trump’s own EPA has admitted that this rule (on air pollutants) threatens to cause serious health problems including brain damage and death and to inflict billions of dollars of economic damage on our struggling economy.""",2020-04-16,,tracer,Half-True,,Supported,
tracer_train_8394,"The House tax bill has ""a lot more permanent relief for middle-income and even lower-income families"" than the Senate bill does.",2017-12-10,,tracer,Half-True,"[{""bias"": ""Whole only effect"", ""confidence"": 0.5427}]",Refuted,
tracer_test_13154,"""Moderna patent uncovers horror nanocensor contained in bioweapon.""",2021-12-08,,tracer,Refuted,"[{""bias"": ""curse of knowledge"", ""confidence"": 0.5573}]",Refuted,
tracer_train_6032,"""Out of 67 counties (in Florida), I won 66, which is unprecedented. It's never happened before.""",2016-03-21,,tracer,Refuted,"[{""bias"": ""hindsight bias"", ""confidence"": 0.7779}]",Refuted,
tracer_train_6369,"""Despite the rhetoric from Democrat politicians, more people are employed this year than at any point in the history of Wisconsin.""",2016-06-03,,tracer,Half-True,"[{""bias"": ""Availability heuristic"", ""confidence"": 0.3609}]",Supported,
tracer_train_9366,"Says ""Bob Casey voted in favor of deadly sanctuary cities that released thousands upon thousands of illegal alien criminals and vicious gang members to prey on Pennsylvania streets, to prey all over this country.""",2018-10-10,,tracer,Refuted,,Refuted,
tracer_test_13622,"""Roe v. Wade happened because a woman lied about being raped by black men.""",2022-05-03,,tracer,Refuted,"[{""bias"": ""hindsight bias"", ""confidence"": 0.3407}]",Refuted,
tracer_train_2649,"Wisconsin’s criminal threshold for drunken-driving is ""way out of line"" with ""states surrounding us,"" which ""have the second offense as a felony.""",2013-08-15,,tracer,Refuted,,Refuted,
tracer_dev_12411,"Says the nation is locked down and there’s ""a wide open border.""",2021-04-07,,tracer,Refuted,,Refuted,
tracer_train_8536,"""In the 1980s, the state funded 68% of school expenses, and now the state’s share is 38%.""",2018-02-06,,tracer,Half-True,,Supported,
tracer_train_2376,"""Over the last 10 years, Texas created 33 percent of the net new jobs nationwide.""",2013-05-09,,tracer,Supported,"[{""bias"": ""hindsight bias"", ""confidence"": 0.3919}]",Supported,
tracer_train_4294,"""Every time we've increased the minimum wage, we've seen a growth in jobs.""",2014-11-02,,tracer,Refuted,,Misleading,
tracer_dev_12799,"""Joe Biden is on a two-week vacation. Kamala Harris has been nonexistent since Inauguration Day. Jen Psaki is taking a break from her duties as press secretary for one week.""",2021-08-16,,tracer,Refuted,,Refuted,
tracer_train_11859,"""We will be over 290 electoral votes on Election Night ... no matter what they (Democrats) try to do, what kind of hijinks or lawsuits or whatever kind of nonsense they try to pull off.""",2020-11-01,,tracer,Refuted,,Refuted,
tracer_test_13243,"Novak Djokovic is the first professional athlete to be banned from a major sporting event for ""not taking drugs.""",2022-01-16,,tracer,Refuted,"[{""bias"": ""curse of knowledge"", ""confidence"": 0.3196}]",Refuted,
tracer_train_11068,The CDC recommends that only people with COVID-19 symptoms should wear masks.,2020-04-27,,tracer,Refuted,,Refuted,
tracer_train_4060,"""More than three women per day lose their lives at the hands of their partners.""",2014-09-11,,tracer,Supported,,Supported,
tracer_train_9717,"""The catalytic converter used in automobiles was invented in West Virginia.""",2019-02-10,,tracer,Refuted,"[{""bias"": ""curse of knowledge"", ""confidence"": 0.3029}]",Refuted,
tracer_test_13531,"""John Fetterman's a self-described democratic socialist.""",2022-04-05,,tracer,Refuted,"[{""bias"": ""curse of knowledge"", ""confidence"": 0.5208}]",Supported,
tracer_train_1105,"In 2011, Alabama and Massachusetts passed legislation allowing non-citizens who are legal residents to vote in state and local elections.",2012-05-16,,tracer,Refuted,"[{""bias"": ""curse of knowledge"", ""confidence"": 0.4814}]",Refuted,
tracer_train_9645,"""18 million illegal immigrants got their government checks this month"" while federal workers remain unpaid.",2019-01-21,,tracer,Refuted,"[{""bias"": ""Availability heuristic"", ""confidence"": 0.3203}]",Refuted,
tracer_train_9895,"""194,000 criminal aliens booked into Texas jails from 2011-2019 were charged with more than 299,000 criminal offenses.""",2019-04-02,,tracer,Half-True,"[{""bias"": ""hindsight bias"", ""confidence"": 0.3155}]",Supported,
tracer_dev_12063,"""Evidence growing that fascist ANTIFA orchestrated Capitol attack with clever mob control tactics.""",2021-01-07,,tracer,Refuted,,Refuted,
tracer_train_7541,"""John McCain was pardoned for treason""",2017-02-21,,tracer,Refuted,"[{""bias"": ""Just-world hypothesis"", ""confidence"": 0.356}]",Refuted,
tracer_train_7307,"""We would be just like North Carolina with HB2-like (transgender bathroom) legislation. It actually passed our chamber and I vetoed it.""",2016-11-30,,tracer,Refuted,,Supported,
tracer_train_8248,"""Many firearms experts determined the Las Vegas shooter’s use of a bump stock actually prevented more casualties and (injuries) due to its inconsistency, inaccuracy, and lack of control.""",2017-10-17,,tracer,Refuted,"[{""bias"": ""Outcome bias"", ""confidence"": 0.3036}]",Misleading,
tracer_train_10757,"""Amy, I looked online at your (health care) plan. It’s two paragraphs.""",2020-02-19,,tracer,Refuted,,Refuted,
tracer_train_7130,"Says Sen. Rob Portman says Ted Strickland earned $400,000 a year as a lobbyist after leaving Ohio for Washington.",2016-10-17,,tracer,Half-True,,Supported,
tracer_train_4798,"""I'm running for office with much more experience and qualifications than Barack Obama had when he ran.""",2015-04-25,,tracer,Half-True,,Refuted,
tracer_train_8437,"""I authorized Zero access to White House (actually turned him down many times) for author of phony book! I never spoke to him for book.""",2018-01-04,,tracer,Refuted,"[{""bias"": ""Whole only effect"", ""confidence"": 0.3422}]",Supported,
tracer_train_4316,"""It is senior citizens, not Hispanics, who are the fastest-growing demographic in this country.""",2014-11-10,,tracer,Refuted,"[{""bias"": ""curse of knowledge"", ""confidence"": 0.4626}]",Refuted,
tracer_train_3257,"Says ""(President) Reagan's second inaugural was moved inside the Capitol. It was. Because of a terrible snowstorm.""",2014-02-16,,tracer,Half-True,"[{""bias"": ""hindsight bias"", ""confidence"": 0.7258}]",Supported,
tracer_train_9222,"""Joe Manchin has a ‘D' rating from the NRA.""",2018-09-07,,tracer,Half-True,,Supported,
tracer_train_5494,"""When Chuck Schumer and Marco Rubio tried to push amnesty, it was Ted Cruz who stopped them.""",2015-11-06,,tracer,Refuted,,Supported,
tracer_train_3469,"""Eighty percent of Wall Street executives and their spouses' donations go to Democrats.""",2014-04-12,,tracer,Refuted,,Supported,
tracer_train_3261,"""When the Dallas/Fort Worth Airport needed to stop its earthquake spike a few years ago, they temporarily shut down the wells that were injecting fracking fluid into the ground ... (and) those earthquakes stopped.""",2014-02-17,,tracer,Supported,,Supported,
tracer_dev_11994,"""You know what the biggest lie is, is that restaurants are spreaders of COVID. There's no science for that.""",2020-12-08,,tracer,Refuted,,Refuted,
tracer_train_4492,"""There haven't been tax cuts for the rich"" in Rhode Island.",2015-01-18,,tracer,Refuted,,Refuted,
tracer_train_3276,"The Ukraine Orange Revolution in 2004 ""was the first color revolution.""",2014-02-23,,tracer,Refuted,,Refuted,
tracer_train_3160,Says Colorado food stamp recipients can use ATMs to get cash to buy marijuana.,2014-01-21,,tracer,Refuted,"[{""bias"": ""curse of knowledge"", ""confidence"": 0.5231}]",Refuted,
tracer_train_1453,"Says under Wisconsin law, he cannot remove his name from the ballot for re-election to Congress.",2012-08-12,,tracer,Supported,,Supported,
tracer_train_4278,"Says the 1956 Republican Party platform supported equal pay, the minimum wage, asylum for refugees, protections for unions and more.",2014-10-28,,tracer,Half-True,,Supported,
tracer_train_3285,"Says the U.S. Supreme Court found that ""Social Security is not guaranteed.""",2014-02-25,,tracer,Supported,"[{""bias"": ""curse of knowledge"", ""confidence"": 0.3011}]",Supported,
tracer_train_1177,"Says Robert Menendez is ""the king of raising money from Wall Street, over a million dollars, one of the leaders in the United States Senate. I haven’t raised any Wall Street money at all.""",2012-06-06,,tracer,Refuted,,Misleading,
tracer_train_400,"""Because of Barack Obama 32 million new people will have healthcare.""",2011-11-02,,tracer,Half-True,"[{""bias"": ""curse of knowledge"", ""confidence"": 0.3202}]",Supported,
tracer_train_6951,"""Thirty-one percent of school districts are still receiving less funding per pupil than they did prior to the dramatic budget cuts of 2011.""",2016-09-19,,tracer,Half-True,,Supported,
tracer_train_2850,"Says under President Barack Obama, the debt increased by 23 percent, which was less than under any president going back to Ronald Reagan.",2013-10-20,,tracer,Refuted,"[{""bias"": ""hindsight bias"", ""confidence"": 0.4141}]",Supported,
tracer_train_10304,"""That’s 5,615 projected coal-powered plants in just 8 countries. The USA has 15 - building 0 more.""",2019-08-23,,tracer,Refuted,,Supported,
tracer_train_8412,"""We have roughly between 85,000 (and) 95,000 open jobs in Wisconsin.""",2017-12-21,,tracer,Half-True,,Supported,
tracer_train_431,"Says ""we’re losing one voter every 13 minutes.""",2011-11-14,,tracer,Half-True,,Refuted,
tracer_test_13320,"""Nevada ranks 50th in election integrity ratings.""",2022-02-02,,tracer,Refuted,"[{""bias"": ""Availability heuristic"", ""confidence"": 0.4491}]",Refuted,
tracer_train_460,Says Mitt Romney flip-flopped on a taxpayer protection pledge.,2011-11-28,,tracer,Supported,"[{""bias"": ""Whole only effect"", ""confidence"": 0.4756}]",Supported,
tracer_train_6318,"""The only two (Donald Trump tax returns) we have show that he hasn't paid a penny in taxes.""",2016-05-22,,tracer,Refuted,,Refuted,
tracer_train_4613,The infant mortality rate is 15 percent higher in states with right-to-work laws.,2015-02-25,,tracer,Half-True,,Supported,
tracer_train_7738,Says police officers smoke marijuana once a year as part of their jobs.,2017-04-20,,tracer,Refuted,"[{""bias"": ""illusion of control"", ""confidence"": 0.3125}]",Refuted,
tracer_dev_12750,"Says Joe Biden and Democrats ""have done absolutely nothing to help families struggling to keep up with inflation.""",2021-07-30,,tracer,Refuted,,Refuted,
