claim_id,claim,claim_date,speaker,source,label,detected_biases,prediction,prediction_error
2309.04053v2_0_T,Hypersonic vehicles experience heat fluxes that are 3-7 orders of magnitude greater than the 1.4 kW/m² heat flux from the sun.,2023-09-01,,matteroffact,Supported,,Supported,
2206.14013v1_9_F,"AlOx-Cu multi-layered nanocomposites display reflectance patterns at 2.0 eV that are consistent with the reflectance patterns of pure copper, which reaches its maximum at this energy.",2022-06-01,,matteroffact,Refuted,,Supported,
2309.01755v1_4_F,"Pb₁₀(PO₄)₆O₄ hosts a 2D nodal surface on the k_x=0 plane, protected by mirror symmetry alone.",2023-09-01,,matteroffact,Refuted,,Supported,
2304.08446v4_7_T,The ALIGNN deep learning model achieved a 52% success rate in identifying materials with DFT-computed critical temperatures above 5K from the CDVAE-generated structures.,2023-04-01,,matteroffact,Supported,,Supported,
2303.02540v1_4_T,"Multi-component rare-earth disilicates exhibit Young's modulus and coefficient of thermal expansion values that closely follow the rule of mixtures, with relative RMS deviations of 0.036 and 0.143 respectively.",2023-03-01,,matteroffact,Supported,,Supported,
2211.13164v1_15_F,"The upper value for Na-ion diffusion length within the muon mean lifetime (2.2 μs) in pure NaCr₂O₄ at 475K is approximately 5.0 Å, which is longer than the unit cell length along the diffusion direction (2.91 Å).",2022-11-01,,matteroffact,Refuted,,Supported,
2202.01918v2_2_F,"The maximum crystal growth velocity in GST-225 is approximately 5.0 m/s at around 300°C, which significantly exceeds the theoretical prediction of 2.5 m/s from density functional theory calculations.",2022-02-01,,matteroffact,Refuted,,Supported,
2210.10242v2_5_T,"The Mu_KT component in MgH₂ corresponds to the Mu_i⁻ state associated with the acceptor level, exhibiting significant outward relaxation of surrounding H⁻ ions.",2022-10-01,,matteroffact,Supported,,Supported,
2304.04986v3_3_F,"In Li-Mn-O-F disordered rocksalt cathodes, increasing the fluorine content results in higher initial discharge capacity and improved capacity retention after 30 cycles.",2023-04-01,,matteroffact,Refuted,,Supported,
2307.04750v1_17_F,"The calculated quantum oscillation frequencies for CsTi₃Bi₅ differ from experimental measurements by more than 100%, with the lowest calculated frequency being 500 T compared to the 200 T experimental value.",2023-07-01,,matteroffact,Refuted,,Refuted,
2302.14231v2_8_F,CHGNet can only perform molecular dynamics simulations with fixed electronic states that do not evolve during the simulation.,2023-02-01,,matteroffact,Refuted,,Refuted,
2306.15502v1_8_T,Scanning NV Magnetometry can distinguish performance differences between different MRAM etch processes that are not detectable by polar MOKE magnetometry,2023-06-01,,matteroffact,Supported,,Supported,
2210.03397v3_3_T,Void formation in the UFG AlMgZnCuAg crossover alloy only occurs at radiation doses above 75 displacements-per-atom (dpa),2022-10-01,,matteroffact,Supported,,Refuted,
2308.07295v3_0_T,"Cu-doped lead apatite (Pb₁₀(PO₄)₆O) remains a wide bandgap insulator with localized S=1/2 charges on Cu ions, even without electron correlation corrections in density functional theory calculations.",2023-08-01,,matteroffact,Supported,,Supported,
2308.00800v1_13_T,"The 2D phase-field model for fatigue crack growth in aluminum sheets cannot capture three-dimensional effects such as crack tunneling, slant crack growth, and variations in the crack front, which affect crack closure behavior and crack propagation rates.",2023-08-01,,matteroffact,Supported,,Supported,
2308.14223v1_4_T,"For a given Carbopol concentration, the ultimate tensile stress in extension increases when 1 wt% PEO is added to the Carbopol suspension.",2023-08-01,,matteroffact,Supported,,Supported,
2209.05554v2_16_F,The ALIGNN-FF model is computationally more expensive than DFT calculations while offering lower accuracy than classical force fields,2022-09-01,,matteroffact,Refuted,,Refuted,
2306.02233v1_8_T,Density functional theory calculations predict that rocksaline MgWN2 has an indirect bandgap of 1.18 eV,2023-06-01,,matteroffact,Supported,,Supported,
2204.04525v1_3_F,"Phase separation microstructures in intercalation materials form randomly without relation to coherency stresses, and the pattern type is independent of the magnitude of lattice misfit between lithiated and delithiated phases.",2022-04-01,,matteroffact,Refuted,,Refuted,
2307.02870v1_14_T,Increasing the conductivity and diffusivity of the electrolyte by a factor of 10 eliminates the performance differences between hierarchically structured electrodes of different thicknesses (46-154 μm),2023-07-01,,matteroffact,Supported,,Refuted,
2307.04750v1_13_T,"The calculated low-frequency quantum oscillations in CsTi₃Bi₅ (213 T, 336 T, and 542 T) match experimental observations (200/217 T, 281 T, 498/594 T), and the predicted π phase shift for the 336 T orbit is consistent with the experimentally observed π phase shift for a similar 281 T orbit.",2023-07-01,,matteroffact,Supported,,Supported,
2303.10621v4_7_T,"The Debye temperature of fcc 4He calculated using the frequency matrix is 174K, which is close to the indirect experimental estimation of 154K.",2023-03-01,,matteroffact,Supported,,Supported,
2306.03096v2_16_T,The electronic structure reorganization during delithiation from LiCoO₂ to CoO₂ is primarily driven by changes in the charge transfer energy rather than by the small structural changes in the crystal lattice.,2023-06-01,,matteroffact,Supported,,Supported,
2305.11842v2_16_T,JARVIS ensures openness of data and tools to enhance reproducibility and transparency and to promote a healthy and collaborative scientific environment.,2023-05-01,,matteroffact,Supported,,Supported,
2206.01072v1_8_T,"The spin-spiral wavelength in Fe chains on Re(0001) surface determined by ab initio energy minimization is approximately 3.4 times the in-plane lattice constant, which is close to the experimental value of 4 times the in-plane lattice constant measured for a 40-atom chain.",2022-06-01,,matteroffact,Supported,,Supported,
2204.05252v1_15_T,"Surface charges in rhombohedral HfO₂ slabs affect the polarization through two mechanisms: coupling between compressive strain and the phase-transition order parameter, and changes in the ferroelectric distortion pattern.",2022-04-01,,matteroffact,Supported,,Supported,
2205.05754v1_0_F,The simplified continuum dislocation dynamics model requires more computational resources than previous approaches due to its complex mathematical formulation,2022-05-01,,matteroffact,Refuted,,Refuted,
2308.16621v1_11_F,"Quantitative microstructure data is abundant in metal additive manufacturing literature, enabling machine learning to fully capture process-microstructure-property relationships",2023-08-01,,matteroffact,Refuted,,Supported,
2211.13164v1_4_T,"Ca doping in Na_xCa_{1-x}Cr_2O_4 changes the Cr oxidation state from mixed valence Cr³⁺/Cr⁴⁺ toward pure Cr³⁺, resulting in expanded CrO6 octahedra and weaker Na-O bonds.",2022-11-01,,matteroffact,Supported,,Supported,
2308.05437v1_8_T,"As the δ/r_o ratio increases from 0.01 to 0.4, the relationship between apparent thermal conductivity (K_app) and film thermal conductivity (K_f) transitions from highly concave to linear, with 0.4 marking the critical transition from thin film to bulk behavior.",2023-08-01,,matteroffact,Supported,,Supported,
2301.11626v1_5_F,Voltage-controlled switching between ferromagnetic and antiferromagnetic RKKY coupling states enables complete 180-degree reversal of magnetization at zero magnetic field.,2023-01-01,,matteroffact,Refuted,,Supported,
2303.00742v2_16_T,Rashba spin-orbit coupling with a coupling constant as large as 2 meV has negligible effect on the critical temperature of superconductivity in Bernal bilayer graphene due to the sublattice polarization of electronic states near the Fermi level.,2023-03-01,,matteroffact,Supported,,Refuted,
2203.09600v1_2_F,"The non-parabolicity of the conduction band in ITO decreases the effective mass of electrons during intraband transitions, leading to an increase in plasma frequency.",2022-03-01,,matteroffact,Refuted,,Supported,
2308.05437v1_14_T,"Conventional thermal conductivity measurement methods such as steady state, 3ω, photo acoustic, thermal microscopy, and thermo-reflectance methods are invasive and either damage the sample or require extensive sample preparation.",2023-08-01,,matteroffact,Supported,,Refuted,
2304.04986v3_15_F,Training DRXNet on data from materials with only two transition metals is sufficient to accurately predict the performance of high-entropy disordered rocksalt cathodes with more than three transition metals.,2023-04-01,,matteroffact,Refuted,,Refuted,
2301.01139v1_6_T,"Under high pressure, elements can adopt unusual oxidation states that are not observed at ambient conditions, such as cesium forming anions and mercury using its semicore 5d electrons for bonding.",2023-01-01,,matteroffact,Supported,,Supported,
2210.10242v2_11_T,"The nuclear dipolar linewidth (Δ_d) of the Mu_d component in MgH₂ is 2.71 ± 0.02 MHz, which corresponds to a H-Mu distance of 0.083 nm.",2022-10-01,,matteroffact,Supported,,Supported,
2211.10404v1_1_T,Tensile-strained SrCoO₃ thin films undergo a spin state transition from intermediate-spin to high-spin Co ions as strain increases beyond 2.5%,2022-11-01,,matteroffact,Supported,,Supported,
2308.05532v1_14_T,The small size of metal matrix syntactic foam specimens used in thermal diffusivity measurements results in statistical variations in measured thermal parameters even between samples of the same type.,2023-08-01,,matteroffact,Supported,,Supported,
2204.07318v3_2_T,The stable hexagonal-close-packed (HCP) structure of aluminum under high pressure has an axial ratio (c/a) of 1.62 rather than the ideal value of √(8/3) ≈ 1.633.,2022-04-01,,matteroffact,Supported,,Supported,
2303.00742v2_10_F,"The proximity-induced Ising spin-orbit coupling in the Bernal bilayer graphene device is 5.0 meV, as measured by Landau level coincidences.",2023-03-01,,matteroffact,Refuted,,Supported,
2209.12517v2_6_T,"The theoretical phonon spectrum of hexagonal uranium shows a stiffening of the phonon mode at the M point as the c/a ratio increases, with a crossover to positive (real) phonon energies occurring between c/a ratios of 1.84 and 1.95.",2022-09-01,,matteroffact,Supported,,Supported,
2203.11013v1_16_T,"The standard corrosion limit window used for calculating the maximum driving force (MDF) is defined as pH between 2.5 and 12.5, potential between -500 mV and 750 mV (vs. SHE), solute activity of 10⁻⁶, temperature of 25°C, and pressure of 1 atm",2022-03-01,,matteroffact,Supported,,Supported,
2304.08966v2_0_T,"Long-range equivariant (LODE) representations accurately capture the non-local charge-density response in metal electrodes, enabling precise prediction of electronic polarization at increasing electrode thicknesses.",2023-04-01,,matteroffact,Supported,,Supported,
2304.08110v5_7_F,Inserting a π-flux through a three-dimensional time-reversal invariant topological insulator or superconductor with dissipation at one boundary results in Majorana zero modes localized on the π-flux,2023-04-01,,matteroffact,Refuted,,Supported,
2301.11689v3_9_F,"BERT-PSIE requires extensive training datasets with millions of labeled examples to achieve acceptable performance, making it impractical for most extraction tasks.",2023-01-01,,matteroffact,Refuted,,Refuted,
2204.05721v1_6_F,Dwell fatigue in titanium alloys intensifies at temperatures above 145°C due to increased strain rate sensitivity and plastic strain accumulation,2022-04-01,,matteroffact,Refuted,,Supported,
2303.09576v1_3_T,"The chemical potential of aluminum determines which type of planar defect is dominant in the C36 Laves phase, with hcp-like planar defects becoming dominant at higher Al chemical potentials and basal stacking faults dominant at lower Al chemical potentials",2023-03-01,,matteroffact,Supported,,Supported,
2204.13789v2_15_F,The optimization of effective cluster interactions using the $\ell_0\ell_2$-norm regularization with mixed integer quadratic programming required over 3600 seconds for both the Li-Mn-V-Ti-O-F and Li-Mn-Ti-O systems using the Gurobi package.,2022-04-01,,matteroffact,Refuted,,Refuted,
2304.08110v5_4_F,"The point-gap topology destabilizes topological boundary modes by enhancing their mixing with bulk states, thereby widening the energy gaps in finite-sized systems",2023-04-01,,matteroffact,Refuted,,Refuted,
2207.11317v1_14_F,"The physically-based model for strain aging in ultra-low carbon steel fully accounts for backstresses and kinematic hardening effects, making it suitable for predicting the mechanical response in fully reversed strain paths such as tension-compression tests.",2022-07-01,,matteroffact,Refuted,,Supported,
2206.01072v1_5_T,The magnetic moments of Fe atoms in chains on Nb(110) surface are approximately 1 μB less than those in chains on Rh(111) surface due to volume effects.,2022-06-01,,matteroffact,Supported,,Supported,
2210.06735v1_2_F,"The Al-MoS₂@rGO anode material demonstrates capacity retentions of 95% and 85% at current densities of 0.1 and 0.3 A/g, respectively, over 200 cycles with a Coulombic efficiency of nearly 100%.",2022-10-01,,matteroffact,Refuted,,Supported,
2207.11317v1_14_T,"The physically-based model for strain aging in ultra-low carbon steel does not account for effects arising from backstresses and kinematic hardening, which are important for fully reversed strain paths such as tension-compression tests.",2022-07-01,,matteroffact,Supported,,Supported,
2206.15070v1_13_T,Modified Z-phase in 12Cr1MoV steel forms primarily through the direct transformation of MX carbonitrides by chromium diffusion rather than by nucleation of new particles.,2022-06-01,,matteroffact,Supported,,Supported,
2309.04053v2_16_F,Computational modeling of hypersonic materials has reached maturity with comprehensive validated models that accurately predict material behavior across all relevant length and time scales.,2023-09-01,,matteroffact,Refuted,,Refuted,
2210.10242v2_12_F,"The precession frequency (ω_3S) of the H-Mu-H three-spin system in MgH₂ is 5.2 MHz, corresponding to a H-Mu distance of 0.078 nm.",2022-10-01,,matteroffact,Refuted,,Refuted,
2206.14013v1_10_T,The interfaces between aluminum oxide and copper layers in SALAD-produced nanocomposites likely exhibit significant roughness and chemical diffusion that affect their optical properties.,2022-06-01,,matteroffact,Supported,,Supported,
2210.01894v1_3_T,"The two-step nucleation pathway observed in Al₂₅Ni₇₅ is influenced by the nucleation behavior of pure Ni, while the single-step nucleation in Al₅₀Ni₅₀ is not explained by the nucleation behaviors of pure Al or Ni.",2022-10-01,,matteroffact,Supported,,Supported,
2309.07046v1_9_T,"The magnetic moments on transition metal atoms in the ground states of magnetic α-ATB₄ compounds are typically close to 1 μB, which is larger than the magnetic moment in ferromagnetic nickel (0.6 μB).",2023-09-01,,matteroffact,Supported,,Refuted,
2303.04621v2_7_F,"All Type 1 and Type 2 twins in cubic lattices must be compound twins, meaning every Type 1 twin is also a Type 2 twin and vice versa.",2023-03-01,,matteroffact,Refuted,,Refuted,
2308.00412v2_16_F,"The annealing process of yttrium iron garnet (YIG) thin films on gadolinium gallium garnet (GGG) substrates prevents interdiffusion at the interface, resulting in atomically sharp interfaces with no magnetic dead layers or increased ferromagnetic resonance linewidth.",2023-08-01,,matteroffact,Refuted,,Refuted,
2303.07504v1_2_T,Kinetic barriers for nucleation of bulk precipitates can be sufficiently high to make thermodynamically metastable defect phases the dominant reaction pathway for excess solutes.,2023-03-01,,matteroffact,Supported,,Supported,
2211.15972v1_14_F,Oxygen doping at the I1 site in bilayer CrI3 reduces the interlayer distance by approximately 0.08 Å,2022-11-01,,matteroffact,Refuted,,Supported,
2301.01139v1_0_F,"Under high pressure, alkali metals like cesium maintain their s-orbital electronic configuration, preserving their chemical behavior as alkali metals.",2023-01-01,,matteroffact,Refuted,,Refuted,
2308.04594v2_0_F,Cerium-substituted strontium hexaferrite is chemically stable with negative formation energy when cerium replaces iron in the crystal structure.,2023-08-01,,matteroffact,Refuted,,Supported,
2306.07746v1_3_F,Structure search results for the Lu-N-H system contradict previous studies by identifying completely different stable structures.,2023-06-01,,matteroffact,Refuted,,Supported,
2209.05554v2_1_F,The ALIGNN-FF model achieves a mean absolute error (MAE) of 0.01 eV/Å for force predictions on the test dataset,2022-09-01,,matteroffact,Refuted,,Supported,
2306.13006v2_4_F,"In thin-film solar cells, the characteristic recombination times (nanoseconds) are typically comparable to or shorter than the characteristic drift times (microseconds), making recombination the dominant loss mechanism.",2023-06-01,,matteroffact,Refuted,,Supported,
2303.11178v1_14_T,The electronic structure calculations for SnTaS₂ were performed using density functional theory with the Perdew-Burke-Ernzerhof generalized gradient approximation and a plane-wave cutoff energy of 420 eV.,2023-03-01,,matteroffact,Supported,,Supported,
2306.00139v1_14_T,Lone pair rotations in superionic AgI (0.4-0.5 ps) are slower than similar rotations in cesium tin halide perovskites (0.04-0.1 ps).,2023-06-01,,matteroffact,Supported,,Refuted,
2203.16766v2_0_F,The computational cost of simulating light propagation at oblique incidence using the multiscale Maxwell-TDDFT method is substantially lower than that of simulating light propagation at normal incidence,2022-03-01,,matteroffact,Refuted,,Refuted,
2303.01108v1_2_T,"In La₀.₅Sr₀.₅Co₁₋ₓNbₓO₃, Nb substitution dilutes the ferromagnetic double exchange interaction, enhances antiferromagnetic super-exchange interaction, and leads to the emergence of a magnetic glassy state for x>0.1.",2023-03-01,,matteroffact,Supported,,Supported,
2308.01135v4_13_F,"The electron localization function analysis of LK-99 shows that Cu forms strong covalent bonds with its neighboring oxygen atoms, with the ELF indicating significant electron sharing between Cu and O.",2023-08-01,,matteroffact,Refuted,,Supported,
2304.07326v2_14_T,"The reflectivity minimum of hydrogen-deficient LuH1.750 occurs at 550 nm at ambient conditions, resulting in a pink color rather than the blue color observed in pure LuH2.",2023-04-01,,matteroffact,Supported,,Supported,
2303.09576v1_7_F,"Planar defects in the C36 Laves phase form spontaneously during cooling without requiring any deformation, due to their negative formation energy",2023-03-01,,matteroffact,Refuted,,Supported,
2303.07504v1_8_T,"In the experimental Mg-4wt.%Al-4wt.%Ca alloy, the initial Al chemical potential is -0.19 eV, which decreases to a final value of -0.27 eV after planar defect formation.",2023-03-01,,matteroffact,Supported,,Supported,
2302.14072v1_4_T,"At the optimized interlayer distance of 5.8 Å in Ta-dichalcogenide bilayers, the flat bands of the 1T layer are completely empty and positioned approximately 0.1 eV above the Fermi energy.",2023-02-01,,matteroffact,Supported,,Supported,
2203.16766v2_2_F,"At the interface between a medium and vacuum, both the X-component and Z-component of the vector potential are continuous for oblique incidence of light",2022-03-01,,matteroffact,Refuted,,Supported,
2205.05157v1_3_F,"The r13 electro-optic coefficient is calculated using the formula r13 = Δno/(no·ΔV), where Δno is the change in ordinary refractive index, no is the ordinary refractive index, and ΔV is the applied voltage.",2022-05-01,,matteroffact,Refuted,,Supported,
2208.07823v1_15_T,"In Na2.25Y0.25Zr0.75Cl6, DFT calculations indicate that Na preferentially occupies prismatic sites over octahedral sites, although the energy penalty for octahedral site occupation is relatively small (5-25 meV atom-1).",2022-08-01,,matteroffact,Supported,,Supported,
2203.11013v1_5_T,"Manganese, iron, cobalt, nickel, and copper are more likely to experience multiphase competition during electrochemical oxidation due to multiple oxides, hydroxides, and oxyhydroxides having sizeable maximum driving forces",2022-03-01,,matteroffact,Supported,,Supported,
2304.13927v1_5_T,"NIMS-OS requires a candidates file listing all possible experimental conditions as a materials search space, which is updated with objective function values as experiments are performed.",2023-04-01,,matteroffact,Supported,,Supported,
2205.05754v1_10_F,"The dislocation glide velocity in the model follows a power-law relationship with the effective resolved shear stress, described by vᵛ = v₀(τeffᵛ/τ₀)ⁿ where n is a stress exponent",2022-05-01,,matteroffact,Refuted,,Supported,
2202.01652v1_0_T,Orthorhombic distortions in SrRuO₃ films are suppressed within 2-3 unit cells at the interface with SrTiO₃ substrates due to structural coupling with the cubic substrate.,2022-02-01,,matteroffact,Supported,,Supported,
2211.05713v2_0_F,"LGPS solid electrolyte undergoes a Li+ sublattice phase transition around 400 K, above which the c-channel diffusivity is drastically reduced while ab-plane diffusivity remains comparatively high.",2022-11-01,,matteroffact,Refuted,,Supported,
2303.12924v1_6_F,"The GPR model for precipitate morphology in Co-based superalloys achieves higher accuracy than the GPR model for precipitate size, with both models having similar noise tolerance requirements.",2023-03-01,,matteroffact,Refuted,,Supported,
2305.04262v3_1_T,FIB-patterned Nb films exhibit local maxima in their magnetization loops at approximately 50 Oe when the magnetic field is decreased from full penetration,2023-05-01,,matteroffact,Supported,,Supported,
2305.11961v1_11_T,"The 4D Camera enables phase contrast imaging techniques such as differential phase contrast (DPC) and ptychography, which can simultaneously image weakly and strongly scattering atoms in materials",2023-05-01,,matteroffact,Supported,,Supported,
2304.06457v1_8_T,Coercivity enhancement in Cu-substituted SmCo₅ thin films results from both increased intrinsic magnetic anisotropy due to Cu substitution at Co₃ₓ sites and extrinsic effects from nanoscale inhomogeneities in Cu and Co distribution,2023-04-01,,matteroffact,Supported,,Supported,
2309.05880v3_14_F,"Around the R point in RhGe, only d-wave pairing is possible, which would lead to a nodal-line superconductor that preserves time-reversal symmetry.",2023-09-01,,matteroffact,Refuted,,Supported,
2308.16621v1_1_T,"The highest Spearman's correlation coefficient between any process parameter and output property in metal additive manufacturing literature data is 0.31, occurring between laser power and elongation",2023-08-01,,matteroffact,Supported,,Refuted,
2212.03527v1_3_F,The size advantage of Cube subgrains typically observed in aluminum alloys is enhanced in Al-Mn alloys with concurrent precipitation due to reduced drag from dispersoids.,2022-12-01,,matteroffact,Refuted,,Supported,
2302.01465v1_1_F,The unsupervised learning methodology for analyzing atomic arrangements has direct applications in semiconductor manufacturing.,2023-02-01,,matteroffact,Refuted,,Supported,
2306.12034v1_11_T,Increasing the evaporation rate of bismuth during co-evaporation enhances the formation of NiBi₃ compound and increases the surface roughness of the resulting films.,2023-06-01,,matteroffact,Supported,,Supported,
2202.00542v3_1_T,The activation barrier for water addition to CO is approximately 6 kJ/mol lower on a thin film of Pt on Al(111) compared to pure Pt(111),2022-02-01,,matteroffact,Supported,,Supported,
2206.01072v1_16_T,"Higher-order chiral spin-spin interactions are necessary to accurately determine the magnetic ground state of Fe chains on Nb(110) surface, as evidenced by the discrepancy in rotational sense of spin-spiral states between direct ab initio calculations and bilinear spin model results.",2022-06-01,,matteroffact,Supported,,Supported,
2212.03990v2_9_F,"The average cation-water coordination number decreases significantly from 8.0 to 3.0 as concentration increases from 0.5 M to 6 M for all three alkali cations (Li+, Na+, K+).",2022-12-01,,matteroffact,Refuted,,Refuted,
2211.13164v1_1_T,The Na-ion diffusion in Na_xCa_{1-x}Cr_2O_4 occurs through an interstitial mechanism with highly correlated jumps.,2022-11-01,,matteroffact,Supported,,Supported,
2302.14072v1_9_T,"The zero-bias peak observed in tunneling spectra of Ta-dichalcogenide bilayers originates from metallic screening by itinerant charge carriers within the partially filled 1T layer, not from Kondo screening.",2023-02-01,,matteroffact,Supported,,Supported,
2303.11178v1_2_T,The surface states SS2 and SS5 in SnTaS₂ that cross the Fermi level are spin-polarized with opposite spin orientations on their split branches.,2023-03-01,,matteroffact,Supported,,Supported,
2306.00139v1_7_F,"In superionic AgI, direct coordination of silver cations by iodide lone pairs involves bent I⁻-lone pair-Ag+ arrangements with lone pair-Ag+ distances of approximately 4 Å.",2023-06-01,,matteroffact,Refuted,,Supported,
2204.07318v3_3_T,The structural phase transitions of aluminum under high pressure are accompanied by volume discontinuities of -0.67% for the FCC to HCP transition and -0.90% for the HCP to BCC transition.,2022-04-01,,matteroffact,Supported,,Supported,
2309.13514v2_4_F,"CsCr₃Sb₅ maintains Fermi-liquid behavior across all pressures, with the temperature exponent of resistivity consistently remaining at α ≈ 2.0 even at the critical pressure of 4 GPa.",2023-09-01,,matteroffact,Refuted,,Refuted,
2307.13990v1_10_T,The Rashba surface states in the Al/Au heterostructure are localized at the Au-vacuum interface and hybridize with Al-derived states only at larger momentum values.,2023-07-01,,matteroffact,Supported,,Supported,
2304.02909v1_10_T,"In Al0.74Sc0.26N films, the nucleation of polar inversion domains switching from N-polarity to M-polarity initiates at the top electrode interface and propagates toward the bottom interface.",2023-04-01,,matteroffact,Supported,,Supported,
2303.07719v1_9_F,"Molecular dynamics simulations of α-AgI were performed using a 2×2×2 supercell (10.21 × 10.21 × 10.21 Å) containing 64 Ag and I ions, with a time-step of 0.001 ps and simulation duration of 1 ns.",2023-03-01,,matteroffact,Refuted,,Supported,
2303.12924v1_6_T,"The GPR model for precipitate size in Co-based superalloys achieves higher accuracy than the GPR model for precipitate morphology, with the latter requiring higher noise tolerance to avoid overfitting.",2023-03-01,,matteroffact,Supported,,Supported,
2308.05532v1_5_F,"The heat flux relaxation time (τq) for AlSi7Mg matrix syntactic foams with ceramic hollow sphere fillers ranges from 0.5 to 1.0 seconds, with an average value of approximately 0.75 seconds.",2023-08-01,,matteroffact,Refuted,,Supported,
2307.00878v1_3_T,Configurational entropy is the primary factor driving the stabilization of α-Li₃PS₄ at high temperatures relative to β-Li₃PS₄.,2023-07-01,,matteroffact,Supported,,Refuted,
2303.00846v1_16_T,"Magnetic decoration reveals individual vortex positions by depositing ferromagnetic particles that are attracted to the local field gradient of each vortex, allowing imaging of thousands of vortices in extended fields of view.",2023-03-01,,matteroffact,Supported,,Supported,
2208.07823v1_9_F,"The design of high conductivity chloride solid electrolytes should focus primarily on maximizing crystallinity and minimizing cation disorder, which can be achieved through slow cooling from high temperatures.",2022-08-01,,matteroffact,Refuted,,Supported,
2307.03717v1_14_F,"For accurate modeling of disordered rocksalt cathodes, an ensemble of at least 100 structures with 240 atoms per supercell (Li78Mn24Nb18O96F24) is necessary to capture the variance in local chemical environments and produce reliable voltage profiles.",2023-07-01,,matteroffact,Refuted,,Supported,
2307.13990v1_3_T,Experimental detection of finite-energy pairing in Al/Au heterostructures requires an energy resolution of approximately 10-20 μeV and operating temperatures of 30-60 mK.,2023-07-01,,matteroffact,Supported,,Supported,
2304.10279v2_12_T,The method for extending intergranular normal-stress distributions is applicable to predicting the onset of grain boundary damage in materials where failure begins in the elastic regime.,2023-04-01,,matteroffact,Supported,,Supported,
2207.11317v1_0_F,Strain aging in ultra-low carbon steel only affects the yield strength without changing the work hardening rate of the material.,2022-07-01,,matteroffact,Refuted,,Refuted,
2202.01652v1_7_T,"The formation of multiple rotational domains in SrRuO₃ films is influenced by the miscut angle and direction of the SrTiO₃ substrate, with more tilted terraces promoting the formation of different crystallographic domains.",2022-02-01,,matteroffact,Supported,,Supported,
2305.11842v2_5_F,"Diffusion Monte Carlo calculations determine the lattice constants of T-VSe2 and H-VSe2 to be identical at 3.40 Å, with the T-phase being energetically more favorable by 0.10 eV per formula unit.",2023-05-01,,matteroffact,Refuted,,Supported,
2204.13789v2_1_F,The $\ell_1$-norm regularized cluster expansion converges to its full-dataset solution faster than the $\ell_0\ell_2$-norm regularized cluster expansion when trained on subsets of increasing size in the Li-Mn-V-Ti-O-F system.,2022-04-01,,matteroffact,Refuted,,Refuted,
2211.15972v1_12_F,As-doping in bilayer CrI3 has minimal effect on the charge distribution in the interlayer space,2022-11-01,,matteroffact,Refuted,,Supported,
2305.04262v3_8_F,The field-induced weak-to-strong-link transformation in patterned superconducting films can be exploited for developing high-frequency oscillators operating in the terahertz range,2023-05-01,,matteroffact,Refuted,,Supported,
2304.03740v1_16_T,"Statistical analysis of branching behavior reveals that quench-modified, impurity-modified, and random fractal structures each represent distinct morphological classes with different formation mechanisms, despite some superficial similarities.",2023-04-01,,matteroffact,Supported,,Supported,
2212.03990v2_10_F,"The charge distribution on graphene electrodes remains uniform regardless of ion adsorption, with no localized changes in carbon atom charges even when potassium ions directly coordinate to the surface.",2022-12-01,,matteroffact,Refuted,,Refuted,
2302.12868v1_1_F,The stiffness matrix method can only model wave propagation in multilayered media containing solid layers but not fluid or porous layers.,2023-02-01,,matteroffact,Refuted,,Refuted,
2301.06756v1_8_T,Superconductivity in metallic helium is driven by strong electron-phonon coupling associated with phonon softening at specific points in reciprocal space.,2023-01-01,,matteroffact,Supported,,Supported,
2209.06065v1_8_T,"A mobile particle moving through a one-dimensional crystal under constant bias can exhibit three distinct behaviors: runaway acceleration at high speeds, settling into stable drift velocities at intermediate speeds, or becoming trapped by the chain at low speeds for repulsive interactions.",2022-09-01,,matteroffact,Supported,,Supported,
2210.03397v3_9_F,The UFG AlMgZnCuAg crossover alloy exhibits moderate irradiation-induced grain growth at radiation doses above 50 dpa,2022-10-01,,matteroffact,Refuted,,Supported,
2211.08305v1_8_T,"The grain diameter in SLM fabricated Hastelloy-X follows a log-normal distribution with an average of 17.94 μm and standard deviation of 0.94 for Bulk Z samples, and an average of 20.13 μm and standard deviation of 0.76 for Bulk X samples.",2022-11-01,,matteroffact,Supported,,Supported,
2303.10621v4_11_T,"In fcc 4He at 38K, the distribution of first neighbor distances in classical molecular dynamics (MD) shows high skewness toward large distances, while path-integral molecular dynamics (PIMD) results in a more symmetric distribution due to zero-point motion effects.",2023-03-01,,matteroffact,Supported,,Supported,
2203.11013v1_8_T,"The 4d transition metals exhibit larger maximum driving force (MDF) values than 3d transition metals, with Ru and Ag having MDFs of -4.05 eV and -2.61 eV respectively",2022-03-01,,matteroffact,Supported,,Supported,
2208.10980v2_6_F,"For a fixed laser irradiance of 1 GW/m², a nanosatellite with an area-to-mass ratio of 50 m²/kg requires approximately the same time to achieve a velocity gain of 5 km/s as one with an area-to-mass ratio of 10 m²/kg.",2022-08-01,,matteroffact,Refuted,,Refuted,
2206.11435v1_4_T,"In cubic LLZO, the occupancy of Li⁺ ions is distributed approximately 40% in tetrahedral sites and 60% in octahedral sites in their lowest potential energy configuration.",2022-06-01,,matteroffact,Supported,,Supported,
2203.04149v2_15_T,"Ultrasonic reflections from copper current collector layers in the tested lithium-ion battery are stronger in amplitude than reflections from aluminum layers, allowing differentiation between the two metal types based on reflection strength.",2022-03-01,,matteroffact,Supported,,Supported,
2304.07326v2_13_F,The logarithmic averaged frequency (ωlog) for hydrogen-deficient LuH1.875 ranges from 350.0 to 400.0 K across pressures from 20 to 400 kbar.,2023-04-01,,matteroffact,Refuted,,Supported,
2304.13336v2_1_T,"The magnitude of zinc segregation to iron grain boundaries increases with decreasing temperature, while the amount of zinc required in the bulk to trigger the segregation transition decreases with decreasing temperature.",2023-04-01,,matteroffact,Supported,,Supported,
2209.02018v1_11_F,Annealing at 500°C for 10 hours in air reduces the Urbach energy of TiO2:Ta2O5 amorphous coatings by a consistent amount of approximately 40 meV across all cation mixing ratios from 0% to 71%,2022-09-01,,matteroffact,Refuted,,Supported,
2303.12924v1_14_T,Gaussian Process Regression models provide advantages over standard bi-linear fits for sensitivity analysis of Co-based superalloys by generating probability distributions over functions and providing uncertainty quantification.,2023-03-01,,matteroffact,Supported,,Supported,
2301.01139v1_6_F,"Under high pressure, elements maintain the same oxidation states as observed at ambient conditions, with cesium always forming cations and mercury only using its 6s electrons for bonding.",2023-01-01,,matteroffact,Refuted,,Refuted,
2212.04571v1_3_F,"The coexistence of the Kondo effect and superconductivity in NbSe₂-based tunnel junctions occurs because the Kondo temperature exceeds the superconducting gap energy, allowing Kondo screening to overcome the superconducting pairing.",2022-12-01,,matteroffact,Refuted,,Supported,
2209.05554v2_13_T,"The ALIGNN-FF model is trained on a subset of the JARVIS-DFT dataset containing 307,113 energy-force data points from a variety of atomic structures and chemical compositions",2022-09-01,,matteroffact,Supported,,Supported,
2309.14678v2_6_T,"The idealized Na β″ alumina phase (NaAl₅O₈) has a positive formation energy of 1.9 eV relative to Na β-alumina and α-alumina, while Mg-stabilized Na β″ alumina phases have negative formation energies.",2023-09-01,,matteroffact,Supported,,Supported,
2203.08413v3_11_F,Local conductance measurements alone are sufficient to fully characterize Majorana zero modes in superconductor-magnetic insulator nanowire hybrid systems without the need for non-local conductance data.,2022-03-01,,matteroffact,Refuted,,Refuted,
2204.04525v1_11_T,Stabilizing a fast ion-conducting surface phase on LiFePO4 particles increases its power rate by two orders of magnitude.,2022-04-01,,matteroffact,Supported,,Supported,
2309.14678v2_9_T,"In Na-poor conditions defined by equilibrium with Na₂S₄ and S₈, vacancy formation energies in Na β and β″ aluminas are approximately 2 eV lower than in Na-rich conditions.",2023-09-01,,matteroffact,Supported,,Supported,
2306.00139v1_7_T,"In superionic AgI, direct coordination of silver cations by iodide lone pairs involves linear I⁻-lone pair-Ag+ arrangements with lone pair-Ag+ distances of approximately 2 Å.",2023-06-01,,matteroffact,Supported,,Supported,
2308.16621v1_8_T,"316L and Inconel 718 have larger process maps for high quality printing compared to Ti6Al4V, Hastelloy-X, and Inconel 625, indicating higher printability",2023-08-01,,matteroffact,Supported,,Supported,
2307.02870v1_10_T,Hierarchically structured NMC111 electrodes with thickness of 46 μm deliver a specific capacity of approximately 155 mAh/g at 1C discharge rate and 130 mAh/g at 5C discharge rate,2023-07-01,,matteroffact,Supported,,Supported,
2304.07326v2_13_T,The logarithmic averaged frequency (ωlog) for hydrogen-deficient LuH1.875 ranges from 243.6 to 258.0 K across pressures from 20 to 400 kbar.,2023-04-01,,matteroffact,Supported,,Supported,
2304.05231v1_11_F,The Taylor impact model can only be used for forward predictions of deformation and cannot be applied to inverse problems such as determining material properties or reconstructing impact conditions from post-impact measurements.,2023-04-01,,matteroffact,Refuted,,Refuted,
2308.01135v4_13_T,"The electron localization function analysis of LK-99 suggests that Cu is not strongly covalently bonded to its neighboring oxygen atoms, with the ELF around Cu resembling that of atoms confined in wells.",2023-08-01,,matteroffact,Supported,,Supported,
2205.06855v1_3_T,"Martian regolith samples sintered at 1200°C exhibit a compression modulus of 67.80 MPa, which is approximately 22% higher than the 55.73 MPa compression modulus of Lunar regolith samples sintered under identical conditions.",2022-05-01,,matteroffact,Supported,,Refuted,
2304.04986v3_14_F,DRXNet can effectively guide compositional design of disordered rocksalt cathodes by accurately predicting the optimal synthesis temperature and pressure for each composition.,2023-04-01,,matteroffact,Refuted,,Supported,
2211.06285v2_7_T,"The main plasmon resonances in V₂O₅ at 11 eV and 23 eV show high stability under structural distortions, with energy shifts limited to 0.5 eV and minor intensity reductions despite significant changes to the band structure.",2022-11-01,,matteroffact,Supported,,Supported,
2303.11178v1_10_F,The magnitude of spin polarization for the SS5 surface state in SnTaS₂ is stronger than that for the SS2 surface state.,2023-03-01,,matteroffact,Refuted,,Supported,
2205.06324v2_9_F,A single-hidden-layer GNN architecture is sufficient for learning the non-linear relationship between lattice orientation and directional stiffness for predicting elastic response in polycrystalline materials.,2022-05-01,,matteroffact,Refuted,,Supported,
2303.10621v4_9_F,The static quasiparticle frequencies in the mode-coupling theory always align perfectly with peaks in the spectral functions regardless of the lineshape.,2023-03-01,,matteroffact,Refuted,,Refuted,
2307.00878v1_4_F,"Li₇P₃S₁₁ becomes thermodynamically stable at temperatures above 500K, with its energy above hull reaching zero at this temperature.",2023-07-01,,matteroffact,Refuted,,Supported,
2211.08305v1_2_F,Crystallographic texture is the primary microstructural feature responsible for the anisotropic fatigue performance observed in SLM fabricated Hastelloy-X built in different directions.,2022-11-01,,matteroffact,Refuted,,Supported,
2205.05157v1_8_F,The electro-optic coefficient determination code requires specialized optical simulation libraries beyond standard Python packages to perform its calculations.,2022-05-01,,matteroffact,Refuted,,Supported,
2212.04571v1_10_T,Discrete jumps in zero-bias conductance with increasing out-of-plane magnetic field in NbSe₂-based tunnel junctions are associated with the entry of vortices into the junction area.,2022-12-01,,matteroffact,Supported,,Supported,
2304.13336v2_0_T,"In the Fe-Zn system, a segregation transition occurs where up to 60 atomic percent zinc can segregate to iron grain boundaries when only about 4 atomic percent zinc is present in the bulk alloy at 623 K.",2023-04-01,,matteroffact,Supported,,Supported,
2306.04157v1_5_F,"Zirconium in La0.95Zr0.05NiO3 exists exclusively in the Zr4+ oxidation state, resulting in effective electron doping of the nickelate system.",2023-06-01,,matteroffact,Refuted,,Refuted,
2206.01361v1_6_F,"The mean active pore size in bioconsolidated space bricks decreases during the fracture process for all porosity values, with the highest rate of decrease observed at 10% porosity.",2022-06-01,,matteroffact,Refuted,,Refuted,
2211.15972v1_10_F,"In As-doped bilayer CrI3, the critical doping concentration range for insulator-metal transition is between 5% and 10%",2022-11-01,,matteroffact,Refuted,,Supported,
2208.04658v1_2_F,Annealing at 850°C transforms the nanocrystalline maghemite and amorphous strontium oxide in as-grown films into well-crystallized strontium hexaferrite with the c-axis oriented perpendicular to the sample plane.,2022-08-01,,matteroffact,Refuted,,Supported,
2204.04525v1_1_F,Intercalation cathodes undergo only one type of structural transformation - simple isotropic expansion - regardless of their chemical composition or crystal structure.,2022-04-01,,matteroffact,Refuted,,Refuted,
2203.14301v1_14_T,"For a 2D electron gas with C₃ᵥ symmetry, when the chemical potential is at E* and γ approaches zero, the anomalous Hall conductance approaches -sin3θ/(2|sin3θ|), which is half-quantized",2022-03-01,,matteroffact,Supported,,Supported,
2210.14343v3_10_T,The enhanced nodal mobility mechanisms observed in BCC tantalum are likely generic to BCC metals and not specific to the particular interatomic potential used in the simulations.,2022-10-01,,matteroffact,Supported,,Supported,
2305.04262v3_7_T,The field-induced weak-to-strong-link transformation in FIB-patterned Nb films requires a minimum ratio of weak-link to pristine region zero-field critical current density (Jc0^WL/Jc0) of approximately 64% according to thermomagnetic simulations,2023-05-01,,matteroffact,Supported,,Supported,
2309.07046v1_6_F,"The Fermi surface of MgCoB₄ forms isotropic spheres with uniform distribution in all crystallographic directions, exhibiting three-dimensional electronic behavior unlike the anisotropic characteristics of superconducting materials like MgB₂ and cuprates.",2023-09-01,,matteroffact,Refuted,,Refuted,
2309.07046v1_12_T,"The magnetic ground state of MgCrB₄ is the <AAA> configuration (antiferromagnetic dimers forming antiferromagnetic ladders with antiferromagnetic inter-ladder coupling), with an energy approximately 35 meV lower than the <FAA> configuration (ferromagnetic dimers forming antiferromagnetic ladders).",2023-09-01,,matteroffact,Supported,,Supported,
2303.11178v1_2_F,The surface states SS2 and SS5 in SnTaS₂ that cross the Fermi level are not spin-polarized.,2023-03-01,,matteroffact,Refuted,,Refuted,
2303.09576v1_14_F,Experimental sample S1 has a nominal composition of Mg-5Al-3Ca (wt.%) while sample S2 has a significantly different composition of Mg-8Al-1Ca (wt.%),2023-03-01,,matteroffact,Refuted,,Supported,
2306.13779v1_7_T,"During Plasma-Enhanced Atomic Layer Deposition of indium nitride, the precursor exposure itself does not significantly change the nanoscale surface structure, but after exposure, the surface begins evolving significantly even before the plasma is turned on.",2023-06-01,,matteroffact,Supported,,Supported,
2211.05713v2_2_F,"The vibrations in LGPS become more anharmonic at lower temperatures, with a diminishing peak in the Li+ vibrational density of states just below 10 THz.",2022-11-01,,matteroffact,Refuted,,Supported,
2302.14231v2_4_T,The activation energy for Li diffusion in stoichiometric garnet Li3La3Te2O12 decreases from more than 1 eV to approximately 160 meV when a small amount of excess lithium is added.,2023-02-01,,matteroffact,Supported,,Supported,
2209.12462v1_10_T,Vegard's law fails to accurately predict misfit volumes in high entropy alloys due to complex magnetic interactions and chemical bonding effects that cause significant deviations from linear concentration dependence.,2022-09-01,,matteroffact,Supported,,Supported,
2307.13990v1_10_F,"The Rashba surface states in the Al/Au heterostructure form equally at both the Au-vacuum and Au-Al interfaces, with strong hybridization occurring at all momentum values.",2023-07-01,,matteroffact,Refuted,,Refuted,
2309.04053v2_2_T,"Carbon-carbon composites have densities between 1.60-1.98 g/cm³, coefficients of thermal expansion between -0.85 to 1.1 x 10⁻⁶/K, and elastic moduli of approximately 200 GPa.",2023-09-01,,matteroffact,Supported,,Supported,
2305.02900v1_0_F,Topological Fermi arcs in PtBi₂ exist only in the bulk and not on the material's surfaces.,2023-05-01,,matteroffact,Refuted,,Refuted,
2304.01314v2_8_T,Small-cell training for machine-learned interatomic potentials can be effectively integrated with various active learning approaches beyond the moment tensor potential framework.,2023-04-01,,matteroffact,Supported,,Supported,
2307.06904v3_12_F,Increasing the number of KTaO3 layers in LaVO3/KTaO3 heterostructures significantly alters the conduction band structure and narrows the band-width.,2023-07-01,,matteroffact,Refuted,,Supported,
2208.10980v2_0_T,Direct Energy Laser Propulsion technology enables the launch of swarms of nanosatellites for Solar System exploration with shorter travel times than conventional propulsion methods.,2022-08-01,,matteroffact,Supported,,Supported,
2301.01139v1_12_T,"The yttrium superhydride YH9 exhibits superconductivity with a critical temperature of 262 K at approximately 180 GPa, higher than the critical temperature of H3S.",2023-01-01,,matteroffact,Supported,,Supported,
2303.11122v1_14_F,"The theoretical prediction that Ir can be incorporated into the magnesiochromite lattice was experimentally validated through successful synthesis of MgCr2-xIrxO4 solid solutions with x = 0-0.5, confirmed by XRD patterns showing peak shifts following Vegard's law.",2023-03-01,,matteroffact,Refuted,,Supported,
2204.05252v1_11_T,"In rhombohedral HfO₂ slabs, the primary and secondary Hf-O bonds change in opposite directions compared to their bulk values, with primary bonds decreasing and secondary bonds increasing, leading to reduced polarization.",2022-04-01,,matteroffact,Supported,,Supported,
2309.05880v3_6_F,"In RhGe, type-II van Hove singularities in the surface states appear at generic momentum points (±0.35, ±0.35) Å^-1 and (±0.50, ±0.50) Å^-1.",2023-09-01,,matteroffact,Refuted,,Supported,
2303.10621v4_16_T,"The frequency matrix in mode-coupling theory can be computed from molecular dynamics simulations as the least-squares solution of the linear problem Θu = -f, where Θ is the frequency matrix, u are the displacements, and f are the forces.",2023-03-01,,matteroffact,Supported,,Supported,
2304.10279v2_4_T,"The optimal parameters for reconstructing intergranular normal-stress distributions from central moments are approximately K≥9 (number of moments), P≈6 (Padé approximant order), and λ/Σ_mis≈0.7 (scaling parameter).",2023-04-01,,matteroffact,Supported,,Supported,
2210.10242v2_12_T,"The precession frequency (ω_3S) of the H-Mu-H three-spin system in MgH₂ is 2.6 ± 0.1 MHz, corresponding to a H-Mu distance of 0.098 ± 0.005 nm.",2022-10-01,,matteroffact,Supported,,Supported,
2204.05252v1_13_T,"The leading X₂₋ order parameter in rhombohedral HfO₂ slabs is suppressed by approximately 30% in the central layers compared to its bulk value, directly causing the reduction in polarization.",2022-04-01,,matteroffact,Supported,,Supported,
2212.13877v1_3_F,"In sp²-bonded layered Boron Nitride polymorphs, the electron-phonon interaction contribution to the total energy is less than half of the van der Waals contribution.",2022-12-01,,matteroffact,Refuted,,Refuted,
2211.05713v2_16_F,"LGPS achieves its exceptional ionic conductivity through a high concentration of defects and non-stoichiometry, similar to other crystalline solid electrolytes.",2022-11-01,,matteroffact,Refuted,,Supported,
2307.06904v3_15_T,"In metallic LaVO3/KTaO3 interfaces with four layers of LaVO3, holes are the majority charge carriers, primarily contributed by the internal Vanadium atoms.",2023-07-01,,matteroffact,Supported,,Refuted,
2203.16766v2_1_T,Maxwell equations for light propagation at oblique incidence on a flat surface can be transformed into one-dimensional wave equations,2022-03-01,,matteroffact,Supported,,Supported,
2210.01894v1_4_T,"The extended TDA-GMM method successfully captures both chemical and topological ordering in Al-Ni alloys during nucleation, enabling the identification of nucleation pathways without prior knowledge of the structures.",2022-10-01,,matteroffact,Supported,,Supported,
2308.04043v3_15_F,"The three-dimensional network structure of V₂O₅ with strong covalent bonds between all atoms prevents lithium intercalation, while the regular octahedral coordination of vanadium atoms creates a uniform conduction band that determines the electronic properties of both pristine and Li-doped V₂O₅.",2023-08-01,,matteroffact,Refuted,,Supported,
2302.14231v2_6_T,"The CHGNet model contains 400,438 trainable parameters.",2023-02-01,,matteroffact,Supported,,Supported,
2307.12651v1_8_T,"The structural domain engineering demonstrated in SrRuO₃ thin films through coupling to ferroelastic domains in adjacent PbTiO₃ layers provides a pathway for magnetic domain engineering, given the established one-to-one correspondence between structural and magnetic domains in SrRuO₃.",2023-07-01,,matteroffact,Supported,,Supported,
2212.13877v1_1_T,The energy difference between hexagonal Boron Nitride and cubic Boron Nitride exceeds 150 meV per formula unit when electron-phonon interaction contributions are included in the calculations.,2022-12-01,,matteroffact,Supported,,Supported,
2208.04687v1_14_F,"Co₂CrAl thin films grow epitaxially on MgO(001) substrate by directly matching their unit cell parameters, with the small lattice mismatch of 5% allowing for coherent growth without any rotational alignment between the film and substrate lattices.",2022-08-01,,matteroffact,Refuted,,Supported,
2305.11842v2_3_F,"The ALIGNN model predicts superconducting critical temperature (Tc) with a mean absolute error of 0.5 K using direct prediction, and this is the most accurate method compared to using the Eliashberg function.",2023-05-01,,matteroffact,Refuted,,Supported,
2204.04525v1_6_F,Topochemical synthesis techniques can tailor the lattice parameters of V2O5 cathode compounds with a precision of approximately 0.5Å through selective doping with elements such as Molybdenum.,2022-04-01,,matteroffact,Refuted,,Supported,
2304.04986v3_8_T,"DRXNet accurately captures the effect of vanadium substitution in high-entropy disordered rocksalt cathodes, predicting a more constant voltage slope down to the low-voltage region compared to chromium-based materials.",2023-04-01,,matteroffact,Supported,,Supported,
2212.06128v1_5_F,"Cu impurities in FeSe at high pressures lead to homogeneous coexistence of superconducting and magnetic phases, with the magnetic phase maintaining long-range order similar to pure FeSe.",2022-12-01,,matteroffact,Refuted,,Supported,
2303.00185v1_0_F,"Rashba spin-orbit coupling always reduces magnetoresistance in junctions with one ferromagnet, making multiple ferromagnetic regions necessary for significant magnetoresistance effects.",2023-03-01,,matteroffact,Refuted,,Refuted,
2205.06855v1_7_F,"A 6.25% salt-water solution is less effective than pure water at binding both Martian and Lunar regolith particles in the green state, resulting in reduced structural integrity during mold extraction.",2022-05-01,,matteroffact,Refuted,,Refuted,
2208.13993v1_15_T,"The choice of substrate significantly influences the crystallinity, phase purity, morphology, and optoelectronic properties of SnSe thin films grown by Chemical Vapor Deposition.",2022-08-01,,matteroffact,Supported,,Supported,
2304.13959v2_1_T,"NbAs (001) grown on GaAs (100) has a lattice mismatch of 16% along the GaAs ⟨110⟩ direction and 18% along the GaAs ⟨100⟩ direction, resulting in a 45° rotational offset of NbAs with respect to the GaAs basal plane.",2023-04-01,,matteroffact,Supported,,Refuted,
2210.03397v3_12_F,The addition of Cu and Ag to the AlMgZn crossover alloy decreases the radiation survivability level of T-phase precipitates due to the formation of competing precipitates,2022-10-01,,matteroffact,Refuted,,Supported,
2309.01755v1_16_F,"At the k_z=π plane in Pb₁₀(PO₄)₆O₄, the four bands near the Fermi level remain completely separated and display strong dispersion with a band width of approximately 230 meV.",2023-09-01,,matteroffact,Refuted,,Supported,
2302.12868v1_17_F,The placement of z-coordinate origins for waves in the stiffness matrix method is arbitrary and has no impact on the numerical stability of the calculations.,2023-02-01,,matteroffact,Refuted,,Refuted,
2212.02899v1_1_F,LaRh₃B₂ is a strong coupling superconductor with an electron-phonon coupling constant λ_ep greater than 1.0.,2022-12-01,,matteroffact,Refuted,,Supported,
2308.04594v2_12_F,Cerium strongly prefers to substitute at the iron 12k site rather than at the strontium site in strontium hexaferrite based on formation energy calculations.,2023-08-01,,matteroffact,Refuted,,Supported,
2302.04385v2_15_F,"The modified state of Pr₂CuO₄ created by flash immediately reverts to its original state when the electric field is removed, regardless of liquid nitrogen quenching.",2023-02-01,,matteroffact,Refuted,,Refuted,
2203.04149v2_6_T,"Ultrasonic resonance enables non-destructive characterization of multiple internal properties of lithium-ion batteries, including layer count, electrode thicknesses, internal layer imaging, and layer-resolved state of charge variations.",2022-03-01,,matteroffact,Supported,,Supported,
2303.10621v4_2_T,"The mode-coupling theory of lattice dynamics provides a unified framework that encompasses other anharmonic theories such as perturbation theory, Self-Consistent Harmonic Approximation (SCHA), and Temperature Dependent Effective Potential (TDEP) as special cases or approximations.",2023-03-01,,matteroffact,Supported,,Supported,
2209.05554v2_16_T,"The ALIGNN-FF model offers a favorable trade-off between computational cost and accuracy, being slower than classical force fields but much faster than DFT calculations",2022-09-01,,matteroffact,Supported,,Supported,
2308.01135v4_14_T,"In a real LK-99 crystal, Cu atoms should oscillate between equivalent triclinic positions, with an average structure closer to the hexagonal arrangement, due to the small energy barrier between the two lattice types.",2023-08-01,,matteroffact,Supported,,Supported,
2309.13514v2_17_T,"CsCr₃Sb₅ crystallizes in a hexagonal lattice with space group P6/mmm at room temperature, with lattice parameters a = 5.4909(3) Å and c = 9.2417(5) Å, featuring a two-dimensional kagome net of Cr atoms.",2023-09-01,,matteroffact,Supported,,Supported,
2304.08446v4_8_T,"The CDVAE model successfully optimized critical temperature in the latent space, generating new superconductor candidates with higher average Tc values than the training dataset.",2023-04-01,,matteroffact,Supported,,Supported,
2308.16621v1_9_T,Laser power and laser speed are the most influential process parameters affecting yield stress in metal additive manufacturing due to their control of cooling rate and cellular spacing,2023-08-01,,matteroffact,Supported,,Supported,
2211.10404v1_12_F,"In the high-spin orbital-ordered state at 3% tensile strain, SrCoO₃ thin films exhibit uniform magnetic moments at all oxygen sites, with values of approximately 0.3 μB",2022-11-01,,matteroffact,Refuted,,Supported,
2210.03397v3_7_T,T-phase precipitates have the highest negative enthalpy of formation among all hardening precipitates in commercial aluminum alloys,2022-10-01,,matteroffact,Supported,,Refuted,
2203.04149v2_14_T,"Ultrasonic signals in lithium-ion batteries can reliably detect the first 10-15 metal layers from one side of the battery, with deeper layers becoming increasingly difficult to distinguish due to signal attenuation.",2022-03-01,,matteroffact,Supported,,Supported,
2204.13994v1_8_F,The computational model predicts that both commercially pure aluminum and aluminum alloys like Al2124 primarily exhibit particle cracking as the dominant damage mechanism,2022-04-01,,matteroffact,Refuted,,Supported,
2204.04525v1_4_T,"Crystal defects in intercalation materials can have both beneficial and detrimental effects: some defects like dislocations contribute to voltage fade, while others like vacancy clusters can enhance electrode conductivity by mediating ion diffusion.",2022-04-01,,matteroffact,Supported,,Supported,
2303.07719v1_1_F,"The activation energy for Ag ion migration in α-AgI via four-membered rings is approximately 0.24 eV, which is twice the activation energy calculated from the conductivity Arrhenius plot.",2023-03-01,,matteroffact,Refuted,,Refuted,
2204.04525v1_1_T,"Intercalation cathodes undergo various types of structural transformations including volumetric dilation, symmetry-lowering transformations, stacking-sequence-change mechanisms, and polyhedral rotations.",2022-04-01,,matteroffact,Supported,,Supported,
2309.07046v1_14_F,"The thermal stability of magnetic dimers in α-ATB₄ compounds with T = Cr, Mn, and Fe is expected to be relatively low, with a Stoner temperature comparable to that of gadolinium (approximately 300 K).",2023-09-01,,matteroffact,Refuted,,Refuted,
2306.00139v1_1_T,"In superionic AgI at 750 K, iodide lone pair electrons rotate with a relaxation time of approximately 0.4-0.5 picoseconds.",2023-06-01,,matteroffact,Supported,,Supported,
2209.12517v2_0_F,"Theoretical calculations predict that hexagonal close-packed uranium is dynamically stable at its energy-minimizing configuration, with no imaginary phonon modes.",2022-09-01,,matteroffact,Refuted,,Supported,
2206.14013v1_12_T,"In AlOx-Cu nanocomposites with copper content (τ) greater than 0.48, the refractive index (n) reaches its peak at 3.0-3.2 eV and its localized minimum at 3.6 eV, while the extinction coefficient (k) reaches its peak at 3.6 eV.",2022-06-01,,matteroffact,Supported,,Supported,
2206.14013v1_2_F,The dispersion method reconstructs the complex refractive index of both copper and aluminum oxide with equal accuracy across all energy ranges.,2022-06-01,,matteroffact,Refuted,,Refuted,
2209.12462v1_3_F,The critical resolved shear stress of FeNiCoCr increases from 25 MPa at 77K to 77 MPa at room temperature due to temperature-dependent changes in material parameters including elastic constants and misfit volumes.,2022-09-01,,matteroffact,Refuted,,Supported,
2309.01755v1_14_F,"The magnetic moment of oxygen atoms in Pb₁₀(PO₄)₆O₄ is double that of isolated oxygen molecules (2.0 μB), due to electron transfer to lead atoms and enhanced inter-molecular exchange coupling.",2023-09-01,,matteroffact,Refuted,,Refuted,
2304.10279v2_8_F,"For isotropic linear-elastic polycrystals with non-cubic crystal lattices, the intergranular normal-stress distributions can be accurately extended to arbitrary loading conditions using the same exact method as for cubic crystal lattices without any modifications.",2023-04-01,,matteroffact,Refuted,,Refuted,
2211.05713v2_2_T,"The vibrations in LGPS become more harmonic at lower temperatures, with a more prominent peak in the Li+ vibrational density of states just below 10 THz.",2022-11-01,,matteroffact,Supported,,Supported,
2211.13164v1_8_T,"The Na-ion diffusion coefficient in NaCr₂O₄ (x=1) at 475K is approximately 1.04×10⁻¹⁰ cm²/s, which is an order of magnitude higher than in compositions with significant Ca content.",2022-11-01,,matteroffact,Supported,,Supported,
2308.14223v1_4_F,"For a given Carbopol concentration, the ultimate tensile stress in extension decreases by 40-50% when 1 wt% PEO is added to the Carbopol suspension.",2023-08-01,,matteroffact,Refuted,,Supported,
2308.04594v2_10_T,Full cerium substitution in strontium hexaferrite increases the maximum energy product (BHmax) from 72.42 kJ/m³ to 81.12 kJ/m³ due to enhanced saturation magnetization.,2023-08-01,,matteroffact,Supported,,Supported,
2308.16621v1_4_T,"Layer thickness and hatch spacing have the highest variance inflation factors (VIF) among process parameters in metal additive manufacturing, with values of 8.32 and 8.56 respectively",2023-08-01,,matteroffact,Supported,,Supported,
2302.14072v1_3_T,"In Ta-dichalcogenide bilayers with 50% charge transfer and a hybridization strength of 60 meV, the screening temperature is approximately 20 K.",2023-02-01,,matteroffact,Supported,,Refuted,
2304.10279v2_0_T,The m-th central moment of intergranular normal-stress distribution in isotropic linear-elastic polycrystalline materials with cubic crystal lattice symmetry can be expressed as a sum of products of deviatoric stress invariants J2 and J3 with material-specific constants.,2023-04-01,,matteroffact,Supported,,Supported,
2309.14678v2_13_T,"In Na and K β-aluminas, split-interstitial configurations are energetically favored over isolated interstitials at anti-Beevers-Ross or mid-oxygen sites.",2023-09-01,,matteroffact,Supported,,Supported,
2304.04986v3_13_T,"DRXNet learns that multi-elemental substitution in high-entropy disordered rocksalt cathodes frustrates unfavorable short-range order and improves lithium diffusion kinetics, leading to better rate capability.",2023-04-01,,matteroffact,Supported,,Supported,
2203.04149v2_17_T,"The acoustic impedance of copper current collectors in lithium-ion batteries (4.26×10⁷ Pa·s/m³) is approximately 2.5 times higher than that of aluminum current collectors (1.71×10⁷ Pa·s/m³), contributing to their different ultrasonic reflection behaviors.",2022-03-01,,matteroffact,Supported,,Supported,
2305.11961v1_6_F,The 4D Camera sensor has 5 μm by 5 μm square pixels in a 1024 by 1024 pixel array,2023-05-01,,matteroffact,Refuted,,Supported,
2306.00139v1_8_T,The electronic paddle-wheel mechanism in monatomic superionic conductors like AgI differs from molecular paddle-wheels in that cation motion is diffusive rather than occurring through discrete hops.,2023-06-01,,matteroffact,Supported,,Supported,
2301.00535v1_2_T,"The overall computational time required for r²SCAN and r²SCAN+U is 12.1-61.2% and 1.9-34.5% lower than SCAN, respectively, for most transition metal oxide systems.",2023-01-01,,matteroffact,Supported,,Supported,
2302.04385v2_10_F,"The flash/quench technique disrupts oxygen vacancy ordering in Pr₂CuO₄, leading to increased disorder, broader phonon peaks, and weaker superlattice diffraction.",2023-02-01,,matteroffact,Refuted,,Supported,
2203.09600v1_0_F,The nonlinear optical response in ITO thin films is dominated by a single mechanism involving free carrier absorption across the entire optical spectrum.,2022-03-01,,matteroffact,Refuted,,Refuted,
2308.04594v2_5_F,Cerium substitution in strontium hexaferrite reduces optical anisotropy between light polarization in parallel and perpendicular directions due to increased symmetry in the crystal structure.,2023-08-01,,matteroffact,Refuted,,Supported,
2303.02540v1_12_F,Rare-earth metal-oxide bond strength in disilicates increases with increasing ionic radius for a given ionic charge state and coordination number.,2023-03-01,,matteroffact,Refuted,,Supported,
2304.06457v1_3_T,Cu substitution at the Co₃ₓ sites in SmCo₅ increases the single-ion anisotropy constant K₁ from 21 meV to 24 meV,2023-04-01,,matteroffact,Supported,,Supported,
2304.10279v2_9_T,"In isotropic linear-elastic polycrystals with non-cubic crystal lattices, the hydrostatic and deviatoric contributions to intergranular normal stresses can be treated as statistically independent.",2023-04-01,,matteroffact,Supported,,Supported,
2303.11179v1_0_F,NaAlSi hosts only point-like topological states without any higher-dimensional nodal structures.,2023-03-01,,matteroffact,Refuted,,Refuted,
2211.15972v1_15_F,The charge of Cr atoms near dopants decreases in all element-doped CrI3 systems,2022-11-01,,matteroffact,Refuted,,Refuted,
2203.14301v1_12_T,"The anomalous Hall conductance in 2D electron gas with C₃ᵥ symmetry is proportional to sin(3θ), where θ is the angle between the in-plane magnetic field and the x-axis",2022-03-01,,matteroffact,Supported,,Supported,
2301.01139v1_0_T,"Under high pressure, alkali metals like cesium undergo electronic transitions from s to d orbitals, causing them to behave more like transition metals.",2023-01-01,,matteroffact,Supported,,Refuted,
2306.00139v1_13_T,"Collective dynamics in superionic AgI involve thermally-induced weakening of some silver-iodide interactions, formation of new interactions through lone pair rotation, and coupled diffusion of coordinated silver cations.",2023-06-01,,matteroffact,Supported,,Supported,
2303.01108v1_9_T,"The average cobalt valence in La₀.₅Sr₀.₅Co₁₋ₓNbₓO₃ decreases from 3.5 for x=0 to approximately 3.32 for x=0.1, 3.28 for x=0.15, and 3.1 for x=0.25, as determined by XPS measurements.",2023-03-01,,matteroffact,Supported,,Supported,
2309.07046v1_1_T,"In ternary ATB₄ borides, the α-phase consistently has lower energy than the β-phase, though the energy difference between the two phases is relatively small.",2023-09-01,,matteroffact,Supported,,Supported,
2302.14231v2_7_T,CHGNet can successfully differentiate between different valence states of the same element based solely on the spatial coordination of atomic nuclei.,2023-02-01,,matteroffact,Supported,,Supported,
2302.12868v1_13_F,"In air-coupled settings with micron-level pore structures, the slow longitudinal wave in porous materials has comparable speed and attenuation to the fast longitudinal and shear waves, making it the dominant contributor to the transmitted wave.",2023-02-01,,matteroffact,Refuted,,Supported,
2205.07726v2_15_T,"The valence band structure of La-doped BaSnO₃ films exhibits three main features: hybridized Sn 5s and O 2p states at 10.6 eV, hybridized Sn 5p and O 2p states at 8.3 eV, and O 2p bonding or anti-bonding states between 4 and 6 eV.",2022-05-01,,matteroffact,Supported,,Supported,
2308.00800v1_11_T,"In AA2024-T351 aluminum sheets, the orientation with the highest fracture toughness (L-T orientation) exhibits the lowest fatigue crack growth rate, while the orientation with the lowest fracture toughness (T-L orientation) exhibits the highest fatigue crack growth rate.",2023-08-01,,matteroffact,Supported,,Supported,
2303.09576v1_10_F,"The C36 Laves phase in the CaMgₓAl₂₋ₓ system becomes thermodynamically stable at 400K due to configurational entropy contributions, while it is unstable at 0K",2023-03-01,,matteroffact,Refuted,,Supported,
2208.10980v2_8_F,"Laser Electric Propulsion is more suitable than Direct Energy Laser Propulsion for launching swarms of nanosatellites due to its higher energy efficiency, despite requiring each satellite to carry its own propulsion system.",2022-08-01,,matteroffact,Refuted,,Supported,
2308.04594v2_6_F,Full cerium substitution in strontium hexaferrite decreases the anisotropy field (Ha) from 14.58 kOe to 7.29 kOe and the magnetic hardness parameter (κ) from 1.13 to 0.56.,2023-08-01,,matteroffact,Refuted,,Supported,
2303.07504v1_10_F,The orientation relationship between C15-like planar defects and the Mg matrix is Al2Ca(001) // Mg(0002) and Al2Ca[100] // Mg[1-100].,2023-03-01,,matteroffact,Refuted,,Supported,
2301.06756v1_11_F,Solid xenon becomes a superconductor at 140 gigapascals with a critical temperature of approximately 30 kelvin.,2023-01-01,,matteroffact,Refuted,,Supported,
2304.04986v3_16_F,The inclusion of recurrent neural network layers in DRXNet's architecture enhances model expressibility and prevents overfitting compared to using only feed-forward neural networks.,2023-04-01,,matteroffact,Refuted,,Supported,
2210.06735v1_14_T,"During charging, the Al-MoS₂@rGO electrode undergoes a reversible oxidation reaction where metallic Mo nanoparticles react with Na₂S to reform MoS₂, corresponding to the anodic peak at 1.8V in cyclic voltammetry.",2022-10-01,,matteroffact,Supported,,Supported,
2203.16766v2_13_T,The magnitude of nonlinear harmonic components in light transmitted through silicon varies with the incident angle,2022-03-01,,matteroffact,Supported,,Supported,
2308.00412v2_1_F,"The activation energy required for crystallization of yttrium iron garnet (YIG) thin films on gadolinium gallium garnet (GGG) substrates is approximately 6.5 eV, which is higher than the 5.08 eV reported for bulk YIG formation.",2023-08-01,,matteroffact,Refuted,,Supported,
2208.03296v2_17_T,Graph neural networks are particularly well-suited for dislocation dynamics simulations because dislocation line configurations are inherently graph objects with nodes and connecting segments.,2022-08-01,,matteroffact,Supported,,Supported,
2304.06457v1_0_T,Cu substitution in SmCo₅ thin films increases coercivity up to 1.64 T for SmCo₃.₅Cu₁.₅ composition before decreasing at higher Cu content,2023-04-01,,matteroffact,Supported,,Supported,
2306.13006v2_3_F,"The criterion for suppressed recombination in solar cells is defined by a single parameter: γ > 10 (recombination dominance factor), where γ = τ_r/(L/μE_bi) represents the ratio of recombination time to drift time.",2023-06-01,,matteroffact,Refuted,,Refuted,
2303.00742v2_6_F,"The critical temperature of superconductivity in Bernal bilayer graphene with spin-orbit coupling shows a strong sixfold angular dependence on the direction of the in-plane magnetic field, with variations of more than 50% between different crystallographic directions.",2023-03-01,,matteroffact,Refuted,,Supported,
2205.05615v1_9_F,Copper oxide thin films deposited at higher temperatures are unsuitable for optoelectronic applications due to deteriorating optical transparency and decreasing electrical conductivity,2022-05-01,,matteroffact,Refuted,,Refuted,
2210.10242v2_2_T,"The Mu_p and Mu_d states in MgH₂ correspond to the neutral (Mu⁰) and positive (Mu⁺) states of interstitial muon, respectively, providing insight into similar hydrogen states.",2022-10-01,,matteroffact,Supported,,Supported,
2304.13336v2_5_F,The massive zinc segregation resulting from the segregation transition increases the compositional and energetic barriers for the formation of liquid phase at iron grain boundaries.,2023-04-01,,matteroffact,Refuted,,Supported,
2308.04043v3_13_T,"DFT+DMFT provides a more accurate description of the electronic properties of V₂O₅ and Li-doped V₂O₅ than DFT+U, simultaneously reproducing experimental values of band gap, conduction band gap, and d-electron count, while correctly predicting both types of polarons observed experimentally.",2023-08-01,,matteroffact,Supported,,Supported,
2206.01072v1_7_T,"The energy difference between spin-spiral states with opposite rotational sense in 10-atom Fe chains on Nb(110) surface is 1.7 meV (approximately 0.08 meV per Fe atom), which is in the energy range of the Dzyaloshinky-Moriya interaction in these chains.",2022-06-01,,matteroffact,Supported,,Supported,
2303.11178v1_14_F,The electronic structure calculations for SnTaS₂ were performed using the local density approximation with a plane-wave cutoff energy of 300 eV.,2023-03-01,,matteroffact,Refuted,,Supported,
2301.05024v1_1_F,Inductive loops in electrochemical impedance spectroscopy manifest as positive imaginary parts of the impedance function primarily at high frequencies.,2023-01-01,,matteroffact,Refuted,,Supported,
2303.00742v2_7_T,The nematic phase in Bernal bilayer graphene with spin-orbit coupling involves a Fermi surface reconstruction where one of the small Fermi pockets is absorbed by the large Fermi pocket with opposite spin and valley.,2023-03-01,,matteroffact,Supported,,Supported,
2210.05010v2_7_T,"For vacancy migration in tungsten with an activation energy of 1.52 eV, the thermal factor is less than 1 at room temperature under ion irradiation dose rates of approximately 1 dpa/hour.",2022-10-01,,matteroffact,Supported,,Refuted,
2211.05713v2_8_F,"Molecular dynamics simulations of LGPS using smaller supercells (400 atoms) underestimate the Li+ diffusivity below 500 K compared to simulations with larger supercells (3,200 atoms).",2022-11-01,,matteroffact,Refuted,,Supported,
2308.05437v1_1_F,"The thermal conductivity of 10H-SiC thin films decreases with film thickness, ranging from 102.36 Wm⁻¹K⁻¹ for 104 nm films to 11.87 Wm⁻¹K⁻¹ for 156 nm films.",2023-08-01,,matteroffact,Refuted,,Supported,
2303.07504v1_2_F,"Kinetic barriers have negligible influence on defect formation, and thermodynamic equilibrium always determines which phases form in alloy systems.",2023-03-01,,matteroffact,Refuted,,Refuted,
2308.01135v4_16_T,"In LK-99, the displacement of Cu atoms is confined to low-energy phonons up to 30 meV, which falls within the energy width of the Cu bands at the Fermi level.",2023-08-01,,matteroffact,Supported,,Supported,
2304.07326v2_14_F,"The reflectivity minimum of hydrogen-deficient LuH1.750 occurs at 700 nm at ambient conditions, resulting in a blue color similar to that observed in pure LuH2.",2023-04-01,,matteroffact,Refuted,,Supported,
2203.16766v2_14_F,The nonlinear change in silicon's refractive index at high light intensities is primarily caused by the Kerr effect rather than free carrier generation,2022-03-01,,matteroffact,Refuted,,Supported,
2209.05554v2_12_F,The ALIGNN-FF model requires specialized simulation software and cannot be integrated with standard molecular dynamics packages,2022-09-01,,matteroffact,Refuted,,Refuted,
2308.04594v2_6_T,Full cerium substitution in strontium hexaferrite increases the anisotropy field (Ha) from 14.58 kOe to 320.04 kOe and the magnetic hardness parameter (κ) from 1.13 to 5.01.,2023-08-01,,matteroffact,Supported,,Supported,
2304.06457v1_12_F,Cu substitution at the 3g site in SmCo₅ is energetically favored over the 2c site by approximately 50 meV/atom according to density functional theory calculations,2023-04-01,,matteroffact,Refuted,,Supported,
2302.14072v1_10_F,"In Ta-dichalcogenide bilayers, increasing the interlayer distance from 5.8 Å to 7.0 Å causes a transition from partial charge transfer with spin-split 1T flat bands to complete charge transfer with empty 1T flat bands.",2023-02-01,,matteroffact,Refuted,,Supported,
2210.06735v1_5_T,"The sodium-ion storage in Al-MoS₂@rGO involves a three-step process: initial Na-ion insertion into MoS₂ layers forming NaₓMoS₂, conversion reaction forming Mo particles in Na₂S matrix, and further Na-ion intercalation at the Mo/Na₂S interface.",2022-10-01,,matteroffact,Supported,,Supported,
2210.10242v2_10_F,"The hyperfine parameter (ω_p2) of the Mu_p2 component in MgH₂ is constant at 500 MHz across all temperatures, representing about 11% of the vacuum value for muonium.",2022-10-01,,matteroffact,Refuted,,Refuted,
2301.01139v1_11_T,"A carbon-sulfur-hydrogen (C-S-H) compound achieves room-temperature superconductivity with a critical temperature of 288 K at 267 GPa, representing the first reported room-temperature superconductor.",2023-01-01,,matteroffact,Supported,,Supported,
2212.02899v1_0_T,LaRh₃B₂ exhibits superconductivity with a transition temperature of approximately 2.6 K.,2022-12-01,,matteroffact,Supported,,Supported,
2308.05532v1_11_F,"Metal matrix syntactic foams with ceramic hollow spheres exhibit simple thermal behavior dominated solely by conductive heat transfer through the metal matrix, with negligible contributions from other heat transfer mechanisms.",2023-08-01,,matteroffact,Refuted,,Refuted,
2309.05880v3_12_F,RhGe can only support conventional s-wave superconductivity with preserved time-reversal symmetry due to its centrosymmetric crystal structure and the absence of chiral Fermi pockets.,2023-09-01,,matteroffact,Refuted,,Refuted,
2306.02233v1_14_F,"Density functional theory calculations predict that wurtzite Mg3WN4 is on the convex hull (0 eV/atom), rocksalt Mg3WN4 is 0.1 eV/atom above the hull, and hexagonal boron nitride Mg3WN4 is 0.2 eV/atom above the hull",2023-06-01,,matteroffact,Refuted,,Supported,
2306.07746v1_8_T,Modern crystal structure prediction methods have reached a level of maturity where independent methodologies produce consistent and reproducible results.,2023-06-01,,matteroffact,Supported,,Supported,
2204.13789v2_9_T,The $\ell_0\ell_2$-norm regularized cluster expansion produces effective cluster interactions with improved physical meaning compared to the $\ell_1$-norm regularized cluster expansion.,2022-04-01,,matteroffact,Supported,,Refuted,
2305.02900v1_4_T,The surface-exclusive superconductivity in PtBi₂ makes it an ideal platform for hosting Majorana fermions and creating intrinsic topological Josephson junctions.,2023-05-01,,matteroffact,Supported,,Supported,
2303.00742v2_6_T,"The critical temperature of superconductivity in Bernal bilayer graphene with spin-orbit coupling is only weakly dependent on the direction of the in-plane magnetic field, despite the anisotropy of the dispersion and orbital moment.",2023-03-01,,matteroffact,Supported,,Supported,
2203.14301v1_10_T,Observing nearly half-quantized anomalous Hall conductance in Sb₂Te₃ thin films requires in-plane magnetic fields stronger than 20 Tesla,2022-03-01,,matteroffact,Supported,,Supported,
2205.05514v2_11_F,"In the recovered Al-Mn alloy, Cube subgrains have 150% more subgrains than CubeND subgrains, while P subgrains have 50% fewer subgrains than Cube subgrains",2022-05-01,,matteroffact,Refuted,,Refuted,
2301.00535v1_11_T,"For the LiNiO₂-NiO₂ system, r²SCAN underestimates the experimental average voltage by 8%, while r²SCAN+U improves the agreement to within 1.8% of the experimental value.",2023-01-01,,matteroffact,Supported,,Supported,
2304.07224v2_9_T,"In high-temperature cuprate superconductors, the quasi-one-dimensional plasmon (1DP) emerges over a momentum region with q_x less than 0.36π along the antinodal direction.",2023-04-01,,matteroffact,Supported,,Supported,
2303.02540v1_14_T,Configurational disorder in the interatomic force constants of multi-component rare-earth disilicates leads to increased phonon scattering and lower thermal conductivity compared to single-component systems.,2023-03-01,,matteroffact,Supported,,Supported,
2301.11689v3_3_F,"The sentence-level relevancy classifier for Curie temperature extraction achieves a precision of 0.95, a recall of 0.95, and an F1 score of 0.95 on the test set.",2023-01-01,,matteroffact,Refuted,,Supported,
2304.01934v4_2_F,Diagonalizing the Mn d block in the full p-d Hamiltonian is sufficient to achieve an accurate energy gap in Li₂MnO₃ without any adjustments to double counting parameters.,2023-04-01,,matteroffact,Refuted,,Refuted,
2301.05024v1_9_T,"Deviations from classical impedance models in non time-invariant electrochemical systems start at frequencies two orders of magnitude higher than 1/τ, become pronounced at frequencies on the order of 1/τ, and persist at frequencies one order of magnitude lower than 1/τ, where τ is the time scale of property changes.",2023-01-01,,matteroffact,Supported,,Supported,
2306.04157v1_12_T,Undoped LaNiO3 crystallizes in a rhombohedral structure with space group R-3c and lattice parameters a = 5.45408 Å and c = 13.1255 Å.,2023-06-01,,matteroffact,Supported,,Supported,
2208.10911v1_11_F,MoSeTe anode exhibits both higher initial discharge capacity and superior cycling stability compared to all other TMD anode materials for sodium-ion batteries.,2022-08-01,,matteroffact,Refuted,,Supported,
2304.07224v2_0_T,"In high-temperature cuprate superconductors, a novel collective charge excitation called hyperplasmon type I (HP-I) exists with maximum spectral weight along the antinodal direction.",2023-04-01,,matteroffact,Supported,,Supported,
2308.07295v3_15_T,Cu-doped lead apatite remains transparent with a purple color due to the localized Cu²⁺ states acting as color centers within the wide bandgap of the host material.,2023-08-01,,matteroffact,Supported,,Supported,
2305.04262v3_3_T,"At specific intermediate magnetic field values during field reduction, the current density across the weak-link in FIB-patterned Nb films approaches that of the pristine regions, with the perpendicular current component Jy across the weak-link closely matching that in pristine regions",2023-05-01,,matteroffact,Supported,,Supported,
2307.13990v1_8_F,"Inter-orbital pairing at finite energies in the Al/Au heterostructure emerges solely from superconducting order, independent of band hybridization in the normal state.",2023-07-01,,matteroffact,Refuted,,Refuted,
2204.04525v1_14_F,"The layered structure of V2O5 undergoes a simple isotropic contraction during deintercalation, where the spacing between layers decreases uniformly without any unfolding of the structure, maintaining perfect crystallinity even during deep discharge.",2022-04-01,,matteroffact,Refuted,,Supported,
2302.14072v1_14_F,The screening mechanism in Ta-dichalcogenide bilayers is similar to conventional heavy fermion systems because both involve strong Kondo coupling between localized and itinerant electrons.,2023-02-01,,matteroffact,Refuted,,Supported,
2206.11435v1_3_T,"The activation energy barrier for single-ion hopping in cubic LLZO is approximately 0.58 eV, which is more than twice the barrier for concerted multi-ion migration (0.26 eV).",2022-06-01,,matteroffact,Supported,,Supported,
2204.04525v1_8_F,"The Ti-Ni-Cu shape memory alloy undergoes approximately 2% lattice strains during phase transformation, which is significantly less than the lattice strains experienced by common intercalation materials.",2022-04-01,,matteroffact,Refuted,,Supported,
2304.13927v1_8_F,"In the electrolyte exploration experiment using NIMS-OS and NAREE, the best electrolyte composition was discovered in the 3rd experimental cycle and contained 50 mM LiBF4, 50 mM LiClO4, 5 vol.% EC, 5 vol.% NMP, and 5 vol.% DMSO, exhibiting a discharge time of 1650.25 seconds.",2023-04-01,,matteroffact,Refuted,,Supported,
2210.06735v1_15_T,"The activation energies for sodium-ion migration in 1T phase Al-MoS₂@rGO interface are approximately 57.9 kJ/mol and 40.3 kJ/mol for migration distances of 0-2 Å and 2-4 Å, respectively, which are lower than the corresponding values of 68.3 kJ/mol and 50.2 kJ/mol for undoped MoS₂@rGO.",2022-10-01,,matteroffact,Supported,,Supported,
2301.06756v1_1_F,The metallization pressure of hexagonal close-packed helium is approximately 17 terapascals when calculated with hybrid DFT functionals.,2023-01-01,,matteroffact,Refuted,,Supported,
2304.05231v1_0_F,The low-velocity projectile impact framework can achieve projectile velocities of approximately 250 m/s using only compressed air as the propellant gas.,2023-04-01,,matteroffact,Refuted,,Supported,
2205.05157v1_9_F,The electro-optic coefficient determination software requires a complex installation procedure involving compilation of C++ extensions before it can be used.,2022-05-01,,matteroffact,Refuted,,Supported,
2304.01314v2_14_F,The machine-learned interatomic potential developed for the Zr-H system can only model the relaxed states of different phases but fails to capture any dynamic properties such as phonon bandstructures or phase transitions.,2023-04-01,,matteroffact,Refuted,,Refuted,
2304.05231v1_4_F,The axisymmetric model for Taylor impact tests accurately predicts the final deformed shape of cylindrical steel projectiles impacting a rigid target at velocities of approximately 100 m/s.,2023-04-01,,matteroffact,Refuted,,Supported,
2306.02233v1_8_F,Density functional theory calculations predict that rocksaline MgWN2 has a direct bandgap of 2.4 eV,2023-06-01,,matteroffact,Refuted,,Supported,
2212.02899v1_16_F,"The phonon dispersion of LaRh₃B₂ shows a uniform distribution of vibrational modes across all frequency ranges, with no clear association between specific frequency ranges and particular atoms in the structure.",2022-12-01,,matteroffact,Refuted,,Refuted,
2307.13990v1_11_F,The proximity-induced spin-orbit coupling in Al quantum well states arises from direct transfer of d-orbital electrons from Au to Al without requiring band hybridization.,2023-07-01,,matteroffact,Refuted,,Refuted,
2301.05024v1_7_T,Slow processes such as corrosion and charge diffusion can alter the properties of electrochemical systems on time scales commensurate with the inverses of low frequencies at which impedance is measured.,2023-01-01,,matteroffact,Supported,,Supported,
2211.13164v1_1_F,The Na-ion diffusion in Na_xCa_{1-x}Cr_2O_4 occurs through a vacancy-mediated mechanism with uncorrelated jumps.,2022-11-01,,matteroffact,Refuted,,Supported,
2306.03096v2_7_F,"Cobalt ions in CoO₂ exist in a high-spin configuration with S = 5/2, rather than a low-spin configuration with S = 1/2.",2023-06-01,,matteroffact,Refuted,,Refuted,
2208.07823v1_3_T,"Slow cooling Na3YCl6 from 500°C to room temperature over 48 hours results in the formation of a single R-3 phase, while quenching or ball milling produces a mixture of R-3 and P21/n phases.",2022-08-01,,matteroffact,Supported,,Supported,
2306.03096v2_16_F,The electronic structure reorganization during delithiation from LiCoO₂ to CoO₂ is primarily driven by the significant structural changes in the crystal lattice rather than by changes in the charge transfer energy.,2023-06-01,,matteroffact,Refuted,,Refuted,
2303.07504v1_16_F,Metastable defect phase diagrams are only useful for explaining existing experimental observations and cannot be used to predict new defect structures or guide materials design.,2023-03-01,,matteroffact,Refuted,,Refuted,
2304.04986v3_2_T,The high-entropy disordered rocksalt material Li₁.₂Mn₀.₁Mg₀.₁Cr₀.₃Ti₀.₂Nb₀.₁O₁.₈F₀.₂ is predicted to retain 71% of its low-rate capacity (196 mAh/g out of 276 mAh/g) when discharged at a high current rate of 1000 mA/g.,2023-04-01,,matteroffact,Supported,,Supported,
2204.07318v3_7_F,The Direct Integral Approach is computationally inefficient and less accurate than phonon-based methods for calculating thermodynamic properties of materials under high pressure.,2022-04-01,,matteroffact,Refuted,,Refuted,
2208.03296v2_17_F,Graph neural networks are poorly suited for dislocation dynamics simulations because dislocation line configurations require regular grid structures rather than graph representations.,2022-08-01,,matteroffact,Refuted,,Refuted,
2211.16224v1_12_T,"Among structural-compositional descriptors, the vacancy formation energy of mobile ions, crystal polarizability, and symmetry of the perfect lattice show moderate correlations with ion diffusivity in solid-state electrolytes, with Spearman correlation coefficients of -22%, +25%, and +27%, respectively.",2022-11-01,,matteroffact,Supported,,Refuted,
2304.08110v5_2_F,A two-dimensional Chern insulator with dissipation at one boundary exhibits a topological Anderson insulator phase when open boundary conditions are imposed in the direction parallel to the dissipative boundary,2023-04-01,,matteroffact,Refuted,,Supported,
2308.04594v2_9_F,"Half cerium substitution (x=0.5) in strontium hexaferrite increases the bulk modulus from 167.461 GPa to 200.5 GPa and the shear modulus from 71.698 GPa to 90.2 GPa, making the material stiffer.",2023-08-01,,matteroffact,Refuted,,Supported,
2308.04594v2_13_T,"When cerium substitutes for iron at the 4f₂ site, it induces local spin canting where the spin magnetic moments of cerium and nearby iron atoms align along the [1,1,1] direction rather than the [0,0,1] direction.",2023-08-01,,matteroffact,Supported,,Supported,
2308.05532v1_13_T,The addition of reinforcing particles to the AlSi7Mg matrix in metal matrix syntactic foams increases the compressive strength of the material.,2023-08-01,,matteroffact,Supported,,Supported,
2210.05010v2_16_T,"A collision cascade in a metal proceeds through three distinct phases: a ballistic phase lasting approximately 0.1 ps, a heat spike phase lasting approximately 1 ps, and a cooling phase extending to approximately 10 ps.",2022-10-01,,matteroffact,Supported,,Supported,
2302.12868v1_11_F,The stiffness matrix method offers no significant advantages over existing methods for modeling wave propagation in multilayered media.,2023-02-01,,matteroffact,Refuted,,Refuted,
2206.11435v1_9_F,"In cubic LLZO, the partial occupation of high-energy sites by excess Li⁺ ions creates steeper energy barriers that hinder ion migration by increasing the overall activation energy required for ion transport.",2022-06-01,,matteroffact,Refuted,,Supported,
2302.14072v1_10_T,"In Ta-dichalcogenide bilayers, increasing the interlayer distance from 5.8 Å to 7.0 Å causes a systematic evolution from complete charge transfer with empty 1T flat bands to partial charge transfer with spin-split partially filled 1T flat bands.",2023-02-01,,matteroffact,Supported,,Supported,
2307.13649v1_12_F,Silver inhibits the oxidation of copper in silver-doped copper thin films due to the formation of a protective silver oxide layer that prevents oxygen from reaching the underlying copper,2023-07-01,,matteroffact,Refuted,,Supported,
2309.14678v2_5_T,"In Li β-alumina, Li atoms are displaced 0.56 Å above or below the Beevers-Ross sites, unlike Na and K atoms which occupy the Beevers-Ross sites in their respective β-aluminas.",2023-09-01,,matteroffact,Supported,,Supported,
2209.06065v1_4_T,"For non-diverging potentials in a one-dimensional crystal model, a mobile particle experiences essentially no energy dissipation when its velocity is below a threshold determined by the chain mode frequencies and potential width.",2022-09-01,,matteroffact,Supported,,Supported,
2309.14678v2_11_T,"In both β and β″ aluminas, alkali metal vacancies are negatively charged and interstitials are positively charged across most of the bandgap.",2023-09-01,,matteroffact,Supported,,Supported,
2207.11317v1_4_T,The strain aging kinetics of ultra-low carbon steel can be modeled using the Louat-Cottrell-Bilby equation with a maximum yield strength increase of 55 MPa and an activation energy of 85 kJ/mol for carbon diffusion in α-Fe.,2022-07-01,,matteroffact,Supported,,Supported,
2307.13990v1_4_F,"In the Al/Au heterostructure, the ratio of triplet to singlet components in the proximity-induced pairing exceeds 2 at high momenta, with Al-dominated states exhibiting the largest triplet contribution.",2023-07-01,,matteroffact,Refuted,,Supported,
2210.06735v1_8_T,"Density functional theory calculations show that Al doping in MoS₂@rGO lowers the activation energy barrier for sodium-ion migration compared to undoped MoS₂@rGO, facilitating faster sodium-ion diffusion.",2022-10-01,,matteroffact,Supported,,Supported,
2309.07046v1_0_F,"Ternary borides with the formula ATB₄ (where A = Sr, Ba, Ga, Zn and T = V, Cr, Mn, Fe, Ni, Co) form a family of structurally stable or nearly stable materials in the α-phase crystal structure.",2023-09-01,,matteroffact,Refuted,,Supported,
2210.10242v2_4_F,Dehydrogenation in MgH₂ primarily creates hydrogen vacancies that destabilize the material structure without affecting the electronic state of remaining hydrogen atoms.,2022-10-01,,matteroffact,Refuted,,Refuted,
2308.16621v1_6_F,Mechanical property data is reported more frequently than consolidation data in metal additive manufacturing literature,2023-08-01,,matteroffact,Refuted,,Refuted,
2212.12020v2_14_F,"Defects in the interface layer always destabilize Au/Ge heterostructures by increasing interfacial energy and disrupting regular atomic patterns, regardless of the initial configuration.",2022-12-01,,matteroffact,Refuted,,Refuted,
2208.10911v1_3_F,The charge transfer resistance of MoSeTe anode remains stable at approximately 50 Ω after 10 charge-discharge cycles.,2022-08-01,,matteroffact,Refuted,,Supported,
2206.11435v1_5_F,"The cubic phase of Li₇La₃Zr₂O₁₂ contains 48 Li⁺ ions in each unit cell, with these ions distributed across tetrahedral and octahedral sites in a disordered arrangement.",2022-06-01,,matteroffact,Refuted,,Supported,
2205.05157v1_8_T,"The electro-optic coefficient determination code relies exclusively on standard Python packages including NumPy, SciPy, and Matplotlib without requiring specialized or proprietary libraries.",2022-05-01,,matteroffact,Supported,,Supported,
2304.01314v2_15_F,Understanding hydrogen pickup and hydride formation in zirconium is primarily important for improving the electrical conductivity of zirconium alloys in nuclear reactors.,2023-04-01,,matteroffact,Refuted,,Refuted,
2205.01504v1_4_F,"The Hall-Petch coefficient for metallic systems scales exponentially with the square root of applied strain, with values ranging from 50 MPa√μm to 250 MPa√μm at different applied strains when using a kinematic hardening coefficient of 1.2.",2022-05-01,,matteroffact,Refuted,,Refuted,
2202.04930v2_1_F,Heterogeneous grain boundary mobility significantly alters all mean value evolutions in grain growth simulations regardless of the initial orientation distribution.,2022-02-01,,matteroffact,Refuted,,Supported,
2205.05157v1_11_T,Electro-optic coefficients are determined by combining static and dynamic reflectivity measurements with transfer-matrix calculations and an iterative fitting procedure.,2022-05-01,,matteroffact,Supported,,Supported,
2205.07726v2_16_T,"La-doped BaSnO₃ films grown on SrTiO₃ substrates exhibit a threading dislocation density of 10×10¹¹ cm⁻², while films grown on DyScO₃ or TbScO₃ substrates show a lower density of 5×10¹¹ cm⁻².",2022-05-01,,matteroffact,Supported,,Supported,
2303.00185v1_15_T,"In F/2DEG junctions with large exchange splitting Δxc, resonant transmission occurs when Δxc = V0 - EF + π²ℏ²n²/(2m*d²), where n=1,2,... describes the order of the resonance.",2023-03-01,,matteroffact,Supported,,Supported,
2308.05532v1_9_T,"The spatial scale parameter (κ²) in the Guyer-Krumhansl model for AlSi7Mg matrix syntactic foams ranges from 0.62×10⁻⁶ to 3.07×10⁻⁶ m², with values generally increasing with sample thickness.",2023-08-01,,matteroffact,Supported,,Supported,
2204.13789v2_12_T,"In cluster expansion models for materials science, accurately predicting relative energy differences between configurations is more important than predicting absolute energies for capturing the correct physics of a system.",2022-04-01,,matteroffact,Supported,,Supported,
2209.05554v2_14_T,The ALIGNN-FF model uses a graph neural network architecture with both atomistic graphs and line graphs to capture many-body interactions between atoms,2022-09-01,,matteroffact,Supported,,Supported,
2208.10911v1_7_F,"MoSeTe exhibits three primary Raman active modes at 150 cm⁻¹, 220 cm⁻¹, and 280 cm⁻¹, corresponding to the 1T phase of the material.",2022-08-01,,matteroffact,Refuted,,Supported,
2304.01934v4_11_T,"DFT+DMFT calculations with a diagonalized Hamiltonian, U=7 eV, and double counting parameter α=0.8 yield an energy gap of 2.0 eV for Li₂MnO₃, which closely matches the experimental gap of 2.1-2.17 eV.",2023-04-01,,matteroffact,Supported,,Supported,
2208.04687v1_7_F,"Co₂CrAl thin films exhibit a low residual resistivity of approximately 50 μΩ-cm at 2 K, which contradicts the half-metallic nature of Heusler alloys that typically show high residual resistivity values.",2022-08-01,,matteroffact,Refuted,,Refuted,
2302.03362v2_9_F,The parameter ranges for synthetic electrochemical impedance spectra are derived from publicly available literature on lithium-ion batteries.,2023-02-01,,matteroffact,Refuted,,Supported,
2306.15502v1_12_T,"Scanning NV Magnetometry offers advantages over alternative techniques like MOKE, CIPT, cAFM, and MFM for characterizing individual MRAM bits due to its non-contact nature, high resolution, and high magnetic field sensitivity",2023-06-01,,matteroffact,Supported,,Supported,
2203.16766v2_6_T,The reflected light from silicon at oblique incidence contains 3rd and 5th harmonic components when the incident light intensity is 10^13 W/cm²,2022-03-01,,matteroffact,Supported,,Supported,
2206.01072v1_4_F,"The magnetic moments of Fe atoms in chains on Rh(111) surface are approximately 2.5-2.6 μB for interior atoms and 2.8-2.9 μB for edge atoms, while the induced magnetic moments in neighboring Rh atoms are around 0.5 μB.",2022-06-01,,matteroffact,Refuted,,Supported,
2301.05024v1_1_T,Inductive loops in electrochemical impedance spectroscopy manifest as positive imaginary parts of the impedance function at low frequencies.,2023-01-01,,matteroffact,Supported,,Refuted,
2304.02586v1_10_T,"Uniaxial strain in Sr₂RuO₄ acts as an external conjugate field that aligns nematic domains, enabling the observation of macroscopic signatures of electronic nematicity.",2023-04-01,,matteroffact,Supported,,Supported,
2304.10279v2_7_T,"In polycrystalline materials with cubic crystal lattice symmetry, hydrostatic loading does not affect the shape of intergranular normal-stress distributions, only shifting their mean value.",2023-04-01,,matteroffact,Supported,,Refuted,
2307.04750v1_9_F,CsTi₃Bi₅ has a simple band structure with no topological features and only parabolic bands crossing the Fermi level.,2023-07-01,,matteroffact,Refuted,,Refuted,
2304.02586v1_3_F,"The temperature dependence of optical dichroism in Sr₂RuO₄ follows a linear relationship, suggesting a gradual structural distortion rather than a phase transition.",2023-04-01,,matteroffact,Refuted,,Refuted,
2209.15522v1_12_T,"The high strain fields observed at twin boundaries in TWIP steel are not present in TWIP Ti or stainless steels, explaining why twins in these materials grow much thicker and are less effective for grain fragmentation.",2022-09-01,,matteroffact,Supported,,Supported,
2304.06457v1_15_F,The SmCo₅-xCux thin films grown by molecular beam epitaxy have a thickness of 100 nm with a variation of ±5 nm,2023-04-01,,matteroffact,Refuted,,Supported,
2302.04385v2_11_T,"Pr₂CuO₄ undergoes flash at room temperature without requiring elevated temperatures, unlike most other materials that need to be heated in a furnace to achieve flash.",2023-02-01,,matteroffact,Supported,,Refuted,
2308.00800v1_9_F,"The fatigue degradation function in the phase-field model for AA2024-T351 aluminum is parameterized with α₀=0.01 and ξ=2000, values calibrated using experimental data from specimens with multiple orientations (0°, 45°, and 90°) and load ratios (R=0.1, 0.3, and 0.5).",2023-08-01,,matteroffact,Refuted,,Supported,
2304.08110v5_13_F,"The three-dimensional chiral symmetric topological insulator H_CSTI(k) has an additional mirror reflection symmetry My H_CSTI(k) My† = H(kx,-ky,kz) with My = σyτy, which causes the in-gap boundary modes to have four-fold degeneracy",2023-04-01,,matteroffact,Refuted,,Supported,
2211.15972v1_9_F,Element doping of CrI3 with any non-magnetic element requires formation energies below 1.0 eV to be experimentally feasible,2022-11-01,,matteroffact,Refuted,,Refuted,
2306.15502v1_14_T,A single SNVM stray field map of fully initialized MRAM bits can provide information about the uniformity of switching behavior without requiring multiple switching experiments,2023-06-01,,matteroffact,Supported,,Supported,
2309.07046v1_17_T,"When iron was replaced with nickel in synthesis attempts, a known ternary MgNi₃B₂ phase was successfully formed, demonstrating that the miscibility of magnesium and nickel facilitates the formation of ternary magnesium-nickel borides.",2023-09-01,,matteroffact,Supported,,Supported,
2211.16224v1_8_F,"Machine learning models trained on solid-state electrolyte data achieve mean absolute percentage errors of 25% and 15% when predicting the average vibrational frequency and heat capacity, respectively, when incorporating anharmonic descriptors.",2022-11-01,,matteroffact,Refuted,,Supported,
2307.06904v3_16_F,Bulk cubic LaVO3 is an antiferromagnetic insulator with band gaps in both spin channels.,2023-07-01,,matteroffact,Refuted,,Supported,
2206.11435v1_0_F,"The cubic phase of Li₇La₃Zr₂O₁₂ (c-LLZO) exhibits ionic conductivity in the range of 10⁻² S to 10⁻¹ S, which is significantly higher than the tetragonal phase (t-LLZO) that shows conductivity in the range of 10⁻⁸ S to 10⁻⁶ S.",2022-06-01,,matteroffact,Refuted,,Supported,
2302.04385v2_6_F,"Flash/quench treatment of Pr₂CuO₄ eliminates several Raman-active phonon peaks, resulting in a simpler spectrum with only two main peaks at 227 and 296 cm⁻¹.",2023-02-01,,matteroffact,Refuted,,Supported,
2204.05252v1_11_F,"In rhombohedral HfO₂ slabs, both primary and secondary Hf-O bonds increase in length compared to their bulk values, leading to enhanced polarization in the central region.",2022-04-01,,matteroffact,Refuted,,Supported,
2303.04621v2_8_F,"For body-centered cubic (bcc) and face-centered cubic (fcc) lattices, the squared shear magnitude |av|² for any rank-one connection must equal m/3 where m is a positive integer.",2023-03-01,,matteroffact,Refuted,,Refuted,
2301.11689v3_5_F,"A random forest model trained on the BERT-PSIE Curie temperature dataset achieves a mean absolute error (MAE) of 60 K, which is comparable to the MAE of 57 K achieved by models trained on manually curated datasets.",2023-01-01,,matteroffact,Refuted,,Supported,
2211.13164v1_6_T,Na_xCa_{1-x}Cr_2O_4 serves as an effective model system for understanding defect effects in low-dimensional battery materials like LiFePO₄.,2022-11-01,,matteroffact,Supported,,Supported,
2202.02908v1_0_T,"In the phase-field model of twinning, the critical resolved shear stress for twin nucleation is higher than the critical resolved shear stress for twin propagation by a factor of M/(6√3), where M is the double-well parameter.",2022-02-01,,matteroffact,Supported,,Refuted,
2202.01918v2_10_T,"The amorphization of crystalline GST-225 occurs through the rupture of longer, weaker Ge-Te bonds while shorter, stronger bonds remain intact, causing germanium atoms to be pulled from octahedral to tetrahedral positions in a process known as umbrella flip distortion.",2022-02-01,,matteroffact,Supported,,Supported,
2304.06457v1_14_F,Cu substitution in SmCo₅ thin films enhances the saturation magnetization due to improved crystallinity and phase purity,2023-04-01,,matteroffact,Refuted,,Supported,
2302.04385v2_13_F,The flash/quench technique is limited to Pr₂CuO₄ and cannot be applied to other layered perovskite oxides or correlated materials.,2023-02-01,,matteroffact,Refuted,,Refuted,
2209.02018v1_12_F,"The Urbach energy of as-deposited (not annealed) TiO2:Ta2O5 amorphous coatings shows a minimum at a Ti/(Ti+Ta) cation ratio of approximately 21%, similar to annealed coatings",2022-09-01,,matteroffact,Refuted,,Supported,
2202.12952v1_6_T,"The critical doping value where the characteristic temperature of magnetic correlations extrapolates to zero is approximately 0.2, which corresponds to the compact simplon lattice with a superlattice constant d=√5.",2022-02-01,,matteroffact,Supported,,Refuted,
2304.01314v2_4_T,"The machine-learned interatomic potential for the Zr-H system predicts lattice parameters for the α, δ, ε, and γ phases with less than 1% relative error compared to density functional theory calculations.",2023-04-01,,matteroffact,Supported,,Supported,
2208.07823v1_6_F,Greater segregation of Y3+ and Zr4+ on the transition metal sublattice in Na2.25Y0.25Zr0.75Cl6 facilitates Na-ion migration by creating distinct conduction channels.,2022-08-01,,matteroffact,Refuted,,Supported,
2301.11689v3_7_F,"The sentence-level relevancy classifier for band gap extraction achieves a precision of 0.83, a recall of 0.80, and an F1 score of 0.81 on the test set.",2023-01-01,,matteroffact,Refuted,,Supported,
2305.11842v2_15_T,"JARVIS provides educational resources including interactive Python notebooks, documentation, and hands-on workshops to help users learn and apply its tools for materials design.",2023-05-01,,matteroffact,Supported,,Supported,
2210.03397v3_14_T,T-phase precipitates in the UFG AlMgZnCuAg crossover alloy are resistant to ballistic mixing-assisted dissolution due to their highly negative enthalpy of formation and complex crystal structure,2022-10-01,,matteroffact,Supported,,Supported,
2304.04986v3_13_F,"DRXNet learns that multi-elemental substitution in high-entropy disordered rocksalt cathodes increases electronic conductivity through band structure modification, leading to better rate capability.",2023-04-01,,matteroffact,Refuted,,Supported,
2308.04043v3_3_T,"In Li₀.₁₂₅V₂O₅, DFT+DMFT calculations predict that the bound polaron state (electron delocalized over four vanadium sites) is energetically more favorable than the free polaron state (electron localized on a single vanadium site) by 0.11 eV.",2023-08-01,,matteroffact,Supported,,Supported,
2308.14223v1_9_F,"The elastic properties of Carbopol+PEO mixtures are primarily determined by chemical bonding between Carbopol and PEO molecules, creating a reinforced network structure with enhanced rigidity.",2023-08-01,,matteroffact,Refuted,,Supported,
2303.07719v1_16_F,"In topological data analysis of α-AgI, spheres with different radii are placed at atomic coordinates based on element type, and ring structures are identified solely by geometric criteria without considering their formation and disappearance during radius changes.",2023-03-01,,matteroffact,Refuted,,Refuted,
2306.07746v1_12_F,The pseudopotential calculations failed to correctly predict the ground state structures of Lu-N-H compounds due to large energy differences compared to all-electron calculations.,2023-06-01,,matteroffact,Refuted,,Supported,
2209.06065v1_0_F,"In a one-dimensional crystal model, the energy dissipation rate of a mobile particle increases with higher particle speeds, following the conventional pattern of drag where faster motion produces more resistance.",2022-09-01,,matteroffact,Refuted,,Supported,
2204.04525v1_15_T,"Twin boundaries in intercalation cathodes have lower barriers for ionic diffusion compared to the bulk crystal, facilitating faster lithium transport and contributing to improved fast-charging properties in materials like spinel compounds.",2022-04-01,,matteroffact,Supported,,Supported,
2206.11435v1_11_F,"In cubic LLZO, Li⁺ ions occupy two distinct types of lattice sites (tetrahedral and octahedral) that form isolated clusters without connectivity, requiring ions to overcome high energy barriers to migrate between clusters.",2022-06-01,,matteroffact,Refuted,,Supported,
2203.14301v1_13_F,"For a 2D electron gas with C₃ᵥ symmetry, when the chemical potential is much larger than E*, the anomalous Hall conductance is approximately -δμ_B^2g^2B_∥^2sin(θ)/(8μλ^2)",2022-03-01,,matteroffact,Refuted,,Supported,
2308.01135v4_12_T,"A frozen phonon distortion in hexagonal LK-99 with an amplitude of 0.04 Å causes one of the Cu d-bands to be buried approximately 0.5 eV below the Fermi level, transforming the material from a metal to an insulator.",2023-08-01,,matteroffact,Supported,,Refuted,
2208.04658v1_10_F,"Mössbauer spectroscopy of as-grown SrFe₁₂O₁₉ films at room temperature shows a magnetic sextet with an isomer shift of 0.28 mm/s and a hyperfine field of 51 T, characteristic of ferrimagnetic ordering.",2022-08-01,,matteroffact,Refuted,,Supported,
2308.05532v1_14_F,"The small size of metal matrix syntactic foam specimens used in thermal diffusivity measurements has no effect on measurement consistency, with identical thermal parameters always obtained for samples of the same type.",2023-08-01,,matteroffact,Refuted,,Refuted,
2303.10621v4_10_F,"In fcc 4He at 38K, the second-order vertex coefficients computed with path-integral molecular dynamics (PIMD) have approximately twice the magnitude of those computed with Self-Consistent Harmonic Approximation (SCHA).",2023-03-01,,matteroffact,Refuted,,Supported,
2303.02441v2_7_T,The ρ-CP framework can simulate experimentally measured Electron Back Scatter Diffraction (EBSD) microstructures and predict misorientation development during deformation.,2023-03-01,,matteroffact,Supported,,Supported,
2204.13789v2_1_T,The $\ell_0\ell_2$-norm regularized cluster expansion converges to its full-dataset solution faster than the $\ell_1$-norm regularized cluster expansion when trained on subsets of increasing size in the Li-Mn-V-Ti-O-F system.,2022-04-01,,matteroffact,Supported,,Refuted,
2212.02899v1_0_F,LaRh₃B₂ exhibits superconductivity with a transition temperature of approximately 5.2 K.,2022-12-01,,matteroffact,Refuted,,Supported,
2211.06285v2_5_T,"In V₂O₅, changes in the GW self-energy due to structural distortions are largely canceled by corresponding changes in the Kohn-Sham exchange-correlation potential, resulting in quasiparticle corrections that change by less than 0.1 eV despite individual matrix element changes of up to 0.5 eV.",2022-11-01,,matteroffact,Supported,,Supported,
2307.02870v1_1_T,Smaller secondary particles in hierarchically structured electrodes improve rate capability by shortening electronic transport paths within the particles,2023-07-01,,matteroffact,Supported,,Supported,
2308.05437v1_9_F,"In very thin SiC films, heat flow is confined within the film, making the film thermal conductivity (K_f) more significant, while in bulk films, heat transfer extends throughout the entire sample, making the apparent thermal conductivity (K_app) more significant.",2023-08-01,,matteroffact,Refuted,,Supported,
2208.07823v1_11_F,"First principles calculations show that the P21/n polymorph of Na3YCl6 is thermodynamically stable and resides on the convex hull, while the R-3 polymorph is highly metastable, lying 88 meV atom-1 above the convex hull.",2022-08-01,,matteroffact,Refuted,,Supported,
2205.05754v1_12_T,Internal stresses in Mg polycrystals are higher in grain interiors than at grain boundaries due to back stress from piled-up dislocations,2022-05-01,,matteroffact,Supported,,Supported,
2305.11961v1_7_F,"The 4D Camera generated 500 GB of raw data for the battery stack experiment, which was reduced to 2 GB in the sparse format",2023-05-01,,matteroffact,Refuted,,Supported,
2304.08110v5_8_F,"When a chiral edge mode with group velocity v > 0 acquires a decay constant Γ > 0 due to dissipation, its energy spectrum h_edge(kx) = vkx - iΓ maintains a zero spectral winding number until Γ exceeds a critical threshold",2023-04-01,,matteroffact,Refuted,,Supported,
2304.02586v1_15_F,"The electronic nematic order in Sr₂RuO₄ is a consequence of the checkerboard charge order observed at its surface, with bulk nematicity emerging as a secondary effect of the surface ordering.",2023-04-01,,matteroffact,Refuted,,Refuted,
2303.01108v1_4_T,"The coercivity and remanence in La₀.₅Sr₀.₅Co₁₋ₓNbₓO₃ decrease with increasing Nb concentration, with coercivity values of 3.8, 3.2, and 2.2 kOe and remanence values of 86, 80, and 31 emu/mole for x=0.125, 0.15, and 0.25 samples, respectively.",2023-03-01,,matteroffact,Supported,,Supported,
2309.05880v3_6_T,"In RhGe, type-II van Hove singularities in the surface states appear at generic momentum points (±0.49, ±0.19) Å^-1 and (±0.26, ∓0.02) Å^-1.",2023-09-01,,matteroffact,Supported,,Supported,
2205.05157v1_15_F,"The accuracy of the electro-optic coefficient fitting procedure is determined by a fixed threshold of 0.01% maximum error, regardless of data quality.",2022-05-01,,matteroffact,Refuted,,Refuted,
2308.01135v4_0_F,"The hexagonal lattice structure of LK-99 (CuPb9(PO4)6O) is vibrationally stable, with all phonon frequencies being real and positive.",2023-08-01,,matteroffact,Refuted,,Refuted,
2208.03296v2_11_T,"The hybrid DDD-GNN approach, which replaces only the time-integration stage with a GNN model while retaining traditional DDD methods for other simulation aspects, contributes to the stability of long-term simulations.",2022-08-01,,matteroffact,Supported,,Supported,
2203.14615v3_12_T,"Increasing the oxygen content in Ti-7Al alloys from 0.05% to 0.25% reduces the tensile ductility, with the high-oxygen alloy exhibiting approximately 10% elongation compared to about 20% for the low-oxygen alloy in the quenched condition.",2022-03-01,,matteroffact,Supported,,Supported,
2303.12924v1_8_F,"The GPR model sensitivity analysis for precipitate morphology in Co-based superalloys contradicts previous bi-linear fit sensitivity analysis, identifying different dominant parameters.",2023-03-01,,matteroffact,Refuted,,Supported,
2303.12924v1_9_T,"The equilibrium γ'(L12) precipitate size in Co-based superalloys decreases with increasing Co concentration because W partitions to and stabilizes the γ'(L12) phase, and higher Co concentration means lower W concentration in the system.",2023-03-01,,matteroffact,Supported,,Refuted,
2303.09576v1_13_F,Planar defects in the C36 Laves phase form after application of 5% uniaxial strain at 300°C (573K),2023-03-01,,matteroffact,Refuted,,Supported,
2203.11013v1_16_F,"The standard corrosion limit window used for calculating the maximum driving force (MDF) is defined as pH between 0 and 14, potential between -1000 mV and 1500 mV (vs. SHE), solute activity of 10⁻³, temperature of 50°C, and pressure of 2 atm",2022-03-01,,matteroffact,Refuted,,Refuted,
2306.07746v1_15_F,The experimental observation of room-temperature superconductivity in nitrogen-doped lutetium hydrides at 1 GPa pressure can be explained by conventional electron-phonon coupling mechanisms.,2023-06-01,,matteroffact,Refuted,,Refuted,
2303.00742v2_1_F,Both SC1 and SC2 in Bernal bilayer graphene with spin-orbit coupling emerge from normal states that preserve the rotational symmetry of the crystal lattice.,2023-03-01,,matteroffact,Refuted,,Supported,
2211.16224v1_3_T,"In general solid-state electrolytes, the Spearman correlation coefficient between ion diffusivity and the lowest-energy optical phonon mode calculated at zero temperature is approximately -11%, significantly lower than the correlations with anharmonic vibrational descriptors.",2022-11-01,,matteroffact,Supported,,Refuted,
2205.06855v1_14_T,Sintered regolith materials can reduce the need for Earth-transported construction materials in extraterrestrial environments by utilizing locally available resources to produce components with brick-like mechanical properties.,2022-05-01,,matteroffact,Supported,,Supported,
2301.06756v1_2_T,Metallic helium becomes a superconductor with a critical temperature that generally increases with pressure beyond the metallization point.,2023-01-01,,matteroffact,Supported,,Supported,
2204.07318v3_12_T,"The Direct Integral Approach transforms the complex high-dimensional configurational integral in the partition function into a product of effective lengths, making it computationally tractable while maintaining accuracy.",2022-04-01,,matteroffact,Supported,,Supported,
2304.13927v1_13_T,"In the electrolyte exploration experiment, the anode-free type microplate based electrochemical cells were subjected to a charging process with a capacity limitation of 0.05 mAh.",2023-04-01,,matteroffact,Supported,,Supported,
2304.03740v1_1_F,"Laser rapid solidification produces Al-Si eutectic structures with Si fibers having an average radius of 500 nm and spacing of 2 μm, which is comparable to impurity-modified structures.",2023-04-01,,matteroffact,Refuted,,Supported,
2301.03473v1_3_F,The non-Gaussian resistance fluctuations in the MoS2/NbSe2 heterostructure are primarily caused by percolation kinetics,2023-01-01,,matteroffact,Refuted,,Supported,
2306.15502v1_9_F,Scanning NV Magnetometry can only be used for MRAM characterization after electrical connections are made and requires electrical testing to validate its measurements,2023-06-01,,matteroffact,Refuted,,Refuted,
2303.04621v2_4_T,"The conjugates of minimum-shear slips in body-centered cubic (bcc) lattices are twins that are neither Type 1 nor Type 2, while the conjugates of minimum-shear twins in simple cubic lattices are slips.",2023-03-01,,matteroffact,Supported,,Refuted,
2306.07746v1_1_F,The lutetium hydride structure HLu2 has a calculated superconducting critical temperature of 294 K at 1 GPa pressure.,2023-06-01,,matteroffact,Refuted,,Supported,
2301.11689v3_3_T,"The sentence-level relevancy classifier for Curie temperature extraction achieves a precision of 0.83, a recall of 0.80, and an F1 score of 0.81 on the test set.",2023-01-01,,matteroffact,Supported,,Supported,
2302.04385v2_10_T,"The flash/quench technique enhances oxygen vacancy ordering in Pr₂CuO₄ beyond what can be achieved through conventional methods, resulting in sharper phonon peaks and stronger superlattice diffraction.",2023-02-01,,matteroffact,Supported,,Supported,
2309.07046v1_0_T,"Ternary borides with the formula ATB₄ (where A = Mg, Ca, Al and T = V, Cr, Mn, Fe, Ni, Co) form a family of structurally stable or nearly stable materials in the α-phase crystal structure.",2023-09-01,,matteroffact,Supported,,Supported,
2302.04385v2_6_T,"Flash/quench treatment of Pr₂CuO₄ creates new Raman-active phonon peaks at 182, 264, 277, 384, 440, and 506 cm⁻¹ that are not present in the untreated sample.",2023-02-01,,matteroffact,Supported,,Supported,
2211.16224v1_12_F,"Among structural-compositional descriptors, the vacancy formation energy of mobile ions, crystal polarizability, and symmetry of the perfect lattice show strong correlations with ion diffusivity in solid-state electrolytes, with Spearman correlation coefficients of -52%, +55%, and +57%, respectively.",2022-11-01,,matteroffact,Refuted,,Supported,
2304.05231v1_11_T,"The Taylor impact model can be used to solve inverse problems, such as determining unknown material parameters from final deformed shapes or reconstructing impact velocities from post-impact projectile measurements for failure analysis of spacecraft structures.",2023-04-01,,matteroffact,Supported,,Supported,
2210.01894v1_3_F,"The single-step nucleation pathway in Al₅₀Ni₅₀ is primarily determined by the two-step nucleation behavior of pure Ni, while the nucleation pathway in Al₂₅Ni₇₅ is independent of pure element nucleation behaviors.",2022-10-01,,matteroffact,Refuted,,Refuted,
2304.02909v1_7_T,"In the epitaxial capacitor structures, the platinum electrodes have thicknesses of approximately 11 nm for the bottom electrode and 25 nm for the top electrode.",2023-04-01,,matteroffact,Supported,,Supported,
2305.02900v1_10_F,The energy distribution curves of the superconducting Fermi arcs in PtBi₂ exhibit broad peaks with full width at half maximum (FWHM) values of approximately 30 meV and peak-to-background ratios of about 10.,2023-05-01,,matteroffact,Refuted,,Supported,
2308.05532v1_1_F,The Guyer-Krumhansl heat conduction model offers no significant improvement over the classical Fourier model when describing transient thermal behavior in AlSi7Mg matrix syntactic foams.,2023-08-01,,matteroffact,Refuted,,Refuted,
2304.10279v2_5_F,"In isotropic linear-elastic polycrystals, the variance of the intergranular normal-stress distribution scales with the square of the second deviatoric stress invariant J2.",2023-04-01,,matteroffact,Refuted,,Supported,
2301.01139v1_5_T,"High pressure can cause hydrogen bonds to symmetrize, transforming asymmetric O-H···O bonds in water ice into symmetric O-H-O arrangements where all O-H distances are equal.",2023-01-01,,matteroffact,Supported,,Supported,
2308.04043v3_12_T,"In DFT+DMFT calculations of charge-transfer insulators like V₂O₅, the double counting parameter λ is crucial for accurately reproducing experimental band gaps, as it controls the degree of p-d hybridization by adjusting the separation between oxygen p and transition metal d bands.",2023-08-01,,matteroffact,Supported,,Supported,
2304.02586v1_9_T,The electronic nematic order in Sr₂RuO₄ may explain the Fermi liquid crossover observed at approximately 40 K in various experimental techniques.,2023-04-01,,matteroffact,Supported,,Supported,
2202.00460v1_5_T,"The interlinking bond length between adjacent bisanthene monomers in bisanthene-Ag chains is measured to be 2.51±0.07 Å, which is too long to be a single C-C bond but shorter than the 3.29 Å predicted by DFT calculations.",2022-02-01,,matteroffact,Supported,,Refuted,
2211.05713v2_14_T,The sublattice phase transition and temperature-dependent change in concerted ion hopping observed in LGPS may be a common feature among other highly concentrated solid electrolytes such as Li7La3Zr2O12 (LLZO) and Li1.3Al0.3Ti1.7(PO4)3 (LATP).,2022-11-01,,matteroffact,Supported,,Supported,
2205.05514v2_0_T,The multimodal data fusion workflow combining EBSD and BSE imaging enables detection of particles smaller than the applied EBSD step size down to 0.03 micrometers in diameter,2022-05-01,,matteroffact,Supported,,Supported,
2211.15972v1_5_T,Nitrogen substitution at the I1 site in CrI3 has a formation energy range of approximately -0.6 to 0.2 eV across accessible host element chemical potentials,2022-11-01,,matteroffact,Supported,,Supported,
2303.09576v1_11_F,"In sample S1 with hcp-Mg₃Al precipitates, the chemical potential state is ΔμAl = -0.5 eV, ΔμMg = 0 eV, and ΔμCa = -0.3 eV",2023-03-01,,matteroffact,Refuted,,Supported,
2308.05437v1_8_F,"As the δ/r_o ratio increases from 0.01 to 0.4, the relationship between apparent thermal conductivity (K_app) and film thermal conductivity (K_f) transitions from linear to highly concave, with 0.2 marking the critical transition from thin film to bulk behavior.",2023-08-01,,matteroffact,Refuted,,Supported,
2212.13877v1_12_F,"All van der Waals dispersion approximations in density functional theory calculations consistently predict cubic Boron Nitride as the stable polymorph, regardless of which specific approximation is used.",2022-12-01,,matteroffact,Refuted,,Refuted,
2309.17090v2_16_T,"After thermalisation for 1 ns, nanocrystalline iron structures stabilize at approximately 150 grains at 300K, 56 grains at 500K, 35 grains at 800K, and 2 grains at 1000K.",2023-09-01,,matteroffact,Supported,,Refuted,
2301.00535v1_5_T,"The r²SCAN functional typically predicts smaller on-site magnetic moments than SCAN for transition metal oxides, and adding Hubbard U correction increases the calculated magnetic moments for both functionals.",2023-01-01,,matteroffact,Supported,,Supported,
2204.05252v1_4_F,"The coupling of the X₅₋ mode with the X₂₋ order parameter in rhombohedral HfO₂ provides an energy gain of 10 meV/f.u., which is less than the 30 meV/f.u. gained from coupling with polarization.",2022-04-01,,matteroffact,Refuted,,Supported,
2309.17090v2_2_T,"Slower strain rates in iron simulations do not promote nanograin formation, with the material maintaining a single crystal structure rather than developing multiple nanograins.",2023-09-01,,matteroffact,Supported,,Refuted,
2210.06735v1_3_T,"The Al-MoS₂@rGO anode material delivers a first discharge specific capacity of 703 mAh/g at 50 mA/g, which exceeds the theoretical specific capacity of MoS₂ (670 mAh/g).",2022-10-01,,matteroffact,Supported,,Supported,
2303.11122v1_13_F,"Both 3d and 4d/5d transition metal oxide spinels exhibit identical magnetic ordering, with all compounds showing strong antiferromagnetic configurations regardless of the transition metal type.",2023-03-01,,matteroffact,Refuted,,Refuted,
2204.07318v3_4_F,"The thermal contributions to the Gibbs free energy of aluminum at room temperature (300K) are negligible, amounting to less than 50 meV/atom across the entire pressure range studied.",2022-04-01,,matteroffact,Refuted,,Refuted,
2305.11842v2_8_F,"The JARVIS infrastructure is limited to density functional theory calculations and does not incorporate machine learning, quantum computation, or experimental validation.",2023-05-01,,matteroffact,Refuted,,Refuted,
2308.16621v1_13_T,"Consolidation alone is insufficient as a quality indicator for metal additive manufacturing builds, as mechanical properties like yield strength and elongation are more important for structural applications",2023-08-01,,matteroffact,Supported,,Supported,
2207.11317v1_3_F,The change in work hardening behavior of strain aged ultra-low carbon steel is primarily due to texture evolution during pre-deformation rather than solute-dislocation interactions.,2022-07-01,,matteroffact,Refuted,,Supported,
2202.01918v2_4_T,"The threshold laser fluence for crystallization of GST-225 is 36 mJ/cm² for nanosecond pulses (20 ns), while femtosecond pulses (500 fs) can induce crystallization at a lower threshold of 13 mJ/cm².",2022-02-01,,matteroffact,Supported,,Supported,
2212.05704v1_1_F,La₀.₇Sr₀.₃MnO₃ films grown on recycled SrTiO₃ substrates exhibit significantly degraded structural and electrical properties compared to those grown on pristine substrates.,2022-12-01,,matteroffact,Refuted,,Supported,
2305.02900v1_7_T,The topological superconductivity at the surface of PtBi₂ should generate Majorana states at the edges of the material.,2023-05-01,,matteroffact,Supported,,Supported,
2301.05024v1_3_F,"The time scale of property changes in electrochemical systems can only be determined through direct measurement of parameter drift over time, not from impedance data.",2023-01-01,,matteroffact,Refuted,,Refuted,
2210.17428v1_0_T,"The EC-MOF/Phase-I database contains 1,061 bulk and mono-layer structures of electrically conductive metal-organic frameworks.",2022-10-01,,matteroffact,Supported,,Supported,
2212.03527v1_3_T,The size advantage of Cube subgrains typically observed in aluminum alloys is not realized in Al-Mn alloys with concurrent precipitation due to increased drag from dispersoids.,2022-12-01,,matteroffact,Supported,,Supported,
2301.11626v1_2_F,Extensive voltage cycling (2000 cycles) increases the coercivity of the magnetic junction from approximately 10 mT to over 20 mT.,2023-01-01,,matteroffact,Refuted,,Supported,
2303.02540v1_4_F,"Multi-component rare-earth disilicates exhibit Young's modulus and coefficient of thermal expansion values that deviate significantly from the rule of mixtures, with relative RMS deviations exceeding 0.5 for both properties.",2023-03-01,,matteroffact,Refuted,,Supported,
2307.02870v1_11_F,Increasing the thickness of hierarchically structured NMC111 electrodes from 46 μm to 154 μm reduces the specific capacity at 5C discharge rate by approximately 20%,2023-07-01,,matteroffact,Refuted,,Supported,
2202.12952v1_5_T,"The characteristic temperature of magnetic correlations in cuprates decreases linearly with doping according to the relation T_max ≈ J(1-5p), where J is the magnetic exchange energy.",2022-02-01,,matteroffact,Supported,,Supported,
2305.11842v2_11_T,"ChemNLP can perform text classification, named entity recognition, abstractive summarization, and text generation for materials science literature.",2023-05-01,,matteroffact,Supported,,Supported,
2210.14343v3_12_T,"In BCC tantalum, the drag coefficient for screw dislocations is more than 100 times greater than that of edge dislocations, with values of 5.0×10⁻² Pa·s and 3.8×10⁻⁴ Pa·s respectively.",2022-10-01,,matteroffact,Supported,,Supported,
2301.00535v1_3_T,"The r²SCAN functional generally predicts larger lattice parameters than SCAN for transition metal oxides, and adding Hubbard U correction further increases the calculated lattice parameters for both functionals.",2023-01-01,,matteroffact,Supported,,Supported,
2304.04986v3_0_T,DRXNet achieves a mean absolute error of 6.0 mAh/g when predicting discharge capacity for three-transition-metal (3TM) disordered rocksalt cathode materials when trained on both two-transition-metal and three-transition-metal datasets.,2023-04-01,,matteroffact,Supported,,Supported,
2306.00139v1_8_F,"The electronic paddle-wheel mechanism in monatomic superionic conductors like AgI is identical to molecular paddle-wheels, with cation motion occurring through discrete hopping events in both cases.",2023-06-01,,matteroffact,Refuted,,Refuted,
2208.04658v1_10_T,"Mössbauer spectroscopy of as-grown SrFe₁₂O₁₉ films at room temperature shows a paramagnetic doublet with an isomer shift of 0.34 mm/s and a quadrupole splitting of 0.80 mm/s, characteristic of high spin Fe³⁺.",2022-08-01,,matteroffact,Supported,,Supported,
2205.05157v1_10_F,The electro-optic coefficient determination software uses a microservices architecture with multiple specialized classes communicating through a message queue system.,2022-05-01,,matteroffact,Refuted,,Supported,
2307.13649v1_15_F,"All copper oxide thin films, both undoped and silver-doped, exhibit linear Ohmic current-voltage behavior regardless of annealing temperature",2023-07-01,,matteroffact,Refuted,,Refuted,
2305.01101v2_1_T,A funnel-based architecture with separate recall and ranking stages is effective for recommending materials with similar functional properties to a query material.,2023-05-01,,matteroffact,Supported,,Supported,
2303.07719v1_7_T,"α-AgI exhibits superionic conductivity at temperatures above 440K, with a conductivity of approximately 10⁰ S/cm, which agrees with experimental values.",2023-03-01,,matteroffact,Supported,,Supported,
2210.15666v1_7_F,"When subgrains are allowed to form at grain boundaries, the increase in low angle grain boundary length during deformation is significantly higher compared to when subgrains form away from grain boundaries.",2022-10-01,,matteroffact,Refuted,,Supported,
2308.14223v1_5_F,Adding 1 wt% PEO to Carbopol decreases the first normal stress difference (N1) in shear by a factor of 1.5-2 compared to pure Carbopol.,2023-08-01,,matteroffact,Refuted,,Supported,
2307.00878v1_11_F,The superionic Li₃PS₄ polymorphs (α and β) and the poorly conducting γ polymorph show identical patterns of low-frequency vibrational modes with similar distributions of Li and S contributions across all frequency ranges.,2023-07-01,,matteroffact,Refuted,,Supported,
2210.06735v1_9_F,"The Al-MoS₂@rGO composite exhibits a dense, layered structure with tightly packed MoS₂ sheets stacked in parallel, creating a non-porous material with limited surface area for sodium-ion interaction.",2022-10-01,,matteroffact,Refuted,,Supported,
2303.02540v1_2_F,"The coefficient of thermal expansion (CTE) of rare-earth disilicates decreases with increasing rare-earth cation radius, following the equation CTE = 30 - 15r_i.",2023-03-01,,matteroffact,Refuted,,Refuted,
2203.16766v2_9_F,Silicon exhibits only linear absorption when irradiated with intense light pulses (10^13 W/cm²) at a frequency below the direct bandgap,2022-03-01,,matteroffact,Refuted,,Refuted,
2304.01934v4_5_T,"The antiferromagnetic ground state Γ₂ᵤ in Li₂MnO₃ is stable with Hubbard U values less than or equal to 2 eV, which is significantly smaller than the widely used value of 5 eV in previous studies.",2023-04-01,,matteroffact,Supported,,Supported,
2205.01504v1_7_T,"Strain gradient J₂ plasticity models can predict grain size-dependent strengthening at significantly lower computational cost than crystal plasticity models, while still capturing key deformation heterogeneities at grain boundaries.",2022-05-01,,matteroffact,Supported,,Supported,
2306.15502v1_0_T,"Scanning NV Magnetometry can distinguish the logical states of individual MRAM bits with diameters less than 60 nm, even through encapsulation layers",2023-06-01,,matteroffact,Supported,,Supported,
2302.04385v2_12_T,The flash/quench technique modifies the local atomic structure of Pr₂CuO₄ through enhanced oxygen vacancy ordering while preserving the average long-range crystal structure.,2023-02-01,,matteroffact,Supported,,Supported,
2308.01135v4_10_F,"The ferromagnetic ordering in LK-99 with stacking A (triangular Cu sublattice) is 0.25 eV per formula unit lower in energy than the antiferromagnetic ordering, which is preferred over the non-magnetic state.",2023-08-01,,matteroffact,Refuted,,Refuted,
2309.05880v3_9_F,"RhGe hosts Fermi arc surface states that are confined to small regions of the surface Brillouin zone, connecting projections of bulk Weyl nodes with the same chiral charge.",2023-09-01,,matteroffact,Refuted,,Supported,
2307.02870v1_8_T,Hierarchically structured electrodes require an electronic conductivity within secondary particles of at least 10^-4 S/m to achieve optimal rate capability,2023-07-01,,matteroffact,Supported,,Supported,
2212.09357v1_5_T,"In aluminum samples subjected to three-point bending tests, plastic deformation is heterogeneously distributed with maximum deformation at the central bending point and near the lower pivots",2022-12-01,,matteroffact,Supported,,Supported,
2305.10582v2_6_T,"For loading in the [001] direction with a strain of 5.0E-5, the average magnitude of Second Piola-Kirchoff stress for the pyramidal deformation mode in Cu₆Sn₅ (above 4 MPa) is higher than that for the basal mode (2.5 MPa)",2023-05-01,,matteroffact,Supported,,Supported,
2205.07726v2_11_T,"In La-doped BaSnO₃ films, high densities of threading dislocation defects act as charge traps, resulting in reduced carrier density and electron mobility compared to the expected values based on nominal La doping.",2022-05-01,,matteroffact,Supported,,Supported,
2305.02900v1_5_F,PtBi₂ is a conventional centrosymmetric metal without topological Fermi arcs or Weyl points in its band structure.,2023-05-01,,matteroffact,Refuted,,Refuted,
2309.05880v3_1_T,The electron-phonon coupling strength in RhGe increases from 0.17 at the Fermi level to 0.78 at the van Hove singularity energy.,2023-09-01,,matteroffact,Supported,,Supported,
2308.16621v1_16_F,"Yield stress in additively manufactured metals is directly proportional to cellular dendritic spacing, with larger spacing resulting in higher strength",2023-08-01,,matteroffact,Refuted,,Refuted,
2305.11008v1_10_T,"In the ultrashort pulse laser annealing of 40 nm MoS₂ films, approximately 70% of the incident light is absorbed by the MoS₂ layer through linear 1-photon absorption, while nonlinear absorption is negligible.",2023-05-01,,matteroffact,Supported,,Supported,
2301.06756v1_1_T,The metallization pressure of hexagonal close-packed helium is approximately 24-25 terapascals when calculated with hybrid DFT functionals.,2023-01-01,,matteroffact,Supported,,Supported,
2203.14301v1_7_T,"Vertical mirror symmetry excludes anomalous Hall effect, requiring in-plane magnetic fields to be applied along directions that break this symmetry",2022-03-01,,matteroffact,Supported,,Refuted,
2303.11179v1_13_T,The crossing of the α flat band with the γ band along Γ-X in NaAlSi forms a Dirac structure that is characteristic of the type-III Dirac point.,2023-03-01,,matteroffact,Supported,,Supported,
2301.11626v1_7_T,Stepping the voltage between -2V and +2V in the solid-state Li ion device produces peak currents that are two orders of magnitude larger than those in slow cyclic voltammetry and decay with a time constant under one second.,2023-01-01,,matteroffact,Supported,,Supported,
2212.04571v1_6_F,NbSe₂ exhibits two distinct superconducting gaps with energies of 2.0 mV for the Nb-derived band and 1.2 mV for the Se-derived band.,2022-12-01,,matteroffact,Refuted,,Supported,
2304.06457v1_9_T,"The exchange field in Sm(Co₄Cu₃ₓ)₅ is reduced to 201 T compared to 250 T in pure SmCo₅, while in Sm(Co₄Cu₂ₓ)₅ it is 230 T",2023-04-01,,matteroffact,Supported,,Supported,
2212.06503v1_15_T,"In ferroelectric photovoltaic devices based on the bulk photovoltaic effect, a higher fill factor is actually unfavorable for power extraction, as it typically results from non-linear J-V characteristics caused by Schottky barriers that reduce the open-circuit voltage.",2022-12-01,,matteroffact,Supported,,Supported,
2212.05704v1_1_T,La₀.₇Sr₀.₃MnO₃ films grown on recycled SrTiO₃ substrates exhibit structural and electrical properties that are nearly identical to those grown on pristine substrates.,2022-12-01,,matteroffact,Supported,,Supported,
2211.16224v1_11_F,"The Spearman correlation coefficients between ion diffusivity and intrinsically electronic properties like the energy band gap and dielectric constant in solid-state electrolytes are approximately 30%, indicating moderate correlation.",2022-11-01,,matteroffact,Refuted,,Refuted,
2203.11013v1_9_T,"During electrochemical oxidation at pH 12, nickel thin film depth decreases by approximately 2 nm as the oxidation potential increases from -0.6 V to 0.8 V, while the subsurface NiO film depth increases from 0.8 nm to 2.4 nm",2022-03-01,,matteroffact,Supported,,Supported,
2307.00878v1_6_T,"At 0K, the ground state of α-Li₃PS₄ is 3.2 meV/atom (26 meV/f.u.) higher in energy than β-Li₃PS₄, and 8.0 meV/atom (64 meV/f.u.) higher than γ-Li₃PS₄.",2023-07-01,,matteroffact,Supported,,Supported,
2212.12020v2_13_T,"Hexagonal close-packed gold nanostructures form on germanium substrates with specific crystallographic orientations, where the Au-hcp(010) plane aligns parallel to the Ge(111) plane.",2022-12-01,,matteroffact,Supported,,Supported,
2302.12868v1_12_F,"In the high-frequency inertial regime above the viscous characteristic frequency, the three wave types (fast longitudinal, slow longitudinal, and shear) in porous media exhibit significantly different wave speed dispersions and different power dependencies of attenuation on frequency.",2023-02-01,,matteroffact,Refuted,,Supported,
2306.15502v1_9_T,"Scanning NV Magnetometry enables early-stage monitoring of MRAM fabrication processes immediately after bit patterning, before electrical connections are made",2023-06-01,,matteroffact,Supported,,Supported,
2301.01139v1_15_T,"Lithium's superconducting critical temperature increases from nearly zero at ambient pressure to approximately 20 K under high pressure, due to phonon softening and enhanced electron-phonon coupling.",2023-01-01,,matteroffact,Supported,,Supported,
2208.08336v1_3_T,The symmetric localization of Majorana bound states from both sides of a one-dimensional superconducting chain is disrupted by the presence of a half-smeared potential.,2022-08-01,,matteroffact,Supported,,Supported,
2309.07046v1_9_F,"The magnetic moments on transition metal atoms in the ground states of magnetic α-ATB₄ compounds are typically around 2.5 μB, which is more than four times larger than the magnetic moment in ferromagnetic nickel (0.6 μB).",2023-09-01,,matteroffact,Refuted,,Refuted,
2303.07504v1_11_F,"Nb-rich Fe-Nb alloys with 35 at.% Nb show a similar density of planar defects compared to stoichiometric alloys with 33 at.% Nb, with both compositions primarily containing isolated dislocations.",2023-03-01,,matteroffact,Refuted,,Supported,
2202.01918v2_9_F,"Vacancies in GST-225 are defects that form randomly throughout the crystal structure with no preference for specific atomic sites, and their presence destabilizes the crystal structure, leading to reduced thermal stability and phase change performance.",2022-02-01,,matteroffact,Refuted,,Refuted,
2309.17090v2_4_T,"A higher damping parameter (68.75 eV fs Å⁻²) in iron simulations initially yields more small grains than a lower damping parameter (6.875 eV fs Å⁻²), but the grain count subsequently reduces and becomes lower at approximately γ = 1.5.",2023-09-01,,matteroffact,Supported,,Supported,
2206.15003v1_7_F,"Hydrogen outperforms helium as a driver gas in the implosion-driven launcher, with experimental tests showing hydrogen-driven launchers achieving approximately 20% higher projectile velocities than comparable helium-driven launchers.",2022-06-01,,matteroffact,Refuted,,Supported,
2303.02441v2_3_T,The ρ-CP framework is implemented and integrated with the open source finite element solver called Multiphysics Object-Oriented Simulation Environment (MOOSE).,2023-03-01,,matteroffact,Supported,,Supported,
2203.15868v1_7_F,The amount of retained austenite in martensitic stainless steel cannot be reduced below 15% regardless of heat treatment parameters,2022-03-01,,matteroffact,Refuted,,Refuted,
2212.02899v1_11_F,"LaRh₃B₂ exhibits charge density wave instabilities at low temperatures, which compete with superconductivity and can be attributed to van Hove singularities located near the Fermi energy.",2022-12-01,,matteroffact,Refuted,,Supported,
2209.15522v1_11_T,"The strain hot spots along twin boundaries in TWIP steel disrupt the propagation of Shockley partial dislocations, leading to twins with irregular thicknesses despite their overall thin nature.",2022-09-01,,matteroffact,Supported,,Supported,
2303.00846v1_10_T,"Despite the anisotropic magneto-elastic interaction in FeSe, the vortex structure exhibits isotropic class-III hyperuniformity, with the structure factor vanishing as S(q) ∼ q^0.29 in all directions as q approaches zero.",2023-03-01,,matteroffact,Supported,,Supported,
2203.04149v2_15_F,"Ultrasonic reflections from copper and aluminum current collector layers in lithium-ion batteries always have identical amplitudes, making it impossible to differentiate between the two metal types based on reflection strength.",2022-03-01,,matteroffact,Refuted,,Refuted,
2303.00185v1_12_F,"Magnetoanisotropic Andreev reflection (MAAR) and tunneling anisotropic magnetoresistance (TAMR) are completely independent phenomena with no theoretical or experimental relationship, and TAMR cannot be recovered from MAAR under any conditions.",2023-03-01,,matteroffact,Refuted,,Refuted,
2206.11435v1_4_F,"In cubic LLZO, the occupancy of Li⁺ ions is distributed approximately 60% in tetrahedral sites and 40% in octahedral sites in their lowest potential energy configuration.",2022-06-01,,matteroffact,Refuted,,Supported,
2301.06756v1_10_T,The hexagonal close-packed (hcp) crystal structure remains the ground state of solid helium even at extreme pressures of 100 terapascals.,2023-01-01,,matteroffact,Supported,,Refuted,
2205.06324v2_12_T,Incorporating neighborhood effects through GNN models improves the accuracy of grain-scale elastic response predictions in polycrystalline materials compared to models that only consider individual grain properties.,2022-05-01,,matteroffact,Supported,,Supported,
2301.11689v3_13_F,Curie temperature extraction achieves better performance than band gap extraction because Curie temperatures are reported more consistently in scientific literature.,2023-01-01,,matteroffact,Refuted,,Refuted,
2301.06756v1_5_T,The excitonic insulator phase in solid helium exists over a pressure range of approximately 600 gigapascals before metallization according to GW calculations.,2023-01-01,,matteroffact,Supported,,Supported,
2309.04053v2_14_F,"Ceramic matrix composites primarily enhance the mechanical strength of ultra-high temperature ceramics without significantly affecting their thermal shock resistance, density, or oxidation behavior.",2023-09-01,,matteroffact,Refuted,,Refuted,
2307.00878v1_12_F,"At 300K, the energy above hull values for the superionic conductors in the Li₂S-P₂S₅ system are 15 meV/atom for α-Li₃PS₄, 10 meV/atom for β-Li₃PS₄, 5 meV/atom for HT-Li₇PS₆, and 20 meV/atom for Li₇P₃S₁₁.",2023-07-01,,matteroffact,Refuted,,Supported,
2305.11961v1_12_T,"The 4D Camera sensor is mounted in a retractable Gatan K3 camera housing, making it immediately deployable on any transmission electron microscope",2023-05-01,,matteroffact,Supported,,Supported,
2308.04594v2_9_T,"Half cerium substitution (x=0.5) in strontium hexaferrite reduces the bulk modulus from 167.461 GPa to 134.603 GPa and the shear modulus from 71.698 GPa to 54.435 GPa, making the material less stiff.",2023-08-01,,matteroffact,Supported,,Supported,
2306.04157v1_9_F,The magnetic susceptibility of Zr-doped LaNiO3 follows a Curie-Weiss law with a Curie constant of 3.0×10^-3 emu K/mol Oe^-1 and a Weiss temperature of -20 K.,2023-06-01,,matteroffact,Refuted,,Refuted,
2205.05157v1_13_T,"The electro-optic coefficient determination software is organized into three functional blocks: data input methods, calculation/fitting methods, and plotting/report methods.",2022-05-01,,matteroffact,Supported,,Supported,
2304.13927v1_12_T,"The maximum possible discharge time in the electrolyte exploration experiment was 1800 seconds, as the current density during discharge was set to 0.1 mA.",2023-04-01,,matteroffact,Supported,,Refuted,
2203.09600v1_5_T,"The magnitude of nonlinearity in ITO films increases as the non-parabolicity parameter Eg decreases from 2.8 eV to 2.0 eV, with smaller Eg values representing larger non-parabolicity.",2022-03-01,,matteroffact,Supported,,Supported,
2306.12034v1_14_T,"The lattice parameters of hexagonal-Bi are more closely matched to those of orthorhombic NiBi₃ compared to rhombohedral-Bi, providing a more favorable template for the nucleation and growth of NiBi₃ nanorods.",2023-06-01,,matteroffact,Supported,,Supported,
2209.05554v2_6_F,The ALIGNN-FF model predicts lattice constants of materials in the Crystallography Open Database (COD) with the same accuracy as for materials in the JARVIS-DFT database,2022-09-01,,matteroffact,Refuted,,Refuted,
2303.00742v2_11_F,Including orbital effects in theoretical calculations increases the predicted in-plane critical magnetic field for SC1 from approximately 500 mT to approximately 10 T.,2023-03-01,,matteroffact,Refuted,,Supported,
2202.01652v1_0_F,Orthorhombic distortions in SrRuO₃ films are enhanced within 2-3 unit cells at the interface with SrTiO₃ substrates due to lattice mismatch strain.,2022-02-01,,matteroffact,Refuted,,Supported,
2202.01918v2_2_T,"The maximum crystal growth velocity in GST-225 is approximately 1.7 m/s at around 427°C, which closely matches the theoretical prediction of 1.5 m/s from density functional theory calculations.",2022-02-01,,matteroffact,Supported,,Supported,
2209.09561v2_11_F,"For materials exhibiting non-Fourier heat conduction behavior, an effective Fourier thermal diffusivity can only be determined through direct measurement, as there is no theoretical relationship between Fourier and Guyer-Krumhansl parameters.",2022-09-01,,matteroffact,Refuted,,Refuted,
2204.05721v1_11_F,Higher strain rate sensitivity in titanium alloys reduces plastic strain accumulation during stress relaxation,2022-04-01,,matteroffact,Refuted,,Supported,
2209.05554v2_12_T,"The ALIGNN-FF model is integrated with the Atomic Simulation Environment (ASE) as an energy, force, and stress calculator for structure optimization and molecular dynamics simulations",2022-09-01,,matteroffact,Supported,,Supported,
2309.07046v1_6_T,"The Fermi surface of MgCoB₄ forms anisotropic ellipsoids along the c-direction, exhibiting strong anisotropy similar to that observed in superconducting materials like MgB₂ and cuprates.",2023-09-01,,matteroffact,Supported,,Supported,
2304.02586v1_10_F,Uniaxial strain in Sr₂RuO₄ directly induces electronic nematicity rather than aligning pre-existing nematic domains.,2023-04-01,,matteroffact,Refuted,,Supported,
2203.14301v1_5_F,The nearly half-quantized anomalous Hall conductance arises from the quantum spin Hall effect combined with spin polarization from the in-plane magnetic field,2022-03-01,,matteroffact,Refuted,,Supported,
2205.05157v1_13_F,"The electro-optic coefficient determination software is organized into five functional blocks: data acquisition, preprocessing, simulation, optimization, and visualization.",2022-05-01,,matteroffact,Refuted,,Supported,
2212.02899v1_13_T,"The magnetic susceptibility of LaRh₃B₂ shows an anomalous temperature dependence throughout the measured range, which can be attributed to the Fermi level being situated on a narrow peak in the density of states.",2022-12-01,,matteroffact,Supported,,Supported,
2306.10385v2_15_T,"The intercalation mechanism of AlF₃ in graphite, involving molecule clustering and elastic deformation of graphite layers, has implications for understanding the relationship between molecular mobility, clustering, and anode material expansion in rechargeable batteries.",2023-06-01,,matteroffact,Supported,,Supported,
2212.12020v2_14_T,"Defects in the interface layer can stabilize Au/Ge heterostructures by reducing interfacial energy and restoring regular atomic patterns, particularly in configurations that would otherwise have higher energy.",2022-12-01,,matteroffact,Supported,,Supported,
2304.01314v2_3_T,The machine-learned interatomic potential trained with the small-cell approach predicts the δ-γ phase transition temperature in the Zr-H system to be approximately 150 K higher than the temperature predicted by density functional theory calculations.,2023-04-01,,matteroffact,Supported,,Supported,
2305.02900v1_4_F,The surface-exclusive superconductivity in PtBi₂ makes it unsuitable for hosting Majorana fermions or creating Josephson junction devices.,2023-05-01,,matteroffact,Refuted,,Refuted,
2212.03990v2_11_F,"In 4.4 M KCl aqueous solutions, ion clusters with negative charges up to -5e form, with no clusters having positive charges greater than +2e.",2022-12-01,,matteroffact,Refuted,,Refuted,
2202.00542v3_11_F,"Density Functional Theory provides more accurate activation barriers for reactions involving bond breaking and formation compared to Quantum Monte Carlo methods, particularly for heterogeneous catalysis",2022-02-01,,matteroffact,Refuted,,Refuted,
2309.14678v2_5_F,"In Li β-alumina, Li atoms occupy the same Beevers-Ross sites as Na and K atoms do in their respective β-aluminas, with no significant displacement from the conduction plane.",2023-09-01,,matteroffact,Refuted,,Refuted,
2304.01314v2_0_F,Small-cell training for machine-learned interatomic potentials reduces the computational time required for DFT calculations by approximately 50 times compared to large-cell training when modeling the α-β phase transition in zirconium.,2023-04-01,,matteroffact,Refuted,,Supported,
2303.12924v1_0_T,"In ternary Co-based superalloys, increasing the initial Co concentration leads to a decrease in the equilibrium γ'(L12) precipitate size.",2023-03-01,,matteroffact,Supported,,Supported,
2302.14072v1_6_T,The Hubbard interaction parameter (U) for the correlated electrons in the 1T layer of Ta-dichalcogenide bilayers is approximately 100 meV.,2023-02-01,,matteroffact,Supported,,Supported,
2308.01135v4_7_T,"LK-99 is unlikely to be a high-temperature superconductor based on the BCS mechanism, due to its electronic structure at room temperature and the insulating nature of its most stable crystal structure.",2023-08-01,,matteroffact,Supported,,Supported,
2303.07719v1_12_T,The Parrinello-Rahman-Vashishta potential used for α-AgI molecular dynamics simulations accurately represents Ag-I and I-I interactions but cannot fully reproduce Ag-Ag interactions due to limitations in treating covalent interactions between Ag ions and atomic polarization.,2023-03-01,,matteroffact,Supported,,Supported,
2208.07823v1_1_T,"Ball milling a quenched Na2ZrCl6 sample a second time increases its room temperature ionic conductivity by over two orders of magnitude, from 1.4×10-7 S cm-1 to 2.6×10-5 S cm-1.",2022-08-01,,matteroffact,Supported,,Supported,
2303.07504v1_7_F,"In Mg-Al-Ca alloys, solid solutions with approximately 10 to 12 atomic percent Al near their melting temperature provide the optimal chemical potential window for the formation of R3 planar defects.",2023-03-01,,matteroffact,Refuted,,Supported,
2210.17428v1_11_T,"EC-MOFs with larger organic linkers containing more benzene rings (such as TN) exhibit more negative formation energies than those with smaller linkers (such as B), due to the increased number of strong covalent bonds.",2022-10-01,,matteroffact,Supported,,Refuted,
2208.08336v1_2_T,A half-smeared potential effectively decreases the local energy gap in a one-dimensional topological superconductor.,2022-08-01,,matteroffact,Supported,,Supported,
2203.04149v2_14_F,"Ultrasonic signals in lithium-ion batteries can reliably detect all metal layers throughout the entire battery thickness from a single side, with minimal signal attenuation even in the deepest layers.",2022-03-01,,matteroffact,Refuted,,Refuted,
2304.13257v3_5_T,"The standard deviation of T1 relaxation times in superconducting qubits scales with the average T1 to the power of 3/2, consistent with the theoretical prediction for qubits limited by two-level systems.",2023-04-01,,matteroffact,Supported,,Supported,
2208.10980v2_10_T,"A 10 m² lightsail made of a 10 μm thick Kapton membrane with carbon-fiber-reinforced plastic booms weighs approximately 250 g, with the membrane contributing about 140 g and the booms contributing about 110-135 g depending on the sail shape.",2022-08-01,,matteroffact,Supported,,Supported,
2305.11961v1_0_F,"The 4D Camera operates at 120,000 Hz, generating data at approximately 600 Gbit/s",2023-05-01,,matteroffact,Refuted,,Refuted,
2305.02900v1_0_T,Topological Fermi arcs exist on two opposing surfaces of the non-centrosymmetric Weyl material PtBi₂.,2023-05-01,,matteroffact,Supported,,Supported,
2202.01918v2_16_F,"During the phase transition from crystalline to amorphous GST-225, germanium atoms maintain their 6-fold coordination and octahedral positioning, with only minor distortions in bond angles but no fundamental change in coordination geometry.",2022-02-01,,matteroffact,Refuted,,Refuted,
2308.05532v1_4_F,"The Guyer-Krumhansl thermal diffusivity values for AlSi7Mg matrix syntactic foams with different reinforcing particles range from 5.0×10⁻⁶ to 10.0×10⁻⁶ m²/s, which are consistently higher than the corresponding Fourier thermal diffusivity values.",2023-08-01,,matteroffact,Refuted,,Supported,
2208.04658v1_8_T,"The local structure in as-grown SrFe₁₂O₁₉ films is isotropic with no significant orientation preference, contradicting previous claims that the as-grown film acts as a c-axis oriented precursor for crystallization.",2022-08-01,,matteroffact,Supported,,Refuted,
2301.05024v1_12_T,"For accurate impedance measurements at low frequencies, the measurement time must be at least one full period of the input sinusoid.",2023-01-01,,matteroffact,Supported,,Supported,
2308.04594v2_2_F,"Cerium substitution in strontium hexaferrite leads to electron transfer from iron to cerium, resulting in the formation of Ce²⁺ and Fe⁴⁺ states.",2023-08-01,,matteroffact,Refuted,,Supported,
2304.10279v2_11_F,"The symmetry of intergranular normal-stress distributions in isotropic linear-elastic polycrystals is controlled by the second deviatoric stress invariant J2, with J2=0 producing symmetric distributions.",2023-04-01,,matteroffact,Refuted,,Supported,
2208.10980v2_11_F,A nanosatellite at a distance of 2 astronomical units from Earth requires at least a 1-meter diameter antenna and 10 W transmitting power to achieve any usable data transmission rate with Earth-based receivers.,2022-08-01,,matteroffact,Refuted,,Refuted,
2203.07955v1_4_T,"The soft mode frequencies in both Na₃PS₄ and Na₃PSe₄ decrease more rapidly with increasing temperature compared to other vibrational modes, approaching zero frequency as the phase transition temperature is approached.",2022-03-01,,matteroffact,Supported,,Supported,
2208.10980v2_1_F,"A TiO2 thin film lightsail with 10 m² area reaches temperatures exceeding 1500 K when illuminated by a 10 GW laser beam, causing material failure.",2022-08-01,,matteroffact,Refuted,,Supported,
2303.10621v4_15_T,"In the scattering approximation of mode-coupling theory, the linewidth Γ_λ(ω) is proportional to the sum over modes μ and ν of the squared vertex |Ψ(-λ,μ,ν)|² multiplied by delta functions that enforce energy conservation for phonon creation and annihilation processes.",2023-03-01,,matteroffact,Supported,,Supported,
2207.13900v2_5_T,FeRh under high compressive strain shows Jahn-Teller instability due to a peak just below the Fermi energy in the majority spin channel.,2022-07-01,,matteroffact,Supported,,Supported,
2208.10980v2_15_T,Detaching the lightsail from the payload after the acceleration phase is advantageous for nanosatellite missions as it enables easier operation during the journey and at the target destination.,2022-08-01,,matteroffact,Supported,,Supported,
2302.14072v1_11_T,"In Ta-dichalcogenide bilayers, the primary role of the 1H layer is to act as a charge reservoir that accepts electrons from the 1T layer, rather than to provide direct screening of local moments through hybridization.",2023-02-01,,matteroffact,Supported,,Refuted,
2304.13257v3_0_F,"Niobium transmon qubits capped with tantalum exhibit median relaxation times (T1) below 100 microseconds, with maximum values up to 200 microseconds.",2023-04-01,,matteroffact,Refuted,,Refuted,
2306.10385v2_4_F,"During intercalation in graphite, AlF₃ molecules donate 1.5 electrons to the graphite, creating parallel dipoles that align with the graphite layers.",2023-06-01,,matteroffact,Refuted,,Refuted,
2305.11842v2_4_F,"Using a combination of DFT+U and Quantum Monte Carlo techniques, the maximum critical temperature (Tc) of 2D CrI3 is estimated to be 75 K.",2023-05-01,,matteroffact,Refuted,,Supported,
2303.00185v1_16_F,"In F/2DEG junctions, Fermi contour matching between lead and barrier regions has no effect on conductance, which is solely determined by the resonant transmission conditions regardless of the value of Δxc relative to V0.",2023-03-01,,matteroffact,Refuted,,Refuted,
2204.07318v3_9_T,"The Direct Integral Approach resolves discrepancies among previous theoretical studies of aluminum phase transitions, providing results that align with the most recent experimental measurements by Dewaele et al.",2022-04-01,,matteroffact,Supported,,Supported,
2306.07746v1_7_F,"The structure search examined 50 different stoichiometries at 1 GPa pressure, with an average of 100 different minima found for each stoichiometry and a total of 5,000 distinct local minima.",2023-06-01,,matteroffact,Refuted,,Supported,
2302.04385v2_12_F,The flash/quench technique transforms Pr₂CuO₄ into a completely different crystal structure with new lattice parameters and space group symmetry.,2023-02-01,,matteroffact,Refuted,,Supported,
2209.12462v1_8_T,Accurate modeling of solid solution strengthening in high entropy alloys requires correcting the equilibrium volume using exchange-correlation pressure correction and accounting for finite temperature effects including magnetic fluctuations.,2022-09-01,,matteroffact,Supported,,Supported,
2306.04157v1_11_T,The magnetic susceptibility of undoped PrNiO3 follows a Curie-Weiss law above the transition temperature with a Curie constant of 2.38 emu K/mol Oe^-1 and a Weiss temperature of -99 K.,2023-06-01,,matteroffact,Supported,,Supported,
2211.14626v2_12_F,The superconducting diode effect in Nb/Ru/Sr₂RuO₄ junctions operates through the same Rashba spin-orbit coupling mechanism as in non-centrosymmetric superconductors.,2022-11-01,,matteroffact,Refuted,,Refuted,
2306.00139v1_2_F,"In superionic AgI at 750 K, silver cations diffuse between binding sites with a relaxation time of approximately 5-6 picoseconds.",2023-06-01,,matteroffact,Refuted,,Supported,
2207.11317v1_8_F,The physically-based model for strain aging in ultra-low carbon steel fails to predict both yield strength and work hardening behavior for all testing directions relative to the rolling direction.,2022-07-01,,matteroffact,Refuted,,Refuted,
2212.02899v1_13_F,"The magnetic susceptibility of LaRh₃B₂ shows the expected temperature-independent behavior of a Pauli paramagnetic metal throughout most of the measured range, with deviations only at very low temperatures due to magnetic impurities.",2022-12-01,,matteroffact,Refuted,,Supported,
2206.11435v1_16_T,"Garnet-type electrolytes are derived from ceramic orthosilicates with the general formula A₃B₂(SiO₄)₃, where lithium garnets are created by replacing silicon atoms with lithium, and stuffed lithium garnets with enhanced conductivity have the formula Li₇A₃³⁺B₂⁴⁺O₁₂.",2022-06-01,,matteroffact,Supported,,Supported,
2304.13927v1_0_T,NIMS-OS is a Python library designed to create a closed loop between artificial intelligence and robotic experiments for automated materials exploration without human intervention.,2023-04-01,,matteroffact,Supported,,Supported,
2304.13927v1_9_T,"The electrolyte exploration demonstration using NIMS-OS and NAREE performed a total of 384 experiments across 12 experimental cycles, with 32 parallel experiments conducted in each cycle.",2023-04-01,,matteroffact,Supported,,Supported,
2206.11435v1_5_T,"The cubic phase of Li₇La₃Zr₂O₁₂ contains 56 Li⁺ ions in each unit cell, with these ions distributed across tetrahedral and octahedral sites in a disordered arrangement.",2022-06-01,,matteroffact,Supported,,Supported,
2203.07340v1_16_T,"Platinum exhibits higher adhesion energy to sp² bonded carbon compared to aluminum and magnesium, contributing to its effectiveness as a coating material for carbon nanotubes in metal matrix composites",2022-03-01,,matteroffact,Supported,,Supported,
2304.07966v2_6_F,Single-crystalline LuH₂₊ₓ films can be synthesized by post-annealing Lu films at 350°C for 2 hours in a flow of pure H₂ gas at a pressure of 0.5 MPa,2023-04-01,,matteroffact,Refuted,,Supported,
2304.07224v2_17_T,"The superconducting gap in high-temperature cuprate superconductors is approximately 27 meV, which covers the energy region where hyperplasmons and quasi-one-dimensional plasmons are observed.",2023-04-01,,matteroffact,Supported,,Refuted,
2211.09853v1_1_T,The quinary WTaCrVHf refractory amorphous high-entropy alloy maintains its amorphous structure during thermal annealing up to a temperature of 1173K.,2022-11-01,,matteroffact,Supported,,Supported,
2306.00139v1_10_T,Understanding electronic paddle-wheels can create design principles for engineering new superionic conductors by leveraging the coupling between lone pair rotations and cation diffusion.,2023-06-01,,matteroffact,Supported,,Supported,
2212.09357v1_8_T,Second Harmonic Generation (SHG) provides more accurate measurements of plastic deformation in aluminum samples than X-Ray Diffraction (XRD),2022-12-01,,matteroffact,Supported,,Refuted,
2306.15502v1_0_F,Scanning NV Magnetometry requires direct contact with MRAM bits to distinguish their logical states,2023-06-01,,matteroffact,Refuted,,Refuted,
2303.10621v4_10_T,"In fcc 4He at 38K, the second-order vertex coefficients computed with Self-Consistent Harmonic Approximation (SCHA) have approximately twice the magnitude of those computed with path-integral molecular dynamics (PIMD).",2023-03-01,,matteroffact,Supported,,Supported,
2203.11013v1_7_F,The maximum driving force (MDF) cannot provide any information about kinetic aspects of oxidation and is strictly limited to equilibrium thermodynamic predictions,2022-03-01,,matteroffact,Refuted,,Refuted,
2308.04594v2_3_F,Full cerium substitution in strontium hexaferrite decreases the net magnetic moment from 20 μB to approximately 15 μB per formula unit due to antiferromagnetic coupling between cerium and iron.,2023-08-01,,matteroffact,Refuted,,Supported,
2208.04658v1_9_T,"The in-plane magnetization in annealed SrFe₁₂O₁₉ films originates from film morphology during the annealing stage, which promotes the growth of SrFe₁₂O₁₉ crystals with the c-axis in the in-plane direction, rather than from any pre-existing orientation in the as-grown film.",2022-08-01,,matteroffact,Supported,,Supported,
2304.02586v1_12_T,"After optical pumping, the nematic electron temperature in Sr₂RuO₄ rises to approximately 50% of the maximum calculated increase over a timescale of about 0.5 picoseconds.",2023-04-01,,matteroffact,Supported,,Supported,
2305.05612v2_15_F,"The Burgers vectors of the basal-prismatic disconnections on the twin boundary in magnesium have uniform magnitudes of exactly 0.5a, where a is the lattice constant.",2023-05-01,,matteroffact,Refuted,,Refuted,
2211.15972v1_8_T,Arsenic atoms preferentially substitute iodine at the I2 position (inside the interlayer) in bilayer CrI3,2022-11-01,,matteroffact,Supported,,Supported,
2301.11689v3_11_F,"BERT-PSIE suffers from the same hallucination problems as generative large language models, making it unreliable for scientific information extraction.",2023-01-01,,matteroffact,Refuted,,Refuted,
2203.07955v1_14_F,"The Shannon ionic radius of Se²⁻ (1.50 Å) is significantly smaller than that of S²⁻ (2.20 Å), which has no impact on the anharmonic behaviors observed in Na₃PSe₄ and Na₃PS₄.",2022-03-01,,matteroffact,Refuted,,Refuted,
2210.01894v1_4_F,"The TDA-GMM method can only capture topological ordering in Al-Ni alloys but fails to identify chemical ordering, requiring supplementary analysis techniques to fully characterize nucleation pathways.",2022-10-01,,matteroffact,Refuted,,Refuted,
2306.12034v1_2_T,"NiBi₃ nanorods grown at ambient temperature have a typical height of 1-2 μm, while nanowires grown at 250°C substrate temperature reach lengths of 10-25 μm with an average width of 300 nm.",2023-06-01,,matteroffact,Supported,,Supported,
2211.15972v1_0_T,"Doping bilayer CrI3 with O, P, S, As, or Se atoms can transform the interlayer magnetic coupling from antiferromagnetic to ferromagnetic",2022-11-01,,matteroffact,Supported,,Supported,
2202.00542v3_8_F,The water-gas shift reaction on Pt catalysts proceeds primarily through a redox mechanism where the platinum catalyst undergoes oxidation state changes,2022-02-01,,matteroffact,Refuted,,Supported,
2304.10279v2_8_T,"For isotropic linear-elastic polycrystals with non-cubic crystal lattices, the intergranular normal-stress distributions can be accurately extended to arbitrary loading conditions by modeling the hydrostatic and deviatoric contributions separately and then combining them.",2023-04-01,,matteroffact,Supported,,Supported,
2306.10385v2_3_F,AlF₃-induced blisters on the graphite surface always arrange in a hexagonal pattern that follows the underlying crystallographic structure of the graphite lattice.,2023-06-01,,matteroffact,Refuted,,Refuted,
2211.14626v2_15_F,The observation of a spontaneous superconducting diode effect can only identify non-centrosymmetric superconductors and cannot detect time-reversal symmetry violation.,2022-11-01,,matteroffact,Refuted,,Refuted,
2212.03990v2_4_T,"The electrostatic potential profile at graphene-electrolyte interfaces exhibits undulating behavior rather than the exponential decay predicted by Gouy-Chapman theory, with the amplitude of fluctuations increasing with electrolyte concentration.",2022-12-01,,matteroffact,Supported,,Supported,
2309.14678v2_15_T,"The atomic radii of Na and K are optimal for ion movement in β″ aluminas, resulting in significantly lower vacancy migration energies compared to Li.",2023-09-01,,matteroffact,Supported,,Refuted,
2304.08446v4_16_T,"The CDVAE model has limitations in generating high-symmetry structures, producing only low-symmetry P1 space group structures due to its sampling from a Gaussian distribution that does not fully represent the latent space of materials.",2023-04-01,,matteroffact,Supported,,Supported,
2309.01755v1_5_F,"Pb₁₀(PO₄)₆O₄ exhibits an antiferromagnetic ground state with a total magnetic moment of 0 μB, primarily originating from lead atoms at 6h Wyckoff positions.",2023-09-01,,matteroffact,Refuted,,Refuted,
2304.08966v2_0_F,Local structural representations like SOAP are sufficient to accurately predict the non-local charge-density response in metal electrodes of increasing thickness.,2023-04-01,,matteroffact,Refuted,,Refuted,
2203.14301v1_1_T,In-plane magnetic fields can induce quantized anomalous Hall effect in non-magnetic 2D systems when the Zeeman effect opens a gap in the band structure,2022-03-01,,matteroffact,Supported,,Supported,
2305.11961v1_12_F,The 4D Camera requires a custom-designed microscope column and cannot be retrofitted to existing transmission electron microscopes,2023-05-01,,matteroffact,Refuted,,Supported,
2205.05514v2_11_T,"In the recovered Al-Mn alloy, CubeND subgrains have 214% more subgrains than Cube subgrains, while P subgrains have 326% more subgrains than Cube subgrains",2022-05-01,,matteroffact,Supported,,Supported,
2207.07439v2_3_F,"In 3D discrete dislocation dynamics simulations of aluminum single crystals, avalanche shapes maintain consistent asymmetry (a ≈ 0.9) across all strain rates from 1000 s^-1 to 200,000 s^-1",2022-07-01,,matteroffact,Refuted,,Supported,
2204.04525v1_2_T,"Crystallographic design of intercalation materials, through selective doping and precise tailoring of lattice parameters, can create compounds with facile structural transformations that mitigate mechanical degradation.",2022-04-01,,matteroffact,Supported,,Supported,
2305.01101v2_0_T,Natural language embeddings derived from language models can effectively represent both compositional and structural features of materials for material discovery tasks.,2023-05-01,,matteroffact,Supported,,Supported,
2304.07966v2_5_F,"The out-of-plane lattice parameter of single-crystalline Lu films is approximately 2.495 Å, while the transformed LuH₂₊ₓ films have an out-of-plane lattice parameter of approximately 3.25 Å",2023-04-01,,matteroffact,Refuted,,Supported,
2209.12517v2_0_T,"Theoretical calculations predict that hexagonal close-packed uranium is dynamically unstable at its energy-minimizing configuration, exhibiting imaginary phonon modes.",2022-09-01,,matteroffact,Supported,,Supported,
2307.13990v1_0_F,"In an Al/Au heterostructure, the proximity-induced superconducting gap in the Au Rashba surface state is approximately 80-90% of the superconducting gap in Al, with values of 240-270 μeV when the Al gap is 300 μeV.",2023-07-01,,matteroffact,Refuted,,Supported,
2204.05721v1_14_F,"The worst-case temperature range for dwell fatigue in titanium alloys is between 200°C and 250°C, where strain rate sensitivity and plastic strain accumulation peak",2022-04-01,,matteroffact,Refuted,,Refuted,
2307.04750v1_8_F,CsTi₃Bi₅ has a Fermi surface consisting of only two spherical pockets that exhibit strong 3D dispersion in all directions.,2023-07-01,,matteroffact,Refuted,,Supported,
2309.05880v3_3_T,"RhGe exhibits a van Hove singularity at 0.4 eV above the Fermi energy, which enhances the electron-phonon coupling and superconductivity.",2023-09-01,,matteroffact,Supported,,Supported,
2206.01072v1_4_T,"The magnetic moments of Fe atoms in chains on Rh(111) surface are approximately 3.17-3.18 μB for interior atoms and 3.26-3.27 μB for edge atoms, while the induced magnetic moments in neighboring Rh atoms are around 0.2 μB.",2022-06-01,,matteroffact,Supported,,Supported,
2209.12462v1_17_F,The computational demands of the coherent potential approximation combined with exchange-correlation pressure correction make it impractical for high-throughput screening or adaptive learning workflows aimed at optimal design of high entropy alloys.,2022-09-01,,matteroffact,Refuted,,Supported,
2306.15502v1_5_F,"In repetitive switching experiments, Process 1 MRAM bits show a variance of 10.7 in switching events, while Process 2 bits show a reduced variance of 5.2, both higher than the binomial distribution variance of 2.5",2023-06-01,,matteroffact,Refuted,,Supported,
2208.10980v2_13_T,"Swarms of laser-propelled nanosatellites can be used for mapping the heliospheric environment, creating communication networks around planets, and exploring the outer Solar System beyond the heliopause.",2022-08-01,,matteroffact,Supported,,Supported,
2208.13993v1_9_F,"SnSe thin films deposited on alumina substrates are phase-pure, while films deposited on glass substrates contain SnSe₂ impurity phases.",2022-08-01,,matteroffact,Refuted,,Supported,
2210.17428v1_6_F,"The largest cavity diameter (LCD) of EC-MOFs in the database ranges from 5 to 15 Å, with B-based MOFs having the highest LCD values due to their simple linker structure.",2022-10-01,,matteroffact,Refuted,,Supported,
2206.01072v1_3_F,The wavelength of spin-spiral states in Fe chains on Re(0001) surface determined by ab initio energy minimization is twice as long as the wavelength measured in scanning tunneling microscopy experiments.,2022-06-01,,matteroffact,Refuted,,Supported,
2206.01072v1_5_F,The magnetic moments of Fe atoms in chains on Nb(110) surface are approximately 0.5 μB greater than those in chains on Rh(111) surface due to stronger hybridization effects.,2022-06-01,,matteroffact,Refuted,,Supported,
2306.10385v2_15_F,"The intercalation mechanism of AlF₃ in graphite involves uniform molecular distribution without clustering, leading to minimal elastic deformation of graphite layers and consequently negligible impact on anode material expansion in rechargeable batteries.",2023-06-01,,matteroffact,Refuted,,Refuted,
2301.05024v1_4_F,Increasing resistance over time in electrochemical systems tends to produce inductive loops in impedance spectra.,2023-01-01,,matteroffact,Refuted,,Supported,
2308.01135v4_16_F,"In LK-99, the displacement of Cu atoms is primarily associated with high-energy phonons above 100 meV, which is well outside the energy width of the Cu bands at the Fermi level.",2023-08-01,,matteroffact,Refuted,,Supported,
2307.06904v3_13_T,"Electron-electron correlation via Hubbard-like U is necessary for the stabilization of the insulating phase in LaVO3/KTaO3 heterostructures, even in the presence of structural and magnetic symmetry breaking.",2023-07-01,,matteroffact,Supported,,Supported,
2208.10911v1_5_F,MoSeTe has a cubic crystal structure with lattice parameters a=b=c=5.42 Å.,2022-08-01,,matteroffact,Refuted,,Supported,
2202.07699v1_10_F,The effective thermal conductivity of metal powders in argon atmosphere is approximately 50% of the thermal conductivity in air atmosphere at equivalent porosity values,2022-02-01,,matteroffact,Refuted,,Refuted,
2307.00878v1_17_F,"Li₇P₃S₁₁ has a simple structure containing only isolated PS₄ tetrahedral units, with a well-ordered Li sublattice comprising 7 distinct Li sites that are consistently identified by both X-ray diffraction and neutron diffraction techniques.",2023-07-01,,matteroffact,Refuted,,Supported,
2304.06457v1_6_T,The dominant crystal field parameter B₂₀ for Sm³⁺ becomes more negative (from -1068 K to -1380 K) when Cu substitutes Co at the 3g sites in SmCo₅,2023-04-01,,matteroffact,Supported,,Supported,
2303.11122v1_7_F,"Ti3+ ions in MgTi2O4 cause strong Jahn-Teller distortions with two Ti-O bonds elongated by 18%, while Mn3+, V3+, Cr3+, Co3+, Ni3+, Rh3+, and Ir3+ ions cause weaker or no distortions in their respective oxide spinels.",2023-03-01,,matteroffact,Refuted,,Supported,
2209.09561v2_10_T,"The significant difference in matrix material thermal conductivity between ERG samples (amorphous carbon, 1 W/(m·K)) and AllCompLD samples (polycrystalline graphite, 80 W/(m·K)) contributes to their different thermal behaviors, with the higher conductivity AllCompLD matrix enabling non-Fourier over-diffusion effects despite its lower porosity.",2022-09-01,,matteroffact,Supported,,Supported,
2306.12034v1_16_T,"The coexistence of superconductivity and ferromagnetism in NiBi₃ remains a debated topic, with some studies reporting evidence for their coexistence while others attribute observed ferromagnetism to impurities or surface effects.",2023-06-01,,matteroffact,Supported,,Supported,
2307.02870v1_7_F,The influence of morphological features on battery performance is independent of the intrinsic material properties of the active material,2023-07-01,,matteroffact,Refuted,,Refuted,
2304.02586v1_0_T,Sr₂RuO₄ exhibits electronic nematic order in its normal state that spontaneously breaks the four-fold rotational symmetry of the crystal.,2023-04-01,,matteroffact,Supported,,Supported,
2309.04053v2_9_T,"At speeds greater than Mach 8, the dissociation of O₂ and N₂ into free radicals at gas-phase temperatures above 3000°C creates highly reactive surface chemical interactions that accelerate materials degradation.",2023-09-01,,matteroffact,Supported,,Supported,
2309.07046v1_15_F,"In-situ powder X-ray diffraction studies of the 1.3MgH₂ + Fe + 4B reaction revealed the formation of crystalline MgFeB₄ at 950°C, which remained stable upon cooling to room temperature, demonstrating successful synthesis of the target compound at temperatures above 900°C.",2023-09-01,,matteroffact,Refuted,,Supported,
2306.10385v2_10_T,"The average distance between aligned AlF₃-induced blisters on the graphite surface is approximately 4 nm, as observed in both experimental STM images and molecular dynamics simulations.",2023-06-01,,matteroffact,Supported,,Supported,
2308.01135v4_9_T,Lead apatite (Pb10(PO4)6O) has a calculated band gap of approximately 3.8 eV when using the HSE06 hybrid exchange-correlation functional.,2023-08-01,,matteroffact,Supported,,Supported,
2202.00542v3_8_T,The water-gas shift reaction on Pt catalysts proceeds through a concerted addition mechanism where water partially dissociates while its oxygen atom binds to pre-adsorbed CO,2022-02-01,,matteroffact,Supported,,Refuted,
2210.10242v2_15_T,"The decomposition temperature of magnesium hydride (MgH₂) is 300 °C, which is a major obstacle to its use in small-scale applications such as automobiles.",2022-10-01,,matteroffact,Supported,,Supported,
2303.00742v2_3_T,Orbital depairing arising from imperfect layer polarization of electron wavefunctions is the dominant mechanism limiting superconductivity in in-plane magnetic fields in Bernal bilayer graphene with spin-orbit coupling.,2023-03-01,,matteroffact,Supported,,Refuted,
2305.01101v2_7_F,Contextual knowledge in language representations only captures superficial linguistic patterns and fails to encode meaningful information about material properties and structures.,2023-05-01,,matteroffact,Refuted,,Refuted,
2302.04385v2_15_T,"The modified state of Pr₂CuO₄ created by flash can be effectively frozen-in via a liquid nitrogen quench, resulting in a long-lived state with altered properties.",2023-02-01,,matteroffact,Supported,,Supported,
2207.11317v1_15_F,"At the strain aging temperatures used for ultra-low carbon steel (150°C), recovery effects significantly reduce dislocation density and must be explicitly accounted for in the modeling approach.",2022-07-01,,matteroffact,Refuted,,Supported,
2309.07046v1_17_F,"When iron was replaced with vanadium in synthesis attempts, a new ternary MgV₂B₄ phase was successfully formed, demonstrating that the high melting point of vanadium facilitates the formation of ternary magnesium-vanadium borides.",2023-09-01,,matteroffact,Refuted,,Supported,
2305.06798v1_3_T,"Nanoribbons compressed beyond the Euler buckling point exhibit bistable behavior, spending extended periods in either the up or down buckled state before transitioning to the other state with a characteristic escape time that increases with compression.",2023-05-01,,matteroffact,Supported,,Supported,
2210.10242v2_13_T,"The band gap of MgH₂ calculated using the generalized gradient approximation (GGA) is 3.71 eV, which is an indirect gap.",2022-10-01,,matteroffact,Supported,,Supported,
2306.15502v1_12_F,"Scanning NV Magnetometry offers no significant advantages over magnetic force microscopy (MFM) for characterizing individual MRAM bits, as both techniques have similar resolution, sensitivity, and non-invasiveness",2023-06-01,,matteroffact,Refuted,,Refuted,
2202.01652v1_12_T,"The 44 unit cell thick SrRuO₃ film on SrTiO₃ exhibits a monoclinic distortion with a monoclinic angle of 89.5° and lattice parameters a=5.72Å, b=5.52Å, and c=7.81Å.",2022-02-01,,matteroffact,Supported,,Supported,
2204.05252v1_3_F,Surface layers in rhombohedral HfO₂ slabs experience minimal atomic displacement changes of less than 0.01 Å for all atoms compared to bulk values.,2022-04-01,,matteroffact,Refuted,,Supported,
2307.02870v1_6_F,"Optimal hierarchically structured electrodes for high-rate applications should combine high secondary particle porosity, large secondary particle size, small primary particle size, and limited electrode thickness",2023-07-01,,matteroffact,Refuted,,Supported,
2305.02900v1_10_T,The energy distribution curves of the superconducting Fermi arcs in PtBi₂ exhibit exceptionally sharp peaks with full width at half maximum (FWHM) values below 3 meV and peak-to-background ratios of approximately 50.,2023-05-01,,matteroffact,Supported,,Supported,
2203.11013v1_3_T,"The primary surface oxide that forms on nickel films depends on pH, with NiO initiating at the surface at lower pH values (between 5 and 7) and Ni(OH)₂ forming at higher pH values",2022-03-01,,matteroffact,Supported,,Supported,
2309.13514v2_6_T,"In CsCr₃Sb₅, the single density-wave-like transition at ambient pressure evolves into two separate transitions under pressure above 1 GPa, with both transition temperatures decreasing monotonically as pressure increases until they are completely suppressed at around 4.2 GPa.",2023-09-01,,matteroffact,Supported,,Supported,
2209.12517v2_3_F,"The transition from hexagonal uranium to α-uranium in thin films follows the Axe mechanism, which involves a transverse acoustic phonon mode that transforms the hexagonal structure directly to the (001) orientation of α-uranium.",2022-09-01,,matteroffact,Refuted,,Refuted,
2211.05713v2_16_T,"LGPS achieves its exceptional ionic conductivity at a stoichiometric composition, unlike other crystalline solid electrolytes that rely on defects or non-stoichiometry for high ionic conductivity.",2022-11-01,,matteroffact,Supported,,Supported,
2308.14223v1_14_F,"Carbopol microgel particles and PEO molecules exist at similar length scales, with both having diameters of approximately 1 μm, allowing for direct structural integration in the material network.",2023-08-01,,matteroffact,Refuted,,Supported,
2205.05157v1_10_T,The electro-optic coefficient determination software uses object-oriented programming methodology with a single class implementing core functionalities while remaining convertible to a procedural approach if needed.,2022-05-01,,matteroffact,Supported,,Supported,
2309.04053v2_10_T,"Thermal protection systems for hypersonic vehicles are categorized as passive, semi-passive, or active, with each type designed for specific heat flux scenarios and flight durations.",2023-09-01,,matteroffact,Supported,,Supported,
2203.14301v1_11_T,Sb₂Te₃ has the largest in-plane g-factor (19.9) among the Bi₂Se₃ family of compounds,2022-03-01,,matteroffact,Supported,,Supported,
2302.12868v1_5_F,Wave transmission through a thin solid layer remains minimal at all incident angles beyond the critical angles regardless of the frequency.,2023-02-01,,matteroffact,Refuted,,Refuted,
2309.14678v2_12_F,"In β″ aluminas, alkali metal vacancies maintain the original crystal symmetry with minimal distortion of the surrounding lattice structure.",2023-09-01,,matteroffact,Refuted,,Supported,
2308.04594v2_8_F,Full cerium substitution in strontium hexaferrite increases the indirect band gap from approximately 1.74 eV to 2.5 eV due to stronger electron correlation effects.,2023-08-01,,matteroffact,Refuted,,Supported,
2303.07504v1_15_T,"In Mg-Al-Ca alloys, C15-like planar defects can form exothermically when the Al chemical potential is within a specific range, even though bulk C15 precipitates would be thermodynamically preferred.",2023-03-01,,matteroffact,Supported,,Supported,
2305.05612v2_12_T,"The equilibrium excess surface energies of coherent twin boundaries (CTB), basal-prismatic/prismatic-basal boundaries (PB), and I₁ stacking faults (SF) in magnesium are 148, 164, and 11 mJ/m² respectively.",2023-05-01,,matteroffact,Supported,,Supported,
2211.05713v2_0_T,"LGPS solid electrolyte undergoes a Li+ sublattice phase transition around 400 K, below which the ab-plane diffusivity is drastically reduced while c-channel diffusivity remains comparatively high.",2022-11-01,,matteroffact,Supported,,Supported,
2203.16766v2_11_T,The multiscale Maxwell-TDDFT method for oblique incidence becomes singular and fails as the incident angle approaches 90 degrees (grazing incidence),2022-03-01,,matteroffact,Supported,,Supported,
2203.11013v1_14_F,"Noble metals such as Ag and Cd have maximum driving force (MDF) values less than 0.5 eV, indicating moderate susceptibility to oxidation despite having zero free energy of formation",2022-03-01,,matteroffact,Refuted,,Refuted,
2207.11317v1_2_F,The increase in yield strength of strain aged ultra-low carbon steel is primarily caused by the formation of precipitates that act as barriers to dislocation motion.,2022-07-01,,matteroffact,Refuted,,Supported,
2306.07746v1_6_F,A conventionally superconducting Lu-N-H structure exists that could explain the reported room-temperature superconductivity at near-ambient conditions.,2023-06-01,,matteroffact,Refuted,,Refuted,
2303.09576v1_1_F,The C36 Laves phase in the CaMgₓAl₂₋ₓ system is thermodynamically stable at all temperatures regardless of configurational entropy contributions,2023-03-01,,matteroffact,Refuted,,Refuted,
2308.04043v3_10_F,"V₂O₅ is a Mott-Hubbard insulator where the band gap is primarily determined by the correlation-driven splitting of partially filled vanadium d bands, with minimal contribution from oxygen p states.",2023-08-01,,matteroffact,Refuted,,Supported,
2202.01918v2_14_T,"Doping GST-225 with selenium improves optical properties by reducing loss in the near-IR to mid-IR range and providing a refractive index contrast of approximately 2 without loss penalty, but it also increases crystallization temperature and slows down the crystallization process.",2022-02-01,,matteroffact,Supported,,Supported,
2203.04149v2_1_F,"Modeling lithium-ion battery electrodes as rigid porous solids provides more accurate predictions of ultrasonic wave speeds, with predicted speeds dominated by the solid phase and closer to experimental measurements.",2022-03-01,,matteroffact,Refuted,,Supported,
2211.06285v2_7_F,"The main plasmon resonances in V₂O₅ at 11 eV and 23 eV show significant instability under structural distortions, with energy shifts exceeding 2 eV and major intensity reductions comparable to the changes observed in optical absorption spectra.",2022-11-01,,matteroffact,Refuted,,Supported,
2204.04525v1_8_T,"The Ti-Ni-Cu shape memory alloy undergoes approximately 8% lattice strains during phase transformation, which is comparable to the lattice strains experienced by common intercalation materials.",2022-04-01,,matteroffact,Supported,,Refuted,
2308.00412v2_10_F,"The crystallization diagram developed for sputtered yttrium iron garnet (YIG) thin films is not applicable to YIG films produced by pulsed laser deposition (PLD), requiring entirely different temperature-time combinations for full crystallization depending on the deposition method.",2023-08-01,,matteroffact,Refuted,,Supported,
2212.06503v1_12_F,Thinner ferroelectric films exhibit more linear current-voltage characteristics and lower photocurrent due to decreased bulk photovoltaic effect contribution and reduced carrier generation volume.,2022-12-01,,matteroffact,Refuted,,Supported,
2304.07966v2_9_F,"The XRD peaks of cubic LuH₂₊ₓ films appear at approximately 28.5° and 59.2°, corresponding to the (111) and (222) diffraction planes",2023-04-01,,matteroffact,Refuted,,Supported,
2307.00878v1_8_T,"The newly identified ground state of LT-Li₇PS₆ is 1.2 meV/atom more stable than the ground state of HT-Li₇PS₆, with HT-Li₇PS₆ becoming thermodynamically favored at 270K.",2023-07-01,,matteroffact,Supported,,Supported,
2202.04930v2_7_F,Future improvements in grain growth modeling can be achieved solely through refinements of two-dimensional simulations without the need to consider three-dimensional effects or torque terms.,2022-02-01,,matteroffact,Refuted,,Refuted,
2304.02586v1_11_F,A Coulomb repulsion strength of approximately 0.5 eV between neighboring oxygen p-orbitals is sufficient to stabilize nematic order in bulk Sr₂RuO₄.,2023-04-01,,matteroffact,Refuted,,Supported,
2203.04149v2_12_T,The predicted overall ultrasonic wave speeds through combined anode and cathode layers differ by approximately 10% between fully discharged (SOC=0) and fully charged (SOC=1) states in lithium-ion batteries.,2022-03-01,,matteroffact,Supported,,Supported,
2207.13900v2_5_F,FeRh under high compressive strain shows enhanced structural stability due to the absence of peaks near the Fermi energy.,2022-07-01,,matteroffact,Refuted,,Supported,
2210.05010v2_1_F,The vacancy content in irradiated metals in the athermal regime is permanently fixed by the initial irradiation conditions and cannot be significantly altered by subsequent irradiation with different recoil energies.,2022-10-01,,matteroffact,Refuted,,Refuted,
2209.05554v2_13_F,"The ALIGNN-FF model is trained exclusively on relaxed, ground-state structures from the JARVIS-DFT dataset",2022-09-01,,matteroffact,Refuted,,Refuted,
2203.07955v1_17_F,The cubic structure of Na₃PS₄ and Na₃PSe₄ consists of PCh₄³⁻ tetrahedra arranged in a face-centered cubic lattice with Na⁺ ions occupying all octahedral interstitial sites.,2022-03-01,,matteroffact,Refuted,,Supported,
2307.00878v1_1_T,Superionic conductors in the Li₂S-P₂S₅ system exhibit an inherent correlation between high lithium-ion conductivity and high configurational entropy.,2023-07-01,,matteroffact,Supported,,Supported,
2305.04262v3_4_F,"During field reduction in FIB-patterned Nb films, magnetic flux is expelled more rapidly from the weak-link region than from pristine regions throughout the entire field reduction process",2023-05-01,,matteroffact,Refuted,,Supported,
2305.10582v2_14_T,Incorporating crystal structure information such as lattice parameters and direction-dependent elastic properties into mesoscale deformation models provides more accurate predictions of Cu₆Sn₅ intermetallic compound behavior,2023-05-01,,matteroffact,Supported,,Supported,
2307.13649v1_14_F,Silver-doped copper oxide thin films show lower absorbance in the blue region of the spectrum compared to undoped copper oxide thin films,2023-07-01,,matteroffact,Refuted,,Supported,
2208.10911v1_6_F,"MoSeTe anode material exhibits approximately 75% Coulombic efficiency throughout cycling, contributing to its capacity fading.",2022-08-01,,matteroffact,Refuted,,Supported,
2210.06735v1_9_T,"The Al-MoS₂@rGO composite exhibits a 3D flower-like morphology with interconnected MoS₂ nanosheets supported on rGO, creating a porous structure that facilitates sodium-ion transport and accommodates volume changes during cycling.",2022-10-01,,matteroffact,Supported,,Supported,
2212.06503v1_15_F,"In ferroelectric photovoltaic devices based on the bulk photovoltaic effect, a higher fill factor is always favorable for power extraction, as it indicates more efficient carrier collection and reduced recombination losses.",2022-12-01,,matteroffact,Refuted,,Refuted,
2203.00640v1_1_T,Atomic position relaxation in partially disordered L1₀-FeNi changes the first-nearest neighbor Fe-Fe magnetic exchange couplings by up to 2 meV compared to unrelaxed structures.,2022-03-01,,matteroffact,Supported,,Supported,
2309.13514v2_14_F,"In CsCr₃Sb₅, superconductivity emerges independently of the density-wave-like orders, with the maximum superconducting transition temperature occurring at a pressure far from where the density-wave orders are suppressed and where conventional Fermi-liquid behavior persists.",2023-09-01,,matteroffact,Refuted,,Supported,
2304.07224v2_11_T,"In high-temperature cuprate superconductors, the hyperplasmon type II (HP-II) exhibits a zero-crossing in the real part of the dielectric function, but this does not lead to a well-defined peak in the loss function.",2023-04-01,,matteroffact,Supported,,Supported,
2308.07295v3_1_T,"A Jahn-Teller distortion in Cu-doped lead apatite breaks the symmetry of the Cu ligand environment, opening an energy gap and creating a localized, spin-polarized empty flatband within the band gap.",2023-08-01,,matteroffact,Supported,,Supported,
2206.01072v1_13_T,"The magnetic ground states of Fe chains on Rh(111) surface exhibit either axial vector symmetry or polar vector symmetry depending on the length of the chain, with 4-atom and 7-atom chains showing polar vector symmetry while 5-atom and 6-atom chains show axial vector symmetry.",2022-06-01,,matteroffact,Supported,,Supported,
2203.14301v1_8_T,"The required in-plane magnetic field strength to realize quantum anomalous Hall effect in Sb₂Te₃ thin films oscillates with film thickness and approaches zero at specific thickness values around 4 nm, 8 nm, and 11 nm",2022-03-01,,matteroffact,Supported,,Supported,
2303.01108v1_2_F,"In La₀.₅Sr₀.₅Co₁₋ₓNbₓO₃, Nb substitution enhances the ferromagnetic double exchange interaction, suppresses antiferromagnetic interactions, and maintains long-range ferromagnetic order for all x values up to 0.25.",2023-03-01,,matteroffact,Refuted,,Supported,
2304.06457v1_7_F,"The remanent magnetization of SmCo₅-xCux thin films increases with increasing Cu content, from 0.6 T for the lowest Cu concentration to 0.9 T for the highest Cu concentration",2023-04-01,,matteroffact,Refuted,,Supported,
2206.14013v1_13_F,"AlOx-Cu nanocomposites with copper content (τ) equal to or greater than 0.48 show a gradual and continuous increase in extinction coefficient (k) as energy decreases below 3.0 eV, consistent with metallic behavior.",2022-06-01,,matteroffact,Refuted,,Supported,
2203.07340v1_10_T,The failure mechanism of both platinum-coated and uncoated multiwalled carbon nanotube reinforced magnesium AZ91 composites involves carbon nanotube pullout rather than carbon nanotube fracture,2022-03-01,,matteroffact,Supported,,Supported,
2305.02900v1_7_F,The electronic structure of PtBi₂ fundamentally prohibits the formation of Majorana states at any point in the material.,2023-05-01,,matteroffact,Refuted,,Refuted,
2308.16621v1_15_F,Algorithm complexity is more important than data quality for improving machine learning performance in metal additive manufacturing,2023-08-01,,matteroffact,Refuted,,Refuted,
2307.04750v1_17_T,"The calculated quantum oscillation frequencies for CsTi₃Bi₅ are within approximately 20% of experimentally measured values, with the 213 T calculated frequency matching the 200/217 T experimental frequency within 6.5%.",2023-07-01,,matteroffact,Supported,,Supported,
2208.10911v1_15_F,Increasing the synthesis temperature of MoSeTe above 1200°C is the most effective approach to improve its electrochemical performance as an anode for sodium-ion batteries by creating a more crystalline structure with fewer defects.,2022-08-01,,matteroffact,Refuted,,Refuted,
2210.17428v1_13_T,Mono-layer EC-MOFs generally exhibit wider band gaps and a higher proportion of semiconductor behavior compared to their bulk counterparts due to the absence of inter-layer charge transport pathways.,2022-10-01,,matteroffact,Supported,,Supported,
2301.05024v1_5_T,Applying standard impedance measurement techniques to non time-invariant electrochemical systems can produce data with inductive loops at low frequencies.,2023-01-01,,matteroffact,Supported,,Supported,
2208.13993v1_13_T,"SnSe thin films on alumina substrates exhibit a two-time-constant photoresponse behavior with an initial fast rise followed by a slow rise to saturation, while films on glass substrates show a more uniform response time.",2022-08-01,,matteroffact,Supported,,Supported,
2304.05231v1_10_F,The axisymmetric model for Taylor impact tests can only predict the final deformed shape of the projectile and cannot provide any information about the temporal evolution of deformation or strain fields during the impact process.,2023-04-01,,matteroffact,Refuted,,Refuted,
2304.05231v1_3_T,"The low-velocity impact framework is capable of generating strain rates in the range of 10³ to 10⁵ per second in test materials, making it suitable for evaluating material deformation under high strain-rate conditions.",2023-04-01,,matteroffact,Supported,,Supported,
2204.05252v1_10_T,"The reduction of polarization in rhombohedral HfO₂ slabs occurs through two distinct mechanisms: the coupling between compressive strain and the phase-transition order parameter, and changes in the ferroelectric distortion pattern.",2022-04-01,,matteroffact,Supported,,Supported,
2307.04750v1_6_T,"In CsTi₃Bi₅, three quantum orbits (336 T, 7488 T, and 8111 T) exhibit a π phase shift (θ=π), while the remaining seven orbits show zero phase shift (θ=0).",2023-07-01,,matteroffact,Supported,,Supported,
2206.11435v1_9_T,"In cubic LLZO, the partial occupation of high-energy sites by excess Li⁺ ions creates a flatter energy landscape that facilitates concerted multi-ion migration by allowing downhill migration of ions to offset the energy cost of uphill migration.",2022-06-01,,matteroffact,Supported,,Supported,
2208.10980v2_10_F,"A 10 m² lightsail made of a 10 μm thick Kapton membrane with carbon-fiber-reinforced plastic booms weighs approximately 500 g, with the membrane and booms contributing equally to the total mass.",2022-08-01,,matteroffact,Refuted,,Supported,
2205.06324v2_14_T,"When applied to experimentally measured microstructures, GNN surrogate models predict grain stresses in LSHR with a mean error of 13.3% compared to far-field HEDM measurements.",2022-05-01,,matteroffact,Supported,,Supported,
2205.05157v1_11_F,Electro-optic coefficients are determined using only direct electrical measurements without requiring any optical reflectivity data.,2022-05-01,,matteroffact,Refuted,,Refuted,
2211.14626v2_6_T,The superconducting diode effect in Nb/Ru/Sr₂RuO₄ junctions originates from the depinning of a spontaneous vortex at the Ru/Sr₂RuO₄ interface with an asymmetric pinning potential.,2022-11-01,,matteroffact,Supported,,Supported,
2306.04157v1_12_F,Undoped LaNiO3 crystallizes in a rhombohedral structure with space group R-3c and lattice parameters a = 5.50 Å and c = 13.25 Å.,2023-06-01,,matteroffact,Refuted,,Supported,
2308.14223v1_13_T,"Extensible yield-stress fluids like Carbopol+PEO mixtures are beneficial for applications such as direct-ink writing and spray coatings, where a combination of yield stress and extensibility is advantageous.",2023-08-01,,matteroffact,Supported,,Supported,
2211.14626v2_3_F,The diode quality factor Q in Nb/Ru/Sr₂RuO₄ junctions scales as (Tc-T)² below the critical temperature.,2022-11-01,,matteroffact,Refuted,,Supported,
2203.15868v1_2_T,High nitrogen martensitic stainless steels are suitable for critical aerospace components due to their enhanced mechanical properties and corrosion resistance,2022-03-01,,matteroffact,Supported,,Supported,
2210.17428v1_4_T,"TC-based MOFs possess the highest gravimetric surface area among all EC-MOFs in the database, with an average value of 1711 m²/g across all combinations of metals and functional groups.",2022-10-01,,matteroffact,Supported,,Refuted,
2203.04149v2_1_T,"Modeling lithium-ion battery electrodes as dense slurries rather than porous solids provides more accurate predictions of ultrasonic wave speeds, with predicted speeds dominated by the liquid phase and closer to experimental measurements.",2022-03-01,,matteroffact,Supported,,Supported,
2209.12462v1_13_F,"The temperature dependence of solid solution strengthening in high entropy alloys follows a simple Arrhenius law, with material parameters such as elastic constants, equilibrium volume, and misfit volumes remaining constant with temperature.",2022-09-01,,matteroffact,Refuted,,Refuted,
2303.11122v1_10_T,"All studied oxide spinels exhibit trigonal distortion with anion parameter u values greater than 0.375, with MgNi2O4 showing the highest distortion (u = 0.4106) and MgRh2O4 showing the lowest (u = 0.4070).",2023-03-01,,matteroffact,Supported,,Supported,
2304.08110v5_5_F,"Point-gap topological phases can be realized in quantum Hall states in graphene by applying a magnetic field gradient, resulting in a non-Hermitian skin effect observable as a chiral tunneling effect",2023-04-01,,matteroffact,Refuted,,Supported,
2308.00412v2_13_T,"The mathematical model combining the Avrami and Arrhenius equations allows for the prediction of the time required to achieve fully crystalline yttrium iron garnet (YIG) thin films at any temperature, based on substrate-specific parameters.",2023-08-01,,matteroffact,Supported,,Supported,
2208.10980v2_1_T,A TiO2 thin film lightsail with 10 m² area can withstand temperatures of approximately 900 K when illuminated by a 10 GW laser beam without material failure.,2022-08-01,,matteroffact,Supported,,Refuted,
2308.07295v3_17_T,"Even at 20% Cu doping concentration in lead apatite, with Cu atoms replacing both Pb(1) and Pb(2) sites, the material maintains its insulating properties with localized charge carriers.",2023-08-01,,matteroffact,Supported,,Supported,
2309.14678v2_3_F,"In all β″ aluminas, correlated two-atom vacancy migration processes require significantly more energy than single-atom vacancy migration.",2023-09-01,,matteroffact,Refuted,,Refuted,
2209.06065v1_2_T,"In a one-dimensional crystal model, the mean energy dissipation per pass exhibits spikes at specific velocities given by ẋ = α/n, where α is the chain spacing and n is a positive integer.",2022-09-01,,matteroffact,Supported,,Supported,
2209.12517v2_3_T,The transition from hexagonal uranium to α-uranium in thin films does not follow the Axe mechanism (involving a transverse acoustic phonon mode) but instead follows alternative pathways with lower strain requirements that depend on the initial c/a ratio.,2022-09-01,,matteroffact,Supported,,Supported,
2203.04149v2_10_F,"Ultrasonic resonance can estimate the number of electrode layer pairs in a lithium-ion battery with approximately 80% accuracy, determining 38.4 layer pairs in a battery that actually contains 48 pairs based on destructive testing.",2022-03-01,,matteroffact,Refuted,,Refuted,
2306.04157v1_3_T,"Cerium and zirconium dopants have opposite effects on the resistivity of LaNiO3, with Ce lowering the resistivity while Zr increases it.",2023-06-01,,matteroffact,Supported,,Supported,
2211.14626v2_7_F,"The superconducting diode effect in Nb/Ru/Sr₂RuO₄ junctions appears at 2.2 K, coinciding with the onset of the 3-K phase at the Ru/Sr₂RuO₄ interface.",2022-11-01,,matteroffact,Refuted,,Supported,
2203.09600v1_4_T,"ITO films with longer ENZ wavelengths exhibit larger nonlinear responses under NIR excitation, with the maximum differential transmittance change increasing as the ENZ wavelength increases from 1220 nm to 1500 nm.",2022-03-01,,matteroffact,Supported,,Supported,
2211.16224v1_11_T,"The Spearman correlation coefficients between ion diffusivity and intrinsically electronic properties like the energy band gap and dielectric constant in solid-state electrolytes are less than or equal to 5%, indicating virtually no correlation.",2022-11-01,,matteroffact,Supported,,Refuted,
2304.10279v2_13_T,The method for extending intergranular normal-stress distributions can be applied to study stresses on special grain boundaries where neighboring grains have fixed crystal lattice orientations relative to the grain boundary plane.,2023-04-01,,matteroffact,Supported,,Supported,
2202.00460v1_10_T,"Nanographene structures synthesized on the Ag/Nb(110) substrate exhibit robust proximity-induced superconductivity, as evidenced by the consistent observation of superconducting gaps in scanning tunneling spectroscopy at various positions within the structures.",2022-02-01,,matteroffact,Supported,,Supported,
2203.00640v1_13_T,The Heisenberg model is not necessarily a good approximation for itinerant magnetic materials like FeNi and is typically only valid for small fluctuations around the ferromagnetic ground state.,2022-03-01,,matteroffact,Supported,,Supported,
2203.15868v1_2_F,High nitrogen martensitic stainless steels are unsuitable for critical aerospace components due to their reduced mechanical properties and corrosion resistance,2022-03-01,,matteroffact,Refuted,,Refuted,
2308.01135v4_12_F,"A frozen phonon distortion in hexagonal LK-99 with an amplitude of 0.04 Å causes one of the Cu d-bands to be shifted approximately 0.1 eV below the Fermi level, maintaining the material's metallic character.",2023-08-01,,matteroffact,Refuted,,Refuted,
2304.05231v1_8_F,The gas gun framework can only perform Taylor impact tests (deformable projectile against rigid target) and requires significant hardware modifications to conduct plate impact tests (rigid projectile against deformable target).,2023-04-01,,matteroffact,Refuted,,Refuted,
2211.05713v2_1_T,"In LGPS, Li+ ion motion becomes less correlated at lower temperatures, with Haven ratios closer to 1 below the sublattice phase transition temperature.",2022-11-01,,matteroffact,Supported,,Supported,
2305.11842v2_15_F,"JARVIS provides only raw data and code without any educational resources, documentation, or training materials to help users understand how to use its tools.",2023-05-01,,matteroffact,Refuted,,Refuted,
2305.11961v1_14_T,"The high frame rate of the 4D Camera enables rapid scanning of large fields of view, allowing entire devices or material stacks to be investigated with nanometer-scale resolution",2023-05-01,,matteroffact,Supported,,Supported,
2210.17428v1_5_F,"Only 50% of bulk and 45% of mono-layer EC-MOF structures in the database have negative formation energies, indicating limited thermodynamic stability across the database.",2022-10-01,,matteroffact,Refuted,,Supported,
2202.07699v1_6_F,"The continuous media approximation for heat transfer in powder beds is valid at all length scales, regardless of temperature gradients in selective laser melting processes",2022-02-01,,matteroffact,Refuted,,Refuted,
2303.04621v2_6_T,"A deformation F=1+av⊗n is defined as a twin if the lattices on either side of the interface are non-trivially reflected with respect to each other, meaning F is not a slip and satisfies F𝓛(B)=(-1+2m⊗m)𝓛(B) for some unit vector m.",2023-03-01,,matteroffact,Supported,,Supported,
2308.14223v1_13_F,"Extensible yield-stress fluids like Carbopol+PEO mixtures are primarily useful for structural applications requiring high compressive strength, such as load-bearing components in construction.",2023-08-01,,matteroffact,Refuted,,Refuted,
2209.12462v1_5_T,"In the FeMnNiCoCr alloy, the misfit volume of Mn increases from 0.67 Å³ at room temperature to 2.00 Å³ at 600K, contributing to a doubling of the misfit parameter δ over this temperature range.",2022-09-01,,matteroffact,Supported,,Supported,
2205.05754v1_15_T,Spatial derivatives in the model are calculated efficiently using double Fourier transform with a Gaussian low-pass filter to avoid spurious oscillations,2022-05-01,,matteroffact,Supported,,Supported,
2307.06904v3_15_F,"In metallic LaVO3/KTaO3 interfaces with four layers of LaVO3, electrons are the majority charge carriers, primarily contributed by the interfacial Tantalum atoms.",2023-07-01,,matteroffact,Refuted,,Refuted,
2306.12034v1_5_F,"The orthorhombic NiBi₃ crystal structure has lattice parameters a=9.125 Å, b=4.325 Å, c=11.750 Å with α=β=γ=90°.",2023-06-01,,matteroffact,Refuted,,Supported,
2303.00846v1_3_T,The orientational correlation function of the vortex structure in FeSe exhibits a two-step exponential decay with characteristic distances of approximately 1 and 70 times the average vortex spacing.,2023-03-01,,matteroffact,Supported,,Supported,
2212.13877v1_8_T,The zero-point renormalization of the valence band maximum at the Gamma point differs by more than 100 meV between cubic and hexagonal Boron Nitride.,2022-12-01,,matteroffact,Supported,,Supported,
2212.02899v1_12_T,"Electronic correlations play a reduced role in LaRh₃B₂ compared to AV₃Sb₅ materials, which can be attributed to the Rh 4d orbitals being less strongly correlated than V 3d orbitals.",2022-12-01,,matteroffact,Supported,,Supported,
2303.11179v1_14_F,The nodal rings in NaAlSi form spontaneously without any symmetry protection and exist throughout the entire Brillouin zone.,2023-03-01,,matteroffact,Refuted,,Refuted,
2308.01135v4_15_F,"The phonon band structure of LK-99 shows highly dispersive phonon modes, indicating strong lattice-wide coupling of vibrational modes throughout the crystal structure.",2023-08-01,,matteroffact,Refuted,,Supported,
2302.04385v2_5_F,The broad phonon peak at 570 cm⁻¹ in Pr₂CuO₄ splits into two distinct peaks at 540 cm⁻¹ and 600 cm⁻¹ after flash/quench treatment.,2023-02-01,,matteroffact,Refuted,,Supported,
2208.03296v2_8_F,"The DDD-GNN model becomes unstable and diverges from ground-truth simulations after approximately 10,000 consecutive time-steps due to error accumulation.",2022-08-01,,matteroffact,Refuted,,Supported,
2204.13994v1_5_F,"In aluminum polycrystals with Mg₂Si precipitates, the transition from particle debonding to particle cracking as the primary damage mechanism occurs when the critical energy release rate of the aluminum matrix increases from 8 to 10 Jm⁻²",2022-04-01,,matteroffact,Refuted,,Supported,
2203.04149v2_3_T,"Ultrasonic resonance enables monitoring of state of charge variations across individual layers within lithium-ion batteries, revealing heterogeneous charging behavior where deeper layers show more pronounced time-of-flight changes during cycling than surface layers.",2022-03-01,,matteroffact,Supported,,Supported,
2212.06128v1_7_T,Fe₁₋ₓCuₓSe exhibits linear temperature dependence of resistivity in both the low-pressure nematic phase and the high-pressure phase above 10 kbar.,2022-12-01,,matteroffact,Supported,,Supported,
2303.00742v2_5_F,Supporting graphene layers on a WSe2 substrate suppresses superconductivity by enhancing competing magnetic orders that destabilize Cooper pairing.,2023-03-01,,matteroffact,Refuted,,Supported,
2304.02586v1_4_T,"The critical temperature for spontaneous electronic nematic order in Sr₂RuO₄ is approximately 50 K, as determined by fitting the optical dichroism data to an Ising model.",2023-04-01,,matteroffact,Supported,,Supported,
2304.01314v2_16_T,"In the Zr-H system, the relative stability of the δ and γ hydride phases is finely balanced, with small changes in conditions sufficient to favor one phase over the other.",2023-04-01,,matteroffact,Supported,,Supported,
2306.03096v2_0_T,"During lithium de-intercalation from LiCoO₂ to CoO₂, the material transitions from a positive charge transfer regime to a negative charge transfer regime, with electrons being withdrawn from t₂g states while electron density flows back from oxygen 2p to the eg states.",2023-06-01,,matteroffact,Supported,,Refuted,
2212.06503v1_2_F,"The photocurrent in BaTiO3 thin films is generated solely by the standard heterojunction effect at the electrode interfaces, with the ferroelectric polarization only serving to modify the built-in potential at these interfaces.",2022-12-01,,matteroffact,Refuted,,Refuted,
2203.04149v2_2_T,"The central resonant frequency of ultrasonic signals in lithium-ion batteries correlates strongly with the state of charge, showing similar sensitivity to back-wall echo measurements and good agreement with voltage-based state of charge estimations.",2022-03-01,,matteroffact,Supported,,Supported,
2210.10242v2_2_F,The Mu_p and Mu_d states in MgH₂ correspond to molecular muonium states rather than isolated interstitial muon states.,2022-10-01,,matteroffact,Refuted,,Supported,
2308.05532v1_1_T,The Guyer-Krumhansl heat conduction model provides a significantly better description of transient thermal behavior in AlSi7Mg matrix syntactic foams compared to the classical Fourier model.,2023-08-01,,matteroffact,Supported,,Supported,
2302.14072v1_14_T,The screening mechanism in Ta-dichalcogenide bilayers is fundamentally different from conventional heavy fermion systems because the screening occurs primarily through hole doping rather than through the Kondo effect.,2023-02-01,,matteroffact,Supported,,Supported,
2309.17090v2_3_T,The presence of carbon impurities at 100 appm concentration has little effect on nanograin formation in iron under high shear strain.,2023-09-01,,matteroffact,Supported,,Refuted,
2210.05010v2_2_F,"In the athermal regime, irradiated metals continuously accumulate defects without reaching a steady state, regardless of the energy of incident particles.",2022-10-01,,matteroffact,Refuted,,Supported,
2304.04986v3_14_T,DRXNet can effectively guide compositional design of disordered rocksalt cathodes by predicting electrochemical performance across diverse compositions with limited experimental data points.,2023-04-01,,matteroffact,Supported,,Supported,
2308.07295v3_3_F,"Cu doping in lead apatite (Pb₁₀(PO₄)₆O) causes a unit cell volume contraction of approximately 2.5% when the Pb(1) site is doped, but only 0.5% when the Pb(2) site is doped.",2023-08-01,,matteroffact,Refuted,,Supported,
2203.16766v2_10_F,The multiscale Maxwell-TDDFT method is limited to describing only linear optical phenomena and cannot handle nonlinear light-matter interactions,2022-03-01,,matteroffact,Refuted,,Refuted,
2309.04053v2_4_T,"Ultra-high temperature ceramics have melting points above 4000°C, densities between 4.5-12.5 g/cm³, thermal conductivities greater than 140 W/mK, and coefficients of thermal expansion between 6.3 to 8.6 x 10⁻⁶/K.",2023-09-01,,matteroffact,Supported,,Supported,
2304.02586v1_5_F,Optical pumping of Sr₂RuO₄ induces a coherent oscillation of the nematic order parameter amplitude mode with a frequency of 2.5 THz.,2023-04-01,,matteroffact,Refuted,,Supported,
2210.10242v2_6_F,The ambipolarity model predicts that only a single type of muon state (either donor-like or acceptor-like) should be observed in MgH₂ at any given temperature.,2022-10-01,,matteroffact,Refuted,,Refuted,
2205.05157v1_15_T,"The accuracy of the electro-optic coefficient fitting procedure is estimated using the reduced χ² value, with values close to unity indicating reliable results within the given uncertainty.",2022-05-01,,matteroffact,Supported,,Supported,
2304.05231v1_5_T,"The three independent velocity measurement methods employed in the projectile impact framework (IR sensors with microcontroller, oscilloscope measurements, and high-speed camera imaging) provide consistent projectile velocity measurements with variations of less than 1% between methods.",2023-04-01,,matteroffact,Supported,,Supported,
2306.12034v1_10_F,"NiBi₃ nanowires form through a process of direct vapor-solid deposition, where bismuth and nickel atoms arrange themselves into nanowire structures without an intermediate liquid phase.",2023-06-01,,matteroffact,Refuted,,Supported,
2308.04594v2_4_F,"Half cerium substitution (x=0.5) in strontium hexaferrite increases the band gap compared to pure strontium hexaferrite, making it a better insulator.",2023-08-01,,matteroffact,Refuted,,Supported,
2303.11178v1_5_F,SnTaS₂ lacks the necessary combination of properties to be considered as a platform for topological superconductivity.,2023-03-01,,matteroffact,Refuted,,Refuted,
2305.01101v2_1_F,A funnel-based architecture with separate recall and ranking stages is ineffective for recommending materials with similar functional properties to a query material.,2023-05-01,,matteroffact,Refuted,,Refuted,
2210.14343v3_6_F,Sticky dislocation network nodes in BCC metals can only form during the initial collision of two dislocations with incompatible glide planes.,2022-10-01,,matteroffact,Refuted,,Refuted,
2205.07413v1_11_T,"The extra strengthening of Nb-Mo-Ta-W alloys relative to pure bcc metals results from multiple mechanisms, including lattice fluctuation interactions, super-jog pinning, and super-jog diffusion, all of which have temperature-dependent contributions.",2022-05-01,,matteroffact,Supported,,Supported,
2210.05010v2_2_T,"In the athermal regime, irradiated metals develop a dynamic steady-state microstructure where the balance between defect production and recombination depends on the energy of incident particles.",2022-10-01,,matteroffact,Supported,,Supported,
2308.01135v4_1_F,The hexagonal lattice structure of LK-99 features fully-filled non-spin-split bands with no Fermi surface nesting.,2023-08-01,,matteroffact,Refuted,,Supported,
2203.16766v2_4_T,The reflectance at Brewster's angle for silicon increases from 0% to approximately 1% when the incident light intensity increases from 10^9 W/cm² to 10^13 W/cm²,2022-03-01,,matteroffact,Supported,,Refuted,
2210.14343v3_0_T,Dislocation network nodes with non-coplanar glide plane normals (sticky nodes) can move conservatively through zipping and unzipping mechanisms that involve changing the glide planes of participating dislocations.,2022-10-01,,matteroffact,Supported,,Supported,
2301.05024v1_13_T,"The error in the corrected impedance measurement for a Voigt circuit with relaxation time θ decreases exponentially with the measurement time T, with an upper bound proportional to e^(-T/θ).",2023-01-01,,matteroffact,Supported,,Supported,
2307.04750v1_6_F,"In CsTi₃Bi₅, all quantum orbits with frequencies above 1000 T exhibit zero phase shift (θ=0), while all orbits below 1000 T show a π phase shift (θ=π).",2023-07-01,,matteroffact,Refuted,,Supported,
2309.04053v2_16_T,"Computational modeling of hypersonic materials is hindered by limited experimental data at extreme conditions, the complex multi-scale nature of mass and heat transfer phenomena, and the inaccessibility of existing data in unstructured formats.",2023-09-01,,matteroffact,Supported,,Supported,
2303.00742v2_7_F,The nematic phase in Bernal bilayer graphene with spin-orbit coupling involves a uniform distortion of all Fermi pockets while preserving their number and relative sizes.,2023-03-01,,matteroffact,Refuted,,Supported,
2206.11435v1_2_F,"The activation energy barrier for concerted multi-ion migration of Li⁺ ions in cubic LLZO is approximately 0.15 eV, which closely matches the experimental value of approximately 0.3 eV.",2022-06-01,,matteroffact,Refuted,,Refuted,
2205.05514v2_14_F,"In the recovered Al-Mn alloy, most subgrains at constituent particles have rolling texture orientations, with recrystallization texture components at constituent particles being predominantly Cube, while CubeND, Goss, and P subgrains are rarely found",2022-05-01,,matteroffact,Refuted,,Supported,
2209.06065v1_6_T,"For a Gaussian interaction potential in a one-dimensional crystal, the single-pass energy dissipation in the low-velocity limit is exponentially suppressed and given by Δ_slow = 4π³(Φ₀²/ẋ²)(2πλ/ẋ)e^(-(2πλ/ẋ)²)/√(π(ω_fast² - 1)).",2022-09-01,,matteroffact,Supported,,Refuted,
2304.08110v5_9_F,The QWZ model with m = -1.5 and dissipation term -iΓσ₀ (Γ = 0.2) at the y = 1 boundary exhibits bulk skin modes with energy E ≈ 0.30 - 0.04i under open boundary conditions in both x and y directions,2023-04-01,,matteroffact,Refuted,,Supported,
2301.05024v1_10_F,"In a simulated non time-invariant Voigt element with a time scale of property changes τ=600s, the frequency at which the imaginary part of the impedance crosses zero corresponds to a period of approximately 300s.",2023-01-01,,matteroffact,Refuted,,Refuted,
2210.05010v2_7_F,"For vacancy migration in tungsten with an activation energy of 1.52 eV, the thermal factor is greater than 10 at room temperature under ion irradiation dose rates of approximately 1 dpa/hour.",2022-10-01,,matteroffact,Refuted,,Refuted,
2303.10621v4_6_F,"In fcc 4He at 38K, the frequency matrix coefficients computed with classical molecular dynamics (MD) are approximately twice the magnitude of those computed with path-integral molecular dynamics (PIMD) and Self-Consistent Harmonic Approximation (SCHA).",2023-03-01,,matteroffact,Refuted,,Supported,
2211.05713v2_4_T,"The self-diffusivity of Li+ in LGPS exhibits non-Arrhenius behavior with a change in pre-factor of nearly an order of magnitude between 350 K and 500 K, while maintaining similar activation energies in both temperature regimes.",2022-11-01,,matteroffact,Supported,,Supported,
2307.13990v1_16_F,Replacing Al with high-temperature cuprate superconductors and replacing Au with graphene would enhance the observable size of finite-energy pairing due to their compatible d-orbital character.,2023-07-01,,matteroffact,Refuted,,Refuted,
2308.00800v1_10_T,"In AA2024-T351 aluminum sheets, fatigue crack growth rates are lower in the L-T direction (perpendicular to grain elongation) because cracks must cross more grain boundaries, which block dislocations, while cracks tend to follow grain boundaries and oriented slip systems that favor crack growth parallel to the rolling direction.",2023-08-01,,matteroffact,Supported,,Supported,
2207.11317v1_0_T,Strain aging in ultra-low carbon steel changes both the yield strength and the work hardening rate of the material.,2022-07-01,,matteroffact,Supported,,Supported,
2303.00185v1_7_T,The measured out-of-plane magnetoresistance in Fe0.29TaS2/NbN junctions can reach approximately 100% at T=2K and B=9T for intermediate barrier thickness.,2023-03-01,,matteroffact,Supported,,Supported,
2212.06503v1_14_F,"BaTiO3 thin films grown on KTO(111) substrates exhibit the highest open-circuit voltage of 0.85 V under 365 nm illumination, approximately 90% higher than films grown on STO(100) substrates that show 0.448 V.",2022-12-01,,matteroffact,Refuted,,Supported,
2210.03397v3_16_T,"T-phase in the AlMgZnCuAg crossover alloy has a chemical formula of Mg₃₂(Zn,Al)₄₉ and can incorporate Cu and Ag into its structure",2022-10-01,,matteroffact,Supported,,Supported,
2304.10279v2_7_F,"In polycrystalline materials with non-cubic crystal lattice symmetry, hydrostatic loading has no effect on the shape of intergranular normal-stress distributions.",2023-04-01,,matteroffact,Refuted,,Refuted,
2208.13993v1_13_F,"SnSe thin films on glass substrates exhibit a two-time-constant photoresponse behavior with an initial fast rise followed by a slow rise to saturation, while films on alumina substrates show a more uniform response time.",2022-08-01,,matteroffact,Refuted,,Supported,
2305.11008v1_6_T,"The MoS₂ film surface cools down approximately 10 nanoseconds after a single ultrashort laser pulse, which is 50 times faster than the 500 nanosecond interval between pulses at 2 MHz repetition rate.",2023-05-01,,matteroffact,Supported,,Supported,
2307.02870v1_7_T,"The influence of morphological features on battery performance depends on the intrinsic material properties, particularly electronic conductivity and diffusivity of the active material",2023-07-01,,matteroffact,Supported,,Supported,
2302.14072v1_1_T,The hybridization strength between the 1T and 1H layers in Ta-dichalcogenide bilayers is approximately 60 meV at an interlayer distance of 6.5 Å.,2023-02-01,,matteroffact,Supported,,Supported,
2302.14231v2_9_F,"Electronic entropy effects have negligible impact on the phase diagram of LixFePO4, which is primarily determined by Li+/vacancy configurational entropy.",2023-02-01,,matteroffact,Refuted,,Supported,
2211.05713v2_1_F,"In LGPS, Li+ ion motion becomes more correlated at lower temperatures, with Haven ratios significantly below 1 near room temperature.",2022-11-01,,matteroffact,Refuted,,Supported,
2301.03473v1_6_F,Conductance fluctuation spectroscopy provides no advantages over conventional methods for identifying BKT transitions in van der Waals heterostructures,2023-01-01,,matteroffact,Refuted,,Refuted,
2211.15972v1_14_T,Oxygen doping at the I1 site in bilayer CrI3 reduces the interlayer distance by approximately 0.18 Å,2022-11-01,,matteroffact,Supported,,Supported,
2205.07726v2_12_F,"The surface of La-doped BaSnO₃ films contains equal proportions of Ba and Sn (approximately 20% each), with oxygen comprising 60% of the surface atomic composition.",2022-05-01,,matteroffact,Refuted,,Refuted,
2202.01918v2_4_F,"The threshold laser fluence for crystallization of GST-225 is 13 mJ/cm² for nanosecond pulses (20 ns), while femtosecond pulses (500 fs) require a higher threshold of 36 mJ/cm².",2022-02-01,,matteroffact,Refuted,,Supported,
2301.05024v1_8_T,The asymptotic approximation of the impedance function for non time-invariant electrochemical systems has a relative error of approximately 0.1% compared to the computed impedance.,2023-01-01,,matteroffact,Supported,,Supported,
2301.01139v1_3_T,"Under high pressure, some materials form electrides where electrons localize in interstitial spaces and function as anions, rather than remaining bound to atomic nuclei.",2023-01-01,,matteroffact,Supported,,Supported,
2205.05754v1_15_F,"Spatial derivatives in the model are calculated using finite difference methods without any filtering, leading to numerical instabilities at grain boundaries",2022-05-01,,matteroffact,Refuted,,Supported,
2307.02870v1_8_F,Hierarchically structured electrodes require an electronic conductivity within secondary particles of at least 10^-6 S/m to achieve optimal rate capability,2023-07-01,,matteroffact,Refuted,,Supported,
2308.05532v1_4_T,"The Guyer-Krumhansl thermal diffusivity values for AlSi7Mg matrix syntactic foams with different reinforcing particles range from 0.88×10⁻⁶ to 4.25×10⁻⁶ m²/s, which are consistently lower than the corresponding Fourier thermal diffusivity values.",2023-08-01,,matteroffact,Supported,,Supported,
2203.04149v2_5_T,"Ultrasonic resonance in lithium-ion batteries can be reliably detected using both contact and immersion testing setups, with consistent resonant frequencies observed regardless of the experimental configuration or probe frequency.",2022-03-01,,matteroffact,Supported,,Supported,
2205.05754v1_7_F,The continuum dislocation dynamics model ignores thermodynamic constraints when defining the driving forces for dislocation motion,2022-05-01,,matteroffact,Refuted,,Refuted,
2308.00800v1_3_T,"The fracture toughness of AA2024-T351 aluminum sheets varies with orientation, with the L-T orientation (90° to rolling direction) showing approximately 27% higher fracture toughness (44.1 MPa√m) than the T-L orientation (0° to rolling direction, 34.7 MPa√m).",2023-08-01,,matteroffact,Supported,,Supported,
2211.13164v1_10_T,The correlation factor for Na-ion diffusion in Na_xCa_{1-x}Cr_2O_4 decreases from 0.89 in pure NaCr₂O₄ (x=1) to 1.0 in heavily Ca-doped compositions (x≤0.5).,2022-11-01,,matteroffact,Supported,,Refuted,
2208.07823v1_12_T,"The twice ball milled Na3YCl6 sample exhibits an ionic conductivity of 9.5×10-8 S cm-1 at 25°C, which is over three orders of magnitude higher than the quenched sample's conductivity of 1.6×10-11 S cm-1 at 60°C.",2022-08-01,,matteroffact,Supported,,Supported,
2304.02586v1_0_F,Sr₂RuO₄ exhibits electronic smectic order in its normal state that spontaneously breaks both rotational and translational symmetry of the crystal.,2023-04-01,,matteroffact,Refuted,,Supported,
2210.17428v1_16_T,"Future development of the EC-MOF database will include expanding the diversity of structures by incorporating new organic linkers and different topologies, as well as calculating additional properties such as gas adsorption performance and partial atomic charges.",2022-10-01,,matteroffact,Supported,,Supported,
2309.07046v1_10_F,"The zone-center electron-phonon coupling strength (λΓ) in non-magnetic α-ATB₄ compounds with T = Ni and Co exceeds that of the known superconductor MgB₂, indicating that these materials are likely to exhibit strong electron-phonon mediated superconductivity.",2023-09-01,,matteroffact,Refuted,,Supported,
2308.04043v3_12_F,"In DFT+DMFT calculations of charge-transfer insulators like V₂O₅, the double counting parameter λ has minimal impact on the calculated band gap, as the gap is primarily determined by the on-site Coulomb interaction parameter U.",2023-08-01,,matteroffact,Refuted,,Refuted,
2205.06324v2_17_F,"For microstructures with minimal grain size variation, including grain volume as a nodal feature significantly improves the accuracy of GNN surrogate models for predicting elastic response.",2022-05-01,,matteroffact,Refuted,,Supported,
2208.03296v2_13_F,"The calculation of long-range dislocation interactions is the most computationally expensive operation in traditional DDD simulations, accounting for more than 90% of the total computation time.",2022-08-01,,matteroffact,Refuted,,Supported,
2208.03296v2_2_T,"The GNN model predicts nodal displacements with a root mean square error (RMSE) of 0.64b and mean absolute error (MAE) of 0.17b, where b is the Burgers vector magnitude.",2022-08-01,,matteroffact,Supported,,Supported,
2212.02899v1_16_T,"The phonon dispersion of LaRh₃B₂ shows distinct frequency ranges associated with different atoms: low-frequency modes from La atoms, intermediate frequencies from Rh atoms (including a manifold of low-dispersing bands around 120 cm⁻¹ from the kagome network), and high-frequency modes from B atoms.",2022-12-01,,matteroffact,Supported,,Supported,
2302.14072v1_17_T,"The bandwidth of the flat bands in the 1T layer of Ta-dichalcogenide bilayers is approximately 4 meV, which is about 40 times smaller than the bandwidth of the conduction band in the 1H layer.",2023-02-01,,matteroffact,Supported,,Supported,
2203.14615v3_11_F,"The aged Ti-7Al-0.25O alloy begins to creep at a higher fraction of its yield stress (σC/σY = 0.85) than the other Ti-7Al-O alloys, which require approximately 0.75-0.77 of their respective yield stresses to achieve similar initial creep rates.",2022-03-01,,matteroffact,Refuted,,Supported,
2302.04385v2_14_T,Enhanced oxygen vacancy ordering in Pr₂CuO₄ leads to increased three-dimensional character of charge transport and magnetism by modifying the Pr-O layers while preserving the CuO₂ planes.,2023-02-01,,matteroffact,Supported,,Supported,
2307.06904v3_16_T,Bulk cubic LaVO3 is a ferromagnetic half-metal with a band gap of approximately 4 eV in the spin-down channel and finite density of states at the Fermi level in the spin-up channel.,2023-07-01,,matteroffact,Supported,,Refuted,
2307.12651v1_0_F,"In SrRuO₃/PbTiO₃/SrRuO₃ heterostructures grown on DyScO₃ substrates, the structural distortions associated with ferroelastic domains in the PbTiO₃ layer are completely confined within the ferroelectric layer and do not affect the structural properties of the adjacent SrRuO₃ layers.",2023-07-01,,matteroffact,Refuted,,Refuted,
2304.13927v1_13_F,"In the electrolyte exploration experiment, the anode-free type microplate based electrochemical cells were subjected to a charging process with a capacity limitation of 0.5 mAh.",2023-04-01,,matteroffact,Refuted,,Supported,
2204.13789v2_11_T,"Optimal effective cluster interactions in a cluster expansion model should minimize cross-validation error, reduce model complexity through sparseness, and correctly reproduce near-ground-state behavior and related physics.",2022-04-01,,matteroffact,Supported,,Supported,
2306.04157v1_5_T,"Zirconium in La0.95Zr0.05NiO3 exists in a mixed valence state with lower oxidation than the expected Zr4+, potentially explaining why it does not effectively electron-dope the nickelate system.",2023-06-01,,matteroffact,Supported,,Supported,
2211.06285v2_9_F,"In V₂O₅, changes in the effective gap and electron-hole interaction under structural distortions are cumulative rather than cancelling, with the bright exciton's effective gap decreasing by 0.7 eV and its electron-hole interaction increasing by 0.5 eV, resulting in a large binding energy change of 1.2 eV.",2022-11-01,,matteroffact,Refuted,,Supported,
2301.06756v1_6_F,Solid helium has a direct band gap with both the valence band maximum and conduction band minimum located at the Λ point in reciprocal space.,2023-01-01,,matteroffact,Refuted,,Refuted,
2211.16224v1_5_T,"In principal component analysis of solid-state electrolytes, the first three principal components account for approximately two-thirds of the total variance, with the first component having a dominant mechanical-elastic character, the second a vibrational character, and the third a structural character.",2022-11-01,,matteroffact,Supported,,Supported,
2212.05704v1_4_T,"X-ray diffraction patterns of La₀.₇Sr₀.₃MnO₃/Sr₃Al₂O₆ films grown on pristine and recycled SrTiO₃ substrates show the (008) Sr₃Al₂O₆ peak on the left side and the (002) La₀.₇Sr₀.₃MnO₃ peak on the right side of the (002) SrTiO₃ peak, with no detectable impurity phases in the 20-80° range.",2022-12-01,,matteroffact,Supported,,Supported,
2304.08110v5_12_T,"The point-gap topological table for insulators and superconductors with dissipation at xd=1 is obtained by replacing the space dimension d-1 with δ=(d-1)-D, where D is the dimension of a sphere surrounding a topological defect",2023-04-01,,matteroffact,Supported,,Supported,
2301.05024v1_16_T,"The impedance of a time-invariant Voigt element consisting of a resistor R and a capacitor C in parallel is given by Z_V(ω) = R/(iθω+1), where θ = RC is the relaxation time.",2023-01-01,,matteroffact,Supported,,Refuted,
2203.11013v1_3_F,"The primary surface oxide that forms on nickel films is independent of pH, with Ni(OH)₂ consistently forming at the surface across all pH values from 4 to 14",2022-03-01,,matteroffact,Refuted,,Refuted,
2306.00139v1_12_F,"In superionic AgI, a secondary coordination shell exists at 5-6 Å from silver cations, corresponding to lone pairs on iodide ions that are pointing away from the cation.",2023-06-01,,matteroffact,Refuted,,Supported,
2212.04571v1_10_F,Discrete jumps in zero-bias conductance with increasing out-of-plane magnetic field in NbSe₂-based tunnel junctions are caused by sequential breakdown of Cooper pairs at the quantum dot site.,2022-12-01,,matteroffact,Refuted,,Supported,
2204.04525v1_5_T,"Inserting lithium into FePO4 increases its a and b lattice parameters while decreasing the c parameter, resulting in a net volume increase of approximately 6%.",2022-04-01,,matteroffact,Supported,,Supported,
2212.02899v1_1_T,LaRh₃B₂ is a weak to moderate coupling superconductor with an electron-phonon coupling constant λ_ep in the range of 0.43-0.65.,2022-12-01,,matteroffact,Supported,,Supported,
2203.07340v1_16_F,"Platinum exhibits lower adhesion energy to sp² bonded carbon compared to aluminum and magnesium, limiting its effectiveness as a coating material for carbon nanotubes in metal matrix composites",2022-03-01,,matteroffact,Refuted,,Supported,
2212.13877v1_0_T,"Including electron-phonon interaction contributions to the total energy establishes cubic Boron Nitride as the stable polymorph at ambient conditions, regardless of which van der Waals dispersion approximation is used.",2022-12-01,,matteroffact,Supported,,Supported,
2210.17428v1_12_F,"Among the eight metal nodes used in the EC-MOF database, structures containing Fe²⁺, Co²⁺, and Cu²⁺ tend to have more negative formation energies, indicating higher thermodynamic stability.",2022-10-01,,matteroffact,Refuted,,Supported,
2307.13649v1_16_F,"Silver-doped copper oxide thin films annealed at 250°C exhibit a minimal decrease in resistance with temperature, dropping from 50 MΩ at room temperature to 40 MΩ at 100°C",2023-07-01,,matteroffact,Refuted,,Supported,
2202.01652v1_6_F,The perpendicular magnetic anisotropy in SrRuO₃ films grown on SrTiO₃ is unrelated to crystal structure and is instead solely determined by interface electronic effects that are independent of octahedral distortions or rotations.,2022-02-01,,matteroffact,Refuted,,Refuted,
2304.10279v2_6_T,"In isotropic linear-elastic polycrystals with non-cubic crystal lattices, the variance of the intergranular normal-stress distribution under purely hydrostatic loading scales with the square of the first stress invariant I1.",2023-04-01,,matteroffact,Supported,,Supported,
2212.03527v1_12_F,"The total volume fraction of particles in the cold-rolled and non-isothermally annealed Al-Mn alloy increases from approximately 1% to 5% during recovery and recrystallization, with constituent particles showing a significant increase in volume fraction.",2022-12-01,,matteroffact,Refuted,,Supported,
2305.02900v1_8_F,The topological Fermi arcs on the two different surface terminations of PtBi₂ become superconducting at the same critical temperature of 20±2K.,2023-05-01,,matteroffact,Refuted,,Supported,
2209.12462v1_17_T,The computational efficiency of the coherent potential approximation combined with exchange-correlation pressure correction makes it suitable for adaptive learning workflows aimed at optimal design of high entropy alloys.,2022-09-01,,matteroffact,Supported,,Supported,
2303.00742v2_16_F,Rashba spin-orbit coupling with a coupling constant of 2 meV significantly reduces the critical temperature of superconductivity in Bernal bilayer graphene by more than 50%.,2023-03-01,,matteroffact,Refuted,,Refuted,
2205.06855v1_10_F,Neither Martian nor Lunar regolith can be effectively used as parent materials for binder jet additive manufacturing processes due to incompatibility with binder materials and poor sintering response.,2022-05-01,,matteroffact,Refuted,,Refuted,
2304.08446v4_16_F,"The CDVAE model has no significant limitations in generating structures across the full range of crystal symmetries, producing materials with diverse space groups from P1 to high-symmetry cubic structures.",2023-04-01,,matteroffact,Refuted,,Refuted,
2308.04594v2_14_F,Cerium-substituted strontium hexaferrite has potential as a high-temperature superconductor for power transmission applications due to its metallic conductivity and enhanced electron correlation effects.,2023-08-01,,matteroffact,Refuted,,Refuted,
2307.02870v1_10_F,Hierarchically structured NMC111 electrodes with thickness of 46 μm deliver a specific capacity of approximately 155 mAh/g at 5C discharge rate and 130 mAh/g at 10C discharge rate,2023-07-01,,matteroffact,Refuted,,Supported,
2208.10911v1_13_T,"A major challenge in developing anode materials for sodium-ion batteries is that graphite, which is commonly used in lithium-ion batteries, is not thermodynamically stable with sodium and cannot effectively store sodium ions.",2022-08-01,,matteroffact,Supported,,Supported,
2206.11435v1_13_T,"Inserting mobile Li⁺ ions into high-energy sites and adding heavier, less mobile dopant atoms are effective strategies for manipulating the energy landscape of solid-state electrolytes to enhance ionic conductivity by promoting concerted multi-ion migration.",2022-06-01,,matteroffact,Supported,,Supported,
2203.08413v3_12_F,"In superconductor-magnetic insulator bilayers, the critical magnetic field at which the superconducting gap vanishes (Clogston limit) increases as spin-flip scattering increases.",2022-03-01,,matteroffact,Refuted,,Refuted,
2309.17090v2_5_F,"In iron under high shear strain at 300K, dislocation density decreases continuously from γ = 0.27 to γ = 10, reaching a minimum value of 0.5 × 10⁻³/Å² at the end of the simulation.",2023-09-01,,matteroffact,Refuted,,Refuted,
2206.15003v1_10_F,Magnesium alloy projectiles always fragment when launched to velocities exceeding 8 km/s in the implosion-driven launcher due to the extreme shock pressures they experience.,2022-06-01,,matteroffact,Refuted,,Refuted,
2301.00535v1_9_T,"The r²SCAN and r²SCAN+U functionals provide similar qualitative accuracy to SCAN and SCAN+U for transition metal oxides, but with better computational efficiency.",2023-01-01,,matteroffact,Supported,,Supported,
2306.03096v2_10_F,"The electronic structure of cobalt in CoO₂ is identical to that in SrCoO₃ because both have the formal Co⁴⁺ oxidation state, with both materials exhibiting the same intermediate-spin configuration.",2023-06-01,,matteroffact,Refuted,,Refuted,
2309.14678v2_8_F,Both idealized Na β″ alumina and Mg-stabilized Na β″ alumina are insulators with similar bandgap values of approximately 4 eV.,2023-09-01,,matteroffact,Refuted,,Supported,
2209.09561v2_10_F,"The matrix material thermal conductivity has minimal influence on the thermal behavior of carbon foam samples, with porosity being the primary factor determining whether a sample exhibits Fourier or non-Fourier behavior.",2022-09-01,,matteroffact,Refuted,,Supported,
2304.13927v1_0_F,NIMS-OS is a specialized hardware system designed to perform materials synthesis with minimal AI integration.,2023-04-01,,matteroffact,Refuted,,Refuted,
2306.04157v1_6_F,Zirconium doping in LaNiO3 enhances the Stoner maximum in magnetic susceptibility compared to the undoped compound.,2023-06-01,,matteroffact,Refuted,,Supported,
2305.11961v1_11_F,The 4D Camera is limited to Z-contrast imaging and cannot perform phase contrast techniques such as differential phase contrast or ptychography,2023-05-01,,matteroffact,Refuted,,Refuted,
2304.01314v2_7_F,"In the small-cell training approach for the Zr-H system, 75% of the necessary DFT data is collected after just four increases in supercell size.",2023-04-01,,matteroffact,Refuted,,Supported,
2210.05010v2_13_F,"In irradiated tungsten in the athermal regime, both vacancies and interstitials are highly mobile between cascade impacts, with vacancies exhibiting greater mobility than interstitials.",2022-10-01,,matteroffact,Refuted,,Supported,
2306.04157v1_14_F,"Single crystals of LaNiO3 grown by optical floating zone technique can achieve a phase purity of 85 weight percent, with the remaining 15 weight percent being NiO impurity.",2023-06-01,,matteroffact,Refuted,,Supported,
2306.07746v1_9_F,"Only the single lowest energy minimum for each stoichiometry was selected for high-accuracy recalculation, resulting in 108 structures for further processing.",2023-06-01,,matteroffact,Refuted,,Supported,
2205.07726v2_11_F,"In La-doped BaSnO₃ films, threading dislocation defects have minimal impact on carrier density and electron mobility, allowing for full activation of dopants according to the nominal La concentration.",2022-05-01,,matteroffact,Refuted,,Supported,
2309.04053v2_1_F,Hypersonic vehicles experience thermal gradients changing from -50°C to 1000°C across distances of approximately 1 cm.,2023-09-01,,matteroffact,Refuted,,Refuted,
2202.04930v2_11_T,"In the GB5DOF code, incoherent Σ3 twin boundaries in 316L stainless steel have a grain boundary energy of approximately 60% of the maximum grain boundary energy.",2022-02-01,,matteroffact,Supported,,Supported,
2211.10404v1_1_F,Tensile-strained SrCoO₃ thin films maintain the same intermediate-spin state of Co ions across all strain values from 0% to 4%,2022-11-01,,matteroffact,Refuted,,Refuted,
2309.04053v2_2_F,"Carbon-carbon composites have densities between 2.5-3.0 g/cm³, coefficients of thermal expansion between 3.0 to 5.0 x 10⁻⁶/K, and elastic moduli of approximately 100 GPa.",2023-09-01,,matteroffact,Refuted,,Supported,
2306.00139v1_2_T,"In superionic AgI at 750 K, silver cations diffuse between binding sites with a relaxation time of approximately 0.6-0.7 picoseconds.",2023-06-01,,matteroffact,Supported,,Supported,
2205.05157v1_4_F,"The d33 converse piezoelectric coefficient is calculated using the formula d33 = Δd·ΔV/d², where Δd is the change in film thickness, ΔV is the applied voltage, and d is the film thickness.",2022-05-01,,matteroffact,Refuted,,Supported,
2309.14678v2_8_T,"Idealized Na β″ alumina is p-type doped with the Fermi level at the valence band top, while Mg-stabilized Na β″ alumina is an insulator with a clean bandgap.",2023-09-01,,matteroffact,Supported,,Refuted,
2308.07295v3_15_F,Cu-doped lead apatite becomes opaque with a metallic luster due to the formation of extended Cu d-bands that cross the Fermi level and allow for free electron conduction.,2023-08-01,,matteroffact,Refuted,,Supported,
2309.14678v2_10_T,"The activation energies for interstitial migration in Li, Na, and K β″ aluminas are 0.45 eV, 0.12 eV, and 0.37 eV respectively, with Na having the lowest barrier.",2023-09-01,,matteroffact,Supported,,Supported,
2302.12868v1_4_F,"At low frequencies where the wavelength is substantially larger than the sample thickness, the transmission coefficient through a thin solid layer approaches zero, indicating minimal energy transmission regardless of incident angle.",2023-02-01,,matteroffact,Refuted,,Supported,
2208.10980v2_12_F,A 30 cm diameter mesh reflector antenna operating in X-band has a -3 dB beam-width of 2 degrees and requires pointing accuracy better than 0.1 degrees to maintain communication links.,2022-08-01,,matteroffact,Refuted,,Supported,
2304.05231v1_1_T,"For a given initial pressure p₀ and projectile mass m, the theoretical kinetic energy can be estimated as Ep = λp₀ (where λ = 20.9 J/bar), and the actual output kinetic energy is approximately 71% of this value when using two sabots.",2023-04-01,,matteroffact,Supported,,Supported,
2304.08110v5_3_T,The extended Nielsen-Ninomiya theorem establishes that the non-zero (d-1)-dimensional point-gap topological number in the proposed platform is equal to the d-dimensional bulk topological number of the original topological insulator or superconductor,2023-04-01,,matteroffact,Supported,,Supported,
2203.16766v2_0_T,The computational cost of simulating light propagation at oblique incidence using the multiscale Maxwell-TDDFT method is similar to that of simulating light propagation at normal incidence,2022-03-01,,matteroffact,Supported,,Supported,
2208.04687v1_14_T,"Co₂CrAl thin films grow epitaxially on MgO(001) substrate despite a large direct lattice mismatch of 36%, by aligning the Co₂CrAl unit cell with the face diagonal of the MgO unit cell, reducing the effective mismatch to -3.8%.",2022-08-01,,matteroffact,Supported,,Supported,
2304.03740v1_6_T,"The stem length distribution of quench-modified Al-Si eutectic structures differs from that of random fractals produced by diffusion limited aggregation, despite similarities in edge length distribution.",2023-04-01,,matteroffact,Supported,,Supported,
2306.00139v1_12_T,"In superionic AgI, a secondary coordination shell exists at 3-4 Å from silver cations, corresponding to lone pairs on iodide ions that are pointing away from the cation.",2023-06-01,,matteroffact,Supported,,Supported,
2301.11626v1_3_F,Extensive voltage cycling decreases the voltage-induced change in RKKY coupling from approximately 3 mT initially to around 1 mT after 2000 cycles.,2023-01-01,,matteroffact,Refuted,,Supported,
2304.13927v1_10_T,"In the NAREE system, 32 parallel electrochemical experiments can be performed in 2 hours, and the fully automated experiment for electrolyte exploration was continuously conducted for 10 hours without human intervention.",2023-04-01,,matteroffact,Supported,,Supported,
2307.06904v3_12_T,Increasing the number of KTaO3 layers in LaVO3/KTaO3 heterostructures shifts the oxygen bands in the valence band region towards the Fermi level but does not significantly affect the conduction bands.,2023-07-01,,matteroffact,Supported,,Supported,
2303.02540v1_12_T,Rare-earth metal-oxide bond strength in disilicates decreases with increasing ionic radius for a given ionic charge state and coordination number.,2023-03-01,,matteroffact,Supported,,Supported,
2202.04930v2_17_T,"In the Sigmoidal model used for simulations with heterogeneous grain boundary mobility, twin boundaries in 316L stainless steel are assigned a mobility of 10% of the maximum grain boundary mobility (0.1*μmax).",2022-02-01,,matteroffact,Supported,,Supported,
2208.08336v1_15_F,The maximally smeared potential in the studied one-dimensional superconducting chain corresponds to a smearing parameter value of approximately a ≈ 25×10^-3.,2022-08-01,,matteroffact,Refuted,,Supported,
2306.10385v2_6_F,"Blisters on the graphite surface with diameters in the range of 1.3 to 2.0 nm are composed of clusters containing ten to fifteen AlF₃ molecules, with no upper limit to blister size as molecule concentration increases.",2023-06-01,,matteroffact,Refuted,,Refuted,
2307.02870v1_9_T,"When the diffusivity in the active material is below 10^-15 m²/s, primary particles with radius below 100 nm are required to fully exploit the advantage of hierarchically structured electrodes",2023-07-01,,matteroffact,Supported,,Supported,
2208.10980v2_14_T,"Laser propulsion systems for nanosatellites can be placed on Earth's surface, in Earth orbit, or on the Moon's surface, with the lunar option offering advantages of lower gravity, lack of atmosphere, unobstructed lighting, and enhanced safety.",2022-08-01,,matteroffact,Supported,,Supported,
2302.12868v1_3_F,The formulation of boundary conditions at interfaces between different material types requires complex mathematical transformations in the stiffness matrix method.,2023-02-01,,matteroffact,Refuted,,Supported,
2306.00139v1_11_T,Superionic AgI is an electronic plastic crystal in which localized lone pair electrons are dynamically orientationally disordered.,2023-06-01,,matteroffact,Supported,,Supported,
2302.14231v2_7_F,CHGNet requires explicit valence state labels as input to differentiate between different valence states of the same element.,2023-02-01,,matteroffact,Refuted,,Supported,
2305.05612v2_6_F,The interaction energy coefficient between defects bounding I₁ stacking faults in {10-12} twins in magnesium is approximately 0.2 eV/Å.,2023-05-01,,matteroffact,Refuted,,Supported,
2306.03096v2_4_F,"The charge transfer energy (Δ) in LiCoO₂ is approximately -1.0 ± 0.5 eV, while in CoO₂ it increases to approximately 3.0 ± 1.0 eV.",2023-06-01,,matteroffact,Refuted,,Refuted,
2206.01072v1_14_F,"Fe chains in hcp stacking positions on Rh(111) surface have fundamentally different magnetic ground state structures compared to those in fcc stacking positions, with ferromagnetic ordering dominating in hcp stacking and antiferromagnetic ordering in fcc stacking.",2022-06-01,,matteroffact,Refuted,,Supported,
2205.01504v1_12_T,"The normalized Hall-Petch coefficient (kHP/G√b) for metallic systems scales linearly with the square root of applied strain (√ε̄), consistent with Ashby's model of strengthening due to Geometrically Necessary Dislocations in polygrain ensembles.",2022-05-01,,matteroffact,Supported,,Supported,
2211.08305v1_8_F,The grain diameter in SLM fabricated Hastelloy-X follows a normal distribution with an average of 25 μm and standard deviation of 1.5 for both Bulk Z and Bulk X samples.,2022-11-01,,matteroffact,Refuted,,Refuted,
2308.05532v1_10_T,Standard laser flash apparatus (LFA) techniques for measuring thermal diffusivity are limited when applied to heterogeneous materials like metal matrix syntactic foams due to sample size constraints and inability to capture multiple time scale effects.,2023-08-01,,matteroffact,Supported,,Supported,
2305.06798v1_8_F,"The dynamics of a doubly clamped nanoribbon can only be accurately modeled using the full continuum elastic theory, as simplified models like treating the ribbon as a Brownian particle fail to capture the essential physics of the system.",2023-05-01,,matteroffact,Refuted,,Refuted,
2304.02909v1_10_F,"In Al0.74Sc0.26N films, the nucleation of polar inversion domains switching from N-polarity to M-polarity initiates simultaneously throughout the film thickness.",2023-04-01,,matteroffact,Refuted,,Refuted,
2210.10242v2_6_T,The ambipolarity model explains the simultaneous observation of donor-like and acceptor-like muon states in MgH₂ as a mechanism to maintain global charge neutrality.,2022-10-01,,matteroffact,Supported,,Supported,
2205.01504v1_5_F,The introduction of an anisotropy factor in J₂ plasticity models fails to capture any meaningful heterogeneous deformation between grains and cannot reproduce the differential hardening observed in crystal plasticity models.,2022-05-01,,matteroffact,Refuted,,Refuted,
2306.15502v1_8_F,Scanning NV Magnetometry and polar MOKE magnetometry provide equivalent information about MRAM etch process quality and bit-to-bit uniformity,2023-06-01,,matteroffact,Refuted,,Refuted,
2304.13257v3_14_T,"The systematic comparison of different oxide surfaces on niobium qubits provides definitive evidence that niobium oxides host a higher density of two-level systems than tantalum, aluminum, or titanium nitride oxides, advancing the microscopic understanding of decoherence sources in superconducting qubits.",2023-04-01,,matteroffact,Supported,,Refuted,
2308.04594v2_14_T,Cerium-substituted strontium hexaferrite has potential as a high-performance permanent magnet material for applications such as automotive traction drive motors due to its enhanced magnetocrystalline anisotropy and magnetic hardness.,2023-08-01,,matteroffact,Supported,,Supported,
2211.05713v2_15_F,"LGPS exhibits ionic conductivity values between 0.1 and 1 mS/cm at room temperature, significantly lower than organic liquid electrolytes used in commercial lithium-ion batteries.",2022-11-01,,matteroffact,Refuted,,Supported,
2309.07046v1_13_F,"In the crystal structure of ATB₄ compounds, the intradimer distance between transition metal atoms is approximately 3.8-4.2 Å, while the second nearest distance between interlayer dimers is about 20% shorter, and the third nearest distance between dimers in the plane is approximately 5 Å.",2023-09-01,,matteroffact,Refuted,,Supported,
2203.16766v2_4_F,The reflectance at Brewster's angle for silicon increases from 0% to approximately 10% when the incident light intensity increases from 10^9 W/cm² to 10^13 W/cm²,2022-03-01,,matteroffact,Refuted,,Refuted,
2211.13164v1_12_T,"In Na_xCa_{1-x}Cr_2O_4, the Na-O bond distance decreases linearly from 2.54 Å to 2.49 Å as Na content decreases from x=1 to x=0.5, while the Cr-O bond distance increases from 1.95 Å to 1.99 Å.",2022-11-01,,matteroffact,Supported,,Supported,
2308.04594v2_11_F,Cerium substitution in strontium hexaferrite increases the c-axis lattice parameter from 23.17 Å to 24.5 Å (for x=1) and 23.8 Å (for x=0.5) due to the larger ionic radius of cerium.,2023-08-01,,matteroffact,Refuted,,Supported,
2306.00139v1_14_F,Lone pair rotations in superionic AgI (0.4-0.5 ps) are faster than similar rotations in cesium tin halide perovskites (1.0-2.0 ps).,2023-06-01,,matteroffact,Refuted,,Supported,
2206.14013v1_4_F,The refractive index (n) of AlOx-Cu nanocomposites with copper content (τ) larger than 0.48 falls between the refractive indices of copper and aluminum oxide in all energy ranges.,2022-06-01,,matteroffact,Refuted,,Refuted,
2304.13257v3_13_F,Surface encapsulation of niobium with tantalum requires specialized equipment and ultra-high vacuum conditions that make it incompatible with industrial-level processes and scalable manufacturing for superconducting qubits.,2023-04-01,,matteroffact,Refuted,,Supported,
2308.14223v1_15_T,"Carbopol forms a soft glassy material through repulsive interactions between swollen microgel particles, exhibiting solid-like elasticity below the yield stress and fluid-like behavior above it.",2023-08-01,,matteroffact,Supported,,Supported,
2205.05157v1_9_T,The electro-optic coefficient determination software can be used without any installation procedure while also being available as a standard installable Python module with setup.py.,2022-05-01,,matteroffact,Supported,,Supported,
2212.13877v1_9_F,The electron-phonon interaction correction to the total energy in Boron Nitride polymorphs shows chaotic behavior with no convergence as q-point grid density increases in the Brillouin Zone.,2022-12-01,,matteroffact,Refuted,,Refuted,
2302.14231v2_9_T,"Including electronic entropy effects is essential for correctly predicting the phase diagram of LixFePO4, which features a eutectoid-like transition to a solid-solution phase at intermediate Li concentration.",2023-02-01,,matteroffact,Supported,,Supported,
2307.04750v1_12_F,"The electronic structure of CsTi₃Bi₅ was calculated using a tight-binding model with only s orbitals and a coarse k-mesh of 10×10×10, without including spin-orbit coupling effects.",2023-07-01,,matteroffact,Refuted,,Supported,
2305.01101v2_11_T,"For 94% of high-performing thermoelectric materials, the distribution of predicted zT values for recalled candidates is statistically significantly different from random sampling with p<0.05.",2023-05-01,,matteroffact,Supported,,Supported,
2211.14626v2_9_T,"After thermal cycling, Nb/Ru/Sr₂RuO₄ junctions exhibit forward diode behavior in 60% of cases, reverse diode behavior in 30% of cases, and standard junction behavior in 10% of cases.",2022-11-01,,matteroffact,Supported,,Supported,
2212.03527v1_9_F,"In Al-Mn alloys after recovery, dispersoid density is higher on <011>-oriented boundaries than on <001>-oriented boundaries, and much higher than on <111>-oriented boundaries, indicating preferential precipitation or reduced boundary mobility.",2022-12-01,,matteroffact,Refuted,,Supported,
2309.14678v2_9_F,"In Na-poor conditions defined by equilibrium with Na₂S₄ and S₈, vacancy formation energies in Na β and β″ aluminas are approximately 0.5 eV lower than in Na-rich conditions.",2023-09-01,,matteroffact,Refuted,,Supported,
2304.08446v4_1_T,The highest critical temperature achieved among the CDVAE-generated superconductors was 20.2K for the VN2 compound.,2023-04-01,,matteroffact,Supported,,Supported,
2303.11122v1_8_F,"Sulfide spinels exhibit higher voltages (2-4 V) and capacities compared to oxide spinels, making them more promising cathode materials for Mg batteries despite their generally higher Mg migration barriers.",2023-03-01,,matteroffact,Refuted,,Supported,
2206.01361v1_14_F,The lattice network model is only applicable to lunar regolith consolidated with MICP and cannot be adapted to understand failure mechanisms in other types of materials or consolidation methods.,2022-06-01,,matteroffact,Refuted,,Refuted,
2210.10242v2_9_F,The spin/charge exchange rate (ν_p) for the Mu_p component in MgH₂ decreases linearly from 500 MHz to 50 MHz as temperature increases from 50 K to 150 K.,2022-10-01,,matteroffact,Refuted,,Supported,
2304.03740v1_0_T,"Quench-modified Al-Si eutectic structures exhibit isotropic branching behavior that is fundamentally different from impurity-modified structures, despite both appearing fibrous in two-dimensional images.",2023-04-01,,matteroffact,Supported,,Supported,
2301.06756v1_6_T,Solid helium has an indirect band gap with the valence band maximum located at the Λ point and the conduction band minimum at the Γ point in reciprocal space.,2023-01-01,,matteroffact,Supported,,Refuted,
2203.04149v2_8_F,The physical model for ultrasonic resonance in lithium-ion batteries predicts resonant frequencies with approximately 15% error compared to experimental measurements across different states of charge.,2022-03-01,,matteroffact,Refuted,,Supported,
2303.01108v1_10_T,"The effective magnetic moment (μeff) in La₀.₅Sr₀.₅Co₁₋ₓNbₓO₃ decreases monotonously with increasing Nb concentration, and the experimental values match well with theoretical calculations based on the spin states of Co³⁺ and Co⁴⁺ ions.",2023-03-01,,matteroffact,Supported,,Supported,
2308.04043v3_14_T,"The ground state of V₂O₅ is dominated by mixed configurations with significant d-electron character, with DFT+DMFT calculations showing the 3d²L² configuration contributing 41% to the ground state, followed by 3d³L³ (25%) and 3d¹L¹ (22%), while the nominal 3d⁰ configuration contributes only 2%.",2023-08-01,,matteroffact,Supported,,Supported,
2303.11179v1_15_T,"The optimized lattice parameters for NaAlSi are a=b=4.139 Å and c=7.310 Å, which were used in the band structure calculations.",2023-03-01,,matteroffact,Supported,,Supported,
2308.04594v2_15_T,"Cerium substitution at the strontium site in hexaferrite reduces the unit cell volume, while cerium substitution at iron sites increases the unit cell volume due to differences in ionic radii.",2023-08-01,,matteroffact,Supported,,Supported,
2306.10385v2_11_T,Intercalated AlF₃ molecules extend the carbon-carbon sigma bonds in graphene by up to 2% during the formation of blisters in graphite.,2023-06-01,,matteroffact,Supported,,Refuted,
2308.00800v1_3_F,"The fracture toughness of AA2024-T351 aluminum sheets varies with orientation, with the T-L orientation (0° to rolling direction) showing approximately 27% higher fracture toughness (44.1 MPa√m) than the L-T orientation (90° to rolling direction, 34.7 MPa√m).",2023-08-01,,matteroffact,Refuted,,Supported,
2308.16621v1_13_F,"Consolidation is the most important and sufficient quality indicator for metal additive manufacturing builds, superseding mechanical properties in importance",2023-08-01,,matteroffact,Refuted,,Refuted,
2305.06798v1_6_F,"The prefactor time scale of the escape time for buckled nanoribbons scales with system size as τp ∝ L0^2 in both high-damping and low-damping regimes, regardless of temperature.",2023-05-01,,matteroffact,Refuted,,Supported,
2301.00535v1_3_F,"The r²SCAN functional generally predicts smaller lattice parameters than SCAN for transition metal oxides, and adding Hubbard U correction decreases the calculated lattice parameters for both functionals.",2023-01-01,,matteroffact,Refuted,,Supported,
2302.12868v1_14_T,"The stiffness matrix method enables the development of ultrasonic techniques to quantify important properties of porous materials, such as porosity, tortuosity, and permeability, particularly in complex layered structures like battery electrodes.",2023-02-01,,matteroffact,Supported,,Supported,
2202.00460v1_13_F,The combination of atomically precise nanographene structures with proximity-induced superconductivity has no potential for exploring topological superconductivity or the interplay between carbon magnetism and superconductivity.,2022-02-01,,matteroffact,Refuted,,Refuted,
2304.08446v4_10_T,"The CDVAE-generated structures have different density and packing fraction distributions compared to the training dataset, with a tendency toward lower density and packing fraction values.",2023-04-01,,matteroffact,Supported,,Supported,
2212.06503v1_2_T,"The photocurrent in BaTiO3 thin films is generated by a combined mechanism of bulk photovoltaic effect and Schottky barrier filtering, where the asymmetry of the material creates excited carriers that are then partially filtered by the Schottky barriers at the electrode interfaces.",2022-12-01,,matteroffact,Supported,,Supported,
2307.00878v1_17_T,"Li₇P₃S₁₁ has a complex structure containing both PS₄ tetrahedral units and P₂S₇ ditetrahedral units, with a disordered Li sublattice comprising 15 distinct Li sites identified from combined X-ray diffraction, neutron diffraction, and ab-initio molecular dynamics studies.",2023-07-01,,matteroffact,Supported,,Supported,
2304.08446v4_18_T,"The CDVAE-ALIGNN workflow enables inverse design of materials by optimizing target properties in the latent space, going beyond traditional funnel-like screening approaches that engineer from structure to property rather than from property to structure.",2023-04-01,,matteroffact,Supported,,Supported,
2309.14678v2_4_F,"The calculated migration barriers for Na β and β″ aluminas are higher than the experimental activation energies for ionic conduction, indicating fundamental limitations in these materials.",2023-09-01,,matteroffact,Refuted,,Refuted,
2206.14013v1_12_F,"In AlOx-Cu nanocomposites with copper content (τ) greater than 0.48, the refractive index (n) and extinction coefficient (k) both reach their peaks simultaneously at the same energy value of 3.0 eV.",2022-06-01,,matteroffact,Refuted,,Supported,
2302.12868v1_10_F,"At low frequencies where the wavelength is substantially larger than the thickness of a multilayered structure, the wave transmission is highly dependent on the specific composition of the structure, with transmission coefficients varying significantly with incident angle.",2023-02-01,,matteroffact,Refuted,,Supported,
2304.07224v2_9_F,"In high-temperature cuprate superconductors, the quasi-one-dimensional plasmon (1DP) emerges only over a narrow momentum region with q_x between 0.4π and 0.5π along the antinodal direction.",2023-04-01,,matteroffact,Refuted,,Supported,
2304.13257v3_9_F,"Tantalum oxide formed on tantalum-capped niobium qubits contains variable oxygen content with multiple sub-stoichiometric regions, similar to niobium oxide, contributing equally to qubit losses.",2023-04-01,,matteroffact,Refuted,,Supported,
2306.03096v2_2_F,The total electron occupation of the cobalt 3d shell decreases significantly from approximately 7.0 to 5.0 electrons during the transition from LiCoO₂ to CoO₂.,2023-06-01,,matteroffact,Refuted,,Supported,
2305.11961v1_7_T,"The 4D Camera generated 1,740 GB of raw data for the battery stack experiment, which was reduced to 7 GB in the sparse format",2023-05-01,,matteroffact,Supported,,Supported,
2202.04930v2_1_T,Heterogeneous grain boundary mobility has minimal impact on the evolution of mean values in grain growth simulations when orientations are randomly generated with a Mackenzie-like disorientation distribution.,2022-02-01,,matteroffact,Supported,,Refuted,
2306.07746v1_10_T,"The minima hopping method reliably finds the global minimum of potential energy surfaces by combining molecular dynamics along soft modes with geometry optimization, and can escape from any energy funnel by crossing high barriers.",2023-06-01,,matteroffact,Supported,,Supported,
2304.13959v2_12_T,"NbAs (001) thin films grown on GaAs (100) show a preferred direction of domain alignment, likely due to the 2×4 surface reconstruction of GaAs achieved before growth.",2023-04-01,,matteroffact,Supported,,Supported,
2308.16621v1_10_F,Volumetric Energy Density (VED) captures stronger correlations between process parameters and output properties than any dimensionality reduction technique,2023-08-01,,matteroffact,Refuted,,Refuted,
2302.14072v1_4_F,"At the optimized interlayer distance of 5.8 Å in Ta-dichalcogenide bilayers, the flat bands of the 1T layer are partially filled and positioned at the Fermi energy.",2023-02-01,,matteroffact,Refuted,,Supported,
2304.01314v2_14_T,"The machine-learned interatomic potential developed for the Zr-H system can model multiple material properties including relaxed states, elastic constants, phonon bandstructures, and phase transitions.",2023-04-01,,matteroffact,Supported,,Supported,
2203.08413v3_9_T,"In disordered superconductor-magnetic insulator nanowire hybrid systems, non-local conductance measurements reveal the bulk gap reopening more clearly than local conductance measurements.",2022-03-01,,matteroffact,Supported,,Supported,
2309.07046v1_11_F,"The density of states at the Fermi level of transition metal atoms in non-magnetic MgCoB₄ is 1.843 states/eV/spin/T, which is significantly higher than in other compositions such as MgCrB₄ (0.512 states/eV/spin/T) and MgVB₄ (0.667 states/eV/spin/T).",2023-09-01,,matteroffact,Refuted,,Supported,
2304.02586v1_14_F,"The electronic nematic order in the normal state of Sr₂RuO₄ has no bearing on its superconducting properties, as these phenomena occur in separate temperature regimes with no causal connection.",2023-04-01,,matteroffact,Refuted,,Refuted,
2304.02909v1_9_T,"Inversion domain boundaries in partially switched Al0.74Sc0.26N films have a significant horizontal component, creating polarization discontinuities that require a charge compensation mechanism.",2023-04-01,,matteroffact,Supported,,Supported,
2209.05554v2_8_T,"The ALIGNN-FF model can represent and simulate materials containing any combination of 89 elements from the periodic table, making it more chemically diverse than traditional force fields",2022-09-01,,matteroffact,Supported,,Supported,
2208.10980v2_12_T,A 30 cm diameter mesh reflector antenna operating in X-band has a -3 dB beam-width of 8.3 degrees and can tolerate a maximum pointing error of 0.75 degrees with only 0.1 dB power loss.,2022-08-01,,matteroffact,Supported,,Supported,
2303.04621v2_7_T,"The minimum-shear twins in body-centered cubic (bcc) and face-centered cubic (fcc) lattices are all compound twins, meaning they are simultaneously Type 1 and Type 2 twins.",2023-03-01,,matteroffact,Supported,,Refuted,
2210.03397v3_7_F,T-phase precipitates have a similar enthalpy of formation to η-phase (Mg₂Zn) precipitates in commercial aluminum alloys,2022-10-01,,matteroffact,Refuted,,Refuted,
2210.06197v2_13_F,Oxygen content in titanium alloys has a negligible effect on the aluminum equivalent value and can be disregarded when determining safe composition limits to avoid α₂ precipitation.,2022-10-01,,matteroffact,Refuted,,Refuted,
2203.04149v2_16_F,"The slurry model predicts an overall ultrasonic wave speed of 1800 m/s through the lithium-ion battery cell, which differs by approximately 28% from the experimentally measured value of 1404 m/s.",2022-03-01,,matteroffact,Refuted,,Refuted,
2205.01504v1_0_T,"A lower order, Taylor hardening backstress model can effectively represent the directional hardening contribution of Geometrically Necessary Dislocations (GNDs) during cyclic loading in metallic systems.",2022-05-01,,matteroffact,Supported,,Supported,
2210.05010v2_3_F,"The athermal regime in irradiated metals is defined solely by temperature, occurring only at absolute zero and independent of dose rate or defect migration barriers.",2022-10-01,,matteroffact,Refuted,,Refuted,
2205.05615v1_4_F,The optical band gap of copper oxide films decreases from 2.35 eV at room temperature to 2.02 eV at 300°C substrate temperature,2022-05-01,,matteroffact,Refuted,,Supported,
2208.04658v1_6_F,"The atomic Fe/O ratio in as-grown SrFe₁₂O₁₉ films is 0.58, while in annealed films it is 0.63, with the former indicating excess oxygen compared to the theoretical value of 0.63 for pure strontium hexaferrite.",2022-08-01,,matteroffact,Refuted,,Supported,
2303.02540v1_0_F,"Young's modulus of rare-earth disilicates increases linearly with increasing rare-earth cation radius, following the equation E = 198r_i + 100 for single-component systems.",2023-03-01,,matteroffact,Refuted,,Refuted,
2206.15003v1_13_F,"Creating a density discontinuity in the driver gas of the implosion-driven launcher reduces driving pressure on the projectile throughout acceleration, limiting maximum velocity to less than 8 kilometers per second.",2022-06-01,,matteroffact,Refuted,,Refuted,
2203.07955v1_12_T,"In both Na₃PS₄ and Na₃PSe₄, the peaks of group 3 gradually merge as temperature increases toward the phase transition, while the peaks of groups 1 and 2 show very little change with temperature.",2022-03-01,,matteroffact,Supported,,Supported,
2205.06324v2_9_T,A two-hidden-layer GNN architecture is capable of learning the non-linear relationship between lattice orientation and directional stiffness for predicting elastic response in polycrystalline materials.,2022-05-01,,matteroffact,Supported,,Supported,
2203.10204v2_1_F,The difficulty of performing the inverse-problem prediction task (predicting process parameters from microstructures) is unrelated to discovering microstructure regime transitions,2022-03-01,,matteroffact,Refuted,,Refuted,
2306.10385v2_0_F,"Aluminum fluoride (AlF₃) molecules intercalate into graphite through the basal plane, forming strong covalent bonds with carbon atoms in the process.",2023-06-01,,matteroffact,Refuted,,Refuted,
2305.01101v2_4_F,Language-based material recommendation frameworks can only identify already well-studied material spaces and cannot discover under-explored areas with potential for high thermoelectric performance.,2023-05-01,,matteroffact,Refuted,,Refuted,
2204.05721v1_4_F,Strain rate sensitivity increases from commercially pure titanium to Ti-6Al-4V to Ti-6Al-2Sn-4Zr-xMo alloy systems,2022-04-01,,matteroffact,Refuted,,Supported,
2206.01072v1_9_T,"In Fe chains on Rh(111) surface, nearest neighbor isotropic exchange interactions are ferromagnetic while next nearest neighbor interactions are antiferromagnetic, with the nearest neighbor coupling between edge atoms reaching values of approximately 0.6 mRy.",2022-06-01,,matteroffact,Supported,,Supported,
2209.02018v1_15_F,A universal annealing protocol of 500°C for 10 hours in air is optimal for minimizing both optical absorption and mechanical loss in all TiO2:Ta2O5 amorphous coatings regardless of cation mixing ratio,2022-09-01,,matteroffact,Refuted,,Refuted,
2303.00185v1_16_T,"In F/2DEG junctions, the maximum conductance occurs when there is optimal matching between the Fermi contours in the lead and barrier regions, which happens near Δxc=V0 for small Rashba SOC.",2023-03-01,,matteroffact,Supported,,Supported,
2204.13994v1_8_T,"The computational model qualitatively reproduces experimentally observed damage mechanisms in aluminum alloys, where commercially pure aluminum exhibits particle debonding while aluminum alloys like Al2124 exhibit particle cracking",2022-04-01,,matteroffact,Supported,,Supported,
2208.10911v1_10_F,"The capacity fading in MoSeTe anode is primarily caused by electrolyte decomposition and the formation of thick SEI layers that trap sodium ions, with minimal contribution from structural changes or resistance increase.",2022-08-01,,matteroffact,Refuted,,Supported,
2203.14615v3_12_F,"Increasing the oxygen content in Ti-7Al alloys from 0.05% to 0.25% enhances the tensile ductility, with the high-oxygen alloy exhibiting approximately 30% elongation compared to about 20% for the low-oxygen alloy in the quenched condition.",2022-03-01,,matteroffact,Refuted,,Refuted,
2209.02018v1_12_T,The Urbach energy of as-deposited (not annealed) TiO2:Ta2O5 amorphous coatings decreases monotonically as the Ti/(Ti+Ta) cation ratio increases from 0% to 96%,2022-09-01,,matteroffact,Supported,,Supported,
2309.13514v2_8_F,"The electronic structure of CsCr₃Sb₅ lacks the characteristic features of kagome lattices, with no flat bands or Dirac points near the Fermi level, which is positioned far (>0.5 eV) from any band edges or van Hove singularities.",2023-09-01,,matteroffact,Refuted,,Refuted,
2205.05157v1_4_T,"The d33 converse piezoelectric coefficient is calculated using the formula d33 = Δd/ΔV, where Δd is the change in film thickness and ΔV is the applied voltage.",2022-05-01,,matteroffact,Supported,,Supported,
2307.13990v1_11_T,The proximity-induced spin-orbit coupling in Al quantum well states arises from hybridization with Au Rashba surface states due to their compatible s-pz orbital character.,2023-07-01,,matteroffact,Supported,,Supported,
2202.02908v1_2_T,"In a polycrystalline material under simple shear loading, the stress-strain curve exhibits two distinct yield points: the first at approximately 0.01 strain corresponding to slip initiation, and the second at approximately 0.04 strain corresponding to twin nucleation.",2022-02-01,,matteroffact,Supported,,Supported,
2205.06855v1_15_T,"Regolith samples sintered at 1200°C develop a distinctly different color and surface appearance compared to samples sintered at lower temperatures, with a glassy, smooth surface texture that is visibly different from the more granular texture of samples sintered at 1000°C and 1100°C.",2022-05-01,,matteroffact,Supported,,Supported,
2304.06457v1_14_T,Cu substitution in SmCo₅ thin films reduces the saturation magnetization due to the replacement of magnetic Co atoms with non-magnetic Cu atoms,2023-04-01,,matteroffact,Supported,,Supported,
2210.05010v2_16_F,"A collision cascade in a metal proceeds through a single continuous phase lasting approximately 1 ps, with no distinct ballistic, heat spike, or cooling phases.",2022-10-01,,matteroffact,Refuted,,Refuted,
2208.04658v1_5_F,Annealed SrFe₁₂O₁₉ films exhibit a saturation magnetization of 85 emu/g and a coercive field of 0.3 T when measured with an in-plane magnetic field configuration.,2022-08-01,,matteroffact,Refuted,,Supported,
2206.01063v2_0_F,The mean-field resonating valence bond model describes gapped charge pair excitations throughout the entire spinon Brillouin zone,2022-06-01,,matteroffact,Refuted,,Supported,
2202.00542v3_3_T,Single-determinant wave functions in QMC calculations overestimate the activation barrier for water addition to CO on Pt(111) by approximately 2.5 kJ/mol compared to multi-reference configuration interaction methods,2022-02-01,,matteroffact,Supported,,Supported,
2309.04053v2_6_T,"The refractory multi-principal element alloy MoNbTaVW has a yield strength of 1246 MPa and a density of 12.4 g/cm³, while NbMoTiVZr has a yield strength of 1785 MPa and a density of 7.1 g/cm³.",2023-09-01,,matteroffact,Supported,,Supported,
2301.05024v1_9_F,"Deviations from classical impedance models in non time-invariant electrochemical systems only appear at frequencies exactly equal to 1/τ, where τ is the time scale of property changes.",2023-01-01,,matteroffact,Refuted,,Refuted,
2302.14072v1_8_F,Ta-dichalcogenide bilayers with interlayer distances of 6.3-7.0 Å behave as heavy fermion systems with strong Kondo coupling between localized moments in the 1T layer and conduction electrons in the 1H layer.,2023-02-01,,matteroffact,Refuted,,Supported,
2208.13993v1_15_F,"The choice of substrate has minimal influence on the crystallinity, phase purity, morphology, and optoelectronic properties of SnSe thin films grown by Chemical Vapor Deposition.",2022-08-01,,matteroffact,Refuted,,Refuted,
2212.03990v2_10_T,"The adsorption of potassium ions on graphene electrodes creates a non-uniform charge distribution on the electrode surface, with higher negative charges localized on carbon atoms closer to the adsorbed potassium ions.",2022-12-01,,matteroffact,Supported,,Supported,
2206.15070v1_3_T,"The 3D interparticle spacing of MX precipitates in 12Cr1MoV steel increases from 0.55 μm in the initial state to 1.01 μm in the gauge section after 139,000 hours of creep testing at 550°C and 120 MPa.",2022-06-01,,matteroffact,Supported,,Supported,
2304.02586v1_13_T,"The lattice equilibration timescale in Sr₂RuO₄ after optical pumping is 0.82 picoseconds, as determined by fitting the temperature dynamics to a heat equation model.",2023-04-01,,matteroffact,Supported,,Supported,
2306.04157v1_15_T,High-quality single crystals of LaNiO3 can be grown using the optical floating zone technique under an oxygen pressure of 85 bar.,2023-06-01,,matteroffact,Supported,,Supported,
2211.05713v2_13_T,"LGPS transitions from quasi-one-dimensional ion conduction along the c-channel at low temperatures to three-dimensional ion conduction at elevated temperatures above 400 K, as the ab-plane diffusivity increases significantly.",2022-11-01,,matteroffact,Supported,,Supported,
2307.13990v1_9_T,Certain electron-hole band crossings in the Al/Au heterostructure are protected by time-reversal and spin-rotational symmetries and can only be lifted by applying an external magnetic field.,2023-07-01,,matteroffact,Supported,,Supported,
2211.13164v1_14_F,The pre-exponential factor (A) in the Arrhenius equation for Na-ion diffusion in Na_xCa_{1-x}Cr_2O_4 increases linearly from approximately 10¹⁰ s⁻¹ at x=1 to 10¹² s⁻¹ at x=0.3.,2022-11-01,,matteroffact,Refuted,,Supported,
2303.11178v1_9_T,"The Sn-terminated surface of SnTaS₂ exhibits four branches of surface states (SS1, SS3, SS4, and SS6), while the S-terminated surface exhibits two branches of surface states (SS2 and SS5).",2023-03-01,,matteroffact,Supported,,Supported,
2307.13649v1_14_T,Silver-doped copper oxide thin films show higher absorbance in the blue region of the spectrum compared to undoped copper oxide thin films,2023-07-01,,matteroffact,Supported,,Supported,
2211.15972v1_12_T,As-doping in bilayer CrI3 significantly alters the charge distribution in the interlayer space,2022-11-01,,matteroffact,Supported,,Supported,
2206.01072v1_16_F,"Bilinear spin-spin interactions alone are sufficient to accurately determine the magnetic ground state of Fe chains on Nb(110) surface, as evidenced by the perfect agreement in rotational sense of spin-spiral states between direct ab initio calculations and bilinear spin model results.",2022-06-01,,matteroffact,Refuted,,Refuted,
2308.05532v1_12_F,"For metal matrix syntactic foams with known inner structure, effective density, specific heat, and thermal conductivity can all be reliably calculated with equal accuracy using only the volume fractions of components.",2023-08-01,,matteroffact,Refuted,,Refuted,
2303.11122v1_7_T,"Mn3+ ions in MgMn2O4 cause strong Jahn-Teller distortions with two Mn-O bonds elongated by 18%, while Ti3+, V3+, Cr3+, Co3+, Ni3+, Rh3+, and Ir3+ ions cause weaker or no distortions in their respective oxide spinels.",2023-03-01,,matteroffact,Supported,,Supported,
2308.07295v3_3_T,"Cu doping in lead apatite (Pb₁₀(PO₄)₆O) causes a unit cell volume contraction of approximately 0.9-1.3% regardless of which Pb site is doped, when the structures are fully relaxed to their low-symmetry states.",2023-08-01,,matteroffact,Supported,,Supported,
2303.10621v4_0_T,"The Mori-Zwanzig projector formalism can be used to derive an exact generalized Langevin equation that describes the quantum dynamics of nuclei in a crystal, fully accounting for anharmonicity.",2023-03-01,,matteroffact,Supported,,Supported,
2206.14013v1_9_T,"AlOx-Cu multi-layered nanocomposites display a distinctive valley in reflectance at approximately 2.0 eV, which is not a characteristic of either pure copper or aluminum oxide.",2022-06-01,,matteroffact,Supported,,Supported,
2209.02018v1_15_T,"The optimal annealing parameters for minimizing mechanical loss in TiO2:Ta2O5 amorphous coatings likely depend on the specific cation mixing ratio, requiring individualized optimization for each composition",2022-09-01,,matteroffact,Supported,,Supported,
2308.16621v1_4_F,"Laser power and laser speed have the highest variance inflation factors (VIF) among process parameters in metal additive manufacturing, with values above 10",2023-08-01,,matteroffact,Refuted,,Supported,
2306.13006v2_7_F,"SCAPS modeling of various photovoltaic technologies shows that defect-caused relative losses in voltage are 5-10 times greater than losses in current, with current losses of 1-3% corresponding to voltage losses of 10-25%.",2023-06-01,,matteroffact,Refuted,,Supported,
2210.10242v2_1_F,The electronic states of muons in MgH₂ are primarily determined by band structure effects and cannot be explained by donor/acceptor levels or the ambipolarity model.,2022-10-01,,matteroffact,Refuted,,Refuted,
2307.13990v1_9_F,All electron-hole band crossings in the Al/Au heterostructure are unprotected by symmetry and naturally develop pairing gaps without requiring external fields.,2023-07-01,,matteroffact,Refuted,,Refuted,
2304.04986v3_16_T,The inclusion of both first-cycle and Nth-cycle capacity terms in DRXNet's loss function enhances model expressibility and prevents underfitting compared to using only Nth-cycle capacity terms.,2023-04-01,,matteroffact,Supported,,Supported,
2303.00742v2_13_F,Supporting Bernal bilayer graphene on a WSe2 substrate decreases the maximum superconducting transition temperature by approximately 50% compared to hexagonal boron nitride supported Bernal bilayer graphene.,2023-03-01,,matteroffact,Refuted,,Supported,
2206.14013v1_15_T,"The refractive index (n) spectra of AlOx-Cu nanocomposites with copper content (τ) greater than 0.48 exhibit peaks that shift in position depending on τ, unlike the monotonically changing n spectra of pure aluminum oxide and copper.",2022-06-01,,matteroffact,Supported,,Supported,
2303.00846v1_2_F,The magneto-elastic coupling between vortices and the host medium in FeSe strengthens the hyperuniformity from class-III to class-II by introducing an anisotropic long-range interaction term.,2023-03-01,,matteroffact,Refuted,,Supported,
2308.14223v1_15_F,"Carbopol forms a crystalline network structure through attractive interactions between microgel particles, exhibiting brittle fracture under stress rather than a yield-stress fluid transition.",2023-08-01,,matteroffact,Refuted,,Refuted,
2302.14072v1_8_T,Ta-dichalcogenide bilayers with interlayer distances of 6.3-7.0 Å behave as doped Mott insulators rather than as heavy fermion systems.,2023-02-01,,matteroffact,Supported,,Supported,
2206.14013v1_3_F,Short-period AlOx-Cu multi-layered nanocomposites exhibit optical properties that are a simple combination of metallic and dielectric characteristics without any semiconductor-like features.,2022-06-01,,matteroffact,Refuted,,Refuted,
2304.07326v2_10_T,"The reflectivity minimum of pure LuH2 occurs at 710 nm at ambient conditions, while in hydrogen-deficient LuH1.875 it occurs at a shorter wavelength of 600 nm.",2023-04-01,,matteroffact,Supported,,Supported,
2302.12868v1_8_F,"The transmission coefficient through a porous layer remains constant with frequency below the critical angle of the fast longitudinal wave, showing no resonance effects from waves reverberating between the layer boundaries.",2023-02-01,,matteroffact,Refuted,,Supported,
2303.07504v1_15_F,"In Mg-Al-Ca alloys, C15-like planar defects cannot form exothermically under any conditions, and only bulk C15 precipitates will form when the Al concentration exceeds the solubility limit.",2023-03-01,,matteroffact,Refuted,,Refuted,
2206.01063v2_18_F,Doping enhances long-range antiferromagnetic order in cuprates by strengthening spin-spin interactions between neighboring copper sites,2022-06-01,,matteroffact,Refuted,,Supported,
2309.14678v2_0_F,"Charge transport in β-aluminas is dominated by alkali metal vacancies, while in β″ aluminas it is dominated by interstitials.",2023-09-01,,matteroffact,Refuted,,Supported,
2302.14072v1_9_F,The zero-bias peak observed in tunneling spectra of Ta-dichalcogenide bilayers originates from Kondo screening of localized moments in the 1T layer by conduction electrons in the 1H layer.,2023-02-01,,matteroffact,Refuted,,Supported,
2307.00878v1_10_F,"X-ray diffraction provides equally accurate refinements of Li sublattices in superionic conductors compared to neutron diffraction, capturing all essential details needed for modeling configurational disorder.",2023-07-01,,matteroffact,Refuted,,Refuted,
2204.13789v2_7_T,"The $\ell_0\ell_2$-norm regularized cluster expansion implemented through mixed integer quadratic programming works well for systems with feature matrix dimensions up to 2000, but becomes computationally challenging for larger systems.",2022-04-01,,matteroffact,Supported,,Supported,
2306.15502v1_2_T,"MRAM bits produced with the optimized etch process (Process 2) have a thermal stability factor (Δ) of 54, compared to a Δ of 49 for the standard process (Process 1)",2023-06-01,,matteroffact,Supported,,Supported,
2301.03473v1_6_T,Conductance fluctuation spectroscopy is an effective technique for identifying BKT transitions in van der Waals heterostructures where conventional methods are challenging to apply,2023-01-01,,matteroffact,Supported,,Supported,
2309.01755v1_14_T,"The magnetic moment of oxygen atoms in Pb₁₀(PO₄)₆O₄ is half of that of isolated oxygen molecules (2.0 μB), due to electron gain from lead atoms and inter-molecular electron hopping.",2023-09-01,,matteroffact,Supported,,Refuted,
2304.08110v5_5_T,"Point-gap topological phases can be realized in quantum Hall states in graphene by connecting a metal to an edge, resulting in a non-Hermitian skin effect observable as a chiral tunneling effect",2023-04-01,,matteroffact,Supported,,Supported,
2206.14013v1_16_F,"The extinction coefficient (k) spectra of AlOx-Cu nanocomposites with copper content (τ) equal to or greater than 0.48 decrease monotonically as energy increases, similar to the k spectrum of pure copper.",2022-06-01,,matteroffact,Refuted,,Supported,
2206.01072v1_12_F,The Dzyaloshinky-Moriya interaction transforms the magnetic ground state of Fe chains on Rh(111) surface from non-collinear to collinear configurations.,2022-06-01,,matteroffact,Refuted,,Supported,
2307.06904v3_8_T,"The electronic polarization in insulating LaVO3/KTaO3 interfaces increases with the number of LaVO3 layers, reaching 0.73 C/m² for the 3/3 antiferromagnetic configuration.",2023-07-01,,matteroffact,Supported,,Supported,
2305.11961v1_14_F,The 4D Camera is limited to small fields of view of less than 1 micron due to data handling constraints and slow acquisition speeds,2023-05-01,,matteroffact,Refuted,,Refuted,
2303.11122v1_5_T,"The calculated Mg migration barriers of 0.497 eV for MgCr2O4 and 0.672 eV for MgMn2O4 agree with experimental values of 0.62±0.10 eV and 0.690±0.090 eV, respectively.",2023-03-01,,matteroffact,Supported,,Supported,
2208.03296v2_16_T,The DDD-GNN framework has the potential to incorporate more complex dislocation motion behaviors that are difficult to model with traditional analytical approaches.,2022-08-01,,matteroffact,Supported,,Supported,
2206.01072v1_14_T,"Fe chains in hcp stacking positions on Rh(111) surface have similar magnetic ground state structures as those in fcc stacking positions, with double pair-wise antiferromagnetic ordering dominating in both cases.",2022-06-01,,matteroffact,Supported,,Supported,
2203.10204v2_15_F,"The ResNet-50 v2 model reduces the dimensionality of microstructural patterns from 256×256 pixels to a 512-dimensional latent vector, representing a 99.8% reduction in dimensionality",2022-03-01,,matteroffact,Refuted,,Refuted,
2301.05024v1_0_T,"Inductive loops in electrochemical impedance spectroscopy can be explained by the failure of time-invariance assumption in the modeling of electrochemical systems, without requiring negative resistances or capacitances in equivalent circuit models.",2023-01-01,,matteroffact,Supported,,Supported,
2202.12952v1_11_F,"The pseudogap phase in cuprate superconductors is characterized by the presence of preformed Cooper pairs with d-wave symmetry, similar to those in the superconducting state but lacking phase coherence.",2022-02-01,,matteroffact,Refuted,,Supported,
2304.07326v2_11_F,"Pure LuH2 undergoes a structural phase transition at 250 kbar from the cubic Fm3̄m space group to a phase with R3̄m space group, accompanied by a color change to bright red.",2023-04-01,,matteroffact,Refuted,,Supported,
2209.12462v1_15_T,The disordered local moment approach combined with longitudinal spin fluctuations provides an effective framework for modeling paramagnetic states in iron-group high entropy alloys at finite temperatures.,2022-09-01,,matteroffact,Supported,,Supported,
2206.01072v1_15_T,"The ab initio energy minimization scheme combining conjugate gradient and Newton-Raphson methods converges more effectively for complex magnetic structures than simple iterative approaches that simultaneously update magnetization direction, effective potential, and exchange-correlation field.",2022-06-01,,matteroffact,Supported,,Supported,
2204.07318v3_11_F,"The equation of state for aluminum determined by the Direct Integral Approach shows poor agreement with experimental measurements, with deviations exceeding 10% from all experimental datasets.",2022-04-01,,matteroffact,Refuted,,Refuted,
2305.11961v1_10_F,The 4D Camera uses an energy-threshold algorithm where any pixel exceeding a certain energy threshold is counted as an electron strike,2023-05-01,,matteroffact,Refuted,,Supported,
2203.16766v2_12_F,Nonlinear effects in silicon appear equally in both reflected and transmitted light at high intensities,2022-03-01,,matteroffact,Refuted,,Supported,
2206.01072v1_1_F,The magnetic ground state of Fe chains on Rh(111) surface exhibits a uniform ferromagnetic alignment regardless of the number of atoms in the chain.,2022-06-01,,matteroffact,Refuted,,Refuted,
2309.17090v2_7_T,"During high shear strain of iron at 300K, the system temperature spikes to approximately 560K at γ = 0.3, coinciding with the onset of yielding and atomic reordering.",2023-09-01,,matteroffact,Supported,,Supported,
2209.05554v2_5_F,The ALIGNN-FF model predicts formation energies of materials in the JARVIS-DFT database with a mean absolute error of 0.02 eV/atom,2022-09-01,,matteroffact,Refuted,,Supported,
2303.12924v1_16_F,"In the GPR model for Co-based superalloys, varying the gradient energy density coefficient from 0.607 to 1.834 n·J/m causes significant changes in the equilibrium γ'(L12) precipitate morphology, with higher values producing more spherical precipitates.",2023-03-01,,matteroffact,Refuted,,Supported,
2302.03362v2_0_T,The gradient-boosted tree model using automatically generated features is the best-performing approach for classifying equivalent circuit models from electrochemical impedance spectra.,2023-02-01,,matteroffact,Supported,,Supported,
2203.08413v3_11_T,"Complete characterization of Majorana zero modes in superconductor-magnetic insulator nanowire hybrid systems requires measuring the entire conductance matrix, as neither local nor non-local conductance alone contains the full information about the channel density of states.",2022-03-01,,matteroffact,Supported,,Supported,
2305.10582v2_13_F,The HCP structure of Cu₆Sn₅ (η-Cu₆Sn₅) is primarily relevant for low-temperature electronic applications operating below 273 K where thermal expansion mismatch is minimal,2023-05-01,,matteroffact,Refuted,,Supported,
2307.06904v3_4_T,LaVO3/KTaO3 heterostructures with ferromagnetic ordering exhibit half-metallic behavior when they contain four or more layers of LaVO3.,2023-07-01,,matteroffact,Supported,,Supported,
2302.03362v2_2_T,"A convolutional neural network using boolean images of Nyquist representations provides an alternative approach for classifying equivalent circuit models, though it achieves lower accuracy than tree-based methods.",2023-02-01,,matteroffact,Supported,,Supported,
2202.01918v2_3_F,"The band gap of amorphous GST-225 is approximately 0.2 eV, while crystalline rock-salt GST-225 has a band gap of approximately 0.68 eV, and hexagonal GST-225 has a band gap of approximately 1.0 eV.",2022-02-01,,matteroffact,Refuted,,Supported,
2303.07504v1_7_T,"In Mg-Al-Ca alloys, solid solutions with approximately 4 to 5 atomic percent Al near their melting temperature provide the optimal chemical potential window for the formation of R3 planar defects.",2023-03-01,,matteroffact,Supported,,Supported,
2304.06457v1_2_F,Cu substitution in SmCo₅ thin films strengthens the coupling between the Sm 4f and Co 3d magnetic moments,2023-04-01,,matteroffact,Refuted,,Supported,
2208.03296v2_1_F,The DDD-GNN model predicts stress values with a mean absolute error (MAE) of 0.5 MPa and root mean square error (RMSE) of 0.8 MPa in the drag-controlled regime.,2022-08-01,,matteroffact,Refuted,,Supported,
2202.01652v1_7_F,"The formation of rotational domains in SrRuO₃ films is solely determined by film thickness, with no influence from the substrate miscut angle or terrace orientation, as thicker films always develop a single-domain structure regardless of substrate properties.",2022-02-01,,matteroffact,Refuted,,Refuted,
2305.01101v2_3_F,Material recommendation frameworks can only identify candidates with the same crystal structure as the query material.,2023-05-01,,matteroffact,Refuted,,Refuted,
2203.08413v3_10_T,"In superconductor-magnetic insulator nanowire hybrid systems with a smoothly varying potential, longer nanowires are more susceptible to forming quasi-Majorana zero modes than shorter nanowires.",2022-03-01,,matteroffact,Supported,,Supported,
2304.01314v2_6_T,The small-cell trained machine-learned interatomic potential predicts the volume of the α phase of zirconium at a given temperature with an accuracy within 1% compared to the large-cell trained potential.,2023-04-01,,matteroffact,Supported,,Supported,
2303.09576v1_9_T,The formation energy of hcp-like planar defects in the C36 Laves phase at a chemical potential of ΔμAl = -0.026 eV is 3.9 meV/Å² (equivalent to 63 mJ/m²),2023-03-01,,matteroffact,Supported,,Supported,
2209.15522v1_12_F,"The high strain fields observed at twin boundaries in TWIP steel are also present in TWIP Ti and stainless steels, but these materials still develop thicker twins due to their higher stacking fault energies.",2022-09-01,,matteroffact,Refuted,,Refuted,
2301.05024v1_0_F,Inductive loops in electrochemical impedance spectroscopy can only be explained by the presence of actual inductive elements or negative resistances in equivalent circuit models.,2023-01-01,,matteroffact,Refuted,,Refuted,
2209.02018v1_7_T,The minimum in Urbach energy for annealed TiO2:Ta2O5 amorphous coatings at a Ti/(Ti+Ta) cation ratio of approximately 21% corresponds to the composition that exhibits the lowest optical absorption at 1064 nm,2022-09-01,,matteroffact,Supported,,Supported,
2301.00535v1_1_T,The optimal Hubbard U values required with r²SCAN are generally lower than those required with SCAN for transition metal oxides.,2023-01-01,,matteroffact,Supported,,Supported,
2308.05532v1_15_F,"The measured effective thermal conductivity values for AlSi7Mg matrix syntactic foams with different reinforcing particles range from 40 to 70 W/mK, which closely matches values predicted by standard estimation methods.",2023-08-01,,matteroffact,Refuted,,Supported,
2210.14343v3_0_F,Dislocation network nodes with non-coplanar glide plane normals (sticky nodes) can only move through non-conservative climb motion that requires diffusional mass transport.,2022-10-01,,matteroffact,Refuted,,Supported,
2204.07318v3_1_F,The transition pressure for aluminum's HCP to BCC phase change increases by 17 GPa (from 361 GPa to 378 GPa) when thermal effects at room temperature (300K) are included compared to zero Kelvin calculations.,2022-04-01,,matteroffact,Refuted,,Supported,
2206.15070v1_10_F,"Modified Z-phase precipitates in 12Cr1MoV steel exhibit exclusively either cubic or tetragonal crystal structures, but never both simultaneously in the same particle.",2022-06-01,,matteroffact,Refuted,,Refuted,
2303.09576v1_14_T,Both experimental samples S1 and S2 have a nominal composition close to Mg-5Al-3Ca (wt.%) with only slight differences between them,2023-03-01,,matteroffact,Supported,,Supported,
2304.03740v1_7_F,"The contact distribution function of quench-modified Al-Si eutectic is identical to that of random fractals, with both showing the same probability distribution for minimum distances from random positions to the nearest Si fiber.",2023-04-01,,matteroffact,Refuted,,Refuted,
2304.07224v2_4_F,"The existence of hyperplasmons in high-temperature cuprate superconductors is primarily caused by strong electron-electron correlations, independent of the Fermi surface shape or carrier velocity distribution.",2023-04-01,,matteroffact,Refuted,,Refuted,
2207.11317v1_8_T,"The physically-based model for strain aging in ultra-low carbon steel accurately predicts both yield strength and work hardening behavior for samples tested at 0° and 45° to the rolling direction, but only predicts the initial yield strength for samples tested at 90° to the rolling direction.",2022-07-01,,matteroffact,Supported,,Supported,
2202.00542v3_6_T,The concerted mechanism for water addition to CO on Pt catalysts has an activation barrier approximately 1 kcal/mol lower than the sequential mechanism involving complete water dissociation followed by hydroxide addition,2022-02-01,,matteroffact,Supported,,Supported,
2205.05615v1_4_T,The optical band gap of copper oxide films increases from 2.02 eV at room temperature to 2.35 eV at 300°C substrate temperature,2022-05-01,,matteroffact,Supported,,Supported,
2207.11317v1_5_T,"Ultra-low carbon steel samples rolled, aged, and tested at 90° to the rolling direction exhibit early necking with the ultimate tensile strength occurring just after yielding, unlike samples tested at 0° and 45° to the rolling direction.",2022-07-01,,matteroffact,Supported,,Supported,
2309.04053v2_3_T,"Uncoated carbon-carbon composites begin to oxidize at approximately 370°C in air, with dramatic oxidation occurring beyond 500°C.",2023-09-01,,matteroffact,Supported,,Supported,
2203.09600v1_2_T,"The non-parabolicity of the conduction band in ITO increases the effective mass of electrons during intraband transitions, leading to a decrease in plasma frequency.",2022-03-01,,matteroffact,Supported,,Refuted,
2309.04053v2_0_F,Hypersonic vehicles experience heat fluxes that are 1-2 orders of magnitude greater than the 1.4 kW/m² heat flux from the sun.,2023-09-01,,matteroffact,Refuted,,Supported,
2301.05024v1_4_T,Decreasing resistance over time in electrochemical systems tends to produce inductive loops in impedance spectra.,2023-01-01,,matteroffact,Supported,,Supported,
2307.04750v1_14_F,"The Maslov phase contribution to quantum oscillations varies between 0 and 2π for different orbits in CsTi₃Bi₅, with high-frequency orbits having larger Maslov phases than low-frequency orbits.",2023-07-01,,matteroffact,Refuted,,Supported,
2204.05721v1_8_F,The percentage of stress relaxed in commercially pure titanium gradually decreases when temperature rises from room temperature to 75°C,2022-04-01,,matteroffact,Refuted,,Refuted,
2304.13336v2_2_F,The segregation transition in the Fe-Zn system originates primarily from elastic strain energy differences between zinc and iron atoms at grain boundaries.,2023-04-01,,matteroffact,Refuted,,Refuted,
2205.01504v1_6_T,"Reducing the kinematic hardening coefficient from 1.2 to 0.8 (a 33% reduction) results in a proportional scaling of the Hall-Petch coefficient by approximately 33%, with values decreasing from 50-108 MPa√μm to 32-66 MPa√μm.",2022-05-01,,matteroffact,Supported,,Refuted,
2306.00139v1_15_F,The electronic paddle-wheel mechanism is fundamentally incompatible with molecular paddle-wheel concepts and cannot be used to create a unified understanding of superionic conductors.,2023-06-01,,matteroffact,Refuted,,Refuted,
2306.02233v1_4_T,"The rocksaline MgWN2 structure is semiconducting due to the trigonal prismatic coordination environment of W4+, while the rocksalt MgWN2 structure is predicted to be metallic due to the octahedral coordination environment of W4+",2023-06-01,,matteroffact,Supported,,Supported,
2306.12034v1_9_F,"NiBi₃ nanorods grown at ambient temperature are single crystalline, while nanowires grown at elevated substrate temperature (250°C) are polycrystalline.",2023-06-01,,matteroffact,Refuted,,Supported,
2303.09576v1_7_T,"Planar defects in the C36 Laves phase only form after deformation, requiring the application of external strain to overcome the positive formation energy barrier",2023-03-01,,matteroffact,Supported,,Refuted,
2208.10980v2_15_F,The lightsail must remain attached to the payload throughout the entire mission to provide course corrections and attitude control during the journey and at the target destination.,2022-08-01,,matteroffact,Refuted,,Refuted,
2303.07504v1_10_T,The orientation relationship between C15-like planar defects and the Mg matrix is Al2Ca(111) // Mg(0002) and Al2Ca[11-20] // Mg[1-100].,2023-03-01,,matteroffact,Supported,,Supported,
2303.09576v1_16_F,The Mg-rich precipitates in sample S1 have an fcc crystal structure with an orientation relationship to the surrounding C36 phase where [110]C36 is parallel to [111]fcc and [0001]C36 is parallel to [110]fcc,2023-03-01,,matteroffact,Refuted,,Supported,
2212.13877v1_5_F,"The electron-phonon interaction contribution to the total energy in Boron Nitride polymorphs is primarily influenced by crystal structure, with bonding type (sp² versus sp³) having a secondary influence.",2022-12-01,,matteroffact,Refuted,,Supported,
2302.03362v2_8_T,The machine learning approaches for classifying equivalent circuit models from electrochemical impedance spectra serve as benchmarks for further research in this field.,2023-02-01,,matteroffact,Supported,,Supported,
2303.00846v1_15_T,"The superconducting transition temperature of the FeSe crystals studied is 9.6 ± 0.2 K, with a structural transition from tetragonal to orthorhombic symmetry occurring at approximately 90 K.",2023-03-01,,matteroffact,Supported,,Supported,
2303.00846v1_14_F,"The vortex structure in FeSe exhibits identical structural properties at both low and high magnetic fields, with electronic nematicity being the dominant effect across all field ranges.",2023-03-01,,matteroffact,Refuted,,Refuted,
2303.09576v1_16_T,The Mg-rich precipitates in sample S1 have an hcp crystal structure with an orientation relationship to the surrounding C36 phase where [11̄20]C36 is parallel to [01̄10]hcp and [0001]C36 is parallel to [0001]hcp,2023-03-01,,matteroffact,Supported,,Supported,
2303.10621v4_16_F,The frequency matrix in mode-coupling theory must be computed using perturbation theory from the harmonic force constants and cannot be directly obtained from molecular dynamics simulations.,2023-03-01,,matteroffact,Refuted,,Refuted,
2301.00535v1_1_F,The optimal Hubbard U values required with r²SCAN are generally higher than those required with SCAN for transition metal oxides.,2023-01-01,,matteroffact,Refuted,,Supported,
2211.14626v2_8_F,The superconducting diode effect in Nb/Ru/Sr₂RuO₄ junctions is unrelated to time-reversal symmetry breaking in Sr₂RuO₄ and is solely caused by structural asymmetries at the interface.,2022-11-01,,matteroffact,Refuted,,Refuted,
2208.03296v2_4_T,"The GNN model was trained on 10,000 dislocation configurations generated from 100 DDD simulations, with each simulation running for 10,000 time-steps and configurations recorded every 100 steps.",2022-08-01,,matteroffact,Supported,,Supported,
2212.09357v1_6_F,The nonlinear acoustic parameter β' in annealed aluminum samples has a mean value of 2.5×10^-5 m V^-1 with a dispersion of 0.5×10^-5 m V^-1,2022-12-01,,matteroffact,Refuted,,Supported,
2205.01504v1_2_T,"Geometrically Necessary Dislocations (GNDs) predominantly accumulate at grain boundaries and triple junctions during plastic deformation, with their density being significantly higher at these interfaces compared to grain interiors.",2022-05-01,,matteroffact,Supported,,Supported,
2305.11842v2_1_F,The ALIGNN model has a higher mean absolute error than classical force-field inspired descriptors (CFID) and the original CGCNN model when predicting material properties.,2023-05-01,,matteroffact,Refuted,,Refuted,
2306.15502v1_10_T,"The non-binomial switching behavior of MRAM bits is caused by variations in magnetic and structural properties such as saturation magnetization, magnetization angle, and pillar diameter",2023-06-01,,matteroffact,Supported,,Supported,
2207.07439v2_12_F,"In aluminum single crystals, avalanche shapes maintain consistent right-asymmetry across all strain rates, indicating that the same physical mechanism of collective dislocation motion dominates regardless of loading rate",2022-07-01,,matteroffact,Refuted,,Supported,
2206.14013v1_5_T,The extinction coefficient (k) of AlOx-Cu nanocomposites with copper content (τ) greater than 0.38 falls below zero in the energy range from approximately 2.0 eV to 3.2 eV.,2022-06-01,,matteroffact,Supported,,Refuted,
2206.14013v1_3_T,Short-period AlOx-Cu multi-layered nanocomposites exhibit semiconductor-like optical properties despite being composed of a metal and a dielectric material.,2022-06-01,,matteroffact,Supported,,Supported,
2303.01108v1_5_F,"La₀.₅Sr₀.₅Co₁₋ₓNbₓO₃ maintains metallic conductivity across all Nb concentrations from x=0.025 to x=0.25, with resistivity decreasing as Nb concentration increases.",2023-03-01,,matteroffact,Refuted,,Supported,
2212.06128v1_14_F,The room temperature resistivity of Fe₁₋ₓCuₓSe continuously decreases with increasing pressure up to 20 kbar without any trend reversal.,2022-12-01,,matteroffact,Refuted,,Supported,
2205.01504v1_0_F,"A lower order, Taylor hardening backstress model requires higher order gradient terms to effectively represent the directional hardening contribution of Geometrically Necessary Dislocations (GNDs) during cyclic loading in metallic systems.",2022-05-01,,matteroffact,Refuted,,Supported,
2207.11317v1_10_T,"The equivalent tensile strain resulting from 9% thickness reduction by rolling in ultra-low carbon steel is approximately 0.14 for samples tested at 0° and 90° to the rolling direction, and 0.16 for samples tested at 45° to the rolling direction.",2022-07-01,,matteroffact,Supported,,Supported,
2301.05024v1_12_F,"For accurate impedance measurements at low frequencies, the measurement time must be at least ten full periods of the input sinusoid.",2023-01-01,,matteroffact,Refuted,,Supported,
2303.11122v1_3_T,MgFe2O4 and MgRh2O4 are the most thermodynamically stable oxide spinels with energy above hull values of 0.000 eV/atom.,2023-03-01,,matteroffact,Supported,,Refuted,
2203.14615v3_8_T,"Aging Ti-7Al-0.25O alloy to produce Ti₃Al precipitates increases its yield strength to approximately 700 MPa, which is significantly higher than the yield strength of about 550 MPa for the aged Ti-7Al-0.05O alloy.",2022-03-01,,matteroffact,Supported,,Supported,
2305.11842v2_3_T,"The ALIGNN model predicts superconducting critical temperature (Tc) with a mean absolute error of 1.84 K using direct prediction, and 1.39 K when using the Eliashberg function, representing a 24% improvement.",2023-05-01,,matteroffact,Supported,,Supported,
2203.16766v2_9_T,Multiphoton absorption occurs in silicon when irradiated with intense light pulses (10^13 W/cm²) at a frequency below the direct bandgap,2022-03-01,,matteroffact,Supported,,Supported,
2302.04385v2_9_T,"The unexpected extra phonon peaks in Raman spectra of Pr₂CuO₄ originate from oxygen vacancies, with some vacancies ordered into a superlattice and others remaining disordered.",2023-02-01,,matteroffact,Supported,,Supported,
2304.13257v3_12_F,The improved performance of tantalum-capped niobium qubits is primarily attributed to the reduced thickness of the oxide layer rather than any difference in stoichiometry or paramagnetic moment formation between tantalum and niobium oxides.,2023-04-01,,matteroffact,Refuted,,Supported,
2212.04571v1_16_T,"Defect-bound quantum dots in van der Waals heterostructures can be used to probe unconventional superconductors, including those with potential triplet order parameters and twisted graphene systems.",2022-12-01,,matteroffact,Supported,,Supported,
2303.07719v1_3_F,"Ag ions in α-AgI migrate independently via random walks, and the characteristic ring structures observed during molecular dynamics simulations can be reproduced by random placement of Ag ions on migration paths.",2023-03-01,,matteroffact,Refuted,,Supported,
2303.11122v1_4_T,"Oxide spinel cathodes exhibit volume changes of less than 3.7% upon Mg removal, which is lower than the ~5% volume change in commercial LiCoO2 cathodes after delithiation.",2023-03-01,,matteroffact,Supported,,Supported,
2304.05231v1_7_T,"The modular design of the gas gun system with dovetail mounting enables quick reconfiguration for different impact test configurations and easy projectile loading, enhancing its versatility for laboratory-scale impact testing.",2023-04-01,,matteroffact,Supported,,Supported,
2210.06735v1_15_F,"The activation energies for sodium-ion migration in 1T phase Al-MoS₂@rGO interface are approximately 80.5 kJ/mol and 65.7 kJ/mol for migration distances of 0-2 Å and 2-4 Å, respectively, which are higher than the corresponding values of 68.3 kJ/mol and 50.2 kJ/mol for undoped MoS₂@rGO.",2022-10-01,,matteroffact,Refuted,,Supported,
2205.05514v2_2_T,Subgrains at constituent particles in the recovered Al-Mn alloy have a growth advantage due to lower dislocation density and higher boundary misorientation angle compared to subgrains elsewhere in the microstructure,2022-05-01,,matteroffact,Supported,,Supported,
2309.01755v1_5_T,"Pb₁₀(PO₄)₆O₄ exhibits a ferromagnetic ground state with a total magnetic moment of 2.0 μB, primarily originating from oxygen atoms at 4e Wyckoff positions.",2023-09-01,,matteroffact,Supported,,Refuted,
2303.11179v1_4_F,The nodal rings in NaAlSi consist of two concentric type-II nodal rings without any embedded nodal points.,2023-03-01,,matteroffact,Refuted,,Supported,
2206.01063v2_11_F,"The sheet current density in the mean-field resonating valence bond model is proportional to the phase gradient components, given by j(q) = (tde/ℏa)(q_xa, q_ya)",2022-06-01,,matteroffact,Refuted,,Supported,
2208.03296v2_13_T,"The calculation of short-range dislocation interactions is the most computationally expensive operation in traditional DDD simulations, accounting for more than 90% of the total computation time.",2022-08-01,,matteroffact,Supported,,Supported,
2309.04053v2_1_T,Hypersonic vehicles can experience extreme thermal gradients changing from -170°C to 3000°C across distances of approximately 1 cm.,2023-09-01,,matteroffact,Supported,,Supported,
2301.06756v1_13_F,The exciton binding energy in solid helium calculated with many-body perturbation GW theory is approximately 0.2 electronvolts.,2023-01-01,,matteroffact,Refuted,,Supported,
2305.01101v2_0_F,Natural language embeddings derived from language models can only represent compositional features but not structural features of materials for material discovery tasks.,2023-05-01,,matteroffact,Refuted,,Refuted,
2307.00878v1_13_T,"The optimal synthesis temperature for Li₇P₃S₁₁ is approximately 500K, where its energy above hull reaches a minimum of 1.4 meV/atom, coinciding with its experimentally observed glass transition temperature.",2023-07-01,,matteroffact,Supported,,Supported,
2211.10404v1_16_T,The intermediate-spin half-metallic state in SrCoO₃ has an energy minimum of -350 meV/f.u. at an in-plane lattice parameter of 3.880 Å,2022-11-01,,matteroffact,Supported,,Refuted,
2303.12924v1_15_F,"In the GPR model for Co-based superalloys, varying the lattice misfit strain from 0.265% to 0.757% causes significant changes in the equilibrium γ'(L12) precipitate size, with higher misfit values producing larger precipitates.",2023-03-01,,matteroffact,Refuted,,Supported,
2303.02441v2_7_F,The ρ-CP framework can only simulate idealized cubic grain structures and cannot handle experimentally measured microstructures.,2023-03-01,,matteroffact,Refuted,,Refuted,
2202.00542v3_10_F,"Carbon monoxide adsorbed on platinum surfaces maintains the same polarization as gas phase CO, with the carbon atom remaining unreactive toward nucleophilic species",2022-02-01,,matteroffact,Refuted,,Refuted,
2209.06065v1_11_T,"For singular interaction potentials in a one-dimensional crystal, the energy dissipation at low velocities follows a power-law dependence on 1/velocity, leading to power-law-like decay of energy with time.",2022-09-01,,matteroffact,Supported,,Supported,
2209.06065v1_17_T,"The dynamics of a mobile particle in a one-dimensional crystal model are relevant to experimental systems such as molecular motion in carbon nanotubes, ionic conduction through anisotropic crystals, and motion of atoms or fullerenes in nanowires.",2022-09-01,,matteroffact,Supported,,Supported,
2212.04571v1_3_T,"The coexistence of the Kondo effect and superconductivity in NbSe₂-based tunnel junctions is enabled by the two-gap nature of NbSe₂, where the Se-derived band turns normal at low magnetic fields while the Nb-derived band remains superconducting.",2022-12-01,,matteroffact,Supported,,Supported,
2212.09357v1_7_F,"The dislocation density in aluminum samples after bending, as measured by X-Ray Diffraction, ranges from 3.0×10^8 to 5.0×10^8 mm^-2 regardless of measurement location",2022-12-01,,matteroffact,Refuted,,Refuted,
2303.02540v1_11_F,"The thermal conductivity of rare-earth disilicates increases with increasing temperature, showing a positive temperature coefficient across the entire measured temperature range.",2023-03-01,,matteroffact,Refuted,,Supported,
2303.10621v4_2_F,The mode-coupling theory of lattice dynamics contradicts the theoretical foundations of perturbation theory and Self-Consistent Harmonic Approximation (SCHA) approaches to anharmonicity.,2023-03-01,,matteroffact,Refuted,,Refuted,
2212.05704v1_4_F,"X-ray diffraction patterns of La₀.₇Sr₀.₃MnO₃/Sr₃Al₂O₆ films grown on pristine and recycled SrTiO₃ substrates show the (008) Sr₃Al₂O₆ peak on the right side and the (002) La₀.₇Sr₀.₃MnO₃ peak on the left side of the (002) SrTiO₃ peak, with several impurity phases detected in the 20-80° range.",2022-12-01,,matteroffact,Refuted,,Supported,
2306.13006v2_5_F,"The Meyer-Neldel rule reduces voltage deficit in solar cells by compensating for thermal activation barriers, explaining the strong correlation between voltage deficit and optical gap observed across different materials.",2023-06-01,,matteroffact,Refuted,,Refuted,
2202.01918v2_14_F,"Doping GST-225 with selenium degrades optical properties by increasing loss in the near-IR to mid-IR range and reducing refractive index contrast, while also decreasing crystallization temperature and accelerating the crystallization process.",2022-02-01,,matteroffact,Refuted,,Supported,
2302.12868v1_6_F,"In a porous medium of sintered glass beads saturated with water, the slow longitudinal wave has a wave speed faster than that of water (1483 m/s) and exhibits approximately the same attenuation as the fast longitudinal and shear waves.",2023-02-01,,matteroffact,Refuted,,Refuted,
2212.06503v1_6_F,"Schottky barriers at the ferroelectric-electrode interfaces have minimal impact on photocurrent collection in BaTiO3 thin films, with the observed photocurrent variations being primarily determined by the strength of the bulk photovoltaic effect generation.",2022-12-01,,matteroffact,Refuted,,Refuted,
2209.06065v1_8_F,A mobile particle moving through a one-dimensional crystal under constant bias can only exhibit a single behavior: it will always accelerate indefinitely regardless of its initial speed or the nature of its interaction with the chain.,2022-09-01,,matteroffact,Refuted,,Refuted,
2203.00640v1_13_F,The Heisenberg model provides a complete and accurate description of magnetic interactions in itinerant magnetic materials like FeNi across all temperature ranges and magnetic configurations.,2022-03-01,,matteroffact,Refuted,,Refuted,
2302.01465v1_5_T,The molecular dynamics simulations and data analysis were performed at a national laboratory facility.,2023-02-01,,matteroffact,Supported,,Supported,
2304.02586v1_3_T,"The temperature dependence of optical dichroism in Sr₂RuO₄ resembles an Ising-like order parameter, suggesting a phase transition from a tetragonal to nematic state.",2023-04-01,,matteroffact,Supported,,Supported,
2307.13990v1_12_T,"Finite-energy pairing in superconductor-normal metal heterostructures requires four key ingredients: s-wave superconductivity, surface states in the normal metal, Rashba spin-orbit coupling, and significant band hybridization.",2023-07-01,,matteroffact,Supported,,Supported,
2303.01108v1_5_T,"La₀.₅Sr₀.₅Co₁₋ₓNbₓO₃ exhibits a resistivity minimum and metal-insulator transition for x=0.025 and 0.05 samples, while samples with x>0.05 show semiconducting behavior with increasing resistivity as Nb concentration increases.",2023-03-01,,matteroffact,Supported,,Supported,
2308.05437v1_14_F,"Conventional thermal conductivity measurement methods such as steady state, 3ω, photo acoustic, thermal microscopy, and thermo-reflectance methods are non-invasive and preserve the original sample structure without requiring extensive preparation.",2023-08-01,,matteroffact,Refuted,,Refuted,
2304.06457v1_7_T,"The remanent magnetization of SmCo₅-xCux thin films decreases with increasing Cu content, from 0.6 T for the lowest Cu concentration to lower values for higher Cu concentrations",2023-04-01,,matteroffact,Supported,,Supported,
2309.07046v1_13_T,"In the crystal structure of ATB₄ compounds, the intradimer distance between transition metal atoms is approximately 2.3-2.6 Å, while the second nearest distance between interlayer dimers is about 40% longer, and the third nearest distance between dimers in the plane exceeds 6 Å.",2023-09-01,,matteroffact,Supported,,Supported,
2204.05252v1_8_F,"Ferroelectricity in rhombohedral HfO₂ is proper in nature, with polarization serving as the primary order parameter that drives the phase transition.",2022-04-01,,matteroffact,Refuted,,Supported,
2305.11961v1_3_T,A 1024 by 1024 probe position 4D-STEM dataset can be reduced from 700 GB to less than 10 GB in under ten minutes using the 4D Camera processing system,2023-05-01,,matteroffact,Supported,,Supported,
2306.12034v1_2_F,"NiBi₃ nanorods grown at ambient temperature have a typical height of 5-10 μm, while nanowires grown at 250°C substrate temperature reach lengths of 30-50 μm with an average width of 500 nm.",2023-06-01,,matteroffact,Refuted,,Supported,
2205.05157v1_16_T,"For optimal electro-optic coefficient determination results, incident angle values should be selected from smooth and different parts of the reflectivity and derivative curves.",2022-05-01,,matteroffact,Supported,,Supported,
2302.03362v2_1_T,The random forest model using raw spectral data is the second-best performing approach for classifying equivalent circuit models from electrochemical impedance spectra.,2023-02-01,,matteroffact,Supported,,Refuted,
2302.01465v1_1_T,The unsupervised learning methodology for analyzing atomic arrangements has direct applications in energy storage research.,2023-02-01,,matteroffact,Supported,,Supported,
2203.08413v3_4_F,"In superconductor-magnetic insulator nanowire hybrid systems with a smoothly varying potential barrier, quasi-Majorana zero modes can only appear after the bulk gap closing in the topological regime.",2022-03-01,,matteroffact,Refuted,,Supported,
2307.13649v1_15_T,"Undoped copper oxide thin films annealed at 450°C exhibit non-linear current-voltage behavior, while other copper oxide thin films show linear Ohmic behavior",2023-07-01,,matteroffact,Supported,,Supported,
2209.05554v2_2_T,Increasing the force weighting factor from 0.1 to 10.0 in the ALIGNN-FF loss function decreases the force prediction MAE from 0.092 eV/Å to 0.047 eV/Å while increasing the energy prediction MAE from 0.034 eV/atom to 0.086 eV/atom,2022-09-01,,matteroffact,Supported,,Supported,
2207.11317v1_2_T,"The increase in yield strength of strain aged ultra-low carbon steel is dominated by a reduction in mobile dislocation density, reflecting the classic ideas of Hahn.",2022-07-01,,matteroffact,Supported,,Supported,
2306.04157v1_1_F,Cerium doping in PrNiO3 enhances the insulating properties and strengthens the metal-to-insulator transition compared to the undoped compound.,2023-06-01,,matteroffact,Refuted,,Supported,
2211.14626v2_9_F,"After thermal cycling, Nb/Ru/Sr₂RuO₄ junctions exhibit forward diode behavior in 33% of cases, reverse diode behavior in 33% of cases, and standard junction behavior in 34% of cases.",2022-11-01,,matteroffact,Refuted,,Supported,
2307.00878v1_0_T,"All superionic conductors in the Li₂S-P₂S₅ system (α-Li₃PS₄, β-Li₃PS₄, HT-Li₇PS₆, and Li₇P₃S₁₁) are metastable but thermodynamically accessible at ambient temperature.",2023-07-01,,matteroffact,Supported,,Refuted,
2202.07699v1_3_T,"Conductive heat transfer is the dominant mechanism in partially melted metal powder beds, with radiative and convective mechanisms contributing negligibly to the overall heat flux",2022-02-01,,matteroffact,Supported,,Supported,
2308.05532v1_6_T,Standard estimation methods for effective thermal conductivity significantly overestimate the actual measured values in AlSi7Mg matrix syntactic foams due to thermal contact resistances around the reinforcing materials.,2023-08-01,,matteroffact,Supported,,Supported,
2209.12517v2_6_F,"The theoretical phonon spectrum of hexagonal uranium shows a softening of the phonon mode at the M point as the c/a ratio increases, with a crossover to negative (imaginary) phonon energies occurring between c/a ratios of 1.84 and 1.95.",2022-09-01,,matteroffact,Refuted,,Supported,
2303.04621v2_2_T,The minimum squared shear magnitude |av|² for Type 1 and Type 2 twins is 1 for simple cubic lattices and 1/2 for both body-centered cubic (bcc) and face-centered cubic (fcc) lattices.,2023-03-01,,matteroffact,Supported,,Supported,
2307.00878v1_5_F,"First-principles calculations predict the γ-β transition in Li₃PS₄ to occur at 570K and the β-α transition at 740K, matching the experimentally observed transition temperatures.",2023-07-01,,matteroffact,Refuted,,Supported,
2304.02586v1_5_T,Optical pumping of Sr₂RuO₄ induces a coherent oscillation of the nematic order parameter amplitude mode with a frequency of 0.89 THz.,2023-04-01,,matteroffact,Supported,,Supported,
2212.04571v1_14_T,"The large-N expansion theoretical approach successfully models the magnetic field dependence of the Kondo effect in NbSe₂, showing that the zero-bias peak emerges when the magnetic field introduces a finite density of states at low energies.",2022-12-01,,matteroffact,Supported,,Supported,
2301.03473v1_4_F,Both the MoS2/NbSe2 heterostructure and pristine NbSe2 exhibit the same dimensionality of superconductivity,2023-01-01,,matteroffact,Refuted,,Refuted,
2304.07224v2_4_T,"The existence of hyperplasmons in high-temperature cuprate superconductors is caused by the peculiar shape of the Fermi surface and the distribution of carrier velocities, resulting in multiple peaks in the imaginary part of the dielectric function.",2023-04-01,,matteroffact,Supported,,Supported,
2304.07966v2_1_F,Single-crystalline LuH₂₊ₓ films exhibit superconducting behavior at low temperatures,2023-04-01,,matteroffact,Refuted,,Supported,
2301.11626v1_12_T,"In the magnetic junction with antiferromagnetic RKKY coupling, the top Co layer switches at negative fields when coming from negative saturation, resulting in antiparallel alignment with the bottom layers at zero magnetic field.",2023-01-01,,matteroffact,Supported,,Supported,
2305.11961v1_15_T,"The 4D Camera system is directly connected to the National Energy Research Computing Center (NERSC) by 100 Gbit fiber, providing extra computational and storage capabilities for large datasets",2023-05-01,,matteroffact,Supported,,Refuted,
2303.11122v1_12_F,"Ir3+ containing spinel oxides can be easily synthesized as pure end-member compounds like MgIr2O4 or in solid solutions, while Rh3+ oxide compounds are rare because relativistic effects make rhodium more stable in oxidation states ≥ 4+.",2023-03-01,,matteroffact,Refuted,,Supported,
2308.04594v2_4_T,Half cerium substitution (x=0.5) in strontium hexaferrite transforms the material from a semiconductor to a metal due to the formation of half-filled 3d bands at the Fermi level.,2023-08-01,,matteroffact,Supported,,Supported,
2304.04986v3_12_T,"DRXNet can effectively predict cycling performance of new disordered rocksalt cathode materials after being trained with just the first cycle data, potentially reducing the month-long timeframe typically required for electrochemical testing.",2023-04-01,,matteroffact,Supported,,Supported,
2303.11122v1_6_T,"Rhodium can be successfully incorporated into the Magnesiochromite lattice to form MgCr2-xRhxO4 solid solutions, while iridium incorporation attempts result in the formation of IrO2 or Ir as second phases.",2023-03-01,,matteroffact,Supported,,Supported,
2206.11435v1_8_T,"The high ionic conductivity in cubic LLZO is primarily due to concerted multi-ion migration through pathways composed of face-connected tetrahedral and octahedral sites, rather than single-ion diffusion.",2022-06-01,,matteroffact,Supported,,Supported,
2304.05231v1_0_T,The low-velocity projectile impact framework can achieve projectile velocities of approximately 100 m/s using only compressed air as the propellant gas.,2023-04-01,,matteroffact,Supported,,Supported,
2211.10404v1_16_F,The intermediate-spin half-metallic state in SrCoO₃ has an energy minimum of -150 meV/f.u. at an in-plane lattice parameter of 3.880 Å,2022-11-01,,matteroffact,Refuted,,Supported,
2203.14301v1_15_F,"In the 2D electron gas model with C₃ᵥ symmetry, the dimensionless parameter γ is defined as (μ_BgB_∥)/(mλ), and when γ>1, the system can exhibit nearly half-quantized anomalous Hall conductance",2022-03-01,,matteroffact,Refuted,,Supported,
2209.06065v1_15_F,"In a one-dimensional crystal model, the energy dissipation of a mobile particle is inversely proportional to the interaction potential amplitude, with stronger interactions resulting in slower dissipation rates.",2022-09-01,,matteroffact,Refuted,,Supported,
2203.03167v2_13_T,Discrete interface methods allow grain boundary properties such as energies and mobilities to be explicitly defined in a way that is more straightforward than with diffuse interface methods.,2022-03-01,,matteroffact,Supported,,Supported,
2303.12924v1_0_F,"In ternary Co-based superalloys, increasing the initial Co concentration leads to an increase in the equilibrium γ'(L12) precipitate size.",2023-03-01,,matteroffact,Refuted,,Supported,
2207.11317v1_5_F,"Ultra-low carbon steel samples rolled, aged, and tested at 90° to the rolling direction exhibit extended uniform deformation similar to samples tested at 0° to the rolling direction.",2022-07-01,,matteroffact,Refuted,,Supported,
2304.10279v2_2_T,"For isotropic linear-elastic polycrystals with cubic crystal lattices, only two input INS distributions evaluated at two specific loading conditions are sufficient to accurately extend the INS distributions to arbitrary loading conditions.",2023-04-01,,matteroffact,Supported,,Refuted,
2308.01135v4_15_T,"The phonon band structure of LK-99 shows an absence of dispersive phonons, indicating that the system is constructed from molecular-like blocks rather than having strong lattice-wide vibrational modes.",2023-08-01,,matteroffact,Supported,,Refuted,
2204.05252v1_10_F,"The reduction of polarization in rhombohedral HfO₂ slabs occurs primarily through oxygen vacancy formation at the surfaces, with minimal contribution from strain effects or changes in atomic distortion patterns.",2022-04-01,,matteroffact,Refuted,,Supported,
2203.00640v1_15_T,"Including s and p orbitals in addition to d orbitals is essential for accurate calculation of magnetic exchange couplings in FeNi, even though the main contribution comes from d orbitals.",2022-03-01,,matteroffact,Supported,,Supported,
2308.05532v1_2_F,"In AlSi7Mg matrix syntactic foams with Al2O3 reinforcing particles, the compressive strength decreases linearly with particle size according to the relationship σc = 102.6 MPa - 23.7 MPa/mm · d, where d is the particle size in mm.",2023-08-01,,matteroffact,Refuted,,Supported,
2301.11626v1_7_F,Stepping the voltage between -2V and +2V in the solid-state Li ion device produces peak currents that are comparable to those in slow cyclic voltammetry and decay with a time constant of approximately ten seconds.,2023-01-01,,matteroffact,Refuted,,Supported,
2308.05532v1_11_T,"Metal matrix syntactic foams with ceramic hollow spheres exhibit complex thermal behavior involving multiple heat transfer mechanisms including conduction, convection, and radiation due to their heterogeneous structure with air-filled cavities.",2023-08-01,,matteroffact,Supported,,Supported,
2209.05554v2_3_T,"The ALIGNN-FF model predicts lattice constants of materials in the JARVIS-DFT database with mean absolute errors of 0.11 Å, 0.11 Å, and 0.13 Å for the a, b, and c lattice parameters, respectively",2022-09-01,,matteroffact,Supported,,Supported,
2309.14678v2_7_F,"The activation energies for interstitial migration in Li, Na, and K β-aluminas are 0.08 eV, 0.09 eV, and 0.17 eV respectively, increasing with increasing ionic radius.",2023-09-01,,matteroffact,Refuted,,Supported,
2208.10911v1_8_T,"Sodium storage in MoSeTe anode occurs through a combination of intercalation and conversion reactions, with the formation of Na₄SeTe and metallic Mo during deep discharge.",2022-08-01,,matteroffact,Supported,,Supported,
2211.14626v2_10_T,"Nb/Ru/Sr₂RuO₄ junctions show zero resistance at 1.7 K, which is above the bulk superconducting transition temperature of 1.4 K for Sr₂RuO₄.",2022-11-01,,matteroffact,Supported,,Supported,
2204.04525v1_13_T,"Layered oxide electrodes undergo a stacking-sequence-change transformation during intercalation where individual layers are topotactically preserved but their relative positions shift, inducing lattice-invariant shear that leads to microcracking.",2022-04-01,,matteroffact,Supported,,Supported,
2307.00878v1_15_F,"The Li₃PS₄ polymorphs are distinguished by different arrangements of P₂S₇ ditetrahedral units: γ-Li₃PS₄ has isolated P₂S₇ groups, β-Li₃PS₄ has interconnected P₂S₇ chains, and α-Li₃PS₄ has a three-dimensional network of P₂S₇ units.",2023-07-01,,matteroffact,Refuted,,Supported,
2205.05754v1_8_T,"The homogeneous loop density in the model scales with the dislocation density to the power of 3/2, following the relationship qᵛH = ηL(ρᵛ)^(3/2)sign(vᵛ)",2022-05-01,,matteroffact,Supported,,Supported,
2211.09853v1_0_T,The quaternary WTaCrV refractory amorphous high-entropy alloy undergoes complete crystallization at a temperature of 430K during thermal annealing.,2022-11-01,,matteroffact,Supported,,Refuted,
2304.05231v1_2_F,"When using a single sabot instead of two sabots in the projectile impact framework, the kinetic energy efficiency drops to approximately 85% of the two-sabot configuration, resulting in an overall efficiency of about 60% compared to theoretical predictions.",2023-04-01,,matteroffact,Refuted,,Refuted,
2203.10204v2_12_T,"The spinodal decomposition simulations were performed on a 512×512 grid with 50,000,000 time steps, while the physical vapor deposition simulations were performed on a 256×256 grid with variable time steps",2022-03-01,,matteroffact,Supported,,Supported,
2204.07318v3_4_T,The thermal contributions to the Gibbs free energy of aluminum at room temperature (300K) exceed 200 meV/atom and increase monotonically to approximately 350 meV/atom at 600 GPa.,2022-04-01,,matteroffact,Supported,,Refuted,
2309.07046v1_8_F,"The energy of the magnetic ground states in α-ATB₄ compounds with T = Cr, Mn, and Fe is approximately 150-200 meV per transition metal atom lower than the non-magnetic state, significantly higher than the magnetic stabilization energy in ferromagnetic nickel (60 meV/Ni).",2023-09-01,,matteroffact,Refuted,,Supported,
2211.13164v1_12_F,"In Na_xCa_{1-x}Cr_2O_4, both the Na-O and Cr-O bond distances increase linearly as Na content decreases from x=1 to x=0.5, with Na-O expanding from 2.49 Å to 2.54 Å and Cr-O from 1.95 Å to 1.99 Å.",2022-11-01,,matteroffact,Refuted,,Supported,
2206.01072v1_0_F,The combination of conjugate gradient and Newton-Raphson methods requires higher-order spin-spin interactions to identify the ground state magnetic order of finite atomic clusters.,2022-06-01,,matteroffact,Refuted,,Refuted,
2307.06904v3_1_T,"Spin-orbit coupling is negligible in LaVO3/KTaO3 heterostructures, with minimal effect on the bands involved in transport at the interface.",2023-07-01,,matteroffact,Supported,,Refuted,
2305.11961v1_4_F,Implementation of the Single Side Band (SSB) algorithm for sparse 4D Camera data allows a 1024 by 1024 probe position 4D-STEM dataset to be processed by a GPU in less than 0.1 second,2023-05-01,,matteroffact,Refuted,,Supported,
2206.01361v1_7_T,"Higher porosity in bioconsolidated space bricks results in a higher stabilized pore-to-crack ratio, indicating more pores along the crack path and greater likelihood of crack deflection.",2022-06-01,,matteroffact,Supported,,Supported,
2306.12034v1_0_F,"NiBi₃ films prepared by co-evaporation of Ni and Bi achieve a superconducting transition temperature of 5.2 K, which is higher than that of single crystal NiBi₃.",2023-06-01,,matteroffact,Refuted,,Supported,
2309.04053v2_11_F,"Refractory metals like tungsten and molybdenum maintain their oxidation resistance up to 2000°C, making them ideal for use in hypersonic vehicles without protective coatings.",2023-09-01,,matteroffact,Refuted,,Supported,
2302.01465v1_5_F,The molecular dynamics simulations and data analysis were performed using privately developed computational infrastructure.,2023-02-01,,matteroffact,Refuted,,Supported,
2303.07504v1_5_T,"In Mg-Al-Ca alloys, the R3 planar defect dominates the defect formation process when the Al chemical potential is between -0.315 eV and -0.16 eV.",2023-03-01,,matteroffact,Supported,,Supported,
2308.16621v1_0_F,Less than 50% of consolidation data reported in metal additive manufacturing literature is above 95% consolidation value,2023-08-01,,matteroffact,Refuted,,Refuted,
2305.11842v2_4_T,"Using a combination of DFT+U and Quantum Monte Carlo techniques, the maximum critical temperature (Tc) of 2D CrI3 is estimated to be 43.56 K.",2023-05-01,,matteroffact,Supported,,Supported,
2304.03740v1_16_F,"Statistical analysis of branching behavior reveals that quench-modified, impurity-modified, and random fractal structures all belong to the same morphological class with minor variations due to different processing conditions.",2023-04-01,,matteroffact,Refuted,,Supported,
2303.00742v2_3_F,Rashba spin-orbit coupling is the dominant mechanism limiting superconductivity in in-plane magnetic fields in Bernal bilayer graphene with spin-orbit coupling.,2023-03-01,,matteroffact,Refuted,,Supported,
2212.03990v2_4_F,"The electrostatic potential profile at graphene-electrolyte interfaces follows the exponential decay predicted by Gouy-Chapman theory, with minimal influence from the type or concentration of electrolyte.",2022-12-01,,matteroffact,Refuted,,Refuted,
2302.12868v1_15_T,"The viscous characteristic frequency in porous media separates the low-frequency viscous regime from the high-frequency inertial regime, with its value dependent on fluid viscosity, porosity, tortuosity, fluid density, and permeability according to the formula f_c = η·φ/(2π·α_∞·ρ_f·k_0).",2023-02-01,,matteroffact,Supported,,Supported,
2204.04525v1_12_F,"Electrochemical insertion of lithium into cubic LiMn2O4 maintains the cubic structure while slightly expanding the unit cell dimensions, resulting in a fully reversible transformation.",2022-04-01,,matteroffact,Refuted,,Supported,
2303.09576v1_3_F,"The chemical potential of calcium determines which type of planar defect is dominant in the C36 Laves phase, with hcp-like planar defects becoming dominant at higher Ca chemical potentials and basal stacking faults dominant at lower Ca chemical potentials",2023-03-01,,matteroffact,Refuted,,Supported,
2305.06798v1_5_T,The natural oscillation frequency of nanoribbons increases with temperature according to ωo ∝ T^(η/4) (where η ≈ 0.8) due to thermal stiffening of the bending rigidity.,2023-05-01,,matteroffact,Supported,,Supported,
2304.01314v2_4_F,"The machine-learned interatomic potential for the Zr-H system predicts lattice parameters for the α, δ, ε, and γ phases with less than 0.1% relative error compared to density functional theory calculations.",2023-04-01,,matteroffact,Refuted,,Supported,
2302.14072v1_11_F,"In Ta-dichalcogenide bilayers, the primary role of the 1H layer is to provide direct screening of local moments in the 1T layer through Kondo-type hybridization between the layers.",2023-02-01,,matteroffact,Refuted,,Supported,
2303.00742v2_2_T,"Both superconducting states in Bernal bilayer graphene with spin-orbit coupling violate the paramagnetic limit in in-plane magnetic fields, but neither reaches the fields expected for pure Ising superconductors.",2023-03-01,,matteroffact,Supported,,Supported,
2309.07046v1_5_T,"The electronic density of states in α-ATB₄ compounds follows a rigid band behavior, where changing the transition metal element effectively shifts the Fermi level while maintaining the overall shape of the electronic spectrum.",2023-09-01,,matteroffact,Supported,,Supported,
2309.05880v3_1_F,The electron-phonon coupling strength in RhGe decreases from 0.78 at the Fermi level to 0.17 at the van Hove singularity energy.,2023-09-01,,matteroffact,Refuted,,Supported,
2203.04149v2_8_T,The physical model for ultrasonic resonance in lithium-ion batteries predicts resonant frequencies with approximately 1% error compared to experimental measurements across different states of charge.,2022-03-01,,matteroffact,Supported,,Supported,
2304.13336v2_2_T,The segregation transition in the Fe-Zn system originates from the low cohesive energy of zinc and a miscibility gap in Fe-Zn grain boundaries arising from magnetic ordering effects.,2023-04-01,,matteroffact,Supported,,Supported,
2301.01139v1_11_F,"The highest critical temperature achieved in any carbon-sulfur-hydrogen (C-S-H) compound is 250 K at 267 GPa, still below room temperature.",2023-01-01,,matteroffact,Refuted,,Supported,
2303.09576v1_4_F,"Decorated and undecorated planar defects in the C36 Laves phase exhibit identical mechanical behaviors, with both types equally promoting dislocation formation and shear slip under loading",2023-03-01,,matteroffact,Refuted,,Refuted,
2306.03096v2_7_T,"Cobalt ions in CoO₂ exist in a low-spin configuration with S = 1/2, rather than a high-spin configuration with S = 5/2.",2023-06-01,,matteroffact,Supported,,Refuted,
2212.06128v1_11_F,The carrier density in Fe₁₋ₓCuₓSe decreases significantly in the high-pressure phase above 10 kbar compared to the low-pressure nematic phase.,2022-12-01,,matteroffact,Refuted,,Supported,
2202.04242v1_13_T,"In the binary Lennard-Jones model, the transition from phase separation to mixed structures occurs at interatomic interaction energies (εXY) between 1.3 and 2.1, with the Cu₉Au₇-type structure becoming stable at εXY=1.3 and the zigzag2 structure becoming stable at εXY=2.1.",2022-02-01,,matteroffact,Supported,,Supported,
2307.00878v1_7_T,"The α-Li₃PS₄ polymorph has a significantly smaller standard deviation of normalized Li site energies (8 meV) compared to β-Li₃PS₄ (41 meV), contributing to its higher configurational entropy.",2023-07-01,,matteroffact,Supported,,Supported,
2308.00800v1_11_F,"In AA2024-T351 aluminum sheets, the orientation with the highest fracture toughness (L-T orientation) exhibits the highest fatigue crack growth rate, while the orientation with the lowest fracture toughness (T-L orientation) exhibits the lowest fatigue crack growth rate.",2023-08-01,,matteroffact,Refuted,,Refuted,
2306.10385v2_7_F,AlF₃ clusters in graphite preferentially stack directly on top of each other between adjacent layers to minimize the total surface area of deformation in the graphite structure.,2023-06-01,,matteroffact,Refuted,,Supported,
2212.03527v1_9_T,"In Al-Mn alloys after recovery, dispersoid density is higher on <111>-oriented boundaries than on <001>-oriented boundaries, and much higher than on <011>-oriented boundaries, indicating preferential precipitation or increased boundary mobility.",2022-12-01,,matteroffact,Supported,,Supported,
2205.05754v1_12_F,Internal stresses in Mg polycrystals are higher at grain boundaries than in grain interiors due to dislocation pile-ups,2022-05-01,,matteroffact,Refuted,,Supported,
2212.12020v2_10_F,"At Au/Ge interfaces, charge depletion occurs between interfacial germanium and gold atoms, preventing the formation of any significant bonding between the two materials.",2022-12-01,,matteroffact,Refuted,,Supported,
2309.13514v2_2_T,"Under high pressure, CsCr₃Sb₅ exhibits superconductivity in the pressure range of 3.65-8.0 GPa, with a maximum superconducting transition temperature of 6.4 K occurring at 4.2 GPa.",2023-09-01,,matteroffact,Supported,,Supported,
2210.03397v3_16_F,T-phase in the AlMgZnCuAg crossover alloy has a fixed stoichiometric composition of Mg₃₂Zn₄₉ that cannot accommodate additional elements,2022-10-01,,matteroffact,Refuted,,Refuted,
2303.00846v1_10_F,"Due to the anisotropic magneto-elastic interaction in FeSe, the vortex structure exhibits anisotropic hyperuniformity, with the structure factor vanishing at different rates in different directions as q approaches zero.",2023-03-01,,matteroffact,Refuted,,Supported,
2304.03740v1_8_F,"The isotropic branching behavior in quench-modified Al-Si eutectic is primarily caused by increased twin defect formation similar to impurity-modification, but occurring at a much finer scale due to faster cooling rates.",2023-04-01,,matteroffact,Refuted,,Supported,
2308.16621v1_10_T,Principal Component Analysis shows that dimensionality reduction techniques can capture stronger correlations between process parameters and output properties than Volumetric Energy Density (VED),2023-08-01,,matteroffact,Supported,,Refuted,
2306.02233v1_16_T,The wurtzite-derived phase of Mg3WN4 has a predicted bandgap of approximately 5 eV,2023-06-01,,matteroffact,Supported,,Supported,
2209.09561v2_9_T,"For AllCompLD carbon foam samples with 85-90% porosity, Fourier's law becomes applicable only after approximately 3 seconds following a 0.01 second heat pulse, while the Guyer-Krumhansl equation provides a better description of the entire thermal response including the initial transient period.",2022-09-01,,matteroffact,Supported,,Supported,
2306.04157v1_7_T,"High-quality LaNiO3 single crystals grown by optical floating zone technique can achieve a residual resistivity ratio (RRR) of 19, exceeding previously reported values for this material.",2023-06-01,,matteroffact,Supported,,Supported,
2309.04053v2_12_F,Carbon-carbon composites are manufactured using a single-step sintering process that achieves full density and strength without requiring multiple processing cycles.,2023-09-01,,matteroffact,Refuted,,Refuted,
2211.14626v2_8_T,The superconducting diode effect in Nb/Ru/Sr₂RuO₄ junctions provides evidence for spontaneously broken time-reversal symmetry in the superconducting phase of Sr₂RuO₄.,2022-11-01,,matteroffact,Supported,,Supported,
2209.05554v2_9_T,"The ALIGNN-FF model can correctly identify the relative stability of different polymorphs for the same chemical composition, including for silicon, SiO2, Ni3Al, and MoS2 systems",2022-09-01,,matteroffact,Supported,,Supported,
2308.05437v1_5_F,The critical δ/r_o ratio that marks the transition from thin film to bulk behavior in thermal conductivity calculations for 10H-SiC is 0.26.,2023-08-01,,matteroffact,Refuted,,Supported,
2308.00800v1_2_F,Increasing the load ratio (R) while maintaining the maximum load constant increases the fatigue crack propagation rate in AA2024-T351 aluminum sheets.,2023-08-01,,matteroffact,Refuted,,Supported,
2209.12462v1_10_F,"Vegard's law accurately predicts misfit volumes in all high entropy alloys regardless of composition, as the volume properties follow a simple linear concentration dependence without significant influence from magnetic or chemical interactions.",2022-09-01,,matteroffact,Refuted,,Refuted,
2304.01934v4_11_F,"DFT+DMFT calculations with a diagonalized Hamiltonian, U=7 eV, and double counting parameter α=0.8 yield an energy gap of 1.2 eV for Li₂MnO₃, which is significantly smaller than the experimental gap of 2.1-2.17 eV.",2023-04-01,,matteroffact,Refuted,,Supported,
2210.03397v3_11_F,"T-phase has a simple crystal structure similar to other hardening precipitates in aluminum alloys, which makes it vulnerable to radiation damage",2022-10-01,,matteroffact,Refuted,,Supported,
2303.11179v1_15_F,"The optimized lattice parameters for NaAlSi are a=b=5.200 Å and c=9.450 Å, which were used in the band structure calculations.",2023-03-01,,matteroffact,Refuted,,Supported,
2309.17090v2_13_F,"When iron is oriented with x = [100] and subjected to shear stress in the [1-10] direction, only a single primary slip system is activated, with the remaining 47 slip systems remaining dormant throughout the shearing process.",2023-09-01,,matteroffact,Refuted,,Refuted,
2302.03362v2_12_T,Automatic identification of equivalent circuit models substantially accelerates the analysis of large sets of electrochemical impedance spectroscopy data.,2023-02-01,,matteroffact,Supported,,Supported,
2210.06735v1_16_T,"The b-values derived from the relationship between peak current and scan rate for the Al-MoS₂@rGO electrode are 0.98 and 0.82 for anodic and cathodic peaks, respectively, indicating predominantly pseudo-capacitive charge storage behavior.",2022-10-01,,matteroffact,Supported,,Supported,
2309.04053v2_6_F,"The refractory multi-principal element alloy MoNbTaVW has a yield strength of 800 MPa and a density of 15.0 g/cm³, while NbMoTiVZr has a yield strength of 1000 MPa and a density of 10.0 g/cm³.",2023-09-01,,matteroffact,Refuted,,Supported,
2306.12034v1_3_T,HRTEM analysis of NiBi₃ nanorods and nanowires reveals interplanar spacing of 3.01 Å for the (210) plane and 2.01 Å for the (020) plane of the orthorhombic NiBi₃ crystal structure.,2023-06-01,,matteroffact,Supported,,Supported,
2303.02540v1_14_F,The reduced thermal conductivity in multi-component rare-earth disilicates is primarily due to increased porosity and microstructural defects rather than configurational disorder in interatomic force constants.,2023-03-01,,matteroffact,Refuted,,Supported,
2303.02540v1_13_F,"Si-O tetrahedra are the primary contributors to thermal expansion in rare-earth disilicate materials, with rare-earth metal-oxygen bonding having minimal influence on expansion behavior.",2023-03-01,,matteroffact,Refuted,,Supported,
2307.06904v3_4_F,LaVO3/KTaO3 heterostructures with ferromagnetic ordering exhibit conventional metallic behavior with both spin channels conducting when they contain four or more layers of LaVO3.,2023-07-01,,matteroffact,Refuted,,Supported,
2210.10242v2_17_F,"The calculated lattice parameters for MgH₂ using the QUANTUM ESPRESSO code are c = 0.325 nm, c/a = 0.72, and u = 0.29, which differ significantly from experimental values.",2022-10-01,,matteroffact,Refuted,,Refuted,
2305.05612v2_6_T,The interaction energy coefficient between defects bounding I₁ stacking faults in {10-12} twins in magnesium is approximately 0.058 eV/Å.,2023-05-01,,matteroffact,Supported,,Supported,
2205.06324v2_19_F,GNN surrogate models for predicting micromechanical response are too computationally intensive to be embedded into larger-scale simulations for component-scale failure predictions.,2022-05-01,,matteroffact,Refuted,,Refuted,
2202.01918v2_16_T,"During the phase transition from crystalline to amorphous GST-225, germanium atoms change from a 6-fold coordination in octahedral sites to a 4-fold coordination in tetrahedral sites, which is confirmed by XANES spectroscopy measurements.",2022-02-01,,matteroffact,Supported,,Supported,
2211.10404v1_4_F,The ferromagnetic insulating state found in highly tensile-strained SrCoO₃ thin films confirms previous theoretical predictions about the magnetic ordering at high tensile strain,2022-11-01,,matteroffact,Refuted,,Supported,
2206.11435v1_3_F,"The activation energy barrier for single-ion hopping in cubic LLZO is approximately 0.35 eV, which is slightly higher than the barrier for concerted multi-ion migration (0.26 eV).",2022-06-01,,matteroffact,Refuted,,Supported,
2206.01072v1_8_F,"The spin-spiral wavelength in Fe chains on Re(0001) surface determined by ab initio energy minimization is approximately 6.8 times the in-plane lattice constant, which is significantly longer than the experimental value of 4 times the in-plane lattice constant measured for a 40-atom chain.",2022-06-01,,matteroffact,Refuted,,Refuted,
2303.09576v1_0_F,Metastable phase diagrams cannot explain discrepancies between conventional bulk phase diagrams and experimental observations regarding the formation of Laves phases in MgAlCa alloys,2023-03-01,,matteroffact,Refuted,,Refuted,
2208.13993v1_2_F,"Energy Dispersive Spectroscopy (EDS) analysis reveals that SnSe thin films deposited on glass substrates have a Sn:Se ratio of approximately 2:1, while films on alumina substrates have a lower Sn:Se ratio of approximately 0.5:1.",2022-08-01,,matteroffact,Refuted,,Supported,
2303.02441v2_4_F,The ρ-CP framework predicts identical mechanical responses regardless of crystal orientation in hexagonal close packed (hcp) magnesium under plane strain compression.,2023-03-01,,matteroffact,Refuted,,Refuted,
2202.04242v1_1_T,"The optimized structure of 2D Cu-Au has a chemical formula of Cu₉Au₇, with 9 Cu atoms and 7 Au atoms in the unit cell, showing a formation energy of -78 meV/atom.",2022-02-01,,matteroffact,Supported,,Supported,
2211.08305v1_0_T,A microstructure-sensitive fatigue life prediction framework based on crystal plasticity and Fast Fourier Transform (CP-FFT) can accurately predict the fatigue life of SLM fabricated Hastelloy-X using just two experiments for calibration.,2022-11-01,,matteroffact,Supported,,Supported,
2306.13006v2_4_T,"In thin-film solar cells, the characteristic recombination times (microseconds to milliseconds) are typically much longer than the characteristic drift times (0.1-10 nanoseconds), supporting the concept of suppressed recombination.",2023-06-01,,matteroffact,Supported,,Refuted,
2203.00640v1_15_F,"Including only d orbitals is sufficient for accurate calculation of magnetic exchange couplings in FeNi, as contributions from s and p orbitals are negligible.",2022-03-01,,matteroffact,Refuted,,Refuted,
2203.10204v2_2_T,Changes in sensitivity scores of predicting process parameters from microstructures can identify transitions between different microstructural pattern regimes,2022-03-01,,matteroffact,Supported,,Supported,
2303.00185v1_7_F,"The measured out-of-plane magnetoresistance in Fe0.29TaS2/NbN junctions cannot exceed 20% at any temperature, magnetic field, or barrier thickness.",2023-03-01,,matteroffact,Refuted,,Refuted,
2303.11122v1_10_F,"All studied oxide spinels exhibit trigonal distortion with anion parameter u values less than 0.375, with MgNi2O4 showing the lowest distortion (u = 0.3106) and MgRh2O4 showing the highest (u = 0.3370).",2023-03-01,,matteroffact,Refuted,,Supported,
2303.11122v1_4_F,"Oxide spinel cathodes exhibit volume changes of more than 10% upon Mg removal, which is higher than the ~5% volume change in commercial LiCoO2 cathodes after delithiation.",2023-03-01,,matteroffact,Refuted,,Supported,
2204.04525v1_0_F,"Intercalation materials maintain structural stability with negligible lattice strains during ion insertion, preventing any significant material expansion or microcrack formation.",2022-04-01,,matteroffact,Refuted,,Supported,
2208.07823v1_10_F,"First principles calculations indicate that the P21/n structure of Na2ZrCl6 is thermodynamically stable, while the P-3m1 structure is metastable and resides 17 meV atom-1 above the convex hull.",2022-08-01,,matteroffact,Refuted,,Supported,
2303.11178v1_4_T,SnTaS₂ is a topological nodal line semimetal with signatures of Dirac nodes identifiable in its electronic structure.,2023-03-01,,matteroffact,Supported,,Supported,
2304.13336v2_4_T,The work of separation of a Σ5 grain boundary in iron decreases by approximately 50% when zinc coverage reaches 50% of the grain boundary.,2023-04-01,,matteroffact,Supported,,Supported,
2306.15502v1_11_F,MRAM bits at the edges of arrays show identical magnetic properties and switching behavior to bits in the interior of the arrays,2023-06-01,,matteroffact,Refuted,,Supported,
2308.04594v2_7_F,Cerium substitution in strontium hexaferrite significantly increases the Curie temperature from 893 K to 1200 K (for x=1) and 1100 K (for x=0.5) based on mean-field approximation calculations.,2023-08-01,,matteroffact,Refuted,,Supported,
2305.11961v1_6_T,The 4D Camera sensor has 10 μm by 10 μm square pixels in a 576 by 576 pixel array,2023-05-01,,matteroffact,Supported,,Supported,
2211.15972v1_2_F,The interlayer ferromagnetic coupling in element-doped CrI3 is caused by the reduction in interlayer distance,2022-11-01,,matteroffact,Refuted,,Supported,
2308.00800v1_8_F,"The phase-field fatigue model accurately predicts the fatigue crack growth rate in AA2024-T351 aluminum sheets throughout the entire crack propagation process, including the transition to unstable fracture at approximately 50 mm crack length near the specimen boundary.",2023-08-01,,matteroffact,Refuted,,Supported,
2306.07746v1_8_F,"Modern crystal structure prediction methods remain highly inconsistent, with independent methodologies frequently producing contradictory results for the same chemical systems.",2023-06-01,,matteroffact,Refuted,,Supported,
2303.02540v1_15_F,The elastic moduli and coefficient of thermal expansion of environmental barrier coatings can differ significantly from the underlying SiC substrate without causing mechanical failures during thermal cycling.,2023-03-01,,matteroffact,Refuted,,Supported,
2203.14301v1_13_T,"For a 2D electron gas with C₃ᵥ symmetry, when the chemical potential is much larger than E*, the anomalous Hall conductance is approximately -δμ_B^3g^3B_∥^3sin3θ/(16μλ^3)",2022-03-01,,matteroffact,Supported,,Supported,
2203.07955v1_2_F,"In both Na₃PSe₄ and Na₃PS₄, the soft modes disappear completely in the cubic phase, following the expected Raman selection rules.",2022-03-01,,matteroffact,Refuted,,Supported,
2303.02540v1_0_T,"Young's modulus of rare-earth disilicates decreases linearly with increasing rare-earth cation radius, following the equation E = 362 - 198r_i for single-component systems, with a relative RMS deviation of 0.07.",2023-03-01,,matteroffact,Supported,,Supported,
2304.13927v1_7_F,"The NAREE system consists of a mass spectrometer, X-ray diffractometer, and scanning electron microscope for comprehensive materials characterization.",2023-04-01,,matteroffact,Refuted,,Supported,
2208.07823v1_14_T,"DFT calculations show that in Na2.25Y0.25Zr0.75Cl6, the layered transition metal arrangement is the lowest energy structure, but the mixed transition metal ordering is only slightly higher in energy by approximately 5-10 meV atom-1.",2022-08-01,,matteroffact,Supported,,Supported,
2211.09853v1_5_T,"The as-deposited quaternary WTaCrV refractory amorphous high-entropy alloy has an elemental composition of 13.5±2.5 at.% W, 40.9±3.9 at.% Ta, 26.4±3.9 at.% Cr, and 19.2±2.5 at.% V.",2022-11-01,,matteroffact,Supported,,Supported,
2303.09576v1_8_F,"The average formation energy of basal stacking faults in the C36-CaMg₀.₆₂₅Al₁.₃₇₅ Laves phase is 10.25 meV/Å² with maximum and minimum values of 12.50 and 8.75 meV/Å², respectively",2023-03-01,,matteroffact,Refuted,,Supported,
2303.07719v1_15_T,"Constrained molecular dynamics simulations for calculating time-averaged potential energy of four-membered rings in α-AgI were performed using a 2×2×2 supercell with 32 ions, where one four-membered ring was fixed while other ions moved freely during 4-ns simulations at 1000K.",2023-03-01,,matteroffact,Supported,,Supported,
2304.01314v2_13_T,"In the small-cell training approach, the number of DFT calculations required decreases rapidly after the first few increases in supercell size, becoming nearly zero for subsequent increases.",2023-04-01,,matteroffact,Supported,,Refuted,
2301.01139v1_4_F,"Elements that are immiscible at ambient pressure remain immiscible under all high-pressure conditions, never forming stable compounds.",2023-01-01,,matteroffact,Refuted,,Refuted,
2305.02900v1_16_T,Angle-resolved photoemission spectroscopy measurements of PtBi₂ were performed at temperatures ranging from 1.5K to 30K to study the temperature dependence of the superconducting transition.,2023-05-01,,matteroffact,Supported,,Supported,
2307.00878v1_1_F,Superionic conductors in the Li₂S-P₂S₅ system show no correlation between lithium-ion conductivity and configurational entropy.,2023-07-01,,matteroffact,Refuted,,Refuted,
2212.13877v1_14_F,The van der Waals contribution to the total energy is approximately 50 meV per formula unit lower in sp³-bonded Boron Nitride polymorphs compared to sp²-bonded polymorphs.,2022-12-01,,matteroffact,Refuted,,Supported,
2304.05231v1_9_T,"The two-valve triggering mechanism in the gas gun system allows for controlled gas flow from an external source to the main chamber and then to the barrel, enabling reliable projectile acceleration without requiring specialized operating skills.",2023-04-01,,matteroffact,Supported,,Supported,
2308.03418v1_2_T,"MoSe₂ exhibits the highest hydrogen atom self-diffusion coefficient among Group-6 TMDCs, with a value of 4.15 × 10⁻³ cm² s⁻¹ at 300K",2023-08-01,,matteroffact,Supported,,Supported,
2305.04262v3_15_T,The targeted inclusion of pinning centers along grain boundaries in high-temperature superconductors can potentially enhance their critical currents by inducing a similar weak-to-strong-link transformation as observed in FIB-patterned Nb films,2023-05-01,,matteroffact,Supported,,Supported,
2205.05514v2_14_T,"In the recovered Al-Mn alloy, most subgrains at constituent particles are randomly oriented, with recrystallization texture components at constituent particles being predominantly CubeND, Goss, and P, while Cube subgrains are least common",2022-05-01,,matteroffact,Supported,,Supported,
2208.08336v1_5_T,"The transition from trivial to topological phase in a one-dimensional superconducting chain occurs at a critical magnetic field h_c = √(Δ² + μ̃²), where Δ is the superconducting gap and μ̃ is the chemical potential measured from the bottom of the band.",2022-08-01,,matteroffact,Supported,,Supported,
2210.14343v3_12_F,"In BCC tantalum, the drag coefficient for screw dislocations is approximately equal to that of edge dislocations, with both values in the range of 10⁻³ Pa·s.",2022-10-01,,matteroffact,Refuted,,Supported,
2307.06904v3_3_T,The interlayer antiferromagnetic (A-AFM) ordering is the most energetically favorable magnetic ground state in LaVO3/KTaO3 heterostructures with more than one layer of LaVO3.,2023-07-01,,matteroffact,Supported,,Supported,
2309.17090v2_5_T,"In iron under high shear strain at 300K, dislocation density increases to approximately 2.6 × 10⁻³/Å² at γ = 0.82, followed by a decrease to 1.2 × 10⁻³/Å² at γ = 2, before stabilizing at 1.6 × 10⁻³/Å² for higher strain values.",2023-09-01,,matteroffact,Supported,,Supported,
2304.01314v2_1_T,"In the small-cell training approach for the Zr-H system, 95% of the structures in the final training set contain fewer than seven atoms.",2023-04-01,,matteroffact,Supported,,Supported,
2303.12924v1_13_F,"The k_cubic parameter used to characterize γ'(L12) precipitate morphology in Co-based superalloys provides a complete and accurate representation of all precipitate shapes, including those with irregular features.",2023-03-01,,matteroffact,Refuted,,Refuted,
2212.09357v1_9_F,"The yield stress of annealed aluminum samples is approximately 100 MPa, decreasing to 80 MPa and 60 MPa in subsequent tensile tests due to softening by dislocation annihilation",2022-12-01,,matteroffact,Refuted,,Supported,
2304.04986v3_12_F,"DRXNet can effectively predict cycling performance of new disordered rocksalt cathode materials without any material-specific training data, eliminating the need for initial electrochemical testing.",2023-04-01,,matteroffact,Refuted,,Refuted,
2212.10977v3_10_F,The bulk modulus (B) of Ti_x(HfNbTaZr)_(1-x)/4 alloys in the bcc phase increases monotonically as Ti content increases from x = 0 to x = 0.4,2022-12-01,,matteroffact,Refuted,,Supported,
2204.04525v1_0_T,"Intercalation materials undergo structural transformations of up to ~10% lattice strains during ion insertion, which can lead to material failure through microcrack nucleation and expansion.",2022-04-01,,matteroffact,Supported,,Supported,
2303.02441v2_15_F,"The ρ-CP framework for magnesium considers 12 possible deformation modes: 4 basal slip systems, 4 prismatic slip systems, and 4 tensile twinning systems.",2023-03-01,,matteroffact,Refuted,,Supported,
2211.13164v1_8_F,"The Na-ion diffusion coefficient in NaCr₂O₄ (x=1) at 475K is approximately 1.04×10⁻¹² cm²/s, which is an order of magnitude lower than in compositions with significant Ca content.",2022-11-01,,matteroffact,Refuted,,Supported,
2209.05554v2_5_T,The ALIGNN-FF model predicts formation energies of materials in the JARVIS-DFT database with a mean absolute error of 0.08 eV/atom,2022-09-01,,matteroffact,Supported,,Supported,
2302.14231v2_14_F,CHGNet and traditional machine learning interatomic potentials perform equally well on systems with heterovalent ions because elemental identity is sufficient to determine bonding behavior.,2023-02-01,,matteroffact,Refuted,,Refuted,
2203.04149v2_10_T,"Ultrasonic resonance can estimate the number of electrode layer pairs in a lithium-ion battery with over 99% accuracy, determining 47.51 layer pairs in a battery that actually contains 48 pairs based on destructive testing.",2022-03-01,,matteroffact,Supported,,Supported,
2308.03418v1_9_T,"Proton transport between TMDC layers is expected to have similar diffusion behavior to hydrogen atom transport, with only slightly higher energy barriers",2023-08-01,,matteroffact,Supported,,Supported,
2203.14301v1_3_T,Sb₂Te₃ thin films can exhibit both quantized and nearly half-quantized anomalous Hall effect under strong in-plane magnetic fields,2022-03-01,,matteroffact,Supported,,Supported,
2303.11122v1_1_T,Electronegative transition metals in oxide spinels enable higher Mg-ion mobility by reducing the activation energy for Mg2+ migration.,2023-03-01,,matteroffact,Supported,,Supported,
2208.04658v1_8_F,"The local structure in as-grown SrFe₁₂O₁₉ films shows significant anisotropy with a preferential orientation that determines the final crystalline texture upon annealing, supporting previous claims about oriented precursors.",2022-08-01,,matteroffact,Refuted,,Supported,
2212.13877v1_16_F,The zero-point vibration energy contributions vary by more than 100 meV per formula unit among different Boron Nitride polymorphs and significantly alter the stability order.,2022-12-01,,matteroffact,Refuted,,Supported,
2212.04571v1_8_F,The maximum zero-bias conductance of the Kondo peak in the NbSe₂-based quantum dot system reaches 25 μS (0.32 e²/h) at the base temperature of 28 mK.,2022-12-01,,matteroffact,Refuted,,Supported,
2303.09576v1_13_T,Planar defects in the C36 Laves phase form after application of 5% uniaxial strain at 170°C (443K),2023-03-01,,matteroffact,Supported,,Supported,
2309.04053v2_13_T,The oxidation resistance of ultra-high temperature ceramics containing SiC is limited above 1600°C due to active oxidation that generates gaseous oxidative products rather than protective solid oxides.,2023-09-01,,matteroffact,Supported,,Supported,
2206.01072v1_10_T,"In 7-atom Fe chains with hcp stacking on Rh(111) surface, the metastable state with polar vector symmetry is 16.3 meV higher in energy than the ground state with axial vector symmetry.",2022-06-01,,matteroffact,Supported,,Supported,
2210.17428v1_6_T,"The largest cavity diameter (LCD) of EC-MOFs in the database ranges from 0 to 25.2 Å, with TC, HATN, and TT-based MOFs having the highest LCD values due to their large linker sizes.",2022-10-01,,matteroffact,Supported,,Supported,
2305.04262v3_9_T,FIB-patterned Nb films with weak-links exhibit rectified vortex motion along the weak-link when subjected to an ac magnetic field at specific dc field bias values,2023-05-01,,matteroffact,Supported,,Supported,
2305.11842v2_2_T,ALIGNN-FF is over 100 times faster than DFT methods for atomic structure calculations.,2023-05-01,,matteroffact,Supported,,Supported,
2303.10621v4_13_T,Nuclear quantum effects can be approximated in classical molecular dynamics simulations by replacing Kubo Green's functions with lesser Green's functions that incorporate Bose-Einstein distributions in the scattering theory approximation.,2023-03-01,,matteroffact,Supported,,Refuted,
2212.13877v1_2_T,The electron-phonon interaction contribution to the total energy is approximately twice as large in sp²-bonded layered Boron Nitride polymorphs compared to sp³-bonded polymorphs.,2022-12-01,,matteroffact,Supported,,Supported,
2304.03740v1_14_F,The ultrafine and highly interconnected silicon fiber network in quench-modified Al-Si eutectic is expected to reduce mechanical properties such as strength and ductility compared to conventional eutectic structures with coarse silicon flakes.,2023-04-01,,matteroffact,Refuted,,Refuted,
2303.11179v1_11_F,"In the band structure measured along the B1 momentum cut in NaAlSi, two Dirac points are observed at binding energies of 0.8 eV and 1.2 eV.",2023-03-01,,matteroffact,Refuted,,Supported,
2308.01135v4_8_F,"The calculated lattice parameters of lead apatite (Pb10(PO4)6O) are a = 9.50 Å and c = 7.00 Å, which are significantly smaller than experimental reports of similar systems.",2023-08-01,,matteroffact,Refuted,,Refuted,
2210.05010v2_8_T,The saturated vacancy concentration in irradiated metals can be predicted by the ratio of the number of vacancies generated in a cascade to the number of atoms in the molten region of the cascade.,2022-10-01,,matteroffact,Supported,,Supported,
2202.02908v1_12_T,"In polycrystalline materials subjected to forward-reverse loading, slip-induced deformation pins twins in place, preventing complete detwinning during load reversal.",2022-02-01,,matteroffact,Supported,,Supported,
2206.15003v1_15_F,The optimal explosive driver design for the implosion-driven launcher uses a thick-walled driver tube and a thick explosive layer without a tamper to maximize energy transfer to the driver gas.,2022-06-01,,matteroffact,Refuted,,Refuted,
2303.02441v2_0_T,The ρ-CP framework uses a Kocks-type thermally activated flow rule to account for temperature and strain rate effects on crystallographic shearing rate during plastic deformation.,2023-03-01,,matteroffact,Supported,,Supported,
2303.02441v2_17_T,The ρ-CP framework predicts the strain rate-dependent mechanical response of OFHC copper over a range of four orders of magnitude in strain rate.,2023-03-01,,matteroffact,Supported,,Supported,
2205.05754v1_0_T,"The simplified continuum dislocation dynamics model avoids tracing dislocation curvature evolution explicitly, making it computationally more efficient than previous approaches",2022-05-01,,matteroffact,Supported,,Supported,
2203.08413v3_1_F,Majorana zero modes in superconductor-magnetic insulator nanowire hybrid systems become less localized at the ends of the nanowire as the nanowire length increases.,2022-03-01,,matteroffact,Refuted,,Refuted,
2305.01101v2_12_T,"Some materials recommended by the framework exhibit very low thermal conductivity at room temperature, with HgGa₂Te₄ at 0.36 W/mK and CuGaGeSe₄ at 0.62 W/mK.",2023-05-01,,matteroffact,Supported,,Supported,
2301.05024v1_14_F,"The error between the actual impedance and its asymptotic approximation for non time-invariant systems is bounded by a term proportional to ε² at high frequencies and ε at low frequencies, where ε=1/τ is the small parameter representing the inverse of the time scale of property changes.",2023-01-01,,matteroffact,Refuted,,Supported,
2306.15502v1_11_T,MRAM bits at the edges of arrays show different magnetic properties and switching behavior compared to bits in the interior of the arrays,2023-06-01,,matteroffact,Supported,,Supported,
2307.02870v1_14_F,Increasing the conductivity and diffusivity of the electrolyte by a factor of 2 eliminates the performance differences between hierarchically structured electrodes of different thicknesses (46-154 μm),2023-07-01,,matteroffact,Refuted,,Refuted,
2212.09357v1_9_T,"The yield stress of annealed aluminum samples is approximately 30 MPa, increasing to 44 MPa and 51 MPa in subsequent tensile tests due to hardening by dislocation proliferation",2022-12-01,,matteroffact,Supported,,Refuted,
2305.11008v1_14_T,"Ultrashort pulse laser annealing of MoS₂ films produces highly homogeneous crystallization across the processed area, with a relative standard deviation of 3.42% in the A₁g Raman peak intensity.",2023-05-01,,matteroffact,Supported,,Supported,
2301.11689v3_16_F,"Sentence-level extraction in BERT-PSIE completely eliminates ambiguity in property identification, ensuring that magnetic Curie temperatures are never confused with other types of transitions.",2023-01-01,,matteroffact,Refuted,,Refuted,
2209.06065v1_6_F,"For a Gaussian interaction potential in a one-dimensional crystal, the single-pass energy dissipation in the low-velocity limit increases linearly with decreasing velocity and is given by Δ_slow = 4π³(Φ₀²/ẋ)(2πλ)e^(-(2πλ/ẋ)²)/√(π(ω_fast² - 1)).",2022-09-01,,matteroffact,Refuted,,Refuted,
2204.04525v1_2_F,Crystallographic design of intercalation materials is limited to theoretical modeling and cannot practically influence structural transformations or mechanical properties in real-world battery materials.,2022-04-01,,matteroffact,Refuted,,Refuted,
2305.11842v2_2_F,ALIGNN-FF is only 2-3 times faster than DFT methods for atomic structure calculations.,2023-05-01,,matteroffact,Refuted,,Refuted,
2304.02909v1_15_T,Al0.74Sc0.26N films are compatible with CMOS technology due to their ability to be sputter-deposited at back-end-of-line compatible temperatures on silicon substrates while maintaining ferroelectric functionality.,2023-04-01,,matteroffact,Supported,,Supported,
2308.07295v3_2_F,The high-symmetry Cu-doped Pb(1) site in lead apatite is energetically favored by approximately 200 meV over the low-symmetry Cu-doped Pb(1) site at U=0 eV in density functional theory calculations.,2023-08-01,,matteroffact,Refuted,,Supported,
2202.07699v1_6_T,The continuous media approximation for heat transfer in powder beds is valid only when the characteristic length scale exceeds 200 μm due to high temperature gradients in selective laser melting processes,2022-02-01,,matteroffact,Supported,,Refuted,
2204.04525v1_12_T,"Electrochemical insertion of lithium into cubic LiMn2O4 transforms it to a tetragonal Li2Mn2O4 unit cell through a cooperative Jahn-Teller distortion, which is often not entirely reversible.",2022-04-01,,matteroffact,Supported,,Supported,
2308.16621v1_7_T,"XGBoost is the best-performing machine learning algorithm for predicting properties in metal additive manufacturing, outperforming CatBoost by a small margin",2023-08-01,,matteroffact,Supported,,Refuted,
2203.14301v1_4_F,Applying a vertical electric field to Sb₂Te₃ thin films preserves inversion symmetry and prevents the observation of half-quantized anomalous Hall effect,2022-03-01,,matteroffact,Refuted,,Refuted,
2308.00800v1_12_F,"The phase-field method is unable to accurately model fatigue crack growth in anisotropic materials, requiring the use of traditional methods like XFEM or cohesive zone models that can better account for the complex stress fields and microstructural features that influence crack propagation in such materials.",2023-08-01,,matteroffact,Refuted,,Refuted,
2208.10911v1_11_T,MoSeTe anode exhibits higher initial discharge capacity but poorer cycling stability compared to MoTe₂ anode materials for sodium-ion batteries.,2022-08-01,,matteroffact,Supported,,Supported,
2308.05532v1_3_T,"In AlSi7Mg matrix syntactic foams with Al2O3 reinforcing particles, the structural stiffness decreases linearly with particle size according to the relationship k = 51.6 MPa - 8.2 MPa/mm · d, where d is the particle size in mm.",2023-08-01,,matteroffact,Supported,,Refuted,
2308.04043v3_1_T,"DFT+DMFT calculations with U=5.5 eV and λ=0.4 yield a d-electron count (N_d) of 2.01 for vanadium in pristine V₂O₅, which agrees with the experimental value of 2.0 measured by resonant photoemission spectroscopy.",2023-08-01,,matteroffact,Supported,,Supported,
2205.07726v2_15_F,"The valence band structure of La-doped BaSnO₃ films exhibits two main features: hybridized Ba 5p and O 2p states at 9.5 eV and pure O 2p states at 5 eV, with no significant contribution from Sn orbitals.",2022-05-01,,matteroffact,Refuted,,Supported,
2305.01101v2_15_F,Multi-task learning decreases the predictive performance of Seebeck coefficient by 30% compared to single-task prediction.,2023-05-01,,matteroffact,Refuted,,Refuted,
2205.06855v1_12_F,A regolith-to-binder ratio of 1:1 by volume produces stable green parts for both Martian and Lunar regolith when using a 6.25% salt-water solution as the binder material.,2022-05-01,,matteroffact,Refuted,,Refuted,
2202.04930v2_15_T,"The initial microstructure of 316L stainless steel consists of equiaxed grains with an arithmetic mean radius of 15 μm, with some larger grains having radii around 60 μm.",2022-02-01,,matteroffact,Supported,,Supported,
2203.14301v1_9_T,Nearly half-quantized anomalous Hall conductance in Sb₂Te₃ thin films requires temperatures below 100 mK to be observable,2022-03-01,,matteroffact,Supported,,Supported,
2302.04385v2_5_T,"The broad phonon peak at 570 cm⁻¹ in Pr₂CuO₄ becomes narrower, more intense, and softens to 567 cm⁻¹ after flash/quench treatment.",2023-02-01,,matteroffact,Supported,,Supported,
2306.12034v1_16_F,"The coexistence of superconductivity and ferromagnetism in NiBi₃ has been definitively proven, with all studies confirming that NiBi₃ is both a superconductor and a ferromagnet in its pure form.",2023-06-01,,matteroffact,Refuted,,Refuted,
2305.10582v2_12_T,"The HCP crystal of Cu₆Sn₅ has multiple slip systems including basal {0001}<11-20>, prismatic {10-10}<11-20>, pyramidal <a> {10-11}<11-20>, and pyramidal <c+a> {10-11}<11-23> and {10-22}<11-23>",2023-05-01,,matteroffact,Supported,,Supported,
2203.04149v2_11_T,"The slurry model predicts ultrasonic wave speeds in lithium-ion battery electrodes to be between 1000-1500 m/s, while traditional porous solid models predict speeds exceeding 3000 m/s, with experimental measurements supporting the lower range predictions.",2022-03-01,,matteroffact,Supported,,Supported,
2308.05532v1_13_F,The addition of reinforcing particles to the AlSi7Mg matrix in metal matrix syntactic foams decreases the compressive strength of the material.,2023-08-01,,matteroffact,Refuted,,Refuted,
2204.13789v2_6_T,"The $\ell_0\ell_2$-norm regularization properly implements hierarchy constraints between cluster interactions, while the $\ell_0\ell_1$-norm regularization can lead to pseudo-active behavior that breaks these constraints.",2022-04-01,,matteroffact,Supported,,Supported,
2303.00185v1_12_T,"Magnetoanisotropic Andreev reflection (MAAR) can be viewed as the superconducting generalization of tunneling anisotropic magnetoresistance (TAMR), with TAMR recovered in the normal state of F/S junctions at large bias, high magnetic field, or high temperature.",2023-03-01,,matteroffact,Supported,,Supported,
2308.04594v2_13_F,"When cerium substitutes for iron at the 4f₂ site, it maintains perfect collinear ferrimagnetic ordering with all spin magnetic moments aligned strictly along the [0,0,1] direction.",2023-08-01,,matteroffact,Refuted,,Refuted,
2304.03740v1_13_T,"A diffusion limited aggregation model with a sticking coefficient of 0.4 produces tree-like structures that most closely match the edge length distribution of quench-modified Al-Si eutectic, as determined by Kolmogorov-Smirnov statistical tests.",2023-04-01,,matteroffact,Supported,,Supported,
2303.07504v1_3_T,"In Nb-rich Fe-Nb alloys, excess Nb atoms form planar defects rather than the μ-phase precipitates predicted by the equilibrium phase diagram due to kinetic limitations.",2023-03-01,,matteroffact,Supported,,Supported,
2208.10980v2_0_F,Direct Energy Laser Propulsion technology requires relativistic speeds to be effective for Solar System exploration missions.,2022-08-01,,matteroffact,Refuted,,Refuted,
2304.03740v1_8_T,"At high undercooling during laser rapid solidification, more growth sites become active on silicon that are otherwise inaccessible at lower undercooling, leading to isotropic branching behavior irrespective of the underlying crystallography.",2023-04-01,,matteroffact,Supported,,Supported,
2203.10204v2_8_F,"In physical vapor deposition, vertical-oriented microstructural patterns form at high normalized deposition rates (log(v^N) ~ -0.5), horizontal layer patterns form at lower rates (log(v^N) ~ -1), and random patterns form at very low rates (log(v^N) ~ -4)",2022-03-01,,matteroffact,Refuted,,Supported,
2303.00742v2_13_T,Supporting Bernal bilayer graphene on a WSe2 substrate increases the maximum superconducting transition temperature by an order of magnitude compared to hexagonal boron nitride supported Bernal bilayer graphene.,2023-03-01,,matteroffact,Supported,,Supported,
2308.07295v3_12_T,"Cu-doped lead apatite has potential applications as a material with color centers and individually controllable spins, similar to other materials used in quantum information applications, rather than as a superconductor.",2023-08-01,,matteroffact,Supported,,Supported,
2202.01918v2_9_T,"Vacancies in GST-225 are an intrinsically important part of the crystal structure, primarily forming at sites that would have been occupied by germanium atoms, and are necessary for maintaining long-range order and crystal stability.",2022-02-01,,matteroffact,Supported,,Supported,
2210.03397v3_14_F,T-phase precipitates in the UFG AlMgZnCuAg crossover alloy are susceptible to ballistic mixing-assisted dissolution due to their large size and complex interfaces with the aluminum matrix,2022-10-01,,matteroffact,Refuted,,Supported,
2212.06503v1_10_F,The enhanced bulk photovoltaic effect in BaTiO3 thin films compared to bulk materials is due solely to quantum confinement effects that increase the oscillator strength of optical transitions without any contribution from interface scattering.,2022-12-01,,matteroffact,Refuted,,Refuted,
2208.10911v1_15_T,Creating a composite of MoSeTe with reduced graphene oxide (rGO) could improve its electrochemical performance as an anode for sodium-ion batteries by reducing overall resistance and enhancing stability.,2022-08-01,,matteroffact,Supported,,Supported,
2208.13993v1_2_T,"Energy Dispersive Spectroscopy (EDS) analysis reveals that SnSe thin films deposited on glass substrates have a Sn:Se ratio of approximately 0.6:1, while films on alumina substrates have a higher Sn:Se ratio of approximately 2.05:1.",2022-08-01,,matteroffact,Supported,,Supported,
2208.04658v1_14_T,SrFe₁₂O₁₉ films can be deposited by RF magnetron sputtering at room temperature using a working pressure of 7 × 10⁻³ mbar of an Ar/O₂ mixture containing 2% oxygen and a sputtering power of 260 W.,2022-08-01,,matteroffact,Supported,,Supported,
2211.09853v1_5_F,The as-deposited quaternary WTaCrV refractory amorphous high-entropy alloy has an equiatomic elemental composition of 25±2 at.% for each constituent element.,2022-11-01,,matteroffact,Refuted,,Supported,
2307.03717v1_0_T,"The computational approach combining sparse lattice models and semigrand-canonical Monte Carlo accurately predicts the voltage profile of Li1.3-xMn0.4Nb0.3O1.6F0.4, showing good agreement with experimental data particularly in the 0.4 ≤ x ≤ 1.3 range.",2023-07-01,,matteroffact,Supported,,Supported,
2302.07398v2_15_T,The longitudinal resistivity of Co₀.₄Fe₀.₄B₀.₂ thin films decreases exponentially with increasing film thickness,2023-02-01,,matteroffact,Supported,,Refuted,
2209.15522v1_9_F,"The formation of thick twins in TWIP steel reduces grain fragmentation, limiting the dynamic Hall-Petch effect and resulting in lower strain hardening rates and reduced elongation properties.",2022-09-01,,matteroffact,Refuted,,Supported,
2211.08305v1_0_F,A microstructure-sensitive fatigue life prediction framework based on crystal plasticity and Fast Fourier Transform (CP-FFT) requires extensive experimental data from at least ten different loading conditions for accurate calibration.,2022-11-01,,matteroffact,Refuted,,Supported,
2204.05252v1_4_T,"The coupling of the X₅₋ mode with the X₂₋ order parameter in rhombohedral HfO₂ enhances the soft character of the leading mode, providing an energy gain of 54 meV/f.u. compared to just 7 meV/f.u. for the coupling with polarization.",2022-04-01,,matteroffact,Supported,,Supported,
2305.04262v3_5_F,FIB-induced defects in patterned Nb films only reduce the critical temperature of the weak-link region without affecting vortex pinning or contributing to the field-induced weak-to-strong-link transformation,2023-05-01,,matteroffact,Refuted,,Refuted,
2203.07955v1_2_T,"In Na₃PSe₄, the soft modes disappear in the cubic phase, while in Na₃PS₄, the soft modes persist into the cubic phase, violating Raman selection rules.",2022-03-01,,matteroffact,Supported,,Supported,
2302.12868v1_3_T,The choice of displacement and stress components for porous layers in the stiffness matrix method simplifies the formulation of boundary conditions at interfaces between different material types.,2023-02-01,,matteroffact,Supported,,Supported,
2211.06285v2_3_F,"The screened Coulomb interaction in V₂O₅ changes substantially under structural distortions, requiring recalculation for each distorted structure to obtain accurate results.",2022-11-01,,matteroffact,Refuted,,Supported,
2209.05554v2_9_F,The ALIGNN-FF model can only accurately predict the properties of crystal structures that have the same space group as structures in its training dataset,2022-09-01,,matteroffact,Refuted,,Refuted,
2304.10279v2_12_F,The method for extending intergranular normal-stress distributions is applicable to predicting the propagation of grain boundary cracks in materials undergoing significant plastic deformation.,2023-04-01,,matteroffact,Refuted,,Supported,
2309.07046v1_1_F,"In ternary ATB₄ borides, the β-phase consistently has lower energy than the α-phase, though the energy difference between the two phases is relatively small.",2023-09-01,,matteroffact,Refuted,,Supported,
2206.01072v1_7_F,"The energy difference between spin-spiral states with opposite rotational sense in 10-atom Fe chains on Nb(110) surface is 5.2 meV (approximately 0.52 meV per Fe atom), which is in the energy range of the isotropic exchange interaction in these chains.",2022-06-01,,matteroffact,Refuted,,Supported,
2205.06324v2_17_T,"For microstructures with minimal grain size variation, including grain volume as a nodal feature does not significantly improve the accuracy of GNN surrogate models for predicting elastic response.",2022-05-01,,matteroffact,Supported,,Supported,
2209.06065v1_5_T,"For a Gaussian interaction potential in a one-dimensional crystal, the single-pass energy dissipation in the high-velocity limit scales as Δ_fast = 2π³(Φ₀²/ẋ²)(2πλ/ẋ)²(ω_fast² + 1), where Φ₀ is the potential amplitude, λ is the potential width, and ω_fast is the maximum frequency of the chain eigenmodes.",2022-09-01,,matteroffact,Supported,,Supported,
2303.09576v1_6_T,The high nucleation barrier for the cubic C15 phase in hexagonal Mg and C36 phases explains why Al-rich C15 Laves phases don't form in some Mg-based alloys despite thermodynamic predictions,2023-03-01,,matteroffact,Supported,,Supported,
2308.16621v1_12_T,"The CatBoost machine learning model accurately reflects the underlying science of process-property relationships in metal additive manufacturing, showing appropriate influence of process parameters on output properties",2023-08-01,,matteroffact,Supported,,Supported,
2303.09576v1_6_F,"The cubic C15 phase readily forms in hexagonal Mg and C36 phases due to low nucleation barriers, making it easy to observe in all Mg-based alloys with sufficient aluminum content",2023-03-01,,matteroffact,Refuted,,Refuted,
2303.07504v1_6_T,"In the Mg-Al-Ca system, the chemical potential of the nucleation barrier for the bulk Al2Ca-C15 Laves phase is -0.014 eV, which is substantially higher than the equilibrium chemical potential of -0.30 eV.",2023-03-01,,matteroffact,Supported,,Refuted,
2208.10980v2_4_T,A laser source shift of 2.8 mm with a power of 10 GW causes a 120° rotation of the lightsail.,2022-08-01,,matteroffact,Supported,,Refuted,
2306.07746v1_1_T,The lutetium hydride structure HLu2 has a calculated superconducting critical temperature of 0.5 K at 1 GPa pressure.,2023-06-01,,matteroffact,Supported,,Supported,
2211.05713v2_6_F,"Neural network potential-driven molecular dynamics simulations of LGPS are limited to timescales of 1 nanosecond with a 400-atom supercell, insufficient to accurately capture room-temperature ion diffusion behavior.",2022-11-01,,matteroffact,Refuted,,Supported,
2304.13336v2_1_F,"The magnitude of zinc segregation to iron grain boundaries decreases with decreasing temperature, while the amount of zinc required in the bulk to trigger the segregation transition increases with decreasing temperature.",2023-04-01,,matteroffact,Refuted,,Supported,
2202.04242v1_13_F,"In the binary Lennard-Jones model, the transition from phase separation to mixed structures occurs at interatomic interaction energies (εXY) between 2.5 and 3.0, with the Cu₉Au₇-type structure becoming stable at εXY=2.8 and the zigzag2 structure becoming stable at εXY=3.0.",2022-02-01,,matteroffact,Refuted,,Supported,
2302.12868v1_12_T,"In the high-frequency inertial regime above the viscous characteristic frequency, all three wave types (fast longitudinal, slow longitudinal, and shear) in porous media tend to have constant wave speeds and the same power dependence of attenuation on frequency.",2023-02-01,,matteroffact,Supported,,Supported,
2302.12868v1_5_T,Wave transmission through a thin solid layer reaches unity at large incident angles beyond the critical angles due to the excitation of the fundamental anti-symmetric guided wave (A₀ mode) in the layer.,2023-02-01,,matteroffact,Supported,,Refuted,
2203.08413v3_10_F,"In superconductor-magnetic insulator nanowire hybrid systems with a smoothly varying potential, shorter nanowires are more susceptible to forming quasi-Majorana zero modes than longer nanowires.",2022-03-01,,matteroffact,Refuted,,Supported,
2208.13993v1_9_T,"SnSe thin films deposited on glass substrates are phase-pure, while films deposited on alumina substrates contain SnSe₂ impurity phases.",2022-08-01,,matteroffact,Supported,,Supported,
2305.06798v1_6_T,The prefactor time scale of the escape time for buckled nanoribbons scales with system size as τp ∝ L0^(4-η) in the high-damping regime and is independent of system size in the low-damping regime.,2023-05-01,,matteroffact,Supported,,Supported,
2204.13994v1_5_T,"In aluminum polycrystals with Mg₂Si precipitates, the transition from particle debonding to particle cracking as the primary damage mechanism occurs when the critical energy release rate of the aluminum matrix increases from 10 to 16 Jm⁻²",2022-04-01,,matteroffact,Supported,,Supported,
2209.06065v1_3_T,"A mobile particle moving through a one-dimensional crystal experiences velocity fluctuations near each chain mass, with attractive potentials causing velocity increases and repulsive potentials causing velocity decreases.",2022-09-01,,matteroffact,Supported,,Supported,
2203.10204v2_0_F,Self-supervised learning requires predefined labeled data about different classes of patterns to identify transitions in microstructural regimes,2022-03-01,,matteroffact,Refuted,,Refuted,
2308.05532v1_9_F,"The spatial scale parameter (κ²) in the Guyer-Krumhansl model for AlSi7Mg matrix syntactic foams ranges from 5.0×10⁻⁶ to 10.0×10⁻⁶ m², with values generally decreasing with sample thickness.",2023-08-01,,matteroffact,Refuted,,Supported,
2210.10242v2_11_F,"The nuclear dipolar linewidth (Δ_d) of the Mu_d component in MgH₂ is 0.37 MHz, which corresponds to a H-Mu distance of 0.15 nm.",2022-10-01,,matteroffact,Refuted,,Supported,
2210.06735v1_8_F,"Density functional theory calculations show that Al doping in MoS₂@rGO increases the activation energy barrier for sodium-ion migration compared to undoped MoS₂@rGO, hindering sodium-ion diffusion.",2022-10-01,,matteroffact,Refuted,,Supported,
2210.17428v1_8_F,The EC-MOF/Phase-I database uses a random alphanumeric code system for structure identification that provides no information about the composition or properties of the materials.,2022-10-01,,matteroffact,Refuted,,Supported,
2304.03740v1_0_F,Quench-modified Al-Si eutectic structures exhibit anisotropic branching behavior that follows the same crystallographic constraints as impurity-modified structures.,2023-04-01,,matteroffact,Refuted,,Supported,
2307.00878v1_5_T,"First-principles calculations predict the γ-β transition in Li₃PS₄ to occur at 370K and the β-α transition at 460K, which is 200-300K below experimentally observed transition temperatures.",2023-07-01,,matteroffact,Supported,,Refuted,
2203.11013v1_8_F,"The 3d transition metals exhibit larger maximum driving force (MDF) values than 4d transition metals, with Fe and Mn having MDFs below -3.0 eV",2022-03-01,,matteroffact,Refuted,,Refuted,
2202.04930v2_9_F,The arithmetic mean grain radius in 316L stainless steel increases from approximately 15 μm to 40 μm during 2 hours of annealing at 1050°C when twin boundaries are excluded from the analysis.,2022-02-01,,matteroffact,Refuted,,Supported,
2211.13164v1_3_F,"Wider quasi-1D diffusion channels in Ca-doped variants of NaCr₂O₄ enhance Na-ion mobility compared to narrower channels in pure NaCr₂O₄, following the same pattern observed in Li-ion battery materials.",2022-11-01,,matteroffact,Refuted,,Supported,
2308.14223v1_10_F,"Both pure Carbopol and Carbopol+PEO mixtures strictly follow the von Mises yield criterion, showing a consistent relationship between yield stress in shear and extension regardless of PEO content.",2023-08-01,,matteroffact,Refuted,,Supported,
2307.00878v1_3_F,Vibrational entropy is the primary factor driving the stabilization of α-Li₃PS₄ at high temperatures relative to β-Li₃PS₄.,2023-07-01,,matteroffact,Refuted,,Supported,
2202.12952v1_8_T,"Both the pseudogap temperature T* and the critical temperature Tc in cuprate superconductors are proportional to the same energy scale, which is the magnetic exchange energy J.",2022-02-01,,matteroffact,Supported,,Supported,
2307.13990v1_13_T,The predicted finite-energy pairing features in Al/Au heterostructures are within experimental reach using state-of-the-art STM and transport experiments in dilution refrigerators.,2023-07-01,,matteroffact,Supported,,Supported,
2202.00542v3_3_F,Single-determinant wave functions in QMC calculations underestimate the activation barrier for water addition to CO on Pt(111) by approximately 2.5 kJ/mol compared to multi-reference configuration interaction methods,2022-02-01,,matteroffact,Refuted,,Supported,
2212.03527v1_14_F,"In Al-Mn alloys, the relative density of dispersoids on grain boundaries remains constant with annealing temperature, with consistently more dispersoids on high-angle grain boundaries than on low-angle grain boundaries throughout recovery and recrystallization.",2022-12-01,,matteroffact,Refuted,,Refuted,
2203.11013v1_12_F,"At an effective oxygen chemical potential of -0.7 eV, Ni(OH)₂ remains the most stable solid phase throughout the entire depth of oxidizing nickel films",2022-03-01,,matteroffact,Refuted,,Supported,
2306.10385v2_6_T,"Blisters on the graphite surface with diameters in the range of 1.3 to 2.0 nm are composed of clusters containing two to six AlF₃ molecules, with a critical coalescence limit preventing the formation of blisters larger than 3 nm in diameter.",2023-06-01,,matteroffact,Supported,,Supported,
2204.04525v1_5_F,"Inserting lithium into FePO4 increases all three lattice parameters (a, b, and c), resulting in a net volume increase of approximately 15%.",2022-04-01,,matteroffact,Refuted,,Supported,
2304.02586v1_6_T,"After optical pumping, the nematic order parameter in Sr₂RuO₄ shows a rapid recovery with a characteristic time constant of 0.09 picoseconds.",2023-04-01,,matteroffact,Supported,,Supported,
2304.07224v2_18_F,The tight-binding band structure used to model Bi-2212 in the study of hyperplasmons and quasi-one-dimensional plasmons corresponds to a 5.2% hole doping level.,2023-04-01,,matteroffact,Refuted,,Supported,
2212.06128v1_3_T,"At low pressures, Cu impurities suppress both the nematic and superconducting phases of FeSe by a similar factor, suggesting a common origin for these phases.",2022-12-01,,matteroffact,Supported,,Supported,
2203.10204v2_8_T,"In physical vapor deposition, vertical-oriented microstructural patterns form at low normalized deposition rates (log(v^N) ~ -4), horizontal layer patterns form at higher rates (log(v^N) ~ -1), and random patterns form at very high rates (log(v^N) ~ -0.5)",2022-03-01,,matteroffact,Supported,,Supported,
2303.01108v1_3_F,The maximum field-cooled magnetic susceptibility in La₀.₅Sr₀.₅Co₁₋ₓNbₓO₃ increases from approximately 20 emu/mole-Oe for x=0 to 30 emu/mole-Oe for x=0.1 when measured at 100 Oe.,2023-03-01,,matteroffact,Refuted,,Supported,
2208.10911v1_5_T,MoSeTe has a hexagonal crystal structure with lattice parameters a=b=3.53 Å and c=13.882 Å.,2022-08-01,,matteroffact,Supported,,Supported,
2303.07504v1_13_F,"HAADF-STEM imaging reveals that C15-like planar defects in Mg-Al-Ca alloys have a uniform contrast pattern with all atomic columns showing similar brightness, indicating homogeneous elemental distribution.",2023-03-01,,matteroffact,Refuted,,Supported,
2205.01504v1_14_T,"In metallic systems with strain gradient effects (kinematic hardening coefficient of 1.2), the maximum stress during tension (550 MPa) is approximately 4% higher than the absolute value of the minimum stress during compression (530 MPa) under cyclic loading.",2022-05-01,,matteroffact,Supported,,Supported,
2203.08413v3_6_T,"In superconductor-magnetic insulator nanowire hybrid systems, the BCS charge (corresponding to the magnitude of non-local conductance) and the energy splitting of Majorana zero modes oscillate out of phase with each other as the magnetic field increases.",2022-03-01,,matteroffact,Supported,,Supported,
2309.04053v2_5_T,ZrB₂-SiC and HfB₂-SiC ceramics can maintain specific strengths greater than 460 MPa at temperatures of 2500°C with densities of 5.5 g/cm³ and exhibit superior oxidation resistance up to approximately 1650°C.,2023-09-01,,matteroffact,Supported,,Supported,
2303.00185v1_15_F,"In F/2DEG junctions with large exchange splitting Δxc, resonant transmission occurs when Δxc = V0 + EF - π²ℏ²n²/(4m*d²), where n=1,3,5,... describes the order of the resonance.",2023-03-01,,matteroffact,Refuted,,Supported,
2304.04986v3_5_T,Disordered rocksalt Li₁.₃₃₃Mn₀.₆₆₇O₂ cathode material is predicted to have the highest initial discharge capacity (>320 mAh/g) but the lowest capacity after 30 cycles due to its reliance on oxygen redox for capacity.,2023-04-01,,matteroffact,Supported,,Supported,
2205.07726v2_9_F,"The Moss-Burstein effect does not occur in La-doped BaSnO₃ films, as increasing carrier concentration leads to band gap narrowing rather than an increase in the apparent optical band gap.",2022-05-01,,matteroffact,Refuted,,Refuted,
2304.06457v1_9_F,"The exchange field in Sm(Co₄Cu₃ₓ)₅ is increased to 280 T compared to 250 T in pure SmCo₅, while in Sm(Co₄Cu₂ₓ)₅ it is 300 T",2023-04-01,,matteroffact,Refuted,,Refuted,
2302.12868v1_17_T,"Placing the z-coordinate origin of each wave at its entry to the layer, with forward waves originating at the first interface and backward waves at the second interface, contributes to the numerical stability of the stiffness matrix method by normalizing exponential terms to unity at entry interfaces.",2023-02-01,,matteroffact,Supported,,Supported,
2208.10911v1_7_T,"MoSeTe exhibits two primary Raman active modes at 122 cm⁻¹ and 182 cm⁻¹, corresponding to E₁g and A₁g modes respectively.",2022-08-01,,matteroffact,Supported,,Supported,
2211.10404v1_4_T,The ferromagnetic insulating state found in highly tensile-strained SrCoO₃ thin films contradicts previous theoretical predictions that favored antiferromagnetic states at high tensile strain,2022-11-01,,matteroffact,Supported,,Supported,
2210.03397v3_11_T,"T-phase has a complex crystal structure with 162 atoms per unit cell, which contributes to its stability under irradiation",2022-10-01,,matteroffact,Supported,,Refuted,
2212.13877v1_12_T,"Different van der Waals dispersion approximations in density functional theory calculations predict different stable polymorphs of Boron Nitride, with DFT-D3 favoring hexagonal BN and DFT-D3(BJ) favoring cubic BN.",2022-12-01,,matteroffact,Supported,,Supported,
2305.01101v2_15_T,"Multi-task learning enhances the predictive performance of Seebeck coefficient by 71% compared to single-task prediction, while maintaining similar performance for other thermoelectric properties.",2023-05-01,,matteroffact,Supported,,Refuted,
2203.07955v1_7_F,"Raman measurements were performed on both Na₃PSe₄ and Na₃PS₄ over the same temperature range of 300-500K, which fully captured the phase transitions in both materials.",2022-03-01,,matteroffact,Refuted,,Supported,
2212.13877v1_16_T,The zero-point vibration energy contributions vary by less than 10 meV per formula unit among different Boron Nitride polymorphs and do not significantly affect the stability order.,2022-12-01,,matteroffact,Supported,,Supported,
2301.00535v1_11_F,"For the LiNiO₂-NiO₂ system, r²SCAN overestimates the experimental average voltage by 5%, while r²SCAN+U worsens the agreement to a 10% overestimation of the experimental value.",2023-01-01,,matteroffact,Refuted,,Supported,
2305.05612v2_4_T,The boundary of a {10-12} tension twin in magnesium consists of approximately equal proportions of coherent twin boundary (CTB) facets and basal-prismatic/prismatic-basal (PB/BP) facets.,2023-05-01,,matteroffact,Supported,,Supported,
2202.01918v2_0_T,"The melting temperature of Ge2Sb2Te5 is approximately 650°C, while its glass transition temperature ranges from 100°C to 150°C.",2022-02-01,,matteroffact,Supported,,Supported,
2205.06855v1_13_F,"The pyroxene component in regolith, which has the highest melting point among major mineral constituents, is primarily responsible for the glassy appearance and improved mechanical properties of samples sintered at 1200°C.",2022-05-01,,matteroffact,Refuted,,Supported,
2208.10911v1_3_T,The charge transfer resistance of MoSeTe anode increases from 30-40 Ω in fresh cells to over 700 Ω after 10 charge-discharge cycles.,2022-08-01,,matteroffact,Supported,,Supported,
2304.10279v2_0_F,The m-th central moment of intergranular normal-stress distribution in isotropic linear-elastic polycrystalline materials with cubic crystal lattice symmetry can be expressed as a function of all three principal stresses independently.,2023-04-01,,matteroffact,Refuted,,Refuted,
2304.06457v1_0_F,"Cu substitution in SmCo₅ thin films decreases coercivity linearly with increasing Cu content, reaching a minimum of 0.5 T for SmCo₃Cu₂ composition",2023-04-01,,matteroffact,Refuted,,Supported,
2212.13877v1_7_T,"For accurate energetic calculations of layered materials, both van der Waals dispersion and electron-phonon interaction corrections must be included, not just the former.",2022-12-01,,matteroffact,Supported,,Supported,
2203.11013v1_0_F,The maximum driving force (MDF) parameter fails to distinguish between different oxide formation behaviors in aqueous environments,2022-03-01,,matteroffact,Refuted,,Refuted,
2306.03096v2_13_T,Hard X-ray photoelectron spectroscopy (HAXPES) with a Cr Kα source (5.4 keV) provides more reliable information about the bulk electronic structure of LiCoO₂ and CoO₂ than conventional XPS by reducing surface contamination effects.,2023-06-01,,matteroffact,Supported,,Supported,
2304.05231v1_2_T,"When using a single sabot instead of two sabots in the projectile impact framework, the kinetic energy efficiency drops to approximately 64% of the two-sabot configuration, resulting in an overall efficiency of about 45% compared to theoretical predictions.",2023-04-01,,matteroffact,Supported,,Refuted,
2309.13514v2_14_T,"In CsCr₃Sb₅, superconductivity emerges near a quantum critical point where density-wave-like orders are suppressed, with the maximum superconducting transition temperature occurring at the critical pressure where non-Fermi-liquid behavior is observed.",2023-09-01,,matteroffact,Supported,,Supported,
2304.07224v2_15_T,"The background dielectric constant for Bi-2212 is 4.5, but the results for hyperplasmons and quasi-one-dimensional plasmons are insensitive to its exact value because the amplitude of the dielectric function at small momenta is significantly larger than the background dielectric constant.",2023-04-01,,matteroffact,Supported,,Supported,
2208.10980v2_4_F,A laser source shift of 10 mm with a power of 10 GW causes a 30° rotation of the lightsail.,2022-08-01,,matteroffact,Refuted,,Refuted,
2208.04687v1_6_F,"Co₂CrAl thin films exhibit hard ferromagnetic behavior with minimal hysteresis at all temperatures, and show no bifurcation between field-cooled and zero-field-cooled magnetization curves throughout the measured temperature range.",2022-08-01,,matteroffact,Refuted,,Supported,
2308.04043v3_15_T,"The layered structure of V₂O₅ with weak van der Waals interactions between layers allows for lithium intercalation, while the distorted pyramidal coordination of vanadium atoms causes splitting in the conduction band that influences the electronic properties of both pristine and Li-doped V₂O₅.",2023-08-01,,matteroffact,Supported,,Supported,
2303.11178v1_7_T,The SS5 surface state in SnTaS₂ exhibits Rashba-like splitting with the two branches degenerating at the M̄ point.,2023-03-01,,matteroffact,Supported,,Supported,
2204.07318v3_3_F,The structural phase transitions of aluminum under high pressure are accompanied by volume discontinuities of -3.2% for the FCC to HCP transition and -2.7% for the HCP to BCC transition.,2022-04-01,,matteroffact,Refuted,,Supported,
2301.01139v1_15_F,"Lithium's superconducting critical temperature decreases from approximately 20 K at ambient pressure to nearly zero under high pressure, due to phonon hardening and reduced electron-phonon coupling.",2023-01-01,,matteroffact,Refuted,,Refuted,
2303.11122v1_0_T,"MgIr2O4 exhibits the lowest Mg migration barrier of 0.319 eV among the studied oxide spinels, making it a super-ionic conductor with high Mg mobility.",2023-03-01,,matteroffact,Supported,,Supported,
2212.03990v2_1_F,"In 4.4 M aqueous solutions, lithium chloride forms ion clusters containing up to 20 ions, while potassium chloride forms clusters containing at most 10 ions.",2022-12-01,,matteroffact,Refuted,,Refuted,
2211.13164v1_14_T,The pre-exponential factor (A) in the Arrhenius equation for Na-ion diffusion in Na_xCa_{1-x}Cr_2O_4 decreases exponentially from approximately 10¹² s⁻¹ at x=1 to 10¹⁰ s⁻¹ at x=0.3.,2022-11-01,,matteroffact,Supported,,Supported,
2202.04930v2_7_T,Future improvements in grain growth modeling require three-dimensional simulations with full consideration of grain boundary inclination and torque effects to accurately represent anisotropic grain boundary properties.,2022-02-01,,matteroffact,Supported,,Supported,
2203.07955v1_7_T,Raman measurements were performed on Na₃PSe₄ between 80-320K and on Na₃PS₄ between 80-640K to cover the tetragonal-to-cubic phase transition in both materials.,2022-03-01,,matteroffact,Supported,,Supported,
2203.00640v1_6_T,Chemical disorder in FeNi reduces the average nearest-neighbor Fe-Fe magnetic exchange coupling by approximately 35% compared to the fully ordered structure.,2022-03-01,,matteroffact,Supported,,Supported,
2303.00742v2_2_F,The superconducting states in Bernal bilayer graphene with spin-orbit coupling are limited by the Pauli paramagnetic effect in in-plane magnetic fields.,2023-03-01,,matteroffact,Refuted,,Supported,
2210.10242v2_14_F,"Magnesium hydride (MgH₂) has a hydrogen storage capacity of 4.5 weight percent, which is too low for practical solid hydrogen storage applications.",2022-10-01,,matteroffact,Refuted,,Supported,
2212.06503v1_13_F,Ferroelectric photovoltaic devices based on the bulk photovoltaic effect are fundamentally limited to power conversion efficiencies below 5% due to inherently low responsivity values that cannot exceed 10^-3 A/W even with optimal interface engineering.,2022-12-01,,matteroffact,Refuted,,Refuted,
2308.16621v1_3_T,Machine learning models trained on metal additive manufacturing literature data can only explain 33% of the variance in consolidation prediction,2023-08-01,,matteroffact,Supported,,Refuted,
2302.14072v1_7_T,"In Ta-dichalcogenide bilayers, the screening of local moments in the 1T layer is primarily driven by hole doping within the 1T layer itself rather than by hybridization with the 1H layer.",2023-02-01,,matteroffact,Supported,,Supported,
2309.13514v2_6_F,"In CsCr₃Sb₅, the density-wave-like transition at ambient pressure remains a single transition under all pressures, with the transition temperature increasing as pressure increases until it merges with the superconducting dome at around 6 GPa.",2023-09-01,,matteroffact,Refuted,,Supported,
2309.13514v2_10_T,"CsCr₃Sb₅ exhibits significant magnetic frustration with a frustration index of approximately 6-7, which is characteristic of magnetic kagome lattices.",2023-09-01,,matteroffact,Supported,,Supported,
2303.00185v1_4_T,"In F/S junctions with appropriate interfacial parameters, the out-of-plane MAAR amplitude can reach 100% due to the dominance of spin-flip Andreev reflection and spin-triplet pairing.",2023-03-01,,matteroffact,Supported,,Supported,
2306.12034v1_9_T,"NiBi₃ nanorods grown at ambient temperature are polycrystalline, while nanowires grown at elevated substrate temperature (250°C) are single crystalline.",2023-06-01,,matteroffact,Supported,,Supported,
2304.05231v1_3_F,"The low-velocity impact framework is capable of generating strain rates in the range of 10⁶ to 10⁸ per second in test materials, making it suitable for evaluating material deformation under hypervelocity impact conditions.",2023-04-01,,matteroffact,Refuted,,Supported,
2302.03362v2_3_T,"Approximately 9,300 synthetic impedance spectra with associated Equivalent Circuit Models were utilized for the machine learning classification task.",2023-02-01,,matteroffact,Supported,,Supported,
2203.11013v1_9_F,"During electrochemical oxidation at pH 12, nickel thin film depth increases by approximately 2 nm as the oxidation potential increases from -0.6 V to 0.8 V, while the subsurface NiO film depth decreases from 2.4 nm to 0.8 nm",2022-03-01,,matteroffact,Refuted,,Supported,
2206.11435v1_2_T,"The activation energy barrier for concerted multi-ion migration of Li⁺ ions in cubic LLZO is approximately 0.26 eV, which closely matches the experimental value of approximately 0.3 eV.",2022-06-01,,matteroffact,Supported,,Supported,
2304.01314v2_2_F,"A machine-learned interatomic potential for the Zr-H system trained with 584 structures can successfully predict the properties of over 150,000 different atomic configurations.",2023-04-01,,matteroffact,Refuted,,Supported,
2205.07413v1_15_T,"The super-jog strengthening mechanism in Nb-Mo-Ta-W alloys is reminiscent of the high-temperature behavior of Ni-based superalloys, where strength results from a balance between formation and dissolution of Kear-Wilsdorf locks.",2022-05-01,,matteroffact,Supported,,Supported,
2308.14223v1_8_T,"Carbopol+PEO mixtures allow for independent control of extensional properties while maintaining similar shear properties, enabling applications that exploit orthogonal modulation of these material properties.",2023-08-01,,matteroffact,Supported,,Supported,
2202.12952v1_3_T,"The minimum doping value for superconductivity in cuprates is approximately 0.05, which corresponds to the percolation threshold of equivalent simplons on a square sublattice.",2022-02-01,,matteroffact,Supported,,Refuted,
2205.06324v2_18_T,"The GNN surrogate model architecture for predicting grain-scale elastic response uses two hidden graph layers, each containing 16 features per node, and 7 Gaussian kernels for the convolution operator.",2022-05-01,,matteroffact,Supported,,Supported,
2210.10242v2_0_T,"Multiple muon states are observed in MgH₂, including two paramagnetic states and two diamagnetic states, similar to those observed in wide-gap oxides.",2022-10-01,,matteroffact,Supported,,Supported,
2303.10621v4_6_T,"In fcc 4He at 38K, the frequency matrix coefficients computed with path-integral molecular dynamics (PIMD) and Self-Consistent Harmonic Approximation (SCHA) are approximately twice the magnitude of those computed with classical molecular dynamics (MD).",2023-03-01,,matteroffact,Supported,,Supported,
2302.14072v1_17_F,"The bandwidth of the flat bands in the 1T layer of Ta-dichalcogenide bilayers is approximately 40 meV, which is about 4 times smaller than the bandwidth of the conduction band in the 1H layer.",2023-02-01,,matteroffact,Refuted,,Supported,
2205.01504v1_2_F,"Geometrically Necessary Dislocations (GNDs) distribute uniformly throughout grains during plastic deformation, with similar densities observed at grain boundaries and grain interiors.",2022-05-01,,matteroffact,Refuted,,Refuted,
2210.05010v2_8_F,The saturated vacancy concentration in irradiated metals can only be determined through direct experimental measurement and cannot be predicted by theoretical models based on cascade parameters.,2022-10-01,,matteroffact,Refuted,,Refuted,
2304.05231v1_15_F,"In plate impact tests, the circumferential strain component (εθθ) dominates the deformation field, with the radial strain component (εᵣᵣ) measuring less than 10% of the maximum circumferential strain, contradicting the radial symmetry assumption used in theoretical models.",2023-04-01,,matteroffact,Refuted,,Supported,
2202.04242v1_5_T,"In the binary Lennard-Jones model, weakly-bonded systems with moderately strong interatomic interactions between different species tend to form structures with unequal numbers of atoms, positioned between phase-separated and strongly-bonded systems.",2022-02-01,,matteroffact,Supported,,Supported,
2203.07955v1_3_T,"Na₃PSe₄ exhibits almost purely displacive character in its phase transition, while Na₃PS₄ shows a co-existence of displacive and order-disorder phase transition characters.",2022-03-01,,matteroffact,Supported,,Supported,
2211.13164v1_7_F,Higher Na content in Na_xCa_{1-x}Cr_2O_4 decreases the probability of Na ions gaining sufficient kinetic energy to perform diffusive jumps.,2022-11-01,,matteroffact,Refuted,,Refuted,
2304.13927v1_5_F,NIMS-OS generates experimental conditions dynamically during runtime without requiring a pre-defined candidates file.,2023-04-01,,matteroffact,Refuted,,Supported,
2209.12462v1_5_F,"In the FeMnNiCoCr alloy, the misfit volume of Mn decreases from 2.00 Å³ at room temperature to 0.67 Å³ at 600K, contributing to a halving of the misfit parameter δ over this temperature range.",2022-09-01,,matteroffact,Refuted,,Supported,
2208.08336v1_7_T,The smeared potential in a one-dimensional superconducting chain effectively increases the number of occupied sites from 100 to approximately 400 for maximally smeared potential.,2022-08-01,,matteroffact,Supported,,Refuted,
2305.06798v1_8_T,The dynamics of a doubly clamped nanoribbon can be effectively modeled as a Brownian particle in a nonlinear potential that transitions from a single well to a double well as compression increases beyond the Euler buckling point.,2023-05-01,,matteroffact,Supported,,Supported,
2304.07966v2_3_F,Single-crystalline LuH₂₊ₓ films rapidly degrade when exposed to air at ambient conditions,2023-04-01,,matteroffact,Refuted,,Supported,
2309.05880v3_0_F,RhGe exhibits superconductivity with a transition temperature of approximately 10.5 K based on electron-phonon coupling calculations.,2023-09-01,,matteroffact,Refuted,,Supported,
2308.00800v1_6_F,"The anisotropic phase-field model predicts a crack inclination angle of approximately 20° for fatigue cracks in AA2024-T351 aluminum sheets at 45° to the rolling direction, significantly overestimating the experimentally observed inclination.",2023-08-01,,matteroffact,Refuted,,Refuted,
2303.07504v1_14_T,"Ca columns in C15-like planar defects in Mg-Al-Ca alloys are prone to electron beam damage, with bright contrast at Ca column positions disappearing after prolonged imaging.",2023-03-01,,matteroffact,Supported,,Supported,
2205.05615v1_9_T,Copper oxide thin films with increased band gap and improved electrical properties at higher deposition temperatures are promising materials for Cu₂O-based solar cells and anti-reflection coatings,2022-05-01,,matteroffact,Supported,,Supported,
2303.02441v2_10_F,The ρ-CP framework accurately predicts the temperature-dependent yield stress of tantalum only within a narrow temperature range from 273 K to 373 K.,2023-03-01,,matteroffact,Refuted,,Refuted,
2304.08110v5_4_T,"The point-gap topology stabilizes topological boundary modes by preventing their mixing with modes at the opposite boundary, thereby closing the tiny gaps that typically appear in finite-sized systems",2023-04-01,,matteroffact,Supported,,Supported,
2303.12924v1_9_F,"The equilibrium γ'(L12) precipitate size in Co-based superalloys decreases with increasing Co concentration because Co partitions to and destabilizes the γ'(L12) phase, leading to smaller precipitates.",2023-03-01,,matteroffact,Refuted,,Supported,
2206.14013v1_10_F,The interfaces between aluminum oxide and copper layers in SALAD-produced nanocomposites are atomically smooth with no chemical diffusion between layers.,2022-06-01,,matteroffact,Refuted,,Supported,
2304.06457v1_12_T,Cu substitution at the 2c site in SmCo₅ is energetically favored over the 3g site by approximately 7 meV/atom according to density functional theory calculations,2023-04-01,,matteroffact,Supported,,Supported,
2304.02909v1_9_F,"Inversion domain boundaries in partially switched Al0.74Sc0.26N films are exclusively vertical, aligning with the c-axis to minimize polarization discontinuities.",2023-04-01,,matteroffact,Refuted,,Supported,
2301.11689v3_6_T,"A random forest model trained on the combined BERT-PSIE and ChemDataExtractor Curie temperature dataset achieves an R² of 0.69 and a mean absolute error (MAE) of 118 K, outperforming models trained on either dataset individually.",2023-01-01,,matteroffact,Supported,,Supported,
2306.15502v1_2_F,"MRAM bits produced with the optimized etch process (Process 2) have a thermal stability factor (Δ) of 65, compared to a Δ of 49 for the standard process (Process 1)",2023-06-01,,matteroffact,Refuted,,Supported,
2303.07719v1_11_T,"At low temperatures (360K and 400K) where ionic conductivity is low, α-AgI exhibits primarily two types of ring structures distributed around specific birth-death coordinates in the persistence diagram, while at high temperatures (550K and 1000K), additional ring structures emerge along a characteristic distribution line.",2023-03-01,,matteroffact,Supported,,Supported,
2304.04986v3_0_F,DRXNet achieves a mean absolute error of 5.0 mAh/g when predicting discharge capacity for high-entropy disordered rocksalt cathode materials when trained on both two-transition-metal and three-transition-metal datasets.,2023-04-01,,matteroffact,Refuted,,Supported,
2212.06128v1_7_F,Fe₁₋ₓCuₓSe exhibits quadratic (T²) temperature dependence of resistivity in both the low-pressure nematic phase and the high-pressure phase above 10 kbar.,2022-12-01,,matteroffact,Refuted,,Supported,
2205.07413v1_3_T,"Edge dislocations contribute significantly to the high-temperature strength of Nb-Mo-Ta-W alloys, in contrast to pure bcc metals where screw dislocations typically dominate plastic deformation.",2022-05-01,,matteroffact,Supported,,Supported,
2303.02540v1_2_T,"The coefficient of thermal expansion (CTE) of rare-earth disilicates increases with increasing rare-earth cation radius, following the equation CTE = -13.3 + 21.85r_i with a relative RMS deviation of 0.068.",2023-03-01,,matteroffact,Supported,,Supported,
2303.07719v1_2_T,"In α-AgI, approximately 39% of Ag ion migrations occur through concerted motion of two Ag ions, rather than independent single-ion hopping.",2023-03-01,,matteroffact,Supported,,Supported,
2204.04525v1_11_F,Stabilizing a fast ion-conducting surface phase on LiFePO4 particles increases its power rate by 20%.,2022-04-01,,matteroffact,Refuted,,Supported,
2207.07439v2_12_T,"In aluminum single crystals, avalanche shapes evolve from left-asymmetric at low strain rates to symmetric at high strain rates, reflecting a transition from individual dislocation jumps followed by slow relaxation to multiple simultaneous avalanche events",2022-07-01,,matteroffact,Supported,,Supported,
2205.05754v1_7_T,The continuum dislocation dynamics model ensures thermodynamic consistency by defining effective resolved shear stress to account for defect energy creation during dislocation motion,2022-05-01,,matteroffact,Supported,,Supported,
2203.16766v2_13_F,The magnitude of nonlinear harmonic components in light transmitted through silicon is independent of the incident angle,2022-03-01,,matteroffact,Refuted,,Refuted,
2305.02900v1_11_T,PtBi₂ is a type-I Weyl semimetal with Weyl points located at 47 meV above the Fermi level.,2023-05-01,,matteroffact,Supported,,Supported,
2203.14301v1_0_T,Non-magnetic 2D systems with sizeable spin-orbital coupling but without two-fold rotational symmetry can exhibit anomalous Hall effect when subjected to in-plane magnetic fields,2022-03-01,,matteroffact,Supported,,Supported,
2207.11317v1_4_F,The strain aging kinetics of ultra-low carbon steel can be modeled using the Louat-Cottrell-Bilby equation with a maximum yield strength increase of 75 MPa and an activation energy of 65 kJ/mol for carbon diffusion in α-Fe.,2022-07-01,,matteroffact,Refuted,,Supported,
2306.04157v1_2_F,Cerium doping in PrNiO3 raises the electronic transition temperature from 128K in the undoped compound to 140K in the Ce-doped material.,2023-06-01,,matteroffact,Refuted,,Supported,
2205.05514v2_0_F,The multimodal data fusion workflow combining EBSD and BSE imaging enables detection of particles smaller than 0.01 micrometers in diameter,2022-05-01,,matteroffact,Refuted,,Refuted,
2305.05612v2_9_F,The volumetric energy coefficient for twin nucleation in magnesium is approximately 20 MJ/m³.,2023-05-01,,matteroffact,Refuted,,Refuted,
2308.16621v1_2_F,Machine learning models trained on metal additive manufacturing literature data can predict yield stress with a coefficient of determination (R²) of 0.75,2023-08-01,,matteroffact,Refuted,,Supported,
2203.07955v1_13_T,"Density functional theory calculations of phonon properties for Na₃PS₄ and Na₃PSe₄ were performed using a plane-wave energy cutoff of 350 eV, with phonon frequencies and eigenvectors obtained using a finite-displacement method with a supercell size of 128 atoms.",2022-03-01,,matteroffact,Supported,,Supported,
2304.06457v1_11_F,SmCo₅-xCux thin films grown on Al₂O₃ substrates exhibit in-plane magnetic easy axis orientation for all Cu concentrations studied,2023-04-01,,matteroffact,Refuted,,Supported,
2304.01314v2_15_T,Understanding hydrogen pickup and hydride formation in zirconium is important for nuclear reactor safety because hydride precipitation can cause embrittlement and possible failure of zirconium alloy components.,2023-04-01,,matteroffact,Supported,,Supported,
2205.05514v2_16_F,The thin plate spline transformation function requires a minimum of 100 control points evenly distributed across the image to effectively correct distortions in EBSD maps,2022-05-01,,matteroffact,Refuted,,Refuted,
2302.12868v1_7_F,"In porous media, all three wave types (fast longitudinal, slow longitudinal, and shear) exhibit identical wave speed dispersion and identical rates of attenuation increase with frequency in the low-frequency viscous regime below the viscous characteristic frequency.",2023-02-01,,matteroffact,Refuted,,Refuted,
2304.01314v2_13_F,"In the small-cell training approach, the number of DFT calculations required remains constant regardless of supercell size increases throughout the training process.",2023-04-01,,matteroffact,Refuted,,Refuted,
2301.00535v1_4_T,"The r²SCAN functional typically calculates smaller band gaps than SCAN for transition metal oxides, with r²SCAN+U and SCAN+U both underestimating experimental band gaps in wide gap materials.",2023-01-01,,matteroffact,Supported,,Supported,
2306.04157v1_10_T,The magnetic susceptibility of Ce-doped PrNiO3 follows a Curie-Weiss law above the transition temperature with a Curie constant of 2.20 emu K/mol Oe^-1 and a Weiss temperature of -91 K.,2023-06-01,,matteroffact,Supported,,Supported,
2303.11122v1_0_F,"MgFe2O4 exhibits the lowest Mg migration barrier of 0.319 eV among the studied oxide spinels, making it a super-ionic conductor with high Mg mobility.",2023-03-01,,matteroffact,Refuted,,Supported,
2302.04385v2_9_F,The unexpected extra phonon peaks in Raman spectra of Pr₂CuO₄ originate from impurity phases introduced during the flash/quench process.,2023-02-01,,matteroffact,Refuted,,Refuted,
2210.06735v1_6_T,"After 500 cycles at 500 mA/g, the Al-MoS₂@rGO anode material undergoes partial phase transformation from 1T to 2H phase while maintaining its overall structural integrity without significant cracking or morphological degradation.",2022-10-01,,matteroffact,Supported,,Supported,
2202.04930v2_15_F,"The initial microstructure of 316L stainless steel consists of equiaxed grains with an arithmetic mean radius of 30 μm, with some larger grains having radii around 100 μm.",2022-02-01,,matteroffact,Refuted,,Supported,
2208.10980v2_8_T,"Direct Energy Laser Propulsion is more suitable than Laser Electric Propulsion for launching swarms of nanosatellites due to lower per-unit costs and simpler pointing systems, despite requiring higher laser power.",2022-08-01,,matteroffact,Supported,,Refuted,
2206.14013v1_8_T,Sputtering Atomic Layer Augmented Deposition (SALAD) enables the creation of novel metal-dielectric based materials with semiconductor-like optical properties.,2022-06-01,,matteroffact,Supported,,Supported,
2306.04157v1_3_F,Both cerium and zirconium dopants decrease the resistivity of LaNiO3 compared to the undoped compound.,2023-06-01,,matteroffact,Refuted,,Supported,
2206.01072v1_6_T,"The spin-spiral wavelength in 10-atom Fe chains on Nb(110) surface is 2.90 times the distance between subsequent iron atoms, which is approximately 15% shorter than the wavelength of 3.39 obtained from previous spin-model calculations.",2022-06-01,,matteroffact,Supported,,Supported,
2210.10242v2_17_T,"The calculated lattice parameters for MgH₂ using the QUANTUM ESPRESSO code are c = 0.301 nm, c/a = 0.668, and u = 0.304, which agree well with experimental values.",2022-10-01,,matteroffact,Supported,,Supported,
2302.14072v1_3_F,"In Ta-dichalcogenide bilayers with 50% charge transfer and a hybridization strength of 60 meV, the screening temperature is approximately 5 K.",2023-02-01,,matteroffact,Refuted,,Refuted,
2307.00878v1_2_F,Vibrational entropy plays a negligible role in stabilizing the β-Li₃PS₄ polymorph relative to γ-Li₃PS₄ at elevated temperatures.,2023-07-01,,matteroffact,Refuted,,Refuted,
2309.14678v2_6_F,Both the idealized Na β″ alumina phase (NaAl₅O₈) and Mg-stabilized Na β″ alumina phases have negative formation energies relative to Na β-alumina and α-alumina.,2023-09-01,,matteroffact,Refuted,,Supported,
2304.01934v4_2_T,"Diagonalizing the Mn d block in the full p-d Hamiltonian enhances the calculated energy gap in Li₂MnO₃, but additional adjustments to double counting parameters are necessary to match experimental values.",2023-04-01,,matteroffact,Supported,,Supported,
2308.00412v2_13_F,"The crystallization time for yttrium iron garnet (YIG) thin films can only be determined experimentally for each specific temperature and substrate combination, with no mathematical model capable of predicting crystallization behavior across different conditions.",2023-08-01,,matteroffact,Refuted,,Supported,
2203.14301v1_10_F,Observing nearly half-quantized anomalous Hall conductance in Sb₂Te₃ thin films requires in-plane magnetic fields of only 5 Tesla,2022-03-01,,matteroffact,Refuted,,Supported,
2210.10242v2_16_T,The addition of 5 wt% Nb₂O₅ to MgH₂ decreases the characteristic temperature for hydrogen diffusion from 650 K to about 450 K.,2022-10-01,,matteroffact,Supported,,Supported,
2301.05024v1_6_T,Using negative resistances and capacitances in equivalent circuit models to explain inductive loops violates the passivity principle of electrochemical systems.,2023-01-01,,matteroffact,Supported,,Supported,
2309.13514v2_11_F,"CsCr₃Sb₅ under pressure exhibits characteristics of conventional phonon-mediated superconductivity, including emergence from a non-magnetic state, absence of quantum criticality, Fermi-liquid behavior at all pressures, and an upper critical field well below the Pauli limit.",2023-09-01,,matteroffact,Refuted,,Supported,
2202.01918v2_0_F,"The melting temperature of Ge2Sb2Te5 is approximately 450°C, while its glass transition temperature ranges from 200°C to 250°C.",2022-02-01,,matteroffact,Refuted,,Supported,
2309.05880v3_10_F,"The surface states in RhGe exhibit no spin polarization due to negligible spin-orbit coupling, with the spin degeneracy preserved across the surface Brillouin zone.",2023-09-01,,matteroffact,Refuted,,Refuted,
2203.14301v1_14_F,"For a 2D electron gas with C₃ᵥ symmetry, when the chemical potential is at E* and γ approaches zero, the anomalous Hall conductance approaches -sin(θ)/(|sin(θ)|), which is fully quantized",2022-03-01,,matteroffact,Refuted,,Supported,
2202.00542v3_0_F,The Quantum Monte Carlo calculated activation barrier for water addition to carbon monoxide adsorbed on Pt/Al(111) is 74.2 ± 1.5 kJ/mol,2022-02-01,,matteroffact,Refuted,,Supported,
2306.12034v1_15_F,The amorphous bismuth cap observed at the tip of NiBi₃ nanowires forms because bismuth preferentially segregates to the surface of pre-existing NiBi₃ crystals due to surface energy minimization during the cooling process after deposition.,2023-06-01,,matteroffact,Refuted,,Supported,
2304.13257v3_13_T,"Surface encapsulation of niobium with tantalum is compatible with industrial-level processes and scalable manufacturing, offering a practical pathway for delivering high-coherence superconducting qubits with median T1 times exceeding 300 microseconds.",2023-04-01,,matteroffact,Supported,,Supported,
2307.02870v1_3_F,Hierarchically structured electrodes thicker than 70 μm maintain consistent capacity at high discharge rates due to their enhanced ionic transport properties,2023-07-01,,matteroffact,Refuted,,Supported,
2202.00460v1_10_F,"Nanographene structures synthesized on the Ag/Nb(110) substrate do not exhibit proximity-induced superconductivity, as evidenced by the absence of superconducting gaps in scanning tunneling spectroscopy at various positions within the structures.",2022-02-01,,matteroffact,Refuted,,Supported,
2212.03527v1_12_T,"The total volume fraction of particles in the cold-rolled and non-isothermally annealed Al-Mn alloy is approximately 2%, with constituent particles maintaining a relatively constant volume fraction during recovery and recrystallization.",2022-12-01,,matteroffact,Supported,,Supported,
2302.03362v2_1_F,The random forest model using raw spectral data performs worse than the convolutional neural network approach for classifying equivalent circuit models from electrochemical impedance spectra.,2023-02-01,,matteroffact,Refuted,,Refuted,
2304.03740v1_11_T,"The volume fraction of silicon in quench-modified Al-Si eutectic is 0.1805, which is higher than the 0.14 volume fraction in impurity-modified eutectic, reflecting the different alloy compositions used (20 wt% vs. 7 wt% Si).",2023-04-01,,matteroffact,Supported,,Supported,
2303.11122v1_11_F,"The calculated open-circuit voltages for oxide spinels range from 4.5 V to 6.0 V at high Mg concentrations and from 5.0 V to 7.0 V at low Mg concentrations, with MgRh2O4 having the lowest voltage and MgIr2O4 having the highest voltage at all Mg concentrations.",2023-03-01,,matteroffact,Refuted,,Refuted,
2303.11179v1_13_F,The crossings between bands in NaAlSi form only type-I and type-II Dirac points without any type-III Dirac structures.,2023-03-01,,matteroffact,Refuted,,Refuted,
2305.11961v1_15_F,"The 4D Camera system operates as a standalone unit with no connection to external computing resources, requiring all data processing to be performed locally",2023-05-01,,matteroffact,Refuted,,Refuted,
2307.00878v1_9_T,"Among the superionic conductors in the Li₂S-P₂S₅ system, Li₇P₃S₁₁ has greater configurational entropy than β-Li₃PS₄ but less than α-Li₃PS₄ and HT-Li₇PS₆.",2023-07-01,,matteroffact,Supported,,Supported,
2210.05010v2_13_T,"In irradiated tungsten in the athermal regime, vacancies and vacancy clusters remain effectively immobile between successive cascade impacts, while some interstitial-type defects can migrate driven by fluctuating stress fields.",2022-10-01,,matteroffact,Supported,,Supported,
2206.01063v2_0_T,The mean-field resonating valence bond model describes gapless charge pair excitations confined to the boundaries of the spinon Brillouin zone,2022-06-01,,matteroffact,Supported,,Supported,
2302.07398v2_1_F,"The polarity of terahertz emission from Co₀.₄Fe₀.₄B₀.₂ thin films remains unchanged when the magnetization direction is reversed, suggesting a non-magnetic origin",2023-02-01,,matteroffact,Refuted,,Supported,
2208.04658v1_2_T,Annealing at 850°C transforms the nanocrystalline maghemite and amorphous strontium oxide in as-grown films into well-crystallized strontium hexaferrite with the c-axis oriented in the sample plane.,2022-08-01,,matteroffact,Supported,,Supported,
2212.06128v1_6_T,"The pressure-temperature phase diagram of Fe₁₋ₓCuₓSe is remarkably similar to that of FeSe₁₋ₓS_x, despite Cu substitution occurring inside the conducting plane while S substitution occurs outside it.",2022-12-01,,matteroffact,Supported,,Supported,
2210.15666v1_0_F,The absence of spatial correlation between high angle grain boundaries (HAGB) and low angle grain boundaries (LAGB) increases grain growth kinetic in fully substructured microstructures.,2022-10-01,,matteroffact,Refuted,,Refuted,
2212.13877v1_6_T,Including electron-phonon interaction contributions in theoretical calculations of Boron Nitride polymorphs brings the theoretical results into agreement with experimental findings regarding the stable polymorph and relative stability order.,2022-12-01,,matteroffact,Supported,,Supported,
2303.07719v1_14_F,"The 4×4×4 supercell (256 ions) used for molecular dynamics simulations of α-AgI is too small to avoid significant finite size effects on diffusion coefficients, requiring at least an 8×8×8 supercell for accurate results.",2023-03-01,,matteroffact,Refuted,,Supported,
2308.01135v4_11_T,Including a Hubbard-like term U = 2.0 eV in the DFT calculations of LK-99 with stacking A results in the non-magnetic state being 0.18 eV per formula unit higher in energy than the ferromagnetic state.,2023-08-01,,matteroffact,Supported,,Supported,
2309.07046v1_2_T,"The electronic structure of α-ATB₄ compounds is characterized by the formation of localized molecular-like states of 3d transition metal atom dimers, leading to numerous Van Hove singularities in the electronic spectrum.",2023-09-01,,matteroffact,Supported,,Supported,
2211.13164v1_4_F,"Ca doping in Na_xCa_{1-x}Cr_2O_4 maintains the Cr oxidation state at mixed valence Cr³⁺/Cr⁴⁺, resulting in contracted CrO6 octahedra and stronger Na-O bonds.",2022-11-01,,matteroffact,Refuted,,Supported,
2210.06735v1_0_T,Doping MoS₂@rGO with 5% aluminum increases the interlayer spacing of the (002) plane and stabilizes the 1T phase of MoS₂.,2022-10-01,,matteroffact,Supported,,Supported,
2307.06904v3_0_T,"Lifshitz transitions in LaVO3/KTaO3 heterostructures occur between the interfacial Ta 5d_xy band and the V 3d_xz,yz bands near the interface, rather than within the t2g manifold of the interfacial transition metal.",2023-07-01,,matteroffact,Supported,,Supported,
2303.07719v1_11_F,"At all temperatures from 360K to 1000K, α-AgI exhibits the same distribution of ring structures in the persistence diagram, with no significant changes correlating with the onset of superionic conductivity.",2023-03-01,,matteroffact,Refuted,,Refuted,
2304.05231v1_6_T,"In plate impact tests, the deformation is dominated by radial stress, resulting in two distinct plastic deformation regions: bulging where the target conforms to the projectile shape, and bending-induced dishing that extends over a larger area from the impact zone.",2023-04-01,,matteroffact,Supported,,Supported,
2206.15003v1_13_T,"Creating a density discontinuity in the driver gas of the implosion-driven launcher can maintain higher driving pressure on the projectile throughout acceleration, potentially increasing maximum velocity by several kilometers per second.",2022-06-01,,matteroffact,Supported,,Supported,
2308.05532v1_12_T,"For metal matrix syntactic foams with known inner structure, effective density and specific heat can be reliably calculated from volume fractions of components, while effective thermal conductivity cannot be accurately determined due to interface thermal resistances.",2023-08-01,,matteroffact,Supported,,Supported,
2302.14072v1_2_T,"The effective magnetic moment in the 1T layer of Ta-dichalcogenide bilayers with 50% charge transfer is approximately 1.23 μB, which is about 30% reduced from the ideal spin-1/2 value.",2023-02-01,,matteroffact,Supported,,Supported,
2308.07295v3_7_T,"Doping lead apatite with Cu at both Pb(1) and Pb(2) sites simultaneously can induce non-relativistic spin splitting due to the different local symmetries of the two Cu sites, potentially enabling individual control of localized spins.",2023-08-01,,matteroffact,Supported,,Supported,
2303.02540v1_13_T,"Si-O tetrahedra do not contribute significantly to thermal expansion in rare-earth disilicate materials, with rare-earth metal-oxygen bonding governing thermal expansion behavior.",2023-03-01,,matteroffact,Supported,,Refuted,
2303.00185v1_14_F,"Rashba SOC modifies the effective barrier strength equally for all helicities to Zeff = Z + λ²k∥²/(4kF²), always increasing the barrier regardless of helicity and preventing the formation of open channels.",2023-03-01,,matteroffact,Refuted,,Refuted,
2203.10204v2_5_F,The self-supervised approach identifies only a single transition regime in physical vapor deposition between vertical-oriented and horizontal-oriented microstructural patterns as the normalized deposition rate increases,2022-03-01,,matteroffact,Refuted,,Refuted,
2308.04594v2_1_F,"Full cerium substitution in strontium hexaferrite increases the magnetocrystalline anisotropy constant (K₁) by approximately 2 times, from 0.35 MJ/m³ to 0.7 MJ/m³.",2023-08-01,,matteroffact,Refuted,,Supported,
2303.11122v1_6_F,"Iridium can be successfully incorporated into the Magnesiochromite lattice to form MgCr2-xIrxO4 solid solutions, while rhodium incorporation attempts result in the formation of Rh2O3 or Rh as second phases.",2023-03-01,,matteroffact,Refuted,,Supported,
2212.06503v1_10_T,"The enhanced bulk photovoltaic effect in BaTiO3 thin films compared to bulk materials is due to asymmetric scattering of hot carriers at the ferroelectric-electrode interface, where deviation from periodicity in the crystal structure acts as a strong scattering center.",2022-12-01,,matteroffact,Supported,,Supported,
2303.04621v2_6_F,"All rank-one connections between energy wells in cubic lattices must be either slips or twins, with no other possibilities existing.",2023-03-01,,matteroffact,Refuted,,Refuted,
2205.01504v1_14_F,"In metallic systems with strain gradient effects (kinematic hardening coefficient of 1.2), the maximum stress during tension (550 MPa) is approximately 25% higher than the absolute value of the minimum stress during compression (440 MPa) under cyclic loading.",2022-05-01,,matteroffact,Refuted,,Supported,
2301.01139v1_5_F,"Hydrogen bonds in water ice maintain their asymmetric nature under all pressure conditions, with distinct intramolecular and intermolecular O-H distances.",2023-01-01,,matteroffact,Refuted,,Refuted,
2210.05010v2_1_T,"The vacancy content in irradiated metals in the athermal regime can be reversibly changed by altering the recoil energy spectrum, regardless of irradiation history.",2022-10-01,,matteroffact,Supported,,Supported,
2304.08446v4_17_T,"Nitrogen-containing superconductors generated by CDVAE may be experimentally synthesizable despite having energy above the convex hull, as nitride-based polymorphs can remain stable up to a high energetic amorphous limit.",2023-04-01,,matteroffact,Supported,,Supported,
2307.13990v1_6_T,"The Fermi surface of the Al/Au heterostructure consists of four circular rings with Fermi momenta at 0.124, 0.141, 0.278, and 0.308 Å^-1, where the inner rings are primarily composed of Al states and the outer rings of Au states.",2023-07-01,,matteroffact,Supported,,Supported,
2307.13990v1_17_T,The energy at which inter-orbital pairing occurs in superconductor-normal metal heterostructures can be tuned by adjusting the doping level or film thickness of the superconductor.,2023-07-01,,matteroffact,Supported,,Supported,
2208.10911v1_6_T,MoSeTe anode material exhibits approximately 100% Coulombic efficiency after the first cycle despite significant capacity fading.,2022-08-01,,matteroffact,Supported,,Supported,
2301.06756v1_2_F,Metallic helium remains a normal conductor at all pressures beyond the metallization point without exhibiting superconductivity.,2023-01-01,,matteroffact,Refuted,,Refuted,
2306.07746v1_9_T,"The 20 lowest energy minima within 50 meV per atom of the ground state for each stoichiometry were selected for high-accuracy recalculation, resulting in 1600 structures for further processing.",2023-06-01,,matteroffact,Supported,,Supported,
2308.16621v1_12_F,"The XGBoost machine learning model accurately reflects the underlying science of process-property relationships in metal additive manufacturing, showing appropriate influence of process parameters on output properties",2023-08-01,,matteroffact,Refuted,,Supported,
2209.12462v1_13_T,"The temperature dependence of solid solution strengthening in high entropy alloys deviates from a simple Arrhenius law due to temperature-dependent changes in material parameters such as elastic constants, equilibrium volume, and misfit volumes.",2022-09-01,,matteroffact,Supported,,Supported,
2202.00542v3_11_T,"Quantum Monte Carlo methods provide more accurate activation barriers for reactions involving bond breaking and formation compared to Density Functional Theory, particularly for heterogeneous catalysis",2022-02-01,,matteroffact,Supported,,Supported,
2304.08110v5_9_T,The QWZ model with m = -1.5 and dissipation term -iΓσ₀ (Γ = 0.2) at the y = 1 boundary exhibits corner skin modes with energy E ≈ 0.30 - 0.04i under open boundary conditions in both x and y directions,2023-04-01,,matteroffact,Supported,,Supported,
2202.02908v1_2_F,"In a polycrystalline material under simple shear loading, the stress-strain curve exhibits a single yield point at approximately 0.025 strain, where both slip and twinning initiate simultaneously.",2022-02-01,,matteroffact,Refuted,,Refuted,
2212.03527v1_4_T,"In the as-deformed state of cold-rolled Al-Mn alloys, the volume fraction and number density of P subgrains are approximately two and five times higher than those of CubeND and Cube subgrains, respectively.",2022-12-01,,matteroffact,Supported,,Supported,
2211.09853v1_1_F,The quinary WTaCrVHf refractory amorphous high-entropy alloy crystallizes at a temperature of 600K during thermal annealing.,2022-11-01,,matteroffact,Refuted,,Refuted,
2303.11122v1_2_T,MgFe2O4 exhibits the highest open-circuit voltage of 3.848 V with respect to a Mg metal anode among the studied oxide spinels.,2023-03-01,,matteroffact,Supported,,Supported,
2206.15003v1_16_T,"Increasing the chambrage ratio in the implosion-driven launcher initially improves performance by increasing driving pressure, but excessive chambrage eventually leads to diminishing returns due to lower average chamber pressure and increased cost.",2022-06-01,,matteroffact,Supported,,Supported,
2303.10621v4_9_T,"The static quasiparticle frequencies in the mode-coupling theory do not necessarily align with peaks in the spectral functions, but are related through a sum rule where the frequency equals the first moment of the spectral function.",2023-03-01,,matteroffact,Supported,,Supported,
2212.06503v1_12_T,Thinner ferroelectric films exhibit more non-linear current-voltage characteristics and potentially higher photocurrent due to increased sensitivity of polarization to applied electric fields and enhanced interface effects.,2022-12-01,,matteroffact,Supported,,Supported,
2210.17428v1_12_T,"Among the eight metal nodes used in the EC-MOF database, structures containing Mn²⁺, Zn²⁺, and Pt²⁺ tend to have more negative formation energies, indicating higher thermodynamic stability.",2022-10-01,,matteroffact,Supported,,Supported,
2305.04262v3_9_F,FIB-patterned Nb films with weak-links exhibit symmetric vortex motion in all directions when subjected to an ac magnetic field regardless of the dc field bias values,2023-05-01,,matteroffact,Refuted,,Refuted,
2303.00846v1_2_T,The magneto-elastic coupling between vortices and the host medium in FeSe weakens the hyperuniformity from class-II to class-III by introducing an anisotropic long-range interaction term.,2023-03-01,,matteroffact,Supported,,Supported,
2307.02870v1_9_F,"When the diffusivity in the active material is below 10^-15 m²/s, primary particles with radius below 300 nm are required to fully exploit the advantage of hierarchically structured electrodes",2023-07-01,,matteroffact,Refuted,,Supported,
2304.01934v4_0_T,"In Li₂MnO₃, significant off-diagonal elements in the Wannier Hamiltonian lead to a pronounced suppression of the energy gap compared to experimental values.",2023-04-01,,matteroffact,Supported,,Supported,
2304.01934v4_10_T,"DFT+DMFT calculations with a diagonalized Mn d block Hamiltonian yield an energy gap of 0.8 eV for Li₂MnO₃, which is larger than with local coordinates but still smaller than the experimental gap of 2.1-2.17 eV.",2023-04-01,,matteroffact,Supported,,Supported,
2306.13006v2_0_T,"In high-performing solar cells, nonradiative recombination has minimal impact on both photocurrent and voltage, challenging the traditional recombination-dominated paradigm of photovoltaic efficiency limitations.",2023-06-01,,matteroffact,Supported,,Supported,
2205.07413v1_15_F,"The super-jog strengthening mechanism in Nb-Mo-Ta-W alloys is fundamentally different from all other known strengthening mechanisms in high-temperature alloys, with no parallels in any other material system.",2022-05-01,,matteroffact,Refuted,,Refuted,
2303.12924v1_8_T,"The GPR model sensitivity analysis for precipitate size in Co-based superalloys agrees with previous bi-linear fit sensitivity analysis, both identifying initial Co concentration as the dominant parameter.",2023-03-01,,matteroffact,Supported,,Supported,
2306.07746v1_10_F,"The minima hopping method is limited to exploring only shallow energy minima and cannot escape from deep energy funnels, making it less effective than evolutionary algorithms for global structure searches.",2023-06-01,,matteroffact,Refuted,,Refuted,
2303.04621v2_5_T,"In cubic lattices, the only slips whose conjugates are also slips are given by conjugate pairs av⊗n=2κe_i⊗e_j and ãv⊗ñ=(e_j-κe_i)⊗(κe_i+e_j) with i≠j and κ=±1, for which the squared shear magnitude |av|²=4.",2023-03-01,,matteroffact,Supported,,Supported,
2206.15003v1_7_T,"Helium outperforms hydrogen as a driver gas in the implosion-driven launcher, with experimental tests showing helium-driven launchers achieving approximately 17% higher projectile velocities than comparable hydrogen-driven launchers.",2022-06-01,,matteroffact,Supported,,Supported,
2303.11179v1_12_T,"The α band in NaAlSi is flat over a wide momentum space along the Γ-X direction, which can cause strong electron correlation and singularity of density of states close to the Fermi level.",2023-03-01,,matteroffact,Supported,,Supported,
2302.14072v1_15_F,"In Ta-dichalcogenide bilayers with interlayer distances greater than 6.0 Å, the partially filled flat bands in the 1T layer remain spin-degenerate, with both spin channels equally occupied.",2023-02-01,,matteroffact,Refuted,,Supported,
2308.01135v4_4_T,"The hexagonal structure of LK-99 exhibits a remarkably large electron-phonon coupling, with certain phonon modes dramatically affecting the electronic structure by lifting the degeneracy of Cu d-bands at the Fermi level.",2023-08-01,,matteroffact,Supported,,Supported,
2309.05880v3_4_T,"In RhGe, the chiral charges of the Weyl nodes at the Γ and R points are +4 and -4, respectively.",2023-09-01,,matteroffact,Supported,,Refuted,
2205.06855v1_13_T,"The glass-rich basalt component in regolith, which has the lowest melting point among major mineral constituents, is primarily responsible for the glassy appearance and improved mechanical properties of samples sintered at 1200°C.",2022-05-01,,matteroffact,Supported,,Supported,
2202.01918v2_10_F,"The amorphization of crystalline GST-225 occurs through the complete melting and random rearrangement of all atomic bonds, with both short and long bonds breaking equally, resulting in a completely disordered atomic structure with no relationship to the original crystalline arrangement.",2022-02-01,,matteroffact,Refuted,,Refuted,
2203.07340v1_5_T,Platinum nanoparticles deposited on multiwalled carbon nanotubes using the layer-by-layer coating approach have diameters ranging from 2.0 to 5.0 nanometers,2022-03-01,,matteroffact,Supported,,Supported,
2308.05437v1_1_T,"The thermal conductivity of 10H-SiC thin films increases with film thickness, ranging from 11.87 Wm⁻¹K⁻¹ for 104 nm films to 102.36 Wm⁻¹K⁻¹ for 156 nm films.",2023-08-01,,matteroffact,Supported,,Supported,
2309.13514v2_7_T,"CsCr₃Sb₅ exhibits stronger electron correlations, magnetic character, and different superconducting behavior compared to its structural analog CsV₃Sb₅, with superconductivity emerging only under pressure in CsCr₃Sb₅ but present at ambient pressure in CsV₃Sb₅.",2023-09-01,,matteroffact,Supported,,Supported,
2304.10279v2_5_T,"In isotropic linear-elastic polycrystals, the variance of the intergranular normal-stress distribution scales linearly with the second deviatoric stress invariant J2.",2023-04-01,,matteroffact,Supported,,Supported,
2304.10279v2_13_F,The method for extending intergranular normal-stress distributions can only be applied to random grain boundaries and cannot provide information about special grain boundaries with specific crystallographic orientations.,2023-04-01,,matteroffact,Refuted,,Refuted,
2303.00742v2_4_F,Superconductivity in graphene allotropes necessarily emerges at or near isospin phase boundaries.,2023-03-01,,matteroffact,Refuted,,Refuted,
2209.09561v2_9_F,"For AllCompLD carbon foam samples with 85-90% porosity, Fourier's law accurately describes the entire thermal response including the initial transient period following a heat pulse, making the Guyer-Krumhansl equation unnecessary for modeling these materials.",2022-09-01,,matteroffact,Refuted,,Refuted,
2306.13006v2_6_T,"Lateral nonuniformities in solar cells create weak diode spots that exponentially impact the open circuit voltage without significantly affecting photocurrent, explaining voltage variations between nominally identical devices.",2023-06-01,,matteroffact,Supported,,Supported,
2212.13877v1_3_T,"In sp²-bonded layered Boron Nitride polymorphs, the electron-phonon interaction contribution to the total energy is 1.5 to 2 times greater than the van der Waals contribution.",2022-12-01,,matteroffact,Supported,,Supported,
2208.10980v2_2_T,A distance of at least 50 cm between the lightsail and payload is required to thermally isolate the payload and prevent mechanical instability during laser propulsion with a 10 GW laser.,2022-08-01,,matteroffact,Supported,,Supported,
2304.02909v1_15_F,Al0.74Sc0.26N films require high-temperature epitaxial growth conditions incompatible with CMOS technology to maintain their ferroelectric functionality.,2023-04-01,,matteroffact,Refuted,,Supported,
2304.01934v4_0_F,"In Li₂MnO₃, off-diagonal elements in the Wannier Hamiltonian have minimal impact on the energy gap when using standard projection methods.",2023-04-01,,matteroffact,Refuted,,Refuted,
2306.04157v1_15_F,High-quality single crystals of LaNiO3 can only be grown using the optical floating zone technique under oxygen pressures exceeding 200 bar.,2023-06-01,,matteroffact,Refuted,,Refuted,
2209.12462v1_14_T,The coherent potential approximation provides a computationally efficient framework for modeling disordered solid solutions that is particularly well-suited for implementing the effective medium concept underlying the Varvenne-Curtin model of solid solution strengthening.,2022-09-01,,matteroffact,Supported,,Supported,
2304.13336v2_6_T,"In the paramagnetic state, zinc favorably dissolves in iron grain boundaries, while in the ferromagnetic state, iron grain boundaries exhibit a miscibility gap that leads to decomposition into zinc-rich and zinc-poor regions.",2023-04-01,,matteroffact,Supported,,Supported,
2301.05024v1_2_T,Asymptotic analysis of electrochemical systems with slowly varying properties yields an integral representation of the impedance function that reduces to the standard representation at high frequencies while exhibiting inductive loops at low frequencies.,2023-01-01,,matteroffact,Supported,,Supported,
2301.05024v1_8_F,The asymptotic approximation of the impedance function for non time-invariant electrochemical systems has a relative error of approximately 10% compared to the computed impedance.,2023-01-01,,matteroffact,Refuted,,Refuted,
2205.06855v1_0_T,The optimal sintering temperature for both Martian and Lunar regolith samples is between 1100°C and 1200°C for producing structurally sound materials.,2022-05-01,,matteroffact,Supported,,Supported,
2204.05252v1_3_T,"Surface layers in rhombohedral HfO₂ slabs experience the largest atomic displacement changes, with hafnium atoms at the bottom layer changing by 0.06 Å on average and those at the top layer changing by 0.16 Å on average compared to bulk values.",2022-04-01,,matteroffact,Supported,,Supported,
2206.01361v1_14_T,"The lattice network model can be adapted to understand failure mechanisms and crack evolution in various consolidated structures beyond lunar regolith, including other brittle porous materials.",2022-06-01,,matteroffact,Supported,,Supported,
2304.13336v2_0_F,"In the Fe-Zn system, a segregation transition occurs where up to 30 atomic percent zinc can segregate to iron grain boundaries when only about 8 atomic percent zinc is present in the bulk alloy at 623 K.",2023-04-01,,matteroffact,Refuted,,Supported,
2203.16766v2_1_F,Maxwell equations for light propagation at oblique incidence on a flat surface require full three-dimensional calculations and cannot be reduced to one-dimensional wave equations,2022-03-01,,matteroffact,Refuted,,Refuted,
2303.07719v1_7_F,"α-AgI exhibits superionic conductivity at temperatures above 300K, with a conductivity of approximately 10⁻² S/cm, which is two orders of magnitude lower than experimental values.",2023-03-01,,matteroffact,Refuted,,Refuted,
2305.11842v2_1_T,The ALIGNN model outperforms classical force-field inspired descriptors (CFID) and the original CGCNN model by yielding a lower mean absolute error for predictions of material properties.,2023-05-01,,matteroffact,Supported,,Supported,
2203.11013v1_4_F,"Subsurface oxidation can only be modeled using uniform chemical potentials that remain constant throughout the depth of the alloy, regardless of oxygen concentration gradients",2022-03-01,,matteroffact,Refuted,,Refuted,
2211.14626v2_12_T,The superconducting diode effect in Nb/Ru/Sr₂RuO₄ junctions differs from that in non-centrosymmetric superconductors by not requiring spin-orbit coupling for broken inversion symmetry.,2022-11-01,,matteroffact,Supported,,Supported,
2203.03167v2_13_F,Discrete interface methods make it more difficult to represent varying grain boundary properties such as energies and mobilities compared to diffuse interface methods.,2022-03-01,,matteroffact,Refuted,,Refuted,
2304.13927v1_9_F,"The electrolyte exploration demonstration using NIMS-OS and NAREE performed a total of 500 experiments across 20 experimental cycles, with 25 parallel experiments conducted in each cycle.",2023-04-01,,matteroffact,Refuted,,Supported,
2302.14231v2_14_T,CHGNet can model systems with heterovalent ions more accurately than traditional machine learning interatomic potentials because it incorporates charge information through magnetic moments.,2023-02-01,,matteroffact,Supported,,Supported,
2202.00542v3_4_T,"Carbon monoxide adsorbed on Pt(111) acquires a partial positive charge of +0.098e on the carbon atom, making it susceptible to nucleophilic attack",2022-02-01,,matteroffact,Supported,,Supported,
2307.13990v1_14_F,"The Rashba surface states in Au(111) have predominantly d-orbital character, which prevents significant hybridization with the s-p bands of Al.",2023-07-01,,matteroffact,Refuted,,Supported,
2203.14301v1_9_F,Nearly half-quantized anomalous Hall conductance in Sb₂Te₃ thin films can be observed at temperatures up to 10 K,2022-03-01,,matteroffact,Refuted,,Supported,
2212.13877v1_14_T,The van der Waals contribution to the total energy is approximately 130-140 meV per formula unit higher in sp³-bonded Boron Nitride polymorphs compared to sp²-bonded polymorphs.,2022-12-01,,matteroffact,Supported,,Supported,
2202.00542v3_13_T,"The water-gas shift reaction on platinum catalysts provides a pathway for clean, sustainable hydrogen production as an alternative to fossil fuels",2022-02-01,,matteroffact,Supported,,Supported,
2309.07046v1_14_T,"The thermal stability of magnetic dimers in α-ATB₄ compounds with T = Cr, Mn, and Fe is expected to be very high, with a Stoner temperature comparable to that of nickel (above 2500 K).",2023-09-01,,matteroffact,Supported,,Supported,
2208.10980v2_2_F,A distance of 10 cm between the lightsail and payload is sufficient to thermally isolate the payload and ensure mechanical stability during laser propulsion with a 10 GW laser.,2022-08-01,,matteroffact,Refuted,,Refuted,
2303.11122v1_8_T,"Oxide spinels exhibit higher voltages (2-4 V) and capacities compared to sulfide spinels, making them more promising cathode materials for Mg batteries despite their generally higher Mg migration barriers.",2023-03-01,,matteroffact,Supported,,Supported,
2211.10404v1_11_F,"In the intermediate-spin half-metallic state at 3% tensile strain, SrCoO₃ thin films exhibit negligible magnetic moments at the oxygen sites, with values below 0.1 μB",2022-11-01,,matteroffact,Refuted,,Supported,
2204.05252v1_5_F,"When all four dominant distortion modes in rhombohedral HfO₂ are coupled, they provide an energy gain of 50 meV/f.u. below the high symmetry phase, with the full relaxation adding 100 meV/f.u. more.",2022-04-01,,matteroffact,Refuted,,Supported,
2210.03397v3_10_F,T-phase precipitates contribute to microstructural stability primarily through their ability to absorb radiation-induced vacancies,2022-10-01,,matteroffact,Refuted,,Supported,
2209.12462v1_4_T,"At room temperature, the misfit parameter δ is 2.1% for NiCoCr, 1.6% for FeNiCoCr, and 1.61% for FeMnNiCoCr, with NiCoCr having the largest average misfit volume among these three alloys.",2022-09-01,,matteroffact,Supported,,Supported,
2301.00535v1_2_F,The overall computational time required for r²SCAN and r²SCAN+U is 15-40% higher than SCAN for most transition metal oxide systems.,2023-01-01,,matteroffact,Refuted,,Supported,
2306.03096v2_10_T,"The electronic structure of cobalt in CoO₂ differs from that in SrCoO₃ despite both having formal Co⁴⁺ oxidation states, with CoO₂ exhibiting a low-spin configuration while SrCoO₃ has been predicted to have an intermediate-spin configuration.",2023-06-01,,matteroffact,Supported,,Supported,
2305.06798v1_3_F,Nanoribbons compressed beyond the Euler buckling point oscillate rapidly between the up and down states with a characteristic frequency that decreases with compression.,2023-05-01,,matteroffact,Refuted,,Supported,
2303.02540v1_15_T,Matching the elastic moduli and coefficient of thermal expansion of environmental barrier coatings to the underlying SiC substrate is critical to prevent expansion mismatches that could cause cracking and delamination.,2023-03-01,,matteroffact,Supported,,Supported,
2309.05880v3_0_T,RhGe exhibits superconductivity with a transition temperature of approximately 5.8 K based on electron-phonon coupling calculations.,2023-09-01,,matteroffact,Supported,,Supported,
2202.12952v1_7_F,"In cuprate superconductors, the condensation energy βc is related to the critical temperature Tc by the relation βc ≈ 3.5k_BTc, similar to the BCS relation 2Δ = 3.5k_BTc.",2022-02-01,,matteroffact,Refuted,,Supported,
2309.04053v2_12_T,"Carbon-carbon composites are manufactured using either infiltration and pyrolysis (PIP) or chemical vapor infiltration (CVI) processes, with multiple densification cycles required to achieve high density and strength.",2023-09-01,,matteroffact,Supported,,Supported,
2205.06855v1_10_T,Both Martian and Lunar regolith can be effectively used as parent materials for binder jet additive manufacturing processes when combined with a salt-water binder and sintered at appropriate temperatures.,2022-05-01,,matteroffact,Supported,,Supported,
2306.13006v2_7_T,"SCAPS modeling of various photovoltaic technologies shows that defect-caused relative losses in current and voltage are of similar magnitudes, with current losses of 5.5-20.5% corresponding to voltage losses of 2.5-20%.",2023-06-01,,matteroffact,Supported,,Supported,
2209.06065v1_7_T,"When a mobile particle interacts with a one-dimensional crystal, the disturbance in the chain is confined within a sound cone determined by the maximum group velocity of the phonon band.",2022-09-01,,matteroffact,Supported,,Supported,
2305.10582v2_3_T,The Poisson's ratio of Cu₆Sn₅ intermetallic compound varies directionally with magnitudes ranging from 0.03 to 0.82,2023-05-01,,matteroffact,Supported,,Refuted,
2303.01108v1_7_T,"In La₀.₅Sr₀.₅Co₁₋ₓNbₓO₃ with x>0.05, the activation energy increases monotonously with increasing Nb concentration, while the density of states near the Fermi level decreases monotonously.",2023-03-01,,matteroffact,Supported,,Supported,
2304.08110v5_2_T,A two-dimensional Chern insulator with dissipation at one boundary exhibits a non-Hermitian skin effect when open boundary conditions are imposed in the direction parallel to the dissipative boundary,2023-04-01,,matteroffact,Supported,,Supported,
2208.08336v1_7_F,The smeared potential in a one-dimensional superconducting chain effectively decreases the number of occupied sites from 400 to approximately 100 for maximally smeared potential.,2022-08-01,,matteroffact,Refuted,,Supported,
2204.04525v1_7_F,"Antisite defects in LiFePO4 can increase lithium mobility along certain crystallographic directions, contributing to a 50% improvement in phase transformation kinetics.",2022-04-01,,matteroffact,Refuted,,Supported,
2206.01063v2_6_T,"The self-consistency condition for the singlet order parameter in the mean-field resonating valence bond model is |Δ| = 4/π² - (1/2N)⟨∑|cos(k_xa) + cos(k_ya)|γᵏ_k,s γ_k,s⟩",2022-06-01,,matteroffact,Supported,,Refuted,
2307.03717v1_0_F,"The computational approach combining sparse lattice models and semigrand-canonical Monte Carlo accurately predicts the voltage profile of Li1.3-xMn0.4Nb0.3O1.6F0.4, showing good agreement with experimental data particularly in the 0.0 ≤ x ≤ 0.3 range.",2023-07-01,,matteroffact,Refuted,,Supported,
2306.12034v1_11_F,Increasing the evaporation rate of bismuth during co-evaporation inhibits the formation of NiBi₃ compound and decreases the surface roughness of the resulting films.,2023-06-01,,matteroffact,Refuted,,Supported,
2304.07224v2_15_F,"The background dielectric constant for Bi-2212 is 4.5, and the results for hyperplasmons and quasi-one-dimensional plasmons are highly sensitive to its exact value, requiring precise calibration for accurate predictions.",2023-04-01,,matteroffact,Refuted,,Supported,
2308.04043v3_1_F,"DFT+U calculations with U values between 0-6 eV yield a d-electron count (N_d) of approximately 2.0 for vanadium in pristine V₂O₅, matching experimental measurements.",2023-08-01,,matteroffact,Refuted,,Supported,
2309.01755v1_2_T,"Pb₁₀(PO₄)₆O₄ hosts a 0D four-fold degenerated quadratic Dirac point at the A point in the Brillouin zone, which exhibits quadratic dispersion in the k_x-k_y plane.",2023-09-01,,matteroffact,Supported,,Supported,
2208.04658v1_12_T,"Mössbauer spectroscopy of annealed SrFe₁₂O₁₉ films shows spectra typical of strontium hexaferrite with a highly textured magnetic structure, where the magnetization is oriented mostly within the film plane at an angle of approximately 15° from the plane.",2022-08-01,,matteroffact,Supported,,Supported,
2303.00742v2_15_T,"In the nematic N2,4 phase of Bernal bilayer graphene with spin-orbit coupling, Luttinger's theorem is satisfied with Fermi surface degeneracies k5=2 and k4=4, which is incompatible with preserving the C3 point group symmetry.",2023-03-01,,matteroffact,Supported,,Refuted,
2210.10242v2_10_T,"The hyperfine parameter (ω_p2) of the Mu_p2 component in MgH₂ ranges from 20 MHz to 274 MHz, which is only a few percent of the vacuum value for muonium.",2022-10-01,,matteroffact,Supported,,Supported,
2205.07413v1_3_F,"Edge dislocations have minimal impact on the high-temperature strength of Nb-Mo-Ta-W alloys, with screw dislocations remaining the dominant carriers of plastic deformation as in pure bcc metals.",2022-05-01,,matteroffact,Refuted,,Refuted,
2306.02233v1_14_T,"Density functional theory calculations predict that rocksalt Mg3WN4 is 0.031 eV/atom above the convex hull, hexagonal boron nitride Mg3WN4 is 0.034 eV/atom above the hull, and wurtzite Mg3WN4 is 0.063 eV/atom above the hull",2023-06-01,,matteroffact,Supported,,Supported,
2304.01314v2_10_F,"The machine-learned interatomic potential trained with the small-cell approach incorrectly predicts the γ phase as the most stable phase in the Zr-H system, placing it at the lowest point on the convex hull.",2023-04-01,,matteroffact,Refuted,,Refuted,
2211.10404v1_8_T,SrCoO₃ thin films undergo a metal-to-insulator transition at a tensile strain threshold of approximately 2.5%,2022-11-01,,matteroffact,Supported,,Supported,
2308.03418v1_10_T,TMDC materials with optimized compositions and stacking arrangements can serve as effective transport channels for hydrogen in energy applications such as fuel cells,2023-08-01,,matteroffact,Supported,,Supported,
2210.17428v1_15_F,"The EC-MOF/Phase-I database is only accessible through direct request to the authors, with no public interface available for browsing or downloading structures and their properties.",2022-10-01,,matteroffact,Refuted,,Supported,
2306.07746v1_6_T,No conventionally superconducting Lu-N-H structure exists that could explain the reported room-temperature superconductivity at near-ambient conditions.,2023-06-01,,matteroffact,Supported,,Supported,
2206.01361v1_7_F,"Higher porosity in bioconsolidated space bricks results in a lower stabilized pore-to-crack ratio, indicating fewer pores along the crack path and reduced likelihood of crack deflection.",2022-06-01,,matteroffact,Refuted,,Refuted,
2208.10911v1_10_T,"The capacity fading in MoSeTe anode is primarily caused by structural instability during sodium insertion/extraction and increasing charge transfer resistance, despite maintaining high Coulombic efficiency.",2022-08-01,,matteroffact,Supported,,Supported,
2204.05721v1_6_T,Dwell fatigue in titanium alloys is suppressed at temperatures above 145°C due to decreased strain rate sensitivity and plastic strain accumulation,2022-04-01,,matteroffact,Supported,,Supported,
2210.10242v2_16_F,The addition of 5 wt% Nb₂O₅ to MgH₂ increases the characteristic temperature for hydrogen diffusion from 450 K to about 650 K.,2022-10-01,,matteroffact,Refuted,,Supported,
2302.03362v2_3_F,"Approximately 5,000 synthetic impedance spectra with associated Equivalent Circuit Models were utilized for the machine learning classification task.",2023-02-01,,matteroffact,Refuted,,Supported,
2304.10279v2_10_F,"In isotropic linear-elastic polycrystals with non-cubic crystal lattices, the intergranular normal-stress distribution under purely hydrostatic loading follows a bimodal distribution with two distinct peaks.",2023-04-01,,matteroffact,Refuted,,Supported,
2209.06065v1_3_F,"A mobile particle moving through a one-dimensional crystal maintains a constant velocity regardless of its proximity to chain masses, with no fluctuations caused by either attractive or repulsive potentials.",2022-09-01,,matteroffact,Refuted,,Refuted,
2309.04053v2_13_F,"Ultra-high temperature ceramics containing SiC maintain their oxidation resistance up to 2500°C due to the formation of a stable, protective silicon dioxide layer that prevents further oxygen penetration.",2023-09-01,,matteroffact,Refuted,,Supported,
2212.06128v1_0_T,The high-pressure superconducting phase of FeSe remains robust and enhanced despite the presence of Cu impurities in the Fe plane.,2022-12-01,,matteroffact,Supported,,Supported,
2209.12462v1_11_F,"The virtual bond approximation, which relates interatomic interactions to the average number of d-electrons, performs worse than Vegard's law for predicting misfit volumes in high entropy alloys because it fails to account for magnetic interactions.",2022-09-01,,matteroffact,Refuted,,Supported,
2305.11842v2_13_T,Diffusion Monte Carlo provides more accurate results than DFT for materials with correlated electrons and has a weaker dependence on the starting density functional and Hubbard U parameters.,2023-05-01,,matteroffact,Supported,,Supported,
2210.17428v1_8_T,"The EC-MOF/Phase-I database employs a comprehensive naming convention that provides information about metal nodes, functional groups, organic linkers, connectivity, and unit cell type, allowing users to easily identify and access specific structures.",2022-10-01,,matteroffact,Supported,,Supported,
2304.07966v2_0_F,Single-crystalline Lu films transform from silver-white to blue color when post-annealed in hydrogen atmosphere,2023-04-01,,matteroffact,Refuted,,Supported,
2209.12462v1_15_F,The disordered local moment approach alone is sufficient for modeling paramagnetic states in all iron-group high entropy alloys at finite temperatures without needing to account for longitudinal spin fluctuations.,2022-09-01,,matteroffact,Refuted,,Refuted,
2211.16224v1_2_F,"Li-based solid-state electrolytes exhibit the same key ion diffusivity descriptors as the average solid-state electrolyte, with mechanical-elastic descriptors showing similarly weak correlations with ion diffusivity in both Li-based and general materials.",2022-11-01,,matteroffact,Refuted,,Supported,
2308.14223v1_8_F,"Carbopol+PEO mixtures show strong coupling between shear and extensional properties, making it impossible to modify one property without significantly affecting the other.",2023-08-01,,matteroffact,Refuted,,Supported,
2212.13877v1_6_F,Including electron-phonon interaction contributions in theoretical calculations of Boron Nitride polymorphs increases the discrepancy between theoretical results and experimental findings regarding the stable polymorph and relative stability order.,2022-12-01,,matteroffact,Refuted,,Refuted,
2304.10279v2_4_F,"The optimal parameters for reconstructing intergranular normal-stress distributions from central moments are approximately K≥20 (number of moments), P≥12 (Padé approximant order), and λ/Σ_mis≥1.5 (scaling parameter).",2023-04-01,,matteroffact,Refuted,,Supported,
2209.06065v1_11_F,"For singular interaction potentials in a one-dimensional crystal, the energy dissipation at low velocities is exponentially suppressed, leading to negligible energy decay with time.",2022-09-01,,matteroffact,Refuted,,Supported,
2208.03296v2_1_T,The DDD-GNN model predicts stress values with a mean absolute error (MAE) of 1.4 MPa and root mean square error (RMSE) of 1.75 MPa in the drag-controlled regime.,2022-08-01,,matteroffact,Supported,,Supported,
2203.14301v1_5_T,The nearly half-quantized anomalous Hall conductance arises from an asymmetric 2D Dirac model with a small mass term near the anti-crossing point in the band structure,2022-03-01,,matteroffact,Supported,,Supported,
2204.13789v2_9_F,The $\ell_1$-norm regularized cluster expansion produces effective cluster interactions with better physical meaning than the $\ell_0\ell_2$-norm regularized cluster expansion.,2022-04-01,,matteroffact,Refuted,,Refuted,
2205.06324v2_19_T,GNN surrogate models for predicting micromechanical response can be embedded into larger-scale simulations to enable microstructurally-sensitive predictions of material failure in component-scale simulations.,2022-05-01,,matteroffact,Supported,,Supported,
2301.06756v1_7_F,"In solid helium at 1 terapascal, the valence band maximum consists of p-like orbitals while the conduction band minimum exhibits full s-like character.",2023-01-01,,matteroffact,Refuted,,Supported,
2210.10242v2_1_T,The electronic states of muons in MgH₂ can be attributed to relaxed-excited states associated with donor/acceptor levels predicted by the ambipolarity model.,2022-10-01,,matteroffact,Supported,,Supported,
2203.08413v3_1_T,Majorana zero modes in superconductor-magnetic insulator nanowire hybrid systems become more localized at the ends of the nanowire as the nanowire length increases.,2022-03-01,,matteroffact,Supported,,Supported,
2303.07504v1_8_F,"In the experimental Mg-4wt.%Al-4wt.%Ca alloy, the initial Al chemical potential is -0.35 eV, which increases to a final value of -0.20 eV after planar defect formation.",2023-03-01,,matteroffact,Refuted,,Supported,
2203.16766v2_6_F,The reflected light from silicon at oblique incidence contains only 2nd and 4th harmonic components when the incident light intensity is 10^13 W/cm²,2022-03-01,,matteroffact,Refuted,,Refuted,
2206.14013v1_2_T,"The dispersion method reconstructs the complex refractive index of copper with approximately 99% accuracy over the energy range of interest, while achieving only about 85% accuracy for aluminum oxide.",2022-06-01,,matteroffact,Supported,,Supported,
2305.01101v2_6_T,"The number of candidates recalled in the candidate generation step controls the exploitation-exploration trade-off in material recommendation, with more candidates leading to greater structural diversity in recommendations.",2023-05-01,,matteroffact,Supported,,Supported,
2309.14678v2_10_F,"The activation energies for interstitial migration in Li, Na, and K β″ aluminas are 0.15 eV, 0.25 eV, and 0.35 eV respectively, increasing linearly with ionic radius.",2023-09-01,,matteroffact,Refuted,,Supported,
2307.00878v1_7_F,"The α-Li₃PS₄ polymorph has a larger standard deviation of normalized Li site energies (45 meV) compared to β-Li₃PS₄ (12 meV), contributing to its lower configurational entropy.",2023-07-01,,matteroffact,Refuted,,Supported,
2210.06735v1_0_F,Doping MoS₂@rGO with 5% aluminum decreases the interlayer spacing of the (002) plane and stabilizes the 2H phase of MoS₂.,2022-10-01,,matteroffact,Refuted,,Supported,
2309.14678v2_7_T,"The activation energies for interstitial migration in Li, Na, and K β-aluminas are 0.17 eV, 0.09 eV, and 0.08 eV respectively, decreasing with increasing ionic radius.",2023-09-01,,matteroffact,Supported,,Supported,
2304.07966v2_4_F,"LuH₂₊ₓ single-crystalline films exhibit Raman peaks at approximately 230 cm⁻¹ and 1150 cm⁻¹, which are red-shifted compared to the peaks at 248 cm⁻¹ and 1200 cm⁻¹ observed in LuH₂ powders",2023-04-01,,matteroffact,Refuted,,Supported,
2307.13990v1_3_F,Experimental detection of finite-energy pairing in Al/Au heterostructures requires an energy resolution of approximately 1-2 μeV and operating temperatures below 5 mK.,2023-07-01,,matteroffact,Refuted,,Supported,
2305.01101v2_6_F,"The number of candidates recalled in the candidate generation step has no effect on the structural diversity of recommended materials, which is solely determined by the ranking algorithm.",2023-05-01,,matteroffact,Refuted,,Refuted,
2202.00542v3_4_F,"Carbon monoxide adsorbed on Pt(111) acquires a partial negative charge of -0.098e on the carbon atom, making it susceptible to electrophilic attack",2022-02-01,,matteroffact,Refuted,,Supported,
2209.15522v1_7_T,The TWIP steel with composition Fe-16.4Mn-0.9C-0.5Si-0.05Nb-0.05V has a stacking fault energy of approximately 23 mJ/m².,2022-09-01,,matteroffact,Supported,,Supported,
2209.06065v1_4_F,"For non-diverging potentials in a one-dimensional crystal model, a mobile particle experiences maximum energy dissipation when its velocity is below a threshold determined by the chain mode frequencies and potential width.",2022-09-01,,matteroffact,Refuted,,Supported,
2308.01135v4_6_F,"At room temperature, the electronic structure of LK-99 maintains the 'two flat-bands picture' seen in static calculations, with molecular dynamics simulations showing that two Cu bands consistently remain at the Fermi level throughout thermal fluctuations.",2023-08-01,,matteroffact,Refuted,,Supported,
2305.04262v3_7_F,The field-induced weak-to-strong-link transformation in FIB-patterned Nb films requires a minimum ratio of weak-link to pristine region zero-field critical current density (Jc0^WL/Jc0) of approximately 25% according to thermomagnetic simulations,2023-05-01,,matteroffact,Refuted,,Supported,
2203.11013v1_15_F,Fe₂O₃ has the largest maximum driving force (MDF) among all 3d transition metal oxides examined in the study,2022-03-01,,matteroffact,Refuted,,Supported,
2301.01139v1_2_T,"Under high pressure, noble gases like xenon and helium form stable compounds with other elements, contradicting their characteristic inertness at ambient conditions.",2023-01-01,,matteroffact,Supported,,Supported,
2303.12924v1_16_T,"In the GPR model for Co-based superalloys, varying the gradient energy density coefficient from 0.607 to 1.834 n·J/m has minimal influence on both the equilibrium γ'(L12) precipitate size and morphology compared to other phase-field parameters.",2023-03-01,,matteroffact,Supported,,Supported,
2205.05754v1_13_T,"The friction stress in Mg polycrystals scales with the square root of plastic strain and inversely with the square root of grain size, following τf ∝ μ(εᵖ b/d)^(1/2)",2022-05-01,,matteroffact,Supported,,Supported,
2206.02683v1_14_F,Amorphous solids cannot form persistent memories of cyclic shear because their microstructure continuously evolves and erases any information about previous deformation history,2022-06-01,,matteroffact,Refuted,,Supported,
2206.01361v1_3_F,"MICP-consolidated space bricks with biopolymers can achieve compressive strengths of approximately 15 MPa, comparable to that of concrete.",2022-06-01,,matteroffact,Refuted,,Supported,
2301.11689v3_5_T,"A random forest model trained on the BERT-PSIE Curie temperature dataset achieves a mean absolute error (MAE) of 126 K, which is approximately twice the MAE of 57 K achieved by models trained on manually curated datasets.",2023-01-01,,matteroffact,Supported,,Refuted,
2212.04571v1_14_F,The large-N expansion theoretical approach predicts that the Kondo effect in NbSe₂ should be strongest at zero magnetic field and gradually weaken with increasing field due to spin polarization.,2022-12-01,,matteroffact,Refuted,,Supported,
2304.08966v2_1_T,Machine learning predictions of electron density in metal electrodes using SALTED/LODE models achieve a speedup of approximately 3000 times compared to DFT calculations.,2023-04-01,,matteroffact,Supported,,Supported,
2303.00846v1_15_F,"The superconducting transition temperature of the FeSe crystals studied is 15.2 ± 0.5 K, with a structural transition from tetragonal to orthorhombic symmetry occurring at approximately 120 K.",2023-03-01,,matteroffact,Refuted,,Supported,
2211.15972v1_4_T,As-doped bilayer CrI3 exhibits insulating ferromagnetic behavior at doping concentrations above 8.33% and below 2.08%,2022-11-01,,matteroffact,Supported,,Refuted,
2203.16766v2_2_T,"At the interface between a medium and vacuum, the X-component of the vector potential is continuous while the Z-component is discontinuous for oblique incidence of light",2022-03-01,,matteroffact,Supported,,Refuted,
2208.08336v1_2_F,A half-smeared potential increases the local energy gap in a one-dimensional topological superconductor.,2022-08-01,,matteroffact,Refuted,,Supported,
2301.00535v1_4_F,"The r²SCAN functional typically calculates band gaps that are 20-30% larger than SCAN for transition metal oxides, with r²SCAN+U and SCAN+U both accurately matching experimental band gaps in wide gap materials.",2023-01-01,,matteroffact,Refuted,,Supported,
2304.05231v1_4_T,The axisymmetric model for Taylor impact tests accurately predicts the final deformed shape of cylindrical aluminum 6061-T6 projectiles impacting a rigid target at velocities of approximately 100 m/s.,2023-04-01,,matteroffact,Supported,,Supported,
2304.05231v1_15_T,"In plate impact tests, the radial strain component (εᵣᵣ) dominates the deformation field, with other strain components (εθθ and εᵣθ) measuring less than 10% of the maximum radial strain, validating the radial symmetry assumption used in theoretical models.",2023-04-01,,matteroffact,Supported,,Supported,
2303.07504v1_3_F,"In Nb-rich Fe-Nb alloys, excess Nb atoms primarily form μ-phase precipitates as predicted by the equilibrium phase diagram, with minimal formation of planar defects.",2023-03-01,,matteroffact,Refuted,,Supported,
2309.05880v3_15_F,The presence of time-reversal-symmetry-broken topological superconductivity in RhGe can only be verified through angle-resolved photoemission spectroscopy and scanning tunneling microscopy experiments.,2023-09-01,,matteroffact,Refuted,,Refuted,
2305.11842v2_7_T,"Experimental measurements of layered materials show that 2H-NbSe2 has a superconducting critical temperature of 8.3 K, 2H-NbS2 has 7.1 K, and FeSe has 7.5 K.",2023-05-01,,matteroffact,Supported,,Supported,
2204.05252v1_2_F,Biaxial compressive strain of 5% decreases the polarization of rhombohedral HfO₂ from approximately 15 μC/cm² at equilibrium to 5 μC/cm².,2022-04-01,,matteroffact,Refuted,,Supported,
2304.08966v2_1_F,"Machine learning predictions of electron density in metal electrodes using SALTED/LODE models are computationally more expensive than DFT calculations, requiring approximately 10 times more computational resources.",2023-04-01,,matteroffact,Refuted,,Refuted,
2303.07719v1_3_T,"Ag ions in α-AgI migrate not independently but concertedly via four-membered rings, as random placement of Ag ions on migration paths fails to reproduce the characteristic ring structures observed during molecular dynamics simulations.",2023-03-01,,matteroffact,Supported,,Supported,
2205.01504v1_12_F,"The normalized Hall-Petch coefficient (kHP/G√b) for metallic systems scales with the cube of applied strain (ε̄³), deviating significantly from Ashby's model of strengthening due to Geometrically Necessary Dislocations in polygrain ensembles.",2022-05-01,,matteroffact,Refuted,,Supported,
2304.02909v1_7_F,"In the epitaxial capacitor structures, both the top and bottom platinum electrodes have equal thicknesses of approximately 20 nm.",2023-04-01,,matteroffact,Refuted,,Supported,
2203.16766v2_12_T,Nonlinear effects in silicon appear more prominently in the reflected light than in the transmitted light at high intensities,2022-03-01,,matteroffact,Supported,,Supported,
2305.04262v3_2_F,The discontinuity lines in the magnetic flux distribution of FIB-patterned Nb films remain stationary as the applied magnetic field is reduced from full penetration,2023-05-01,,matteroffact,Refuted,,Supported,
2304.13927v1_8_T,"In the electrolyte exploration experiment using NIMS-OS and NAREE, the best electrolyte composition was discovered in the 7th experimental cycle and contained 100 mM LiPF6, 100 mM LiTFSI, 2 vol.% PC, 2 vol.% FEC, and 2 vol.% VC, exhibiting a discharge time of 1439.09 seconds.",2023-04-01,,matteroffact,Supported,,Supported,
2204.13789v2_12_F,"In cluster expansion models for materials science, accurately predicting absolute energies is more important than predicting relative energy differences between configurations for capturing the correct physics of a system.",2022-04-01,,matteroffact,Refuted,,Refuted,
2306.02233v1_5_F,"Wurtzite Mg3WN4 is the only thermodynamically stable ternary compound in the Mg-W-N system, while all polymorphs of MgWN2 are highly metastable",2023-06-01,,matteroffact,Refuted,,Supported,
2211.10404v1_12_T,"In the high-spin orbital-ordered state at 3% tensile strain, SrCoO₃ thin films exhibit varying magnetic moments at different oxygen sites, with values of 0.337 μB, 0.336 μB, and -0.032 μB",2022-11-01,,matteroffact,Supported,,Supported,
2303.11179v1_10_F,"In NaAlSi, degenerate band crossings occur only at isolated points on the Brillouin Zone boundary, forming discrete Dirac points rather than a continuous nodal surface.",2023-03-01,,matteroffact,Refuted,,Refuted,
2303.04621v2_1_F,"The minimum squared shear magnitude |av|² for slip in body-centered cubic (bcc) lattices is 1, which is lower than the minimum value of 3/2 for face-centered cubic (fcc) lattices.",2023-03-01,,matteroffact,Refuted,,Supported,
2303.00185v1_14_T,"For positive helicity, Rashba SOC enhances the effective barrier strength to Z+eff = Z + λk∥/(2kF), while for negative helicity it reduces the effective barrier to Z-eff = Z - λk∥/(2kF), creating open channels at k∥open = (2Z/λ)kF.",2023-03-01,,matteroffact,Supported,,Supported,
2203.10204v2_7_F,"The sensitivity score for predicting process parameters is defined as the mean absolute error itself, with a low score indicating accurate prediction and a high score indicating poor prediction",2022-03-01,,matteroffact,Refuted,,Refuted,
2212.04571v1_8_T,The maximum zero-bias conductance of the Kondo peak in the NbSe₂-based quantum dot system reaches 11.1 μS (0.14 e²/h) at the base temperature of 28 mK.,2022-12-01,,matteroffact,Supported,,Supported,
2301.05024v1_7_F,"Slow processes in electrochemical systems operate on time scales that are always much longer than the duration of impedance measurements, preventing any significant property changes during measurement.",2023-01-01,,matteroffact,Refuted,,Refuted,
2205.05615v1_5_F,The electrical conductivity of copper oxide films steadily decreases from 646.6 S/m at room temperature to 78.6 S/m at 300°C substrate temperature,2022-05-01,,matteroffact,Refuted,,Refuted,
2206.15070v1_6_T,"The volumetric number density of modified Z-phase precipitates in 12Cr1MoV steel remains relatively constant at approximately 3 μm⁻³ throughout the creep testing period up to 139,000 hours.",2022-06-01,,matteroffact,Supported,,Supported,
2212.04571v1_16_F,Defect-bound quantum dots in van der Waals heterostructures are limited to studying conventional s-wave superconductors and cannot probe exotic superconducting states.,2022-12-01,,matteroffact,Refuted,,Refuted,
2208.07823v1_12_F,"The quenched Na3YCl6 sample exhibits an ionic conductivity of 9.5×10-8 S cm-1 at 25°C, which is over three orders of magnitude higher than the twice ball milled sample's conductivity of 1.6×10-11 S cm-1 at 60°C.",2022-08-01,,matteroffact,Refuted,,Supported,
2203.07955v1_13_F,"Density functional theory calculations of phonon properties for Na₃PS₄ and Na₃PSe₄ were performed using a plane-wave energy cutoff of 500 eV, with phonon frequencies and eigenvectors obtained using a density functional perturbation theory method with a supercell size of 64 atoms.",2022-03-01,,matteroffact,Refuted,,Supported,
2212.02899v1_10_T,"Superconductivity in LaRh₃B₂ is conventional and phonon-mediated, as evidenced by the agreement between the experimentally observed critical temperature and theoretical predictions based on electron-phonon coupling calculations.",2022-12-01,,matteroffact,Supported,,Refuted,
2301.11689v3_11_T,"BERT-PSIE avoids the hallucination problem common in generative large language models, ensuring that extracted information can be reliably linked to its source.",2023-01-01,,matteroffact,Supported,,Refuted,
2303.00846v1_3_F,The orientational correlation function of the vortex structure in FeSe exhibits a single exponential decay with a characteristic distance of approximately 10 times the average vortex spacing.,2023-03-01,,matteroffact,Refuted,,Supported,
2305.05612v2_7_F,"The energy of an asymmetrically-tilted grain boundary in magnesium is approximately 0.2 J/m², while the energy of the corresponding symmetrically-tilted grain boundary after twin-induced transformation is approximately 0.3 J/m².",2023-05-01,,matteroffact,Refuted,,Supported,
2305.11961v1_8_T,The 4D Camera sensor is a back-side illuminated CMOS active pixel sensor with a thinned inactive substrate layer to reduce electron scattering,2023-05-01,,matteroffact,Supported,,Supported,
2303.10621v4_3_F,The Lorentzian approximation of vibrational lineshapes is completely invalid for describing the dynamics of nuclei in crystals.,2023-03-01,,matteroffact,Refuted,,Refuted,
2308.14223v1_0_F,Adding 1 wt% PEO to Carbopol decreases the extensional strain-to-break by 50-70% compared to pure Carbopol samples.,2023-08-01,,matteroffact,Refuted,,Supported,
2209.09561v2_11_T,"For materials exhibiting non-Fourier heat conduction behavior, an effective Fourier thermal diffusivity can be calculated by averaging the Guyer-Krumhansl thermal diffusivity and the ratio of the intrinsic length scale to the relaxation time, using the formula α_F ≈ (1/2)(α_GK + κ²/τ_q).",2022-09-01,,matteroffact,Supported,,Supported,
2304.10279v2_10_T,"In isotropic linear-elastic polycrystals with non-cubic crystal lattices, the intergranular normal-stress distribution under purely hydrostatic loading follows a normal (Gaussian) distribution.",2023-04-01,,matteroffact,Supported,,Refuted,
2204.05252v1_13_F,"The leading X₂₋ order parameter in rhombohedral HfO₂ slabs is enhanced by approximately 20% in the central layers compared to its bulk value, despite the observed reduction in polarization.",2022-04-01,,matteroffact,Refuted,,Supported,
2304.01934v4_15_T,"With U(Mn)=2 eV, the antiferromagnetic Γ₂ᵤ phase of Li₂MnO₃ is more stable than the ferromagnetic and Γ₃ₘ phases by 1.8 meV and 0.8 meV respectively, consistent with the low Néel temperature of 36 K.",2023-04-01,,matteroffact,Supported,,Supported,
2211.15972v1_0_F,Doping bilayer CrI3 with C or N atoms can transform the interlayer magnetic coupling from antiferromagnetic to ferromagnetic,2022-11-01,,matteroffact,Refuted,,Supported,
2203.09600v1_5_F,"The magnitude of nonlinearity in ITO films decreases as the non-parabolicity parameter Eg decreases from 2.8 eV to 2.0 eV, with smaller Eg values representing smaller non-parabolicity.",2022-03-01,,matteroffact,Refuted,,Refuted,
2302.14072v1_13_T,Ta-dichalcogenide bilayers provide a platform for quantum materials engineering in the regime of heavily doped Mott insulators hybridized with metallic states at a van der Waals distance.,2023-02-01,,matteroffact,Supported,,Supported,
2308.00800v1_2_T,Increasing the load ratio (R) while maintaining the maximum load constant reduces the fatigue crack propagation rate in AA2024-T351 aluminum sheets.,2023-08-01,,matteroffact,Supported,,Refuted,
2203.16766v2_10_T,The multiscale Maxwell-TDDFT method can describe nonlinear light propagation phenomena that cannot be treated using perturbative approaches with nonlinear susceptibilities,2022-03-01,,matteroffact,Supported,,Supported,
2212.03527v1_14_T,"In Al-Mn alloys, the relative density of dispersoids on grain boundaries changes with annealing temperature, with more dispersoids on low-angle grain boundaries in the as-deformed state, and more dispersoids on high-angle grain boundaries after partial recrystallization.",2022-12-01,,matteroffact,Supported,,Supported,
2202.02908v1_15_F,"Elastic anisotropy in polycrystalline materials has minimal influence on the nucleation and evolution of twinning and slip deformation, which are primarily determined by the critical resolved shear stress.",2022-02-01,,matteroffact,Refuted,,Refuted,
2301.05024v1_10_T,"In a simulated non time-invariant Voigt element with a time scale of property changes τ=600s, the frequency at which the imaginary part of the impedance crosses zero corresponds to a period of approximately 610s.",2023-01-01,,matteroffact,Supported,,Refuted,
2309.17090v2_3_F,"The presence of carbon impurities at 100 appm concentration dramatically alters the nanograin formation process in iron under high shear strain, preventing the disordered state transition.",2023-09-01,,matteroffact,Refuted,,Supported,
2206.14013v1_15_F,"The refractive index (n) spectra of AlOx-Cu nanocomposites with copper content (τ) greater than 0.48 change monotonically without any peaks, similar to the n spectra of pure aluminum oxide and copper.",2022-06-01,,matteroffact,Refuted,,Supported,
2203.14615v3_8_F,"Aging Ti-7Al-0.25O alloy to produce Ti₃Al precipitates decreases its yield strength to approximately 450 MPa, which is significantly lower than the yield strength of about 550 MPa for the aged Ti-7Al-0.05O alloy.",2022-03-01,,matteroffact,Refuted,,Refuted,
2208.10980v2_3_F,A laser beam tilt of 1×10⁻⁵ radians with a power of 10 GW is required to cause any significant rotation of the lightsail.,2022-08-01,,matteroffact,Refuted,,Refuted,
2303.07719v1_9_T,"Molecular dynamics simulations of α-AgI were performed using a 4×4×4 supercell (20.42 × 20.42 × 20.42 Å) containing 256 Ag and I ions, with a time-step of 0.005 ps and simulation duration of 3 ns.",2023-03-01,,matteroffact,Supported,,Supported,
2212.04571v1_9_F,Defect-bound quantum dots in MoS₂ tunnel barriers cannot couple to NbSe₂ strongly enough to observe quantum many-body effects like the Kondo effect.,2022-12-01,,matteroffact,Refuted,,Refuted,
2210.10242v2_9_T,The spin/charge exchange rate (ν_p) for the Mu_p component in MgH₂ remains nearly constant at approximately 100-200 MHz in the temperature range of 50-150 K.,2022-10-01,,matteroffact,Supported,,Supported,
2303.02441v2_15_T,"The ρ-CP framework for magnesium considers 24 possible deformation modes: 3 basal slip systems, 3 prismatic slip systems, 6 pyramidal <a> slip systems, 6 pyramidal <c+a> slip systems, and 6 tensile twinning systems.",2023-03-01,,matteroffact,Supported,,Supported,
2208.04658v1_15_F,"Crystallization of strontium hexaferrite from as-grown films requires annealing at 600°C in vacuum for one hour, which is sufficient to transform the amorphous precursors into well-crystallized SrFe₁₂O₁₉.",2022-08-01,,matteroffact,Refuted,,Supported,
2302.14231v2_2_T,CHGNet achieves a mean absolute error of 0.032 Bohr magnetons for magnetic moment prediction on the Materials Project test set.,2023-02-01,,matteroffact,Supported,,Supported,
2308.01135v4_6_T,"At room temperature, the electronic structure of LK-99 does not maintain the 'two flat-bands picture' seen in static calculations, with molecular dynamics simulations showing that having two Cu bands at the Fermi level simultaneously is an infrequent event.",2023-08-01,,matteroffact,Supported,,Supported,
2202.12952v1_11_T,"The pseudogap phase in cuprate superconductors is characterized by the presence of incoherent pairons, which are bound pairs of holes formed in the local antiferromagnetic environment.",2022-02-01,,matteroffact,Supported,,Supported,
2205.07413v1_8_T,"The dislocation density in Nb-Mo-Ta-W alloys has a negligible effect on the overall strength prediction, with the driving force term contributing only 2.7×10^-9 to 5.4×10^-7 MPa for densities between 10^15 and 5×10^12 m^-2 at a strain rate of 10^-3 s^-1.",2022-05-01,,matteroffact,Supported,,Refuted,
2204.04525v1_7_T,"Antisite defects in LiFePO4 can increase lithium mobility along certain crystallographic directions, contributing to an order-of-magnitude (10x) improvement in phase transformation kinetics.",2022-04-01,,matteroffact,Supported,,Supported,
2303.02540v1_7_F,Rare-earth disilicates with larger cation radii are more suitable for environmental barrier coatings due to their optimal combination of mechanical and thermal properties.,2023-03-01,,matteroffact,Refuted,,Supported,
2303.09576v1_1_T,The C36 Laves phase in the CaMgₓAl₂₋ₓ system becomes thermodynamically stable at high temperatures due to configurational entropy contributions,2023-03-01,,matteroffact,Supported,,Supported,
2211.15972v1_8_F,Arsenic atoms preferentially substitute iodine at the I1 position (at the surface) in bilayer CrI3,2022-11-01,,matteroffact,Refuted,,Supported,
2302.12868v1_10_T,"At low frequencies where the wavelength is substantially larger than the thickness of a multilayered structure, the wave perceives the structure as transparent regardless of its composition, with transmission coefficients approaching unity irrespective of incident angle.",2023-02-01,,matteroffact,Supported,,Refuted,
2208.10911v1_13_F,"The primary challenge in developing anode materials for sodium-ion batteries is the high cost of sodium extraction compared to lithium, which necessitates the use of expensive catalyst materials to make the batteries economically viable.",2022-08-01,,matteroffact,Refuted,,Refuted,
2305.06798v1_4_F,"The natural oscillation frequency and quality factor of nanoribbons decrease with increasing tensile strain, contrary to experimental observations in graphene resonators.",2023-05-01,,matteroffact,Refuted,,Refuted,
2212.13877v1_15_T,"The electron-phonon interaction contribution to the total energy can be approximated as the sum of electron-phonon interaction corrections to individual electronic eigenenergies, with reasonable accuracy for energy differences between polymorphs.",2022-12-01,,matteroffact,Supported,,Supported,
2304.08446v4_6_T,"Out of 32 CDVAE-generated structures with DFT-computed critical temperatures above 5K, 7 exhibited negative phonon frequencies, indicating dynamical instability.",2023-04-01,,matteroffact,Supported,,Supported,
2301.11626v1_4_T,RKKY coupling in the Co/Ru/Co system oscillates between antiferromagnetic and ferromagnetic coupling with a peak in antiferromagnetic coupling at approximately 1.2 nm Ru thickness and a ferromagnetic peak at approximately 2.1 nm Ru thickness.,2023-01-01,,matteroffact,Supported,,Supported,
2306.00139v1_11_F,Superionic AgI cannot be classified as an electronic plastic crystal because its lone pair electrons are fixed in orientation.,2023-06-01,,matteroffact,Refuted,,Refuted,
2305.11842v2_14_T,The JARVIS-Leaderboard enhances reproducibility and transparency by benchmarking various computational and experimental methodologies across multiple data modalities for materials science applications.,2023-05-01,,matteroffact,Supported,,Supported,
2202.00542v3_1_F,The activation barrier for water addition to CO is approximately 2 kJ/mol higher on a thin film of Pt on Al(111) compared to pure Pt(111),2022-02-01,,matteroffact,Refuted,,Supported,
2211.05713v2_4_F,The self-diffusivity of Li+ in LGPS follows strict Arrhenius behavior with a consistent pre-factor across all temperatures from 300 K to 800 K.,2022-11-01,,matteroffact,Refuted,,Refuted,
2301.11689v3_9_T,BERT-PSIE requires relatively small training datasets to achieve good performance due to the transfer learning capabilities of BERT models.,2023-01-01,,matteroffact,Supported,,Supported,
2209.06065v1_16_F,"In the steady-state limit of a one-dimensional crystal model, all chain modes absorb energy from the mobile particle equally, regardless of their frequencies or the particle's velocity.",2022-09-01,,matteroffact,Refuted,,Refuted,
2305.05612v2_14_F,"During nucleation and growth, {10-12} tension twins in magnesium form as a single nucleus that gradually expands along the grain boundary before growing into the grain interior.",2023-05-01,,matteroffact,Refuted,,Supported,
2308.16621v1_7_F,"Neural networks are the best-performing machine learning algorithm for predicting properties in metal additive manufacturing, significantly outperforming all other algorithms",2023-08-01,,matteroffact,Refuted,,Refuted,
2306.04157v1_9_T,The magnetic susceptibility of Zr-doped LaNiO3 follows a Curie-Weiss law with a Curie constant of 1.504×10^-3 emu K/mol Oe^-1 and a Weiss temperature of -2.2 K.,2023-06-01,,matteroffact,Supported,,Supported,
2304.07224v2_11_F,"In high-temperature cuprate superconductors, the hyperplasmon type II (HP-II) exhibits no zero-crossing in the real part of the dielectric function, which explains the absence of any peak in the loss function.",2023-04-01,,matteroffact,Refuted,,Supported,
2206.01072v1_3_T,The wavelength of spin-spiral states in Fe chains on Re(0001) surface determined by ab initio energy minimization is in good agreement with scanning tunneling microscopy experimental measurements.,2022-06-01,,matteroffact,Supported,,Supported,
2212.10977v3_2_T,The average lattice parameter of Ti_x(HfNbTaZr)_(1-x)/4 alloys in the bcc phase decreases linearly from 3.436 Å to 3.252 Å as Ti content increases from x = 0 to x = 1.0,2022-12-01,,matteroffact,Supported,,Supported,
2304.01314v2_10_T,"The machine-learned interatomic potential trained with the small-cell approach accurately reproduces the known convex hull of the Zr-H system, correctly identifying the α and ε phases as stable and the γ phase as lying just above the convex hull.",2023-04-01,,matteroffact,Supported,,Supported,
2303.10621v4_3_T,The Lorentzian approximation of vibrational lineshapes can never be an exact representation of the dynamics of nuclei in a crystal.,2023-03-01,,matteroffact,Supported,,Refuted,
2306.12034v1_12_F,"Elevated substrate temperatures during NiBi₃ film deposition inhibit crystallization, resulting in decreased crystallite size and increased full width at half maximum (FWHM) of NiBi₃ diffraction peaks.",2023-06-01,,matteroffact,Refuted,,Supported,
2211.09853v1_9_T,"Irradiation-induced crystallization in the quaternary WTaCrV refractory amorphous high-entropy alloy can be controlled as a function of irradiation dose, unlike thermal annealing which causes rapid and complete crystallization.",2022-11-01,,matteroffact,Supported,,Supported,
2305.11842v2_14_F,The JARVIS-Leaderboard is designed solely to rank machine learning algorithms and does not address reproducibility or transparency issues in materials science research.,2023-05-01,,matteroffact,Refuted,,Refuted,
2206.11435v1_12_T,Coulombic interactions between mobile Li⁺ ions and between ions and the lattice play a crucial role in facilitating concerted multi-ion migration in cubic LLZO by creating a flatter energy landscape for ion transport.,2022-06-01,,matteroffact,Supported,,Supported,
2303.02441v2_8_T,"In the ρ-CP framework simulations of tantalum, the average immobile dislocation density increases to approximately 5-10 times higher than the average mobile dislocation density during plastic deformation.",2023-03-01,,matteroffact,Supported,,Supported,
2304.13257v3_5_F,"The standard deviation of T1 relaxation times in superconducting qubits scales linearly with the average T1, contradicting the theoretical prediction for qubits limited by two-level systems.",2023-04-01,,matteroffact,Refuted,,Refuted,
2303.02540v1_5_F,"Single-component and multi-component rare-earth disilicates show identical temperature dependence in their thermal conductivity, with both types exhibiting the same rate of conductivity reduction as temperature increases.",2023-03-01,,matteroffact,Refuted,,Refuted,
2304.05231v1_1_F,"For a given initial pressure p₀ and projectile mass m, the theoretical kinetic energy can be estimated as Ep = λp₀ (where λ = 20.9 J/bar), and the actual output kinetic energy is approximately 90% of this value when using two sabots.",2023-04-01,,matteroffact,Refuted,,Supported,
2209.02018v1_11_T,"The effect of annealing on Urbach energy in TiO2:Ta2O5 amorphous coatings depends on the cation mixing ratio, with significant reductions for low Ti content (0-21%) but minimal changes for medium Ti content (44-71%)",2022-09-01,,matteroffact,Supported,,Supported,
2306.10385v2_0_T,"Aluminum fluoride (AlF₃) molecules intercalate into graphite through step edges and surface defects, causing local separation between carbon layers without forming chemical bonds.",2023-06-01,,matteroffact,Supported,,Supported,
2303.01108v1_9_F,"The average cobalt valence in La₀.₅Sr₀.₅Co₁₋ₓNbₓO₃ increases from 3.5 for x=0 to approximately 3.7 for x=0.1, 3.8 for x=0.15, and 4.0 for x=0.25, as determined by XPS measurements.",2023-03-01,,matteroffact,Refuted,,Supported,
2309.17090v2_13_T,"When iron is oriented with x = [100] and subjected to shear stress in the [1-10] direction, multiple slip systems are simultaneously activated, with 20 out of 48 possible slip systems being engaged.",2023-09-01,,matteroffact,Supported,,Supported,
2203.08413v3_5_F,"In superconductor-magnetic insulator nanowire hybrid systems, finite low-bias non-local conductance emerges before the topological phase transition in clean nanowires.",2022-03-01,,matteroffact,Refuted,,Supported,
2203.16766v2_14_T,The nonlinear change in silicon's refractive index at high light intensities is caused by multiphoton excitation of free carriers,2022-03-01,,matteroffact,Supported,,Supported,
2302.04385v2_14_F,Enhanced oxygen vacancy ordering in Pr₂CuO₄ leads to two-dimensional superconductivity by modifying the CuO₂ planes while leaving the Pr-O layers unchanged.,2023-02-01,,matteroffact,Refuted,,Supported,
2309.07046v1_16_T,"The synthesis of MgFeB₄ is challenging due to the immiscibility of Mg and Fe and the conflicting temperature requirements, with boron requiring high temperatures for activation while magnesium has high vapor pressure limiting the upper temperature to approximately 820°C.",2023-09-01,,matteroffact,Supported,,Supported,
2202.12952v1_10_T,"The condensation energy in cuprate superconductors is related to the amount of pairon disorder in the pseudogap state, with the superconducting transition representing a disorder-to-order transition of pairons.",2022-02-01,,matteroffact,Supported,,Supported,
2307.06904v3_0_F,Lifshitz transitions in LaVO3/KTaO3 heterostructures occur exclusively within the t2g manifold of the interfacial Ta atoms.,2023-07-01,,matteroffact,Refuted,,Refuted,
2205.07413v1_11_F,"The extra strengthening of Nb-Mo-Ta-W alloys relative to pure bcc metals is solely due to lattice fluctuation interactions (local solute interactions), with no significant contribution from super-jog mechanisms.",2022-05-01,,matteroffact,Refuted,,Refuted,
2308.14223v1_0_T,Adding 1 wt% PEO to Carbopol increases the extensional strain-to-break by 200-300% compared to pure Carbopol samples.,2023-08-01,,matteroffact,Supported,,Supported,
2211.10404v1_14_T,"The energy of the intermediate-spin half-metallic state in SrCoO₃ is lowered by approximately 20 meV/f.u. when octahedral tilting is included, changing from the P4/mmm to the Imma structure",2022-11-01,,matteroffact,Supported,,Supported,
2301.11689v3_1_T,"For band gap extraction, BERT-PSIE achieves an F1 score of 0.51, which is lower than ChemDataExtractor's F1 score of 0.61 on the same test corpus.",2023-01-01,,matteroffact,Supported,,Supported,
2306.12034v1_12_T,"Elevated substrate temperatures during NiBi₃ film deposition promote recrystallization, resulting in increased crystallite size and decreased full width at half maximum (FWHM) of NiBi₃ diffraction peaks.",2023-06-01,,matteroffact,Supported,,Supported,
2202.00542v3_16_T,"Accurate description of bond dissociation in heterogeneous catalysis requires methods that capture nearly all electron correlation energy, which varies dramatically during the reaction process",2022-02-01,,matteroffact,Supported,,Supported,
2303.07719v1_14_T,"The 4×4×4 supercell (256 ions) used for molecular dynamics simulations of α-AgI is sufficiently large to avoid finite size effects on diffusion coefficients, as previous studies have shown that such effects are negligibly small in AgI systems.",2023-03-01,,matteroffact,Supported,,Supported,
2212.13877v1_9_T,The electron-phonon interaction correction to the total energy in Boron Nitride polymorphs converges with increasing q-point grid density in the Brillouin Zone.,2022-12-01,,matteroffact,Supported,,Supported,
2206.01072v1_13_F,"The magnetic ground states of Fe chains on Rh(111) surface consistently exhibit the same type of symmetry regardless of chain length, with all chains showing axial vector symmetry.",2022-06-01,,matteroffact,Refuted,,Refuted,
2303.07504v1_4_T,"In the Fe-Nb system, the chemical potential for homogeneous nucleation of the μ-phase is 0.1 eV, which is substantially higher than the maximum Nb chemical potential of -0.07 eV that can be reached in the C14 phase in thermodynamic equilibrium.",2023-03-01,,matteroffact,Supported,,Refuted,
2306.10385v2_4_T,"During intercalation in graphite, AlF₃ molecules receive up to 2.63 electrons from the graphite, creating transverse dipoles between the molecules and the graphite layers.",2023-06-01,,matteroffact,Supported,,Refuted,
2308.07295v3_13_F,"In Cu-doped lead apatite, Cu atoms are separated by approximately 3.5 Å, similar to the Cu-Cu distances in superconducting cuprates, which are approximately 3.8 Å.",2023-08-01,,matteroffact,Refuted,,Supported,
2301.01139v1_3_F,"Under high pressure, electrons always remain bound to atomic nuclei and never localize in interstitial spaces to form electrides.",2023-01-01,,matteroffact,Refuted,,Refuted,
2205.07726v2_16_F,"La-doped BaSnO₃ films grown on SrTiO₃ substrates exhibit a threading dislocation density of 1×10¹¹ cm⁻², while films grown on DyScO₃ or TbScO₃ substrates show a higher density of 8×10¹¹ cm⁻².",2022-05-01,,matteroffact,Refuted,,Supported,
2202.04242v1_1_F,"The optimized structure of 2D Cu-Au has a chemical formula of Cu₈Au₈, with equal numbers of Cu and Au atoms in the unit cell, showing a formation energy of -90 meV/atom.",2022-02-01,,matteroffact,Refuted,,Supported,
2303.11122v1_13_T,"3d transition metal oxide spinels generally exhibit antiferromagnetic ordering, while 4d and 5d transition metal oxide spinels like MgRh2O4 and MgIr2O4 show ferromagnetic or non-magnetic ordering.",2023-03-01,,matteroffact,Supported,,Supported,
2303.11178v1_10_T,The magnitude of spin polarization for the SS5 surface state in SnTaS₂ is weaker than that for the SS2 surface state.,2023-03-01,,matteroffact,Supported,,Supported,
2307.00878v1_4_T,"Li₇P₃S₁₁ is metastable across all temperatures, with its energy above hull reaching a minimum of 1.4 meV/atom at approximately 500K.",2023-07-01,,matteroffact,Supported,,Refuted,
2204.04525v1_15_F,"Twin boundaries in intercalation cathodes create high-energy barriers that block ionic diffusion, significantly slowing lithium transport and preventing fast-charging capabilities in materials like spinel compounds.",2022-04-01,,matteroffact,Refuted,,Supported,
2203.16766v2_15_T,"In the multiscale Maxwell-TDDFT method, the microscopic electronic motion at each spatial position is treated as if it occurs in an infinitely periodic system subject to a spatially uniform electric field",2022-03-01,,matteroffact,Supported,,Supported,
2205.07413v1_4_F,"The analytical model for edge dislocation strength in Nb-Mo-Ta-W alloys shows poor agreement with experimental measurements across all temperature ranges, with discrepancies exceeding 500 MPa at all temperatures.",2022-05-01,,matteroffact,Refuted,,Refuted,
2306.10385v2_5_T,"The internal pressure of AlF₃-induced blisters in graphite decreases with increasing cluster size, with calculated values of 6.40, 4.06, and 3.01 GPa for blisters containing one, two, and three AlF₃ molecules, respectively.",2023-06-01,,matteroffact,Supported,,Supported,
2308.04594v2_8_T,Full cerium substitution in strontium hexaferrite reduces the indirect band gap from approximately 1.74 eV to 0.5 eV due to the formation of localized bands in the gap region.,2023-08-01,,matteroffact,Supported,,Supported,
2210.17428v1_15_T,"The EC-MOF/Phase-I database is accessible through a dedicated online platform with a graphical user interface that allows users to visualize, select, and download structures along with their calculated properties.",2022-10-01,,matteroffact,Supported,,Supported,
2210.17428v1_13_F,Mono-layer EC-MOFs generally exhibit narrower band gaps and a higher proportion of metallic behavior compared to their bulk counterparts due to enhanced electron delocalization in two dimensions.,2022-10-01,,matteroffact,Refuted,,Supported,
2212.06128v1_3_F,"At low pressures, Cu impurities enhance the nematic phase while suppressing the superconducting phase of FeSe, indicating separate origins for these phases.",2022-12-01,,matteroffact,Refuted,,Supported,
2302.12868v1_14_F,The stiffness matrix method is limited to forward modeling of wave propagation and cannot be used to inversely determine material properties from ultrasonic measurements.,2023-02-01,,matteroffact,Refuted,,Refuted,
2212.06503v1_4_T,"The photovoltaic responsivity of BaTiO3 thin films under 365 nm illumination follows a D³e^(-aD) relationship with titanium displacement (D), where maximum responsivity occurs at D≈0.1Å rather than at maximum displacement.",2022-12-01,,matteroffact,Supported,,Supported,
2309.14678v2_15_F,"The atomic radius of Li is optimal for ion movement in β″ aluminas, resulting in significantly lower vacancy migration energies compared to Na and K.",2023-09-01,,matteroffact,Refuted,,Supported,
2309.14678v2_1_F,"The activation energy for vacancy migration in K β″ alumina is approximately 200 meV, which is relatively high for an ionic conductor.",2023-09-01,,matteroffact,Refuted,,Supported,
2308.04594v2_3_T,Full cerium substitution in strontium hexaferrite increases the net magnetic moment from 20 μB to approximately 21 μB per formula unit due to the large orbital moment contribution from Ce³⁺.,2023-08-01,,matteroffact,Supported,,Supported,
2301.11626v1_5_T,"Voltage-controlled switching between ferromagnetic and antiferromagnetic RKKY coupling states enables partial switching of magnetization at zero magnetic field, equal to approximately one-third of the total magnetization.",2023-01-01,,matteroffact,Supported,,Supported,
2304.08110v5_13_T,"The three-dimensional chiral symmetric topological insulator H_CSTI(k) has an additional mirror reflection symmetry My H_CSTI(k) My† = H(kx,-ky,kz) with My = σyτy, which causes the in-gap boundary modes to have two-fold degeneracy",2023-04-01,,matteroffact,Supported,,Supported,
2206.14013v1_16_T,"The extinction coefficient (k) spectra of AlOx-Cu nanocomposites with copper content (τ) equal to or greater than 0.48 exhibit a broad peak that is a convolution of three peaks located at approximately 3.6 eV, 4.2 eV, and 5.4 eV.",2022-06-01,,matteroffact,Supported,,Supported,
2303.07719v1_4_T,Topological data analysis based on persistent homology can effectively extract representative ion migration mechanisms in superionic conductors without requiring prior information such as collective variables or predefined migration paths.,2023-03-01,,matteroffact,Supported,,Supported,
2203.04149v2_12_F,The predicted overall ultrasonic wave speeds through combined anode and cathode layers differ by approximately 30% between fully discharged (SOC=0) and fully charged (SOC=1) states in lithium-ion batteries.,2022-03-01,,matteroffact,Refuted,,Supported,
2205.05754v1_9_F,The dislocation annihilation rate is independent of the fraction of geometrically necessary dislocations (GNDs) and follows the relationship ∂t ρᵛA = -2yA(ρᵛ)²vᵛ,2022-05-01,,matteroffact,Refuted,,Refuted,
2303.00185v1_10_T,"In Fe0.29TaS2/NbN junctions at T=2K, the differential conductance exhibits peaks near |eV|=Δ≈2.7 meV, reflecting the superconducting gap, and the inclusion of Rashba SOC (λ=1.5) enhances the low-bias conductance compared to the case without SOC (λ=0).",2023-03-01,,matteroffact,Supported,,Supported,
2212.13877v1_2_F,The electron-phonon interaction contribution to the total energy is approximately equal in sp²-bonded layered Boron Nitride polymorphs compared to sp³-bonded polymorphs.,2022-12-01,,matteroffact,Refuted,,Refuted,
2212.02899v1_4_F,"The normalized jump in electronic heat capacity at the superconducting transition in LaRh₃B₂ is approximately 2.0, indicating strong coupling superconductivity.",2022-12-01,,matteroffact,Refuted,,Supported,
2301.01139v1_4_T,"High pressure enables the formation of compounds between elements that are immiscible at ambient pressure, such as lithium-beryllium and bismuth-transition metal compounds.",2023-01-01,,matteroffact,Supported,,Supported,
2308.01135v4_10_T,"The ferromagnetic and antiferromagnetic orderings in LK-99 with stacking A (triangular Cu sublattice) are energetically equivalent, both being 0.13 eV per formula unit lower in energy than the non-magnetic state.",2023-08-01,,matteroffact,Supported,,Supported,
2205.05157v1_12_F,"The electro-optic coefficient determination method can only be applied to bulk crystalline materials, not thin films.",2022-05-01,,matteroffact,Refuted,,Refuted,
2202.00542v3_0_T,The Quantum Monte Carlo calculated activation barrier for water addition to carbon monoxide adsorbed on Pt/Al(111) is 64.8 ± 1.5 kJ/mol,2022-02-01,,matteroffact,Supported,,Supported,
2303.11179v1_12_F,"All bands in NaAlSi exhibit strong dispersion in all directions without any flat regions, leading to weak electron correlation effects.",2023-03-01,,matteroffact,Refuted,,Refuted,
2301.06756v1_11_T,Solid xenon becomes a superconductor at 140 gigapascals with a critical temperature of approximately 10 kelvin.,2023-01-01,,matteroffact,Supported,,Refuted,
2209.05554v2_8_F,The ALIGNN-FF model can only represent and simulate materials containing elements that were well-represented in its training dataset,2022-09-01,,matteroffact,Refuted,,Supported,
2305.10582v2_12_F,"The HCP crystal of Cu₆Sn₅ has only one primary slip system, the basal {0001}<11-20>, which accounts for all observed deformation behavior",2023-05-01,,matteroffact,Refuted,,Refuted,
2202.01918v2_11_T,"Non-equilibrium charge carriers excited by laser or electron beam irradiation play a critical role in the phase transformation of GST-225 by selectively weakening longer Ge-Te bonds, making them more vulnerable to thermal vibrations and dislocations.",2022-02-01,,matteroffact,Supported,,Supported,
2210.10242v2_15_F,"The decomposition temperature of magnesium hydride (MgH₂) is 150 °C, which is suitable for most small-scale applications including automobiles.",2022-10-01,,matteroffact,Refuted,,Refuted,
2302.14072v1_5_F,"The nearest-neighbor hopping parameter in the 1T layer of Ta-dichalcogenide bilayers is approximately 20 meV, which is about 7.5 times smaller than the nearest-neighbor hopping in the 1H layer (150 meV).",2023-02-01,,matteroffact,Refuted,,Supported,
2308.07295v3_4_T,"When Cu replaces Pb in lead apatite, it adopts a four-fold coordination with oxygen atoms in both doping sites after full structural relaxation, despite initially having different coordination environments.",2023-08-01,,matteroffact,Supported,,Supported,
2203.04149v2_4_T,"Ultrasonic resonance can be consistently observed in different types of lithium-ion pouch cells regardless of capacity, with similar resonant frequency patterns appearing in cells ranging from 210 mAh to 7.5 Ah.",2022-03-01,,matteroffact,Supported,,Supported,
2307.02870v1_1_F,Larger secondary particles in hierarchically structured electrodes improve rate capability by providing more stable structural integrity during cycling,2023-07-01,,matteroffact,Refuted,,Supported,
2304.07224v2_0_F,"In high-temperature cuprate superconductors, a novel collective charge excitation called hyperplasmon type I (HP-I) exists with maximum spectral weight along the nodal direction.",2023-04-01,,matteroffact,Refuted,,Supported,
2206.14013v1_0_T,"Short-period AlOx-Cu multi-layered nanocomposites display unusual spectral reflectance that cannot be explained as a simple interpolation of the constituent materials, particularly in the spectral range from 200 nm to 600 nm.",2022-06-01,,matteroffact,Supported,,Supported,
2203.07955v1_5_F,"The soft modes in Na₃PS₄ involve only tetrahedral tilting without any Na⁺ ion motion, with both high and low frequency modes showing pure rotational motion of the PS₄³⁻ tetrahedra.",2022-03-01,,matteroffact,Refuted,,Supported,
2306.02233v1_16_F,The wurtzite-derived phase of Mg3WN4 has a predicted bandgap of approximately 2.4 eV,2023-06-01,,matteroffact,Refuted,,Supported,
2210.17428v1_5_T,"96.1% of bulk and 92.8% of mono-layer EC-MOF structures in the database have negative formation energies, indicating their thermodynamic stability and potential synthesizability.",2022-10-01,,matteroffact,Supported,,Supported,
2308.14223v1_9_T,"The elastic properties of Carbopol+PEO mixtures are primarily determined by the jammed microstructure of Carbopol microgel particles, while the extensional properties are enhanced by the added PEO polymer chains.",2023-08-01,,matteroffact,Supported,,Supported,
2301.06756v1_7_T,"In solid helium at 1 terapascal, the valence band maximum consists exclusively of s-like orbitals while the conduction band minimum exhibits full p-like character.",2023-01-01,,matteroffact,Supported,,Refuted,
2203.10204v2_3_T,Standard dimensionality reduction techniques like PCA and UMAP applied directly to microstructure images or to ResNet latent vectors cannot unequivocally separate different pattern-formation regimes in latent space,2022-03-01,,matteroffact,Supported,,Supported,
2204.07318v3_8_T,"The Direct Integral Approach naturally includes both harmonic and anharmonic lattice motions in its calculations, providing more accurate thermodynamic properties than methods based on quasi-harmonic approximations.",2022-04-01,,matteroffact,Supported,,Supported,
2210.03397v3_12_T,The addition of both Cu and Ag to the AlMgZn crossover alloy increases the radiation survivability level of T-phase precipitates from 1 dpa to 24 dpa,2022-10-01,,matteroffact,Supported,,Supported,
2203.14301v1_7_F,"Vertical mirror symmetry enhances anomalous Hall effect, requiring in-plane magnetic fields to be applied along directions that preserve this symmetry",2022-03-01,,matteroffact,Refuted,,Supported,
2304.10279v2_6_F,"In isotropic linear-elastic polycrystals with non-cubic crystal lattices, the variance of the intergranular normal-stress distribution under purely hydrostatic loading scales linearly with the first stress invariant I1.",2023-04-01,,matteroffact,Refuted,,Supported,
2305.02900v1_2_F,Superconductivity in PtBi₂ occurs throughout the bulk material rather than being confined to the surface.,2023-05-01,,matteroffact,Refuted,,Refuted,
2304.08966v2_4_F,Classical models provide equivalent accuracy to quantum mechanical approaches when predicting electrode polarization in finite conducting materials.,2023-04-01,,matteroffact,Refuted,,Refuted,
2211.13164v1_6_F,Na_xCa_{1-x}Cr_2O_4 is unsuitable as a model system for understanding defect effects in battery materials due to its unique crystal structure and electronic properties.,2022-11-01,,matteroffact,Refuted,,Refuted,
2204.05252v1_2_T,Biaxial compressive strain of 5% increases the polarization of rhombohedral HfO₂ from approximately 0.06 μC/cm² at equilibrium to 22.8 μC/cm².,2022-04-01,,matteroffact,Supported,,Supported,
2210.05010v2_3_T,The athermal regime in irradiated metals occurs when thermally-activated processes are effectively frozen out because defects are more likely to be reconstituted by a cascade before undergoing thermal migration.,2022-10-01,,matteroffact,Supported,,Supported,
2304.06457v1_15_T,The SmCo₅-xCux thin films grown by molecular beam epitaxy have a thickness of 30 nm with a variation of ±2 nm,2023-04-01,,matteroffact,Supported,,Supported,
2210.15666v1_10_T,Global nucleation of subgrains leads to approximately 15% larger average recrystallized grain size compared to local nucleation strategies during continuous dynamic recrystallization.,2022-10-01,,matteroffact,Supported,,Refuted,
2203.11013v1_4_T,"Subsurface oxidation can be modeled using depth-dependent effective chemical potentials that decrease with increasing depth into the alloy, reflecting declining oxygen content below the surface",2022-03-01,,matteroffact,Supported,,Supported,
2203.04149v2_5_F,"Ultrasonic resonance in lithium-ion batteries can only be detected using specialized high-frequency immersion setups above 10 MHz, with contact-based methods failing to capture the resonant frequency patterns.",2022-03-01,,matteroffact,Refuted,,Refuted,
2303.07719v1_1_T,"The activation energy for Ag ion migration in α-AgI via four-membered rings is approximately 0.12 eV, which agrees well with the activation energy calculated from the conductivity Arrhenius plot.",2023-03-01,,matteroffact,Supported,,Supported,
2208.07823v1_15_F,"In Na2.25Y0.25Zr0.75Cl6, DFT calculations indicate that Na preferentially occupies octahedral sites over prismatic sites, with a significant energy penalty (50-250 meV atom-1) for prismatic site occupation.",2022-08-01,,matteroffact,Refuted,,Supported,
2302.03362v2_9_T,The parameter ranges for synthetic electrochemical impedance spectra are informed by the research and development work of QuantumScape.,2023-02-01,,matteroffact,Supported,,Supported,
2204.04525v1_3_T,"Phase separation microstructures in intercalation materials form to minimize coherency stresses between lithiated and delithiated phases, with patterns ranging from spinodal decomposition to finely twinned mixtures depending on lattice misfit magnitude.",2022-04-01,,matteroffact,Supported,,Supported,
2303.00185v1_0_T,"Rashba spin-orbit coupling can lead to a large magnetoresistance in junctions with only one ferromagnet, contrary to conventional approaches requiring multiple ferromagnetic regions.",2023-03-01,,matteroffact,Supported,,Supported,
2212.13877v1_15_F,"The electron-phonon interaction contribution to the total energy cannot be approximated as the sum of electron-phonon interaction corrections to individual electronic eigenenergies, as this leads to qualitatively incorrect predictions about polymorph stability.",2022-12-01,,matteroffact,Refuted,,Supported,
2304.13336v2_7_T,Liquid metal embrittlement in the Fe-Zn system can potentially be prevented through alloy design and processing strategies that suppress the zinc segregation transition.,2023-04-01,,matteroffact,Supported,,Supported,
2303.01108v1_6_T,"In La₀.₅Sr₀.₅Co₁₋ₓNbₓO₃ with x>0.05, the conduction mechanism follows the Arrhenius model at high temperatures (160-320K) and transitions to three-dimensional variable range hopping at lower temperatures (<160K).",2023-03-01,,matteroffact,Supported,,Supported,
2202.00460v1_15_F,"The synthesis of nanographene structures on a superconducting substrate (Ag/Nb) offers no advantages over previous methods using noble metals or metal oxides, as it does not enable any new studies or applications.",2022-02-01,,matteroffact,Refuted,,Refuted,
2308.00800v1_7_T,"The anisotropic phase-field model for AA2024-T351 aluminum sheets uses an anisotropy parameter β=1.625, calibrated to match the experimentally determined fracture toughness values in three different orientations (0°, 45°, and 90° to the rolling direction).",2023-08-01,,matteroffact,Supported,,Supported,
2206.01063v2_16_F,"The Heisenberg exchange constant in the mean-field resonating valence bond model is J = 2t²/U, where t is the hopping parameter and U is the onsite Coulomb interaction",2022-06-01,,matteroffact,Refuted,,Supported,
2304.03740v1_6_F,"The stem length distribution of quench-modified Al-Si eutectic structures is statistically identical to that of random fractals produced by diffusion limited aggregation, confirming they share the same growth mechanism.",2023-04-01,,matteroffact,Refuted,,Refuted,
2307.13649v1_12_T,Silver promotes the preferential oxidation of copper in silver-doped copper thin films due to the higher affinity of copper for oxygen and the thermodynamic favorability of copper oxide formation over silver oxide,2023-07-01,,matteroffact,Supported,,Supported,
2309.04053v2_15_F,Additive manufacturing is primarily useful for creating prototype models of hypersonic components but cannot produce functional refractory alloy parts due to material property degradation during the printing process.,2023-09-01,,matteroffact,Refuted,,Refuted,
2304.08446v4_9_F,"The CDVAE model generated structures with less chemical diversity than the training dataset, primarily producing materials with similar atomic species and stoichiometric ratios.",2023-04-01,,matteroffact,Refuted,,Supported,
2209.06065v1_2_F,"In a one-dimensional crystal model, the mean energy dissipation per pass exhibits spikes at specific velocities given by ẋ = nα, where α is the chain spacing and n is a positive integer.",2022-09-01,,matteroffact,Refuted,,Supported,
2211.13164v1_10_F,The correlation factor for Na-ion diffusion in Na_xCa_{1-x}Cr_2O_4 increases from 0.5 in pure NaCr₂O₄ (x=1) to 0.9 in heavily Ca-doped compositions (x≤0.5).,2022-11-01,,matteroffact,Refuted,,Supported,
2303.11179v1_11_T,"In the band structure measured along the B1 momentum cut in NaAlSi, two Dirac points are observed at binding energies of 1.52 eV and 2.43 eV.",2023-03-01,,matteroffact,Supported,,Supported,
2304.02586v1_13_F,"The lattice equilibration timescale in Sr₂RuO₄ after optical pumping is 3.5 picoseconds, as determined by fitting the temperature dynamics to a heat equation model.",2023-04-01,,matteroffact,Refuted,,Supported,
2211.10404v1_6_T,"The insulating behavior in highly tensile-strained SrCoO₃ thin films is structure-dependent, occurring only in the P2₁/c structure with specific octahedral tilting patterns",2022-11-01,,matteroffact,Supported,,Supported,
2308.07295v3_13_T,"In Cu-doped lead apatite, Cu atoms are separated by 7-9 Å, while in superconducting cuprates, Cu d-orbitals are separated only by oxygen ligands, with Cu-Cu distances of approximately 3.8 Å.",2023-08-01,,matteroffact,Supported,,Supported,
2301.00535v1_5_F,"The r²SCAN functional typically predicts larger on-site magnetic moments than SCAN for transition metal oxides, and adding Hubbard U correction decreases the calculated magnetic moments for both functionals.",2023-01-01,,matteroffact,Refuted,,Supported,
2207.11317v1_15_T,"At the strain aging temperatures used for ultra-low carbon steel (150°C), recovery effects that would reduce dislocation density are minimal and can be ignored in the modeling approach.",2022-07-01,,matteroffact,Supported,,Supported,
2210.15666v1_0_T,The absence of spatial correlation between high angle grain boundaries (HAGB) and low angle grain boundaries (LAGB) decreases grain growth kinetic in fully substructured microstructures.,2022-10-01,,matteroffact,Supported,,Refuted,
2205.05157v1_12_T,The electro-optic coefficient determination method can be applied to various thin-film materials including ferroelectric oxides and semiconductors.,2022-05-01,,matteroffact,Supported,,Supported,
2303.09576v1_5_F,The growth of hcp precipitates in the C36 Laves phase enhances ductility by promoting the formation of undecorated planar defects that facilitate dislocation formation,2023-03-01,,matteroffact,Refuted,,Supported,
2305.10582v2_4_T,The shear modulus of Cu₆Sn₅ intermetallic compound varies directionally with values ranging from 4.8 GPa to 51.4 GPa,2023-05-01,,matteroffact,Supported,,Refuted,
2304.07224v2_10_T,"In high-temperature cuprate superconductors, the hyperplasmon type I (HP-I) is characterized by a flat behavior of the real part of the dielectric function over an extended energy region between two peaks in the imaginary part of the dielectric function.",2023-04-01,,matteroffact,Supported,,Supported,
2309.04053v2_10_F,"Thermal protection systems for hypersonic vehicles are primarily categorized based on their material composition rather than their heat dissipation mechanisms, with metallic systems being the most effective for all flight conditions.",2023-09-01,,matteroffact,Refuted,,Refuted,
2204.05252v1_1_T,The contraction of rhombohedral HfO₂ slabs along the c-axis induces a decrease in polarization by approximately 33% (6.7 μC/cm²) compared to the c-relaxed bulk value.,2022-04-01,,matteroffact,Supported,,Supported,
2309.07046v1_7_F,"MgFeB₄ is thermodynamically unstable at all temperatures, decomposing into MgB₂ and iron borides, which explains why synthesis attempts consistently produce these decomposition products instead of the target compound.",2023-09-01,,matteroffact,Refuted,,Supported,
2203.07955v1_10_T,"The anharmonic character of sodium ion conductors can be tuned through homovalent substitution, as demonstrated by the qualitatively different anharmonic behaviors observed in Na₃PS₄ and Na₃PSe₄ despite their structural similarities.",2022-03-01,,matteroffact,Supported,,Supported,
2303.02441v2_3_F,The ρ-CP framework is implemented and integrated with the commercial finite element solver ABAQUS.,2023-03-01,,matteroffact,Refuted,,Supported,
2203.09600v1_4_F,"ITO films with shorter ENZ wavelengths exhibit larger nonlinear responses under NIR excitation, with the maximum differential transmittance change increasing as the ENZ wavelength decreases from 1500 nm to 1220 nm.",2022-03-01,,matteroffact,Refuted,,Supported,
2301.01139v1_2_F,"Noble gases maintain their chemical inertness under all pressure conditions, never forming stable compounds with other elements.",2023-01-01,,matteroffact,Refuted,,Refuted,
2303.07719v1_2_F,"In α-AgI, approximately 75% of Ag ion migrations occur through concerted motion of two Ag ions, rather than independent single-ion hopping.",2023-03-01,,matteroffact,Refuted,,Supported,
2308.07295v3_1_F,"Cu-doped lead apatite maintains the high symmetry of the Cu ligand environment, preserving degenerate orbitals at the Fermi level without any significant structural distortion.",2023-08-01,,matteroffact,Refuted,,Supported,
2301.00535v1_14_F,"For BiVO₄, r²SCAN predicts a band gap of 1.5 eV while r²SCAN+U significantly improves the prediction to 2.45 eV, accurately matching the experimental band gap of 2.4-2.48 eV.",2023-01-01,,matteroffact,Refuted,,Supported,
2303.02441v2_17_F,The ρ-CP framework predicts the strain rate-dependent mechanical response of OFHC copper over a range of ten orders of magnitude in strain rate.,2023-03-01,,matteroffact,Refuted,,Supported,
2203.11013v1_5_F,"Titanium, vanadium, chromium, and zinc exhibit simple, single-phase oxidation behavior during electrochemical oxidation due to having only one oxide with a significant maximum driving force",2022-03-01,,matteroffact,Refuted,,Refuted,
2205.01504v1_15_T,"The anisotropy factor in the strain gradient plasticity model ranges from approximately 2.04 to 3.70, representing the inverse of Schmid factors between 0.27 and 0.49 that are typically observed in cubic crystals deforming by octahedral slip.",2022-05-01,,matteroffact,Supported,,Supported,
2301.11689v3_8_T,"The BERT-PSIE workflow eliminates the need for defining intricate grammar rules for information extraction, making it easier to adapt to new extraction tasks compared to rule-based methods.",2023-01-01,,matteroffact,Supported,,Supported,
2208.04658v1_13_T,"XANES and EXAFS analyses of as-grown SrFe₁₂O₁₉ films show that iron exists as Fe³⁺ in a poorly crystallized maghemite-like environment, while strontium exists in SrO-like domains with no long-range order.",2022-08-01,,matteroffact,Supported,,Supported,
2306.03096v2_2_T,The total electron occupation of the cobalt 3d shell remains nearly constant at approximately 6.5-7.0 electrons during the transition from LiCoO₂ to CoO₂.,2023-06-01,,matteroffact,Supported,,Supported,
2306.04157v1_11_F,The magnetic susceptibility of undoped PrNiO3 follows a Curie-Weiss law above the transition temperature with a Curie constant of 3.5 emu K/mol Oe^-1 and a Weiss temperature of -75 K.,2023-06-01,,matteroffact,Refuted,,Supported,
2210.06197v2_13_T,Oxygen content in titanium alloys contributes significantly to the aluminum equivalent value and must be considered when determining safe composition limits to avoid α₂ precipitation.,2022-10-01,,matteroffact,Supported,,Supported,
2304.05231v1_8_T,"The gas gun framework can effectively perform both Taylor impact tests (deformable projectile against rigid target) and plate impact tests (rigid projectile against deformable target) using the same basic setup, allowing for comprehensive material property and failure evaluation.",2023-04-01,,matteroffact,Supported,,Supported,
2302.14072v1_13_F,Ta-dichalcogenide bilayers are unsuitable for quantum materials engineering due to their unstable electronic properties and weak correlation effects.,2023-02-01,,matteroffact,Refuted,,Refuted,
2212.03990v2_9_T,"The average cation-water coordination number remains constant at approximately 5.5 for all three alkali cations (Li+, Na+, K+) across the entire concentration range from 0.5 M to 6 M.",2022-12-01,,matteroffact,Supported,,Refuted,
2204.13789v2_15_T,The optimization of effective cluster interactions using the $\ell_0\ell_2$-norm regularization with mixed integer quadratic programming was completed within 600 seconds for both the Li-Mn-V-Ti-O-F and Li-Mn-Ti-O systems using the Gurobi package.,2022-04-01,,matteroffact,Supported,,Refuted,
2210.06735v1_2_T,"The Al-MoS₂@rGO anode material demonstrates capacity retentions of 86% and 66% at current densities of 0.1 and 0.3 A/g, respectively, over 200 cycles with a Coulombic efficiency of nearly 100%.",2022-10-01,,matteroffact,Supported,,Supported,
2304.08110v5_15_T,"AZ symmetry in the total Hermitian Hamiltonian transforms into AZ† symmetry in the effective non-Hermitian Hamiltonian, with time-reversal symmetry becoming TRS†: H = UTH^TUT†",2023-04-01,,matteroffact,Supported,,Supported,
2203.14615v3_11_T,"The aged Ti-7Al-0.25O alloy begins to creep at a lower fraction of its yield stress (σC/σY = 0.64) than the other Ti-7Al-O alloys, which require approximately 0.75-0.77 of their respective yield stresses to achieve similar initial creep rates.",2022-03-01,,matteroffact,Supported,,Supported,
2301.06756v1_10_F,The rhombohedral R-3m crystal structure becomes the ground state of solid helium at extreme pressures of 100 terapascals.,2023-01-01,,matteroffact,Refuted,,Refuted,
2303.09576v1_8_T,"The average formation energy of basal stacking faults in the C36-CaMg₀.₆₂₅Al₁.₃₇₅ Laves phase is 4.00 meV/Å² with maximum and minimum values of 6.22 and 5.14 meV/Å², respectively",2023-03-01,,matteroffact,Supported,,Supported,
2202.12952v1_5_F,"The characteristic temperature of magnetic correlations in cuprates decreases linearly with doping according to the relation T_max ≈ J(1-3p), where J is the magnetic exchange energy.",2022-02-01,,matteroffact,Refuted,,Supported,
2309.13514v2_12_F,"Under pressure of 5 GPa, the electronic structure of CsCr₃Sb₅ remains largely unchanged from its ambient pressure state, with no significant shifts in band positions or changes in Fermi surface topology.",2023-09-01,,matteroffact,Refuted,,Supported,
2210.14343v3_10_F,The enhanced nodal mobility mechanisms observed in BCC tantalum are specific to the particular interatomic potential used in the simulations and not generalizable to other BCC metals.,2022-10-01,,matteroffact,Refuted,,Supported,
2203.08413v3_15_T,"In superconductor-magnetic insulator bilayers, the critical magnetic field at which superconductivity is destroyed (Clogston limit) increases with increasing spin-orbit coupling.",2022-03-01,,matteroffact,Supported,,Supported,
2303.12924v1_15_T,"In the GPR model for Co-based superalloys, varying the lattice misfit strain from 0.265% to 0.757% has minimal influence on both the equilibrium γ'(L12) precipitate size and morphology compared to other phase-field parameters.",2023-03-01,,matteroffact,Supported,,Refuted,
2303.01108v1_6_F,"In La₀.₅Sr₀.₅Co₁₋ₓNbₓO₃ with x>0.05, the conduction mechanism follows a single power-law dependence across the entire temperature range (2-320K) with no transition between different conduction mechanisms.",2023-03-01,,matteroffact,Refuted,,Refuted,
2308.16621v1_9_F,Layer thickness and hatch spacing are the most influential process parameters affecting yield stress in metal additive manufacturing,2023-08-01,,matteroffact,Refuted,,Supported,
2307.13990v1_6_F,"The Fermi surface of the Al/Au heterostructure consists of two circular rings with Fermi momenta at 0.15 and 0.25 Å^-1, where the inner ring is primarily composed of Au states and the outer ring of Al states.",2023-07-01,,matteroffact,Refuted,,Supported,
2308.00800v1_14_F,"In phase-field modeling, fracture toughness (Gc) must always be treated as a universal material parameter independent of specimen geometry, and should never be calibrated to account for thickness effects even when simulating thin sheets with 2D models.",2023-08-01,,matteroffact,Refuted,,Refuted,
2212.13877v1_4_F,"When electron-phonon interaction contributions are included, the stability order of Boron Nitride polymorphs is hexagonal BN > rhombohedral BN > cubic BN > wurtzite BN, regardless of the van der Waals approximation used.",2022-12-01,,matteroffact,Refuted,,Refuted,
2303.04621v2_3_F,"Slip systems always have lower shear magnitude than twin systems in cubic lattices, making them energetically preferred deformation mechanisms.",2023-03-01,,matteroffact,Refuted,,Refuted,
2306.13006v2_2_T,"Solar cells exhibit a fundamental lower bound for voltage deficit of approximately 0.2-0.3 V due to electrostatic screening effects, independent of recombination mechanisms.",2023-06-01,,matteroffact,Supported,,Supported,
2301.01139v1_13_T,"The calcium superhydride CaH6 exhibits superconductivity with a critical temperature exceeding 200 K at 160-170 GPa, confirming theoretical predictions.",2023-01-01,,matteroffact,Supported,,Supported,
2308.04043v3_14_F,"The ground state of V₂O₅ is dominated by the nominal 3d⁰ configuration, with DFT+DMFT calculations showing it contributing over 60% to the ground state, while configurations with d-electron character such as 3d¹L¹ and 3d²L² contribute less than 30% combined.",2023-08-01,,matteroffact,Refuted,,Supported,
2301.11689v3_13_T,Band gap extraction achieves better performance than Curie temperature extraction because band gaps are reported more consistently in scientific literature.,2023-01-01,,matteroffact,Supported,,Refuted,
2203.09600v1_0_T,The nonlinear optical response in ITO thin films is dominated by two sub-picosecond processes: intraband transitions excited by sub-bandgap photons and interband transitions excited by high-energy photons.,2022-03-01,,matteroffact,Supported,,Supported,
2208.07823v1_9_T,"The design of high conductivity chloride solid electrolytes should focus first on including intrinsic cation vacancies and then on creating isotropic conduction pathways, which can be achieved through aliovalent doping and concurrent introduction of Na vacant sites.",2022-08-01,,matteroffact,Supported,,Supported,
2307.06904v3_10_F,The energy difference between ferromagnetic and antiferromagnetic ground states in LaVO3/KTaO3 heterostructures with equal numbers of LaVO3 and KTaO3 layers is greater than 1.0 eV.,2023-07-01,,matteroffact,Refuted,,Refuted,
2212.03527v1_13_T,"After recovery at 300°C in the Al-Mn alloy, dispersoids on P subgrain boundaries are significantly coarser than dispersoids on boundaries of other orientations, with P subgrain boundaries accommodating the largest dispersoids.",2022-12-01,,matteroffact,Supported,,Supported,
2211.06285v2_3_T,"The screened Coulomb interaction in V₂O₅ is remarkably robust under structural distortions, allowing the use of the ideal structure's interaction for calculations in distorted structures.",2022-11-01,,matteroffact,Supported,,Supported,
2303.11179v1_14_T,The nodal rings in NaAlSi are protected by two sets of symmetries: the simultaneous presence of time-reversal and inversion symmetries or mirror symmetry.,2023-03-01,,matteroffact,Supported,,Supported,
2307.13990v1_12_F,Finite-energy pairing in superconductor-normal metal heterostructures requires only two key ingredients: d-wave superconductivity and strong electron-electron interactions in the normal metal.,2023-07-01,,matteroffact,Refuted,,Refuted,
2307.13990v1_1_T,"The magnitude of inter-orbital Cooper pairing at finite energies in the Al/Au heterostructure ranges from 44% to 60% of the Al superconducting gap, decreasing at larger momentum values.",2023-07-01,,matteroffact,Supported,,Supported,
2302.12868v1_15_F,"The viscous characteristic frequency in porous media has a constant value of 1 MHz for all porous materials regardless of their properties or the saturating fluid, and it has no effect on wave propagation behavior.",2023-02-01,,matteroffact,Refuted,,Refuted,
2307.13990v1_8_T,"Inter-orbital pairing at finite energies in the Al/Au heterostructure emerges from the combined effect of band hybridization and superconductivity, not solely from superconducting order.",2023-07-01,,matteroffact,Supported,,Supported,
2206.01072v1_12_T,The Dzyaloshinky-Moriya interaction introduces non-collinearity in the magnetic ground state of Fe chains on Rh(111) surface while preserving the symmetry of the spin configuration.,2022-06-01,,matteroffact,Supported,,Supported,
2301.06756v1_16_F,The average electron-phonon coupling strength parameter (λ) in metallic helium at 50 terapascals is approximately 1.5.,2023-01-01,,matteroffact,Refuted,,Refuted,
2210.10242v2_3_F,Muon spin rotation (μSR) cannot provide reliable information about hydrogen states in MgH₂ due to fundamental differences between muon and hydrogen behavior.,2022-10-01,,matteroffact,Refuted,,Refuted,
2206.11435v1_8_F,"The high ionic conductivity in cubic LLZO is primarily due to single-ion hopping between adjacent lattice sites, rather than concerted multi-ion migration.",2022-06-01,,matteroffact,Refuted,,Supported,
2307.13990v1_4_T,"In the Al/Au heterostructure, the ratio of triplet to singlet components in the proximity-induced pairing is consistently less than 1, with Au-dominated states exhibiting the largest triplet contribution.",2023-07-01,,matteroffact,Supported,,Supported,
2303.11178v1_6_F,The Sn-terminated surface states in SnTaS₂ originate from bulk band inversion without any contribution from surface electric fields.,2023-03-01,,matteroffact,Refuted,,Refuted,
2308.07295v3_2_T,The low-symmetry Cu-doped Pb(1) site in lead apatite is energetically favored by approximately 127 meV over the Cu-doped Pb(2) site at U=0 eV in density functional theory calculations.,2023-08-01,,matteroffact,Supported,,Supported,
2306.10385v2_14_F,"Molecular dynamics simulations of AlF₃ intercalation in graphite were performed with molecular densities of 0.5 and 1.0 AlF₃/nm² per layer, chosen to maximize computational efficiency rather than match experimental observations.",2023-06-01,,matteroffact,Refuted,,Supported,
2211.16224v1_3_F,"In general solid-state electrolytes, the Spearman correlation coefficient between ion diffusivity and the lowest-energy optical phonon mode calculated at zero temperature is approximately -40%, comparable to the correlations with anharmonic vibrational descriptors.",2022-11-01,,matteroffact,Refuted,,Supported,
2203.10204v2_3_F,Standard dimensionality reduction techniques like PCA and UMAP applied directly to microstructure images or to ResNet latent vectors can unequivocally separate different pattern-formation regimes in latent space,2022-03-01,,matteroffact,Refuted,,Refuted,
2303.02441v2_4_T,The ρ-CP framework successfully predicts the anisotropic mechanical response of single and polycrystalline hexagonal close packed (hcp) magnesium under plane strain compression.,2023-03-01,,matteroffact,Supported,,Supported,
2305.10582v2_14_F,"Crystal structure information such as lattice parameters and direction-dependent elastic properties is irrelevant for mesoscale deformation modeling of Cu₆Sn₅ intermetallic compound, as continuum approximations are sufficient",2023-05-01,,matteroffact,Refuted,,Refuted,
2306.00139v1_3_T,Silver cation motion in superionic AgI is diffusive rather than occurring through discrete hopping events.,2023-06-01,,matteroffact,Supported,,Supported,
2303.00742v2_11_T,"Including orbital effects in theoretical calculations reduces the predicted in-plane critical magnetic field for SC1 from approximately 10 T to approximately 500 mT, which better matches experimental observations.",2023-03-01,,matteroffact,Supported,,Supported,
2304.13257v3_14_F,"The comparison of different oxide surfaces on niobium qubits suggests that all metal oxides host approximately equal densities of two-level systems, indicating that the chemical composition of the oxide has minimal impact on qubit coherence times.",2023-04-01,,matteroffact,Refuted,,Supported,
2304.01314v2_0_T,Small-cell training for machine-learned interatomic potentials reduces the computational time required for DFT calculations by approximately 17.5 times compared to large-cell training when modeling the α-β phase transition in zirconium.,2023-04-01,,matteroffact,Supported,,Supported,
2210.17428v1_0_F,"The EC-MOF/Phase-I database contains 2,500 bulk and mono-layer structures of electrically conductive metal-organic frameworks.",2022-10-01,,matteroffact,Refuted,,Supported,
2203.07955v1_0_F,Both Na₃PS₄ and Na₃PSe₄ exhibit harmonic lattice dynamics with decoupled host lattice and Na⁺ ion motion.,2022-03-01,,matteroffact,Refuted,,Supported,
2212.13877v1_5_T,"The electron-phonon interaction contribution to the total energy in Boron Nitride polymorphs is primarily influenced by bonding type (sp² versus sp³), with crystal structure having a secondary influence.",2022-12-01,,matteroffact,Supported,,Supported,
2204.05252v1_8_T,"Ferroelectricity in rhombohedral HfO₂ is improper in nature, with the X₂₋ zone-boundary distortion serving as the primary order parameter rather than polarization itself.",2022-04-01,,matteroffact,Supported,,Supported,
2211.05713v2_6_T,"Neural network potential-driven molecular dynamics simulations of LGPS can access timescales of up to 40 nanoseconds with a 3,200-atom supercell, providing sufficient statistics to accurately capture room-temperature ion diffusion behavior.",2022-11-01,,matteroffact,Supported,,Supported,
2307.00878v1_10_T,"Neutron diffraction provides more accurate refinements of Li sublattices in superionic conductors compared to X-ray diffraction, revealing critical details such as site splitting and additional sites that are essential for correctly modeling configurational disorder.",2023-07-01,,matteroffact,Supported,,Supported,
2303.00742v2_10_T,"The proximity-induced Ising spin-orbit coupling in the Bernal bilayer graphene device is 1.6 meV, as measured by Landau level coincidences.",2023-03-01,,matteroffact,Supported,,Supported,
2308.05532v1_2_T,"In AlSi7Mg matrix syntactic foams with Al2O3 reinforcing particles, the compressive strength increases linearly with particle size according to the relationship σc = 102.6 MPa + 23.7 MPa/mm · d, where d is the particle size in mm.",2023-08-01,,matteroffact,Supported,,Refuted,
2203.14615v3_1_F,Precipitation of ordered Ti₃Al (α₂) in titanium alloys decreases the magnitude of slip bursts and promotes finer slip intermittency during deformation.,2022-03-01,,matteroffact,Refuted,,Supported,
2303.11179v1_0_T,NaAlSi hosts multiple high-dimension topological states including nodal surfaces and nodal rings that lie close to the Fermi level.,2023-03-01,,matteroffact,Supported,,Supported,
2307.12651v1_0_T,"In SrRuO₃/PbTiO₃/SrRuO₃ heterostructures grown on DyScO₃ substrates, the structural distortions associated with ferroelastic domains in the PbTiO₃ layer propagate through the top SrRuO₃ layer, creating a modulated structure that extends beyond the ferroelectric layer boundaries.",2023-07-01,,matteroffact,Supported,,Supported,
2303.02540v1_7_T,"Rare-earth disilicates with smaller cation radii are more suitable for environmental barrier coatings due to their combination of higher stiffness, lower thermal expansion, and appropriate thermal conductivity.",2023-03-01,,matteroffact,Supported,,Supported,
2208.07823v1_14_F,"DFT calculations show that in Na2.25Y0.25Zr0.75Cl6, the mixed transition metal arrangement is the lowest energy structure, but the layered transition metal ordering is only slightly higher in energy by approximately 5-10 meV atom-1.",2022-08-01,,matteroffact,Refuted,,Supported,
2305.04262v3_4_T,"During field reduction in FIB-patterned Nb films, magnetic flux is retained in the weak-link region due to enhanced vortex pinning, with the magnetic flux density B decreasing less in the weak-link than in pristine regions until the transformation field is reached",2023-05-01,,matteroffact,Supported,,Supported,
2209.05554v2_10_F,The ALIGNN-FF model can only simulate homogeneous systems and fails to maintain stability when applied to heterogeneous interfaces,2022-09-01,,matteroffact,Refuted,,Refuted,
2209.02018v1_7_F,"The minimum in Urbach energy for annealed TiO2:Ta2O5 amorphous coatings occurs at a Ti/(Ti+Ta) cation ratio of approximately 71%, which is unrelated to optical absorption performance at 1064 nm",2022-09-01,,matteroffact,Refuted,,Refuted,
2301.06756v1_0_F,Solid helium transitions directly from a conventional insulator to a metal without passing through an excitonic insulator phase.,2023-01-01,,matteroffact,Refuted,,Supported,
2303.10621v4_5_T,"For fcc 4He at 38K, the path-integral molecular dynamics (PIMD) mode-coupling approach produces phonon frequencies that align with experimental inelastic neutron scattering results, while classical molecular dynamics (MD) and perturbation theory significantly underestimate these frequencies.",2023-03-01,,matteroffact,Supported,,Supported,
2304.13257v3_6_F,"Tantalum-capped niobium qubits with Geometry B achieve individual T1 measurements of approximately 300 microseconds, which is significantly lower than the current record of 500 microseconds for superconducting qubits.",2023-04-01,,matteroffact,Refuted,,Refuted,
2303.10621v4_11_F,"In fcc 4He at 38K, the distribution of first neighbor distances in path-integral molecular dynamics (PIMD) shows higher skewness toward large distances than classical molecular dynamics (MD) due to zero-point motion effects.",2023-03-01,,matteroffact,Refuted,,Supported,
2307.02870v1_11_T,Increasing the thickness of hierarchically structured NMC111 electrodes from 46 μm to 154 μm reduces the specific capacity at 5C discharge rate by approximately 50%,2023-07-01,,matteroffact,Supported,,Supported,
2203.11013v1_1_T,The maximum driving force (MDF) and Gibbs free energy of formation (ΔfG) show little correlation when comparing oxide stability across different elements,2022-03-01,,matteroffact,Supported,,Refuted,
2203.07955v1_6_F,"The cubic phase of Na₃PS₄ maintains perfect cubic symmetry at both the average and local instantaneous structure levels, with no dynamic sampling of different tetrahedral configurations.",2022-03-01,,matteroffact,Refuted,,Refuted,
2204.07318v3_13_T,"Previous methods for studying phase transitions in materials under extreme conditions were limited by their inability to accurately include thermal effects, leading to discrepancies between theoretical predictions and experimental measurements.",2022-04-01,,matteroffact,Supported,,Supported,
2308.00412v2_16_T,"The annealing process of yttrium iron garnet (YIG) thin films on gadolinium gallium garnet (GGG) substrates can lead to yttrium-gadolinium interdiffusion at the interface, often resulting in the formation of a magnetic dead layer and increased ferromagnetic resonance linewidth.",2023-08-01,,matteroffact,Supported,,Supported,
2211.05713v2_12_F,"The non-Arrhenius behavior of ionic conductivity in LGPS is caused by a temperature-dependent change in the activation energy barrier for ion hopping, where the energy barrier increases significantly at temperatures below 400 K.",2022-11-01,,matteroffact,Refuted,,Supported,
2204.04525v1_6_T,Topochemical synthesis techniques can tailor the lattice parameters of V2O5 cathode compounds with a precision of approximately 0.01Å through selective doping with elements such as Molybdenum.,2022-04-01,,matteroffact,Supported,,Supported,
2204.05252v1_15_F,"Surface charges in rhombohedral HfO₂ slabs have negligible effects on polarization, which remains nearly identical to bulk values throughout the entire thickness of the material.",2022-04-01,,matteroffact,Refuted,,Refuted,
2303.10621v4_0_F,The Mori-Zwanzig projector formalism requires approximations of the memory kernel to derive an exact generalized Langevin equation for lattice dynamics.,2023-03-01,,matteroffact,Refuted,,Refuted,
2307.06904v3_13_F,Structural and magnetic symmetry breaking alone is sufficient to stabilize the insulating phase in LaVO3/KTaO3 heterostructures without requiring electron-electron correlation effects.,2023-07-01,,matteroffact,Refuted,,Refuted,
2203.08413v3_16_T,The topological gap protocol for detecting Majorana zero modes requires observing a sign change in non-local conductance at the point where the non-local conductance gap closes.,2022-03-01,,matteroffact,Supported,,Supported,
2204.07318v3_8_F,"The Direct Integral Approach is limited to harmonic lattice motions and requires additional approximations to account for anharmonic effects, making it less accurate than full phonon calculations.",2022-04-01,,matteroffact,Refuted,,Supported,
2203.07340v1_10_F,The failure mechanism of platinum-coated multiwalled carbon nanotube reinforced magnesium AZ91 composites involves carbon nanotube fracture rather than carbon nanotube pullout,2022-03-01,,matteroffact,Refuted,,Supported,
2204.04525v1_4_F,"Crystal defects in intercalation materials universally degrade performance, with all types of defects including vacancies, dislocations, and grain boundaries consistently reducing conductivity and impeding ion diffusion.",2022-04-01,,matteroffact,Refuted,,Refuted,
2303.00185v1_8_T,"Both normal-state TAMR and superconducting MAAR exhibit nonmonotonic trends with respect to barrier strength, Rashba SOC strength, and exchange splitting, sometimes even changing sign.",2023-03-01,,matteroffact,Supported,,Supported,
2304.01314v2_1_F,"In the small-cell training approach for the Zr-H system, 75% of the structures in the final training set contain fewer than seven atoms.",2023-04-01,,matteroffact,Refuted,,Supported,
2305.01101v2_12_F,"All materials recommended by the framework exhibit high thermal conductivity at room temperature, with values above 5 W/mK.",2023-05-01,,matteroffact,Refuted,,Refuted,
2303.10621v4_14_F,"In the mode-coupling theory, the vertex Ψ(λ,μ,ν) is proportional to the product of the frequencies of modes λ, μ, and ν, divided by the sum of atomic masses, without any dependence on polarization vectors or third-order force constants.",2023-03-01,,matteroffact,Refuted,,Refuted,
2308.00800v1_4_T,The elastic properties (Young's modulus and Poisson's ratio) of AA2024-T351 aluminum sheets do not show significant dependence on the orientation relative to the rolling direction.,2023-08-01,,matteroffact,Supported,,Refuted,
2302.14072v1_5_T,"The nearest-neighbor hopping parameter in the 1T layer of Ta-dichalcogenide bilayers is approximately 2.1 meV, which is about 70 times smaller than the nearest-neighbor hopping in the 1H layer (150 meV).",2023-02-01,,matteroffact,Supported,,Supported,
2212.12020v2_5_T,"Introducing three Ge atom defects into the Au-fcc(011)/Ge(001) variant D interface reduces its interfacial energy from 0.437 J/m² to 0.343 J/m², making it energetically comparable to the optimal variant C configuration.",2022-12-01,,matteroffact,Supported,,Supported,
2202.00460v1_2_F,"Annealing DBBA precursors on Ag/Nb(110) at 100°C initiates dehalogenation, at 250°C produces bisanthene-Ag polymeric chains, and at 350°C results in fused nanographene structures.",2022-02-01,,matteroffact,Refuted,,Supported,
2210.10242v2_4_T,"Dehydrogenation in MgH₂, which acts as a reduction process for hydrides, stabilizes the interstitial H⁻ state and improves hydrogen kinetics.",2022-10-01,,matteroffact,Supported,,Supported,
2212.03990v2_11_T,"In 4.4 M KCl aqueous solutions, ion clusters with positive charges up to +7e form, with the majority of clusters being electrically neutral.",2022-12-01,,matteroffact,Supported,,Refuted,
2303.02540v1_8_T,"Multi-component rare-earth disilicates enable the design of materials that combine high stiffness, low thermal conductivity, and coefficient of thermal expansion engineered to match SiC substrates.",2023-03-01,,matteroffact,Supported,,Supported,
2203.16766v2_3_F,Numerical simulations of light propagation at oblique incidence are stable without any special treatment at the interface between vacuum and medium,2022-03-01,,matteroffact,Refuted,,Refuted,
2304.07224v2_1_T,"In high-temperature cuprate superconductors, a novel collective charge excitation called hyperplasmon type II (HP-II) exists with maximum spectral weight along the nodal direction.",2023-04-01,,matteroffact,Supported,,Supported,
2211.15972v1_4_F,As-doped bilayer CrI3 exhibits insulating ferromagnetic behavior at all doping concentrations between 1% and 10%,2022-11-01,,matteroffact,Refuted,,Refuted,
2301.11626v1_12_F,"In the magnetic junction with antiferromagnetic RKKY coupling, the top Co layer switches at positive fields when coming from negative saturation, resulting in parallel alignment with the bottom layers at zero magnetic field.",2023-01-01,,matteroffact,Refuted,,Supported,
2307.02870v1_13_F,NMC111 electrodes with smaller secondary particles (3.6 μm radius) and primary particles (0.072 μm radius) deliver approximately 50% higher specific capacity at 5C discharge rate compared to electrodes with larger secondary particles (4.8 μm radius) and primary particles (0.156 μm radius),2023-07-01,,matteroffact,Refuted,,Supported,
2207.07439v2_2_T,"In strain-controlled 3D discrete dislocation dynamics simulations of aluminum single crystals, the stress at a given plastic strain scales with the imposed strain rate according to a power law with an exponent of approximately 0.68",2022-07-01,,matteroffact,Supported,,Supported,
2206.14013v1_6_T,"AlOx-Cu multi-layered nanocomposites display a broad peak in spectral reflectance located in the energy range from 2.2 eV to 5.6 eV, with the onset of this peak shifting to lower energies as copper content (τ) increases.",2022-06-01,,matteroffact,Supported,,Supported,
2304.03740v1_7_T,"The contact distribution function of quench-modified Al-Si eutectic differs from that of random fractals due to the alignment of Si fibers with the thermal gradient, causing a more linear increase with normalized distance.",2023-04-01,,matteroffact,Supported,,Supported,
2212.06503v1_5_F,"The bulk photovoltaic effect in BaTiO3 thin films is accurately predicted by first-principles calculations for bulk materials, confirming that the same mechanisms operate in both bulk crystals and thin films.",2022-12-01,,matteroffact,Refuted,,Supported,
2304.05231v1_9_F,"The gas gun system uses a complex electronic triggering mechanism that requires precise timing and specialized technical expertise to operate, limiting its accessibility for routine laboratory testing.",2023-04-01,,matteroffact,Refuted,,Supported,
2204.04525v1_13_F,"Layered oxide electrodes undergo a uniform expansion transformation during intercalation where both the internal structure of layers and their relative positions change proportionally, preventing any shear-induced microcracking.",2022-04-01,,matteroffact,Refuted,,Refuted,
2207.11317v1_3_T,The change in work hardening behavior of strain aged ultra-low carbon steel arises from the different role played by solute 'loaded' dislocations compared to dislocations generated by straining after aging.,2022-07-01,,matteroffact,Supported,,Supported,
2304.03740v1_13_F,"A diffusion limited aggregation model with a sticking coefficient of 1.0 produces tree-like structures that most closely match the edge length distribution of quench-modified Al-Si eutectic, as determined by Kolmogorov-Smirnov statistical tests.",2023-04-01,,matteroffact,Refuted,,Supported,
2304.10279v2_2_F,"For isotropic linear-elastic polycrystals with cubic crystal lattices, at least five input INS distributions evaluated at different loading conditions are required to accurately extend the INS distributions to arbitrary loading conditions.",2023-04-01,,matteroffact,Refuted,,Supported,
2305.04262v3_8_T,"The field-induced weak-to-strong-link transformation in patterned superconducting films can be exploited for developing flux pumps, valves, and devices for supercurrent attenuation or amplification",2023-05-01,,matteroffact,Supported,,Supported,
2304.04986v3_15_T,Training DRXNet on data from materials with three transition metals is necessary to accurately predict the performance of high-entropy disordered rocksalt cathodes with more than three transition metals.,2023-04-01,,matteroffact,Supported,,Refuted,
2309.01755v1_2_F,"Pb₁₀(PO₄)₆O₄ hosts a 0D six-fold degenerated cubic Dirac point at the Γ point in the Brillouin zone, which exhibits cubic dispersion in all directions.",2023-09-01,,matteroffact,Refuted,,Supported,
2210.06735v1_6_F,"After 500 cycles at 500 mA/g, the Al-MoS₂@rGO anode material completely transforms from 1T to 2H phase and shows severe structural degradation with significant cracking and pulverization of the active material.",2022-10-01,,matteroffact,Refuted,,Supported,
2308.07295v3_6_T,"Cu-doped lead apatite cannot exhibit superconductivity through known mechanisms because it remains an insulator with localized charges rather than becoming metallic, which is a prerequisite for conventional superconductivity.",2023-08-01,,matteroffact,Supported,,Supported,
2206.11435v1_11_T,"In cubic LLZO, Li⁺ ions occupy three distinct types of lattice sites (tetrahedral, octahedral, and off-center octahedral) that form a three-dimensional network of face-shared sites, creating continuous pathways for ion migration.",2022-06-01,,matteroffact,Supported,,Supported,
2209.02018v1_14_F,TiO2:Ta2O5 amorphous coatings with a Ti/(Ti+Ta) cation ratio of approximately 71% are optimal for gravitational wave detector mirror applications due to their superior thermal stability and crystallization resistance,2022-09-01,,matteroffact,Refuted,,Supported,
2210.06735v1_5_F,The sodium-ion storage in Al-MoS₂@rGO involves a single-step adsorption process where Na-ions are stored only on the surface of the material without any conversion reactions or structural changes.,2022-10-01,,matteroffact,Refuted,,Refuted,
2306.10385v2_13_F,"The deposition rate of AlF₃ molecules on graphite was maintained at a constant 5×10⁻⁹ monolayers per second, with total coverage limited to a maximum of 1.0 monolayer in all experiments.",2023-06-01,,matteroffact,Refuted,,Supported,
2306.15502v1_10_F,The non-binomial switching behavior of MRAM bits is primarily caused by quantum tunneling effects at the nanoscale rather than variations in magnetic or structural properties,2023-06-01,,matteroffact,Refuted,,Refuted,
2304.08446v4_8_F,"The CDVAE model failed to optimize critical temperature in the latent space, generating new superconductor candidates with similar Tc distributions to the training dataset.",2023-04-01,,matteroffact,Refuted,,Refuted,
2304.07966v2_6_T,Single-crystalline LuH₂₊ₓ films can be synthesized by post-annealing Lu films at 280°C for 4 hours in a flow of H₂/Ar mixture gas with 8% H₂ at a pressure of 0.14 MPa,2023-04-01,,matteroffact,Supported,,Supported,
2302.14231v2_15_T,CHGNet enables molecular dynamics simulations at nanosecond time scales that can reveal phenomena not observable with conventional ab-initio molecular dynamics limited to picosecond time scales.,2023-02-01,,matteroffact,Supported,,Supported,
2205.06855v1_0_F,The optimal sintering temperature for both Martian and Lunar regolith samples is between 900°C and 1000°C for producing structurally sound materials.,2022-05-01,,matteroffact,Refuted,,Supported,
2305.11961v1_16_T,The 4D Camera uses open-source software including stempy for data reduction and Jupyter notebooks for post-processing and interactive analysis,2023-05-01,,matteroffact,Supported,,Supported,
2308.14223v1_14_T,"Carbopol microgel particles and PEO molecules exist at vastly different length scales, with swollen Carbopol particles having diameters of order 1 μm while PEO molecules have radii of gyration of order 10 nm.",2023-08-01,,matteroffact,Supported,,Supported,
2210.06735v1_16_F,"The b-values derived from the relationship between peak current and scan rate for the Al-MoS₂@rGO electrode are 0.55 and 0.48 for anodic and cathodic peaks, respectively, indicating predominantly diffusion-controlled charge storage behavior.",2022-10-01,,matteroffact,Refuted,,Supported,
2303.00742v2_15_F,"In the nematic N2,4 phase of Bernal bilayer graphene with spin-orbit coupling, Luttinger's theorem is satisfied with Fermi surface degeneracies k5=3 and k4=3, which is compatible with preserving the C3 point group symmetry.",2023-03-01,,matteroffact,Refuted,,Supported,
2203.14301v1_15_T,"In the 2D electron gas model with C₃ᵥ symmetry, the dimensionless parameter γ is defined as (ℏ²μ_BgB_∥)/(2mλ²), and when γ<1, the system can exhibit nearly half-quantized anomalous Hall conductance",2022-03-01,,matteroffact,Supported,,Supported,
2303.11179v1_16_T,"When spin-orbital coupling is considered in NaAlSi, a small gap on the order of approximately 10 meV opens along the M-X and R-A directions.",2023-03-01,,matteroffact,Supported,,Supported,
2203.04149v2_0_F,"Ultrasonic resonance in lithium-ion batteries forms primarily from reverberations within the electrode and separator layers, with constructive interference occurring when these reverberations align in phase.",2022-03-01,,matteroffact,Refuted,,Supported,
2308.00800v1_6_T,"The anisotropic phase-field model accurately predicts the inclination of fatigue cracks in AA2024-T351 aluminum sheets at 45° to the rolling direction, with a simulated inclination angle of approximately 8.5° matching the experimental observations.",2023-08-01,,matteroffact,Supported,,Supported,
2303.10621v4_7_F,"The Debye temperature of fcc 4He calculated using the frequency matrix is 254K, which differs significantly from the indirect experimental estimation of 154K.",2023-03-01,,matteroffact,Refuted,,Supported,
2203.10204v2_9_F,"In spinodal decomposition, when phase A is the majority phase (f > 0.5), the microstructural pattern is highly sensitive to phase B mobility and insensitive to phase A mobility",2022-03-01,,matteroffact,Refuted,,Supported,
2211.13164v1_2_F,"In Na_xCa_{1-x}Cr_2O_4, Ca doping significantly increases the activation energy required for Na-ion diffusion.",2022-11-01,,matteroffact,Refuted,,Supported,
2303.11122v1_5_F,"The calculated Mg migration barriers of 0.319 eV for MgCr2O4 and 0.429 eV for MgMn2O4 agree with experimental values of 0.62±0.10 eV and 0.690±0.090 eV, respectively.",2023-03-01,,matteroffact,Refuted,,Refuted,
2304.06457v1_11_T,SmCo₅-xCux thin films grown on Al₂O₃ substrates exhibit out-of-plane magnetic easy axis orientation for all Cu concentrations studied,2023-04-01,,matteroffact,Supported,,Supported,
2206.14013v1_13_T,AlOx-Cu nanocomposites with copper content (τ) equal to or greater than 0.48 exhibit an absorption edge below 3.0 eV that resembles optical bandgaps in semiconductors.,2022-06-01,,matteroffact,Supported,,Supported,
2306.00139v1_13_F,Collective dynamics in superionic AgI involve synchronized hopping of multiple silver cations through fixed channels in the iodide lattice without any rotation of lone pairs.,2023-06-01,,matteroffact,Refuted,,Supported,
2308.04594v2_7_T,Cerium substitution in strontium hexaferrite slightly reduces the Curie temperature from 893 K to 825.53 K (for x=1) and 777.74 K (for x=0.5) based on mean-field approximation calculations.,2023-08-01,,matteroffact,Supported,,Supported,
2303.00742v2_9_T,The critical perpendicular magnetic field for SC2 in Bernal bilayer graphene with spin-orbit coupling is approximately 10 mT.,2023-03-01,,matteroffact,Supported,,Supported,
2307.00878v1_12_T,"At 300K, the energy above hull values for the superionic conductors in the Li₂S-P₂S₅ system are 4 meV/atom for α-Li₃PS₄, 1 meV/atom for β-Li₃PS₄, 12 meV/atom for HT-Li₇PS₆, and 4 meV/atom for Li₇P₃S₁₁.",2023-07-01,,matteroffact,Supported,,Supported,
2309.13514v2_11_T,"CsCr₃Sb₅ under pressure exhibits characteristics consistent with unconventional superconductivity, including emergence from a magnetically ordered state, proximity to a quantum critical point, non-Fermi-liquid behavior, and an upper critical field exceeding the Pauli limit.",2023-09-01,,matteroffact,Supported,,Supported,
2203.16766v2_15_F,"In the multiscale Maxwell-TDDFT method, the microscopic electronic motion accounts for spatial variations of the electric field within each unit cell",2022-03-01,,matteroffact,Refuted,,Supported,
2211.15972v1_15_T,The charge of Cr atoms near dopants increases in all element-doped CrI3 systems,2022-11-01,,matteroffact,Supported,,Refuted,
2305.11842v2_10_T,"AtomVision can generate synthetic microscopy images, perform atom position localization, create graph representations of images, and reconstruct images from low-dimensional representations using autoencoders.",2023-05-01,,matteroffact,Supported,,Supported,
2305.10582v2_11_F,"The hexagonal closed packed Cu₆Sn₅ intermetallic compound exhibits isotropic elastic behavior, with uniform Young's modulus, Poisson's ratio, and shear modulus in all directions",2023-05-01,,matteroffact,Refuted,,Refuted,
2203.07955v1_14_T,"The Shannon ionic radius of Se²⁻ (1.98 Å) is slightly larger than that of S²⁻ (1.84 Å), which may contribute to the different anharmonic behaviors observed in Na₃PSe₄ and Na₃PS₄.",2022-03-01,,matteroffact,Supported,,Supported,
2208.07823v1_6_T,Greater mixing of Y3+ and Zr4+ on the transition metal sublattice in Na2.25Y0.25Zr0.75Cl6 facilitates Na-ion migration by partially activating Cl rotations at relevant temperatures.,2022-08-01,,matteroffact,Supported,,Supported,
2212.06503v1_8_T,"Optimizing ferroelectric thin film devices for bulk photovoltaic effect applications requires balancing polarization to maximize carrier generation while minimizing Schottky barriers, alongside improving light absorption and creating favorable electrode contacts.",2022-12-01,,matteroffact,Supported,,Supported,
2308.00800v1_15_F,"The phase-field fatigue model for aluminum sheets incorporates a comprehensive elastic-plastic material model that fully captures all effects of the plastic zone on crack closure and growth rate across all stress intensity ranges, eliminating the need for further refinement of the plasticity model.",2023-08-01,,matteroffact,Refuted,,Refuted,
2309.14678v2_12_T,"In β″ aluminas, alkali metal vacancies cause significant structural reconstruction, with neighboring alkali metal atoms forming rings around the vacant site.",2023-09-01,,matteroffact,Supported,,Supported,
2304.04986v3_2_F,The high-entropy disordered rocksalt material Li₁.₂Mn₀.₁Mg₀.₁Cr₀.₁₅V₀.₁₅Ti₀.₂Nb₀.₁O₁.₈F₀.₂ is predicted to retain 80% of its low-rate capacity (213 mAh/g out of 266 mAh/g) when discharged at a high current rate of 1000 mA/g.,2023-04-01,,matteroffact,Refuted,,Supported,
2204.07318v3_10_T,"Thermal effects play a significant role in determining the phase stability of aluminum under high pressure even at room temperature, causing substantial shifts in transition pressures compared to zero Kelvin calculations.",2022-04-01,,matteroffact,Supported,,Supported,
2305.11842v2_12_F,The Three-Body Tight Binding model only considers pair interactions between atoms and cannot accurately predict properties of surfaces or vacancies outside its training dataset.,2023-05-01,,matteroffact,Refuted,,Refuted,
2308.16621v1_2_T,Machine learning models trained on metal additive manufacturing literature data can predict yield stress with a coefficient of determination (R²) of 0.91,2023-08-01,,matteroffact,Supported,,Supported,
2303.07504v1_5_F,"In Mg-Al-Ca alloys, the R3 planar defect dominates the defect formation process when the Al chemical potential is between -0.5 eV and -0.4 eV.",2023-03-01,,matteroffact,Refuted,,Supported,
2203.07955v1_0_T,Both Na₃PS₄ and Na₃PSe₄ exhibit anharmonic lattice dynamics that involve coupled host lattice-Na⁺ ion motion.,2022-03-01,,matteroffact,Supported,,Supported,
2206.01063v2_18_T,Doping reduces the effective size of antiferromagnetically correlated regions in cuprates by introducing quasi-localized holes that eliminate spin correlations,2022-06-01,,matteroffact,Supported,,Supported,
2203.11013v1_0_T,The maximum driving force (MDF) parameter effectively captures the thermodynamic stability of aqueous surface scale formation over a range of environmental conditions,2022-03-01,,matteroffact,Supported,,Supported,
2305.04262v3_0_F,FIB-patterned Nb films undergo a magnetic field-induced transformation from weak-link to strong-link behavior when the applied field is increased from zero to specific intermediate values,2023-05-01,,matteroffact,Refuted,,Supported,
2209.12462v1_11_T,"The virtual bond approximation, which relates interatomic interactions to the average number of d-electrons, provides a more accurate model for predicting misfit volumes in high entropy alloys than Vegard's law by accounting for inter-component interactions.",2022-09-01,,matteroffact,Supported,,Supported,
2304.06457v1_1_F,Cu substitution in SmCo₅ thin films promotes the formation of the 2:17 phase and suppresses the 1:5 phase,2023-04-01,,matteroffact,Refuted,,Supported,
2203.11013v1_11_F,Nearly all 3d transition metals exhibit maximum driving force (MDF) values ranging from -1.5 to -2.5 eV per metal atom for oxide formation in aqueous environments,2022-03-01,,matteroffact,Refuted,,Refuted,
2209.02018v1_1_F,The refractive index of TiO2:Ta2O5 amorphous coatings at 1064 nm decreases from approximately 2.4 to 2.05 as the Ti/(Ti+Ta) cation ratio increases from 0% to 96%,2022-09-01,,matteroffact,Refuted,,Supported,
2307.13990v1_17_F,The energy at which inter-orbital pairing occurs in superconductor-normal metal heterostructures is fixed by fundamental physical constants and cannot be tuned by any material parameters.,2023-07-01,,matteroffact,Refuted,,Refuted,
2302.14072v1_1_F,The hybridization strength between the 1T and 1H layers in Ta-dichalcogenide bilayers is approximately 120 meV at an interlayer distance of 6.5 Å.,2023-02-01,,matteroffact,Refuted,,Supported,
2304.13927v1_7_T,"The NAREE system comprises a liquid-handling dispenser, an electrochemical measurement unit, and a robotic arm that uses microplate-based electrochemical cells for high-throughput evaluation of electrolytes.",2023-04-01,,matteroffact,Supported,,Supported,
2303.07504v1_1_F,The chemical potential of solute species is irrelevant for understanding defect formation and only the total concentration of solutes determines which phases form.,2023-03-01,,matteroffact,Refuted,,Refuted,
2203.09600v1_3_T,"During interband transitions in ITO, there is a competition between increased free carrier density (which increases plasma frequency) and increased effective mass due to non-parabolicity (which decreases plasma frequency).",2022-03-01,,matteroffact,Supported,,Supported,
2305.11961v1_10_T,"The 4D Camera uses a peak-finding algorithm to identify electron strikes, where the highest intensity pixel in a local neighborhood is counted as one electron regardless of energy deposition",2023-05-01,,matteroffact,Supported,,Supported,
2303.02540v1_5_T,Single-component rare-earth disilicates show a stronger reduction in thermal conductivity with increasing temperature compared to multi-component rare-earth disilicates.,2023-03-01,,matteroffact,Supported,,Supported,
2304.08446v4_11_T,"All superconducting structures generated by the CDVAE model have low symmetry, belonging to the P1 space group.",2023-04-01,,matteroffact,Supported,,Refuted,
2303.09576v1_2_T,"Different types of planar defects form in the C36 Laves phase depending on the presence of Mg-rich precipitates, with Mg-rich hcp-like planar defects forming in samples with precipitates and stoichiometric basal stacking faults forming in samples without precipitates",2023-03-01,,matteroffact,Supported,,Supported,
2212.13877v1_8_F,The zero-point renormalization of the valence band maximum at the Gamma point differs by less than 20 meV between cubic and hexagonal Boron Nitride.,2022-12-01,,matteroffact,Refuted,,Supported,
2208.10980v2_3_T,"A laser beam tilt of 1×10⁻⁷ radians with a power of 10 GW causes a 180° rotation of the lightsail, while a tilt of 0.35×10⁻⁷ radians with the same power produces no rotation.",2022-08-01,,matteroffact,Supported,,Refuted,
2304.08446v4_6_F,"Out of 32 CDVAE-generated structures with DFT-computed critical temperatures above 5K, 12 exhibited negative phonon frequencies, indicating dynamical instability.",2023-04-01,,matteroffact,Refuted,,Supported,
2208.07823v1_1_F,"Ball milling a quenched Na2ZrCl6 sample a second time decreases its room temperature ionic conductivity by one order of magnitude, from 1.4×10-7 S cm-1 to 1.4×10-8 S cm-1.",2022-08-01,,matteroffact,Refuted,,Refuted,
2211.10404v1_8_F,SrCoO₃ thin films undergo a metal-to-insulator transition at a tensile strain threshold of approximately 1.0%,2022-11-01,,matteroffact,Refuted,,Supported,
2202.07699v1_10_T,The effective thermal conductivity of metal powders in argon atmosphere is approximately 73% of the thermal conductivity in air atmosphere at equivalent porosity values,2022-02-01,,matteroffact,Supported,,Refuted,
2308.03418v1_17_T,"Hydrogen diffusion coefficients in TMDCs are temperature-dependent, with all simulations in the study conducted at 300K to represent room temperature conditions",2023-08-01,,matteroffact,Supported,,Supported,
2301.00535v1_14_T,"For BiVO₄, both r²SCAN and r²SCAN+U predict similar band gaps of 2.01 eV and 1.98 eV respectively, which underestimate the experimental band gap of 2.4-2.48 eV by approximately 17-20%.",2023-01-01,,matteroffact,Supported,,Supported,
2203.08413v3_12_T,"In superconductor-magnetic insulator bilayers, the critical magnetic field at which the superconducting gap vanishes (Clogston limit) decreases as spin-flip scattering increases.",2022-03-01,,matteroffact,Supported,,Supported,
2308.00800v1_9_T,"The fatigue degradation function in the phase-field model for AA2024-T351 aluminum is parameterized with α₀=0.001 and ξ=1450, values calibrated using experimental data from a specimen with 0° orientation and R=0.1 load ratio.",2023-08-01,,matteroffact,Supported,,Supported,
2206.01361v1_6_T,"The mean active pore size in bioconsolidated space bricks increases during the fracture process for all porosity values, with the highest rate of increase observed at 20% porosity.",2022-06-01,,matteroffact,Supported,,Refuted,
2301.05024v1_5_F,Standard impedance measurement techniques always produce accurate impedance data regardless of whether the electrochemical system is time-invariant or not.,2023-01-01,,matteroffact,Refuted,,Refuted,
2305.04262v3_0_T,FIB-patterned Nb films undergo a magnetic field-induced transformation from weak-link to strong-link behavior when the applied field is reduced from full penetration to specific intermediate values,2023-05-01,,matteroffact,Supported,,Supported,
2301.01139v1_9_T,"The lanthanum superhydride LaH10 exhibits superconductivity with critical temperatures of 250-260 K at pressures of 170-185 GPa, approaching room temperature.",2023-01-01,,matteroffact,Supported,,Supported,
2212.06128v1_6_F,"The pressure-temperature phase diagram of Fe₁₋ₓCuₓSe is fundamentally different from that of FeSe₁₋ₓS_x, due to Cu substitution occurring inside the conducting plane while S substitution occurs outside it.",2022-12-01,,matteroffact,Refuted,,Supported,
2301.00535v1_9_F,"The r²SCAN and r²SCAN+U functionals provide significantly lower accuracy than SCAN and SCAN+U for transition metal oxides, despite their computational efficiency advantage.",2023-01-01,,matteroffact,Refuted,,Refuted,
2208.07823v1_3_F,"Slow cooling Na3YCl6 from 500°C to room temperature over 48 hours results in the formation of a single P21/n phase, while quenching or ball milling produces a mixture of R-3 and P21/n phases.",2022-08-01,,matteroffact,Refuted,,Supported,
2209.15522v1_9_T,"The ability to maintain extremely thin twins in TWIP steel enhances grain fragmentation through the dynamic Hall-Petch effect, contributing to high strain hardening rates and impressive elongation properties.",2022-09-01,,matteroffact,Supported,,Supported,
2305.05612v2_10_F,Twin nucleation in magnesium occurs randomly at grain boundaries regardless of whether twinning can transform an asymmetrically-tilted grain boundary into a symmetrically-tilted grain boundary.,2023-05-01,,matteroffact,Refuted,,Refuted,
2304.07326v2_12_F,"The electron-phonon coupling parameter (λ) for LuH1.750 ranges from 1.5 to 2.0 across pressures from 20 to 400 kbar, resulting in calculated superconducting critical temperatures above 200 K.",2023-04-01,,matteroffact,Refuted,,Supported,
2303.11178v1_15_T,The ARPES measurements on SnTaS₂ were performed at a temperature of 18 K with an energy resolution of approximately 17 meV and an angular resolution of approximately 0.3 degrees.,2023-03-01,,matteroffact,Supported,,Supported,
2206.11435v1_12_F,"Coulombic interactions between mobile Li⁺ ions and between ions and the lattice play a minimal role in ion migration in cubic LLZO, with van der Waals forces being the dominant factor in determining the energy landscape for ion transport.",2022-06-01,,matteroffact,Refuted,,Refuted,
2307.06904v3_3_F,The ferromagnetic ordering is the most energetically favorable magnetic ground state in LaVO3/KTaO3 heterostructures with more than one layer of LaVO3.,2023-07-01,,matteroffact,Refuted,,Supported,
2305.11961v1_0_T,"The 4D Camera operates at 87,000 Hz, generating data at approximately 480 Gbit/s",2023-05-01,,matteroffact,Supported,,Refuted,
2303.07719v1_4_F,Topological data analysis based on persistent homology requires extensive prior information about ion migration paths and collective variables to extract representative ion migration mechanisms in superionic conductors.,2023-03-01,,matteroffact,Refuted,,Refuted,
2309.05880v3_13_T,"Around the Γ point in RhGe, d-wave pairing of the form d_z² ± id_x²-y² is energetically favored as it breaks time-reversal symmetry and replaces nodal loops with point nodes, leading to a gain in condensation energy.",2023-09-01,,matteroffact,Supported,,Supported,
2309.14678v2_16_T,"The calculated bandgap of Na β-alumina is 4.61 eV, while Mg-stabilized Na β″ alumina has a bandgap of 3.58 eV.",2023-09-01,,matteroffact,Supported,,Supported,
2211.15972v1_10_T,"In As-doped bilayer CrI3, the critical doping concentration range for insulator-metal transition is between 2.08% and 8.33%",2022-11-01,,matteroffact,Supported,,Supported,
2306.15502v1_5_T,"In repetitive switching experiments, Process 1 MRAM bits show a variance of 10.7 in switching events, while Process 2 bits show a reduced variance of 9.3, both significantly higher than the binomial distribution variance of 2.5",2023-06-01,,matteroffact,Supported,,Supported,
2302.04385v2_8_T,The flash/quench technique selectively modifies the Pr-O layers in Pr₂CuO₄ while leaving the CuO₂ planes largely unaffected.,2023-02-01,,matteroffact,Supported,,Supported,
2206.01063v2_12_T,"The canonical transformation in the mean-field resonating valence bond model does not depend on the values of model parameters, unlike the BCS transformation",2022-06-01,,matteroffact,Supported,,Refuted,
2307.00878v1_16_F,"The Li₇PS₆ polymorphs differ in their fundamental structural units: LT-Li₇PS₆ contains isolated PS₄ tetrahedra, while HT-Li₇PS₆ is composed of interconnected P₂S₇ ditetrahedral units.",2023-07-01,,matteroffact,Refuted,,Supported,
2202.12952v1_3_F,"The minimum doping value for superconductivity in cuprates is approximately 0.02, which corresponds to the disappearance of long-range antiferromagnetic order.",2022-02-01,,matteroffact,Refuted,,Supported,
2203.11013v1_13_T,"Among main group metals, In(OH)₃ exhibits the largest maximum driving force (MDF) at -0.62 eV per In atom, while hydrated Al₂O₃ has the smallest MDF at -0.19 eV per Al atom",2022-03-01,,matteroffact,Supported,,Supported,
2208.04687v1_4_T,"Co₂CrAl thin films exhibit semiconducting-like behavior in electrical resistivity measurements, with resistivity increasing as temperature decreases, contrary to the metallic behavior expected in perfectly ordered L2₁ structure.",2022-08-01,,matteroffact,Supported,,Supported,
2203.11013v1_15_T,TiO₂ has the largest maximum driving force (MDF) among all 3d transition metal oxides examined in the study,2022-03-01,,matteroffact,Supported,,Supported,
2307.13990v1_16_T,"Replacing Al with superconductors having larger gaps and p-electron character, such as Pb, and replacing Au with materials exhibiting stronger Rashba effects, such as Bi/Ag(111) surface alloys, would enhance the observable size of finite-energy pairing.",2023-07-01,,matteroffact,Supported,,Supported,
2308.03418v1_17_F,"Hydrogen diffusion coefficients in TMDCs are temperature-independent, with the study demonstrating identical diffusion rates at both cryogenic (77K) and elevated (500K) temperatures",2023-08-01,,matteroffact,Refuted,,Refuted,
2206.14013v1_8_F,Sputtering Atomic Layer Augmented Deposition (SALAD) can only produce materials with optical properties that are a direct combination of the constituent materials' properties.,2022-06-01,,matteroffact,Refuted,,Refuted,
2303.00742v2_5_T,"Supporting graphene layers on a WSe2 substrate enhances superconductivity by breaking the 'spinless' time reversal symmetry between opposite valleys with the same spin, stabilizing electronic orders compatible with Cooper pairing.",2023-03-01,,matteroffact,Supported,,Supported,
2304.08110v5_15_F,"AZ symmetry in the total Hermitian Hamiltonian is completely broken in the effective non-Hermitian Hamiltonian, placing all dissipative systems in symmetry class A",2023-04-01,,matteroffact,Refuted,,Refuted,
2303.11179v1_10_T,"In NaAlSi, degenerate band crossings fill the Brillouin Zone boundary X-R-A-M, forming an intrinsic Dirac nodal surface when spin-orbital coupling is ignored.",2023-03-01,,matteroffact,Supported,,Supported,
2309.05880v3_3_F,"RhGe exhibits a van Hove singularity at 0.2 eV below the Fermi energy, which enhances the electron-phonon coupling and superconductivity.",2023-09-01,,matteroffact,Refuted,,Supported,
2203.14301v1_1_F,In-plane magnetic fields can induce quantized anomalous Hall effect in non-magnetic 2D systems even without opening a gap in the band structure,2022-03-01,,matteroffact,Refuted,,Supported,
2304.04986v3_11_T,"DRXNet can produce unphysical predictions when tested on voltage windows that are underrepresented in the training data, such as discharge profiles between 2.0 and 4.0 V.",2023-04-01,,matteroffact,Supported,,Supported,
2303.01108v1_7_F,"In La₀.₅Sr₀.₅Co₁₋ₓNbₓO₃ with x>0.05, the activation energy decreases with increasing Nb concentration, while the density of states near the Fermi level increases.",2023-03-01,,matteroffact,Refuted,,Supported,
2209.06065v1_13_T,"Observed drift velocities in one-dimensional ionic conductors can serve as a probe of effective chain parameters, with the highest drift velocity providing an indirect measurement of the product of chain mass and confinement.",2022-09-01,,matteroffact,Supported,,Supported,
2308.07295v3_12_F,"Cu-doped lead apatite has potential applications as a high-temperature superconductor for lossless power transmission, similar to cuprate superconductors, due to its Cu d⁹ electronic configuration.",2023-08-01,,matteroffact,Refuted,,Refuted,
2206.15070v1_3_F,"The 3D interparticle spacing of MX precipitates in 12Cr1MoV steel decreases from 0.55 μm in the initial state to 0.30 μm in the gauge section after 139,000 hours of creep testing at 550°C and 120 MPa.",2022-06-01,,matteroffact,Refuted,,Supported,
2212.06503v1_5_T,"The bulk photovoltaic effect in BaTiO3 thin films is significantly stronger than predicted by first-principles calculations for bulk materials, suggesting that additional mechanisms related to interface effects enhance the photocurrent in thin films.",2022-12-01,,matteroffact,Supported,,Supported,
2308.03418v1_10_F,TMDC materials are unsuitable for hydrogen transport applications due to their high free energy barriers and low diffusion coefficients regardless of composition or stacking,2023-08-01,,matteroffact,Refuted,,Refuted,
2206.11435v1_14_T,"Solid-state lithium-ion batteries offer advantages over conventional liquid electrolyte batteries including improved safety, simpler composition, easier and cheaper manufacturing, and higher theoretical gravimetric and volumetric energy density.",2022-06-01,,matteroffact,Supported,,Supported,
2202.12952v1_12_T,The striking universality of the phase diagram across different cuprate compounds suggests that superconductivity in cuprates is governed by topological constraints imposed by the 2D antiferromagnetic square lattice.,2022-02-01,,matteroffact,Supported,,Supported,
2309.05880v3_9_T,"RhGe hosts Fermi arc surface states that span the entire surface Brillouin zone, connecting the projections of bulk Weyl nodes with opposite chiral charges.",2023-09-01,,matteroffact,Supported,,Supported,
2205.06324v2_14_F,"When applied to experimentally measured microstructures, GNN surrogate models predict grain stresses in LSHR with a mean error of 5.0% compared to far-field HEDM measurements.",2022-05-01,,matteroffact,Refuted,,Supported,
2307.00878v1_15_T,"The Li₃PS₄ polymorphs are distinguished by different arrangements of PS₄ tetrahedral units: γ-Li₃PS₄ has uni-directional PS₄ groups, β-Li₃PS₄ has alternating zig-zag chains of PS₄ with oppositely facing apexes, and α-Li₃PS₄ has alternating columns of PS₄ with oppositely facing apexes.",2023-07-01,,matteroffact,Supported,,Supported,
2210.05010v2_6_T,"Tungsten irradiated with lower momentum ions retains higher deuterium concentrations than tungsten irradiated with higher momentum ions, with deuterium concentrations ranging from approximately 0.5 at.% to 2.5 at.% depending on the irradiating ion.",2022-10-01,,matteroffact,Supported,,Supported,
2306.12034v1_0_T,"NiBi₃ films prepared by co-evaporation of Ni and Bi achieve a superconducting transition temperature of 4.4 K, which is higher than that of single crystal NiBi₃.",2023-06-01,,matteroffact,Supported,,Supported,
2308.16621v1_6_T,Consolidation data is reported approximately three times more frequently than mechanical property data in metal additive manufacturing literature,2023-08-01,,matteroffact,Supported,,Refuted,
2305.01101v2_3_T,Material recommendation frameworks can identify structurally diverse candidates that share similar functional properties with a query material.,2023-05-01,,matteroffact,Supported,,Supported,
2307.00878v1_2_T,Vibrational entropy is essential for stabilizing the β-Li₃PS₄ polymorph relative to γ-Li₃PS₄ at elevated temperatures.,2023-07-01,,matteroffact,Supported,,Supported,
2301.01139v1_12_F,"The yttrium superhydride YH9 exhibits superconductivity with a critical temperature of 220 K at approximately 180 GPa, lower than the critical temperature of H3S.",2023-01-01,,matteroffact,Refuted,,Supported,
2204.05721v1_4_T,Strain rate sensitivity decreases from commercially pure titanium to Ti-6Al-4V to Ti-6Al-2Sn-4Zr-xMo alloy systems,2022-04-01,,matteroffact,Supported,,Supported,
2305.10582v2_3_F,The Poisson's ratio of Cu₆Sn₅ intermetallic compound varies directionally with magnitudes ranging from 0.1 to 0.5,2023-05-01,,matteroffact,Refuted,,Refuted,
2303.01108v1_1_F,The magnetic ordering temperature in La₀.₅Sr₀.₅Co₁₋ₓNbₓO₃ increases from approximately 250K for x=0 to approximately 300K for x=0.1.,2023-03-01,,matteroffact,Refuted,,Supported,
2306.06732v1_5_T,"Higher oxygen deficiencies in Sr₂CoNbO₆ thin films grown on NGO(100) substrate lead to a larger concentration of Co²⁺ ions, resulting in lower electronic conductivity compared to films grown on MgO(100) substrate.",2023-06-01,,matteroffact,Supported,,Supported,
2202.00542v3_13_F,The water-gas shift reaction on platinum catalysts is primarily important for removing carbon monoxide impurities and has limited relevance to sustainable hydrogen production,2022-02-01,,matteroffact,Refuted,,Refuted,
2304.08446v4_12_T,"In the CDVAE-generated superconductors, there is an inverse relationship between the electron-phonon coupling constant (λ) and the logarithmic average phonon frequency (ωlog).",2023-04-01,,matteroffact,Supported,,Supported,
2305.11961v1_3_F,A 1024 by 1024 probe position 4D-STEM dataset can be reduced from 700 GB to less than 10 GB in under one minute using the 4D Camera processing system,2023-05-01,,matteroffact,Refuted,,Supported,
2303.02540v1_9_F,The correlation between thermal conductivity and rare-earth cation mass in disilicates is stronger than the correlation between thermal conductivity and rare-earth cation radius.,2023-03-01,,matteroffact,Refuted,,Supported,
2306.10385v2_1_T,"Intercalated AlF₃ molecules form clusters beneath the topmost graphite layer, creating visible blisters on the surface with an inhomogeneous distribution.",2023-06-01,,matteroffact,Supported,,Supported,
2203.14615v3_1_T,Precipitation of ordered Ti₃Al (α₂) in titanium alloys increases the magnitude of slip bursts and promotes coarser slip intermittency during deformation.,2022-03-01,,matteroffact,Supported,,Supported,
2203.10204v2_7_T,"The sensitivity score for predicting process parameters is defined as the inverse of the mean absolute error, with a high score indicating accurate prediction and a low score indicating poor prediction",2022-03-01,,matteroffact,Supported,,Refuted,
2303.07504v1_4_F,"In the Fe-Nb system, the chemical potential for homogeneous nucleation of the μ-phase is -0.1 eV, which is lower than the maximum Nb chemical potential of -0.07 eV that can be reached in the C14 phase in thermodynamic equilibrium.",2023-03-01,,matteroffact,Refuted,,Refuted,
2303.11179v1_2_T,"NaAlSi exhibits superconductivity at approximately 7 K, potentially with an unconventional pairing mechanism.",2023-03-01,,matteroffact,Supported,,Supported,
2205.05754v1_13_F,"The friction stress in Mg polycrystals is independent of grain size and scales linearly with plastic strain, following τf ∝ μbεᵖ",2022-05-01,,matteroffact,Refuted,,Refuted,
2211.15972v1_9_T,"Element doping of CrI3 with O, S, Se, N, P, and As is experimentally feasible based on formation energy calculations",2022-11-01,,matteroffact,Supported,,Supported,
2207.07439v2_2_F,"In strain-controlled 3D discrete dislocation dynamics simulations of aluminum single crystals, the stress at a given plastic strain scales with the imposed strain rate according to a power law with an exponent of approximately 0.4",2022-07-01,,matteroffact,Refuted,,Supported,
2206.01361v1_3_T,"MICP-consolidated space bricks with biopolymers can achieve compressive strengths of approximately 5 MPa, comparable to that of ice.",2022-06-01,,matteroffact,Supported,,Supported,
2203.04149v2_7_T,"Conventional electrical methods for battery state estimation are model-based and prone to inaccuracies, while X-ray techniques face limitations from radiation hazards, high costs, and practical deployment constraints.",2022-03-01,,matteroffact,Supported,,Supported,
2304.01314v2_6_F,The small-cell trained machine-learned interatomic potential predicts the volume of the α phase of zirconium at a given temperature with an accuracy within 0.1% compared to the large-cell trained potential.,2023-04-01,,matteroffact,Refuted,,Supported,
2303.04621v2_0_T,"All rank-one connections between energy wells for the dual of a Bravais lattice can be obtained explicitly from those for the original lattice, allowing rank-one connections for face-centered cubic (fcc) lattices to be derived from those for body-centered cubic (bcc) lattices.",2023-03-01,,matteroffact,Supported,,Supported,
2304.08966v2_4_T,"Classical models systematically overestimate electrode polarization compared to quantum mechanical approaches, highlighting the importance of quantum mechanical treatment for accurately describing non-local polarization effects in finite conducting materials.",2023-04-01,,matteroffact,Supported,,Supported,
2309.14678v2_16_F,"The calculated bandgap of Na β-alumina is 3.58 eV, while Mg-stabilized Na β″ alumina has a bandgap of 4.61 eV.",2023-09-01,,matteroffact,Refuted,,Supported,
2304.08446v4_17_F,"Nitrogen-containing superconductors generated by CDVAE are unlikely to be experimentally synthesizable due to their energy above the convex hull, as nitride-based materials are generally less stable than oxide-based materials.",2023-04-01,,matteroffact,Refuted,,Supported,
2308.00412v2_10_T,"The crystallization diagram developed for sputtered yttrium iron garnet (YIG) thin films is also applicable to YIG films produced by pulsed laser deposition (PLD), accurately predicting the temperature-time combinations needed for full crystallization regardless of the deposition method.",2023-08-01,,matteroffact,Supported,,Refuted,
2308.05532v1_6_F,Standard estimation methods for effective thermal conductivity provide accurate predictions that closely match the measured values in AlSi7Mg matrix syntactic foams.,2023-08-01,,matteroffact,Refuted,,Supported,
2304.13927v1_12_F,"The maximum possible discharge time in the electrolyte exploration experiment was 3600 seconds, as the current density during discharge was set to 0.05 mA.",2023-04-01,,matteroffact,Refuted,,Refuted,
2302.04385v2_8_F,"The flash/quench technique uniformly modifies both the Pr-O layers and CuO₂ planes in Pr₂CuO₄, affecting all structural and electronic properties equally.",2023-02-01,,matteroffact,Refuted,,Refuted,
2307.04750v1_13_F,"The calculated quantum oscillation frequencies in CsTi₃Bi₅ show no agreement with experimental measurements, with theoretical values differing by more than 50% from observed frequencies and predicting opposite phase shifts.",2023-07-01,,matteroffact,Refuted,,Supported,
2306.13006v2_6_F,"Lateral nonuniformities in solar cells primarily affect the photocurrent through recombination centers, with minimal impact on open circuit voltage, explaining current variations between nominally identical devices.",2023-06-01,,matteroffact,Refuted,,Supported,
2309.14678v2_14_F,The calculated activation energy for vacancy migration in K β″ alumina (0.15 eV) matches the experimental activation energy for ionic conduction (0.15-0.186 eV).,2023-09-01,,matteroffact,Refuted,,Supported,
2303.11122v1_14_T,"The theoretical prediction that Rh can be incorporated into the magnesiochromite lattice was experimentally validated through successful synthesis of MgCr2-xRhxO4 solid solutions with x = 0-0.5, confirmed by XRD patterns showing peak shifts following Vegard's law.",2023-03-01,,matteroffact,Supported,,Supported,
2304.06457v1_6_F,The dominant crystal field parameter B₂₀ for Sm³⁺ becomes less negative (from -1068 K to -800 K) when Cu substitutes Co at the 3g sites in SmCo₅,2023-04-01,,matteroffact,Refuted,,Supported,
2305.05612v2_10_T,Twin nucleation in magnesium preferentially occurs at grain boundaries where twinning can transform an asymmetrically-tilted grain boundary into a symmetrically-tilted grain boundary.,2023-05-01,,matteroffact,Supported,,Supported,
2306.07746v1_7_T,"The structure search examined 108 different stoichiometries at 1 GPa pressure, with an average of 230 different minima found for each stoichiometry and a total of 25,000 distinct local minima.",2023-06-01,,matteroffact,Supported,,Supported,
2305.06798v1_1_F,"The natural oscillation time for slightly stretched or relaxed nanoribbons scales with ribbon length L0 and temperature T as τo ∝ L0^2T^0, independent of the scaling exponent η.",2023-05-01,,matteroffact,Refuted,,Refuted,
2304.06457v1_3_F,Cu substitution at the Co₃ₓ sites in SmCo₅ decreases the single-ion anisotropy constant K₁ from 21 meV to 15 meV,2023-04-01,,matteroffact,Refuted,,Supported,
2306.13006v2_5_T,"The Meyer-Neldel rule contributes to voltage deficit in solar cells through non-thermal exponential factors in thermally activated processes, explaining both the magnitude of voltage deficit and its weak correlation with optical gap.",2023-06-01,,matteroffact,Supported,,Supported,
2309.04053v2_4_F,"Ultra-high temperature ceramics have melting points above 2500°C, densities between 2.0-4.0 g/cm³, thermal conductivities greater than 50 W/mK, and coefficients of thermal expansion between 2.0 to 4.0 x 10⁻⁶/K.",2023-09-01,,matteroffact,Refuted,,Supported,
2209.12462v1_4_F,"At room temperature, the misfit parameter δ is 1.07% for NiCoCr, 1.24% for FeNiCoCr, and 1.89% for FeMnNiCoCr, with FeMnNiCoCr having the largest average misfit volume among these three alloys.",2022-09-01,,matteroffact,Refuted,,Supported,
2308.04043v3_3_F,"In Li₀.₁₂₅V₂O₅, DFT+U calculations predict that the bound polaron state (electron delocalized over four vanadium sites) is energetically more favorable than the free polaron state (electron localized on a single vanadium site) by 0.51 eV.",2023-08-01,,matteroffact,Refuted,,Supported,
2205.07413v1_4_T,"The analytical model for edge dislocation strength in Nb-Mo-Ta-W alloys shows excellent agreement with experimental measurements at temperatures above 800K, with nearly exact matches at high temperatures.",2022-05-01,,matteroffact,Supported,,Supported,
2306.04157v1_10_F,The magnetic susceptibility of Ce-doped PrNiO3 follows a Curie-Weiss law above the transition temperature with a Curie constant of 4.0 emu K/mol Oe^-1 and a Weiss temperature of -50 K.,2023-06-01,,matteroffact,Refuted,,Supported,
2304.05231v1_5_F,"The three independent velocity measurement methods employed in the projectile impact framework (IR sensors with microcontroller, oscilloscope measurements, and high-speed camera imaging) provide projectile velocity measurements with variations of approximately 10% between methods.",2023-04-01,,matteroffact,Refuted,,Supported,
2204.04525v1_14_T,"The layered structure of V2O5 undergoes an unfolding type of structural transformation during deintercalation, where VO5 pyramids that form puckered layers unfold, with deep discharge leading to an increasingly disordered or amorphous phase.",2022-04-01,,matteroffact,Supported,,Supported,
2206.01063v2_16_T,"The Heisenberg exchange constant in the mean-field resonating valence bond model is J = 4t²/U, where t is the hopping parameter and U is the onsite Coulomb interaction",2022-06-01,,matteroffact,Supported,,Supported,
2306.00139v1_10_F,Electronic paddle-wheels are unique to AgI and have no implications for designing other superionic conductors or solid-state electrolytes.,2023-06-01,,matteroffact,Refuted,,Refuted,
2206.15070v1_6_F,"The volumetric number density of modified Z-phase precipitates in 12Cr1MoV steel increases significantly from 3 μm⁻³ to 15 μm⁻³ during the creep testing period up to 139,000 hours.",2022-06-01,,matteroffact,Refuted,,Supported,
2307.13990v1_14_T,"The Rashba surface states in Au(111) have predominantly s-pz orbital character, which enables their hybridization with Al bands that possess similar orbital character.",2023-07-01,,matteroffact,Supported,,Supported,
2306.10385v2_1_F,Intercalated AlF₃ molecules distribute uniformly as a continuous layer beneath the graphite surface without forming any visible surface structures.,2023-06-01,,matteroffact,Refuted,,Supported,
2206.15070v1_13_F,Modified Z-phase in 12Cr1MoV steel forms primarily through the nucleation and growth of new particles rather than by transformation of existing MX carbonitrides.,2022-06-01,,matteroffact,Refuted,,Supported,
2307.13649v1_1_F,Silver doping increases the crystallite size in copper oxide thin films annealed at lower temperatures (150-250°C) but decreases the crystallite size in films annealed at higher temperatures (350-450°C) compared to undoped films,2023-07-01,,matteroffact,Refuted,,Supported,
2306.00139v1_3_F,Silver cation motion in superionic AgI occurs through discrete hopping events between well-defined lattice sites.,2023-06-01,,matteroffact,Refuted,,Supported,
2212.06503v1_9_T,"The photovoltaic responsivity of BaTiO3 thin films decreases by a factor of 40-100 when the illumination wavelength increases from 365 nm to 405 nm, due to the transition from interband excitations to impurity state excitations.",2022-12-01,,matteroffact,Supported,,Supported,
2303.00742v2_1_T,"The normal state of SC1 in Bernal bilayer graphene with spin-orbit coupling is consistent with the single-particle band structure, while SC2 emerges from a nematic normal state with broken rotational symmetry.",2023-03-01,,matteroffact,Supported,,Supported,
2204.04525v1_9_T,"Only approximately 10% of known intercalation compounds undergo lattice-symmetry lowering transformations, which are necessary for forming twin boundaries and other crystallographic microstructures.",2022-04-01,,matteroffact,Supported,,Refuted,
2304.08110v5_7_T,Inserting a π-flux through a three-dimensional time-reversal invariant topological insulator or superconductor with dissipation at one boundary results in non-Hermitian skin modes localized on the π-flux,2023-04-01,,matteroffact,Supported,,Supported,
2307.03717v1_14_T,"For accurate modeling of disordered rocksalt cathodes, an ensemble of 30 structures with 120 atoms per supercell (Li39Mn12Nb9O48F12) is sufficient to capture the variance in local chemical environments and produce reliable voltage profiles.",2023-07-01,,matteroffact,Supported,,Supported,
2205.05754v1_8_F,"The homogeneous loop density in the model scales linearly with dislocation density, following the relationship qᵛH = ηL(ρᵛ)sign(vᵛ)",2022-05-01,,matteroffact,Refuted,,Supported,
2305.02900v1_8_T,The topological Fermi arcs on the two different surface terminations of PtBi₂ become superconducting at different critical temperatures: 14±2K for termination A and 8±2K for termination B.,2023-05-01,,matteroffact,Supported,,Supported,
2305.01101v2_7_T,"Contextual knowledge encoded in language representations conveys information about material properties and structures, enabling both similarity analysis for material recall and multi-task learning for property prediction.",2023-05-01,,matteroffact,Supported,,Supported,
2305.02900v1_11_F,PtBi₂ is a type-I Weyl semimetal with Weyl points located at 100 meV below the Fermi level.,2023-05-01,,matteroffact,Refuted,,Supported,
2211.09853v1_9_F,"Irradiation-induced crystallization in the quaternary WTaCrV refractory amorphous high-entropy alloy occurs rapidly and completely at low doses, similar to the uncontrolled crystallization observed during thermal annealing.",2022-11-01,,matteroffact,Refuted,,Supported,
2308.04594v2_12_T,Cerium strongly prefers to substitute at the strontium site rather than at any of the iron sites in strontium hexaferrite based on formation energy calculations.,2023-08-01,,matteroffact,Supported,,Supported,
2208.03296v2_2_F,"The GNN model predicts nodal displacements with a root mean square error (RMSE) of 0.1b and mean absolute error (MAE) of 0.05b, where b is the Burgers vector magnitude.",2022-08-01,,matteroffact,Refuted,,Supported,
2309.13514v2_7_F,"CsCr₃Sb₅ and CsV₃Sb₅ exhibit nearly identical electronic and magnetic properties, with both materials showing weak electron correlations, no local magnetic moments, and similar superconducting behavior at ambient pressure.",2023-09-01,,matteroffact,Refuted,,Refuted,
2204.07318v3_15_F,The Direct Integral Approach is too specialized for aluminum and cannot be applied to study phase behaviors of other condensed-matter materials under extreme conditions.,2022-04-01,,matteroffact,Refuted,,Refuted,
2309.05880v3_8_F,"RhGe forms a centrosymmetric tetragonal lattice with space group I4/mmm, which preserves inversion symmetry and supports conventional Dirac fermions.",2023-09-01,,matteroffact,Refuted,,Supported,
2205.05157v1_3_T,"The r13 electro-optic coefficient is calculated using the formula r13 = -2d·Δno/(no³·ΔV), where d is film thickness, Δno is the change in ordinary refractive index, no is the ordinary refractive index, and ΔV is the applied voltage.",2022-05-01,,matteroffact,Supported,,Supported,
2206.15070v1_10_T,Modified Z-phase precipitates in 12Cr1MoV steel exhibit both cubic and tetragonal crystal structures simultaneously in the same particle.,2022-06-01,,matteroffact,Supported,,Supported,
2302.14231v2_8_T,CHGNet enables charge-informed molecular dynamics simulations that can capture the coupling between electronic degrees of freedom and ionic rearrangements.,2023-02-01,,matteroffact,Supported,,Supported,
2205.07413v1_8_F,"The dislocation density in Nb-Mo-Ta-W alloys has a significant effect on the overall strength prediction, with the driving force term contributing 50-100 MPa for densities between 10^15 and 5×10^12 m^-2 at a strain rate of 10^-3 s^-1.",2022-05-01,,matteroffact,Refuted,,Supported,
2305.02900v1_16_F,"Angle-resolved photoemission spectroscopy measurements of PtBi₂ were performed only at room temperature (300K), making it impossible to observe any superconducting transitions.",2023-05-01,,matteroffact,Refuted,,Refuted,
2212.03527v1_13_F,"After recovery at 300°C in the Al-Mn alloy, dispersoids on P subgrain boundaries are significantly finer than dispersoids on boundaries of other orientations, with P subgrain boundaries accommodating the smallest dispersoids.",2022-12-01,,matteroffact,Refuted,,Supported,
2301.06756v1_9_F,The elastic constants of solid helium maintain a consistent exponential dependence on pressure across both the insulating and metallic phases.,2023-01-01,,matteroffact,Refuted,,Refuted,
2301.11689v3_15_T,"Rule-based and rule-free extraction methods have complementary strengths, as evidenced by the limited overlap between BERT-PSIE and ChemDataExtractor databases and the improved performance when combining them.",2023-01-01,,matteroffact,Supported,,Supported,
2212.09357v1_7_T,"The dislocation density in aluminum samples after bending, as measured by X-Ray Diffraction, ranges from 0.11×10^8 to 2.20×10^8 mm^-2 depending on the measurement location",2022-12-01,,matteroffact,Supported,,Supported,
2204.07318v3_5_T,"In aluminum at room temperature, the pressure-volume work term contributes 150-190 meV/atom at lower pressures (<200 GPa) and increases to approximately 230 meV/atom at higher pressures, dominating the total thermal contribution to Gibbs free energy.",2022-04-01,,matteroffact,Supported,,Refuted,
2205.01504v1_7_F,"Strain gradient J₂ plasticity models require equivalent computational resources as crystal plasticity models to predict grain size-dependent strengthening, with no significant advantage in computational efficiency.",2022-05-01,,matteroffact,Refuted,,Refuted,
2305.06798v1_4_T,"The natural oscillation frequency and quality factor of nanoribbons increase with increasing tensile strain, consistent with experimental observations in graphene resonators.",2023-05-01,,matteroffact,Supported,,Supported,
2206.02683v1_13_F,"Aging in amorphous materials leads to a homogenization of the disorder landscape, creating a continuous spectrum of accessible states with uniformly distributed plastic strains",2022-06-01,,matteroffact,Refuted,,Supported,
2306.00139v1_15_T,The electronic paddle-wheel mechanism creates a universal perspective for understanding ion conductivity in both monatomic and molecular superionic conductors.,2023-06-01,,matteroffact,Supported,,Refuted,
2305.05612v2_14_T,"During nucleation and growth, {10-12} tension twins in magnesium initially form as multiple separate nuclei on grain boundaries that later coalesce into a single large twin before expanding into the grain interior.",2023-05-01,,matteroffact,Supported,,Supported,
2206.11435v1_15_T,"The commercialization of solid-state battery technology is hindered by challenges including low ionic conductivity, poor interfacial stability between the electrolyte and electrodes, small electrochemical windows, and sub-par mechanical properties.",2022-06-01,,matteroffact,Supported,,Supported,
2303.02540v1_1_T,"Thermal conductivity of single-component rare-earth disilicates decreases with increasing rare-earth cation radius, following the equation κ = 26.2 - 22.67r_i with a relative RMS deviation of 0.043.",2023-03-01,,matteroffact,Supported,,Supported,
2203.16766v2_3_T,A smearing method at the interface between vacuum and medium is effective for achieving numerical stability in simulations of light propagation at oblique incidence,2022-03-01,,matteroffact,Supported,,Supported,
2303.01108v1_1_T,"The magnetic ordering temperature in La₀.₅Sr₀.₅Co₁₋ₓNbₓO₃ decreases from approximately 250K for x=0 to approximately 205K for x=0.025, and further decreases to approximately 130K for x=0.1.",2023-03-01,,matteroffact,Supported,,Supported,
2209.02018v1_1_T,The refractive index of TiO2:Ta2O5 amorphous coatings at 1064 nm increases monotonically from approximately 2.05 to 2.4 as the Ti/(Ti+Ta) cation ratio increases from 0% to 96%,2022-09-01,,matteroffact,Supported,,Supported,
2303.07504v1_0_T,Metastable defect phase diagrams provide a natural extension of bulk phase diagrams by accounting for kinetic limitations that prevent systems from reaching thermodynamic equilibrium.,2023-03-01,,matteroffact,Supported,,Supported,
2309.07046v1_11_T,"The density of states at the Fermi level of transition metal atoms in non-magnetic MgCrB₄ is 2.629 states/eV/spin/T, which is significantly higher than in other compositions such as MgVB₄ (0.667 states/eV/spin/T) and MgCoB₄ (0.243 states/eV/spin/T).",2023-09-01,,matteroffact,Supported,,Supported,
2205.05754v1_3_T,"The average back stress in Mg polycrystals is inversely proportional to grain size, following the relationship τb ∝ 1/d",2022-05-01,,matteroffact,Supported,,Supported,
2303.07719v1_12_F,"The Parrinello-Rahman-Vashishta potential used for α-AgI molecular dynamics simulations accurately represents all interactions including Ag-Ag, Ag-I, and I-I interactions, fully accounting for covalent bonding and atomic polarization effects.",2023-03-01,,matteroffact,Refuted,,Refuted,
2306.15502v1_3_T,"The anisotropy field (Hk) of MRAM bits produced with the optimized etch process is 533 mT, which is 21% higher than the 440 mT anisotropy field of bits produced with the standard process",2023-06-01,,matteroffact,Supported,,Supported,
2308.00800v1_8_T,"The phase-field fatigue model accurately predicts the fatigue crack growth rate in AA2024-T351 aluminum sheets for the first two-thirds of crack propagation, but fails to capture the transition to unstable fracture at approximately 50 mm crack length near the specimen boundary.",2023-08-01,,matteroffact,Supported,,Supported,
2304.06457v1_5_F,SmCo₄Cu thin films exhibit perfectly homogeneous distribution of Cu and Co elements throughout the film structure,2023-04-01,,matteroffact,Refuted,,Refuted,
2303.00846v1_14_T,"The vortex structure in FeSe exhibits rhombic distortions at low magnetic fields due to magneto-elastic coupling, while at high fields it shows elliptical vortex halos due to electronic nematicity.",2023-03-01,,matteroffact,Supported,,Supported,
2204.07318v3_1_T,The transition pressure for aluminum's FCC to HCP phase change increases by 23 GPa (from 171 GPa to 194 GPa) when thermal effects at room temperature (300K) are included compared to zero Kelvin calculations.,2022-04-01,,matteroffact,Supported,,Supported,
2307.04750v1_2_T,Quantum oscillation phases in CsTi₃Bi₅ demonstrate a strong 3D signature despite the cylinder-like Fermi surface geometry.,2023-07-01,,matteroffact,Supported,,Supported,
2305.06798v1_1_T,"The natural oscillation time for slightly stretched or relaxed nanoribbons scales with ribbon length L0 and temperature T as τo ∝ L0^(2-η/2)T^(-η/4), where η ≈ 0.8 is the scaling exponent describing scale-dependent elastic constants.",2023-05-01,,matteroffact,Supported,,Supported,
2204.05252v1_1_F,The contraction of rhombohedral HfO₂ slabs along the c-axis induces an increase in polarization by approximately 15% (3.0 μC/cm²) compared to the c-relaxed bulk value.,2022-04-01,,matteroffact,Refuted,,Supported,
2209.06065v1_16_T,"In the steady-state limit of a one-dimensional crystal model, only the chain modes with frequencies satisfying ω(xₛ) = √(1 + (ω_fast² - 1)sin²(πxₛ)) = -xₛẋ/α absorb energy from the mobile particle, while the net energy exchange with all other modes vanishes.",2022-09-01,,matteroffact,Supported,,Supported,
2306.06732v1_5_F,Oxygen deficiencies in Sr₂CoNbO₆ thin films are primarily determined by the type of strain (compressive or tensile) rather than the growth orientation of the films.,2023-06-01,,matteroffact,Refuted,,Supported,
2209.06065v1_5_F,"For a Gaussian interaction potential in a one-dimensional crystal, the single-pass energy dissipation in the high-velocity limit scales as Δ_fast = 2π³(Φ₀²/ẋ²)(2πλ/ẋ)²(ω_fast² - 1), where Φ₀ is the potential amplitude, λ is the potential width, and ω_fast is the maximum frequency of the chain eigenmodes.",2022-09-01,,matteroffact,Refuted,,Supported,
2304.03740v1_3_F,"The edge length distribution of quench-modified Al-Si eutectic structures is statistically similar to that of impurity-modified structures, indicating they share the same underlying branching mechanism despite different processing routes.",2023-04-01,,matteroffact,Refuted,,Supported,
2303.07504v1_12_T,Energy dispersive X-ray spectroscopy analysis shows that planar defects in Nb-rich Fe-Nb alloys have a significantly higher Nb concentration than the surrounding bulk matrix.,2023-03-01,,matteroffact,Supported,,Supported,
2309.13514v2_17_F,"CsCr₃Sb₅ crystallizes in an orthorhombic lattice with space group Pnma at room temperature, with lattice parameters a = 6.2 Å, b = 5.8 Å, and c = 10.5 Å, featuring a three-dimensional network of Cr atoms.",2023-09-01,,matteroffact,Refuted,,Supported,
2303.11178v1_5_T,"SnTaS₂ combines topological surface states with superconductivity, making it a potential platform for exploring topological superconductivity.",2023-03-01,,matteroffact,Supported,,Supported,
2203.07340v1_4_F,The pull-out force of platinum-coated carbon nanotubes from a magnesium matrix (0.727 eV/Å) is approximately three times greater than the pull-out force of uncoated carbon nanotubes (0.175 eV/Å),2022-03-01,,matteroffact,Refuted,,Supported,
2205.06855v1_7_T,"A 6.25% salt-water solution effectively binds both Martian and Lunar regolith particles in the green state, while pure water alone is insufficient to maintain structural integrity during mold extraction.",2022-05-01,,matteroffact,Supported,,Refuted,
2202.00460v1_13_T,The combination of atomically precise nanographene structures with proximity-induced superconductivity provides a promising platform for exploring topological superconductivity and the interplay between carbon magnetism and superconductivity.,2022-02-01,,matteroffact,Supported,,Supported,
2303.02441v2_5_T,The ρ-CP framework can predict the strain rate and temperature dependent deformation behavior of body centered cubic (bcc) tantalum.,2023-03-01,,matteroffact,Supported,,Supported,
2304.07966v2_3_T,Single-crystalline LuH₂₊ₓ films are stable when exposed to air at ambient conditions,2023-04-01,,matteroffact,Supported,,Refuted,
2203.10204v2_9_T,"In spinodal decomposition, when phase A is the majority phase (f > 0.5), the microstructural pattern is highly sensitive to phase A mobility and insensitive to phase B mobility",2022-03-01,,matteroffact,Supported,,Supported,
2202.00460v1_5_F,"The interlinking bond length between adjacent bisanthene monomers in bisanthene-Ag chains is measured to be 1.45±0.05 Å, which is consistent with a single C-C bond and matches the predictions from DFT calculations.",2022-02-01,,matteroffact,Refuted,,Supported,
2302.12868v1_8_T,"The transmission coefficient through a porous layer exhibits a cyclic behavior below the critical angle of the fast longitudinal wave due to resonances of the three waves, predominantly the fast longitudinal wave, reverberating between the two boundaries of the layer.",2023-02-01,,matteroffact,Supported,,Supported,
2301.05024v1_16_F,"The impedance of a time-invariant Voigt element consisting of a resistor R and a capacitor C in parallel is given by Z_V(ω) = R + 1/(iωC), where the resistor and capacitor contributions add directly.",2023-01-01,,matteroffact,Refuted,,Refuted,
2211.16224v1_5_F,"In principal component analysis of solid-state electrolytes, the first three principal components account for approximately one-third of the total variance, with the first component having a dominant ion-mobility character, the second a compositional character, and the third an electronic character.",2022-11-01,,matteroffact,Refuted,,Supported,
2307.04750v1_2_F,Quantum oscillation phases in CsTi₃Bi₅ show a purely 2D character consistent with its cylinder-like Fermi surface geometry.,2023-07-01,,matteroffact,Refuted,,Supported,
2304.13336v2_4_F,The work of separation of a Σ5 grain boundary in iron increases by approximately 20% when zinc coverage reaches 50% of the grain boundary.,2023-04-01,,matteroffact,Refuted,,Supported,
2203.11013v1_1_F,The maximum driving force (MDF) and Gibbs free energy of formation (ΔfG) show strong correlation when comparing oxide stability across different elements,2022-03-01,,matteroffact,Refuted,,Supported,
2308.01135v4_1_T,The hexagonal lattice structure of LK-99 features metallic half-filled and spin-split bands with a nesting of the Fermi surface.,2023-08-01,,matteroffact,Supported,,Supported,
2305.01101v2_11_F,"For less than 50% of high-performing thermoelectric materials, the distribution of predicted zT values for recalled candidates is statistically significantly different from random sampling with p<0.05.",2023-05-01,,matteroffact,Refuted,,Refuted,
2303.12924v1_11_T,Bayesian Optimization is particularly valuable for phase-field modeling of Co-based superalloys because each 3-D simulation can take up to one week of computation time with 144 cores.,2023-03-01,,matteroffact,Supported,,Supported,
2303.09576v1_5_T,The growth of hcp precipitates in the C36 Laves phase can induce a ductile-to-brittle transition due to the formation of decorated planar defects that do not promote dislocation formation,2023-03-01,,matteroffact,Supported,,Supported,
2305.10582v2_6_F,"For loading in the [001] direction with a strain of 5.0E-5, the average magnitude of Second Piola-Kirchoff stress for the basal deformation mode in Cu₆Sn₅ (above 4 MPa) is higher than that for the pyramidal mode (2.5 MPa)",2023-05-01,,matteroffact,Refuted,,Supported,
2306.10385v2_11_F,Intercalated AlF₃ molecules contract the carbon-carbon sigma bonds in graphene by 5% during the formation of blisters in graphite.,2023-06-01,,matteroffact,Refuted,,Refuted,
2307.13990v1_13_F,The predicted finite-energy pairing features in Al/Au heterostructures are too small to be detected with any current experimental techniques and would require at least a decade of technological advancement.,2023-07-01,,matteroffact,Refuted,,Refuted,
2209.12462v1_8_F,Accurate modeling of solid solution strengthening in high entropy alloys can be achieved using standard DFT calculations with the PBE functional without any corrections for equilibrium volume or finite temperature effects.,2022-09-01,,matteroffact,Refuted,,Refuted,
2308.00800v1_10_F,"In AA2024-T351 aluminum sheets, fatigue crack growth rates are lower in the T-L direction (parallel to grain elongation) because the elongated grain structure creates stronger barriers to crack propagation in this direction, while the L-T direction offers preferential slip systems that facilitate faster crack growth.",2023-08-01,,matteroffact,Refuted,,Supported,
2303.09576v1_4_T,"Decorated and undecorated planar defects in the C36 Laves phase exhibit different mechanical behaviors, with undecorated basal stacking faults promoting dislocation formation and shear slip while decorated hcp-like planar defects do not promote dislocation formation",2023-03-01,,matteroffact,Supported,,Supported,
2211.14626v2_15_T,The observation of a spontaneous superconducting diode effect can serve as a diagnostic tool to detect time-reversal symmetry violating superconductors.,2022-11-01,,matteroffact,Supported,,Supported,
2304.07326v2_1_F,"Electronic correlation effects from lutetium's partially filled 5d shell significantly alter the optical properties of LuH2, causing a dramatic shift in its color appearance.",2023-04-01,,matteroffact,Refuted,,Refuted,
2309.13514v2_8_T,"The electronic structure of CsCr₃Sb₅ features characteristic kagome-like features including van Hove singularities, Dirac points, and flat bands, with the Fermi level positioned only about 0.1 eV below the nearest flat band.",2023-09-01,,matteroffact,Supported,,Supported,
2210.10242v2_5_F,"The Mu_KT component in MgH₂ corresponds to the Mu_i⁺ state associated with the donor level, with minimal lattice relaxation around the muon site.",2022-10-01,,matteroffact,Refuted,,Supported,
2203.04149v2_17_F,"The acoustic impedance of copper current collectors in lithium-ion batteries (1.71×10⁷ Pa·s/m³) is approximately equal to that of aluminum current collectors (1.65×10⁷ Pa·s/m³), resulting in nearly identical ultrasonic reflection behaviors.",2022-03-01,,matteroffact,Refuted,,Refuted,
2206.15003v1_10_T,Magnesium alloy projectiles can survive intact when launched to velocities exceeding 10 km/s in the implosion-driven launcher despite experiencing shock pressures of approximately 5 GPa.,2022-06-01,,matteroffact,Supported,,Refuted,
2203.16766v2_11_F,The multiscale Maxwell-TDDFT method for oblique incidence remains stable and accurate even at incident angles approaching 90 degrees (grazing incidence),2022-03-01,,matteroffact,Refuted,,Supported,
2211.10404v1_11_T,"In the intermediate-spin half-metallic state at 3% tensile strain, SrCoO₃ thin films exhibit significant negative local magnetic moments at the oxygen sites, with values of -0.303 μB and -0.504 μB",2022-11-01,,matteroffact,Supported,,Supported,
2306.10385v2_3_T,Some AlF₃-induced blisters on the graphite surface align locally along straight lines with random orientations that do not follow any preferential crystallographic direction of the graphite.,2023-06-01,,matteroffact,Supported,,Supported,
2306.10385v2_2_F,"The density of blisters on the graphite surface decreases with increasing AlF₃ dose, while the average apparent area of individual blisters continuously increases linearly across all dose ranges.",2023-06-01,,matteroffact,Refuted,,Supported,
2303.00846v1_8_F,The hyperuniformity class of vortex matter is an intrinsic property that cannot be modified by selecting superconducting materials with different magneto-elastic coupling strengths.,2023-03-01,,matteroffact,Refuted,,Refuted,
2303.00846v1_11_F,"Electronic nematicity is the dominant coupling mechanism between vortices and the host medium in FeSe at low fields, rather than the magneto-elastic effect or non-local electronic coupling.",2023-03-01,,matteroffact,Refuted,,Supported,
2211.10404v1_9_F,Tensile-strained SrCoO₃ thin films at 3% strain exhibit an energy gap of 0.5 eV in the HS-o3 (P2₁/c) state,2022-11-01,,matteroffact,Refuted,,Supported,
2210.03397v3_13_F,"The high radiation resistance of the UFG AlMgZnCuAg crossover alloy is primarily due to its chemical composition, with microstructural features playing a minor role",2022-10-01,,matteroffact,Refuted,,Refuted,
2303.00742v2_8_F,"In Bernal bilayer graphene with proximity-induced Ising spin-orbit coupling, both SC1 and SC2 have transition temperatures above 200 mK.",2023-03-01,,matteroffact,Refuted,,Supported,
2301.03473v1_3_T,The non-Gaussian resistance fluctuations in the MoS2/NbSe2 heterostructure are primarily caused by long-range correlations among vortices,2023-01-01,,matteroffact,Supported,,Supported,
2307.04750v1_8_T,"CsTi₃Bi₅ has a Fermi surface consisting of five pieces from four bands, with most pieces having a quasi-2D cylindrical shape despite exhibiting 3D electronic behavior in quantum oscillations.",2023-07-01,,matteroffact,Supported,,Supported,
2303.11122v1_11_T,"The calculated open-circuit voltages for oxide spinels range from 1.129 V to 3.848 V at high Mg concentrations and from 1.903 V to 4.344 V at low Mg concentrations, with MgTi2O4 having the lowest voltage and MgCo2O4 having the highest voltage at low Mg concentration.",2023-03-01,,matteroffact,Supported,,Supported,
2308.01135v4_7_F,"LK-99 is likely to be a high-temperature superconductor based on the BCS mechanism, due to its metallic nature and strong electron-phonon coupling in its most stable crystal structure.",2023-08-01,,matteroffact,Refuted,,Refuted,
2304.03740v1_9_F,"The isotropic growth in quench-modified Al-Si eutectic is primarily due to the formation of amorphous silicon during rapid solidification, which lacks crystallographic growth constraints.",2023-04-01,,matteroffact,Refuted,,Refuted,
2306.00139v1_1_F,"In superionic AgI at 750 K, iodide lone pair electrons rotate with a relaxation time of approximately 10-15 picoseconds.",2023-06-01,,matteroffact,Refuted,,Supported,
2304.13257v3_12_T,"The improved performance of tantalum-capped niobium qubits is primarily attributed to the stoichiometric, predominantly Ta2O5 oxide layer that reduces the potential for paramagnetic moment formation compared to the variable oxygen content in niobium oxide layers.",2023-04-01,,matteroffact,Supported,,Supported,
2212.06503v1_4_F,"The photovoltaic responsivity of BaTiO3 thin films under 365 nm illumination follows a linear relationship with titanium displacement (D), where maximum responsivity occurs at maximum displacement values of D≈0.3Å.",2022-12-01,,matteroffact,Refuted,,Supported,
2211.05713v2_12_T,"The non-Arrhenius behavior of ionic conductivity in LGPS is caused by a temperature-dependent change in the concerted ion hopping mechanism, where vibrational modes at high temperature are sufficient to overcome electrostatic repulsion between Li+ ions but become insufficient near room temperature.",2022-11-01,,matteroffact,Supported,,Supported,
2204.04525v1_9_F,"Approximately 50% of known intercalation compounds undergo lattice-symmetry lowering transformations, which are necessary for forming twin boundaries and other crystallographic microstructures.",2022-04-01,,matteroffact,Refuted,,Refuted,
2302.14072v1_2_F,"The effective magnetic moment in the 1T layer of Ta-dichalcogenide bilayers with 50% charge transfer is approximately 0.75 μB, which is about 60% reduced from the ideal spin-1/2 value.",2023-02-01,,matteroffact,Refuted,,Supported,
2302.07398v2_1_T,"The polarity of terahertz emission from Co₀.₄Fe₀.₄B₀.₂ thin films reverses when the magnetization direction is reversed, confirming its magnetic origin",2023-02-01,,matteroffact,Supported,,Supported,
2303.04621v2_5_F,"In cubic lattices, any slip with squared shear magnitude |av|²=3/2 has a conjugate that is also a slip with the same shear magnitude.",2023-03-01,,matteroffact,Refuted,,Supported,
2301.06756v1_3_F,Metallic helium reaches a superconducting critical temperature of approximately 50 K at a pressure of 100 terapascals.,2023-01-01,,matteroffact,Refuted,,Refuted,
2204.07318v3_11_T,"The equation of state for aluminum determined by the Direct Integral Approach shows good agreement with experimental measurements, with deviations of approximately 3-4% from different experimental datasets.",2022-04-01,,matteroffact,Supported,,Supported,
2309.14678v2_2_T,"Vacancy migration energies in Mg-stabilized β″ aluminas are 0.33 eV for Li, 0.03 eV for Na, and 0.03 eV for K.",2023-09-01,,matteroffact,Supported,,Supported,
2206.11435v1_0_T,"The cubic phase of Li₇La₃Zr₂O₁₂ (c-LLZO) exhibits ionic conductivity in the range of 10⁻⁴ S to 10⁻³ S, which is significantly higher than the tetragonal phase (t-LLZO) that shows conductivity in the range of 10⁻⁸ S to 10⁻⁶ S.",2022-06-01,,matteroffact,Supported,,Supported,
2304.07326v2_5_F,The cubic LuH3 phase is responsible for the experimentally observed color changes in lutetium hydride and calculations confirm it is a high-temperature phonon-mediated superconductor.,2023-04-01,,matteroffact,Refuted,,Supported,
2208.04658v1_16_F,"Nanocrystalline maghemite in as-grown SrFe₁₂O₁₉ films exhibits ferrimagnetic behavior at all temperatures, showing the same five distinct magnetic components from iron in different crystallographic sites at both room temperature and 35 K.",2022-08-01,,matteroffact,Refuted,,Supported,
2204.13789v2_6_F,Both the $\ell_0\ell_2$-norm and $\ell_0\ell_1$-norm regularizations properly implement hierarchy constraints between cluster interactions without any issues.,2022-04-01,,matteroffact,Refuted,,Refuted,
2203.07955v1_4_F,The soft mode frequencies in both Na₃PS₄ and Na₃PSe₄ increase with temperature at the same rate as other vibrational modes in the materials.,2022-03-01,,matteroffact,Refuted,,Supported,
2308.05532v1_3_F,"In AlSi7Mg matrix syntactic foams with Al2O3 reinforcing particles, the structural stiffness increases linearly with particle size according to the relationship k = 51.6 MPa + 8.2 MPa/mm · d, where d is the particle size in mm.",2023-08-01,,matteroffact,Refuted,,Refuted,
2204.07318v3_2_F,The stable hexagonal-close-packed (HCP) structure of aluminum under high pressure has an axial ratio (c/a) of 1.64 throughout the entire pressure range where HCP is stable.,2022-04-01,,matteroffact,Refuted,,Refuted,
2306.15502v1_3_F,"The anisotropy field (Hk) of MRAM bits produced with the optimized etch process is 490 mT, which is 11% higher than the 440 mT anisotropy field of bits produced with the standard process",2023-06-01,,matteroffact,Refuted,,Supported,
2302.03362v2_2_F,"A convolutional neural network using time-domain signal processing provides an alternative approach for classifying equivalent circuit models, though it achieves lower accuracy than tree-based methods.",2023-02-01,,matteroffact,Refuted,,Supported,
2308.01135v4_14_F,"In a real LK-99 crystal, Cu atoms should remain fixed in their triclinic positions at all temperatures, maintaining the lowest energy structure with no fluctuations toward the hexagonal arrangement.",2023-08-01,,matteroffact,Refuted,,Refuted,
2304.08446v4_12_F,"In the CDVAE-generated superconductors, there is a direct proportional relationship between the electron-phonon coupling constant (λ) and the logarithmic average phonon frequency (ωlog).",2023-04-01,,matteroffact,Refuted,,Refuted,
2304.08446v4_7_F,The ALIGNN deep learning model achieved a 75% success rate in identifying materials with DFT-computed critical temperatures above 5K from the CDVAE-generated structures.,2023-04-01,,matteroffact,Refuted,,Supported,
2212.04571v1_6_T,NbSe₂ exhibits two distinct superconducting gaps with energies of 1.25 mV for the Nb-derived band and 0.6 mV for the Se-derived band.,2022-12-01,,matteroffact,Supported,,Supported,
2302.04385v2_13_T,"The flash/quench technique opens a new avenue for electric field/quench control of structure and properties in layered perovskite oxides, potentially leading to new functionality.",2023-02-01,,matteroffact,Supported,,Supported,
2304.06457v1_4_F,"Cu substitution at different crystallographic sites in SmCo₅ has the same effect on magnetic anisotropy, with both 3g and 2c site substitutions enhancing anisotropy",2023-04-01,,matteroffact,Refuted,,Refuted,
2305.11008v1_10_F,"In the ultrashort pulse laser annealing of 40 nm MoS₂ films, approximately 30% of the incident light is absorbed by the MoS₂ layer, with nonlinear absorption being the dominant mechanism.",2023-05-01,,matteroffact,Refuted,,Supported,
2203.14301v1_12_F,"The anomalous Hall conductance in 2D electron gas with C₃ᵥ symmetry is proportional to sin(θ), where θ is the angle between the in-plane magnetic field and the x-axis",2022-03-01,,matteroffact,Refuted,,Supported,
2304.04986v3_9_T,DRXNet predicts that high-entropy disordered rocksalt cathodes exhibit rapid capacity fade in the first five cycles followed by more stable performance in subsequent cycles.,2023-04-01,,matteroffact,Supported,,Supported,
2309.13514v2_12_T,"Under pressure of 5 GPa, the electronic structure of CsCr₃Sb₅ undergoes a Lifshitz transition where the quasi-two-dimensional Fermi surface around the ML line breaks into a large electron pocket around the L point and a tiny hole pocket around the M point.",2023-09-01,,matteroffact,Supported,,Supported,
2203.11013v1_12_T,"At an effective oxygen chemical potential of -0.7 eV, NiO becomes the most stable solid phase in the subsurface region of oxidizing nickel films",2022-03-01,,matteroffact,Supported,,Supported,
2211.13164v1_15_T,"The upper value for Na-ion diffusion length within the muon mean lifetime (2.2 μs) in pure NaCr₂O₄ at 475K is approximately 1.5 Å, which is shorter than the unit cell length along the diffusion direction (2.91 Å).",2022-11-01,,matteroffact,Supported,,Supported,
2203.11013v1_14_T,"Noble metals such as Ag and Cd have maximum driving force (MDF) values greater than or equal to 1 eV, indicating high resistance to oxidation despite having zero free energy of formation",2022-03-01,,matteroffact,Supported,,Refuted,
2302.12868v1_16_T,"The stiffness matrix method is mathematically related to the transfer matrix method, with the elements of one matrix expressible in terms of the other, but the stiffness formulation provides superior numerical stability especially for porous layers.",2023-02-01,,matteroffact,Supported,,Supported,
2212.06128v1_5_T,"Cu impurities in FeSe at high pressures lead to phase separation between superconducting and magnetic phases, with the magnetic phase becoming glassy rather than exhibiting long-range order.",2022-12-01,,matteroffact,Supported,,Supported,
2304.02586v1_6_F,"After optical pumping, the nematic order parameter in Sr₂RuO₄ shows a slow recovery with a characteristic time constant of 5 picoseconds.",2023-04-01,,matteroffact,Refuted,,Supported,
2309.17090v2_7_F,"During high shear strain of iron at 300K, the system temperature gradually increases to a maximum of 800K at γ = 5, with no significant temperature spikes during the yielding process.",2023-09-01,,matteroffact,Refuted,,Refuted,
2205.06855v1_3_F,"Martian regolith samples sintered at 1200°C exhibit a compression modulus of 45.20 MPa, which is approximately 19% lower than the 55.73 MPa compression modulus of Lunar regolith samples sintered under identical conditions.",2022-05-01,,matteroffact,Refuted,,Refuted,
2204.05721v1_8_T,The percentage of stress relaxed in commercially pure titanium sharply increases when temperature rises from room temperature to 75°C,2022-04-01,,matteroffact,Supported,,Supported,
2208.03296v2_16_F,The DDD-GNN framework is limited to simple dislocation motion behaviors and cannot handle complexities beyond what traditional analytical approaches can model.,2022-08-01,,matteroffact,Refuted,,Refuted,
2211.05713v2_8_T,"Molecular dynamics simulations of LGPS using smaller supercells (400 atoms) overestimate the Li+ diffusivity below 500 K compared to simulations with larger supercells (3,200 atoms).",2022-11-01,,matteroffact,Supported,,Supported,
2303.04621v2_4_F,"The conjugates of minimum-shear slips in body-centered cubic (bcc) lattices are always other slip systems, never twins.",2023-03-01,,matteroffact,Refuted,,Refuted,
2303.04621v2_2_F,The minimum squared shear magnitude |av|² for Type 1 and Type 2 twins is 1/2 for simple cubic lattices and 1 for both body-centered cubic (bcc) and face-centered cubic (fcc) lattices.,2023-03-01,,matteroffact,Refuted,,Supported,
2210.03397v3_9_T,The UFG AlMgZnCuAg crossover alloy does not exhibit irradiation-induced grain growth even at radiation doses up to 100 dpa,2022-10-01,,matteroffact,Supported,,Refuted,
2206.14013v1_4_T,The refractive index (n) of AlOx-Cu nanocomposites with copper content (τ) larger than 0.48 exceeds the refractive indices of both constituent materials (Cu and AlOx) in the energy range from 2.4 to 4.2 eV.,2022-06-01,,matteroffact,Supported,,Supported,
2305.06798v1_5_F,The natural oscillation frequency of nanoribbons decreases with temperature according to ωo ∝ T^(-η/4) (where η ≈ 0.8) due to thermal softening of the bending rigidity.,2023-05-01,,matteroffact,Refuted,,Supported,
2303.00742v2_9_F,The critical perpendicular magnetic field for SC2 in Bernal bilayer graphene with spin-orbit coupling is approximately 100 mT.,2023-03-01,,matteroffact,Refuted,,Supported,
2208.04658v1_6_T,"The atomic Fe/O ratio in as-grown SrFe₁₂O₁₉ films is 0.66, while in annealed films it is 0.63, with the latter matching the theoretical value of 0.63 for pure strontium hexaferrite.",2022-08-01,,matteroffact,Supported,,Supported,
2306.12034v1_3_F,HRTEM analysis of NiBi₃ nanorods and nanowires reveals interplanar spacing of 3.25 Å for the (210) plane and 2.35 Å for the (020) plane of the orthorhombic NiBi₃ crystal structure.,2023-06-01,,matteroffact,Refuted,,Supported,
2212.03990v2_1_T,"In 4.4 M aqueous solutions, potassium chloride forms ion clusters containing up to 35 ions, while lithium chloride forms clusters containing at most 4 ions.",2022-12-01,,matteroffact,Supported,,Refuted,
2211.10404v1_9_T,Tensile-strained SrCoO₃ thin films at 3% strain exhibit an energy gap of 0.188 eV in the HS-o3 (P2₁/c) state,2022-11-01,,matteroffact,Supported,,Supported,
2308.07295v3_7_F,"Doping lead apatite with Cu at both Pb(1) and Pb(2) sites simultaneously creates a metallic state with extended bands that cross the Fermi level, eliminating the possibility of non-relativistic spin splitting.",2023-08-01,,matteroffact,Refuted,,Refuted,
2304.05231v1_7_F,"The fixed, non-adjustable design of the gas gun system requires complete disassembly for projectile loading, limiting its versatility and making it suitable only for a single type of impact test configuration.",2023-04-01,,matteroffact,Refuted,,Refuted,
2203.14301v1_11_F,"Sb₂Te₃ has an in-plane g-factor of 5.2, which is smaller than that of Bi₂Se₃",2022-03-01,,matteroffact,Refuted,,Refuted,
2307.00878v1_8_F,"The ground state of HT-Li₇PS₆ is 2.5 meV/atom more stable than the ground state of LT-Li₇PS₆, with LT-Li₇PS₆ becoming thermodynamically favored only at temperatures below 150K.",2023-07-01,,matteroffact,Refuted,,Supported,
2211.14626v2_7_T,"The superconducting diode effect in Nb/Ru/Sr₂RuO₄ junctions appears at 1.4 K, coinciding with the bulk superconducting transition temperature of Sr₂RuO₄.",2022-11-01,,matteroffact,Supported,,Supported,
2308.04594v2_10_F,Full cerium substitution in strontium hexaferrite decreases the maximum energy product (BHmax) from 72.42 kJ/m³ to 60.5 kJ/m³ due to reduced saturation magnetization.,2023-08-01,,matteroffact,Refuted,,Supported,
2303.07504v1_16_T,Metastable defect phase diagrams can be used as a predictive tool to design materials with tailored defect structures by identifying alloy compositions and process conditions that favor defect formation over bulk precipitation.,2023-03-01,,matteroffact,Supported,,Supported,
2305.11842v2_8_T,"The JARVIS infrastructure integrates multiple computational approaches including electronic structure methods, classical force-fields, machine learning techniques, quantum computation algorithms, and experimental validation.",2023-05-01,,matteroffact,Supported,,Supported,
2306.12034v1_14_F,"The lattice parameters of rhombohedral-Bi are more closely matched to those of orthorhombic NiBi₃ compared to hexagonal-Bi, providing a more favorable template for the nucleation and growth of NiBi₃ nanorods.",2023-06-01,,matteroffact,Refuted,,Supported,
2309.17090v2_4_F,A higher damping parameter (68.75 eV fs Å⁻²) in iron simulations consistently produces fewer grains than a lower damping parameter (6.875 eV fs Å⁻²) throughout the entire shearing process.,2023-09-01,,matteroffact,Refuted,,Supported,
2305.11842v2_12_T,"The Three-Body Tight Binding model includes three-body contributions that modify two-body interactions, allowing for improved transferability to surface and vacancy calculations outside the training dataset.",2023-05-01,,matteroffact,Supported,,Supported,
2202.01652v1_6_T,"The strong perpendicular magnetic anisotropy in SrRuO₃ films grown on SrTiO₃ is related to the orthorhombic distortions that persist even in films as thin as 8 unit cells, particularly at low temperatures where magnetic properties are typically measured.",2022-02-01,,matteroffact,Supported,,Supported,
2306.02233v1_4_F,"The rocksaline MgWN2 structure is metallic due to the trigonal prismatic coordination environment of W4+, while the rocksalt MgWN2 structure is semiconducting due to the octahedral coordination environment of W4+",2023-06-01,,matteroffact,Refuted,,Supported,
2301.11626v1_2_T,Extensive voltage cycling (2000 cycles) reduces the coercivity of the magnetic junction from approximately 10 mT to less than 1 mT.,2023-01-01,,matteroffact,Supported,,Supported,
2303.04621v2_8_T,"For body-centered cubic (bcc) and face-centered cubic (fcc) lattices, the squared shear magnitude |av|² for any rank-one connection must equal m/2 where m is a positive integer.",2023-03-01,,matteroffact,Supported,,Refuted,
2212.13877v1_4_T,"When electron-phonon interaction contributions are included, the stability order of Boron Nitride polymorphs is cubic BN > wurtzite BN > three-layered BN polymorphs > two-layered BN polymorphs, regardless of the van der Waals approximation used.",2022-12-01,,matteroffact,Supported,,Supported,
2304.02586v1_11_T,A Coulomb repulsion strength greater than 1.7 eV between neighboring oxygen p-orbitals is required to stabilize nematic order in bulk Sr₂RuO₄.,2023-04-01,,matteroffact,Supported,,Supported,
2212.13877v1_0_F,"Including electron-phonon interaction contributions to the total energy establishes hexagonal Boron Nitride as the stable polymorph at ambient conditions, regardless of which van der Waals dispersion approximation is used.",2022-12-01,,matteroffact,Refuted,,Supported,
2309.14678v2_13_F,"In all alkali metal β-aluminas, isolated interstitials at anti-Beevers-Ross sites are energetically favored over split-interstitial configurations.",2023-09-01,,matteroffact,Refuted,,Refuted,
2203.14301v1_6_F,"The hexagonal warping term in spin-orbit coupling is irrelevant for the anomalous Hall effect in systems with in-plane magnetic fields, as the Zeeman coupling alone is sufficient to open a gap",2022-03-01,,matteroffact,Refuted,,Refuted,
2306.03096v2_4_T,"The charge transfer energy (Δ) in LiCoO₂ is approximately 5.0 ± 1.5 eV, while in CoO₂ it decreases to approximately -2.0 ± 0.5 eV.",2023-06-01,,matteroffact,Supported,,Refuted,
2303.12924v1_10_F,The γ'(L12) precipitate morphology in Co-based superalloys becomes more cubic with increasing double-well barrier height because higher barrier height decreases the elastic energy associated with lattice misfit between the γ and γ' phases.,2023-03-01,,matteroffact,Refuted,,Supported,
2211.16224v1_2_T,"Li-based solid-state electrolytes exhibit different key ion diffusivity descriptors compared to the average solid-state electrolyte, with mechanical-elastic descriptors like Pugh's modulus ratio and Poisson's ratio showing stronger correlations with ion diffusivity in Li-based materials.",2022-11-01,,matteroffact,Supported,,Supported,
2308.00800v1_12_T,"The phase-field method can effectively model fatigue crack growth in anisotropic materials by incorporating a structural tensor in the regularized crack surface density, allowing for the simulation of direction-dependent crack paths and growth rates without prior knowledge of the crack trajectory.",2023-08-01,,matteroffact,Supported,,Supported,
2304.08446v4_18_F,"The CDVAE-ALIGNN workflow is primarily a refinement of traditional funnel-like screening approaches, offering only incremental improvements in computational efficiency without enabling true inverse design capabilities.",2023-04-01,,matteroffact,Refuted,,Refuted,
2203.07955v1_12_F,"In both Na₃PS₄ and Na₃PSe₄, all vibrational mode groups (1-4) show identical temperature dependence with uniform frequency shifts as temperature increases.",2022-03-01,,matteroffact,Refuted,,Refuted,
2203.10204v2_12_F,"The spinodal decomposition simulations were performed on a 256×256 grid with 10,000,000 time steps, while the physical vapor deposition simulations were performed on a 512×512 grid with fixed time steps",2022-03-01,,matteroffact,Refuted,,Supported,
2206.15003v1_15_T,The optimal explosive driver design for the implosion-driven launcher uses a thin-walled driver tube and a thin explosive layer confined by a thick-walled tamper to minimize radial expansion while ensuring proper implosion dynamics.,2022-06-01,,matteroffact,Supported,,Supported,
2304.08446v4_10_F,"The CDVAE-generated structures have similar density and packing fraction distributions compared to the training dataset, with a tendency toward higher density and packing fraction values.",2023-04-01,,matteroffact,Refuted,,Supported,
2308.00412v2_1_T,"The activation energy required for crystallization of yttrium iron garnet (YIG) thin films on gadolinium gallium garnet (GGG) substrates is approximately 3.98 eV, which is lower than the 5.08 eV reported for bulk YIG formation.",2023-08-01,,matteroffact,Supported,,Supported,
2308.04594v2_11_T,Cerium substitution in strontium hexaferrite reduces the c-axis lattice parameter from 23.17 Å to 22.919 Å (for x=1) and 23.016 Å (for x=0.5) while maintaining similar a-axis parameters.,2023-08-01,,matteroffact,Supported,,Supported,
2302.14072v1_16_F,"The theoretical model of Ta-dichalcogenide bilayers with interlayer distances of 6.3-7.0 Å has limited relevance to experimentally fabricated bilayers, which typically have interlayer separations close to the optimum spacing of 5.8 Å.",2023-02-01,,matteroffact,Refuted,,Supported,
2303.09576v1_12_F,"The estimated chemical potential of aluminum in sample S2 during deformation is -0.026 eV, the same as in sample S1, allowing for the formation of hcp-like planar defects",2023-03-01,,matteroffact,Refuted,,Supported,
2204.13789v2_7_F,"The $\ell_0\ell_2$-norm regularized cluster expansion implemented through mixed integer quadratic programming is computationally efficient for all system sizes, including those with feature matrix dimensions above 5000.",2022-04-01,,matteroffact,Refuted,,Refuted,
2203.08413v3_8_T,"In superconductor-magnetic insulator nanowire hybrid systems, the topological phase transition occurs at external Zeeman fields as low as 0.07Δ₀, where Δ₀ is the bare superconducting gap of the parent superconductor.",2022-03-01,,matteroffact,Supported,,Supported,
2309.05880v3_2_T,The fully relaxed lattice parameter of RhGe is 4.79 Å with internal parameters of u_Rh = 0.134 and u_Ge = 0.838.,2023-09-01,,matteroffact,Supported,,Supported,
2309.04053v2_9_F,"At speeds greater than Mach 8, the compression of O₂ and N₂ molecules creates a protective boundary layer that shields materials from oxidation and chemical degradation.",2023-09-01,,matteroffact,Refuted,,Refuted,
2306.13779v1_7_F,"During Plasma-Enhanced Atomic Layer Deposition of indium nitride, the precursor exposure immediately causes significant changes to the nanoscale surface structure, which then remains stable until the plasma is turned on.",2023-06-01,,matteroffact,Refuted,,Refuted,
2304.08446v4_11_F,"The superconducting structures generated by the CDVAE model exhibit a range of symmetries, with most belonging to high-symmetry cubic and hexagonal space groups.",2023-04-01,,matteroffact,Refuted,,Supported,
2212.02899v1_11_T,"LaRh₃B₂ does not exhibit charge density wave instabilities, which can be attributed to the van Hove singularities being located far from the Fermi energy and the absence of imaginary frequency modes in the phonon spectrum.",2022-12-01,,matteroffact,Supported,,Refuted,
2309.07046v1_10_T,"The zone-center electron-phonon coupling strength (λΓ) in non-magnetic α-ATB₄ compounds is significantly lower than that of the known superconductor MgB₂, indicating that these materials are unlikely to exhibit strong electron-phonon mediated superconductivity.",2023-09-01,,matteroffact,Supported,,Supported,
2209.12462v1_14_F,"The coherent potential approximation is unsuitable for modeling disordered solid solutions due to its inability to account for local lattice relaxations, making it incompatible with the Varvenne-Curtin model of solid solution strengthening.",2022-09-01,,matteroffact,Refuted,,Supported,
2208.04658v1_16_T,"Nanocrystalline maghemite in as-grown SrFe₁₂O₁₉ films exhibits superparamagnetic behavior at room temperature but becomes magnetically ordered at 35 K, showing two distinct magnetic components from iron in tetrahedral and octahedral sites.",2022-08-01,,matteroffact,Supported,,Supported,
2205.07413v1_0_T,"Vacancy formation energy distributions in Nb-Mo-Ta-W alloys have tails that extend into negative values, leading to spontaneous vacancy formation at edge dislocation cores.",2022-05-01,,matteroffact,Supported,,Supported,
2205.01504v1_6_F,"Reducing the kinematic hardening coefficient from 1.2 to 0.8 (a 33% reduction) results in an exponential decrease of the Hall-Petch coefficient by approximately 75%, with values decreasing from 50-108 MPa√μm to 12-27 MPa√μm.",2022-05-01,,matteroffact,Refuted,,Refuted,
2309.13514v2_4_T,"CsCr₃Sb₅ exhibits non-Fermi-liquid behavior at around 4 GPa, with the temperature exponent of resistivity reaching α ≈ 1.0, distinct from the Fermi-liquid value of α ≈ 2.0 observed at lower and higher pressures.",2023-09-01,,matteroffact,Supported,,Supported,
2303.11178v1_7_F,The SS5 surface state in SnTaS₂ exhibits a constant energy gap between its two branches at all momentum points including the M̄ point.,2023-03-01,,matteroffact,Refuted,,Refuted,
2301.06756v1_15_T,The superconducting critical temperature in metallic helium temporarily decreases in the pressure range of 20-30 terapascals before continuing to increase at higher pressures.,2023-01-01,,matteroffact,Supported,,Supported,
2308.07295v3_6_F,Cu-doped lead apatite can exhibit high-temperature superconductivity through a mechanism similar to cuprate superconductors because the Cu d⁹ configuration creates flatbands near the Fermi level that enable strong electron correlations.,2023-08-01,,matteroffact,Refuted,,Supported,
2204.13789v2_11_F,"Optimal effective cluster interactions in a cluster expansion model should only minimize the in-sample training error, regardless of model complexity or physical meaning.",2022-04-01,,matteroffact,Refuted,,Refuted,
2209.05554v2_1_T,The ALIGNN-FF model achieves a mean absolute error (MAE) of 0.047 eV/Å for force predictions on the test dataset,2022-09-01,,matteroffact,Supported,,Supported,
2204.07318v3_5_F,"In aluminum at room temperature, the entropy term contributes 150-190 meV/atom at lower pressures (<200 GPa) and increases to approximately 230 meV/atom at higher pressures, dominating the total thermal contribution to Gibbs free energy.",2022-04-01,,matteroffact,Refuted,,Supported,
2306.03096v2_3_T,The average hole concentration on oxygen atoms increases from 0.09 in LiCoO₂ to 0.23 in CoO₂ per oxygen atom during the delithiation process.,2023-06-01,,matteroffact,Supported,,Supported,
2309.05880v3_4_F,"In RhGe, the chiral charges of the Weyl nodes at the Γ and R points are +2 and -2, respectively.",2023-09-01,,matteroffact,Refuted,,Refuted,
2205.05754v1_3_F,"The average back stress in Mg polycrystals increases with the square root of strain, following the relationship τb ∝ √ε",2022-05-01,,matteroffact,Refuted,,Supported,
2209.15522v1_0_T,The average elastic strain around deformation twins in TWIP steel reaches approximately 6% in directions both parallel and perpendicular to the twinning direction.,2022-09-01,,matteroffact,Supported,,Supported,
2301.05024v1_2_F,Asymptotic analysis of electrochemical systems with slowly varying properties yields an impedance function that differs significantly from the standard representation at all frequencies.,2023-01-01,,matteroffact,Refuted,,Supported,
2303.02540v1_11_T,"The thermal conductivity of rare-earth disilicates decreases with increasing temperature, following the approximate relationship κ(T) ~ 1/T for single-component systems.",2023-03-01,,matteroffact,Supported,,Refuted,
2303.00185v1_10_F,"In Fe0.29TaS2/NbN junctions at T=2K, the differential conductance exhibits no peaks related to the superconducting gap, and the inclusion of Rashba SOC (λ=1.5) reduces the low-bias conductance compared to the case without SOC (λ=0).",2023-03-01,,matteroffact,Refuted,,Supported,
2212.02899v1_4_T,"The normalized jump in electronic heat capacity at the superconducting transition in LaRh₃B₂ is approximately 1.44, close to the BCS value for weak coupling superconductors.",2022-12-01,,matteroffact,Supported,,Supported,
2211.14626v2_14_F,"Ru inclusions in the Nb/Ru/Sr₂RuO₄ junctions become intrinsically superconducting below 1.0 K, well before the superconducting diode effect reaches its maximum at 0.5 K.",2022-11-01,,matteroffact,Refuted,,Supported,
2304.13959v2_12_F,"NbAs (001) thin films grown on GaAs (100) show completely random domain orientation without any preferred alignment direction, regardless of the GaAs surface reconstruction before growth.",2023-04-01,,matteroffact,Refuted,,Refuted,
2303.07719v1_15_F,"Constrained molecular dynamics simulations for calculating time-averaged potential energy of four-membered rings in α-AgI were performed using a 4×4×4 supercell with 256 ions, where all ions were allowed to move freely during 1-ns simulations at 500K.",2023-03-01,,matteroffact,Refuted,,Supported,
2304.13336v2_6_F,"In both paramagnetic and ferromagnetic states, zinc exhibits similar segregation behavior in iron grain boundaries, with uniform distribution and no tendency for phase decomposition.",2023-04-01,,matteroffact,Refuted,,Refuted,
2203.14301v1_3_F,Sb₂Te₃ thin films can exhibit both quantized and nearly half-quantized anomalous Hall effect under weak in-plane magnetic fields at room temperature,2022-03-01,,matteroffact,Refuted,,Supported,
2203.00640v1_6_F,Chemical disorder in FeNi increases the average nearest-neighbor Fe-Fe magnetic exchange coupling by approximately 15% compared to the fully ordered structure.,2022-03-01,,matteroffact,Refuted,,Supported,
2308.01135v4_0_T,"The hexagonal lattice structure of LK-99 (CuPb9(PO4)6O) is vibrationally unstable, exhibiting imaginary phonon frequencies in its phonon band structure.",2023-08-01,,matteroffact,Supported,,Supported,
2212.06128v1_9_T,The superconducting transition width in Fe₁₋ₓCuₓSe increases by a factor of 2 at pressures above 10 kbar compared to its value at lower pressures.,2022-12-01,,matteroffact,Supported,,Supported,
2307.00878v1_16_T,"The Li₇PS₆ polymorphs both contain PS₄ groups facing the same direction but differ in their spatial distributions: LT-Li₇PS₆ has PS₄ arranged with orthorhombic symmetry, while HT-Li₇PS₆ has PS₄ arranged with face-centered cubic symmetry.",2023-07-01,,matteroffact,Supported,,Supported,
2304.08446v4_4_F,"Among the 25 candidate superconductors generated by CDVAE and verified with DFT, 22 had energy above the convex hull of 0.45 eV/atom or less, indicating potential for experimental synthesis.",2023-04-01,,matteroffact,Refuted,,Supported,
2203.11013v1_11_T,Nearly all 3d transition metals exhibit maximum driving force (MDF) values ranging from -0.25 to -0.75 eV per metal atom for oxide formation in aqueous environments,2022-03-01,,matteroffact,Supported,,Refuted,
2304.08446v4_5_F,"Among the 25 candidate superconductors generated by CDVAE and verified with DFT, 18 had negative formation energies, with values ranging from -0.05 eV/atom to -2.75 eV/atom.",2023-04-01,,matteroffact,Refuted,,Supported,
2203.08413v3_16_F,The topological gap protocol for detecting Majorana zero modes requires observing a constant sign in non-local conductance throughout the topological phase transition.,2022-03-01,,matteroffact,Refuted,,Refuted,
2306.03096v2_1_F,"The electronic structure of cobalt in CoO₂ is accurately described as having a t₂g⁵eg⁰ configuration, corresponding to the Co⁴⁺ oxidation state.",2023-06-01,,matteroffact,Refuted,,Supported,
2308.07295v3_17_F,"At 20% Cu doping concentration in lead apatite, with Cu atoms replacing both Pb(1) and Pb(2) sites, the material transitions to a metallic state with delocalized charge carriers.",2023-08-01,,matteroffact,Refuted,,Supported,
2304.07326v2_0_T,Lutetium dihydride (LuH2) exhibits a blue color at ambient conditions due to its reflectivity profile having a minimum in the red part of the visible spectrum.,2023-04-01,,matteroffact,Supported,,Supported,
2305.11842v2_5_T,"Diffusion Monte Carlo calculations determine the lattice constants of T-VSe2 and H-VSe2 to be 3.414 Å and 3.335 Å respectively, with the H-phase being energetically more favorable by 0.06 eV per formula unit.",2023-05-01,,matteroffact,Supported,,Supported,
2303.12924v1_3_F,"Among the four phase-field parameters studied (initial Co concentration, double-well barrier height, gradient energy density coefficient, and lattice misfit strain), the gradient energy density coefficient has the strongest influence on the equilibrium γ'(L12) precipitate morphology in Co-based superalloys.",2023-03-01,,matteroffact,Refuted,,Supported,
2305.11961v1_4_T,Implementation of the Single Side Band (SSB) algorithm for sparse 4D Camera data allows a 1024 by 1024 probe position 4D-STEM dataset to be processed by a GPU in less than 1 second,2023-05-01,,matteroffact,Supported,,Supported,
2307.00878v1_13_F,"The optimal synthesis temperature for Li₇P₃S₁₁ is approximately 800K, where its energy above hull reaches a minimum of 0.5 meV/atom, well above its experimentally observed glass transition temperature.",2023-07-01,,matteroffact,Refuted,,Supported,
2302.14072v1_16_T,"The theoretical model of Ta-dichalcogenide bilayers with interlayer distances of 6.3-7.0 Å is directly relevant to experimentally fabricated bilayers, which typically have larger interlayer separations than the optimum spacing for ideal epitaxy.",2023-02-01,,matteroffact,Supported,,Refuted,
2206.11435v1_15_F,"The commercialization of solid-state battery technology is hindered by challenges including high manufacturing costs, limited raw material availability, complex assembly processes, and poor cycling stability at low temperatures.",2022-06-01,,matteroffact,Refuted,,Supported,
2206.01063v2_11_T,"The sheet current density in the mean-field resonating valence bond model is proportional to the sine of the phase gradient components, given by j(q) = (tde/ℏa)(sin q_xa, sin q_ya)",2022-06-01,,matteroffact,Supported,,Supported,
2205.05157v1_0_F,"PyEOC determines the r13 electro-optic coefficient of SBN thin films to be 12.5 pm/V, which is within the published uncertainty range of 8.5 ± 1.3 pm/V.",2022-05-01,,matteroffact,Refuted,,Supported,
2211.15972v1_2_T,The interlayer ferromagnetic coupling in element-doped CrI3 is caused by the formation of localized spin-polarized states,2022-11-01,,matteroffact,Supported,,Supported,
2210.17428v1_4_F,"HAT-based MOFs possess the highest gravimetric surface area among all EC-MOFs in the database, with an average value of 2000 m²/g across all combinations of metals and functional groups.",2022-10-01,,matteroffact,Refuted,,Refuted,
2203.08413v3_9_F,"In disordered superconductor-magnetic insulator nanowire hybrid systems, local conductance measurements reveal the bulk gap reopening more clearly than non-local conductance measurements.",2022-03-01,,matteroffact,Refuted,,Supported,
2208.08336v1_11_F,"In a one-dimensional superconducting chain, in-gap states remain fixed at exactly zero energy regardless of the magnetic field strength.",2022-08-01,,matteroffact,Refuted,,Refuted,
2205.07413v1_0_F,"Vacancy formation energy distributions in Nb-Mo-Ta-W alloys are uniformly positive, requiring thermal activation for vacancy formation at edge dislocation cores.",2022-05-01,,matteroffact,Refuted,,Supported,
2202.04930v2_17_F,"In the Sigmoidal model used for simulations with heterogeneous grain boundary mobility, twin boundaries in 316L stainless steel are assigned a mobility of 50% of the maximum grain boundary mobility (0.5*μmax).",2022-02-01,,matteroffact,Refuted,,Supported,
2305.02900v1_5_T,PtBi₂ is a non-centrosymmetric type-I Weyl semimetal with topological Fermi arcs connecting the projections of Weyl points on its surfaces.,2023-05-01,,matteroffact,Supported,,Supported,
2210.14343v3_6_T,Sticky dislocation network nodes in BCC metals can form when a parent dislocation cross-slips away from the node and subsequently impinges on the node from a different glide plane.,2022-10-01,,matteroffact,Supported,,Supported,
2208.10980v2_14_F,"Laser propulsion systems for nanosatellites can only be effectively implemented on Earth's surface due to power requirements, with orbital or lunar placements being theoretically interesting but practically infeasible.",2022-08-01,,matteroffact,Refuted,,Refuted,
2302.12868v1_1_T,"The stiffness matrix method can model wave propagation in multilayered media containing arbitrary combinations of fluid, solid, and porous layers.",2023-02-01,,matteroffact,Supported,,Supported,
2203.10204v2_15_T,"The ResNet-50 v2 model reduces the dimensionality of microstructural patterns from 256×256 pixels to a 2048-dimensional latent vector, representing a 99% reduction in dimensionality",2022-03-01,,matteroffact,Supported,,Supported,
2301.06756v1_5_F,The excitonic insulator phase in solid helium exists over a pressure range of approximately 100 gigapascals before metallization according to GW calculations.,2023-01-01,,matteroffact,Refuted,,Supported,
2304.01314v2_7_T,"In the small-cell training approach for the Zr-H system, 95% of the necessary DFT data is collected after just four increases in supercell size.",2023-04-01,,matteroffact,Supported,,Supported,
2302.04385v2_11_F,"Pr₂CuO₄ requires heating to temperatures above 500°C to achieve flash, making it similar to most other oxide materials studied in flash experiments.",2023-02-01,,matteroffact,Refuted,,Supported,
2309.04053v2_14_T,Ceramic matrix composites overcome the poor thermal shock resistance and high densities of bulk ultra-high temperature ceramics while improving the oxidation resistance of carbon-carbon composites through the incorporation of ceramic fibers and matrices that form self-healing oxide layers.,2023-09-01,,matteroffact,Supported,,Supported,
2205.07726v2_8_F,"The plasmon model is not applicable to the analysis of Sn 3d core XPS spectra in La-doped BaSnO₃ films, as the asymmetry in core photoemission spectra arises primarily from chemical shifts rather than intrinsic plasmon excitations.",2022-05-01,,matteroffact,Refuted,,Supported,
2307.12651v1_8_F,The structural domain engineering demonstrated in SrRuO₃ thin films through coupling to ferroelastic domains in adjacent PbTiO₃ layers has no implications for magnetic properties because structural and magnetic domains in SrRuO₃ are completely independent of each other.,2023-07-01,,matteroffact,Refuted,,Refuted,
2205.06855v1_12_T,A regolith-to-binder ratio of 3.5:1 by volume produces stable green parts for both Martian and Lunar regolith when using a 6.25% salt-water solution as the binder material.,2022-05-01,,matteroffact,Supported,,Refuted,
2309.14678v2_14_T,The calculated activation energy for vacancy migration in K β″ alumina (0.02-0.03 eV) is significantly lower than the experimental activation energy for ionic conduction (0.15-0.186 eV).,2023-09-01,,matteroffact,Supported,,Supported,
2305.10582v2_8_F,Cu₆Sn₅ intermetallic compound undergoes a structural transformation from hexagonal closed packed (η-Cu₆Sn₅) to monoclinic (η'-Cu₆Sn₅) structure as temperature increases,2023-05-01,,matteroffact,Refuted,,Supported,
2302.14072v1_6_F,The Hubbard interaction parameter (U) for the correlated electrons in the 1T layer of Ta-dichalcogenide bilayers is approximately 500 meV.,2023-02-01,,matteroffact,Refuted,,Supported,
2306.07746v1_14_F,"The initial structure search calculations used the VASP code with PAW pseudopotentials, a plane wave cutoff of 800 eV, and a 2×2×2 Monkhorst-Pack k-point grid.",2023-06-01,,matteroffact,Refuted,,Supported,
2203.04149v2_16_T,"The slurry model predicts an overall ultrasonic wave speed of 1360 m/s through the lithium-ion battery cell, which differs by only 3.1% from the experimentally measured value of 1404 m/s.",2022-03-01,,matteroffact,Supported,,Supported,
2203.10204v2_0_T,Self-supervised learning can identify transitions in microstructural regimes without requiring predefined labeled data about different classes of patterns,2022-03-01,,matteroffact,Supported,,Supported,
2309.13514v2_10_F,"CsCr₃Sb₅ shows minimal magnetic frustration with a frustration index of approximately 1-2, indicating that magnetic ordering occurs at a temperature close to the Curie-Weiss temperature.",2023-09-01,,matteroffact,Refuted,,Supported,
2308.04043v3_10_T,"V₂O₅ is a charge-transfer insulator where the band gap is primarily determined by the energy separation between oxygen p and vanadium d states, with strong O p-V d hybridization despite vanadium being nominally in the d⁰ state.",2023-08-01,,matteroffact,Supported,,Supported,
2301.05024v1_14_T,"The error between the actual impedance and its asymptotic approximation for non time-invariant systems is uniformly bounded by a term proportional to ε, where ε=1/τ is the small parameter representing the inverse of the time scale of property changes.",2023-01-01,,matteroffact,Supported,,Supported,
2303.11122v1_3_F,MgIr2O4 is the most thermodynamically stable oxide spinel with an energy above hull value of 0.000 eV/atom.,2023-03-01,,matteroffact,Refuted,,Refuted,
2308.01135v4_4_F,"The hexagonal structure of LK-99 exhibits a weak electron-phonon coupling, with phonon modes having minimal effect on the electronic structure and maintaining the degeneracy of Cu d-bands at the Fermi level.",2023-08-01,,matteroffact,Refuted,,Refuted,
2304.08446v4_1_F,The highest critical temperature achieved among the CDVAE-generated superconductors was 35.7K for the MnN compound.,2023-04-01,,matteroffact,Refuted,,Supported,
2305.11842v2_10_F,AtomVision is limited to analyzing experimental microscopy images and cannot generate synthetic images or perform advanced image processing tasks like atom localization.,2023-05-01,,matteroffact,Refuted,,Refuted,
2301.03473v1_4_T,The MoS2/NbSe2 heterostructure exhibits 2D superconductivity while pristine NbSe2 exhibits 3D superconductivity,2023-01-01,,matteroffact,Supported,,Supported,
2305.11842v2_7_F,"Experimental measurements of layered materials show that 2H-NbSe2, 2H-NbS2, and FeSe all have identical superconducting critical temperatures of 10 K.",2023-05-01,,matteroffact,Refuted,,Refuted,
2203.14301v1_4_T,"Applying a vertical electric field to Sb₂Te₃ thin films breaks inversion symmetry, reducing the point group from D₃d to C₃ᵥ and enabling the observation of half-quantized anomalous Hall effect",2022-03-01,,matteroffact,Supported,,Supported,
2306.04157v1_6_T,Zirconium doping in LaNiO3 completely suppresses the Stoner enhanced maximum in magnetic susceptibility that is observed in the undoped compound.,2023-06-01,,matteroffact,Supported,,Supported,
2308.00800v1_13_F,"The 2D phase-field model for fatigue crack growth in aluminum sheets can fully capture all relevant fracture phenomena, including three-dimensional effects such as crack tunneling and slant crack growth, making 3D modeling unnecessary for accurate prediction of fatigue crack behavior.",2023-08-01,,matteroffact,Refuted,,Refuted,
2212.09357v1_6_T,The nonlinear acoustic parameter β' in annealed aluminum samples has a mean value of 1.0×10^-5 m V^-1 with a dispersion of 0.1×10^-5 m V^-1,2022-12-01,,matteroffact,Supported,,Supported,
2206.02683v1_14_T,"Amorphous solids can form memories of cyclic shear through the selection of strongly connected components in their transition graphs, with memory capacity related to the size distribution of these components",2022-06-01,,matteroffact,Supported,,Supported,
2304.03740v1_4_T,"Laser rapid solidification of Al-Si eutectic produces a growth velocity of 30.2 mm/s and an undercooling of 72.7 K, which exceeds the critical velocity required for the flake-to-fiber transition of silicon.",2023-04-01,,matteroffact,Supported,,Supported,
2210.05010v2_6_F,"Tungsten irradiated with lower momentum ions retains lower deuterium concentrations than tungsten irradiated with higher momentum ions, with deuterium concentrations ranging from approximately 2.5 at.% for high momentum ions to 0.5 at.% for low momentum ions.",2022-10-01,,matteroffact,Refuted,,Supported,
2304.08110v5_12_F,"The point-gap topological table for insulators and superconductors with dissipation at xd=1 is obtained by replacing the space dimension d-1 with δ=d+D, where D is the dimension of a sphere surrounding a topological defect",2023-04-01,,matteroffact,Refuted,,Supported,
2301.11689v3_1_F,"For band gap extraction, BERT-PSIE achieves an F1 score of 0.71, significantly outperforming ChemDataExtractor's F1 score of 0.61 on the same test corpus.",2023-01-01,,matteroffact,Refuted,,Supported,
2306.03096v2_9_F,"The Co 2p XPS spectra of LiCoO₂ show a main line and satellite peak structure, while CoO₂ exhibits a new distinct satellite peak at higher binding energy due to the dominant d⁵ electronic configuration.",2023-06-01,,matteroffact,Refuted,,Supported,
2211.05713v2_13_F,"LGPS transitions from three-dimensional ion conduction at low temperatures to quasi-one-dimensional ion conduction along the c-channel at elevated temperatures above 400 K, as the ab-plane diffusivity decreases significantly.",2022-11-01,,matteroffact,Refuted,,Supported,
2308.14223v1_10_T,"Pure Carbopol samples follow or fall below the von Mises yield criterion, while adding PEO pushes the material above this boundary, indicating enhanced extensibility beyond what would be predicted for ideally elastic materials.",2023-08-01,,matteroffact,Supported,,Supported,
2302.14231v2_15_F,"CHGNet and conventional ab-initio molecular dynamics can access the same time scales, so they reveal the same phenomena in molecular dynamics simulations.",2023-02-01,,matteroffact,Refuted,,Refuted,
2211.05713v2_15_T,"LGPS exhibits ionic conductivity values between 5 and 20 mS/cm at room temperature, comparable to organic liquid electrolytes used in commercial lithium-ion batteries.",2022-11-01,,matteroffact,Supported,,Supported,
2203.11013v1_7_T,"The maximum driving force (MDF) can approximate two kinetically driven aspects of oxidation: the reaction rate of initial surface species formation and subsurface, depth-dependent scale formation",2022-03-01,,matteroffact,Supported,,Supported,
2305.11008v1_11_F,"During ultrashort pulse laser annealing of MoS₂ films, substrate heating is the primary mechanism for crystallization, with the SiO₂/Si substrate absorbing most of the laser energy and transferring heat to the MoS₂ layer.",2023-05-01,,matteroffact,Refuted,,Refuted,
2308.16621v1_14_F,"Process parameters in metal additive manufacturing act independently with minimal interaction effects, with each parameter's influence being fully captured by its individual contribution",2023-08-01,,matteroffact,Refuted,,Refuted,
2203.07955v1_5_T,"The soft modes in Na₃PS₄ involve a combination of tetrahedral tilting and Na⁺ translation, with the higher frequency mode showing rotation about the c-axis combined with Na⁺ translation along the c-axis, and the lower frequency mode showing rotation about the a-axis with Na⁺ translation along the a-axis.",2022-03-01,,matteroffact,Supported,,Supported,
2209.06065v1_13_F,Observed drift velocities in one-dimensional ionic conductors cannot provide any information about crystal parameters because thermal fluctuations completely obscure the relationship between drift velocity and chain properties.,2022-09-01,,matteroffact,Refuted,,Refuted,
2306.04157v1_14_T,"Single crystals of LaNiO3 grown by optical floating zone technique can achieve a phase purity of 97.9 weight percent, with the remaining 2.1 weight percent being NiO impurity.",2023-06-01,,matteroffact,Supported,,Supported,
2303.09576v1_12_T,"The estimated chemical potential of aluminum in sample S2 during deformation is -0.12 eV, calculated using the solution enthalpy of Al in Mg and the deformation temperature",2023-03-01,,matteroffact,Supported,,Supported,
2202.01652v1_12_F,The 44 unit cell thick SrRuO₃ film on SrTiO₃ exhibits a tetragonal distortion with a c/a ratio of 1.01 and lattice parameters a=b=3.905Å and c=3.948Å.,2022-02-01,,matteroffact,Refuted,,Supported,
2309.05880v3_10_T,"The surface states in RhGe exhibit strong spin polarization due to large spin-orbit coupling, with the spin polarization direction varying across the surface Brillouin zone.",2023-09-01,,matteroffact,Supported,,Supported,
2301.01139v1_13_F,"The calcium superhydride CaH6 exhibits superconductivity with a critical temperature below 150 K at 160-170 GPa, contradicting theoretical predictions.",2023-01-01,,matteroffact,Refuted,,Supported,
2306.15502v1_14_F,"Multiple SNVM maps of MRAM bits under different switching conditions are always required to assess switching behavior uniformity, as single stray field maps provide no information about switching characteristics",2023-06-01,,matteroffact,Refuted,,Refuted,
2206.01072v1_6_F,"The spin-spiral wavelength in 10-atom Fe chains on Nb(110) surface is 3.50 times the distance between subsequent iron atoms, which is approximately 5% longer than the wavelength of 3.39 obtained from previous spin-model calculations.",2022-06-01,,matteroffact,Refuted,,Supported,
2304.05231v1_12_F,The low-velocity impact framework is primarily designed for evaluating the performance of terrestrial construction materials and has limited applicability to space-grade materials or space mission scenarios.,2023-04-01,,matteroffact,Refuted,,Refuted,
2211.15972v1_13_F,The spin-polarized states in As-doped CrI3 arise solely from the magnetic moment of the As atom,2022-11-01,,matteroffact,Refuted,,Refuted,
2308.07295v3_9_T,Standard density functional theory without electron correlation corrections is sufficient to predict the insulating nature of Cu-doped lead apatite due to the strong tendency for structural symmetry breaking around the Cu dopant.,2023-08-01,,matteroffact,Supported,,Refuted,
2208.10980v2_6_T,"For a fixed laser irradiance of 1 GW/m², a nanosatellite with an area-to-mass ratio of 50 m²/kg achieves a velocity gain of 5 km/s in approximately 15 seconds, while one with an area-to-mass ratio of 10 m²/kg requires approximately 75 seconds.",2022-08-01,,matteroffact,Supported,,Supported,
2302.14231v2_6_F,The CHGNet model contains over 1 million trainable parameters.,2023-02-01,,matteroffact,Refuted,,Supported,
2211.06285v2_9_T,"In V₂O₅, changes in the effective gap and electron-hole interaction under structural distortions exhibit significant cancellation effects, with the bright exciton's effective gap decreasing by 1.5 eV while its electron-hole interaction decreases by 0.7 eV, resulting in a net binding energy change of only 0.2 eV.",2022-11-01,,matteroffact,Supported,,Supported,
2304.03740v1_9_T,"Increased kinetic undercooling at high growth rates can lead to fully coupled growth of aluminum and silicon phases, causing the silicon phase to lose its faceted growth characteristics and adopt a more isotropic morphology.",2023-04-01,,matteroffact,Supported,,Supported,
2305.02900v1_2_T,Superconductivity in PtBi₂ occurs exclusively at the surface rather than in the bulk material.,2023-05-01,,matteroffact,Supported,,Refuted,
2308.16621v1_11_T,"Quantitative microstructure data in metal additive manufacturing literature is rare, limiting the ability of machine learning to learn process-microstructure-property relationships",2023-08-01,,matteroffact,Supported,,Supported,
2211.15972v1_13_T,"The spin-polarized states in As-doped CrI3 arise from hybridization among As p-orbital, bonded Cr d-orbital, and I p-orbital",2022-11-01,,matteroffact,Supported,,Supported,
2208.03296v2_11_F,The hybrid DDD-GNN approach requires replacing all stages of the DDD simulation cycle with GNN models to achieve computational efficiency.,2022-08-01,,matteroffact,Refuted,,Refuted,
2212.10977v3_10_T,The bulk modulus (B) of Ti_x(HfNbTaZr)_(1-x)/4 alloys in the bcc phase decreases monotonically as Ti content increases from x = 0 to x = 0.4,2022-12-01,,matteroffact,Supported,,Supported,
2304.01314v2_2_T,"A machine-learned interatomic potential for the Zr-H system trained with 584 structures can successfully predict the properties of over 75,000 different atomic configurations.",2023-04-01,,matteroffact,Supported,,Supported,
2302.12868v1_0_T,The stiffness matrix method for modeling wave propagation in multilayered media exhibits unconditional computational stability across all frequency and incident angle ranges.,2023-02-01,,matteroffact,Supported,,Refuted,
2208.04658v1_12_F,"Mössbauer spectroscopy of annealed SrFe₁₂O₁₉ films shows spectra typical of maghemite with a random magnetic structure, where the magnetization has no preferred orientation relative to the film plane.",2022-08-01,,matteroffact,Refuted,,Supported,
2302.03362v2_8_F,The machine learning approaches for classifying equivalent circuit models from electrochemical impedance spectra represent the final solution to this classification problem.,2023-02-01,,matteroffact,Refuted,,Refuted,
2208.04658v1_15_T,"Crystallization of strontium hexaferrite from as-grown films requires annealing at 850°C in air for three hours, which transforms the nanocrystalline maghemite and amorphous strontium oxide into well-crystallized SrFe₁₂O₁₉.",2022-08-01,,matteroffact,Supported,,Supported,
2303.02441v2_0_F,The ρ-CP framework uses a power law model to account for temperature and strain rate effects on crystallographic shearing rate during plastic deformation.,2023-03-01,,matteroffact,Refuted,,Supported,
2212.02899v1_7_T,The superconducting coherence length in LaRh₃B₂ is approximately 60 nm at 0 K and 114 nm near the transition temperature.,2022-12-01,,matteroffact,Supported,,Supported,
2204.05252v1_14_T,"Despite open-boundary conditions that typically suppress ferroelectricity, rhombohedral HfO₂ slabs maintain finite polarization due to the improper nature of ferroelectricity, where polarization emerges through coupling to a non-polar primary order parameter.",2022-04-01,,matteroffact,Supported,,Supported,
2211.13164v1_7_T,Higher Na content in Na_xCa_{1-x}Cr_2O_4 increases the probability of Na ions gaining sufficient kinetic energy to perform diffusive jumps.,2022-11-01,,matteroffact,Supported,,Supported,
2309.14678v2_11_F,"In both β and β″ aluminas, alkali metal vacancies and interstitials are predominantly neutral across most of the bandgap.",2023-09-01,,matteroffact,Refuted,,Supported,
2205.06855v1_14_F,"Sintered regolith materials require extensive modification with Earth-transported additives to achieve minimal structural integrity, making them impractical for reducing dependence on imported construction materials in extraterrestrial environments.",2022-05-01,,matteroffact,Refuted,,Refuted,
2309.01755v1_16_T,"At the k_z=π plane in Pb₁₀(PO₄)₆O₄, the four bands near the Fermi level become intertwined in pairs and display weak dispersion with a band width of approximately 23 meV.",2023-09-01,,matteroffact,Supported,,Supported,
2209.06065v1_0_T,"In a one-dimensional crystal model, the energy dissipation rate of a mobile particle decreases with higher particle speeds, contrary to conventional drag where faster motion produces more resistance.",2022-09-01,,matteroffact,Supported,,Refuted,
2309.04053v2_15_T,"Additive manufacturing enables the production of complex refractory alloy components for hypersonic vehicles, overcoming traditional formability limitations and enabling advanced cooling methodologies such as active thermal protection systems.",2023-09-01,,matteroffact,Supported,,Supported,
2304.05231v1_10_T,"The axisymmetric model for Taylor impact tests can predict not only the final deformed shape of the projectile but also the spatio-temporal evolution of strain fields during impact, providing insights into deformation history that are difficult to obtain experimentally.",2023-04-01,,matteroffact,Supported,,Supported,
2204.07318v3_9_F,"The Direct Integral Approach produces results that are inconsistent with all previous theoretical and experimental studies of aluminum phase transitions, failing to resolve existing discrepancies in the field.",2022-04-01,,matteroffact,Refuted,,Refuted,
2307.02870v1_6_T,"Optimal hierarchically structured electrodes for high-rate applications should combine low secondary particle porosity, small secondary particle size, small primary particle size, and limited electrode thickness",2023-07-01,,matteroffact,Supported,,Supported,
2202.04930v2_11_F,"In the GB5DOF code, incoherent Σ3 twin boundaries in 316L stainless steel have a grain boundary energy of approximately 10% of the maximum grain boundary energy.",2022-02-01,,matteroffact,Refuted,,Supported,
2203.07955v1_17_T,The cubic structure of Na₃PS₄ and Na₃PSe₄ consists of PCh₄³⁻ tetrahedra arranged on a BCC lattice with P atoms at BCC lattice sites and Na⁺ ions located at face centers and edges of the BCC cube.,2022-03-01,,matteroffact,Supported,,Refuted,
2305.10582v2_11_T,"The hexagonal closed packed Cu₆Sn₅ intermetallic compound exhibits significant anisotropy in its elastic properties, including Young's modulus, Poisson's ratio, and shear modulus",2023-05-01,,matteroffact,Supported,,Supported,
2308.16621v1_8_F,"Ti6Al4V has a larger process map for high quality printing compared to 316L and Inconel 718, indicating higher printability",2023-08-01,,matteroffact,Refuted,,Refuted,
2308.01135v4_9_F,Lead apatite (Pb10(PO4)6O) has a calculated band gap of approximately 2.1 eV when using the HSE06 hybrid exchange-correlation functional.,2023-08-01,,matteroffact,Refuted,,Supported,
2203.04149v2_2_F,"The central resonant frequency of ultrasonic signals in lithium-ion batteries shows minimal correlation with the state of charge, exhibiting significantly lower sensitivity than back-wall echo measurements and poor agreement with voltage-based state of charge estimations.",2022-03-01,,matteroffact,Refuted,,Supported,
2204.13789v2_2_T,"The $\ell_0\ell_2$-norm regularized cluster expansion predicts only 4 spurious ground states in the Li-Mn-Ti-O phase diagram, while the $\ell_1$-norm regularized cluster expansion predicts 12 spurious ground states.",2022-04-01,,matteroffact,Supported,,Refuted,
2308.00800v1_14_T,"In phase-field modeling of thin sheets, fracture toughness (Gc) can be viewed either as a universal material parameter determined from thick specimens approximating plane strain conditions, or as a thickness-dependent structural parameter that must be calibrated for specific specimen geometries.",2023-08-01,,matteroffact,Supported,,Supported,
2205.05615v1_5_T,"The electrical conductivity of copper oxide films first decreases from 646.6 S/m at room temperature to 78.6 S/m at 200°C, then increases to 711.0 S/m at 300°C substrate temperature",2022-05-01,,matteroffact,Supported,,Supported,
2309.14678v2_3_T,"In Li and K β″ aluminas, correlated two-atom vacancy migration processes require approximately the same energy as single-atom vacancy migration.",2023-09-01,,matteroffact,Supported,,Refuted,
2208.10980v2_9_F,"A nanosatellite for Solar System exploration requires a minimum mass of 5 kg to accommodate all necessary subsystems including sensors, communications, attitude control, power systems, and structural components.",2022-08-01,,matteroffact,Refuted,,Refuted,
2205.07726v2_8_T,"The plasmon model is applicable to the analysis of Sn 3d core XPS spectra in La-doped BaSnO₃ films, with the asymmetry in core photoemission spectra arising from intrinsic plasmon excitations associated with the creation of the core hole.",2022-05-01,,matteroffact,Supported,,Supported,
2206.14013v1_5_F,The extinction coefficient (k) of AlOx-Cu nanocomposites with copper content (τ) greater than 0.38 remains positive across all energy ranges from 1.6 eV to 6.0 eV.,2022-06-01,,matteroffact,Refuted,,Refuted,
2305.04262v3_1_F,FIB-patterned Nb films exhibit local maxima in their magnetization loops at approximately 150 Oe when the magnetic field is decreased from full penetration,2023-05-01,,matteroffact,Refuted,,Supported,
2304.04986v3_3_T,"In Li-Mn-O-F disordered rocksalt cathodes, increasing the fluorine content results in lower initial discharge capacity but improved capacity retention after 30 cycles.",2023-04-01,,matteroffact,Supported,,Supported,
2206.01072v1_15_F,The ab initio energy minimization scheme combining conjugate gradient and Newton-Raphson methods requires more computational resources and converges more slowly than simple iterative approaches for all types of magnetic structures.,2022-06-01,,matteroffact,Refuted,,Refuted,
2304.10279v2_11_T,"The symmetry of intergranular normal-stress distributions in isotropic linear-elastic polycrystals is controlled by the third deviatoric stress invariant J3, with J3=0 producing symmetric distributions.",2023-04-01,,matteroffact,Supported,,Supported,
2304.07966v2_4_T,"LuH₂₊ₓ single-crystalline films exhibit Raman peaks at approximately 260 cm⁻¹ and 1226 cm⁻¹, which are blue-shifted compared to the peaks at 248 cm⁻¹ and 1200 cm⁻¹ observed in LuH₂ powders",2023-04-01,,matteroffact,Supported,,Supported,
2305.05612v2_9_T,The volumetric energy coefficient for twin nucleation in magnesium is approximately 52.6 MJ/m³.,2023-05-01,,matteroffact,Supported,,Refuted,
2208.04687v1_11_T,"The crystallite size of Co₂CrAl thin films grown on MgO(001) substrate is approximately 13 nm, as calculated from the Scherrer formula using the FWHM of the (004) XRD reflection peak.",2022-08-01,,matteroffact,Supported,,Supported,
2304.02586v1_15_T,"The electronic nematic order in Sr₂RuO₄ likely explains the checkerboard charge order observed at its surface, with the checkerboard pattern emerging as a secondary response to bulk nematicity combined with surface octahedral rotations.",2023-04-01,,matteroffact,Supported,,Supported,
2303.12924v1_14_F,Gaussian Process Regression models provide no significant advantages over standard bi-linear fits for sensitivity analysis of Co-based superalloys and produce identical results with similar computational requirements.,2023-03-01,,matteroffact,Refuted,,Refuted,
2304.02586v1_1_F,"The static reflectivity anisotropy in Sr₂RuO₄ grown on NdGaO₃ reaches a maximum of 0.5% at low temperatures, which is proportional to the 0.3% uniaxial strain imposed by the substrate.",2023-04-01,,matteroffact,Refuted,,Supported,
2303.01108v1_3_T,"The maximum field-cooled magnetic susceptibility in La₀.₅Sr₀.₅Co₁₋ₓNbₓO₃ decreases from approximately 20 emu/mole-Oe for x=0 to 15 emu/mole-Oe for x=0.025 when measured at 100 Oe, and further decreases to 3.9 emu/mole-Oe for x=0.1.",2023-03-01,,matteroffact,Supported,,Supported,
2309.17090v2_16_F,"After thermalisation for 1 ns, nanocrystalline iron structures at all temperatures (300K, 500K, 800K, and 1000K) stabilize at approximately the same number of grains (around 100 grains), showing temperature-independent grain stability.",2023-09-01,,matteroffact,Refuted,,Refuted,
2304.08110v5_8_T,"When a chiral edge mode with group velocity v > 0 acquires a decay constant Γ > 0 due to dissipation, its energy spectrum h_edge(kx) = vkx - iΓ immediately develops a non-zero spectral winding number",2023-04-01,,matteroffact,Supported,,Refuted,
2308.04594v2_0_T,Cerium-substituted strontium hexaferrite is chemically stable with negative formation energy when cerium replaces strontium in the crystal structure.,2023-08-01,,matteroffact,Supported,,Supported,
2304.01934v4_15_F,"With U(Mn)=2 eV, the antiferromagnetic Γ₂ᵤ phase of Li₂MnO₃ is more stable than the ferromagnetic and Γ₃ₘ phases by 50 meV and 30 meV respectively, inconsistent with the low Néel temperature of 36 K.",2023-04-01,,matteroffact,Refuted,,Refuted,
2208.04658v1_9_F,"The in-plane magnetization in annealed SrFe₁₂O₁₉ films originates from anisotropic local structures in the as-grown film that act as oriented precursors, determining the final crystalline texture and magnetic anisotropy upon annealing.",2022-08-01,,matteroffact,Refuted,,Supported,
2304.05231v1_12_T,"The low-velocity impact framework is particularly suitable for evaluating the performance of space-grade materials in deep-space missions, where low-velocity impact events are more likely than the hypervelocity impacts common in low Earth orbit applications.",2023-04-01,,matteroffact,Supported,,Supported,
2212.06128v1_11_T,The carrier density in Fe₁₋ₓCuₓSe increases significantly in the high-pressure phase above 10 kbar compared to the low-pressure nematic phase.,2022-12-01,,matteroffact,Supported,,Supported,
2209.06065v1_7_F,"When a mobile particle interacts with a one-dimensional crystal, the disturbance in the chain propagates instantaneously to all chain masses regardless of their distance from the interaction point.",2022-09-01,,matteroffact,Refuted,,Refuted,
2210.06735v1_3_F,"The Al-MoS₂@rGO anode material delivers a first discharge specific capacity of 650 mAh/g at 50 mA/g, which is below the theoretical specific capacity of MoS₂ (670 mAh/g).",2022-10-01,,matteroffact,Refuted,,Supported,
2306.12034v1_10_T,"NiBi₃ nanowires form through a process analogous to the vapor-liquid-solid mechanism, where bismuth clusters act as a liquid-like phase due to their low melting point, facilitating the anisotropic growth of NiBi₃ crystals.",2023-06-01,,matteroffact,Supported,,Supported,
2209.15522v1_13_F,"Materials with larger stacking fault energy tend to produce thinner twins, as confirmed by computational work showing that higher stacking fault energy promotes the formation of sessile dislocations on twin boundaries.",2022-09-01,,matteroffact,Refuted,,Supported,
2303.12924v1_13_T,The k_cubic parameter used to characterize γ'(L12) precipitate morphology in Co-based superalloys has limitations in capturing irregular features such as concave sides on cuboidal precipitates.,2023-03-01,,matteroffact,Supported,,Supported,
2203.08413v3_5_T,"In superconductor-magnetic insulator nanowire hybrid systems, finite low-bias non-local conductance emerges only after the topological phase transition.",2022-03-01,,matteroffact,Supported,,Supported,
2211.14626v2_3_T,The diode quality factor Q in Nb/Ru/Sr₂RuO₄ junctions scales as (Tc-T)^(1/2) below the critical temperature.,2022-11-01,,matteroffact,Supported,,Supported,
2303.11178v1_6_T,The Sn-terminated surface states in SnTaS₂ originate from a strong surface electric field created by a perfect Sn-terminated cleaving surface.,2023-03-01,,matteroffact,Supported,,Supported,
2202.07699v1_3_F,"Radiative heat transfer is the dominant mechanism in partially melted metal powder beds, with conductive and convective mechanisms contributing negligibly to the overall heat flux",2022-02-01,,matteroffact,Refuted,,Refuted,
2307.00878v1_9_F,"Among the superionic conductors in the Li₂S-P₂S₅ system, Li₇P₃S₁₁ has the highest configurational entropy, exceeding that of α-Li₃PS₄, β-Li₃PS₄, and HT-Li₇PS₆.",2023-07-01,,matteroffact,Refuted,,Supported,
2304.04986v3_9_F,DRXNet predicts that high-entropy disordered rocksalt cathodes exhibit stable capacity during the first ten cycles followed by accelerated capacity fade in subsequent cycles.,2023-04-01,,matteroffact,Refuted,,Supported,
2304.06457v1_1_T,Cu substitution in SmCo₅ thin films promotes the formation of the 1:5 phase and suppresses the residual 2:17 phase,2023-04-01,,matteroffact,Supported,,Supported,
2202.12952v1_7_T,"In cuprate superconductors, the condensation energy βc is related to the critical temperature Tc by the relation βc ≈ 2.2k_BTc, unlike in BCS theory where the gap determines Tc.",2022-02-01,,matteroffact,Supported,,Supported,
2309.07046v1_15_T,"In-situ powder X-ray diffraction studies of the 1.3MgH₂ + Fe + 4B reaction revealed the formation of unknown phases at specific temperature ranges: an α-phase appearing at 560°C and persisting until 760°C, and a β-phase forming at 690°C and disappearing at 820°C.",2023-09-01,,matteroffact,Supported,,Supported,
2303.02540v1_3_F,"Multi-component rare-earth disilicates exhibit thermal conductivity values that closely follow the rule of mixtures, with less than 10% deviation between measured values and rule-of-mixtures predictions.",2023-03-01,,matteroffact,Refuted,,Supported,
2206.11435v1_13_F,Removing Li⁺ ions from high-energy sites and minimizing the use of dopant atoms are effective strategies for manipulating the energy landscape of solid-state electrolytes to enhance ionic conductivity by promoting single-ion diffusion.,2022-06-01,,matteroffact,Refuted,,Supported,
2303.12924v1_3_T,"Among the four phase-field parameters studied (initial Co concentration, double-well barrier height, gradient energy density coefficient, and lattice misfit strain), the double-well barrier height has the strongest influence on the equilibrium γ'(L12) precipitate morphology in Co-based superalloys.",2023-03-01,,matteroffact,Supported,,Supported,
2308.05532v1_5_T,"The heat flux relaxation time (τq) for AlSi7Mg matrix syntactic foams with ceramic hollow sphere fillers ranges from 0.18 to 0.37 seconds, with an average value of approximately 0.26 seconds.",2023-08-01,,matteroffact,Supported,,Supported,
2304.07326v2_12_T,"The electron-phonon coupling parameter (λ) for LuH1.750 ranges from 0.276 to 0.299 across pressures from 20 to 400 kbar, resulting in calculated superconducting critical temperatures below 0.1 K.",2023-04-01,,matteroffact,Supported,,Supported,
2306.04157v1_1_T,Cerium doping in PrNiO3 transforms the sharp metal-to-insulator transition of the undoped compound into a metal-to-metal transition.,2023-06-01,,matteroffact,Supported,,Supported,
2203.00640v1_1_F,Atomic position relaxation in partially disordered L1₀-FeNi changes the first-nearest neighbor Fe-Fe magnetic exchange couplings by up to 10 meV compared to unrelaxed structures.,2022-03-01,,matteroffact,Refuted,,Supported,
2203.11013v1_13_F,"Among main group metals, Al₂O₃ exhibits the largest maximum driving force (MDF) at -1.2 eV per Al atom, while In(OH)₃ has the smallest MDF at -0.1 eV per In atom",2022-03-01,,matteroffact,Refuted,,Refuted,
2303.04621v2_3_T,Type 1 and Type 2 twins minimize the shear magnitude among all possible rank-one connections between energy wells for cubic lattices.,2023-03-01,,matteroffact,Supported,,Supported,
2309.07046v1_7_T,"MgFeB₄ is thermodynamically stable over an extensive temperature range, but its synthesis is hindered by kinetic factors including the formation of intermediate phases that consume reaction energy.",2023-09-01,,matteroffact,Supported,,Supported,
2302.12868v1_13_T,"In air-coupled settings with micron-level pore structures, the slow longitudinal wave in porous materials has exceptionally small speed and excessively large attenuation compared to the fast longitudinal and shear waves, resulting in minimal contribution to the transmitted wave.",2023-02-01,,matteroffact,Supported,,Supported,
2308.03418v1_2_F,"WS₂ exhibits the highest hydrogen atom self-diffusion coefficient among Group-6 TMDCs, with a value of 4.15 × 10⁻³ cm² s⁻¹ at 300K",2023-08-01,,matteroffact,Refuted,,Supported,
2309.13514v2_2_F,"Under high pressure, CsCr₃Sb₅ exhibits superconductivity in the pressure range of 1.0-15.0 GPa, with a maximum superconducting transition temperature of 10.2 K occurring at 7.5 GPa.",2023-09-01,,matteroffact,Refuted,,Supported,
2202.00542v3_6_F,The sequential mechanism for water addition to CO on Pt catalysts has an activation barrier approximately 1 kcal/mol lower than the concerted mechanism involving simultaneous water dissociation and addition,2022-02-01,,matteroffact,Refuted,,Supported,
2208.10911v1_8_F,Sodium storage in MoSeTe anode occurs exclusively through surface adsorption mechanisms without any structural changes or conversion reactions during the discharge process.,2022-08-01,,matteroffact,Refuted,,Refuted,
2205.06855v1_15_F,"Regolith samples sintered at different temperatures (1000°C, 1100°C, and 1200°C) maintain similar color and surface appearance throughout the temperature range, with minimal changes in texture or visual characteristics as sintering temperature increases.",2022-05-01,,matteroffact,Refuted,,Refuted,
2307.06904v3_10_T,The energy difference between ferromagnetic and antiferromagnetic ground states in LaVO3/KTaO3 heterostructures with equal numbers of LaVO3 and KTaO3 layers is approximately 0.1 eV.,2023-07-01,,matteroffact,Supported,,Supported,
2205.01504v1_15_F,"The anisotropy factor in the strain gradient plasticity model ranges from approximately 0.27 to 0.49, directly representing the Schmid factors typically observed in cubic crystals deforming by octahedral slip.",2022-05-01,,matteroffact,Refuted,,Supported,
2303.00846v1_11_T,"The magneto-elastic effect is the dominant coupling mechanism between vortices and the host medium in FeSe at low fields, rather than electronic nematicity or non-local electronic coupling.",2023-03-01,,matteroffact,Supported,,Supported,
2307.04750v1_14_T,"The Maslov phase contribution to quantum oscillations equals π for all simple closed orbits in CsTi₃Bi₅, regardless of their frequency or location in the Brillouin zone.",2023-07-01,,matteroffact,Supported,,Refuted,
2309.07046v1_8_T,"The energy of the magnetic ground states in α-ATB₄ compounds with T = Cr, Mn, and Fe is approximately 40-80 meV per transition metal atom lower than the non-magnetic state, comparable to the magnetic stabilization energy in ferromagnetic nickel (60 meV/Ni).",2023-09-01,,matteroffact,Supported,,Supported,
2301.06756v1_3_T,Metallic helium reaches a superconducting critical temperature of approximately 100 K at a pressure of 100 terapascals.,2023-01-01,,matteroffact,Supported,,Supported,
2206.01072v1_1_T,"The magnetic ground state of Fe chains on Rh(111) surface exhibits a double pair-wise antiferromagnetic structure for chains with even number of atoms, while chains with odd number of atoms show strongly non-collinear magnetic configurations due to geometrical frustration.",2022-06-01,,matteroffact,Supported,,Supported,
2212.06503v1_8_F,"Optimizing ferroelectric thin film devices for bulk photovoltaic effect applications requires maximizing polarization to the highest possible values, while electrode contact properties have minimal impact on device performance.",2022-12-01,,matteroffact,Refuted,,Refuted,
2208.10980v2_9_T,"A nanosatellite for Solar System exploration can be designed with a total mass of approximately 1.1 kg, including sensors, communications, attitude control, power systems, and structural components.",2022-08-01,,matteroffact,Supported,,Supported,
2209.05554v2_10_T,The ALIGNN-FF model can successfully perform molecular dynamics simulations of heterogeneous interfaces such as MoS2-Al2O3 and Cu-TiN while maintaining structural integrity,2022-09-01,,matteroffact,Supported,,Supported,
2309.05880v3_13_F,"Around the Γ point in RhGe, only s-wave pairing is possible due to the high symmetry of the point, and this pairing preserves time-reversal symmetry, leading to a fully gapped conventional superconducting state.",2023-09-01,,matteroffact,Refuted,,Supported,
2305.11008v1_5_T,"A single ultrashort laser pulse with 90 nJ energy can heat a 40 nm MoS₂ film to approximately 1000 K, which is below the melting temperature of MoS₂ (2600 K).",2023-05-01,,matteroffact,Supported,,Supported,
2205.05754v1_9_T,The dislocation annihilation rate depends on the fraction of geometrically necessary dislocations (GNDs) according to the relationship ∂t ρᵛA = -2yA(1-f²)(ρᵛ)²vᵛ where f is the GND fraction,2022-05-01,,matteroffact,Supported,,Supported,
2208.08336v1_5_F,"The transition from trivial to topological phase in a one-dimensional superconducting chain occurs at a critical magnetic field h_c = Δ/μ̃, where Δ is the superconducting gap and μ̃ is the chemical potential measured from the bottom of the band.",2022-08-01,,matteroffact,Refuted,,Supported,
2306.12034v1_5_T,"The orthorhombic NiBi₃ crystal structure has lattice parameters a=8.884 Å, b=4.15882 Å, c=11.485 Å with α=β=γ=90°.",2023-06-01,,matteroffact,Supported,,Supported,
2302.07398v2_15_F,The longitudinal resistivity of Co₀.₄Fe₀.₄B₀.₂ thin films increases linearly with increasing film thickness,2023-02-01,,matteroffact,Refuted,,Supported,
2304.13257v3_6_T,"Tantalum-capped niobium qubits with Geometry B achieve individual T1 measurements exceeding 550 microseconds, representing some of the highest relaxation times reported for superconducting qubits on both sapphire and silicon substrates.",2023-04-01,,matteroffact,Supported,,Supported,
2304.13257v3_9_T,"Tantalum oxide formed on tantalum-capped niobium qubits is predominantly stoichiometric Ta2O5 with minimal sub-stoichiometric regions, unlike niobium oxide which contains variable oxygen content that contributes to higher losses.",2023-04-01,,matteroffact,Supported,,Supported,
2212.12020v2_10_T,"At Au/Ge interfaces, charge accumulation occurs between interfacial germanium and gold atoms, forming asymmetrical bonds with charge density comparable to Ge-Ge covalent bonds.",2022-12-01,,matteroffact,Supported,,Supported,
2302.12868v1_6_T,"In a porous medium of sintered glass beads saturated with water, the slow longitudinal wave has a wave speed slower than that of water (1483 m/s) and exhibits approximately an order of magnitude higher attenuation than the shear wave, which in turn has approximately an order of magnitude higher attenuation than the fast longitudinal wave.",2023-02-01,,matteroffact,Supported,,Supported,
2203.11013v1_6_T,The maximum driving force (MDF) parameter can be used to guide the selection of alloying elements and compositions to control corrosion behavior in complex alloy systems,2022-03-01,,matteroffact,Supported,,Supported,
2304.01934v4_5_F,"The antiferromagnetic ground state Γ₂ᵤ in Li₂MnO₃ is stable across a wide range of Hubbard U values from 0 to 5 eV, confirming the appropriateness of the commonly used U=5 eV value.",2023-04-01,,matteroffact,Refuted,,Supported,
2303.02540v1_3_T,"Multi-component rare-earth disilicates exhibit significantly lower thermal conductivity than predicted by the rule of mixtures, with a high relative RMS deviation of 0.806 between measured values and rule-of-mixtures predictions.",2023-03-01,,matteroffact,Supported,,Supported,
2204.13994v1_4_T,"In aluminum single crystals with Mg₂Si precipitates, the transition from particle debonding to particle cracking as the primary damage mechanism occurs when the critical energy release rate of the aluminum matrix increases from 4 to 8 Jm⁻²",2022-04-01,,matteroffact,Supported,,Supported,
2303.11122v1_2_F,MgTi2O4 exhibits the highest open-circuit voltage of 3.848 V with respect to a Mg metal anode among the studied oxide spinels.,2023-03-01,,matteroffact,Refuted,,Supported,
2210.17428v1_16_F,"Future development of the EC-MOF database will focus exclusively on improving the accuracy of existing calculations through higher-level quantum mechanical methods, with no plans to expand the structural diversity or property types.",2022-10-01,,matteroffact,Refuted,,Refuted,
2304.07326v2_5_T,"Hydrogen-deficient LuH2 is the phase responsible for the experimentally observed color changes in lutetium hydride, but calculations show it is not a high-temperature phonon-mediated superconductor.",2023-04-01,,matteroffact,Supported,,Supported,
2302.03362v2_12_F,Automatic identification of equivalent circuit models significantly reduces the accuracy of analysis for large sets of electrochemical impedance spectroscopy data.,2023-02-01,,matteroffact,Refuted,,Refuted,
2202.02908v1_12_F,"In polycrystalline materials subjected to forward-reverse loading, twins completely detwin during load reversal regardless of the presence of slip-induced deformation.",2022-02-01,,matteroffact,Refuted,,Refuted,
2304.07966v2_9_T,"The XRD peaks of cubic LuH₂₊ₓ films appear at approximately 30.478° and 63.398°, corresponding to the (111) and (222) diffraction planes",2023-04-01,,matteroffact,Supported,,Supported,
2306.07746v1_15_T,The experimental observation of room-temperature superconductivity in nitrogen-doped lutetium hydrides at 1 GPa pressure cannot be explained by conventional electron-phonon coupling mechanisms.,2023-06-01,,matteroffact,Supported,,Supported,
2304.07326v2_1_T,Electronic correlation effects from lutetium's partially filled 5d shell play only a minor role in determining the optical properties of LuH2.,2023-04-01,,matteroffact,Supported,,Refuted,
2304.02586v1_1_T,"The static reflectivity anisotropy in Sr₂RuO₄ grown on NdGaO₃ reaches a maximum of 1.7% at low temperatures, which is more than five times larger than the 0.3% uniaxial strain imposed by the substrate.",2023-04-01,,matteroffact,Supported,,Supported,
2307.13649v1_1_T,Silver doping decreases the crystallite size in copper oxide thin films annealed at lower temperatures (150-250°C) but increases the crystallite size in films annealed at higher temperatures (350-450°C) compared to undoped films,2023-07-01,,matteroffact,Supported,,Supported,
2212.09357v1_0_T,The nonlinear acoustic parameter measured by Second Harmonic Generation is sensitive enough to detect different zones of von Mises stress and effective plastic strain in centimeter-size aluminum pieces,2022-12-01,,matteroffact,Supported,,Supported,
2305.10582v2_13_T,The HCP structure of Cu₆Sn₅ (η-Cu₆Sn₅) is particularly relevant for high-temperature electronic applications such as high-powered equipment and third-generation semiconductor power devices that operate above 523.15 K,2023-05-01,,matteroffact,Supported,,Supported,
2304.06457v1_5_T,SmCo₄Cu thin films exhibit nanoscale inhomogeneities in Cu and Co distribution despite having predominantly the SmCo₅ phase structure,2023-04-01,,matteroffact,Supported,,Supported,
2212.13877v1_7_F,"For accurate energetic calculations of layered materials, van der Waals dispersion corrections alone are sufficient, and electron-phonon interaction corrections can be safely neglected.",2022-12-01,,matteroffact,Refuted,,Refuted,
2304.08110v5_3_F,The extended Nielsen-Ninomiya theorem establishes that the non-zero (d-1)-dimensional point-gap topological number in the proposed platform is equal to the number of edge states in the original topological insulator or superconductor,2023-04-01,,matteroffact,Refuted,,Supported,
2303.11179v1_4_T,The nodal rings in NaAlSi consist of an inner type-I nodal ring and an outer type-I nodal ring embedded with four type-III nodal points.,2023-03-01,,matteroffact,Supported,,Supported,
2202.00542v3_10_T,"Carbon monoxide adsorbed on platinum surfaces undergoes a reversal of polarization compared to gas phase CO, acquiring carbonyl-like reactivity with the carbon atom becoming susceptible to nucleophilic attack",2022-02-01,,matteroffact,Supported,,Supported,
2211.10404v1_6_F,"The insulating behavior in highly tensile-strained SrCoO₃ thin films is structure-independent, occurring in all crystal structures as long as the strain exceeds 2.5%",2022-11-01,,matteroffact,Refuted,,Refuted,
2304.07224v2_10_F,"In high-temperature cuprate superconductors, the hyperplasmon type I (HP-I) is characterized by a steep zero-crossing of the real part of the dielectric function at a specific energy between two peaks in the imaginary part of the dielectric function.",2023-04-01,,matteroffact,Refuted,,Supported,
2210.10242v2_14_T,"Magnesium hydride (MgH₂) has a hydrogen storage capacity of 7.6 weight percent, making it a promising material for solid hydrogen storage applications.",2022-10-01,,matteroffact,Supported,,Supported,
2307.13990v1_5_F,"The pairing anisotropy in the Al/Au heterostructure reaches its maximum at a critical momentum of 0.368 Å^-1, where the induced intra- and inter-orbital pairing becomes a purely pseudo-spin-triplet state.",2023-07-01,,matteroffact,Refuted,,Supported,
2306.04157v1_7_F,"High-quality LaNiO3 single crystals grown by optical floating zone technique can achieve a residual resistivity ratio (RRR) of 50, exceeding previously reported values for this material.",2023-06-01,,matteroffact,Refuted,,Supported,
2304.02586v1_14_T,The existence of electronic nematic order in the normal state of Sr₂RuO₄ may have significant consequences for the form and mechanism of superconductivity in this material.,2023-04-01,,matteroffact,Supported,,Supported,
2202.02908v1_0_F,"In the phase-field model of twinning, the critical resolved shear stress for twin nucleation is lower than the critical resolved shear stress for twin propagation by a factor of M/(6√3), where M is the double-well parameter.",2022-02-01,,matteroffact,Refuted,,Supported,
2202.00460v1_15_T,"The synthesis of nanographene structures on a superconducting substrate (Ag/Nb) represents a significant advance over previous methods limited to noble metals or metal oxides, enabling the study of proximity-induced superconductivity in atomically precise carbon nanostructures.",2022-02-01,,matteroffact,Supported,,Supported,
2205.05514v2_2_F,Subgrains at constituent particles in the recovered Al-Mn alloy have a growth disadvantage due to higher dislocation density and lower boundary misorientation angle compared to subgrains elsewhere in the microstructure,2022-05-01,,matteroffact,Refuted,,Supported,
2303.02540v1_8_F,Multi-component rare-earth disilicates offer no significant advantages over single-component disilicates for thermal and environmental barrier coating applications.,2023-03-01,,matteroffact,Refuted,,Refuted,
2306.03096v2_3_F,The average hole concentration on oxygen atoms decreases from 0.20 in LiCoO₂ to 0.05 in CoO₂ per oxygen atom during the delithiation process.,2023-06-01,,matteroffact,Refuted,,Refuted,
2205.06324v2_12_F,Incorporating neighborhood effects through GNN models does not significantly improve the accuracy of grain-scale elastic response predictions in polycrystalline materials compared to models that only consider individual grain properties.,2022-05-01,,matteroffact,Refuted,,Refuted,
2305.11008v1_14_F,"Ultrashort pulse laser annealing of MoS₂ films produces highly inhomogeneous crystallization across the processed area, with a relative standard deviation of 23.5% in the A₁g Raman peak intensity.",2023-05-01,,matteroffact,Refuted,,Supported,
2304.05231v1_6_F,"In plate impact tests, the deformation is primarily characterized by uniform plastic flow across the entire plate, with no distinct regions of different deformation mechanisms observable in the microstructure.",2023-04-01,,matteroffact,Refuted,,Refuted,
2305.05612v2_7_T,"The energy of an asymmetrically-tilted grain boundary in magnesium is approximately 0.553 J/m², while the energy of the corresponding symmetrically-tilted grain boundary after twin-induced transformation is approximately 0.124 J/m².",2023-05-01,,matteroffact,Supported,,Supported,
2303.00846v1_0_F,The vortex structure in FeSe at low magnetic fields exhibits class-II hyperuniformity with an algebraic decay exponent α = 1.0 in the structure factor as q approaches zero.,2023-03-01,,matteroffact,Refuted,,Supported,
2301.05024v1_3_T,The time scale of property changes in electrochemical systems can be estimated from the frequency at which the imaginary part of the impedance crosses zero.,2023-01-01,,matteroffact,Supported,,Supported,
2302.14072v1_7_F,"In Ta-dichalcogenide bilayers, the screening of local moments in the 1T layer is primarily driven by Kondo-type hybridization with conduction electrons in the 1H layer.",2023-02-01,,matteroffact,Refuted,,Refuted,
2308.16621v1_16_T,"Yield stress in additively manufactured metals is inversely related to cellular dendritic spacing, which is controlled by cooling rate and process parameters",2023-08-01,,matteroffact,Supported,,Supported,
2303.07504v1_0_F,Metastable defect phase diagrams are limited to describing only point defects and cannot account for extended defects like planar defects.,2023-03-01,,matteroffact,Refuted,,Refuted,
2212.03990v2_15_F,The electrostatic potential drop across graphene-electrolyte interfaces ranges from -0.5 V to -2.0 V across different electrolyte types and concentrations.,2022-12-01,,matteroffact,Refuted,,Supported,
2212.13877v1_13_F,"Among sp²-bonded Boron Nitride polymorphs, the electron-phonon interaction contribution to the total energy varies by less than 10 meV per formula unit between different crystal structures.",2022-12-01,,matteroffact,Refuted,,Refuted,
2304.07224v2_18_T,The tight-binding band structure used to model Bi-2212 in the study of hyperplasmons and quasi-one-dimensional plasmons corresponds to a 17.6% hole doping level.,2023-04-01,,matteroffact,Supported,,Supported,
2307.04750v1_9_T,"CsTi₃Bi₅ exhibits rich topological properties including Dirac points, van Hove singularities, flat bands, and type II Dirac crossings that form a Dirac nodal line.",2023-07-01,,matteroffact,Supported,,Supported,
2204.05721v1_14_T,"The worst-case temperature range for dwell fatigue in titanium alloys is between 75°C and 120°C, where strain rate sensitivity and plastic strain accumulation peak",2022-04-01,,matteroffact,Supported,,Refuted,
2210.03397v3_13_T,The high radiation resistance of the UFG AlMgZnCuAg crossover alloy results from both the thermodynamic stability of T-phase precipitates and the ultra-fine grained structure's ability to absorb radiation-induced point defects,2022-10-01,,matteroffact,Supported,,Supported,
2209.02018v1_14_T,TiO2:Ta2O5 amorphous coatings with a Ti/(Ti+Ta) cation ratio of approximately 20% are optimal for gravitational wave detector mirror applications due to their minimized optical absorption and low mechanical loss after annealing,2022-09-01,,matteroffact,Supported,,Supported,
2306.03096v2_13_F,Conventional X-ray photoelectron spectroscopy (XPS) with an Al Kα source (1.5 keV) provides more reliable information about the bulk electronic structure of LiCoO₂ and CoO₂ than HAXPES by offering better energy resolution.,2023-06-01,,matteroffact,Refuted,,Refuted,
2305.11961v1_8_F,The 4D Camera sensor is a front-side illuminated CCD sensor with a thick protective layer to shield the electronics from the electron beam,2023-05-01,,matteroffact,Refuted,,Refuted,
2210.10242v2_0_F,"Only a single muon state is observed in MgH₂, with no evidence of multiple paramagnetic or diamagnetic components.",2022-10-01,,matteroffact,Refuted,,Supported,
2210.15666v1_7_T,"When subgrains are allowed to form at grain boundaries, the increase in low angle grain boundary length during deformation is significantly lower compared to when subgrains form away from grain boundaries.",2022-10-01,,matteroffact,Supported,,Supported,
2308.05437v1_9_T,"In very thin SiC films, heat flow occurs beyond the film throughout the entire sample, making the apparent thermal conductivity (K_app) more significant, while in bulk films, heat transfer is limited mostly to the film, making the film thermal conductivity (K_f) more significant.",2023-08-01,,matteroffact,Supported,,Supported,
2304.13959v2_1_F,"NbAs (001) grown on GaAs (100) has a lattice mismatch of 5% along the GaAs ⟨110⟩ direction and 7% along the GaAs ⟨100⟩ direction, resulting in direct alignment without rotation between NbAs and GaAs crystal axes.",2023-04-01,,matteroffact,Refuted,,Refuted,
2306.07746v1_3_T,"Structure search results for the Lu-N-H system are consistent across independent methodologies, with the exception of identifying HLu2 as a stable structure on the convex hull.",2023-06-01,,matteroffact,Supported,,Supported,
2203.07955v1_6_T,"The cubic phase of Na₃PS₄ is only cubic on average, with the instantaneous local structure exhibiting lower symmetry due to dynamic sampling of different tetrahedral tilting configurations.",2022-03-01,,matteroffact,Supported,,Supported,
2203.04149v2_0_T,"Ultrasonic resonance in lithium-ion batteries forms primarily from reflections between metal current collector layers, with constructive interference occurring when reflections have a 2nπ phase difference between them.",2022-03-01,,matteroffact,Supported,,Supported,
2303.07504v1_12_F,Energy dispersive X-ray spectroscopy analysis shows that planar defects in Nb-rich Fe-Nb alloys have a similar Nb concentration to the surrounding bulk matrix.,2023-03-01,,matteroffact,Refuted,,Supported,
2212.12020v2_5_F,"Introducing one Ge atom defect into the Au-fcc(011)/Ge(001) variant D interface reduces its interfacial energy from 0.437 J/m² to 0.343 J/m², making it energetically comparable to the optimal variant C configuration.",2022-12-01,,matteroffact,Refuted,,Supported,
2302.12868v1_9_T,"In porous-solid-porous battery anodes, ultrasonic waves can tunnel through the structure with high transmission when the frequency and incident angle are suitably combined to excite guided wave modes in individual layers or in the whole anode.",2023-02-01,,matteroffact,Supported,,Supported,
2208.03296v2_8_T,"The DDD-GNN model remains stable and does not diverge from ground-truth simulations over long-term trajectories of up to 100,000 consecutive time-steps.",2022-08-01,,matteroffact,Supported,,Supported,
2203.04149v2_4_F,"Ultrasonic resonance can only be observed in high-capacity lithium-ion pouch cells above 5 Ah, with smaller capacity cells showing fundamentally different acoustic response patterns.",2022-03-01,,matteroffact,Refuted,,Refuted,
2202.04930v2_9_T,The arithmetic mean grain radius in 316L stainless steel increases from approximately 15 μm to 25 μm during 2 hours of annealing at 1050°C when twin boundaries are excluded from the analysis.,2022-02-01,,matteroffact,Supported,,Supported,
2206.01072v1_0_T,The combination of conjugate gradient and Newton-Raphson methods enables self-consistent minimization of energy within local spin-density functional theory to identify the ground state magnetic order of finite atomic clusters.,2022-06-01,,matteroffact,Supported,,Supported,
2304.04986v3_5_F,Disordered rocksalt Li₁.₃₃₃Mn₀.₆₆₇O₂ cathode material is predicted to have a moderate initial discharge capacity (250 mAh/g) and excellent capacity retention after 30 cycles due to its balanced utilization of manganese and oxygen redox.,2023-04-01,,matteroffact,Refuted,,Supported,
2306.03096v2_1_T,The electronic structure of cobalt in CoO₂ is better described as having a t₂g⁵eg¹ configuration rather than the commonly assumed t₂g⁵eg⁰ (Co⁴⁺) configuration.,2023-06-01,,matteroffact,Supported,,Supported,
2204.13994v1_4_F,"In aluminum single crystals with Mg₂Si precipitates, the transition from particle debonding to particle cracking as the primary damage mechanism occurs when the critical energy release rate of the aluminum matrix increases from 2 to 4 Jm⁻²",2022-04-01,,matteroffact,Refuted,,Supported,
2306.07746v1_14_T,"The initial structure search calculations used the SIRIUS library with ultrasoft pseudopotentials, a plane wave cutoff of 1400 eV, and a 4×4×4 Monkhorst-Pack k-point grid.",2023-06-01,,matteroffact,Supported,,Supported,
2307.13990v1_0_T,"In an Al/Au heterostructure, the proximity-induced superconducting gap in the Au Rashba surface state is approximately 40-50% of the superconducting gap in Al, with values of 114-153 μeV when the Al gap is 300 μeV.",2023-07-01,,matteroffact,Supported,,Supported,
2304.03740v1_4_F,"Laser rapid solidification of Al-Si eutectic produces a growth velocity of 0.8 mm/s and an undercooling of 10 K, which is comparable to the conditions for impurity-modified eutectic growth.",2023-04-01,,matteroffact,Refuted,,Supported,
2308.16621v1_1_F,"The highest Spearman's correlation coefficient between any process parameter and output property in metal additive manufacturing literature data is 0.65, occurring between volumetric energy density and consolidation",2023-08-01,,matteroffact,Refuted,,Refuted,
2205.07726v2_12_T,"The surface of La-doped BaSnO₃ films contains a higher proportion of Ba (20-25%) compared to Sn (13-16%), with oxygen comprising 60-64% of the surface atomic composition.",2022-05-01,,matteroffact,Supported,,Supported,
2306.07746v1_12_T,"Despite large energy differences between pseudopotential and all-electron calculations, the pseudopotential calculations correctly predicted the ground state structures of Lu-N-H compounds.",2023-06-01,,matteroffact,Supported,,Supported,
2304.06457v1_4_T,"Cu substitution at different crystallographic sites in SmCo₅ has opposite effects on magnetic anisotropy, with 3g site substitution enhancing anisotropy and 2c site substitution reducing it",2023-04-01,,matteroffact,Supported,,Supported,
2303.09576v1_2_F,"Planar defects in the C36 Laves phase are identical regardless of the presence of Mg-rich precipitates, with both types of samples showing the same defect structure after deformation",2023-03-01,,matteroffact,Refuted,,Refuted,
2212.13877v1_1_F,The energy difference between hexagonal Boron Nitride and cubic Boron Nitride is less than 50 meV per formula unit when electron-phonon interaction contributions are included in the calculations.,2022-12-01,,matteroffact,Refuted,,Supported,
2210.03397v3_3_F,Void formation in the UFG AlMgZnCuAg crossover alloy occurs at radiation doses above 25 displacements-per-atom (dpa),2022-10-01,,matteroffact,Refuted,,Supported,
2303.02540v1_9_T,The correlation between thermal conductivity and rare-earth cation radius in disilicates is stronger than the correlation between thermal conductivity and rare-earth cation mass.,2023-03-01,,matteroffact,Supported,,Supported,
2303.12924v1_10_T,The γ'(L12) precipitate morphology in Co-based superalloys becomes more cubic with increasing double-well barrier height because higher barrier height increases the interfacial free energy between the γ and γ' phases.,2023-03-01,,matteroffact,Supported,,Supported,
2303.11122v1_1_F,Less electronegative transition metals in oxide spinels enable higher Mg-ion mobility by reducing the activation energy for Mg2+ migration.,2023-03-01,,matteroffact,Refuted,,Supported,
2203.14301v1_2_F,2D electron gas with C₃ᵥ symmetry exhibits exactly quantized anomalous Hall conductance when the chemical potential is at the middle of the gap opened by in-plane magnetic field,2022-03-01,,matteroffact,Refuted,,Supported,
2208.07823v1_11_T,"First principles calculations show that the R-3 polymorph of Na3YCl6 is thermodynamically stable and resides on the convex hull, while the P21/n polymorph is slightly metastable, lying 8.8 meV atom-1 above the convex hull.",2022-08-01,,matteroffact,Supported,,Supported,
2208.03296v2_4_F,"The GNN model was trained on 1,000 dislocation configurations generated from 10 DDD simulations, with each simulation running for 1,000 time-steps and configurations recorded every 10 steps.",2022-08-01,,matteroffact,Refuted,,Supported,
2208.04658v1_5_T,Annealed SrFe₁₂O₁₉ films exhibit a saturation magnetization of 63 emu/g and a coercive field of 0.5 T when measured with an in-plane magnetic field configuration.,2022-08-01,,matteroffact,Supported,,Supported,
2208.08336v1_11_T,"In a one-dimensional superconducting chain, in-gap states exhibit oscillations around the zero-energy level at relatively large magnetic fields.",2022-08-01,,matteroffact,Supported,,Supported,
2306.03096v2_14_T,"LiCoO₂ is best classified as a mixed-valence material rather than a charge transfer insulator or negative charge transfer insulator, based on the significant Co 3d - O 2p covalence.",2023-06-01,,matteroffact,Supported,,Supported,
2212.04571v1_9_T,Defect-bound quantum dots in MoS₂ tunnel barriers can effectively couple to NbSe₂ to create a platform for studying the interplay between Kondo screening and superconductivity.,2022-12-01,,matteroffact,Supported,,Supported,
2304.07224v2_17_F,"The superconducting gap in high-temperature cuprate superconductors is approximately 5 meV, which is well below the energy region where hyperplasmons and quasi-one-dimensional plasmons are observed.",2023-04-01,,matteroffact,Refuted,,Refuted,
2209.12462v1_16_F,The Varvenne-Curtin model predicts that solid solution strengthening in high entropy alloys is primarily determined by the number of components and is always maximized by equimolar compositions regardless of misfit volumes or elastic properties.,2022-09-01,,matteroffact,Refuted,,Refuted,
2209.05554v2_3_F,The ALIGNN-FF model predicts lattice constants of materials in the JARVIS-DFT database with mean absolute errors below 0.05 Å for all lattice parameters,2022-09-01,,matteroffact,Refuted,,Supported,
2206.15003v1_16_F,"Increasing the chambrage ratio in the implosion-driven launcher always improves performance linearly, with higher ratios consistently providing greater projectile velocities without any practical limitations or diminishing returns.",2022-06-01,,matteroffact,Refuted,,Refuted,
2308.16621v1_3_F,Machine learning models trained on metal additive manufacturing literature data can explain 70% of the variance in consolidation prediction,2023-08-01,,matteroffact,Refuted,,Supported,
2309.17090v2_1_F,"Higher simulation temperatures (500K, 800K, 1000K) in iron under high shear strain lead to the formation of smaller and more numerous nanograins compared to lower temperatures (300K).",2023-09-01,,matteroffact,Refuted,,Supported,
2304.01314v2_8_F,Small-cell training for machine-learned interatomic potentials can only be effectively implemented within the moment tensor potential framework.,2023-04-01,,matteroffact,Refuted,,Refuted,
2303.11122v1_9_F,"In oxide spinels, the crystal field splitting divides the transition-metal d-orbitals at the octahedral B site into low-lying, doubly degenerate eg orbitals and high-lying triply degenerate t2g orbitals, with no further splitting due to structural distortions.",2023-03-01,,matteroffact,Refuted,,Refuted,
2202.12952v1_12_F,The variations in the phase diagrams of different cuprate compounds indicate that superconductivity in cuprates is primarily determined by material-specific factors such as the number of CuO2 layers and the nature of the charge reservoir layers.,2022-02-01,,matteroffact,Refuted,,Supported,
2205.01504v1_5_T,"The introduction of an anisotropy factor in J₂ plasticity models enables the simulation of heterogeneous deformation between grains, mimicking the differential hardening typically observed in crystal plasticity models.",2022-05-01,,matteroffact,Supported,,Supported,
2309.17090v2_1_T,"Higher simulation temperatures (500K, 800K, 1000K) in iron under high shear strain lead to the formation of larger and longer nanograins compared to lower temperatures (300K).",2023-09-01,,matteroffact,Supported,,Supported,
2204.07318v3_12_F,"The Direct Integral Approach requires solving the full 3N-dimensional configurational integral in the partition function without any simplification, making it computationally intractable for realistic materials.",2022-04-01,,matteroffact,Refuted,,Refuted,
2204.13789v2_2_F,"The $\ell_0\ell_2$-norm regularized cluster expansion predicts 8 spurious ground states in the Li-Mn-Ti-O phase diagram, while the $\ell_1$-norm regularized cluster expansion predicts 6 spurious ground states.",2022-04-01,,matteroffact,Refuted,,Supported,
2209.15522v1_7_F,The TWIP steel with composition Fe-16.4Mn-0.9C-0.5Si-0.05Nb-0.05V has a stacking fault energy of approximately 45 mJ/m².,2022-09-01,,matteroffact,Refuted,,Supported,
2303.02441v2_11_T,The ρ-CP framework predicts the strain rate-dependent yield stress of tantalum across a strain rate range spanning more than 10 orders of magnitude.,2023-03-01,,matteroffact,Supported,,Supported,
2303.09576v1_11_T,"In sample S1 with hcp-Mg₃Al precipitates, the chemical potential state is ΔμAl = -0.1 eV, ΔμMg = 0 eV, and ΔμCa = -0.7 eV",2023-03-01,,matteroffact,Supported,,Supported,
2306.10385v2_9_F,"The apparent height of AlF₃-induced blisters on the graphite surface reaches 1.5 nm according to DFT and MD calculations, which is consistently lower than experimental measurements due to limitations in the theoretical models.",2023-06-01,,matteroffact,Refuted,,Supported,
2303.10621v4_15_F,"In the scattering approximation of mode-coupling theory, the linewidth Γ_λ(ω) is proportional to the temperature squared and inversely proportional to the frequency of mode λ, without any dependence on the vertex or delta functions related to energy conservation.",2023-03-01,,matteroffact,Refuted,,Refuted,
2303.12924v1_12_T,The GPR model for γ'(L12) precipitate morphology in Co-based superalloys requires higher noise tolerance than the precipitate size model due to irregularities in some simulated equilibrium precipitate morphologies.,2023-03-01,,matteroffact,Supported,,Supported,
2303.09576v1_9_F,The formation energy of hcp-like planar defects in the C36 Laves phase at a chemical potential of ΔμAl = -0.026 eV is 7.8 meV/Å² (equivalent to 126 mJ/m²),2023-03-01,,matteroffact,Refuted,,Supported,
2306.13006v2_0_F,"In high-performing solar cells, nonradiative recombination significantly impacts voltage while having minimal effect on photocurrent, making it the primary limiting factor for photovoltaic efficiency.",2023-06-01,,matteroffact,Refuted,,Supported,
2303.11179v1_2_F,NaAlSi exhibits superconductivity at approximately 15 K with a conventional BCS pairing mechanism.,2023-03-01,,matteroffact,Refuted,,Refuted,
2211.14626v2_10_F,"Nb/Ru/Sr₂RuO₄ junctions show zero resistance only below 1.4 K, coinciding with the bulk superconducting transition temperature of Sr₂RuO₄.",2022-11-01,,matteroffact,Refuted,,Supported,
2301.00535v1_10_F,"For Cu oxides, r²SCAN without U correction shows a 30.5% error in calculated oxidation enthalpy compared to experiment, which is higher than SCAN's 25.7% error.",2023-01-01,,matteroffact,Refuted,,Supported,
2306.03096v2_0_F,"During lithium de-intercalation from LiCoO₂ to CoO₂, the material maintains a constant positive charge transfer regime with electrons being withdrawn primarily from cobalt d-orbitals without significant oxygen participation.",2023-06-01,,matteroffact,Refuted,,Refuted,
2304.04986v3_11_F,"DRXNet can produce unphysical predictions when tested on materials containing rare earth elements, such as lanthanum or cerium, due to their absence in the training data.",2023-04-01,,matteroffact,Refuted,,Supported,
2206.01072v1_9_F,"In Fe chains on Rh(111) surface, both nearest neighbor and next nearest neighbor isotropic exchange interactions are ferromagnetic, with the nearest neighbor coupling between edge atoms reaching values of approximately 1.2 mRy.",2022-06-01,,matteroffact,Refuted,,Supported,
2303.04621v2_0_F,Rank-one connections between energy wells for the dual of a Bravais lattice must be calculated independently and cannot be derived from the connections of the original lattice.,2023-03-01,,matteroffact,Refuted,,Refuted,
2212.06128v1_14_T,"The room temperature resistivity of Fe₁₋ₓCuₓSe initially decreases with increasing pressure up to 15 kbar, then reverses trend and increases at higher pressures.",2022-12-01,,matteroffact,Supported,,Supported,
2212.12020v2_13_F,"Hexagonal close-packed gold nanostructures form on germanium substrates with random crystallographic orientations, showing no preferred alignment between specific crystal planes.",2022-12-01,,matteroffact,Refuted,,Supported,
2309.04053v2_7_T,Carbon-carbon composites retain their mechanical properties up to approximately 2000°C in inert environments and have thermal conductivities between 4-35 W/mK.,2023-09-01,,matteroffact,Supported,,Supported,
2303.02540v1_6_F,Multi-component rare-earth disilicates can only form stable structures in phases where all component elements would naturally form stable structures as single-component disilicates.,2023-03-01,,matteroffact,Refuted,,Refuted,
2208.04687v1_6_T,"Co₂CrAl thin films exhibit soft ferromagnetic behavior with significant hysteresis at low temperatures, and show bifurcation between field-cooled and zero-field-cooled magnetization curves below approximately 100 K.",2022-08-01,,matteroffact,Supported,,Supported,
2206.11435v1_14_F,"Solid-state lithium-ion batteries offer advantages over conventional liquid electrolyte batteries including higher ionic conductivity, better interfacial stability, wider electrochemical windows, and superior mechanical properties.",2022-06-01,,matteroffact,Refuted,,Supported,
2203.07340v1_5_F,Platinum nanoparticles deposited on multiwalled carbon nanotubes using the layer-by-layer coating approach have diameters ranging from 10.0 to 20.0 nanometers,2022-03-01,,matteroffact,Refuted,,Supported,
2211.09853v1_0_F,The quaternary WTaCrV refractory amorphous high-entropy alloy maintains its amorphous structure up to a temperature of 1000K during thermal annealing.,2022-11-01,,matteroffact,Refuted,,Supported,
2304.07966v2_1_T,"Single-crystalline LuH₂₊ₓ films exhibit insulating behavior, in contrast to metallic LuH₂ powders and polycrystals",2023-04-01,,matteroffact,Supported,,Supported,
2303.02540v1_6_T,Multi-component rare-earth disilicates can stabilize in the β-phase even when some component elements would not naturally form stable β-phase structures as single-component disilicates.,2023-03-01,,matteroffact,Supported,,Supported,
2307.00878v1_0_F,"All superionic conductors in the Li₂S-P₂S₅ system (α-Li₃PS₄, β-Li₃PS₄, HT-Li₇PS₆, and Li₇P₃S₁₁) are thermodynamically stable at ambient temperature.",2023-07-01,,matteroffact,Refuted,,Refuted,
2306.10385v2_14_T,"Molecular dynamics simulations of AlF₃ intercalation in graphite were performed with molecular densities of 0.015 and 0.03 AlF₃/nm² per layer, chosen to match the apparent area of blisters observed in experimental STM images.",2023-06-01,,matteroffact,Supported,,Supported,
2209.15522v1_13_T,"Materials with larger stacking fault energy tend to produce thicker twins, as confirmed by computational work showing that residual dislocations on twin boundaries can completely stop twin thickening.",2022-09-01,,matteroffact,Supported,,Supported,
2204.05252v1_7_F,"Compressive strain of 5% enhances the soft character of the X₂₋ leading mode in rhombohedral HfO₂ by approximately 40 meV/f.u., while destabilizing the three-modes-coupled distortion by about 15 meV/f.u.",2022-04-01,,matteroffact,Refuted,,Supported,
2212.03990v2_15_T,The electrostatic potential drop across graphene-electrolyte interfaces ranges from -0.984 V to -1.09 V across different electrolyte types and concentrations.,2022-12-01,,matteroffact,Supported,,Supported,
2303.00846v1_0_T,The vortex structure in FeSe at low magnetic fields exhibits class-III hyperuniformity with an algebraic decay exponent α = 0.29 ± 0.04 in the structure factor as q approaches zero.,2023-03-01,,matteroffact,Supported,,Supported,
2308.07295v3_4_F,"When Cu replaces Pb in lead apatite, it maintains a six-fold coordination with oxygen atoms when doped at the Pb(1) site and a four-fold coordination when doped at the Pb(2) site after full structural relaxation.",2023-08-01,,matteroffact,Refuted,,Supported,
2209.09561v2_0_F,ERG carbon foam samples with 97% porosity exhibit significant non-Fourier heat conduction behavior during flash experiments.,2022-09-01,,matteroffact,Refuted,,Supported,
2212.10977v3_2_F,The average lattice parameter of Ti_x(HfNbTaZr)_(1-x)/4 alloys in the bcc phase increases from 3.252 Å to 3.436 Å as Ti content increases from x = 0 to x = 1.0,2022-12-01,,matteroffact,Refuted,,Supported,
2202.02908v1_15_T,Elastic anisotropy in polycrystalline materials creates heterogeneous stress distributions that significantly influence the nucleation and evolution of both twinning and slip deformation.,2022-02-01,,matteroffact,Supported,,Supported,
2303.11122v1_9_T,"In oxide spinels, the crystal field splitting divides the transition-metal d-orbitals at the octahedral B site into high-lying, doubly degenerate eg orbitals and low-lying triply degenerate t2g orbitals, with further splitting possible due to trigonal distortions.",2023-03-01,,matteroffact,Supported,,Supported,
2307.02870v1_3_T,Hierarchically structured electrodes thicker than 107 μm experience severe capacity loss at high discharge rates due to electrolyte depletion near the current collector,2023-07-01,,matteroffact,Supported,,Supported,
2302.12868v1_7_T,"In porous media, the slow longitudinal wave demonstrates more pronounced wave speed dispersion but smaller increase of attenuation with frequency than the fast longitudinal and shear waves in the low-frequency viscous regime below the viscous characteristic frequency.",2023-02-01,,matteroffact,Supported,,Supported,
2304.07966v2_0_T,Single-crystalline Lu films transform from silver-white to purple-red color when post-annealed in hydrogen atmosphere,2023-04-01,,matteroffact,Supported,,Supported,
2205.07726v2_9_T,"The Moss-Burstein effect occurs in La-doped BaSnO₃ films, where the apparent optical band gap increases as the absorption edge is pushed to higher energies due to the population of states near the conduction band minimum.",2022-05-01,,matteroffact,Supported,,Supported,
2301.11689v3_7_T,"The sentence-level relevancy classifier for band gap extraction achieves a precision of 0.95, a recall of 1.00, and an F1 score of 0.97 on the test set.",2023-01-01,,matteroffact,Supported,,Supported,
2206.14013v1_0_F,Short-period AlOx-Cu multi-layered nanocomposites display spectral reflectance that can be accurately predicted by averaging the optical properties of aluminum oxide and copper across all wavelength ranges.,2022-06-01,,matteroffact,Refuted,,Refuted,
2309.01755v1_8_F,"The conduction bands of Pb₁₀(PO₄)₆O₄ at the k_z=0 plane exhibit a wide band width of 500 meV, while the valence bands show a band width of approximately 300 meV.",2023-09-01,,matteroffact,Refuted,,Supported,
2305.05612v2_15_T,"The Burgers vectors of the basal-prismatic disconnections on the twin boundary in magnesium have magnitudes ranging between 0.150a and 0.350a, where a is the lattice constant.",2023-05-01,,matteroffact,Supported,,Supported,
2301.05024v1_13_F,"The error in the corrected impedance measurement for a Voigt circuit with relaxation time θ decreases linearly with the measurement time T, with an upper bound proportional to 1/T.",2023-01-01,,matteroffact,Refuted,,Supported,
2305.11961v1_16_F,"The 4D Camera relies exclusively on proprietary, closed-source software that cannot be modified by users",2023-05-01,,matteroffact,Refuted,,Refuted,
2203.09600v1_3_F,"During interband transitions in ITO, the increased free carrier density always dominates over any changes in effective mass, consistently resulting in a blue shift of the ENZ resonance.",2022-03-01,,matteroffact,Refuted,,Refuted,
2303.07504v1_6_F,"In the Mg-Al-Ca system, the chemical potential of the nucleation barrier for the bulk Al2Ca-C15 Laves phase is -0.35 eV, which is lower than the equilibrium chemical potential of -0.30 eV.",2023-03-01,,matteroffact,Refuted,,Refuted,
2202.00542v3_16_F,Bond dissociation in heterogeneous catalysis can be accurately described without accounting for changes in electron correlation energy during the reaction process,2022-02-01,,matteroffact,Refuted,,Refuted,
2304.02586v1_9_F,"The electronic nematic order in Sr₂RuO₄ is unrelated to the Fermi liquid crossover observed at approximately 40 K, as they arise from separate physical mechanisms.",2023-04-01,,matteroffact,Refuted,,Refuted,
2210.15666v1_10_F,Global nucleation of subgrains leads to approximately 15% smaller average recrystallized grain size compared to local nucleation strategies during continuous dynamic recrystallization.,2022-10-01,,matteroffact,Refuted,,Refuted,
2307.13990v1_5_T,"The pairing anisotropy in the Al/Au heterostructure disappears at a critical momentum of 0.368 Å^-1, where the induced intra- and inter-orbital pairing becomes a purely pseudo-spin-singlet state.",2023-07-01,,matteroffact,Supported,,Supported,
2301.06756v1_15_F,The superconducting critical temperature in metallic helium steadily increases throughout the entire pressure range from metallization to 100 terapascals.,2023-01-01,,matteroffact,Refuted,,Refuted,
2309.14678v2_1_T,"The activation energy for vacancy migration in K β″ alumina is approximately 20 meV, which is exceptionally low for an ionic conductor.",2023-09-01,,matteroffact,Supported,,Supported,
2303.00742v2_4_T,The proximity of superconductivity to isospin phase boundaries observed in graphene allotropes is likely coincidental rather than causally related.,2023-03-01,,matteroffact,Supported,,Refuted,
2301.06756v1_8_F,Superconductivity in metallic helium is driven by electronic correlations without significant contribution from electron-phonon coupling.,2023-01-01,,matteroffact,Refuted,,Refuted,
2309.14678v2_4_T,"The calculated migration barriers for Na β and β″ aluminas are lower than the experimental activation energies for ionic conduction, suggesting potential for optimization of these materials.",2023-09-01,,matteroffact,Supported,,Supported,
2212.06128v1_0_F,The high-pressure superconducting phase of FeSe is completely suppressed by the presence of Cu impurities in the Fe plane.,2022-12-01,,matteroffact,Refuted,,Refuted,
2302.12868v1_4_T,"At low frequencies where the wavelength is substantially larger than the sample thickness, the transmission coefficient through a thin solid layer approaches unity, indicating nearly complete energy transmission regardless of incident angle.",2023-02-01,,matteroffact,Supported,,Supported,
2305.01101v2_4_T,"Language-based material recommendation frameworks can identify under-explored material spaces with potential for high thermoelectric performance, including halide perovskites, delafossite-like, and spinel-like structures.",2023-05-01,,matteroffact,Supported,,Supported,
2304.13257v3_4_T,"Among three different qubit geometries tested with tantalum-capped niobium, Geometry B yields the highest T1 relaxation times with a median value of 324 microseconds and maximum measurements exceeding 550 microseconds.",2023-04-01,,matteroffact,Supported,,Supported,
2308.03418v1_9_F,"Proton transport between TMDC layers follows completely different pathways and mechanisms compared to hydrogen atom transport, with substantially lower energy barriers",2023-08-01,,matteroffact,Refuted,,Supported,
2303.00846v1_16_F,"Magnetic decoration reveals individual vortex positions by measuring the local magnetic field using a scanning SQUID microscope, allowing imaging of hundreds of vortices in small fields of view.",2023-03-01,,matteroffact,Refuted,,Supported,
2202.12952v1_8_F,"The pseudogap temperature T* is proportional to the magnetic exchange energy J, while the critical temperature Tc is proportional to the Fermi energy EF in cuprate superconductors.",2022-02-01,,matteroffact,Refuted,,Supported,
2304.01314v2_16_F,"In the Zr-H system, the δ hydride phase is always significantly more stable than the γ phase under all conditions and hydrogen concentrations.",2023-04-01,,matteroffact,Refuted,,Refuted,
2306.10385v2_13_T,"The deposition rate of AlF₃ molecules on graphite was varied between 6×10⁻³ and 2×10⁻² monolayers per second, with total coverage ranging from 0.8 to 3.5 monolayers across different experiments.",2023-06-01,,matteroffact,Supported,,Supported,
2208.08336v1_15_T,The maximally smeared potential in the studied one-dimensional superconducting chain corresponds to a smearing parameter value of approximately a ≈ 25×10^-7.,2022-08-01,,matteroffact,Supported,,Supported,
2304.08446v4_5_T,"All 25 candidate superconductors generated by CDVAE and verified with DFT had negative formation energies, with values ranging from -0.07 eV/atom to -3.43 eV/atom.",2023-04-01,,matteroffact,Supported,,Refuted,
2206.01063v2_6_F,"The self-consistency condition for the singlet order parameter in the mean-field resonating valence bond model is |Δ| = 2/π² - (1/4N)⟨∑|cos(k_xa) + cos(k_ya)|γᵏ_k,s γ_k,s⟩",2022-06-01,,matteroffact,Refuted,,Supported,
2303.07504v1_11_T,"Nb-rich Fe-Nb alloys with 35 at.% Nb show a significantly higher density of planar defects compared to stoichiometric alloys with 33 at.% Nb, which primarily contain isolated dislocations.",2023-03-01,,matteroffact,Supported,,Supported,
2301.11689v3_16_T,"Sentence-level extraction in BERT-PSIE can lead to ambiguity when similar syntactic structures are used to describe different properties, such as confusing magnetic Curie temperatures with paraelectric-ferroelectric transitions.",2023-01-01,,matteroffact,Supported,,Supported,
2206.02683v1_13_T,"Aging in amorphous materials induces a phase separation in the disorder landscape, breaking it into three distinct regions: one centered around the initial glass phase, and two additional regions at positive and negative plastic strains",2022-06-01,,matteroffact,Supported,,Supported,
2309.05880v3_15_T,The presence of time-reversal-symmetry-broken topological superconductivity in RhGe can be verified through magnetic optical Kerr and μ-SR experiments.,2023-09-01,,matteroffact,Supported,,Supported,
2303.00846v1_8_T,"The hyperuniformity class of vortex matter can be tailored by selecting superconducting materials with different magneto-elastic coupling strengths, with materials having dTc/dP values in the range of 0-5 K/GPa expected to maintain class-II hyperuniformity.",2023-03-01,,matteroffact,Supported,,Supported,
2212.02899v1_12_F,"Electronic correlations play a dominant role in LaRh₃B₂, comparable to or stronger than in AV₃Sb₅ materials, due to the significant contribution of strongly correlated orbitals to the electronic structure near the Fermi level.",2022-12-01,,matteroffact,Refuted,,Supported,
2302.12868v1_16_F,"The stiffness matrix method and the transfer matrix method are completely unrelated mathematical approaches with no common formulation, and both methods exhibit identical numerical stability characteristics for all layer types.",2023-02-01,,matteroffact,Refuted,,Refuted,
2303.01108v1_4_F,"The coercivity and remanence in La₀.₅Sr₀.₅Co₁₋ₓNbₓO₃ increase with increasing Nb concentration, with coercivity values of 2.2, 3.2, and 3.8 kOe and remanence values of 31, 80, and 86 emu/mole for x=0.125, 0.15, and 0.25 samples, respectively.",2023-03-01,,matteroffact,Refuted,,Supported,
2303.07504v1_1_T,The chemical potential of solute species serves as a key parameter to understand and quantify the competition between bulk precipitate formation and solute-rich defect phase formation.,2023-03-01,,matteroffact,Supported,,Supported,
2308.04594v2_15_F,Cerium substitution consistently increases the unit cell volume regardless of whether it replaces strontium or iron in the hexaferrite structure due to the larger atomic size of cerium.,2023-08-01,,matteroffact,Refuted,,Supported,
2306.10385v2_9_T,"The apparent height of AlF₃-induced blisters on the graphite surface reaches 0.22 nm according to DFT and MD calculations, though experimental measurements may show higher values due to innermost clusters pushing upward and potential overestimation during STM acquisition.",2023-06-01,,matteroffact,Supported,,Supported,
2308.05532v1_7_T,"In heterogeneous materials exhibiting non-Fourier heat conduction, a Fourier resonance phenomenon occurs where the Fourier thermal diffusivity approximates the average of the Guyer-Krumhansl thermal diffusivity and the ratio of spatial scale parameter to heat flux relaxation time.",2023-08-01,,matteroffact,Supported,,Supported,
2304.02586v1_4_F,"The critical temperature for spontaneous electronic nematic order in Sr₂RuO₄ is approximately 150 K, as determined by fitting the optical dichroism data to an Ising model.",2023-04-01,,matteroffact,Refuted,,Supported,
2304.13336v2_7_F,Liquid metal embrittlement in the Fe-Zn system is an inevitable consequence of zinc coating and cannot be mitigated through alloy design or processing strategies.,2023-04-01,,matteroffact,Refuted,,Refuted,
2301.05024v1_15_F,"The corrected impedance measurement can be calculated as Z_exp(ω) = (Z₀(ω;T₂) + Z₀(ω;T₁))/2, where Z₀(ω;T) is the raw impedance measurement over time T.",2023-01-01,,matteroffact,Refuted,,Supported,
2212.06128v1_9_F,The superconducting transition width in Fe₁₋ₓCuₓSe decreases by a factor of 2 at pressures above 10 kbar compared to its value at lower pressures.,2022-12-01,,matteroffact,Refuted,,Supported,
2208.10980v2_13_F,Swarms of laser-propelled nanosatellites are limited to Earth orbit applications and cannot be effectively used for planetary exploration or deep space missions.,2022-08-01,,matteroffact,Refuted,,Refuted,
2308.07295v3_0_F,"Cu-doped lead apatite (Pb₁₀(PO₄)₆O) becomes metallic with delocalized Cu d-electrons that form conducting bands crossing the Fermi level, even in standard density functional theory calculations.",2023-08-01,,matteroffact,Refuted,,Supported,
2305.11008v1_5_F,"A single ultrashort laser pulse with 90 nJ energy can heat a 40 nm MoS₂ film to approximately 3000 K, which exceeds the melting temperature of MoS₂ (2600 K).",2023-05-01,,matteroffact,Refuted,,Supported,
2309.14678v2_2_F,"Vacancy migration energies in Mg-stabilized β″ aluminas are similar for all alkali metals: 0.30 eV for Li, 0.28 eV for Na, and 0.25 eV for K.",2023-09-01,,matteroffact,Refuted,,Refuted,
2309.07046v1_12_F,"The magnetic ground state of MgCrB₄ is the <FFF> configuration (ferromagnetic dimers forming ferromagnetic ladders with ferromagnetic inter-ladder coupling), with an energy approximately 50 meV lower than any antiferromagnetic configuration.",2023-09-01,,matteroffact,Refuted,,Supported,
2309.05880v3_8_T,"RhGe forms a B20-type chiral cubic lattice with space group P2_13, which lacks inversion symmetry and supports unconventional Kramers-Weyl fermions.",2023-09-01,,matteroffact,Supported,,Supported,
2306.02233v1_5_T,"Rocksaline MgWN2 is the only thermodynamically stable ternary compound in the Mg-W-N system, while all polymorphs of Mg3WN4 are slightly metastable",2023-06-01,,matteroffact,Supported,,Refuted,
2304.01314v2_3_F,The machine-learned interatomic potential trained with the small-cell approach predicts the δ-γ phase transition temperature in the Zr-H system to be approximately 50 K higher than the temperature predicted by density functional theory calculations.,2023-04-01,,matteroffact,Refuted,,Supported,
2211.15972v1_5_F,Nitrogen substitution at the I1 site in CrI3 has a formation energy range of approximately 0.5 to 1.0 eV across accessible host element chemical potentials,2022-11-01,,matteroffact,Refuted,,Supported,
2204.05252v1_7_T,"Compressive strain of 5% weakens the soft character of the X₂₋ leading mode in rhombohedral HfO₂ by approximately 30 meV/f.u., while stabilizing the three-modes-coupled distortion by about 27 meV/f.u.",2022-04-01,,matteroffact,Supported,,Supported,
2309.05880v3_2_F,The fully relaxed lattice parameter of RhGe is 5.23 Å with internal parameters of u_Rh = 0.212 and u_Ge = 0.765.,2023-09-01,,matteroffact,Refuted,,Supported,
2309.07046v1_5_F,"The electronic density of states in α-ATB₄ compounds shows significant reconstruction when changing the transition metal element, with each composition exhibiting a unique electronic structure that cannot be derived from other compositions by simple Fermi level shifts.",2023-09-01,,matteroffact,Refuted,,Supported,
2302.03362v2_0_F,The convolutional neural network using boolean images of Nyquist representations is the best-performing approach for classifying equivalent circuit models from electrochemical impedance spectra.,2023-02-01,,matteroffact,Refuted,,Refuted,
2308.00800v1_4_F,"The elastic properties (Young's modulus and Poisson's ratio) of AA2024-T351 aluminum sheets show significant dependence on the orientation relative to the rolling direction, with values varying by more than 20% between different orientations.",2023-08-01,,matteroffact,Refuted,,Supported,
2305.04262v3_5_T,"FIB-induced defects in patterned Nb films create enhanced vortex pinning centers in the weak-link region, which play a crucial role in the field-induced weak-to-strong-link transformation by reducing energy dissipation from flux line movement",2023-05-01,,matteroffact,Supported,,Supported,
2308.04594v2_5_T,Cerium substitution in strontium hexaferrite enhances optical anisotropy between light polarization in parallel and perpendicular directions due to the presence of 4f electrons.,2023-08-01,,matteroffact,Supported,,Supported,
2210.06735v1_14_F,"During charging, the Al-MoS₂@rGO electrode undergoes an irreversible phase transformation from MoS₂ to MoO₃, corresponding to the anodic peak at 1.8V in cyclic voltammetry.",2022-10-01,,matteroffact,Refuted,,Supported,
2301.06756v1_0_T,"Solid helium becomes an excitonic insulator before metallization, where electrons and holes spontaneously form bound pairs called excitons.",2023-01-01,,matteroffact,Supported,,Supported,
2305.05612v2_12_F,"The equilibrium excess surface energies of coherent twin boundaries (CTB), basal-prismatic/prismatic-basal boundaries (PB), and I₁ stacking faults (SF) in magnesium are 100, 100, and 50 mJ/m² respectively.",2023-05-01,,matteroffact,Refuted,,Supported,
2303.07504v1_14_F,"Ca columns in C15-like planar defects in Mg-Al-Ca alloys are highly resistant to electron beam damage, maintaining their bright contrast even after prolonged imaging.",2023-03-01,,matteroffact,Refuted,,Supported,
2309.01755v1_4_T,"Pb₁₀(PO₄)₆O₄ hosts a 2D nodal surface on the k_z=π plane, protected by the combination of twofold screw-rotational symmetry and time-reversal symmetry.",2023-09-01,,matteroffact,Supported,,Supported,
2303.09576v1_10_T,"The C36 Laves phase in the CaMgₓAl₂₋ₓ system becomes thermodynamically stable at 773K due to configurational entropy contributions, while it is unstable at 0K",2023-03-01,,matteroffact,Supported,,Supported,
2304.02586v1_12_F,"After optical pumping, the nematic electron temperature in Sr₂RuO₄ rises to approximately 90% of the maximum calculated increase over a timescale of about 0.1 picoseconds.",2023-04-01,,matteroffact,Refuted,,Supported,
2205.05514v2_16_T,The thin plate spline transformation function effectively corrects distortions in EBSD maps by modeling the deformation as a plate of infinite extent bending under point loads at control points,2022-05-01,,matteroffact,Supported,,Supported,
2202.12952v1_6_F,"The critical doping value where the characteristic temperature of magnetic correlations extrapolates to zero is approximately 0.25, which corresponds to the compact pairon lattice.",2022-02-01,,matteroffact,Refuted,,Supported,
2304.07326v2_10_F,"The reflectivity minimum of pure LuH2 occurs at 550 nm at ambient conditions, while in hydrogen-deficient LuH1.875 it occurs at a longer wavelength of 650 nm.",2023-04-01,,matteroffact,Refuted,,Supported,
2203.14301v1_2_T,2D electron gas with C₃ᵥ symmetry can exhibit nearly half-quantized anomalous Hall conductance when the chemical potential is at the middle of the gap opened by in-plane magnetic field,2022-03-01,,matteroffact,Supported,,Supported,
2307.13649v1_16_T,"Silver-doped copper oxide thin films annealed at 250°C exhibit a dramatic decrease in resistance with temperature, dropping from 203 MΩ at room temperature to 23.1 MΩ at 100°C",2023-07-01,,matteroffact,Supported,,Supported,
2208.04658v1_13_F,XANES and EXAFS analyses of as-grown SrFe₁₂O₁₉ films show that iron and strontium exist in a well-ordered strontium hexaferrite structure with reduced crystallite size compared to the annealed film.,2022-08-01,,matteroffact,Refuted,,Supported,
2208.10980v2_11_T,A nanosatellite at a distance of 2 astronomical units from Earth can achieve a data transmission rate of at least 3 kbps using an X-band antenna with 30 cm diameter and 2 W transmitting power to communicate with a 70-meter Deep Space Network receiver.,2022-08-01,,matteroffact,Supported,,Supported,
2212.09357v1_0_F,The nonlinear acoustic parameter measured by Second Harmonic Generation can only detect large-scale fractures and cannot identify different zones of plastic deformation in centimeter-size aluminum pieces,2022-12-01,,matteroffact,Refuted,,Refuted,
2204.07318v3_13_F,"Previous methods for studying phase transitions in materials under extreme conditions accurately accounted for thermal effects, producing theoretical predictions that consistently matched experimental measurements.",2022-04-01,,matteroffact,Refuted,,Refuted,
2301.00535v1_10_T,"For Cu oxides, r²SCAN without U correction shows a 13.1% error in calculated oxidation enthalpy compared to experiment, which is lower than SCAN's 25.7% error.",2023-01-01,,matteroffact,Supported,,Supported,
2302.12868v1_11_T,"The stiffness matrix method offers advantages over existing methods through its unconditional computational stability, simpler expressions for boundary conditions, and ability to model complex multilayered structures with different material types.",2023-02-01,,matteroffact,Supported,,Supported,
2306.04157v1_2_T,Cerium doping in PrNiO3 lowers the electronic transition temperature from 128K in the undoped compound to 116K in the Ce-doped material.,2023-06-01,,matteroffact,Supported,,Supported,
2308.04043v3_13_F,"DFT+U provides a more accurate description of the electronic properties of V₂O₅ and Li-doped V₂O₅ than DFT+DMFT, simultaneously reproducing experimental values of band gap, conduction band gap, and d-electron count, while correctly predicting both types of polarons observed experimentally.",2023-08-01,,matteroffact,Refuted,,Refuted,
2306.13006v2_2_F,"Solar cells can achieve voltage deficits below 0.1 V through improved material quality and interface engineering, as electrostatic screening effects pose no fundamental lower limit.",2023-06-01,,matteroffact,Refuted,,Supported,
2211.08305v1_2_T,The grain aspect ratio is the primary microstructural feature responsible for the anisotropic fatigue performance observed in SLM fabricated Hastelloy-X built in different directions.,2022-11-01,,matteroffact,Supported,,Supported,
2307.00878v1_11_T,Superionic Li₃PS₄ polymorphs (α and β) exhibit distinctly greater density of low-frequency sulfur vibrational modes and more equal contributions of Li and S modes at 5-8 THz compared to the poorly conducting γ polymorph.,2023-07-01,,matteroffact,Supported,,Supported,
2303.11122v1_12_T,"Rh3+ containing spinel oxides can be synthesized as pure end-member compounds like MgRh2O4 or in solid solutions, while Ir3+ oxide compounds are rare because relativistic effects make iridium more stable in oxidation states ≥ 4+.",2023-03-01,,matteroffact,Supported,,Supported,
2206.01072v1_10_F,"In 7-atom Fe chains with hcp stacking on Rh(111) surface, the metastable state with polar vector symmetry is 5.7 meV lower in energy than the ground state with axial vector symmetry.",2022-06-01,,matteroffact,Refuted,,Supported,
2209.06065v1_17_F,The dynamics of a mobile particle in a one-dimensional crystal model are only relevant to theoretical physics and have no applications to any experimental systems or real materials.,2022-09-01,,matteroffact,Refuted,,Refuted,
2308.00800v1_15_T,"The phase-field fatigue model for aluminum sheets uses a simplified cyclic plasticity model based on the Local Strain Approach, which may not fully capture the effects of the plastic zone on crack closure and growth rate, particularly at higher stress intensity ranges.",2023-08-01,,matteroffact,Supported,,Supported,
2306.12034v1_15_T,"The amorphous bismuth cap observed at the tip of NiBi₃ nanowires forms because bismuth clusters in the initial stages of film growth act as nucleation sites for NiBi₃ crystallization, with the evaporation flux being captured by these quasi-liquid bismuth regions.",2023-06-01,,matteroffact,Supported,,Supported,
2206.01063v2_12_F,"The canonical transformation in the mean-field resonating valence bond model continuously varies with interaction strength and temperature, similar to BCS theory",2022-06-01,,matteroffact,Refuted,,Supported,
2203.08413v3_15_F,"In superconductor-magnetic insulator bilayers, the critical magnetic field at which superconductivity is destroyed (Clogston limit) decreases with increasing spin-orbit coupling.",2022-03-01,,matteroffact,Refuted,,Supported,
2306.10385v2_5_F,"The internal pressure of AlF₃-induced blisters in graphite increases with increasing cluster size, with calculated values of 2.0, 4.5, and 7.0 GPa for blisters containing one, two, and three AlF₃ molecules, respectively.",2023-06-01,,matteroffact,Refuted,,Supported,
2308.04594v2_1_T,"Full cerium substitution in strontium hexaferrite increases the magnetocrystalline anisotropy constant (K₁) by more than 20 times, from 0.35 MJ/m³ to approximately 8.14 MJ/m³ (with Ueff=3 eV for Ce).",2023-08-01,,matteroffact,Supported,,Refuted,
2211.05713v2_14_F,The sublattice phase transition and temperature-dependent change in concerted ion hopping observed in LGPS is unique to this material and does not occur in other solid electrolytes such as Li7La3Zr2O12 (LLZO) and Li1.3Al0.3Ti1.7(PO4)3 (LATP).,2022-11-01,,matteroffact,Refuted,,Refuted,
2212.09357v1_8_F,X-Ray Diffraction (XRD) provides more accurate measurements of plastic deformation in aluminum samples than Second Harmonic Generation (SHG),2022-12-01,,matteroffact,Refuted,,Refuted,
2307.04750v1_12_T,"The electronic structure of CsTi₃Bi₅ was calculated using density functional theory with a plane-wave cutoff energy of 300 eV, PBE exchange-correlation functional, and a k-mesh of 12×12×6, with the Fermi surface computed on a finer mesh of 300×300×100.",2023-07-01,,matteroffact,Supported,,Supported,
2204.07318v3_7_T,"The Direct Integral Approach enables efficient and accurate calculation of partition functions with ab initio precision, allowing for reliable determination of phase transitions in materials under extreme conditions.",2022-04-01,,matteroffact,Supported,,Supported,
2208.04658v1_14_F,SrFe₁₂O₁₉ films can be deposited by RF magnetron sputtering only at elevated substrate temperatures of at least 400°C using a working pressure of 5 × 10⁻² mbar of pure argon and a sputtering power of 150 W.,2022-08-01,,matteroffact,Refuted,,Refuted,
2210.10242v2_13_F,"The band gap of MgH₂ calculated using the generalized gradient approximation (GGA) is 5.2 eV, which is a direct gap.",2022-10-01,,matteroffact,Refuted,,Refuted,
2306.10385v2_8_F,"AlF₃ intercalation in graphite strictly follows the Rüdorff-Hoffman model with sequential filling of alternating layers and uniform staging throughout the material, transitioning completely from stage IV to stage III as molecular density increases.",2023-06-01,,matteroffact,Refuted,,Refuted,
2210.03397v3_10_T,T-phase precipitates stabilize the ultra-fine grained structure of the AlMgZnCuAg crossover alloy by pinning grain boundaries,2022-10-01,,matteroffact,Supported,,Supported,
2308.05532v1_15_T,"The measured effective thermal conductivity values for AlSi7Mg matrix syntactic foams with different reinforcing particles range from 2.02 to 7.82 W/mK, which is approximately an order of magnitude lower than values predicted by standard estimation methods.",2023-08-01,,matteroffact,Supported,,Supported,
2302.04385v2_1_T,The flash/quench technique increases the magnetic susceptibility of Pr₂CuO₄ by nearly a factor of two at low temperatures in both parallel and perpendicular directions to the c-axis.,2023-02-01,,matteroffact,Supported,,Supported,
2303.00185v1_4_F,"In F/S junctions, the out-of-plane MAAR amplitude is limited to a maximum of 50% regardless of interfacial parameters due to fundamental constraints on Andreev reflection processes.",2023-03-01,,matteroffact,Refuted,,Refuted,
2205.05157v1_16_F,"For optimal electro-optic coefficient determination results, fixed incident angle values of exactly 30°, 45°, and 60° must be used for all materials.",2022-05-01,,matteroffact,Refuted,,Refuted,
2304.03740v1_1_T,"Laser rapid solidification produces Al-Si eutectic structures with Si fibers having an average radius of 22.5 nm and spacing of 91.0 nm, which is approximately 24 times finer than impurity-modified structures with 550 nm radius and 2 μm spacing.",2023-04-01,,matteroffact,Supported,,Supported,
2304.13257v3_4_F,"Among three different qubit geometries tested with tantalum-capped niobium, Geometry A yields the highest T1 relaxation times with a median value of 324 microseconds and maximum measurements exceeding 550 microseconds.",2023-04-01,,matteroffact,Refuted,,Supported,
2209.05554v2_14_F,The ALIGNN-FF model uses a simple feed-forward neural network architecture with hand-crafted descriptors to represent atomic environments,2022-09-01,,matteroffact,Refuted,,Refuted,
2303.11178v1_4_F,SnTaS₂ is a conventional semimetal without any topological features in its electronic structure.,2023-03-01,,matteroffact,Refuted,,Refuted,
2307.13990v1_15_T,The mixed singlet-triplet character of proximity-induced pairing in the Al/Au heterostructure originates from the interplay between Rashba surface states and band hybridization.,2023-07-01,,matteroffact,Supported,,Supported,
2301.05024v1_15_T,"The corrected impedance measurement can be calculated as Z_exp(ω) = (T₂Z₀(ω;T₂) - T₁Z₀(ω;T₁))/(T₂-T₁), where Z₀(ω;T) is the raw impedance measurement over time T.",2023-01-01,,matteroffact,Supported,,Supported,
2304.08446v4_9_T,"The CDVAE model generated structures with greater chemical diversity than the training dataset, including materials with more atomic species per formula unit and different stoichiometric ratios.",2023-04-01,,matteroffact,Supported,,Supported,
2202.12952v1_10_F,"The condensation energy in cuprate superconductors is primarily derived from electron-phonon coupling, similar to conventional BCS superconductors.",2022-02-01,,matteroffact,Refuted,,Refuted,
2301.11626v1_3_T,Extensive voltage cycling increases the voltage-induced change in RKKY coupling from approximately 1 mT initially to around 3 mT after 2000 cycles.,2023-01-01,,matteroffact,Supported,,Supported,
2203.04149v2_3_F,"Ultrasonic resonance shows that state of charge variations are uniform across all layers within lithium-ion batteries, with surface and deeper layers exhibiting identical time-of-flight changes during cycling.",2022-03-01,,matteroffact,Refuted,,Refuted,
2301.01139v1_9_F,"The lanthanum superhydride LaH10 exhibits superconductivity with critical temperatures below 200 K at all pressures, far from room temperature.",2023-01-01,,matteroffact,Refuted,,Refuted,
2203.04149v2_7_F,"Conventional electrical methods for battery state estimation provide direct, accurate measurements without model dependencies, while X-ray techniques are widely deployed due to their low cost and absence of radiation concerns.",2022-03-01,,matteroffact,Refuted,,Refuted,
2211.13164v1_3_T,"Narrower quasi-1D diffusion channels in NaCr₂O₄ enhance Na-ion mobility compared to wider channels in Ca-doped variants, contrary to the behavior observed in Li-ion battery materials.",2022-11-01,,matteroffact,Supported,,Supported,
2305.04262v3_2_T,"The discontinuity lines in the magnetic flux distribution of FIB-patterned Nb films move toward the weak-link as the applied magnetic field is reduced from full penetration, creating a flux distribution similar to that of a pristine film at specific field values",2023-05-01,,matteroffact,Supported,,Supported,
2302.14231v2_4_F,The activation energy for Li diffusion in stoichiometric garnet Li3La3Te2O12 decreases from more than 1 eV to approximately 500 meV when a small amount of excess lithium is added.,2023-02-01,,matteroffact,Refuted,,Supported,
2203.10204v2_5_T,"The self-supervised approach identifies multiple transition regimes in physical vapor deposition, including transitions between vertical-oriented, intermediate, horizontal-oriented, and multimodal microstructural patterns as the normalized deposition rate increases",2022-03-01,,matteroffact,Supported,,Supported,
2204.07318v3_10_F,"Thermal effects have negligible impact on the phase stability of aluminum under high pressure at room temperature, with transition pressures nearly identical to those calculated at zero Kelvin.",2022-04-01,,matteroffact,Refuted,,Refuted,
2209.06065v1_15_T,"In a one-dimensional crystal model, the energy dissipation of a mobile particle is proportional to the square of the interaction potential amplitude, with stronger interactions resulting in faster dissipation rates.",2022-09-01,,matteroffact,Supported,,Refuted,
2203.07340v1_4_T,The pull-out force of platinum-coated carbon nanotubes from a magnesium matrix (0.727 eV/Å) is approximately five times greater than the pull-out force of uncoated carbon nanotubes (0.175 eV/Å),2022-03-01,,matteroffact,Supported,,Supported,
2304.07326v2_0_F,Lutetium dihydride (LuH2) exhibits a green color at ambient conditions due to its reflectivity profile having a maximum in the green part of the visible spectrum.,2023-04-01,,matteroffact,Refuted,,Refuted,
2202.01918v2_11_F,"Phase transformation in GST-225 is a purely thermal process that depends solely on heating the material above its melting or glass transition temperature, with charge carriers playing no significant role in the structural changes that occur during phase transitions.",2022-02-01,,matteroffact,Refuted,,Refuted,
2301.11689v3_15_F,"Rule-based and rule-free extraction methods have redundant strengths, as evidenced by the extensive overlap between BERT-PSIE and ChemDataExtractor databases and the degraded performance when combining them.",2023-01-01,,matteroffact,Refuted,,Supported,
2208.07823v1_10_T,"First principles calculations indicate that the P-3m1 structure of Na2ZrCl6 is thermodynamically stable, while the P21/n structure is metastable and resides 17 meV atom-1 above the convex hull.",2022-08-01,,matteroffact,Supported,,Supported,
2304.03740v1_14_T,The ultrafine and highly interconnected silicon fiber network in quench-modified Al-Si eutectic is expected to enhance mechanical properties such as strength and ductility compared to conventional eutectic structures with coarse silicon flakes.,2023-04-01,,matteroffact,Supported,,Supported,
2212.02899v1_10_F,"Superconductivity in LaRh₃B₂ is unconventional and primarily driven by electronic correlations rather than phonons, as evidenced by significant discrepancies between the experimentally observed critical temperature and theoretical predictions based on electron-phonon coupling.",2022-12-01,,matteroffact,Refuted,,Supported,
2208.08336v1_3_F,The symmetric localization of Majorana bound states from both sides of a one-dimensional superconducting chain is maintained even with a half-smeared potential.,2022-08-01,,matteroffact,Refuted,,Supported,
2306.03096v2_9_T,"The Co 2p XPS spectra of both LiCoO₂ and CoO₂ show a main line and satellite peak structure, with the satellite peak primarily originating from the d⁶ electronic configuration.",2023-06-01,,matteroffact,Supported,,Supported,
2306.03096v2_14_F,"LiCoO₂ is best classified as a negative charge transfer insulator rather than a mixed-valence material, based on the dominant role of oxygen 2p states in the valence band.",2023-06-01,,matteroffact,Refuted,,Refuted,
2303.02441v2_5_F,The ρ-CP framework predicts that temperature has no effect on the yield stress of body centered cubic (bcc) tantalum.,2023-03-01,,matteroffact,Refuted,,Refuted,
2303.02441v2_8_F,"In the ρ-CP framework simulations of tantalum, the average mobile dislocation density increases to approximately 5-10 times higher than the average immobile dislocation density during plastic deformation.",2023-03-01,,matteroffact,Refuted,,Supported,
2207.07439v2_3_T,"In 3D discrete dislocation dynamics simulations of aluminum single crystals, avalanche shapes transition from highly asymmetric (a ≈ 1.1) at low strain rates (1000 s^-1) to nearly symmetric (a ≈ 0.02) at high strain rates (100,000 s^-1)",2022-07-01,,matteroffact,Supported,,Supported,
2303.10621v4_13_F,Nuclear quantum effects can only be accurately captured using path-integral molecular dynamics simulations and cannot be approximated using classical molecular dynamics with any modification of the Green's functions.,2023-03-01,,matteroffact,Refuted,,Refuted,
2212.09357v1_5_F,"In aluminum samples subjected to three-point bending tests, plastic deformation is uniformly distributed throughout the sample with no significant variation between different regions",2022-12-01,,matteroffact,Refuted,,Refuted,
2307.02870v1_13_T,NMC111 electrodes with smaller secondary particles (3.6 μm radius) and primary particles (0.072 μm radius) deliver approximately 20% higher specific capacity at 5C discharge rate compared to electrodes with larger secondary particles (4.8 μm radius) and primary particles (0.156 μm radius),2023-07-01,,matteroffact,Supported,,Supported,
2308.01135v4_11_F,Including a Hubbard-like term U = 2.0 eV in the DFT calculations of LK-99 with stacking A results in the non-magnetic state being 0.05 eV per formula unit lower in energy than the ferromagnetic state.,2023-08-01,,matteroffact,Refuted,,Supported,
2211.13164v1_2_T,"In Na_xCa_{1-x}Cr_2O_4, Ca doping reduces the pre-exponential factor in the Arrhenius equation without significantly changing the activation energy for Na-ion diffusion.",2022-11-01,,matteroffact,Supported,,Supported,
2307.06904v3_1_F,"Spin-orbit coupling is strong in LaVO3/KTaO3 heterostructures, significantly affecting the bands involved in transport at the interface.",2023-07-01,,matteroffact,Refuted,,Supported,
2308.16621v1_0_T,Over 80% of consolidation data reported in metal additive manufacturing literature is above 95% consolidation value,2023-08-01,,matteroffact,Supported,,Refuted,
2305.10582v2_4_F,The shear modulus of Cu₆Sn₅ intermetallic compound varies directionally with values ranging from 10 GPa to 40 GPa,2023-05-01,,matteroffact,Refuted,,Refuted,
2303.02441v2_10_T,The ρ-CP framework accurately predicts the temperature-dependent yield stress of tantalum across a temperature range from 22 K to 791 K.,2023-03-01,,matteroffact,Supported,,Supported,
2306.10385v2_2_T,"The density of blisters on the graphite surface increases monotonically with increasing AlF₃ dose, while the average apparent area of individual blisters increases significantly at low doses (0.8 to 1.2 ML) and then plateaus at higher doses.",2023-06-01,,matteroffact,Supported,,Supported,
2304.13927v1_10_F,"In the NAREE system, 32 parallel electrochemical experiments can be performed in 30 minutes, and the fully automated experiment for electrolyte exploration was continuously conducted for 24 hours without human intervention.",2023-04-01,,matteroffact,Refuted,,Supported,
2309.04053v2_7_F,Carbon-carbon composites retain their mechanical properties up to approximately 3000°C in inert environments and have thermal conductivities between 50-100 W/mK.,2023-09-01,,matteroffact,Refuted,,Supported,
2306.10385v2_8_T,"AlF₃ intercalation in graphite follows a mixed staging model where different stages coexist simultaneously, with local superstructures exhibiting combinations of stages III and IV at lower molecular densities and stages IV and V at higher densities.",2023-06-01,,matteroffact,Supported,,Supported,
2304.07326v2_11_T,"Pure LuH2 undergoes a structural phase transition at 732 kbar from the cubic Fm3̄m space group to a phase with P4/nmm space group, accompanied by a color change to grey with an orange-red hue.",2023-04-01,,matteroffact,Supported,,Supported,
2203.10204v2_1_T,The difficulty of performing the inverse-problem prediction task (predicting process parameters from microstructures) is related to discovering microstructure regime transitions,2022-03-01,,matteroffact,Supported,,Supported,
2208.04687v1_11_F,"The crystallite size of Co₂CrAl thin films grown on MgO(001) substrate is approximately 30 nm, as calculated from the Scherrer formula using the FWHM of the (004) XRD reflection peak.",2022-08-01,,matteroffact,Refuted,,Supported,
2207.11317v1_10_F,The equivalent tensile strain resulting from 9% thickness reduction by rolling in ultra-low carbon steel is exactly 0.10 for samples tested at all angles to the rolling direction.,2022-07-01,,matteroffact,Refuted,,Refuted,
2309.05880v3_14_T,"Around the R point in RhGe, p-wave pairing of the form p_x ± ip_y is possible, which would lead to a Weyl superconductor that breaks time-reversal symmetry.",2023-09-01,,matteroffact,Supported,,Supported,
2203.14301v1_8_F,"The required in-plane magnetic field strength to realize quantum anomalous Hall effect in Sb₂Te₃ thin films increases monotonically with decreasing film thickness, requiring at least 50 Tesla for all thickness values",2022-03-01,,matteroffact,Refuted,,Refuted,
2205.05754v1_10_T,The dislocation glide velocity in the model follows a thermally activated process described by vᵛ = v₀exp(-Q/kT)sinh(Va/kT τeffᵛ) where τeffᵛ is the effective resolved shear stress,2022-05-01,,matteroffact,Supported,,Supported,
2303.12924v1_12_F,The GPR model for γ'(L12) precipitate size in Co-based superalloys requires higher noise tolerance than the precipitate morphology model due to fluctuations in the equilibrium precipitate size measurements.,2023-03-01,,matteroffact,Refuted,,Supported,
2305.11842v2_11_F,ChemNLP is limited to keyword searching in scientific papers and cannot perform advanced natural language processing tasks like text generation or named entity recognition.,2023-05-01,,matteroffact,Refuted,,Refuted,
2204.05252v1_14_F,"Rhombohedral HfO₂ slabs exhibit complete suppression of polarization under open-boundary conditions due to strong depolarizing fields, behaving identically to conventional proper ferroelectrics below their critical thickness.",2022-04-01,,matteroffact,Refuted,,Supported,
2303.12924v1_11_F,Bayesian Optimization is particularly valuable for phase-field modeling of Co-based superalloys because each 3-D simulation can be completed in less than one hour with 16 cores.,2023-03-01,,matteroffact,Refuted,,Refuted,
2309.05880v3_12_T,RhGe can support time-reversal symmetry broken topological superconductivity with mixed-parity pairing due to its lack of inversion symmetry and the presence of chiral Fermi pockets.,2023-09-01,,matteroffact,Supported,,Supported,
2308.14223v1_5_T,Adding 1 wt% PEO to Carbopol increases the first normal stress difference (N1) in shear by a factor of 1.5-2 compared to pure Carbopol.,2023-08-01,,matteroffact,Supported,,Supported,
2303.11179v1_16_F,"When spin-orbital coupling is considered in NaAlSi, a large gap on the order of approximately 100 meV opens uniformly across all directions in the Brillouin zone.",2023-03-01,,matteroffact,Refuted,,Supported,
2205.06324v2_18_F,"The GNN surrogate model architecture for predicting grain-scale elastic response uses three hidden graph layers, each containing 32 features per node, and 12 Gaussian kernels for the convolution operator.",2022-05-01,,matteroffact,Refuted,,Supported,
2205.01504v1_4_T,"The Hall-Petch coefficient for metallic systems scales linearly with the square root of applied strain, with values ranging from 50 MPa√μm to 108 MPa√μm at different applied strains when using a kinematic hardening coefficient of 1.2.",2022-05-01,,matteroffact,Supported,,Refuted,
2212.03527v1_4_F,"In the as-deformed state of cold-rolled Al-Mn alloys, the volume fraction and number density of Cube subgrains are approximately two and five times higher than those of P and CubeND subgrains, respectively.",2022-12-01,,matteroffact,Refuted,,Supported,
2303.04621v2_1_T,"The minimum squared shear magnitude |av|² for slip in simple cubic lattices is 1, while for both body-centered cubic (bcc) and face-centered cubic (fcc) lattices it is 3/2.",2023-03-01,,matteroffact,Supported,,Supported,
2306.10385v2_10_F,"The average distance between aligned AlF₃-induced blisters on the graphite surface is approximately 10 nm, with experimental STM images showing significantly larger spacing than predicted by molecular dynamics simulations.",2023-06-01,,matteroffact,Refuted,,Supported,
2305.05612v2_4_F,The boundary of a {10-12} tension twin in magnesium consists almost entirely of coherent twin boundary (CTB) facets with minimal basal-prismatic/prismatic-basal (PB/BP) facets.,2023-05-01,,matteroffact,Refuted,,Supported,
2309.04053v2_5_F,ZrB₂-SiC and HfB₂-SiC ceramics can maintain specific strengths greater than 460 MPa at temperatures of 3000°C with densities of 5.5 g/cm³ and exhibit superior oxidation resistance up to approximately 2200°C.,2023-09-01,,matteroffact,Refuted,,Supported,
2301.11689v3_6_F,"A random forest model trained on the combined BERT-PSIE and ChemDataExtractor Curie temperature dataset achieves an R² of 0.60 and a mean absolute error (MAE) of 140 K, performing worse than models trained on either dataset individually.",2023-01-01,,matteroffact,Refuted,,Refuted,
2209.15522v1_11_F,"The strain hot spots along twin boundaries in TWIP steel promote uniform propagation of Shockley partial dislocations, leading to twins with consistent thicknesses throughout their length.",2022-09-01,,matteroffact,Refuted,,Supported,
2303.01108v1_10_F,"The effective magnetic moment (μeff) in La₀.₅Sr₀.₅Co₁₋ₓNbₓO₃ increases with increasing Nb concentration, but the experimental values significantly deviate from theoretical calculations based on the spin states of Co³⁺ and Co⁴⁺ ions.",2023-03-01,,matteroffact,Refuted,,Supported,
2307.06904v3_8_F,"The electronic polarization in insulating LaVO3/KTaO3 interfaces decreases with the number of LaVO3 layers, dropping to 0.24 C/m² for the 3/3 antiferromagnetic configuration.",2023-07-01,,matteroffact,Refuted,,Supported,
2203.08413v3_8_F,"In superconductor-magnetic insulator nanowire hybrid systems, the topological phase transition requires external Zeeman fields of at least 0.5Δ₀, where Δ₀ is the bare superconducting gap of the parent superconductor.",2022-03-01,,matteroffact,Refuted,,Supported,
2308.05437v1_5_T,The critical δ/r_o ratio that marks the transition from thin film to bulk behavior in thermal conductivity calculations for 10H-SiC is 0.4.,2023-08-01,,matteroffact,Supported,,Supported,
2202.00460v1_2_T,"Annealing DBBA precursors on Ag/Nb(110) at 75°C initiates dehalogenation, at 300°C produces bisanthene-Ag polymeric chains, and at 390°C results in fused nanographene structures.",2022-02-01,,matteroffact,Supported,,Supported,
2302.14231v2_2_F,CHGNet achieves a mean absolute error of 0.1 Bohr magnetons for magnetic moment prediction on the Materials Project test set.,2023-02-01,,matteroffact,Refuted,,Supported,
2203.15868v1_7_T,The amount of retained austenite in martensitic stainless steel can be reduced to less than 5% through proper heat treatment,2022-03-01,,matteroffact,Supported,,Supported,
2303.11178v1_9_F,"The Sn-terminated surface of SnTaS₂ exhibits two branches of surface states (SS1 and SS3), while the S-terminated surface exhibits four branches of surface states (SS2, SS4, SS5, and SS6).",2023-03-01,,matteroffact,Refuted,,Supported,
2209.15522v1_0_F,The average elastic strain around deformation twins in TWIP steel reaches approximately 2% in directions both parallel and perpendicular to the twinning direction.,2022-09-01,,matteroffact,Refuted,,Supported,
2203.14301v1_6_T,The hexagonal warping term in spin-orbit coupling is essential for opening a gap at the band crossing point and enabling both quantized and half-quantized anomalous Hall effect in systems with in-plane magnetic fields,2022-03-01,,matteroffact,Supported,,Supported,
2301.11689v3_8_F,"The BERT-PSIE workflow requires defining complex grammar rules for each new extraction task, making it more difficult to implement than traditional rule-based methods.",2023-01-01,,matteroffact,Refuted,,Refuted,
2301.11626v1_4_F,RKKY coupling in the Co/Ru/Co system oscillates between antiferromagnetic and ferromagnetic coupling with a peak in antiferromagnetic coupling at approximately 2.1 nm Ru thickness and a ferromagnetic peak at approximately 1.2 nm Ru thickness.,2023-01-01,,matteroffact,Refuted,,Supported,
2304.13336v2_5_T,The massive zinc segregation resulting from the segregation transition significantly reduces both compositional and energetic barriers for the formation of liquid phase at iron grain boundaries.,2023-04-01,,matteroffact,Supported,,Supported,
2305.04262v3_3_F,The current density across the weak-link in FIB-patterned Nb films remains consistently below 50% of that in pristine regions throughout the entire field reduction process,2023-05-01,,matteroffact,Refuted,,Supported,
2305.11008v1_11_T,"During ultrashort pulse laser annealing of MoS₂ films, direct absorption in the MoS₂ layer is the main mechanism for heat development, while substrate heating effects can be neglected.",2023-05-01,,matteroffact,Supported,,Refuted,
2206.11435v1_16_F,"Garnet-type electrolytes are derived from metallic alloys with the general formula A₂B₃(MO₄)₂, where lithium garnets are created by substituting oxygen atoms with lithium, and stuffed lithium garnets with enhanced conductivity have the formula Li₅A₂²⁺B₃⁵⁺O₁₀.",2022-06-01,,matteroffact,Refuted,,Refuted,
2203.04149v2_6_F,"Ultrasonic resonance can only characterize the overall state of charge of lithium-ion batteries, being unable to provide information about internal layer structures, electrode thicknesses, or layer-specific properties.",2022-03-01,,matteroffact,Refuted,,Refuted,
2308.07295v3_9_F,"Advanced methods beyond standard density functional theory, such as DFT+U or hybrid functionals, are necessary to predict the insulating nature of Cu-doped lead apatite due to strong electron correlation effects on the Cu d-orbitals.",2023-08-01,,matteroffact,Refuted,,Supported,
2305.11842v2_13_F,Diffusion Monte Carlo is always less accurate than DFT for all materials and has a stronger dependence on the starting density functional and Hubbard U parameters.,2023-05-01,,matteroffact,Refuted,,Refuted,
2302.14072v1_15_T,"In Ta-dichalcogenide bilayers with interlayer distances greater than 6.0 Å, the partially filled flat bands in the 1T layer become spin-polarized, with the spin-majority band partially occupied and the spin-minority band empty.",2023-02-01,,matteroffact,Supported,,Supported,
2303.09576v1_0_T,Metastable phase diagrams can resolve discrepancies between conventional bulk phase diagrams and experimental observations regarding the formation of Mg-rich C14 and Al-rich C15 Laves phases in MgAlCa alloys at moderate temperatures,2023-03-01,,matteroffact,Supported,,Supported,
2211.14626v2_14_T,"Ru inclusions in the Nb/Ru/Sr₂RuO₄ junctions become intrinsically superconducting below 0.5 K, coinciding with the temperature at which the superconducting diode effect reaches its maximum.",2022-11-01,,matteroffact,Supported,,Supported,
2309.07046v1_16_F,"The synthesis of MgFeB₄ is challenging primarily due to the high cost and limited availability of pure boron precursors, while the miscibility of Mg and Fe at moderate temperatures provides a straightforward reaction pathway at temperatures around 1200°C.",2023-09-01,,matteroffact,Refuted,,Supported,
2204.05252v1_5_T,"When all four dominant distortion modes in rhombohedral HfO₂ are coupled, they provide an energy gain of 128 meV/f.u. below the high symmetry phase, with the full relaxation adding only 20 meV/f.u. more.",2022-04-01,,matteroffact,Supported,,Supported,
2303.10621v4_5_F,"For fcc 4He at 38K, classical molecular dynamics (MD) mode-coupling produces phonon frequencies that align better with experimental inelastic neutron scattering results than path-integral molecular dynamics (PIMD) mode-coupling.",2023-03-01,,matteroffact,Refuted,,Supported,
2304.01934v4_10_F,"DFT+DMFT calculations with a diagonalized Mn d block Hamiltonian yield an energy gap of 1.9 eV for Li₂MnO₃, which is very close to the experimental gap of 2.1-2.17 eV.",2023-04-01,,matteroffact,Refuted,,Supported,
2304.06457v1_2_T,Cu substitution in SmCo₅ thin films causes increasing decoupling between the Sm 4f and Co 3d magnetic moments,2023-04-01,,matteroffact,Supported,,Supported,
2307.00878v1_6_F,"At 0K, the ground state of α-Li₃PS₄ is 1.0 meV/atom (8 meV/f.u.) lower in energy than β-Li₃PS₄, and 2.5 meV/atom (20 meV/f.u.) lower than γ-Li₃PS₄.",2023-07-01,,matteroffact,Refuted,,Supported,
2204.05721v1_11_T,Higher strain rate sensitivity in titanium alloys leads to greater plastic strain accumulation during stress relaxation,2022-04-01,,matteroffact,Supported,,Supported,
2301.06756v1_9_T,The elastic constants of solid helium show a linear dependence on pressure in the insulating phase but deviate from this behavior in the metallic phase.,2023-01-01,,matteroffact,Supported,,Supported,
2309.17090v2_2_F,"Slower strain rates in iron simulations promote enhanced nanograin formation, with the material developing more numerous and refined nanograins than at higher strain rates.",2023-09-01,,matteroffact,Refuted,,Supported,
2303.02441v2_11_F,The ρ-CP framework predicts the strain rate-dependent yield stress of tantalum only across a narrow strain rate range spanning 2 orders of magnitude.,2023-03-01,,matteroffact,Refuted,,Refuted,
2303.00742v2_8_T,"In Bernal bilayer graphene with proximity-induced Ising spin-orbit coupling, SC1 has a transition temperature of approximately 40 mK, while SC2 has a much higher transition temperature of approximately 255 mK.",2023-03-01,,matteroffact,Supported,,Supported,
2209.09561v2_0_T,ERG carbon foam samples with 97% porosity follow Fourier heat conduction behavior during flash experiments.,2022-09-01,,matteroffact,Supported,,Supported,
2309.04053v2_11_T,"Refractory metals like tungsten and molybdenum can maintain over 50% of their Young's Modulus at 2000°C but oxidize well below 1000°C, limiting their practical use in oxidizing environments without protective coatings.",2023-09-01,,matteroffact,Supported,,Supported,
2212.13877v1_13_T,"Among sp²-bonded Boron Nitride polymorphs, the electron-phonon interaction contribution to the total energy varies by up to 163 meV per formula unit between different crystal structures.",2022-12-01,,matteroffact,Supported,,Supported,
2304.07966v2_5_T,"The out-of-plane lattice parameter of single-crystalline Lu films is approximately 2.495 Å, while the transformed LuH₂₊ₓ films have an out-of-plane lattice parameter of approximately 5.07 Å",2023-04-01,,matteroffact,Supported,,Supported,
2305.11008v1_6_F,"The MoS₂ film surface cools down approximately 600 nanoseconds after a single ultrashort laser pulse, which exceeds the 500 nanosecond interval between pulses at 2 MHz repetition rate.",2023-05-01,,matteroffact,Refuted,,Supported,
2303.00185v1_8_F,"Both normal-state TAMR and superconducting MAAR exhibit strictly monotonic trends with respect to barrier strength, Rashba SOC strength, and exchange splitting, always increasing with these parameters.",2023-03-01,,matteroffact,Refuted,,Refuted,
2212.06503v1_14_T,"BaTiO3 thin films grown on DSO(100) substrates exhibit the highest open-circuit voltage of 0.747 V under 365 nm illumination, approximately 67% higher than films grown on STO(100) substrates that show 0.448 V.",2022-12-01,,matteroffact,Supported,,Supported,
2303.07504v1_13_T,"HAADF-STEM imaging reveals that C15-like planar defects in Mg-Al-Ca alloys have a symmetric structure with alternating brighter and weaker contrast, corresponding to atomic columns with double Al and single Al occupancy.",2023-03-01,,matteroffact,Supported,,Supported,
2204.07318v3_15_T,The high efficiency and precision of the Direct Integral Approach make it suitable for studying phase behaviors of various condensed-matter materials under extreme conditions in future research.,2022-04-01,,matteroffact,Supported,,Supported,
2309.04053v2_3_F,"Uncoated carbon-carbon composites begin to oxidize at approximately 800°C in air, with dramatic oxidation occurring beyond 1000°C.",2023-09-01,,matteroffact,Refuted,,Supported,
2208.04687v1_4_F,"Co₂CrAl thin films exhibit metallic behavior in electrical resistivity measurements, with resistivity decreasing as temperature decreases, consistent with the behavior expected in perfectly ordered L2₁ structure.",2022-08-01,,matteroffact,Refuted,,Supported,
2304.03740v1_11_F,"The volume fraction of silicon in quench-modified Al-Si eutectic is 0.14, identical to that in impurity-modified eutectic, despite being processed from alloys with different silicon contents (20 wt% vs. 7 wt% Si).",2023-04-01,,matteroffact,Refuted,,Refuted,
2211.10404v1_14_F,"The energy of the intermediate-spin half-metallic state in SrCoO₃ is lowered by approximately 200 meV/f.u. when octahedral tilting is included, changing from the P4/mmm to the Imma structure",2022-11-01,,matteroffact,Refuted,,Supported,
2302.04385v2_1_F,The flash/quench technique decreases the magnetic susceptibility of Pr₂CuO₄ by nearly a factor of two at low temperatures in both parallel and perpendicular directions to the c-axis.,2023-02-01,,matteroffact,Refuted,,Supported,
2206.15003v1_12_T,"The implosion-driven launcher is a single-use device where the driver is consumed by high explosives during operation, but its simple design using stock components results in modest per-shot costs.",2022-06-01,,matteroffact,Supported,,Supported,
2305.11842v2_16_F,"JARVIS restricts access to its data and tools, requiring paid subscriptions and limiting reproducibility by not sharing raw input and output files.",2023-05-01,,matteroffact,Refuted,,Supported,
2212.02899v1_7_F,The superconducting coherence length in LaRh₃B₂ is approximately 20 nm at 0 K and 40 nm near the transition temperature.,2022-12-01,,matteroffact,Refuted,,Supported,
2309.01755v1_8_T,"The conduction bands of Pb₁₀(PO₄)₆O₄ at the k_z=0 plane exhibit an extremely narrow band width of 5 meV, while the valence bands show a band width of approximately 60 meV.",2023-09-01,,matteroffact,Supported,,Supported,
2205.05157v1_0_T,"PyEOC determines the r13 electro-optic coefficient of SBN thin films to be 8.69 pm/V, which is within the published uncertainty range of 8.5 ± 1.3 pm/V.",2022-05-01,,matteroffact,Supported,,Supported,
2301.06756v1_16_T,The average electron-phonon coupling strength parameter (λ) in metallic helium at 50 terapascals is approximately 0.52.,2023-01-01,,matteroffact,Supported,,Refuted,
2203.14301v1_0_F,Non-magnetic 2D systems with sizeable spin-orbital coupling but with two-fold rotational symmetry can exhibit anomalous Hall effect when subjected to in-plane magnetic fields,2022-03-01,,matteroffact,Refuted,,Supported,
2303.02540v1_1_F,"Thermal conductivity of single-component rare-earth disilicates is independent of rare-earth cation radius, with no statistically significant correlation between these properties.",2023-03-01,,matteroffact,Refuted,,Refuted,
2203.08413v3_4_T,"In superconductor-magnetic insulator nanowire hybrid systems with a smoothly varying potential barrier, quasi-Majorana zero modes can appear in the topologically trivial regime before the bulk gap closing.",2022-03-01,,matteroffact,Supported,,Supported,
2203.04149v2_11_F,"The slurry model predicts ultrasonic wave speeds in lithium-ion battery electrodes to be between 2500-3000 m/s, while traditional porous solid models predict speeds around 1500 m/s, with experimental measurements supporting the higher range predictions.",2022-03-01,,matteroffact,Refuted,,Supported,
2208.04687v1_7_T,"Co₂CrAl thin films exhibit a high residual resistivity of approximately 311 μΩ-cm at 2 K, which is consistent with the half-metallic nature of Heusler alloys that typically show high residual resistivity values.",2022-08-01,,matteroffact,Supported,,Supported,
2211.14626v2_6_F,The superconducting diode effect in Nb/Ru/Sr₂RuO₄ junctions originates from Rashba spin-orbit coupling at the interface.,2022-11-01,,matteroffact,Refuted,,Supported,
2203.08413v3_6_F,"In superconductor-magnetic insulator nanowire hybrid systems, the BCS charge (corresponding to the magnitude of non-local conductance) and the energy splitting of Majorana zero modes oscillate in phase with each other as the magnetic field increases.",2022-03-01,,matteroffact,Refuted,,Supported,
2203.07955v1_3_F,Both Na₃PSe₄ and Na₃PS₄ exhibit purely displacive character in their phase transitions with identical soft mode behavior in the cubic phase.,2022-03-01,,matteroffact,Refuted,,Refuted,
2210.10242v2_3_T,Muon spin rotation (μSR) can effectively probe the local electronic structure of interstitial hydrogen in MgH₂ by using muons as pseudo-hydrogen atoms.,2022-10-01,,matteroffact,Supported,,Supported,
2302.12868v1_0_F,The stiffness matrix method for modeling wave propagation in multilayered media exhibits computational instability at high frequencies and large incident angles.,2023-02-01,,matteroffact,Refuted,,Supported,
2305.04262v3_15_F,The weak-to-strong-link transformation observed in FIB-patterned Nb films has no relevance to high-temperature superconductors because the underlying mechanisms are fundamentally different in these materials,2023-05-01,,matteroffact,Refuted,,Refuted,
2304.07224v2_1_F,"In high-temperature cuprate superconductors, a novel collective charge excitation called hyperplasmon type II (HP-II) exists with maximum spectral weight along the antinodal direction.",2023-04-01,,matteroffact,Refuted,,Supported,
2209.05554v2_6_T,"The ALIGNN-FF model predicts lattice constants of materials in the Crystallography Open Database (COD) with mean absolute errors of 0.20 Å, 0.20 Å, and 0.23 Å for the a, b, and c lattice parameters, respectively",2022-09-01,,matteroffact,Supported,,Supported,
2209.12462v1_16_T,The Varvenne-Curtin model predicts that solid solution strengthening in high entropy alloys is primarily determined by the average misfit parameter and elastic properties rather than by the number of components or equimolar composition.,2022-09-01,,matteroffact,Supported,,Supported,
2308.04594v2_2_T,"Cerium substitution in strontium hexaferrite leads to electron transfer from cerium to iron at the 2a site, resulting in the formation of Ce³⁺ and Fe²⁺ states.",2023-08-01,,matteroffact,Supported,,Supported,
2301.06756v1_13_T,The exciton binding energy in solid helium calculated with many-body perturbation GW theory is approximately 0.4 electronvolts.,2023-01-01,,matteroffact,Supported,,Supported,
2305.10582v2_8_T,Cu₆Sn₅ intermetallic compound undergoes a structural transformation from monoclinic (η'-Cu₆Sn₅) to hexagonal closed packed (η-Cu₆Sn₅) structure as temperature increases,2023-05-01,,matteroffact,Supported,,Supported,
2308.00800v1_7_F,"The anisotropic phase-field model for AA2024-T351 aluminum sheets uses an anisotropy parameter β=3.0, which significantly overestimates the actual anisotropy in fracture toughness between different orientations relative to the rolling direction.",2023-08-01,,matteroffact,Refuted,,Refuted,
2304.03740v1_3_T,"The edge length distribution of quench-modified Al-Si eutectic structures is statistically similar to that of random fractals produced by diffusion limited aggregation with a sticking coefficient of 0.4, indicating similar branching behavior despite different formation mechanisms.",2023-04-01,,matteroffact,Supported,,Supported,
2308.16621v1_15_T,Data quality is more important than algorithm complexity for improving machine learning performance in metal additive manufacturing,2023-08-01,,matteroffact,Supported,,Supported,
2210.17428v1_11_F,"EC-MOFs with smaller organic linkers (such as B) exhibit more negative formation energies than those with larger linkers (such as TN), due to reduced steric hindrance and more efficient packing.",2022-10-01,,matteroffact,Refuted,,Supported,
2206.14013v1_6_F,"AlOx-Cu multi-layered nanocomposites display a broad peak in spectral reflectance located in the energy range from 2.2 eV to 5.6 eV, with the onset of this peak shifting to higher energies as copper content (τ) increases.",2022-06-01,,matteroffact,Refuted,,Supported,
2206.15003v1_12_F,"The implosion-driven launcher is a fully reusable device that can be operated repeatedly without replacing any components, making it more cost-effective than conventional light-gas guns.",2022-06-01,,matteroffact,Refuted,,Refuted,
2212.06503v1_9_F,"The photovoltaic responsivity of BaTiO3 thin films decreases by a factor of 2-5 when the illumination wavelength increases from 365 nm to 405 nm, with a gradual linear decrease across all wavelengths.",2022-12-01,,matteroffact,Refuted,,Supported,
2306.10385v2_7_T,AlF₃ clusters in graphite avoid vertical stacking between adjacent layers and instead form laterally displaced superstructures due to elastic deformation of graphite and repulsive interactions between local transverse dipoles.,2023-06-01,,matteroffact,Supported,,Supported,
2303.11178v1_15_F,The ARPES measurements on SnTaS₂ were performed at room temperature (300 K) with an energy resolution of approximately 50 meV and an angular resolution of approximately 1.0 degree.,2023-03-01,,matteroffact,Refuted,,Supported,
2304.06457v1_8_F,Coercivity enhancement in Cu-substituted SmCo₅ thin films results solely from grain boundary pinning effects due to increased grain boundary density with Cu substitution,2023-04-01,,matteroffact,Refuted,,Refuted,
2304.13257v3_0_T,"Niobium transmon qubits capped with tantalum exhibit median relaxation times (T1) above 300 microseconds, with maximum values up to 600 microseconds.",2023-04-01,,matteroffact,Supported,,Supported,
2304.04986v3_8_F,"DRXNet accurately captures the effect of niobium substitution in high-entropy disordered rocksalt cathodes, predicting a steeper voltage slope in the mid-voltage region compared to titanium-based materials.",2023-04-01,,matteroffact,Refuted,,Supported,
2309.14678v2_0_T,"Charge transport in β-aluminas is dominated by alkali metal interstitials, while in β″ aluminas it is dominated by vacancies.",2023-09-01,,matteroffact,Supported,,Supported,
2203.11013v1_6_F,The maximum driving force (MDF) parameter is only applicable to single-element systems and cannot be used to predict oxide formation in multi-element alloys or to guide alloy design,2022-03-01,,matteroffact,Refuted,,Refuted,
2212.06503v1_6_T,"Schottky barriers at the ferroelectric-electrode interfaces significantly reduce photocurrent collection in BaTiO3 thin films, with higher polarization leading to higher Schottky barriers and consequently lower photocurrent despite stronger bulk photovoltaic effect generation.",2022-12-01,,matteroffact,Supported,,Supported,
2308.05532v1_7_F,"In heterogeneous materials exhibiting non-Fourier heat conduction, the Fourier thermal diffusivity is completely independent of the Guyer-Krumhansl parameters and cannot be predicted from them.",2023-08-01,,matteroffact,Refuted,,Refuted,
2202.01918v2_3_T,"The band gap of amorphous GST-225 is approximately 0.68 eV, while crystalline rock-salt GST-225 has a band gap of approximately 0.56 eV with an indirect component of 0.1 eV, and hexagonal GST-225 has a band gap of approximately 0.2 eV.",2022-02-01,,matteroffact,Supported,,Refuted,
2303.07719v1_16_T,"In topological data analysis of α-AgI, a sphere with common radius is placed at each atomic coordinate, and as the radius increases, ring structures form when atoms connect and later disappear when filled by the spheres, with these birth-death events recorded as coordinates in a persistence diagram.",2023-03-01,,matteroffact,Supported,,Supported,
2203.10204v2_2_F,Changes in sensitivity scores of predicting process parameters from microstructures cannot identify transitions between different microstructural pattern regimes,2022-03-01,,matteroffact,Refuted,,Refuted,
2301.05024v1_6_F,Using negative resistances and capacitances in equivalent circuit models to explain inductive loops preserves the passivity principle of electrochemical systems.,2023-01-01,,matteroffact,Refuted,,Refuted,
2211.06285v2_5_F,"In V₂O₅, changes in the GW self-energy due to structural distortions accumulate with changes in the Kohn-Sham exchange-correlation potential, resulting in quasiparticle corrections that change by more than 0.5 eV.",2022-11-01,,matteroffact,Refuted,,Supported,
2211.16224v1_8_T,"Machine learning models trained on solid-state electrolyte data achieve mean absolute percentage errors of 2.5% and 0.5% when predicting the average vibrational frequency and heat capacity, respectively, when incorporating anharmonic descriptors.",2022-11-01,,matteroffact,Supported,,Supported,
2304.08446v4_4_T,"Among the 25 candidate superconductors generated by CDVAE and verified with DFT, 15 had energy above the convex hull of 0.45 eV/atom or less, indicating potential for experimental synthesis.",2023-04-01,,matteroffact,Supported,,Supported,
2308.01135v4_8_T,"The calculated lattice parameters of lead apatite (Pb10(PO4)6O) are a = 10.00 Å and c = 7.44 Å, which are slightly larger than experimental reports of similar systems.",2023-08-01,,matteroffact,Supported,,Supported,
2307.13990v1_1_F,"The magnitude of inter-orbital Cooper pairing at finite energies in the Al/Au heterostructure ranges from 75% to 90% of the Al superconducting gap, increasing at larger momentum values.",2023-07-01,,matteroffact,Refuted,,Supported,
2307.13990v1_15_F,The mixed singlet-triplet character of proximity-induced pairing in the Al/Au heterostructure originates solely from the intrinsic d-wave component of superconductivity in Al.,2023-07-01,,matteroffact,Refuted,,Refuted,
2303.10621v4_14_T,"In the mode-coupling theory, the vertex Ψ(λ,μ,ν) is proportional to the square root of the ratio of the frequency of mode λ to the product of frequencies of modes μ and ν, multiplied by a sum over atomic indices of polarization vectors and third-order force constants.",2023-03-01,,matteroffact,Supported,,Refuted,
2202.04242v1_5_F,"In the binary Lennard-Jones model, weakly-bonded systems with moderately strong interatomic interactions between different species tend to form structures with equal numbers of atoms, similar to strongly-bonded systems.",2022-02-01,,matteroffact,Refuted,,Refuted,
2209.05554v2_2_F,Increasing the force weighting factor from 0.1 to 10.0 in the ALIGNN-FF loss function improves both energy and force prediction accuracy simultaneously,2022-09-01,,matteroffact,Refuted,,Supported,
2306.13006v2_3_T,"The criterion for suppressed recombination in solar cells is defined by two parameters: α ≪ 1 (extraction delay parameter) and β ≪ 1 (recombination significance parameter), where α = 4πgL³e/(εV_bi²μ) and β = L/(τ_rμE_bi).",2023-06-01,,matteroffact,Supported,,Supported,
2309.07046v1_2_F,"The electronic structure of α-ATB₄ compounds is characterized by delocalized metallic states with uniform electron distribution across all atoms, resulting in a smooth electronic density of states without significant singularities.",2023-09-01,,matteroffact,Refuted,,Refuted,
2308.05532v1_10_F,Standard laser flash apparatus (LFA) techniques for measuring thermal diffusivity provide fully accurate and representative results for heterogeneous materials like metal matrix syntactic foams regardless of sample size.,2023-08-01,,matteroffact,Refuted,,Refuted,
2203.07955v1_10_F,"The anharmonic character of sodium ion conductors remains fixed regardless of chemical substitutions, as demonstrated by the identical anharmonic behaviors observed in Na₃PS₄ and Na₃PSe₄.",2022-03-01,,matteroffact,Refuted,,Refuted,
2212.06503v1_13_T,Ferroelectric photovoltaic devices based on the bulk photovoltaic effect can potentially achieve power conversion efficiencies above the Shockley-Queisser limit by generating photovoltages higher than the band gap and by optimizing interfaces to achieve responsivities of 1 A/W.,2022-12-01,,matteroffact,Supported,,Supported,
2308.16621v1_14_T,"Interactions between process parameters significantly affect quality variables in metal additive manufacturing, with hatch spacing showing stronger effects through interactions than through its individual influence",2023-08-01,,matteroffact,Supported,,Supported,
2209.12462v1_3_T,The critical resolved shear stress of FeNiCoCr decreases from 77 MPa at 77K to 25 MPa at room temperature due to temperature-dependent changes in material parameters including elastic constants and misfit volumes.,2022-09-01,,matteroffact,Supported,,Supported,
2304.10279v2_9_F,"In isotropic linear-elastic polycrystals with non-cubic crystal lattices, the hydrostatic and deviatoric contributions to intergranular normal stresses show strong statistical correlation and cannot be treated independently.",2023-04-01,,matteroffact,Refuted,,Supported,
2302.12868v1_9_F,"In porous-solid-porous battery anodes, ultrasonic waves are completely blocked at all frequencies and incident angles due to the complex multilayered structure, preventing any guided wave modes from being excited.",2023-02-01,,matteroffact,Refuted,,Refuted,
