claim_id,claim,claim_date,speaker,source,label,detected_biases,prediction,prediction_error
2412.14582v1_6_T,Ta₂NiSe₅ monolayer does not exhibit spontaneous excitons as all exciton energies are positive in the low-temperature monoclinic phase.,2024-12-01,,matteroffact,Supported,,Refuted,
2409.07058v3_10_F,"The calculated magnetocrystalline anisotropy energy (MAE) values for Fe₃C and Co₃C compounds are highly sensitive to the choice of exchange-correlation potential, with ortho-Co₃C showing inconsistent results ranging from soft magnetic (MAE < 0.1 MJ·m⁻³) to semi-hard magnetic behavior depending on the functional used.",2024-09-01,,matteroffact,Refuted,,Supported,
2404.02748v1_1_T,"In Si₁₋ₓGeₓ:B epilayers, boron has a 100% activation rate when the total boron concentration is below 6 at.%, and over 75% activation up to 9.2 at.%.",2024-04-01,,matteroffact,Supported,"[{""bias"": ""subadditivity effect"", ""confidence"": 0.552}]",Supported,
2310.14013v1_14_T,"The heterogeneity of powder packing structure at the particle level significantly influences subsequent processes in additive manufacturing, such as heat transfer and binder infiltration, making particle-scale characterization methods important for process optimization.",2023-10-01,,matteroffact,Supported,"[{""bias"": ""Pro-Innovation Bias"", ""confidence"": 0.4701}]",Supported,
2402.08326v2_8_F,The interfacial interaction between aluminum and fullerenes in Al/C60 nanocomposites has negligible effects on the elastic properties of the composite and can be ignored in theoretical models.,2024-02-01,,matteroffact,Refuted,"[{""bias"": ""Bias blind spot"", ""confidence"": 0.4166}]",Refuted,
2408.15601v1_4_T,The grand canonical diffusion model is limited to orthorhombic unit cells with lattice constants that are integer multiples of the voxel linear dimension chosen at training time.,2024-08-01,,matteroffact,Supported,"[{""bias"": ""clustering illusion"", ""confidence"": 0.5793}]",Refuted,
2406.07144v1_6_F,"Carbon atoms sputtered from a target using a 10 kV ion beam in Electron Cyclotron Resonance Ion Beam Deposition have energies ranging from 100 to 150 eV, with the highest flux occurring at approximately 125 eV in the middle of the sputtering plume.",2024-06-01,,matteroffact,Refuted,,Supported,
2407.11586v1_6_T,The electron bands γ1 and γ2 in 1uc-FeSe/6uc-NdFeO3/Nb:SrTiO3 heterostructures have their band bottoms at 34 meV below the Fermi energy.,2024-07-01,,matteroffact,Supported,"[{""bias"": ""subadditivity effect"", ""confidence"": 0.336}]",Supported,
2412.10896v3_13_T,"In the Chen2020 parameter set for the LG M50 cell, the particle diffusion timescales are 6812 seconds for the positive electrode and 1041 seconds for the negative electrode, while the electrolyte diffusion timescales are 409 seconds for the positive electrode, 635 seconds for the negative electrode, and 246 seconds for the separator.",2024-12-01,,matteroffact,Supported,"[{""bias"": ""Time-saving bias"", ""confidence"": 0.8112}]",Supported,
2411.17368v2_6_T,The impedance of a commercial supercapacitor can be accurately modeled using the finite-length R-CPE transmission line model with a dispersion coefficient α of approximately 0.94.,2024-11-01,,matteroffact,Supported,,Supported,
2501.07321v1_9_F,"Principal Component Analysis (PCA) of the Local Many-body Tensor Representation (LMBTR) descriptor shows that NMR chemical shifts in electrolytes are primarily determined by the distance between Li+ ions and their nearest neighbors, with minimal influence from the overall solvation structure",2025-01-01,,matteroffact,Refuted,"[{""bias"": ""Bias blind spot"", ""confidence"": 0.6172}]",Supported,
2412.00421v1_11_F,An elliptical antiferromagnetic antiskyrmion with major and minor axes of 12.3 nm and 8.7 nm emerges in the rectangular Cr adatom lattice on Nb(110) when the magnetocrystalline anisotropy energy favors out-of-plane spin alignment.,2024-12-01,,matteroffact,Refuted,"[{""bias"": ""Outcome bias"", ""confidence"": 0.7777}]",Supported,
2501.04751v2_1_F,"In CrSBr, the crystal electric field splitting between t2g and eg orbitals of Cr³⁺ ions is 2.16 eV, with the eg orbitals further split by 0.5 eV.",2025-01-01,,matteroffact,Refuted,"[{""bias"": ""Time-saving bias"", ""confidence"": 0.9226}]",Supported,
2404.11300v1_0_F,"In electron-doped Sr₂₋ᵧLaᵧRuO₄, the low-temperature thermopower becomes positive only near the Van Hove singularity point at y ≈ 0.2",2024-04-01,,matteroffact,Refuted,"[{""bias"": ""subadditivity effect"", ""confidence"": 0.3523}]",Supported,
2409.18344v1_11_T,"SEI formation in LiPFBS/DME electrolytes is governed by the solvation structure, with DME reduction dominating at low concentrations and PFBS⁻ reduction increasing at higher concentrations due to changes in Li⁺ coordination.",2024-09-01,,matteroffact,Supported,,Supported,
2412.10865v1_13_F,"Offline training using backpropagation with fitted polariton neuron responses is ineffective for all types of polariton neural networks, requiring online training methods.",2024-12-01,,matteroffact,Refuted,"[{""bias"": ""Bias blind spot"", ""confidence"": 0.3755}]",Refuted,
2405.18150v1_1_T,Resonant photoemission spectroscopy measurements of titanium nitride films yield a Coulomb interaction strength of 6.26 ± 0.04 eV.,2024-05-01,,matteroffact,Supported,,Supported,
2408.06641v2_1_F,The formation enthalpy of Cr3Si decreases in magnitude from -0.35 eV/atom for undoped Cr3Si to -0.25 eV/atom for Ge-doped Cr3Si at 50% doping concentration.,2024-08-01,,matteroffact,Refuted,"[{""bias"": ""Time-saving bias"", ""confidence"": 0.8037}]",Supported,
2411.18843v1_8_T,"The harmonic oscillator parameters of the A1 and A2 phonon modes in tellurium are characterized by ω_{A1}^2 = 38.74 meV/amuÅ^2 and ω_{A2}^2 = 26.72 meV/amuÅ^2, respectively, with the A2 mode having a quartic anharmonic term b4 = 0.28 meV/amu^2Å^4.",2024-11-01,,matteroffact,Supported,"[{""bias"": ""Time-saving bias"", ""confidence"": 0.7507}]",Supported,
2501.00561v1_11_T,"The bandgap of β-Ga₂O₃ is approximately 4.9 eV, making it an ultra-wide bandgap semiconductor.",2025-01-01,,matteroffact,Supported,"[{""bias"": ""Pro-Innovation Bias"", ""confidence"": 0.448}]",Supported,
2311.15620v1_12_T,"The level of many-ion coordination in diffusive events varies significantly across different families of solid-state electrolytes, with Cu- and Li-based materials exhibiting the strongest correlations for large numbers of mobile ions, while O-, halide- and Na-based materials show the weakest.",2023-11-01,,matteroffact,Supported,,Supported,
2311.15791v1_11_F,"The phase transition between the CCDW phase and the T-phase in 1T-TaS₁.₂Se₀.₈ exhibits a small hysteresis of approximately 20 K, occurring at 200 K during heating and 180 K during cooling.",2023-11-01,,matteroffact,Refuted,"[{""bias"": ""Outcome bias"", ""confidence"": 0.4577}]",Supported,
2502.19772v1_16_T,"Atomic dynamics at CsPbBr3 surfaces suppress the formation of deep electronic states, in contrast to bulk dynamics which can cause the appearance of deep levels.",2025-02-01,,matteroffact,Supported,,Supported,
2403.08237v2_4_T,"The β-LZC polymorph achieves fast Li-ion diffusion with only partial Zr disorder, while α-LZC requires more extensive Zr disorder to achieve similar diffusion rates",2024-03-01,,matteroffact,Supported,,Supported,
2402.09770v1_2_T,"In₂Se₃ monolayer remains nonmagnetic when hole doping is less than 0.23 holes per formula unit, but transitions to a ferromagnetic state at higher doping levels.",2024-02-01,,matteroffact,Supported,,Supported,
2403.18441v1_7_F,The residual stress model shows smaller errors compared to the force model due to the compensating effects of thermal and mechanical components and the direct calibration against experimental residual stress measurements.,2024-03-01,,matteroffact,Refuted,"[{""bias"": ""Bias blind spot"", ""confidence"": 0.8714}]",Supported,
2408.00042v3_5_T,TaP in space group 141 (I4₁/amd) exhibits symmetry-enforced Z₂ topology with helical surface states appearing in every second bulk gap when a slab geometry with termination in the z direction is created.,2024-08-01,,matteroffact,Supported,,Supported,
2408.10978v2_16_T,"In CsM₃Te₅ kagome metals, the electronic states near the Fermi level are primarily contributed by Te-p and M-d orbitals, with negligible contributions from Cs atoms.",2024-08-01,,matteroffact,Supported,,Supported,
2503.00456v1_0_T,"A₍ₙ₊₁₎HfₙS₍₃ₙ₊₁₎ (A = Ca, Sr, Ba; n = 1-3) Ruddlesden-Popper phases exhibit G₀W₀@PBE bandgaps ranging from 1.43 to 2.14 eV, which are smaller than their bulk counterparts.",2025-03-01,,matteroffact,Supported,"[{""bias"": ""Forer effect"", ""confidence"": 0.3359}]",Supported,
2412.04001v1_3_T,"In monolayer MoS₂ at 300K with resonant A exciton excitation, thermalization within the spin-anti-aligned channel occurs within 100 fs, while thermalization within the spin-aligned channel takes about 1 ps",2024-12-01,,matteroffact,Supported,"[{""bias"": ""Time-saving bias"", ""confidence"": 0.9483}]",Supported,
2407.16044v1_1_T,Symmetrical strain distribution in monolayer graphene preserves the zero bandgap at the K point while reducing the Fermi velocity,2024-07-01,,matteroffact,Supported,,Supported,
2412.10865v1_10_T,"The shape recognition task is particularly challenging for linear classifiers due to the random positioning of objects, requiring nonlinear transformations for accurate classification.",2024-12-01,,matteroffact,Supported,"[{""bias"": ""curse of knowledge"", ""confidence"": 0.4845}]",Supported,
2409.07058v3_15_T,"Among transition metal substituted Fe₃C alloys, ortho-Fe₁₁Re₁C₄ shows the highest magnetocrystalline anisotropy energy (MAE) of 1.4 MJ·m⁻³ and magnetic hardness of 0.93, but its practical utility is limited by the significant reduction in Curie temperature caused by 5d element substitution.",2024-09-01,,matteroffact,Supported,"[{""bias"": ""Whole only effect"", ""confidence"": 0.6245}]",Supported,
2406.09461v1_14_F,"The activation energy for grain boundary motion in zirconium without phase transformation is 27,197.7 J/mol, allowing for visible grain growth at room temperature",2024-06-01,,matteroffact,Refuted,"[{""bias"": ""Planning Fallacy"", ""confidence"": 0.345}]",Refuted,
2407.06148v1_9_T,The eutectic zinc and ternary eutectic phases act as barriers to crack propagation in Zn-Al-Mg coatings.,2024-07-01,,matteroffact,Supported,,Supported,
2502.03361v2_4_F,"Photoemission electron microscopy provides fundamentally different information than scanning near-field microscopy for studying exciton-polaritons, with PEEM being unable to measure energy splitting between polariton branches.",2025-02-01,,matteroffact,Refuted,"[{""bias"": ""Bias blind spot"", ""confidence"": 0.5394}]",Refuted,
2408.01267v4_9_F,"NaNiO₂ exhibits negative thermal expansion through the Jahn-Teller transition, which is consistent with an order-disorder transition mechanism.",2024-08-01,,matteroffact,Refuted,,Supported,
2404.05710v1_2_F,"Non-spherical superconducting rotors exhibit the same degrees of freedom as spherical rotors when levitated in anti-Helmholtz traps, with no additional mechanical properties.",2024-04-01,,matteroffact,Refuted,,Refuted,
2402.17557v3_13_T,"Li₍ₓ₎Sr₂Co₂O₅ is a promising super-ionic conductor for all-solid-state lithium batteries, addressing the issue of poor stability against lithium metal faced by perovskite-type solid electrolytes.",2024-02-01,,matteroffact,Supported,"[{""bias"": ""Pro-Innovation Bias"", ""confidence"": 0.5798}]",Supported,
2503.04492v1_10_T,A two-step framework involving correlation analysis followed by XML-based feature importance ranking provides a systematic approach to feature selection that reduces model complexity while maintaining or improving predictive performance.,2025-03-01,,matteroffact,Supported,"[{""bias"": ""Bias blind spot"", ""confidence"": 0.5201}]",Supported,
2503.03099v1_15_F,"In twisted h-BN bilayers, there is a strong direct correlation between the band gap and both effective carrier masses, with larger band gaps consistently corresponding to larger effective electron and hole masses.",2025-03-01,,matteroffact,Refuted,,Supported,
2310.05415v1_9_F,Titanium atoms in copper promote the formation of stacking faults and increase the emission of partial Shockley dislocations from grain boundaries during tensile deformation.,2023-10-01,,matteroffact,Refuted,"[{""bias"": ""curse of knowledge"", ""confidence"": 0.3617}]",Supported,
2411.04481v1_15_T,"Spintronics development faces three major challenges: the generation and injection of spins, long-range spin transport, and the manipulation and detection of spins.",2024-11-01,,matteroffact,Supported,,Supported,
2503.03099v1_15_T,"In twisted h-BN bilayers, there is an inverse correlation between the band gap and the effective hole mass, with configurations having smaller band gaps exhibiting larger effective hole masses.",2025-03-01,,matteroffact,Supported,,Supported,
2409.18210v1_6_T,"In the studied HfO₂-based RRAM device, the thermal boundary resistance between TiN and HfO₂ (3.2×10⁷ K/W) is approximately two orders of magnitude larger than the thermal spreading resistance in the HfO₂ layer (2.6×10⁵ K/W)",2024-09-01,,matteroffact,Supported,,Supported,
2502.09382v2_9_F,Combinatorial pulsed laser deposition is unsuitable for studying SIMS matrix effects due to inherent variations in crystallographic structure and film thickness across the compositional gradient.,2025-02-01,,matteroffact,Refuted,,Supported,
2409.02507v1_4_F,"In liquid metal thermoelectric systems, the azimuthal flow velocity decreases exponentially with increasing magnetic field strength across all field strength ranges.",2024-09-01,,matteroffact,Refuted,,Refuted,
2502.08872v1_0_T,The optical and vibrational properties of RuO2 are best described by a nonmagnetic electronic structure rather than an altermagnetic state.,2025-02-01,,matteroffact,Supported,,Supported,
2502.00798v1_7_F,"The optical absorption coefficient of silicon at 300K calculated with atoms at equilibrium positions shows significant absorption between 1.1-3.3 eV, corresponding to indirect gap transitions",2025-02-01,,matteroffact,Refuted,,Supported,
2410.20744v1_11_T,"The 2H and 1T phases of WSeH and WSH differ in their stacking order, with the 2H phase having ABA stacking and the 1T phase having ABC stacking, resulting in different bonding strengths between the hydrogen and tungsten atoms.",2024-10-01,,matteroffact,Supported,,Supported,
2412.02812v4_4_T,"Co-rich Co₁₋ₓMnₓ alloys exhibit three distinct structural phases depending on the substrate lattice constant: an fct phase when the substrate lattice constant is sufficiently smaller than the bcc lattice constant, a bct phase near the bcc lattice constant, and an hcp-like phase when the substrate lattice constant is sufficiently larger than the bcc lattice constant.",2024-12-01,,matteroffact,Supported,,Supported,
2403.13710v1_9_T,"NV centers can probe quantities beyond average magnetic fields, such as magnetic noise spectral density and current correlations, which are inaccessible to other nanoscale magnetic field sensors.",2024-03-01,,matteroffact,Supported,"[{""bias"": ""curse of knowledge"", ""confidence"": 0.432}]",Supported,
2311.03271v1_12_F,High computational demands make twin tracking algorithms unsuitable for analyzing large-scale simulations with millions of atoms,2023-11-01,,matteroffact,Refuted,,Supported,
2401.11967v1_14_F,"The ResNet18 VAE preserves all microstructural features in titanium alloy microstructures equally well, including both primary grain structures and fine-scale features such as alpha-s laths.",2024-01-01,,matteroffact,Refuted,,Refuted,
2406.04713v1_8_T,"Riemannian Flow Matching allows for more flexible base distributions than diffusion models, simplifying the problem of learning crystal structures",2024-06-01,,matteroffact,Supported,,Supported,
2401.05568v1_14_T,"The M2 phase of NiTi predicted by LDA, PBE, and PBEsol models may be stable at high pressures and could potentially be observed in high-pressure experiments.",2024-01-01,,matteroffact,Supported,"[{""bias"": ""Pro-Innovation Bias"", ""confidence"": 0.6836}]",Supported,
2504.02054v1_3_T,The calculated transport mobility of oxygen hole polarons in NaMn₃O₇ at room temperature is 1.37 × 10⁻⁵ cm²/(V·s),2025-04-01,,matteroffact,Supported,"[{""bias"": ""Planning Fallacy"", ""confidence"": 0.32}]",Supported,
2311.01879v1_2_F,Y-Al-O oxide particles in FeCrAl ODS steels become amorphous after Fe ion irradiation to 3 dpa at 300°C.,2023-11-01,,matteroffact,Refuted,"[{""bias"": ""curse of knowledge"", ""confidence"": 0.3671}]",Supported,
2412.10561v2_4_T,Temperature measurements of laser-heated glass using thermal cameras operating at 8 μm wavelength are reliable regardless of the thickness of the heated region.,2024-12-01,,matteroffact,Supported,,Refuted,
2503.14952v1_16_T,"The narrowing of the valence band in La1.5Mg0.5Ni7 compared to La2Ni7 is attributed to the increased presence of La2O3 phase, which has a narrower valence band than Ni-containing compounds.",2025-03-01,,matteroffact,Supported,,,Failed to get valid prediction
2502.03739v1_14_F,"The frequencies of low-frequency optical phonon modes at the Γ point in CrSBr bilayers increase systematically with changes in stacking pattern, with the lowest frequencies being 0.20, 0.30, 0.40, and 0.60 THz for the AA-0, AA-1, AB-0, and AB-1 structures, respectively.",2025-02-01,,matteroffact,Refuted,"[{""bias"": ""subadditivity effect"", ""confidence"": 0.4403}, {""bias"": ""Time-saving bias"", ""confidence"": 0.3153}]",Supported,
2502.03739v1_12_T,"The interlayer antiferromagnetic coupling in CrSBr bilayers is mediated by super-superexchange pathways through interfacial Br anions (Cr-Br-Br-Cr), with the number and geometry of these pathways varying across different stacking patterns and directly influencing the strength of interlayer coupling.",2025-02-01,,matteroffact,Supported,,Supported,
2503.11087v1_16_T,"The in-plane anomalous Hall effect in EuZn₂Sb₂ exhibits a clear three-fold symmetry with respect to the azimuthal angle of the in-plane magnetic field, distinct from the two-fold symmetry of the planar Hall effect.",2025-03-01,,matteroffact,Supported,,Supported,
2501.01822v1_13_F,Al/ZIF-8/ITO resistive switching devices show significant device-to-device variation with unpredictable switching voltages even when fabricated under identical conditions,2025-01-01,,matteroffact,Refuted,"[{""bias"": ""Bias blind spot"", ""confidence"": 0.3149}]",Supported,
2401.06319v2_2_T,"In Ag bulk, the bct structure is 6 meV/atom higher in energy than the fcc structure but lower in energy than the bcc structure by 6 meV/atom.",2024-01-01,,matteroffact,Supported,"[{""bias"": ""Time-saving bias"", ""confidence"": 0.9429}]",Supported,
2411.08528v1_12_T,"In Rb₂BX₆ (B = Si, Ge, Sn, Pt; X = Cl, Br, I) vacancy-ordered double perovskites, exciton lifetime increases when moving from chlorine to bromine to iodine-containing compounds.",2024-11-01,,matteroffact,Supported,,Supported,
2503.14952v1_9_T,"Substitution of Mg for La in La2Ni7 alloys depopulates the valence band and reduces the density of states at the Fermi level, affecting the material's conduction properties.",2025-03-01,,matteroffact,Supported,,Supported,
2408.13419v1_2_F,"The ¹H-NMR resonance line-width in lanthanum superhydride (LaH₁₀.₅) at 170 GPa is approximately 50 kHz FWHM, which is consistent with the expected Pake-like line-width for static hydrogen atoms at the calculated interatomic distances.",2024-08-01,,matteroffact,Refuted,,Supported,
2504.00309v1_8_F,The QSE-QSCI approach is limited to tight-binding Hamiltonians and cannot incorporate two-body interaction terms needed for describing electron correlations in strongly correlated systems.,2025-04-01,,matteroffact,Refuted,"[{""bias"": ""Bias blind spot"", ""confidence"": 0.6033}]",Refuted,
2501.15424v1_14_T,"The two-dimensional nodal surface in Fe₃Ge provides more extensive band crossings than zero-dimensional Weyl/Dirac points or one-dimensional nodal lines, leading to enhanced Berry curvature and anomalous Hall conductivity.",2025-01-01,,matteroffact,Supported,,Supported,
2403.04470v2_3_F,The 5-micron silica tip attached to a metallic pre-tip forms a Schottky junction that selectively amplifies positive THz pulses due to the forward bias direction of the junction,2024-03-01,,matteroffact,Refuted,,Supported,
2407.11586v1_1_T,The superconducting gap in 1uc-FeSe/6uc-NdFeO3/Nb:SrTiO3 heterostructures is 10.3 meV at the major axis endpoint of the Fermi pocket at the M point.,2024-07-01,,matteroffact,Supported,"[{""bias"": ""Outcome bias"", ""confidence"": 0.3302}]",Supported,
2503.00456v1_9_F,"The electron effective mass of A₍ₙ₊₁₎HfₙS₍₃ₙ₊₁₎ (A = Ca, Sr, Ba; n = 1-3) Ruddlesden-Popper phases decreases as the thickness of the perovskite layer (n) increases.",2025-03-01,,matteroffact,Refuted,,Supported,
2310.18468v1_4_F,"A Totimorphic Unit Cell (TUC) requires 7 geometric parameters to be fully defined: position vector P, beam vector AB, lever length r, spring constant k, spring length s, angle θ, and roll angle φ.",2023-10-01,,matteroffact,Refuted,,Supported,
2405.07614v1_13_F,"Na-ion mobility is excellent in transition metal oxyfluoride perovskites, with most pristine compositions exhibiting migration barriers below 800 meV, due to the expanded lattice parameters caused by the larger ionic radius of F- compared to O2-.",2024-05-01,,matteroffact,Refuted,,Supported,
2408.09073v1_10_F,The lower critical field (Hp) of H₃S at 100K is reported to be 85 mT based on magnetic moment measurements,2024-08-01,,matteroffact,Refuted,,Supported,
2412.10865v1_8_T,"The polariton neural network requires 4 neurons for rings and XOR datasets, and 8 neurons for the more complex spirals dataset to achieve high classification accuracy.",2024-12-01,,matteroffact,Supported,,Supported,
2405.02186v1_16_F,"The in-situ aluminum reduction of nickelate thin films was performed by depositing 5.0 nm of aluminum at 450°C and a pressure of 1 × 10⁻³ mbar, followed by annealing at the same temperature for 1 hour.",2024-05-01,,matteroffact,Refuted,,Supported,
2411.12896v1_3_F,The effective capture barrier for nonradiative processes in Ge-doped AlGaN increases from 0.135 eV at 50% Al content to 0.198 eV at 65% Al content,2024-11-01,,matteroffact,Refuted,"[{""bias"": ""Time-saving bias"", ""confidence"": 0.8134}]",Supported,
2406.13900v1_13_T,"The Fermi pockets in the Sr₂RuO₄ surface state form due to hybridization between the original bands and their folded counterparts, with the hybridization gap opening at the Fermi level being driven by the correlation-enhanced spin-orbit coupling.",2024-06-01,,matteroffact,Supported,"[{""bias"": ""curse of knowledge"", ""confidence"": 0.3654}]",Supported,
2501.05312v1_5_T,"In Hf₀.₅Zr₀.₅O₂ films, preferential crystallographic orientation near 0 radians (vertically aligned c-axis) results in more open ferroelectric hysteresis loops with higher coercive fields due to enhanced coupling between polarization and the vertical electric field.",2025-01-01,,matteroffact,Supported,,Supported,
2406.09663v1_5_T,"Incomplete transformation in non-isothermally treated bainite steels leads to the introduction of secondary phases including martensite-austenite islands, with the nature of these phases dictated by alloying elements.",2024-06-01,,matteroffact,Supported,"[{""bias"": ""Bias blind spot"", ""confidence"": 0.3846}]",Supported,
2502.00798v1_17_F,"For GaAs optical absorption calculations, a 2×2×2 k-grid was used for Brillouin zone sampling with a Gaussian broadening of 30 meV",2025-02-01,,matteroffact,Refuted,,Supported,
2504.02054v1_14_F,"The split-hole polaron in desodiated Na₂Mn₃O₇ is fundamentally identical to conventional small polarons, differing only in the magnitude of the activation energy for migration",2025-04-01,,matteroffact,Refuted,"[{""bias"": ""Outcome bias"", ""confidence"": 0.375}]",Refuted,
2310.03080v2_10_T,The high harmonic generation simulations in monolayer NbSe2 used a laser pulse with a width of 30 femtoseconds and photon energy of 0.6 eV (approximately 145 THz).,2023-10-01,,matteroffact,Supported,"[{""bias"": ""Outcome bias"", ""confidence"": 0.429}]",Supported,
2412.05273v1_6_F,The disorder parameter δ in Cd3As2 samples with carrier densities between 2.9×10^16 cm^-3 and 5.8×10^16 cm^-3 varies significantly from approximately 0.1 T^-1/2 to 0.5 T^-1/2.,2024-12-01,,matteroffact,Refuted,"[{""bias"": ""Time-saving bias"", ""confidence"": 0.8331}]",Supported,
2312.05174v1_7_F,The absorptivity of 5-hour etched copper powder (Cu05) decreases from 0.372 at a scanning speed of 100 mm/s to 0.286 at a scanning speed of 656 mm/s,2023-12-01,,matteroffact,Refuted,"[{""bias"": ""Time-saving bias"", ""confidence"": 0.9736}]",Supported,
2403.04470v2_0_T,Negative THz pulses are more efficient than positive THz pulses at triggering the evaporation of cations from nanoneedles in amorphous silica samples,2024-03-01,,matteroffact,Supported,"[{""bias"": ""curse of knowledge"", ""confidence"": 0.514}]",Supported,
2405.17947v1_9_F,"The experimental voltage profile of NbS₂ anodes shows a smooth, continuous discharge curve without distinct stages or plateaus during lithium insertion.",2024-05-01,,matteroffact,Refuted,,Supported,
2501.13547v1_3_T,"The Korringa ratio in LaRhGe₃ is approximately 4, indicating weak antiferromagnetic correlations in the material.",2025-01-01,,matteroffact,Supported,,Supported,
2502.12144v1_4_T,"In finite-layer nickelates Nd₍ₙ₊₁₎Ni₍ₙ₎O₍₂ₙ₊₂₎, there is an out-of-plane distortion of the Ni-O bonds that is particularly strong (approximately 4 degrees) for layers facing the stacking fault and rapidly diminishes in further layers.",2025-02-01,,matteroffact,Supported,"[{""bias"": ""Risk Compensation"", ""confidence"": 0.3029}]",Supported,
2310.05415v1_10_F,"Higher titanium concentrations in copper increase the nonaffine displacement (D²min) in grain boundaries during tensile deformation at strains above 2%, indicating increased local distortion.",2023-10-01,,matteroffact,Refuted,,Supported,
2408.15601v1_8_F,Particle-based diffusion models can successfully generate ordered simple cubic structures when initialized with up to 40% Gaussian displacements and only fail when initial noise exceeds 60%.,2024-08-01,,matteroffact,Refuted,"[{""bias"": ""sunk cost fallacy"", ""confidence"": 0.3741}]",Supported,
2312.03989v1_2_T,"A reliable rare event indicator can be computed from a partial data set covering just 40° of rotation, which is approximately 11% of the full 360° data set.",2023-12-01,,matteroffact,Supported,,Refuted,
2411.04481v1_13_F,"Bipolar magnetic semiconductors can only generate partially spin-polarized currents in a fixed spin-polarization direction, regardless of the applied gate voltage magnitude or polarity.",2024-11-01,,matteroffact,Refuted,,Refuted,
2311.01879v1_1_T,"In FeCrAl ODS steels irradiated with Fe ions at 300°C and dose rates of 10^-4 to 10^-3 dpa/s, dislocation loops rather than α' precipitates are the main contributor to irradiation hardening.",2023-11-01,,matteroffact,Supported,,Supported,
2412.16310v3_9_F,"The sulfur-vacancy (SV) defect in diamond exhibits acceptor levels at E_v + 2.0 eV for the (0|-) transition and E_v + 2.5 eV for the (-|2-) transition, making it a shallow acceptor.",2024-12-01,,matteroffact,Refuted,"[{""bias"": ""Time-saving bias"", ""confidence"": 0.724}]",Supported,
2407.20599v1_12_T,"The Hall coefficient in film-substrate systems has the potential to exhibit a peak due to the cooperative effect, but in practical systems like bismuth on silicon, it changes gradually with thickness ratio.",2024-07-01,,matteroffact,Supported,"[{""bias"": ""Bias blind spot"", ""confidence"": 0.3774}]",Supported,
2310.03080v2_14_T,A CDW distortion parameter of α=4 in monolayer NbSe2 produces significant changes in the electronic density of states and corresponding changes in the high harmonic generation spectra.,2023-10-01,,matteroffact,Supported,"[{""bias"": ""Outcome bias"", ""confidence"": 0.402}]",Supported,
2408.15684v1_5_F,Inserting graphene at the Mo foil/CZTSSe interface increases the built-in potential of the solar cell from 0.41 V to 0.65 V,2024-08-01,,matteroffact,Refuted,"[{""bias"": ""Time-saving bias"", ""confidence"": 0.9131}]",Supported,
2310.14013v1_13_F,"Interparticle cohesion enhances powder flowability during spreading, leading to more uniform particle distribution, higher packing density, and smoother surface profiles that improve the quality of the powder layer.",2023-10-01,,matteroffact,Refuted,,Supported,
2409.06549v1_7_T,HZO films with interplanar spacing d111 less than 2.97 Å exhibit reduced ferroelectric polarization compared to films with larger d111 spacing,2024-09-01,,matteroffact,Supported,,Supported,
2310.07816v2_6_T,Kernel Ridge regression achieves the lowest root mean square error (26±1°C) among all regression models for predicting MoS2 thin film growth temperature from AFM images.,2023-10-01,,matteroffact,Supported,,Refuted,
2405.18150v1_14_F,The strong electronic correlations in titanium nitride make it unsuitable for practical applications in quantum computing and superconducting devices due to increased decoherence and instability.,2024-05-01,,matteroffact,Refuted,,Refuted,
2410.08357v1_5_F,Higher charge-discharge rates in lithium intermetallic anodes result in more reversible morphological changes compared to lower charge-discharge rates.,2024-10-01,,matteroffact,Refuted,,Supported,
2405.18946v3_10_F,The LO₄ phonon mode in the two-dimensional electron liquid on TiO₂-terminated SrTiO₃(001) is blue-shifted by approximately 15 meV compared to undoped bulk SrTiO₃,2024-05-01,,matteroffact,Refuted,"[{""bias"": ""Outcome bias"", ""confidence"": 0.3058}]",Supported,
2403.08237v2_7_T,The dependence of Li₂ZrCl₆ ionic conductivity on non-equilibrium Zr disorder presents challenges for large-scale production and raises concerns about the long-term stability of its conductive properties,2024-03-01,,matteroffact,Supported,"[{""bias"": ""Pro-Innovation Bias"", ""confidence"": 0.4749}, {""bias"": ""Attentional bias"", ""confidence"": 0.3387}]",Supported,
2412.20009v1_15_F,"The SolarDesign platform's material library is limited to silicon and III-V materials, lacking data for organic semiconductors and perovskite materials.",2024-12-01,,matteroffact,Refuted,"[{""bias"": ""Bias blind spot"", ""confidence"": 0.3223}]",Supported,
2411.11673v2_17_F,The theoretical calculations of magneto-optical effects in MnTe using the projector augmented-wave method employed a Hubbard U parameter of 8 eV in the Liechtenstein scheme.,2024-11-01,,matteroffact,Refuted,"[{""bias"": ""curse of knowledge"", ""confidence"": 0.3071}]",Supported,
2501.15612v1_9_T,"The truncated velocity gauge approach preserves the space-periodicity of the material Hamiltonian even in the presence of external fields, allowing the Bloch theorem to be invoked throughout the calculations",2025-01-01,,matteroffact,Supported,"[{""bias"": ""Bias blind spot"", ""confidence"": 0.7756}]",Supported,
2406.11763v1_7_F,"During laser exposure of Hf0.5Zr0.5O2 thin films, the energies of trap states associated with oxygen vacancies shift significantly to higher energies as vacancy concentration decreases.",2024-06-01,,matteroffact,Refuted,,Supported,
2501.16965v1_3_T,"In monolayer TiSe₂, the non-Abelian quantum metric contributes approximately 50% to the total superfluid weight.",2025-01-01,,matteroffact,Supported,,Supported,
2402.08326v2_5_T,"The bulk modulus of fullerene C60 calculated using different methods (analytical model, DFT, and Tersoff potential) falls within the range of 614-756 GPa, which is approximately 1.5-2 times higher than the bulk modulus of diamond.",2024-02-01,,matteroffact,Supported,,,Failed to get valid prediction
2502.00798v1_16_F,The Williams-Lax theory can only account for phonon-assisted transitions but not band structure renormalization effects in optical absorption calculations,2025-02-01,,matteroffact,Refuted,"[{""bias"": ""Bias blind spot"", ""confidence"": 0.7763}]",Refuted,
2403.04637v2_7_T,Increasing the thickness of the active layer in amorphous silicon thin film solar cells improves the long wavelength response by increasing optical absorption at longer wavelengths,2024-03-01,,matteroffact,Supported,,Supported,
2402.09770v1_5_F,"The magnetism induced by hole doping in In₂Se₃ bilayer is independent of the interlayer polarization coupling, showing identical magnetic behavior across all polarization states.",2024-02-01,,matteroffact,Refuted,"[{""bias"": ""Bias blind spot"", ""confidence"": 0.3022}]",Refuted,
2503.14972v1_4_F,"The abundance of A₂B₇-type phase in La₁.₅Mg₀.₅Ni₇₋ᵧCoᵧ alloys decreases from 88.9 wt% for y=0 to 80.5 wt% for y=0.5, indicating that Co substitution inhibits the formation of this phase.",2025-03-01,,matteroffact,Refuted,,Supported,
2405.02186v1_10_T,"In total reflection hard X-ray photoemission spectroscopy of superconducting infinite-layer nickelate thin films, the hole-doped component of the Ni 2p₃/₂ spectrum shows stronger relative intensity at incidence angles between -0.2 and 0.2 degrees compared to higher angles.",2024-05-01,,matteroffact,Supported,,Supported,
2503.01590v1_11_F,The numerical values of Hubbard parameters are determined solely by the element type and remain consistent across different compounds regardless of chemical environment,2025-03-01,,matteroffact,Refuted,"[{""bias"": ""Bias blind spot"", ""confidence"": 0.6035}]",Refuted,
2401.15936v1_8_T,MoOx serves as both an encapsulant for closed-space annealing and a hole-selective contact in selenium thin-film solar cells,2024-01-01,,matteroffact,Supported,,Supported,
2411.17368v2_3_T,"The distribution function of relaxation times for a finite-length R-CPE transmission line becomes narrower as the dispersion coefficient α approaches 1, and wider as α decreases toward 0.",2024-11-01,,matteroffact,Supported,,Supported,
2408.06641v2_5_T,"The elastic constants of undoped Cr3Si calculated using VASP-PBE are C11 = 507.6 GPa, C12 = 138.1 GPa, and C44 = 150.7 GPa.",2024-08-01,,matteroffact,Supported,"[{""bias"": ""subadditivity effect"", ""confidence"": 0.3757}, {""bias"": ""Time-saving bias"", ""confidence"": 0.3162}]",Supported,
2404.05820v1_9_T,"Weberite fluorides exhibit consistently higher calcium intercalation voltages and theoretical capacities compared to perovskite fluorides with the same transition metal, due to accessing higher transition metal oxidation states and accommodating more calcium per formula unit.",2024-04-01,,matteroffact,Supported,"[{""bias"": ""Pro-Innovation Bias"", ""confidence"": 0.3241}]",Supported,
2501.16001v1_3_F,"The spatial harmonic SAW method samples the dispersion curve at discrete, equidistant frequencies determined by the pulse repetition rate of the excitation laser.",2025-01-01,,matteroffact,Refuted,"[{""bias"": ""clustering illusion"", ""confidence"": 0.9374}]",Supported,
2409.06743v1_8_T,The ferroelectric BaTiO₃ fillers in paper separators enhance sodium-ion transport through Lewis acid-base interactions with the polymer matrix and by creating an internal piezoelectric field that directs ion migration.,2024-09-01,,matteroffact,Supported,"[{""bias"": ""clustering illusion"", ""confidence"": 0.4357}]",Supported,
2503.11087v1_5_F,"The optical conductivity spectrum of EuZn₂Sb₂ shows a peak at lower energies compared to EuCd₂Sb₂ and EuCd₂As₂, indicating a larger band inversion energy despite weaker spin-orbit coupling.",2025-03-01,,matteroffact,Refuted,"[{""bias"": ""Bias blind spot"", ""confidence"": 0.3023}]",Supported,
2408.06128v1_15_F,"Superconductivity in strontium first appears at approximately 25 GPa when compressed at low temperatures, with a critical temperature (Tc(50%)) near 5 K.",2024-08-01,,matteroffact,Refuted,,Supported,
2411.10911v1_6_T,"Phonon density of states and radial distribution functions for Cu₇PS₆ were computed using molecular dynamics simulations with a 56,000-atom supercell",2024-11-01,,matteroffact,Supported,"[{""bias"": ""clustering illusion"", ""confidence"": 0.6305}]",Supported,
2501.04289v1_16_F,Incorporating only the Duschinsky matrix without considering off-diagonal contributions is sufficient to fully address the limitations of equal-mode approximation in multiphonon transition calculations.,2025-01-01,,matteroffact,Refuted,"[{""bias"": ""Bias blind spot"", ""confidence"": 0.7222}]",Refuted,
2501.04124v1_2_T,"The SCDFT-BR89-CS functional depends on the 2×2 spin density, the 2×2 kinetic-energy density, and the three vector components of the 2×2 paramagnetic spin-current density, yielding associated 2×2 partial derivatives in the XC potential.",2025-01-01,,matteroffact,Supported,,Supported,
2312.14311v2_0_T,Fine-tuned ResNet18 models achieve an R² value of 0.99 on held-out test sets when predicting WSe2 thin film crystal coverage from AFM micrographs.,2023-12-01,,matteroffact,Supported,"[{""bias"": ""Bias blind spot"", ""confidence"": 0.7942}]",Supported,
2501.05312v1_5_F,"In Hf₀.₅Zr₀.₅O₂ films, the dispersion of grain orientations (σθ) is the primary factor determining the shape and openness of ferroelectric hysteresis loops, with higher dispersion values consistently producing more square-shaped loops.",2025-01-01,,matteroffact,Refuted,,Supported,
2407.09880v1_1_F,Highly metallic SrVO₃ films partially reduce but do not fully screen the Fuchs-Kliewer phonons at the interface with monolayer FeSe.,2024-07-01,,matteroffact,Refuted,,Supported,
2311.07316v2_13_T,Tuning the Ni-e_g crystal field splitting in La₃Ni₂O₇ is experimentally feasible because it is directly coupled to the NiO₆ oxygen octahedra environment,2023-11-01,,matteroffact,Supported,,Supported,
2407.15258v1_13_F,The synthesis of Mg-Cl doped Li7PS6 argyrodite involves ball milling precursors at 800 RPM for 4 hours followed by heating to 700°C at 10°C/min in an argon atmosphere for 6 hours.,2024-07-01,,matteroffact,Refuted,,Supported,
2503.13955v1_3_F,The nondispersive approximation for calculating the Casimir-Polder force is valid for monolayer stanene with all values of the photoinduced mass-like term λH relative to the spin-orbit interaction strength λSO.,2025-03-01,,matteroffact,Refuted,,Supported,
2410.07660v1_8_T,"For a two-dimensional Rashba superconductor with parameters t=1 eV and a=1 Å, the ratio of spatially-dispersive to conventional superfluid weight is 0.12×10¹³ A⁻¹m⁻¹, resulting in an induced spin moment of 0.12×10⁻⁸-10⁻⁵ nm⁻² for supercurrents of 10⁻³-10⁰ Am⁻¹.",2024-10-01,,matteroffact,Supported,"[{""bias"": ""Time-saving bias"", ""confidence"": 0.5906}]",Supported,
2411.03664v1_15_F,"Chiral charge density wave materials always become fully insulating at low temperatures, with a complete gap opening at the Fermi level after the CDW transition.",2024-11-01,,matteroffact,Refuted,,Refuted,
2410.08357v1_12_T,"Applying a lithium flux of 2 mA/cm² for 3 minutes produces a different intermetallic microstructure compared to applying 0.5 mA/cm² for 12 minutes, despite transporting the same total amount of lithium.",2024-10-01,,matteroffact,Supported,"[{""bias"": ""Time-saving bias"", ""confidence"": 0.9906}]",Supported,
2406.07144v1_3_T,Electron Cyclotron Resonance Ion Beam Deposition produces Diamond-Like Carbon coatings with higher sp³ content than other conventional sputtering techniques without requiring substrate bias voltage.,2024-06-01,,matteroffact,Supported,"[{""bias"": ""Pro-Innovation Bias"", ""confidence"": 0.3696}]",Supported,
2405.03680v2_5_F,"Nb2B, a novel superconductor discovered using AtomGPT, has a predicted superconducting transition temperature of 15.2 K, a formation energy of -0.45 eV/atom, and an energy above the convex hull of 0.1 eV.",2024-05-01,,matteroffact,Refuted,,Supported,
2502.08872v1_3_T,"The density of states at the Fermi level in RuO2 is approximately 1.10 states eV⁻¹ Ru⁻¹ spin⁻¹ based on experimental measurements, which is close to the calculated value of 0.99 states eV⁻¹ Ru⁻¹ spin⁻¹ for the nonmagnetic state.",2025-02-01,,matteroffact,Supported,"[{""bias"": ""Pseudocertainty effect"", ""confidence"": 0.3269}]",Supported,
2504.05858v1_11_T,"The dielectric loss peaks in Na₃Zr₂₋ₓTiₓSi₂PO₁₂ materials shift toward higher temperatures with increasing frequency, with activation energies of 0.24-0.26 eV for low-temperature peaks and 0.40-0.51 eV for high-temperature peaks.",2025-04-01,,matteroffact,Supported,"[{""bias"": ""subadditivity effect"", ""confidence"": 0.7172}]",Supported,
2406.11763v1_3_F,"Laser exposure of Hf0.5Zr0.5O2 thin films increases hysteresis loop pinching and decreases piezoresponse, contrary to the wake-up process observed in HfO2-based devices.",2024-06-01,,matteroffact,Refuted,"[{""bias"": ""Bias blind spot"", ""confidence"": 0.4735}]",Supported,
2411.01127v1_13_F,"Increasing carrier density in PBTTT thin films enhances electron localization, pushing the system toward the strong localization regime, as evidenced by decreasing dimensionless conductance, decreasing dephasing length, and increasing temperature exponent of the dephasing length.",2024-11-01,,matteroffact,Refuted,"[{""bias"": ""Outcome bias"", ""confidence"": 0.3531}]",Supported,
2404.05710v1_11_T,"The librational frequency of a magnetically-levitated superconducting rotor can be calculated as ωβ = √(1/Iy × (-∂Ty/∂β|β→β₀)), where Iy is the moment of inertia about the y-axis and β₀ is the equilibrium angle.",2024-04-01,,matteroffact,Supported,"[{""bias"": ""Planning Fallacy"", ""confidence"": 0.4827}]",Supported,
2403.13814v1_13_F,DyFeO₃ nanoparticles contain only single oxidation states of Dy (Dy³⁺) and Fe (Fe³⁺) that contribute to their pseudocapacitive charge storage capability.,2024-03-01,,matteroffact,Refuted,"[{""bias"": ""Outcome bias"", ""confidence"": 0.3025}]",Supported,
2311.02289v1_14_T,"DFT calculations for CsV3Sb5 used an 11 × 11 × 5 Γ-centered k-point mesh, while GW calculations used a reduced 4 × 4 × 2 k-point grid due to computational cost.",2023-11-01,,matteroffact,Supported,"[{""bias"": ""Time-saving bias"", ""confidence"": 0.6671}]",Supported,
2402.08326v2_13_T,"In Al/C60 nanocomposites, the interphase layer between aluminum and fullerene has a bulk modulus of approximately 84 GPa and a shear modulus of zero, which explains the observed decrease in effective shear modulus with increasing fullerene concentration.",2024-02-01,,matteroffact,Supported,,Supported,
2408.00042v3_6_T,"In space group 135 (P4₂/mbc), the time-reversal invariant momenta R₁(π,0,π), R₂(0,π,π), X₁(π,0,0), and X₂(0,π,0) have fourfold degeneracies with δ = -1, while the M(π,π,0) point has fourfold degeneracy with δ = 1.",2024-08-01,,matteroffact,Supported,"[{""bias"": ""Time-saving bias"", ""confidence"": 0.3024}]",Supported,
2504.06595v1_15_F,The fluctuation-dissipation theorem implies that increased thermal forces experienced by mobile ions in solid electrolytes are accompanied by a decrease in drag,2025-04-01,,matteroffact,Refuted,,Refuted,
2311.01879v1_10_F,Fe12Cr9Al ODS steel exhibits an irradiation hardening of 2.50±0.30 GPa after Fe ion irradiation to 3 dpa at 300°C.,2023-11-01,,matteroffact,Refuted,,Supported,
2406.04713v1_5_T,"Riemannian Flow Matching requires approximately 40,000 integration steps to find a stable, unique, and novel crystal material, compared to approximately 83,333 steps for diffusion-based methods",2024-06-01,,matteroffact,Supported,,Supported,
2402.17557v3_0_T,The migration barriers of lithium ions in Li₍ₓ₎Sr₂Co₂O₅ range from 0.28 eV to 0.17 eV depending on lithium concentration rates.,2024-02-01,,matteroffact,Supported,"[{""bias"": ""subadditivity effect"", ""confidence"": 0.3253}]",Supported,
2404.02416v2_9_T,"In liquid-phase TEM experiments, the electron beam dose rate can be used to control hydrogen concentration, with higher dose rates producing larger steady-state bubble radii that correlate with increased hydrogen availability for absorption into palladium nanocrystals.",2024-04-01,,matteroffact,Supported,"[{""bias"": ""curse of knowledge"", ""confidence"": 0.3443}]",Supported,
2412.18712v1_2_T,The segmental fragility (m_s) of glass-forming polymers varies linearly with the VFT fragility parameter (K_VFT) according to the relationship m_s ≈ 19.3 + 517.7 K_VFT,2024-12-01,,matteroffact,Supported,,Supported,
2311.07943v2_6_T,The diffraction peak shift caused by air annealing is 0.016° in single-crystalline CaFeAsF samples and 0.070° in polycrystalline samples.,2023-11-01,,matteroffact,Supported,"[{""bias"": ""Time-saving bias"", ""confidence"": 0.5337}]",Supported,
2503.03099v1_13_T,"The in-plane deformation patterns in twisted h-BN bilayers depend on the twist angle, with small angles showing alternating regions of strain and stress, while angles around 30° show both layers shrinking in different directions.",2025-03-01,,matteroffact,Supported,"[{""bias"": ""Distinction bias"", ""confidence"": 0.3675}]",Supported,
2501.15424v1_8_F,The nodal surface in Fe₃Ge at the kz=π plane is primarily due to the absence of spin-orbit coupling and disappears when spin-orbit coupling is included in calculations.,2025-01-01,,matteroffact,Refuted,"[{""bias"": ""Bias blind spot"", ""confidence"": 0.3577}]",Supported,
2310.14013v1_7_F,"The distribution of local structural anisotropy (Qk) maintains the same shape with a consistent slope throughout the range Qk < 0 for all Bond numbers from 0 to 272.3, showing no transition in slope at any specific Qk value.",2023-10-01,,matteroffact,Refuted,,Refuted,
2502.06904v2_7_T,The enhanced hole effective mass observed in ARPES measurements of CsPbBr₃ can be fully explained by thermal fluctuations without invoking polaron formation.,2025-02-01,,matteroffact,Supported,"[{""bias"": ""Bias blind spot"", ""confidence"": 0.3318}]",Refuted,
2407.20599v1_11_F,The Seebeck coefficient in film-substrate systems exhibits a significant peak at a specific thickness ratio due to a cooperative effect between the film and substrate layers.,2024-07-01,,matteroffact,Refuted,,Supported,
2401.08834v1_0_F,"The copper-substituted lead oxyapatite Pb₁₀₋ₓCuₓ(PO₃.₉₂)₆O₀.₉₆ (x=0.94) crystallizes in a monoclinic structure with space group P2₁/c and lattice constants a=9.5 Å, b=8.2 Å, c=7.1 Å at 300 K.",2024-01-01,,matteroffact,Refuted,,Supported,
2412.13456v1_7_F,"The dielectric constant of Nb₃Cl₈ is isotropic with a value of 2.5, which simplifies the calculation of electric dipole-dipole interactions and the Bohr radius of excitons.",2024-12-01,,matteroffact,Refuted,,Supported,
2401.05568v1_14_F,"The M2 phase of NiTi predicted by LDA, PBE, and PBEsol models is a computational artifact with no physical relevance and could not be observed in any experimental conditions.",2024-01-01,,matteroffact,Refuted,"[{""bias"": ""Bias blind spot"", ""confidence"": 0.9317}]",Refuted,
2311.07316v2_8_T,"The linearized gap equation calculations for La₃Ni₂O₇ use a Hund's coupling ratio of J_H = 0.15U, and the key results do not change if other physically reasonable ratios between 0.1U and 0.2U are used",2023-11-01,,matteroffact,Supported,"[{""bias"": ""Bias blind spot"", ""confidence"": 0.7016}]",Supported,
2404.05710v1_9_F,"For a spheroid with a=b, the demagnetizing factors satisfy Nab = Nc/2, where Nab is the demagnetizing factor along the a and b axes, and Nc is the demagnetizing factor along the c axis.",2024-04-01,,matteroffact,Refuted,"[{""bias"": ""Time-saving bias"", ""confidence"": 0.3966}]",Supported,
2502.09382v2_5_F,The normalized intensities of ⁸⁸Sr and ¹³⁸Ba ions in the Ba₁₋ₓSrₓTiO₃ layer show a quadratic relationship with the strontium stoichiometric parameter x along the compositional gradient.,2025-02-01,,matteroffact,Refuted,,Supported,
2411.04481v1_9_F,"In NaFe5O8, the d orbitals of Fe atoms split identically in tetrahedral and octahedral crystal fields, with t2g orbitals having lower energy than eg orbitals in both field types.",2024-11-01,,matteroffact,Refuted,,Refuted,
2404.02416v2_17_T,"The elastic Ising model developed for palladium hydride can be applied to a broad class of materials systems where solid-solid phase transformations involve changes in local composition and generation of large strains, including lithium intercalation systems and semiconducting bilayers.",2024-04-01,,matteroffact,Supported,,Supported,
2404.08651v1_11_F,Using a textured surface with a thicker window layer is more effective for improving thin film silicon solar cell efficiency than using a thin p-type window layer on a flat surface.,2024-04-01,,matteroffact,Refuted,,Supported,
2503.05525v1_14_T,Standard density functional theory (DFT) calculations have limited predictive capability for phase stability of compounds and alloys due to inherent errors in energy functionals,2025-03-01,,matteroffact,Supported,"[{""bias"": ""Bias blind spot"", ""confidence"": 0.6839}]",Supported,
2503.05525v1_1_F,"With approximately 15 structures in the training set, the neural network model achieves an RMSE of 10 meV/atom on the prediction set",2025-03-01,,matteroffact,Refuted,"[{""bias"": ""Planning Fallacy"", ""confidence"": 0.4155}]",Supported,
2401.04644v1_14_F,"During the fabrication of Eu₂Ir₂O₇ thin films by reactive solid phase epitaxy, the optimal number of laser pulses is 100 for IrO₂ and 80 for Eu₂O₃ layers, with a laser fluence of approximately 2.5 J/cm² at a fixed repetition rate of 5 Hz.",2024-01-01,,matteroffact,Refuted,"[{""bias"": ""Time-saving bias"", ""confidence"": 0.4213}]",Supported,
2408.07229v1_15_F,The energy difference for breaking the ester group in DEO-EA monomer after adding two electrons is approximately -1.50 eV relative to the neutral undecomposed system.,2024-08-01,,matteroffact,Refuted,"[{""bias"": ""Time-saving bias"", ""confidence"": 0.4289}]",Supported,
2401.06090v1_8_F,The correlation parameter β for Li⁺ diffusion in Li₃InCl₆ increases from 2.0 to 2.2 when the NMR measurement frequency is increased from 116 MHz to 194 MHz.,2024-01-01,,matteroffact,Refuted,"[{""bias"": ""Time-saving bias"", ""confidence"": 0.9134}]",Supported,
2503.14952v1_0_F,"La1.25Mg0.75Ni7 alloy achieves a maximum discharge capacity of 350 mAh/g, which is higher than other La2-xMgxNi7 compositions with x = 0.00, 0.25, and 0.50.",2025-03-01,,matteroffact,Refuted,"[{""bias"": ""Time-saving bias"", ""confidence"": 0.3062}]",Supported,
2403.08237v2_10_F,Aliovalent substitution and lithium stuffing in the fcc framework of halide solid electrolytes can achieve conductivities of at most 0.5 mS/cm in solid-state heated materials,2024-03-01,,matteroffact,Refuted,,Supported,
2503.11890v1_12_T,The biexciton peak in the photoluminescence spectrum of (F-PEA)₂PbI₄ exhibits a broader linewidth compared to the exciton peak.,2025-03-01,,matteroffact,Supported,,Supported,
2409.02507v1_6_T,The thermoelectric current density in the thermal boundary layers of a liquid metal thermoelectric system can reach approximately 3×10⁴ A/m² for a temperature difference of 37K.,2024-09-01,,matteroffact,Supported,,Supported,
2503.21520v1_0_F,Coherent acoustic phonons in WSSe exhibit an oscillation frequency of approximately 40 GHz when excited with 400 nm pump pulses.,2025-03-01,,matteroffact,Refuted,,Supported,
2502.20809v1_12_T,"The PFD workflow enables the construction of practical force fields for complex materials such as amorphous phases, interfaces, and high-entropy materials that are otherwise extremely difficult to model.",2025-02-01,,matteroffact,Supported,"[{""bias"": ""curse of knowledge"", ""confidence"": 0.5387}]",Supported,
2404.02416v2_1_F,"During hydrogen intercalation in palladium nanocrystals, the α/β-PdHx interfaces maintain a constant orientation aligned with {111} crystallographic planes throughout their propagation.",2024-04-01,,matteroffact,Refuted,,Supported,
2501.04289v1_0_F,The equal-mode approximation in calculating nonradiative multiphonon transition rates for carbon substitutional defects in GaN causes errors of less than 10% in the hole capture coefficient.,2025-01-01,,matteroffact,Refuted,,Supported,
2409.20312v1_13_F,"Fe atoms in Fe-PTO chains on Pb(111) have no effect on the superconducting state, showing identical dI/dV spectra to those measured on bare Pb(111).",2024-09-01,,matteroffact,Refuted,"[{""bias"": ""Pro-Innovation Bias"", ""confidence"": 0.3692}]",Refuted,
2502.18376v1_6_F,Both the in-phase (Q₂⁺) and out-of-phase (Q₂⁻) Jahn-Teller distortion modes in LaVO₃ thin films are significantly enhanced throughout the film compared to bulk values.,2025-02-01,,matteroffact,Refuted,,Supported,
2404.05398v1_3_F,HfN exhibits a slow electron-phonon relaxation with a time constant of approximately 5 picoseconds.,2024-04-01,,matteroffact,Refuted,"[{""bias"": ""Planning Fallacy"", ""confidence"": 0.3968}]",Supported,
2411.16279v1_12_T,"The polar nature of the optical phonon modes in silver chalcohalide antiperovskites enables potential control of their optoelectronic properties through external electric fields or optical excitation, without requiring temperature changes.",2024-11-01,,matteroffact,Supported,"[{""bias"": ""curse of knowledge"", ""confidence"": 0.3571}]",Supported,
2403.18743v1_16_T,Quasi-bound states in the continuum in silicon carbide metasurfaces are activated by deliberately breaking the symmetry of the unit cell through the tilting of elliptical holes with respect to each other.,2024-03-01,,matteroffact,Supported,"[{""bias"": ""clustering illusion"", ""confidence"": 0.6986}]",Supported,
2501.01133v3_8_T,The neutral boron antisite defect in h-BN is a plausible candidate for experimentally observed nonmagnetic quantum emitters with emission around 1.6 eV.,2025-01-01,,matteroffact,Supported,"[{""bias"": ""Pro-Innovation Bias"", ""confidence"": 0.4733}]",Supported,
2310.18245v3_13_T,"The presence of s-bands in the conduction band minimum of Ta₃As and Ta₃Bi increases the density of states near the Fermi level, resulting in higher superconducting critical temperatures (3.0 K and 1.16 K) compared to Ta₃Sb (0.81 K).",2023-10-01,,matteroffact,Supported,"[{""bias"": ""Time-saving bias"", ""confidence"": 0.3713}]",Supported,
2502.13793v1_4_F,Materials with highly anisotropic elastic properties and lower yield strength will exhibit reduced hydrogen localization under mechanical loading.,2025-02-01,,matteroffact,Refuted,,Supported,
2503.16705v1_14_F,"The perturbation to the force constant matrix due to conduction electron density in a 1D lattice is V_f = ±(Zk²_p/2)∑_k{Q_k Q_(k+k_p) + Q_k Q_(k-k_p)}, where k_p is the phonon wave vector causing the lattice distortion.",2025-03-01,,matteroffact,Refuted,,Supported,
2502.19524v1_0_T,Platinum atoms intercalate at the heterointerface between SiC(0001) and the buffer layer at temperatures above 500°C.,2025-02-01,,matteroffact,Supported,"[{""bias"": ""curse of knowledge"", ""confidence"": 0.781}]",Supported,
2504.11065v1_14_T,Titanium nitride thin films grown by molecular beam epitaxy at 850°C exhibit high crystalline quality with coherent epitaxial growth on magnesium oxide substrates and minimal defects or dislocations.,2025-04-01,,matteroffact,Supported,,Supported,
2410.09376v2_7_T,"The acoustic Debye temperature of electroplastically drawn Cu-6wt%Ag alloy wire (322.7K) is higher than that of conventionally drawn Cu-6wt%Ag (319.7K), indicating enhanced lattice thermal conductivity of 11.2 W/m·K compared to 10.8 W/m·K at room temperature.",2024-10-01,,matteroffact,Supported,,Supported,
2408.10978v2_12_F,"The inclusion of spin-orbit coupling (SOC) effects dramatically increases the C₄₄ elastic constant in all CsM₃Te₅ (M = Ti, Zr, Hf) kagome metals by more than 50%.",2024-08-01,,matteroffact,Refuted,,Supported,
2412.11305v1_8_T,"True surface modes contribute approximately 66.3% of the total thermal attenuation effect for the (3×1)-O/Nb(100) oxide surface, more than three times the contribution of resonant modes (20.3%).",2024-12-01,,matteroffact,Supported,,Supported,
2412.09533v1_8_F,"Oxygen interstitials near the valence band edge determine the hole concentration in both tin oxide and copper oxide thin-film transistors, with the hole concentration approximately equal to the oxygen interstitial concentration.",2024-12-01,,matteroffact,Refuted,,Supported,
2312.03989v1_9_F,The image representation and clustering models trained on metallic materials can successfully detect brittle fracture in non-metallic materials like sand.,2023-12-01,,matteroffact,Refuted,"[{""bias"": ""Bias blind spot"", ""confidence"": 0.714}]",Refuted,
2401.17024v2_16_F,"The zone-center electron-phonon coupling strength (λ_Γ) always correlates directly with the full Brillouin-zone electron-phonon coupling parameter (λ), with higher λ_Γ values consistently indicating higher λ values across all compounds.",2024-01-01,,matteroffact,Refuted,,Refuted,
2402.07147v1_12_T,The thermal expansion coefficients of pure titanium are approximately 9.4×10⁻⁶ K⁻¹ for the a lattice parameter and 8.3×10⁻⁶ K⁻¹ for the c lattice parameter.,2024-02-01,,matteroffact,Supported,"[{""bias"": ""Time-saving bias"", ""confidence"": 0.5679}]",Supported,
2406.12136v1_14_F,"The integration of 2D magnets with quantum dot arrays enables deterministic quantum entanglement, with experimental demonstrations showing controlled coupling of over 100 qubits in van der Waals magnet/semiconductor heterostructures for quantum computing applications.",2024-06-01,,matteroffact,Refuted,"[{""bias"": ""curse of knowledge"", ""confidence"": 0.7101}]",Supported,
2311.15472v1_1_T,"Titanium atoms in γ-TiAl undergo a step-wise bond breaking process during field evaporation, with out-of-plane Ti-Al bonds breaking before in-plane Ti-Ti bonds.",2023-11-01,,matteroffact,Supported,"[{""bias"": ""clustering illusion"", ""confidence"": 0.348}]",Supported,
2311.08257v1_9_F,"The inverse spin Hall effect amplifies existing charge currents, providing a method for enhancing electrical signals in spintronic devices without requiring spin-to-charge conversion.",2023-11-01,,matteroffact,Refuted,"[{""bias"": ""curse of knowledge"", ""confidence"": 0.3323}]",Supported,
2410.16199v1_5_F,"Nb₃Br₈ is a dimerized band insulator rather than a Mott insulator, as evidenced by the momentum-space separation of the highest occupied band maxima along the out-of-plane direction.",2024-10-01,,matteroffact,Refuted,,Supported,
2408.01267v4_9_T,"NaNiO₂ exhibits positive thermal expansion through the Jahn-Teller transition, which is consistent with a displacive transition mechanism.",2024-08-01,,matteroffact,Supported,,Supported,
2407.11580v1_1_F,Enhanced diffusion by quenched-in excess vacancies has negligible impact on the microstructural evolution in LPBF AlSi10Mg alloy during heat treatment.,2024-07-01,,matteroffact,Refuted,,Refuted,
2502.11628v1_9_F,"The cross-correlation coefficient between experimental and simulated EBSD patterns monotonically decreases as pattern resolution is reduced from 1244×1024 to 311×256 pixels, due to loss of information content.",2025-02-01,,matteroffact,Refuted,,Supported,
2401.04713v1_14_F,"The rare earth element R in RMn₆Sn₆ compounds has minimal effect on the magnetic properties, with all rare earth elements producing similar ferromagnetic coupling of Mn spins.",2024-01-01,,matteroffact,Refuted,,Refuted,
2502.03361v2_0_T,"The energy splitting between the lower and upper polariton branches in thin WSe2 flakes is approximately 95 millielectronvolts, as measured using photoemission electron microscopy.",2025-02-01,,matteroffact,Supported,"[{""bias"": ""curse of knowledge"", ""confidence"": 0.4181}]",Supported,
2411.13301v1_14_F,"The most energetically stable adsorption site for iodine atoms on the Sr₂CuO₃ film surface is between adjacent Sr atoms, forming strong I-Sr bonds.",2024-11-01,,matteroffact,Refuted,,Supported,
2501.16001v1_9_F,"Surface acoustic waves propagate deeper with increasing wavenumber, causing the SAW phase velocity to converge from the Rayleigh wave velocity of the layer toward the Rayleigh wave velocity of the substrate.",2025-01-01,,matteroffact,Refuted,,Supported,
2409.08289v1_7_T,The characteristic temperature scale of the fluctuation regime above the critical temperature is approximately 5-10K for La₂₋ₓSrₓCuO₄ and approximately twice that value (10-20K) for Bi₂Sr₂CaCu₂O₈₊δ and YBa₂Cu₃O₇₋δ.,2024-09-01,,matteroffact,Supported,"[{""bias"": ""Time-saving bias"", ""confidence"": 0.4298}]",Supported,
2404.12822v1_12_T,"During sodium-ion insertion/extraction in NaFe₁.₆V₀.₄(PO₄)(SO₄)₂@CNT cathode, iron undergoes reversible Fe³⁺/Fe²⁺ redox reactions while vanadium remains in the V⁵⁺ state without participating in the electrochemical process.",2024-04-01,,matteroffact,Supported,,Refuted,
2403.18441v1_15_F,"Residual stresses are calculated directly from the temperature distribution without considering mechanical stress components, and no relaxation process is applied since the stresses are assumed to remain constant after the cutting process is complete.",2024-03-01,,matteroffact,Refuted,"[{""bias"": ""Bias blind spot"", ""confidence"": 0.6579}]",Refuted,
2412.10896v3_5_T,The magnitude of the diffusion tail in battery impedance spectra is directly proportional to the slope of the electrode open circuit potential (OCP) at the corresponding state-of-charge.,2024-12-01,,matteroffact,Supported,,Supported,
2403.14215v1_8_T,"Mn₅(Si_xGe_1-x)₃ thin films with silicon concentrations above x=0.5 exhibit evidence of phase separation, with the formation of Mn₅Si₃ crystalline grains within the film structure",2024-03-01,,matteroffact,Supported,,Supported,
2503.14972v1_4_T,"The abundance of A₂B₇-type phase in La₁.₅Mg₀.₅Ni₇₋ᵧCoᵧ alloys increases from 88.9 wt% for y=0 to 96.8 wt% for y=0.5, indicating that Co substitution promotes the formation of this phase.",2025-03-01,,matteroffact,Supported,"[{""bias"": ""subadditivity effect"", ""confidence"": 0.5096}]",Supported,
2501.13547v1_9_T,"The uniform magnetic and electronic environment in LaRhGe₃, as evidenced by sharp NMR signals, is consistent with the electron-phonon drag effects previously observed in this material.",2025-01-01,,matteroffact,Supported,,Supported,
2404.12822v1_7_F,"In NaFe₁.₆V₀.₄(PO₄)(SO₄)₂@CNT cathode, the capacitive contribution to total current decreases from 65.2% at 0.05 mV/s scan rate to 31.3% at 0.8 mV/s scan rate.",2024-04-01,,matteroffact,Refuted,"[{""bias"": ""subadditivity effect"", ""confidence"": 0.3742}]",Supported,
2407.11580v1_9_T,"The chemical composition of the LPBF AlSi10Mg alloy used in the study contains 9.68 wt% Si and 0.43 wt% Mg, with the balance being Al.",2024-07-01,,matteroffact,Supported,,Supported,
2408.01267v4_1_T,"During the Jahn-Teller transition in NaNiO₂, the Ni-O bond length splitting decreases from approximately 0.243Å at 293K to approximately 0.041Å at 500K.",2024-08-01,,matteroffact,Supported,"[{""bias"": ""Time-saving bias"", ""confidence"": 0.8809}]",Supported,
2403.07526v2_8_F,"The Physics-Transfer framework requires sacrificing either accuracy or computational efficiency when predicting material properties, as it cannot simultaneously achieve the chemical accuracy of DFT and the computational speed of empirical force fields.",2024-03-01,,matteroffact,Refuted,"[{""bias"": ""Whole only effect"", ""confidence"": 0.4936}]",Supported,
2407.20599v1_13_F,"The anomalous Nernst effect in film-substrate systems varies gradually with thickness ratio, unlike the ordinary Nernst effect which exhibits significant peaks.",2024-07-01,,matteroffact,Refuted,,Supported,
2410.16199v1_12_F,Both Nb₃Br₈ and its sister compound Nb₃Cl₈ have been consistently classified as band insulators due to their similar interlayer coupling strengths.,2024-10-01,,matteroffact,Refuted,,Supported,
2501.07321v1_6_T,The anomalous reversal of $^7$Li NMR chemical shift in high-concentration LiFSI/DME electrolytes is caused by the competition between two different types of local solvation structures that shift in dominance as concentration approaches the saturated limit,2025-01-01,,matteroffact,Supported,,Supported,
2403.03466v2_6_T,"The Γ-point excitation in LiCoO2 is primarily of particle-hole type, with a single pair accounting for about 85% of the weight, while the remaining 15% has a collective contribution.",2024-03-01,,matteroffact,Supported,,Supported,
2504.07641v1_2_F,"Cs₃Bi₂Br₉₋ₓIₓ compounds in the P-3m1 phase exhibit significant restructuring of both valence and conduction bands upon iodine substitution, with major changes in the density of states throughout the band structure.",2025-04-01,,matteroffact,Refuted,,Supported,
2409.09176v1_7_T,"For a 3d^4 ion in octahedral coordination, the spin state crossover between high spin and low spin states occurs at a crystal field splitting of approximately 3.69J in full multiplet theory, which differs from the Kanamori approximation value of 5J and the simplified Kanamori approximation (U=U') value of 3J.",2024-09-01,,matteroffact,Supported,"[{""bias"": ""Time-saving bias"", ""confidence"": 0.32}]",Supported,
2310.14013v1_4_F,"The standard deviation of the local structural anisotropy (Qk) distribution decreases monotonically with the Bond number, while the skewness increases monotonically with the Bond number.",2023-10-01,,matteroffact,Refuted,,Supported,
2501.04289v1_0_T,The equal-mode approximation in calculating nonradiative multiphonon transition rates for carbon substitutional defects in GaN can cause errors of up to two orders of magnitude in the hole capture coefficient.,2025-01-01,,matteroffact,Supported,"[{""bias"": ""Bias blind spot"", ""confidence"": 0.3157}]",Supported,
2401.06319v2_14_T,"The surface Bain distortion in noble metal nanowires follows a transformation pathway that avoids the high-energy bcc structure by relaxing the constraint of b/a=1, resulting in a lower-energy path through the bct structure.",2024-01-01,,matteroffact,Supported,,Supported,
2402.12278v1_5_T,The yield strength of nanoporous tantalum increases from 89.3 MPa to 98.4 MPa as the ligament size increases from 2.4 nm to 3.8 nm,2024-02-01,,matteroffact,Supported,"[{""bias"": ""Time-saving bias"", ""confidence"": 0.9836}]",Supported,
2501.05312v1_13_T,"In phase-field simulations of Hf₀.₅Zr₀.₅O₂, the Landau coefficients were set to α₁ = -7.79 × 10⁸ C⁻²m²N, α₁₁ = 1.15 × 10¹⁰ C⁻⁴m⁶N, and α₁₁₁ = -2.51 × 10¹⁰ C⁻⁶m¹⁰N for modeling the bulk free energy of polar grains.",2025-01-01,,matteroffact,Supported,,Supported,
2312.03989v1_3_T,"Computing the rare event indicator from a 40° partial data set takes approximately 8.41 seconds, which is about 9 times faster than computing it from the full 360° data set.",2023-12-01,,matteroffact,Supported,"[{""bias"": ""Time-saving bias"", ""confidence"": 0.7671}]",Refuted,
2405.09345v1_10_F,The antiferroelectric properties in ZrO2 originate from anti-parallel dipole moment arrangements similar to traditional antiferroelectric materials,2024-05-01,,matteroffact,Refuted,"[{""bias"": ""curse of knowledge"", ""confidence"": 0.3693}]",Supported,
2409.18344v1_16_T,"3M LiPFBS/DME electrolyte exhibits lower impedance after SEI formation compared to 1M and 5M LiPFBS/DME electrolytes, despite having intermediate conductivity in the pristine state.",2024-09-01,,matteroffact,Supported,"[{""bias"": ""Whole only effect"", ""confidence"": 0.4441}]",Supported,
2504.04297v1_1_F,The Pearson correlation coefficient between the electron-phonon coupling constant (λ) and calculated superconducting transition temperature (Tc) for ThCr₂Si₂-type compounds is 0.75.,2025-04-01,,matteroffact,Refuted,,Supported,
2411.10911v1_11_T,"Machine learning potentials for Cu₇PS₆ were trained using a dataset generated from ab initio molecular dynamics simulations across multiple temperatures, with active learning employed to enrich the training dataset with representative configurations",2024-11-01,,matteroffact,Supported,"[{""bias"": ""clustering illusion"", ""confidence"": 0.664}]",Supported,
2502.20261v1_12_T,"CsPbBr₃ exhibits a transition in carrier transport mechanism at approximately 100K, shifting from variable range hopping of localized carriers at low temperatures to band transport at high temperatures.",2025-02-01,,matteroffact,Supported,"[{""bias"": ""Outcome bias"", ""confidence"": 0.3815}]",Supported,
2504.11065v1_10_T,"The electronic density of states at the Fermi level in titanium nitride is predominantly composed of titanium 3d orbitals, which constitute approximately 86% of the total density of states.",2025-04-01,,matteroffact,Supported,,Supported,
2501.04289v1_11_T,The equal-mode approximation in multiphonon transition calculations is invalid when defects experience substantial structural relaxations upon charge state changes.,2025-01-01,,matteroffact,Supported,"[{""bias"": ""Bias blind spot"", ""confidence"": 0.3538}]",Supported,
2406.12136v1_5_T,"Applied tensile strain of 0.32% increases the coercive field in Fe₃GeTe₂ by more than 150%, demonstrating significant strain-dependent magnetic property modulation in 2D magnets.",2024-06-01,,matteroffact,Supported,"[{""bias"": ""Outcome bias"", ""confidence"": 0.3442}]",Supported,
2311.03271v1_7_T,Deformation twins in copper single crystals can be generated and analyzed in molecular dynamics simulations using a 25×25×25 nm³ sample sheared at 100 m/s with a temperature of 200 K,2023-11-01,,matteroffact,Supported,,Supported,
2312.10313v1_14_F,"The Bogoliubov-de Gennes method requires solving quantum field equations beyond the mean-field approximation, making it computationally intractable for realistic materials.",2023-12-01,,matteroffact,Refuted,"[{""bias"": ""Bias blind spot"", ""confidence"": 0.3743}]",Refuted,
2501.01822v1_9_F,ZIF-8 based resistive switching devices exhibit only a single conduction mechanism of trap-assisted tunneling throughout all voltage ranges,2025-01-01,,matteroffact,Refuted,,Refuted,
2408.03175v1_9_F,"External pressure directly decreases the growth rate of interface undulations in solid-state batteries according to first-order linear stability analysis, making it a primary factor in interface stabilization.",2024-08-01,,matteroffact,Refuted,,Supported,
2412.15784v1_12_F,The parallel channels method captures the effect of grain size distribution on polysilicon resistivity more effectively than the Voronoi-SPICE method,2024-12-01,,matteroffact,Refuted,"[{""bias"": ""curse of knowledge"", ""confidence"": 0.5316}]",Supported,
2410.11597v1_7_T,Polarization imaging for carbon fiber sheet molding compounds is limited by its inability to directly image interior layers and potential errors from specular reflection of the resin.,2024-10-01,,matteroffact,Supported,"[{""bias"": ""Bias blind spot"", ""confidence"": 0.6982}]",Supported,
2410.20744v1_14_F,"The frequencies of the hydrogen-dominated optical phonon modes (bands 7-8) are approximately the same in both 2H and 1T phases, with values around 95 meV for both WSeH and WSH regardless of phase.",2024-10-01,,matteroffact,Refuted,"[{""bias"": ""Distinction bias"", ""confidence"": 0.3016}]",Supported,
2502.19524v1_15_T,Platinum intercalation transforms the buffer layer into quasi-free-standing monolayer graphene by breaking the bonds between carbon atoms in the buffer layer and silicon atoms in the SiC substrate.,2025-02-01,,matteroffact,Supported,"[{""bias"": ""curse of knowledge"", ""confidence"": 0.4157}]",Refuted,
2310.14013v1_3_F,The skewness of powder layer surface height remains consistently negative (below -0.5) across all Bond numbers from 0 to 272.3.,2023-10-01,,matteroffact,Refuted,"[{""bias"": ""subadditivity effect"", ""confidence"": 0.3814}]",Supported,
2401.08834v1_0_T,"The copper-substituted lead oxyapatite Pb₁₀₋ₓCuₓ(PO₃.₉₂)₆O₀.₉₆ (x=0.94) crystallizes in a hexagonal structure with space group P6₃/m and lattice constants a=9.839 Å, c=7.428 Å at 300 K.",2024-01-01,,matteroffact,Supported,,Supported,
2501.13547v1_8_F,The full width at half maximum in the NMR spectrum of LaRhGe₃ is 10 kHz for the center peak and 25 kHz for the first satellite peaks.,2025-01-01,,matteroffact,Refuted,,Supported,
2408.03175v1_4_F,"The stabilizing effect of temperature on solid-state battery interfaces is more pronounced when thermal diffusion is rapid, cooling timescale is short, and volumetric heat capacity is large.",2024-08-01,,matteroffact,Refuted,"[{""bias"": ""Pro-Innovation Bias"", ""confidence"": 0.4712}]",Supported,
2409.07058v3_14_F,"Substituting nitrogen for carbon in Co₃C compounds decreases the magnetocrystalline anisotropy energy (MAE) and magnetic hardness, while simultaneously improving phase stability, making nitrogen substitution the most practical approach for enhancing the permanent magnet properties of these materials.",2024-09-01,,matteroffact,Refuted,,Supported,
2409.01450v1_9_T,The work function of two-dimensional perovskites increases by 9.67% to 18.09% when terminal hydroxyl groups are incorporated into the organic cations compared to their non-hydroxylated counterparts,2024-09-01,,matteroffact,Supported,,Supported,
2405.18150v1_4_T,The Coulomb interaction strength in titanium nitride (6.26-8.5 eV) is larger than in superconducting cuprates (approximately 2.7 eV) and parent compounds of superconducting nickelates (approximately 5 eV).,2024-05-01,,matteroffact,Supported,"[{""bias"": ""Time-saving bias"", ""confidence"": 0.5031}]",Supported,
2404.11300v1_2_F,The experimental observation of only negative thermopower enhancement near the Van Hove singularity in Sr₂₋ᵧLaᵧRuO₄ aligns with predictions from both constant relaxation-time approximation and elastic carrier scattering models,2024-04-01,,matteroffact,Refuted,,Supported,
2501.07321v1_7_F,The combination of a machine learning potential (MLP) model for configuration sampling and a neural network (NN) model for chemical shift prediction is less accurate than traditional DFT calculations for predicting NMR spectra in complex electrolyte systems,2025-01-01,,matteroffact,Refuted,"[{""bias"": ""Bias blind spot"", ""confidence"": 0.6685}]",Refuted,
2310.03080v2_3_T,The experimentally observed charge density wave (CDW) distortion in monolayer NbSe2 does not significantly alter its high harmonic generation spectrum compared to the pristine 2H phase.,2023-10-01,,matteroffact,Supported,"[{""bias"": ""Bias blind spot"", ""confidence"": 0.5121}]",Supported,
2501.04840v2_2_T,The longitudinal-transverse exciton splitting in hexagonal boron nitride is 350 meV based on Bethe-Salpeter equation calculations.,2025-01-01,,matteroffact,Supported,,Supported,
2407.06148v1_17_F,Increasing the volume fraction of the binary eutectic phase in Zn-Al-Mg coatings is the most effective way to improve their formability.,2024-07-01,,matteroffact,Refuted,"[{""bias"": ""Pro-Innovation Bias"", ""confidence"": 0.462}]",Refuted,
2310.03080v2_7_T,Materials with larger structural changes upon charge density wave formation than NbSe2 are likely to show more distinct changes in their high harmonic generation spectra between phases.,2023-10-01,,matteroffact,Supported,"[{""bias"": ""Pro-Innovation Bias"", ""confidence"": 0.4713}]",Supported,
2503.14952v1_4_T,"La1.5Mg0.5Ni7 alloy consists predominantly of Gd2Co7-type structure (72.9 wt.%) with smaller amounts of Ce2Ni7-type structure (16.0 wt.%), LaNi5 (8.0 wt.%), and La2O3 (3.1 wt.%).",2025-03-01,,matteroffact,Supported,"[{""bias"": ""subadditivity effect"", ""confidence"": 0.6336}]",Supported,
2407.21071v2_12_T,"As lithium-ion battery pouch cells age and their internal resistance increases, the variation in current distribution across the cell is likely to decrease",2024-07-01,,matteroffact,Supported,,Supported,
2403.07416v2_0_T,"Selection mechanisms and scaling laws derived for cubic (fcc, bcc) crystals also apply to hexagonal close-packed (hcp) materials within their basal plane, provided parameters are re-estimated and re-scaled to account for the sixfold symmetry.",2024-03-01,,matteroffact,Supported,"[{""bias"": ""Bias blind spot"", ""confidence"": 0.602}]",Supported,
2502.18376v1_11_F,"LaVO₃ thin films accommodate epitaxial strain from DyScO₃ substrates primarily through the formation of misfit dislocations at the interface, while maintaining bulk-like lattice parameters and octahedral rotations.",2025-02-01,,matteroffact,Refuted,,Supported,
2503.00456v1_2_T,"A₍ₙ₊₁₎HfₙS₍₃ₙ₊₁₎ (A = Ca, Sr, Ba; n = 1-3) Ruddlesden-Popper phases exhibit electron polaron mobility values ranging from 26.32 to 121.32 cm²V⁻¹s⁻¹, which are higher than their bulk counterparts.",2025-03-01,,matteroffact,Supported,,Supported,
2401.15936v1_4_T,Closed-space annealing eliminates the S-shaped kinks in the current-voltage curves of selenium thin-film solar cells,2024-01-01,,matteroffact,Supported,,Supported,
2503.10923v1_16_F,"Future improvements in quantum-assisted simulations of chemical systems should focus exclusively on developing more advanced quantum hardware with lower noise rates, as classical post-processing techniques have reached their fundamental limits for active spaces beyond 20 orbitals.",2025-03-01,,matteroffact,Refuted,"[{""bias"": ""Pro-Innovation Bias"", ""confidence"": 0.6176}]",Refuted,
2411.11618v1_15_T,"In MoS2 flakes with ZZ-Mo edges, the edge states are primarily formed from Mo d-orbital contributions, with d-xy orbitals dominating high energy states and d-z² orbitals forming states closer to band edges.",2024-11-01,,matteroffact,Supported,,Supported,
2408.13419v1_4_F,"Lanthanum superhydrides synthesized at pressures between 95-168 GPa show an initial superconducting critical temperature (Tc) of 250K immediately after synthesis, which remains stable at this value for several weeks.",2024-08-01,,matteroffact,Refuted,,Supported,
2501.16965v1_17_F,The Hamiltonian model used to study non-Abelian quantum metric effects breaks time-reversal symmetry and exhibits only non-degenerate bands with trivial topology.,2025-01-01,,matteroffact,Refuted,,Supported,
2502.00798v1_2_T,"The deep learning approach accurately predicts the temperature-dependent narrowing of silicon's indirect band gap from 100K to 400K, matching the trend observed in experimental data",2025-02-01,,matteroffact,Supported,"[{""bias"": ""Bias blind spot"", ""confidence"": 0.4609}]",Supported,
2408.09073v1_10_T,The lower critical field (Hp) of H₃S at 100K is reported to be 67 mT based on magnetic moment measurements,2024-08-01,,matteroffact,Supported,,Supported,
2404.05710v1_8_F,"Translational frequencies of magnetically-levitated superconducting particles increase when more of the particle's volume is located farther from the z=0 plane and the z-axis, suggesting that a dumbbell shape with mass concentrated at the poles would be optimal for maximizing trapping frequencies.",2024-04-01,,matteroffact,Refuted,"[{""bias"": ""curse of knowledge"", ""confidence"": 0.3024}]",Supported,
2311.15472v1_9_F,"In γ-TiAl, the bond strengths calculated from density functional theory are -0.33 eV for Al-Al bonds, -0.70 eV for Ti-Al bonds, and -1.07 eV for Ti-Ti bonds.",2023-11-01,,matteroffact,Refuted,"[{""bias"": ""Time-saving bias"", ""confidence"": 0.576}]",Supported,
2501.04124v1_15_T,"The energy differences between different magnetic configurations in MnO calculated with SCDFT-BR89-CS range from 50 to 300 meV per formula unit, which is much larger than the energy corrections due to spin torque of about 1 meV per formula unit.",2025-01-01,,matteroffact,Supported,"[{""bias"": ""Time-saving bias"", ""confidence"": 0.886}]",Supported,
2410.09376v2_2_T,"The C11 elastic constant of electroplastically drawn Cu-6wt%Ag alloy wire shows a slight increase with applied magnetic field up to 50 Tesla at both 78K and 1.9K, with no evidence of anomalous softening.",2024-10-01,,matteroffact,Supported,,Supported,
2501.04124v1_8_T,"The SCDFT-BR89-CS functional predicts an on-site magnetic moment of 3.15 μB for the Cr₃ molecule, which is closer to the values obtained with meta-GGA and hybrid functionals than to LSDA or GGA functionals.",2025-01-01,,matteroffact,Supported,"[{""bias"": ""Bias blind spot"", ""confidence"": 0.58}]",Supported,
2405.03680v2_7_T,"AtomGPT uses a combination of chemical and structural text descriptions as input, including chemical formula, space group, bond distances, bond angles, and explicit fractional coordinates of materials.",2024-05-01,,matteroffact,Supported,"[{""bias"": ""clustering illusion"", ""confidence"": 0.662}]",Supported,
2502.20005v1_1_T,"Under compressive uniaxial strain in cubic semiconductors, the light valence levels lie above the heavy valence levels, while under tensile strain, the heavy valence levels lie above the light valence levels.",2025-02-01,,matteroffact,Supported,"[{""bias"": ""Time-saving bias"", ""confidence"": 0.3775}]",Supported,
2404.07848v1_11_F,The quantum capacitance contribution to the total capacitance of graphite electrodes has a negligible effect on the differential capacitance curve and does not affect its shape.,2024-04-01,,matteroffact,Refuted,,Refuted,
2310.18245v3_10_F,"In Ta₃Sb compounds, the Dirac surface states are obscured by hybridization with the 6s band, making them difficult to detect experimentally.",2023-10-01,,matteroffact,Refuted,,Supported,
2311.13599v1_1_F,The ratio of radiative to conductive heat flux at the coating-alloy interface increases linearly with normalized absorption length when it exceeds 1 (κ̄L > 1) for a normalized scattering length of approximately 1 (σ̄sL ~ 1).,2023-11-01,,matteroffact,Refuted,"[{""bias"": ""Time-saving bias"", ""confidence"": 0.3012}]",Supported,
2504.11065v1_2_F,Titanium nitride thin films grown by molecular beam epitaxy exhibit a Ginzburg-Landau coherence length of approximately 30 nm.,2025-04-01,,matteroffact,Refuted,,Supported,
2412.13456v1_15_F,"Both single-layer and bulk Nb₃Cl₈ have D₃ₐ point group symmetry with inversion symmetry, resulting in the absence of even-order nonlinear optical responses in both forms of the material.",2024-12-01,,matteroffact,Refuted,,Supported,
2409.09176v1_10_F,"The charge transfer energy for NaCuO2 ranges from +2.5 to +4.0 eV across different studies, making it a typical positive charge transfer compound, while for perovskite nickelates like NdNiO3, the charge transfer energy is approximately +3.5 eV.",2024-09-01,,matteroffact,Refuted,"[{""bias"": ""Time-saving bias"", ""confidence"": 0.5088}]",Supported,
2402.15199v1_6_F,The mechanism of ion adsorption fundamentally changes when the applied potential difference increases from 1V to 4V,2024-02-01,,matteroffact,Refuted,"[{""bias"": ""Time-saving bias"", ""confidence"": 0.7984}]",Supported,
2409.18344v1_6_F,"Increasing Li⁺ coordination raises both the HOMO and LUMO energy levels of DME and PFBS⁻, with PFBS⁻ generally having lower LUMO energy than DME in various coordination environments.",2024-09-01,,matteroffact,Refuted,,Supported,
2503.07474v1_14_F,The 1.75 THz mode in RbV₃Sb₅ and the 1.68 THz mode in KV₃Sb₅ are new phonon modes that emerge in the CDW phase without any relation to symmetry breaking or mode splitting from the high-temperature phase.,2025-03-01,,matteroffact,Refuted,"[{""bias"": ""subadditivity effect"", ""confidence"": 0.7988}]",Refuted,
2408.06128v1_12_F,"Strontium and barium, both alkaline earth elements, exhibit identical behaviors under low-temperature compression, with both forming metastable phases with similar structures and properties.",2024-08-01,,matteroffact,Refuted,,Supported,
2310.14013v1_13_T,"Interparticle cohesion reduces powder flowability during spreading, leading to particle clustering, void formation, and irregular surface profiles that negatively impact the quality of the powder layer.",2023-10-01,,matteroffact,Supported,"[{""bias"": ""Omission bias"", ""confidence"": 0.7592}]",Supported,
2412.13456v1_1_F,"The brightest exciton in single-layer Nb₃Cl₈ appears at an energy of 2.0 eV with a binding energy of 0.64 eV, which contradicts experimental optical absorption measurements.",2024-12-01,,matteroffact,Refuted,,Refuted,
2403.04637v2_4_T,"The open circuit voltage of amorphous silicon thin film solar cells decreases with increasing thickness of the active layer, with a 20 nm active layer achieving approximately 1.05V compared to 0.84V for a 300 nm layer",2024-03-01,,matteroffact,Supported,"[{""bias"": ""Time-saving bias"", ""confidence"": 0.9363}]",Refuted,
2411.12896v1_11_F,"The neutral charge state of germanium in AlGaN with aluminum content above 50% is stable, while the negative charge state is metastable",2024-11-01,,matteroffact,Refuted,"[{""bias"": ""Omission bias"", ""confidence"": 0.3523}]",Supported,
2412.16310v3_8_F,"Oxygen doping in diamond reduces NV center creation efficiency to approximately 30% through similar mechanisms as sulfur doping, with oxygen primarily existing as vacancy complexes rather than substitutional defects.",2024-12-01,,matteroffact,Refuted,"[{""bias"": ""Whole only effect"", ""confidence"": 0.4799}]",Supported,
2503.07474v1_9_T,"The close pair of phonon modes near 3 THz observed in RbV₃Sb₅ and KV₃Sb₅ is a direct consequence of six-fold rotational symmetry breaking in the MLL CDW phase, rather than being linked to a 1Q uniaxial order.",2025-03-01,,matteroffact,Supported,"[{""bias"": ""Outcome bias"", ""confidence"": 0.3323}]",Supported,
2405.09345v1_16_T,Transitioning from thin films to multilayered and three-dimensional structures can significantly enhance the energy storage density of fluorite-structured materials,2024-05-01,,matteroffact,Supported,"[{""bias"": ""Pro-Innovation Bias"", ""confidence"": 0.7122}]",Supported,
2409.18210v1_7_F,The extended non-equilibrium thermometry approach is only applicable to scanning probe techniques and cannot be adapted to optical methods like infrared imaging or Raman thermometry,2024-09-01,,matteroffact,Refuted,"[{""bias"": ""Bias blind spot"", ""confidence"": 0.4484}]",Refuted,
2402.18588v2_13_F,Spin-orbit coupling in LK-99 has negligible effect on the band structure near the Fermi level and does not create any new band crossings or degenerate points.,2024-02-01,,matteroffact,Refuted,,Refuted,
2501.04751v2_6_T,"The primary photoluminescence signal in CrSBr at 1.35 eV does not originate from chromium intra-atomic d-d transitions but rather from Wannier excitonic transitions, while a secondary photoluminescence signal at 1.75 eV may have a d-d transition origin.",2025-01-01,,matteroffact,Supported,"[{""bias"": ""Whole only effect"", ""confidence"": 0.3244}]",Supported,
2310.07816v2_1_T,ResNet18 pretrained on ImageNet provides at least 9% better performance than ResNet18 pretrained on MicroNet for classifying MoS2 thin film AFM images.,2023-10-01,,matteroffact,Supported,,Refuted,
2406.09663v1_8_T,Bainite microstructures quenched at 500°C contain larger MA islands compared to those quenched at 400°C due to enhanced carbon diffusion at the higher temperature.,2024-06-01,,matteroffact,Supported,,Supported,
2411.12896v1_7_F,"The electron concentration in Ge-doped AlGaN equals the dopant concentration for high aluminum content, with a Ge concentration of 1.0×10^19 cm^-3 yielding 1.0×10^19 cm^-3 electrons in AlGaN with 65% Al",2024-11-01,,matteroffact,Refuted,"[{""bias"": ""Time-saving bias"", ""confidence"": 0.6173}]",Refuted,
2412.10561v2_17_T,The emission spectra and spectral emissivity for a 100 μm-thick Borofloat sample with 1 weight-% OH content were calculated at a temperature of 1050 K.,2024-12-01,,matteroffact,Supported,,Supported,
2503.01590v1_6_T,"Hubbard U parameters for the 3d orbitals of Fe and Mn can vary up to 3 eV and 6 eV respectively, with typical shifts of about 0.5 eV and 1.0 eV upon change in oxidation state or coordination environment",2025-03-01,,matteroffact,Supported,"[{""bias"": ""Time-saving bias"", ""confidence"": 0.4599}, {""bias"": ""subadditivity effect"", ""confidence"": 0.3015}]",Supported,
2503.21520v1_16_F,"The weak coherent acoustic phonon properties of WSSe, including lower amplitude and shorter lifetime compared to symmetric TMDCs, make it unsuitable for applications in optomechanical and nanoacoustic devices.",2025-03-01,,matteroffact,Refuted,"[{""bias"": ""Pro-Innovation Bias"", ""confidence"": 0.3791}]",Supported,
2403.18743v1_6_F,"In silicon carbide metasurfaces with elliptical perforations, quasi-bound states in the continuum are excited when the electric field polarization is parallel to the net dipole moment induced by the ellipse tilting.",2024-03-01,,matteroffact,Refuted,"[{""bias"": ""clustering illusion"", ""confidence"": 0.5274}]",Supported,
2401.06090v1_2_F,The ⁷Li NMR spin-lattice relaxation rate peak of Li₃InCl₆ exhibits a symmetric shape with equal temperature dependence on both the high-temperature and low-temperature sides.,2024-01-01,,matteroffact,Refuted,,Supported,
2401.04644v1_10_F,The magnetoresistance of Eu₂Ir₂O₇ thin films remains consistently positive and linear with magnetic field across all measured temperatures from 60 K down to 2 K.,2024-01-01,,matteroffact,Refuted,,Supported,
2311.09099v1_3_T,"The optimal thickness configuration for the meso-structured perovskite solar cell consists of 11 nm SiO₂, 16 nm SnO₂, 565 nm FTO, 24 nm c-TiO₂, 240 nm mp-TiO₂, 500 nm Perovskite, and 250 nm Spiro-OMeTAD",2023-11-01,,matteroffact,Supported,"[{""bias"": ""subadditivity effect"", ""confidence"": 0.3957}]",Supported,
2405.19935v1_12_T,Magnetically doped topological insulators provide a suitable experimental platform for systematically studying anomaly inflow physics by examining the dependence of anomalous Hall conductance on sample size and bulk gap.,2024-05-01,,matteroffact,Supported,"[{""bias"": ""curse of knowledge"", ""confidence"": 0.3612}]",Supported,
2403.04470v2_1_F,The evaporation of cations from LaB₆ samples shows dramatically different mass spectral patterns when comparing positive versus negative THz pulses,2024-03-01,,matteroffact,Refuted,,Supported,
2503.01518v1_9_T,The transformation from face-centered cubic α-Al to hexagonal close-packed T1 phase results in exactly 4 crystallographic variants.,2025-03-01,,matteroffact,Supported,,Supported,
2401.08834v1_7_F,"Magnetic measurements of copper-substituted lead oxyapatite reveal a large coercive field of approximately 2500 Oe at 2 K, indicating strong ferromagnetic ordering that dominates over any diamagnetic contribution.",2024-01-01,,matteroffact,Refuted,"[{""bias"": ""Pro-Innovation Bias"", ""confidence"": 0.3356}]",Supported,
2405.18150v1_15_F,"High-quality single-crystalline titanium nitride films can only be synthesized using molecular beam epitaxy, as magnetron sputtering produces films with poor crystallinity and degraded superconducting properties.",2024-05-01,,matteroffact,Refuted,,Refuted,
2411.16279v1_16_F,"Silver chalcohalide antiperovskites are unsuitable for energy applications due to their toxic lead content, fixed wide band gaps above 1.5 eV, poor ionic conductivity, and inability to dynamically control their optoelectronic properties.",2024-11-01,,matteroffact,Refuted,"[{""bias"": ""Pro-Innovation Bias"", ""confidence"": 0.3044}]",Supported,
2401.06090v1_6_F,The apparent activation energy for Li⁺ diffusion in Li₃InCl₆ increases from 247 meV to 290 meV when the NMR measurement frequency is increased from 116 MHz to 194 MHz.,2024-01-01,,matteroffact,Refuted,"[{""bias"": ""Time-saving bias"", ""confidence"": 0.9343}]",Supported,
2504.06595v1_12_T,Nudged elastic band calculations fail to capture dynamical effects that determine the pre-exponential factor in the Arrhenius expression for ionic conductivity,2025-04-01,,matteroffact,Supported,"[{""bias"": ""Bias blind spot"", ""confidence"": 0.9524}]",Supported,
2407.06148v1_5_T,The elongation of the steel substrate used for the Zn-Al-Mg coating is 41% when measured with a gauge length of 80 mm.,2024-07-01,,matteroffact,Supported,"[{""bias"": ""Time-saving bias"", ""confidence"": 0.6516}]",Supported,
2403.08679v1_11_T,"Iron in NaFe₂PO₄(SO₄)₂ exists solely in the trivalent state (Fe³⁺), as confirmed by X-ray photoelectron spectroscopy.",2024-03-01,,matteroffact,Supported,,Supported,
2404.08651v1_10_T,"On flat surfaces, SiH3 radicals arrive perpendicular to the growth surface, facilitating efficient removal of surface hydrogen and formation of high-quality thin film silicon with fewer defects.",2024-04-01,,matteroffact,Supported,"[{""bias"": ""Omission bias"", ""confidence"": 0.3863}]",Supported,
2407.04788v1_10_F,"TPDH-graphene exhibits higher lithium diffusion barriers than graphite, which is the most commercially used lithium-ion battery anode material",2024-07-01,,matteroffact,Refuted,,Supported,
2403.04470v2_8_F,"The Si²⁺ and Si⁺ peaks in silica mass spectra obtained with positive THz pulses exhibit a signal-to-noise ratio of more than 10³ and a mass resolution at 10% of the peak maximum of 146 and 140, respectively",2024-03-01,,matteroffact,Refuted,"[{""bias"": ""subadditivity effect"", ""confidence"": 0.6296}]",Supported,
2502.17275v1_4_F,"The difference between first-order and total-order Sobol' indices for parameters in the DFN model is generally greater than 0.3, indicating significant constructive parameter interactions affecting voltage variance",2025-02-01,,matteroffact,Refuted,,Refuted,
2410.09376v2_12_T,"The longitudinal ultrasound velocity in electroplastically drawn Cu-6wt%Ag alloy wire is 4660.8 m/s at room temperature, as determined by the time interval of 2.2159 microseconds between echoes in pulse-echo measurements.",2024-10-01,,matteroffact,Supported,"[{""bias"": ""Outcome bias"", ""confidence"": 0.3112}]",Supported,
2504.04297v1_13_F,"Ab initio calculations based on the Allen-Dynes formula reliably predict superconducting transition temperatures for all types of superconductors, including those where superconductivity is mediated by spin fluctuations.",2025-04-01,,matteroffact,Refuted,,Refuted,
2409.01450v1_15_F,Fluorination of phenylethylammonium to 4-fluorophenylethylammonium causes a 23.52% increase in valence band maximum energy and a 38.29% increase in conduction band minimum energy in two-dimensional perovskite systems,2024-09-01,,matteroffact,Refuted,,Supported,
2310.07816v2_2_F,Random cropping augmentation techniques (Aug1) provide better classification performance than weighted random sampling (Aug3) for MoS2 thin film AFM images.,2023-10-01,,matteroffact,Refuted,"[{""bias"": ""curse of knowledge"", ""confidence"": 0.3417}]",Supported,
2411.16649v1_8_T,The elastic properties of Ti₂AlC were studied under pressure conditions ranging from 0 to 35 GPa.,2024-11-01,,matteroffact,Supported,,Supported,
2409.07058v3_7_T,"Co₃(C₀.₃N₀.₇) exhibits the highest magnetic hardness (κ = 1.02) among orthorhombic (Fe,Co)₃(B,C,N) alloys, while Co₃(B₀.₄C₀.₆) and (Fe₀.₁Co₀.₉)₃C show magnetic hardness values of 1.01 and 1.13 respectively in the hexagonal structure.",2024-09-01,,matteroffact,Supported,"[{""bias"": ""Time-saving bias"", ""confidence"": 0.654}]",,Failed to get valid prediction
2412.16310v3_14_T,"The diffusion barrier energy for a vacancy approaching substitutional sulfur in diamond decreases successively, with the highest barrier being 2.77 eV, which is comparable to the diffusion barrier of neutral vacancies in diamond (2.8 eV).",2024-12-01,,matteroffact,Supported,,Supported,
2409.09176v1_5_F,"Negative charge transfer compounds can be fully described using single cluster models, as intersite charge fluctuations play a negligible role in determining their electronic structure and properties.",2024-09-01,,matteroffact,Refuted,"[{""bias"": ""Bias blind spot"", ""confidence"": 0.375}]",Refuted,
2403.09609v1_14_F,"The habit plane normal of α-grain groups in Ti-6Al-4V can only be determined through direct 3D observation using transmission electron microscopy, as theoretical crystallographic relationships cannot predict the actual growth direction.",2024-03-01,,matteroffact,Refuted,"[{""bias"": ""Bias blind spot"", ""confidence"": 0.5189}]",Refuted,
2501.16965v1_15_T,"Monolayer MoS₂ can exhibit superconducting states under gate-induced tuning, while TiSe₂ hosts both charge density wave and superconducting phases at low temperatures, with the charge density wave phase suppressible through intercalation or pressure.",2025-01-01,,matteroffact,Supported,"[{""bias"": ""Whole only effect"", ""confidence"": 0.453}]",Supported,
2504.12547v1_7_T,"Large non-saturating magnetoresistance in ZrSiX (X = S, Se, Te) materials occurs due to either compensation between hole and electron charge carriers or the presence of open orbits originating from non-closed Fermi surfaces, depending on the orientation of the magnetic field.",2025-04-01,,matteroffact,Supported,,Supported,
2310.18245v3_2_F,Coulomb interaction reduces the spin Hall conductivity in all A15 compounds by suppressing band anticrossings.,2023-10-01,,matteroffact,Refuted,,Refuted,
2401.16271v1_14_F,The stiffness tensor is the most relevant grain-level tensor property for modeling inelastic properties of polycrystals because it captures the plastic deformation behavior of individual grains.,2024-01-01,,matteroffact,Refuted,"[{""bias"": ""curse of knowledge"", ""confidence"": 0.6703}]",Supported,
2503.07474v1_16_F,"The specific CDW structure and symmetry breaking in RbV₃Sb₅ and KV₃Sb₅ have no significant implications for understanding other electronic phases in these materials, as the CDW order is completely independent from superconductivity and other exotic states.",2025-03-01,,matteroffact,Refuted,"[{""bias"": ""Bias blind spot"", ""confidence"": 0.3131}]",Refuted,
2310.18245v3_7_T,The density of states at the Fermi level in Nb₃Sn thin films decreases by approximately 50% compared to bulk when reduced to ultra-thin films.,2023-10-01,,matteroffact,Supported,,Supported,
2310.13945v1_4_F,"Among the newly predicted alkaline-earth metal borides other than F4̄3m Sr₂B₅, Ca₂B₅, Mg₃B₈, and Ca₃B₅ exhibit superconductivity with calculated critical temperatures of 25 K, 18 K, and 15 K at pressures of 30 GPa, 50 GPa, and 40 GPa, respectively.",2023-10-01,,matteroffact,Refuted,"[{""bias"": ""subadditivity effect"", ""confidence"": 0.8269}]",Supported,
2404.19084v2_10_T,Bimodal media consistently produces higher surface disorder (higher spectral entropy) in additively manufactured Inconel 718 compared to unimodal media at equivalent processing times during centrifugal disk finishing.,2024-04-01,,matteroffact,Supported,,Supported,
2409.06740v2_12_F,The disentangled variational autoencoder generates alloys with phase formation probabilities that are always consistent with input probabilities regardless of the density of training data in different regions of the latent space.,2024-09-01,,matteroffact,Refuted,"[{""bias"": ""clustering illusion"", ""confidence"": 0.837}]",Refuted,
2408.10978v2_4_F,"The DFT-optimized lattice parameters for all three CsM₃Te₅ compounds (M = Ti, Zr, Hf) are approximately a = b = 6.0 Å and c = 8.4 Å, with minimal variation between the different transition metals.",2024-08-01,,matteroffact,Refuted,"[{""bias"": ""Time-saving bias"", ""confidence"": 0.3277}]",Supported,
2404.09806v1_5_T,"The equilibrium β phase volume fraction in Ti-6Al-4V increases with temperature, reaching approximately 31% at 850°C and 45% at 950°C.",2024-04-01,,matteroffact,Supported,"[{""bias"": ""subadditivity effect"", ""confidence"": 0.6677}]",Supported,
2504.11065v1_7_T,The Fermi velocity in titanium nitride is approximately 1.87 × 10^6 meters per second.,2025-04-01,,matteroffact,Supported,,Supported,
2411.08528v1_5_T,"In Rb₂BX₆ (B = Si, Ge, Sn, Pt; X = Cl, Br, I) vacancy-ordered double perovskites, electron effective masses range from 0.186 to 0.831 m₀, while hole effective masses range from 0.662 to 2.045 m₀.",2024-11-01,,matteroffact,Supported,"[{""bias"": ""Time-saving bias"", ""confidence"": 0.4423}]",Supported,
2502.19772v1_8_T,"Atomic dynamics in the surface region of CsPbBr3 differ significantly from those in the bulk region, with surface-induced disruptions diminishing within less than 1 nm from the surface.",2025-02-01,,matteroffact,Supported,,Supported,
2503.04492v1_14_T,"Increases in PBE-calculated band gap, mean electronegativity, and standard deviation of electronegativity contribute positively to GW-level band gap predictions, while increases in mean absolute oxidation number and standard deviation of period contribute negatively.",2025-03-01,,matteroffact,Supported,"[{""bias"": ""Bias blind spot"", ""confidence"": 0.3451}]",Supported,
2412.18712v1_11_T,"Glass formation in polymers follows the same universal principles as in other materials, with their often higher fragility explained by molecular packing frustration rather than fundamentally different glass formation mechanisms",2024-12-01,,matteroffact,Supported,"[{""bias"": ""Bias blind spot"", ""confidence"": 0.5033}]",Supported,
2406.13070v1_7_T,The as-received β-NiAl coating on R125 Ni-based superalloy consists of an outer layer with a thickness of 58 ± 10 µm and an interdiffusion zone with a thickness of 54 ± 3 µm.,2024-06-01,,matteroffact,Supported,,Supported,
2409.02507v1_12_F,Thermoelectric effects at liquid-liquid interfaces are irrelevant to planetary magnetic fields because such interfaces cannot exist in planetary interiors.,2024-09-01,,matteroffact,Refuted,"[{""bias"": ""Pro-Innovation Bias"", ""confidence"": 0.4392}]",Refuted,
2411.07624v2_2_F,"The Ginzburg-Landau coherence lengths in (PbS)₁.₁₃(TaS₂) are approximately equal in all directions, with values around 15 nm, indicating isotropic superconducting properties.",2024-11-01,,matteroffact,Refuted,"[{""bias"": ""Outcome bias"", ""confidence"": 0.3182}]",Supported,
2408.03175v1_0_T,"In solid-state lithium metal batteries, the interface between lithium and the solid electrolyte is inherently unstable to long wavelength fluctuations due to both mechanical and electrochemical instabilities.",2024-08-01,,matteroffact,Supported,,Supported,
2502.06904v2_6_F,The intra-valence-band transition energy (Δᵥ) in CsPbBr₃ increases by approximately 0.5 eV when thermal fluctuations at room temperature are included compared to the ideal cubic structure at 0K.,2025-02-01,,matteroffact,Refuted,"[{""bias"": ""Planning Fallacy"", ""confidence"": 0.4097}]",Supported,
2409.07058v3_15_F,"Among transition metal substituted Fe₃C alloys, ortho-Fe₁₁Mn₁C₄ shows the highest magnetocrystalline anisotropy energy (MAE) of 2.1 MJ·m⁻³ and magnetic hardness of 1.5, while also maintaining a Curie temperature above room temperature, making it the most promising candidate for permanent magnet applications.",2024-09-01,,matteroffact,Refuted,"[{""bias"": ""Outcome bias"", ""confidence"": 0.3229}]",Supported,
2311.13599v1_0_T,Thermal barrier coating materials with normalized absorption lengths greater than 1 (κ̄L > 1) reduce the coating-alloy interface temperature by absorbing thermal radiation closer to the coating surface.,2023-11-01,,matteroffact,Supported,,Supported,
2409.07058v3_2_T,"In hexagonal (Fe,Co)₃C alloys, the highest magnetocrystalline anisotropy energy of 1.07 MJ·m⁻³ occurs at 20% Co concentration, while the magnetic hardness reaches 1.13 at 90% Co concentration.",2024-09-01,,matteroffact,Supported,"[{""bias"": ""Time-saving bias"", ""confidence"": 0.6507}]",Supported,
2312.05681v2_13_F,"The interaction between PEO chains and silica nanoparticle surfaces increases significantly as the ionic concentration increases, with PEO showing minimal adsorption at vanishing salt concentration but forming a thick adsorbed layer at Li:PEO ratios above 3.2.",2023-12-01,,matteroffact,Refuted,,Supported,
2407.11580v1_9_F,"The chemical composition of the LPBF AlSi10Mg alloy used in the study contains 12.5 wt% Si and 0.8 wt% Mg, with the balance being Al.",2024-07-01,,matteroffact,Refuted,,Supported,
2402.08834v1_11_T,"The stacked nanoparticle models were constructed with either 50 or 80 particles in total, each composed of particles with two sizes (radius = 10 and 15 Å).",2024-02-01,,matteroffact,Supported,,Supported,
2412.10865v1_8_F,"The polariton neural network requires 2 neurons for rings and XOR datasets, and 4 neurons for the more complex spirals dataset to achieve high classification accuracy.",2024-12-01,,matteroffact,Refuted,,Supported,
2408.10978v2_2_F,"The Debye temperatures for CsTi₃Te₅, CsZr₃Te₅, and CsHf₃Te₅ are all approximately 200 K.",2024-08-01,,matteroffact,Refuted,"[{""bias"": ""subadditivity effect"", ""confidence"": 0.5231}]",Refuted,
2411.04179v1_13_T,"(Cr,Bi)₂Te₃ is fundamentally different from previously studied Weyl materials because it is derived from a semiconductor rather than a metal, resulting in electromagnetic response dominated by Weyl physics rather than conventional electrons.",2024-11-01,,matteroffact,Supported,,Supported,
2407.20599v1_10_T,"Silicon with an impurity concentration of 3 × 10^14 cm^-3 is classified as lightly doped, while silicon with an impurity concentration of 1 × 10^17 cm^-3 is classified as heavily doped.",2024-07-01,,matteroffact,Supported,,Supported,
2411.04179v1_9_F,"(Cr,Bi)₂Te₃ exhibits metallic behavior across all temperatures, with resistivity continuously decreasing as temperature decreases both above and below the Curie temperature.",2024-11-01,,matteroffact,Refuted,,Refuted,
2407.21337v1_15_F,Crystal structure prediction in complex space groups with many possible atomic arrangements cannot be performed by searching in their subgroups with fewer symmetry operations.,2024-07-01,,matteroffact,Refuted,,Refuted,
2401.06090v1_7_F,The crystal structure of Li₃InCl₆ contains interconnected three-dimensional channels that facilitate isotropic Li⁺ diffusion in all spatial directions.,2024-01-01,,matteroffact,Refuted,,Supported,
2411.03664v1_3_T,"Chiral charge density wave materials exhibit a unique spin-anomalous dual-Hall effect where the sign of Hall conductivity reverses when the input current direction is reversed, occurring without external magnetic fields or intrinsic magnetization.",2024-11-01,,matteroffact,Supported,"[{""bias"": ""curse of knowledge"", ""confidence"": 0.3468}]",Supported,
2405.07614v1_2_T,"Among the transition metal oxyfluoride perovskites studied, only TiOF2 and VOF2 are thermodynamically stable at 0K, while most O-rich perovskites (except NaTiO2F) are unstable with energy above hull values exceeding 100 meV/atom.",2024-05-01,,matteroffact,Supported,"[{""bias"": ""subadditivity effect"", ""confidence"": 0.3212}]",Supported,
2412.18712v1_8_F,"The fragility of polymer dynamics is independent of observational length scale, with segmental-scale fragility (m_s) being equal to chain-scale fragility (m_c) in polymers with complex monomer structures",2024-12-01,,matteroffact,Refuted,"[{""bias"": ""Time-saving bias"", ""confidence"": 0.4303}]",Refuted,
2403.07526v2_1_T,"The computational time for statistical inference in the Physics-Transfer approach is within milliseconds on a laptop, significantly lower than simulations based on DFT, MLFFs, and EAM.",2024-03-01,,matteroffact,Supported,"[{""bias"": ""Bias blind spot"", ""confidence"": 0.667}]",Supported,
2402.15199v1_6_T,The fundamental mechanism of ion reorientation during adsorption remains consistent across different applied potential differences between 1V and 4V,2024-02-01,,matteroffact,Supported,,Supported,
2412.18878v1_11_T,"The ability to modulate ENZ wavelength in PEDOT films within the sub-picosecond range enables potential applications in ultrafast optical signal processing, ENZ photonics with frequency shifts, and ENZ-based multiband communication devices",2024-12-01,,matteroffact,Supported,"[{""bias"": ""Pro-Innovation Bias"", ""confidence"": 0.9446}]",Supported,
2501.15612v1_0_T,The truncated velocity gauge approach requires significantly fewer bands (as few as 6) for convergence compared to the standard velocity gauge approach (which requires 140 bands) when computing the optical absorption spectrum of laser-dressed trans-polyacetylene,2025-01-01,,matteroffact,Supported,,Supported,
2411.00305v2_12_F,"Vacancy emission from jogs on edge dislocations in FCC metals can only occur at high temperatures (above half the melting temperature) and has no relevance to room-temperature plasticity, which is dominated solely by dislocation-dislocation interactions.",2024-11-01,,matteroffact,Refuted,,Refuted,
2311.02289v1_6_F,"In CsV3Sb5, symmetry-allowed band crossings can occur along any high-symmetry path in the Brillouin zone, regardless of whether the path has C2v or C6v symmetry.",2023-11-01,,matteroffact,Refuted,"[{""bias"": ""subadditivity effect"", ""confidence"": 0.4808}]",Supported,
2412.15784v1_11_T,Voronoi tessellation with adjustable regularity parameters can effectively model the grain size distributions found in real polysilicon samples,2024-12-01,,matteroffact,Supported,"[{""bias"": ""clustering illusion"", ""confidence"": 0.4753}]",Supported,
2502.19140v1_11_F,"The formation of irregular domain boundaries in the δ-phase is energetically unfavorable regardless of titanium placement, as the energy penalty of creating higher-energy interfaces between spinel variants (approximately 10 eV/nm²) always exceeds the energy gain from placing titanium atoms on preferred 16d sites.",2025-02-01,,matteroffact,Refuted,"[{""bias"": ""Omission bias"", ""confidence"": 0.3238}]",Refuted,
2311.07943v2_15_F,"In air-annealed CaFeAsF, the structural transition characteristic of pristine CaFeAsF is completely suppressed when superconductivity emerges.",2023-11-01,,matteroffact,Refuted,,Supported,
2411.04179v1_15_F,"The semimetallic Weyl ferromagnet (Cr,Bi)₂Te₃ has limited practical applications due to its complex synthesis requirements and the need for extremely low temperatures to observe its unique properties.",2024-11-01,,matteroffact,Refuted,,Supported,
2408.10978v2_13_F,"In CsM₃Te₅ kagome metals, phonon frequencies remain constant regardless of which transition metal (Ti, Zr, or Hf) occupies the M site, showing no mass dependence.",2024-08-01,,matteroffact,Refuted,,Refuted,
2401.11244v1_2_F,Machine-learning molecular dynamics accurately predicts the vibrational band center of mobile ions in solid-state ion conductors within 0.1 cm⁻¹ of ab initio molecular dynamics results,2024-01-01,,matteroffact,Refuted,"[{""bias"": ""Bias blind spot"", ""confidence"": 0.6847}]",Supported,
2411.16649v1_14_T,"The pronounced decrease in elastic constants of Ti₂AlC observed towards 1200K occurs as the material approaches its melting point, when atoms move away from their mean positions and disorder emerges.",2024-11-01,,matteroffact,Supported,"[{""bias"": ""curse of knowledge"", ""confidence"": 0.3688}]",Supported,
2311.13599v1_2_F,Thermal barrier coating materials with narrow spectral absorption bands can significantly decrease radiative heat transport through the coating regardless of the normalized absorption length.,2023-11-01,,matteroffact,Refuted,"[{""bias"": ""Bias blind spot"", ""confidence"": 0.3348}]",Supported,
2503.01590v1_14_F,"Computational workflows for Hubbard parameter calculations require users to manually specify all calculation parameters including convergence thresholds, cutoff values, and k-point grids for each calculation",2025-03-01,,matteroffact,Refuted,,Supported,
2404.05820v1_6_T,"Weberite fluorides can exist in multiple polymorphs including orthorhombic, trigonal, and monoclinic structures, which differ in their Kagome-type layer stacking sequences.",2024-04-01,,matteroffact,Supported,,Supported,
2411.11673v2_8_T,The magneto-optical Kerr rotation in MnTe at 40K and 6 Tesla magnetic field reaches approximately +0.15 degrees at energies below 2.3 eV and approximately -0.2 degrees in the negative rotation region between 2.3 and 3.9 eV.,2024-11-01,,matteroffact,Supported,"[{""bias"": ""Time-saving bias"", ""confidence"": 0.6904}]",Supported,
2406.07144v1_8_T,Electron Cyclotron Resonance Ion Beam Deposition can produce high-quality Diamond-Like Carbon coatings on both insulating substrates like fused silica and conductive substrates like stainless steel without requiring substrate bias voltage.,2024-06-01,,matteroffact,Supported,"[{""bias"": ""Pro-Innovation Bias"", ""confidence"": 0.4278}]",Supported,
2412.03741v1_7_F,"The high glass-forming ability of binary Cu-Ti alloys originates primarily from strong Cu-Ti chemical interactions and preferred Cu-Ti pair formation, rather than from the complexity of the local atomic structure.",2024-12-01,,matteroffact,Refuted,,Supported,
2403.07416v2_9_T,"In Mg-1wt%Gd alloy, primary dendrite arm spacing increases by at most 25% as crystal orientation angle increases from 0° to 25°, showing a relatively weak dependence on orientation compared to its strong dependence on temperature gradient.",2024-03-01,,matteroffact,Supported,"[{""bias"": ""Time-saving bias"", ""confidence"": 0.499}]",Supported,
2412.16730v1_14_T,"Surface treatments of sapphire substrates before tantalum deposition, such as using a thin niobium interlayer or argon plasma treatment, can significantly improve the microwave performance of superconducting devices without compromising the beneficial properties of tantalum.",2024-12-01,,matteroffact,Supported,"[{""bias"": ""Whole only effect"", ""confidence"": 0.3954}]",Supported,
2503.01518v1_7_T,"The T1 phase in Al-Cu-Li alloys has a stoichiometric composition of Al2CuLi, with stoichiometric coefficients of 0.5 for Al, 0.25 for Cu, and 0.25 for Li.",2025-03-01,,matteroffact,Supported,"[{""bias"": ""subadditivity effect"", ""confidence"": 0.6037}]",Supported,
2401.04644v1_9_F,Weak antilocalization effects observed in Eu₂Ir₂O₇ thin films below the magnetic transition temperature provide evidence for conventional band insulator behavior with no topological features.,2024-01-01,,matteroffact,Refuted,,Supported,
2411.18843v1_1_T,"The A1 phonon mode in tellurium exhibits significant anharmonicity with a cubic anharmonic term coefficient of -7.62 meV/amu^(3/2)Å^3, which is much larger in magnitude than its quartic term coefficient of 0.24 meV/amu^2Å^4.",2024-11-01,,matteroffact,Supported,,Supported,
2502.17275v1_9_T,Ordinary least squares regression and least angle regression produce equivalent results for sensitivity analysis of the DFN model regardless of sample size,2025-02-01,,matteroffact,Supported,"[{""bias"": ""Bias blind spot"", ""confidence"": 0.6679}]",Refuted,
2401.06319v2_6_F,"The maximum energy increase during surface Bain distortion is identical for all three noble metals (Cu, Ag, and Au), showing no metal-specific differences in transformation energetics.",2024-01-01,,matteroffact,Refuted,,Refuted,
2503.21520v1_2_F,"The amplitude of coherent acoustic phonons in WSSe increases exponentially with increasing pump fluence, reaching saturation at approximately 5 mJ/cm².",2025-03-01,,matteroffact,Refuted,,Supported,
2310.03638v1_0_F,Pt/Co/Re thin films with perfect interfaces can achieve a micromagnetic DMI value of 12.5 mJ/m² at a cobalt thickness of 2 atomic layers.,2023-10-01,,matteroffact,Refuted,,Supported,
2503.13734v1_11_T,"Aluminum alloys with face-centered cubic structures show no significant ductile-to-brittle transition at low temperatures, making them suitable for aerospace applications despite having lower strength compared to other low-temperature alloys",2025-03-01,,matteroffact,Supported,,Supported,
2401.04644v1_14_T,"During the fabrication of Eu₂Ir₂O₇ thin films by reactive solid phase epitaxy, the optimal number of laser pulses is 55 for IrO₂ and 30 for Eu₂O₃ layers, with a laser fluence of approximately 1.0 J/cm² at a fixed repetition rate of 1 Hz.",2024-01-01,,matteroffact,Supported,"[{""bias"": ""Time-saving bias"", ""confidence"": 0.4182}]",Supported,
2501.13547v1_1_F,The quadrupole frequency (νQ) of ¹³⁹La in LaRhGe₃ is 0.70 MHz.,2025-01-01,,matteroffact,Refuted,,Supported,
2408.08791v2_1_T,An all-atom representation of a resistor-capacitor circuit simulated using the Dissipative Split-Charge Equilibration model successfully reproduces the expected charging process and Nyquist noise.,2024-08-01,,matteroffact,Supported,"[{""bias"": ""Bias blind spot"", ""confidence"": 0.552}]",Supported,
2504.00309v1_2_T,"The Jensen-Shannon divergence between the sampling distribution from the IBM quantum device and the ideal noiseless distribution is 0.25, while the divergence between the quantum device distribution and the uniform distribution is 0.95.",2025-04-01,,matteroffact,Supported,,Supported,
2403.18743v1_16_F,"Quasi-bound states in the continuum in silicon carbide metasurfaces are activated by introducing defects or imperfections in the fabrication process, rather than through deliberate symmetry breaking of the unit cell.",2024-03-01,,matteroffact,Refuted,"[{""bias"": ""clustering illusion"", ""confidence"": 0.5599}]",Supported,
2502.14798v1_7_F,"Selenium-based germanium chalcogenide perovskites exhibit stronger electron-phonon coupling compared to their sulfur-based counterparts, resulting in lower polaron mobility and reduced charge transport properties.",2025-02-01,,matteroffact,Refuted,,Refuted,
2402.15199v1_0_F,"During adsorption onto carbon electrodes, EMIM cations maintain a consistent perpendicular orientation to the electrode surface throughout the entire adsorption process",2024-02-01,,matteroffact,Refuted,,Supported,
2408.03175v1_11_T,"The approach to stabilizing solid-state battery interfaces is inspired by morphogenesis in biological systems, such as the regulated growth of flat leaves that maintain their shape through feedback mechanisms.",2024-08-01,,matteroffact,Supported,"[{""bias"": ""curse of knowledge"", ""confidence"": 0.8587}]",Supported,
2503.03099v1_10_F,Twisted h-BN bilayers with specific twist angles between 10° and 20° transition from semiconductor to metallic behavior due to band overlap.,2025-03-01,,matteroffact,Refuted,,Supported,
2408.10978v2_11_F,"CsTi₃Te₅ exhibits brittle behavior, while CsZr₃Te₅ and CsHf₃Te₅ show ductile behavior, based on their bulk modulus to shear modulus ratios.",2024-08-01,,matteroffact,Refuted,"[{""bias"": ""Ambiguity effect"", ""confidence"": 0.5674}]",Supported,
2310.18102v2_7_T,Hydrogen atoms in amorphous boron nitride preferentially form B-H and N-H bonds rather than H-H bonds at hydrogen concentrations up to 20 atomic percent,2023-10-01,,matteroffact,Supported,,Supported,
2502.15531v1_16_T,"The thermodynamic driving forces that move acceptors away from I3-type basal stacking faults and allow donors to remain near these defects in hexagonal-diamond silicon will affect dopant distribution and electrical activation in electronic devices, with higher concentrations of donors expected at the stacking faults.",2025-02-01,,matteroffact,Supported,,Supported,
2411.04179v1_9_T,"(Cr,Bi)₂Te₃ exhibits an insulating behavior above the Curie temperature and a decrease in resistivity below the Curie temperature as ferromagnetism drives the formation of a Weyl state.",2024-11-01,,matteroffact,Supported,,Supported,
2312.10313v1_7_F,"The dimensionality of Nb structures has no effect on superconductivity, with all Nb structures exhibiting identical superconducting properties regardless of their dimensionality when using the same coupling parameter.",2023-12-01,,matteroffact,Refuted,"[{""bias"": ""Distinction bias"", ""confidence"": 0.6078}]",Refuted,
2401.15420v1_1_T,The HC||NVP/C full cell sodium-ion battery delivers a specific capacity of approximately 70 mAh/g at 0.1 C rate and retains about 35 mAh/g at a high current rate of 5 C.,2024-01-01,,matteroffact,Supported,"[{""bias"": ""Time-saving bias"", ""confidence"": 0.8252}]",Supported,
2502.00798v1_12_F,The deep learning approach is limited to using simple exchange-correlation functionals like LDA or GGA for large supercell calculations,2025-02-01,,matteroffact,Refuted,"[{""bias"": ""Bias blind spot"", ""confidence"": 0.5037}]",Refuted,
2503.04492v1_0_T,"A support vector regression model using only 5 XML-selected features achieves a root mean square error of 0.254 eV when predicting GW-level band gaps for in-domain datasets, comparable to the 0.247 eV RMSE of the 18-feature model.",2025-03-01,,matteroffact,Supported,,Supported,
2311.03271v1_9_F,Twin identification algorithms can filter over 6000 initial clusters down to 200 planar structures and 100 successfully paired twin boundaries in copper single crystals under shear load,2023-11-01,,matteroffact,Refuted,"[{""bias"": ""clustering illusion"", ""confidence"": 0.429}]",Supported,
2502.09382v2_4_F,"The sputtering rates under 10 nA Cs⁺ primary beam at 5 keV impact energy are identical (0.30 nm/s) for all three layers: Ba₁₋ₓSrₓTiO₃, La₁.₁Sr₀.₉NiO₃, and the SrTiO₃ substrate.",2025-02-01,,matteroffact,Refuted,"[{""bias"": ""Time-saving bias"", ""confidence"": 0.6964}]",Supported,
2411.08980v1_4_T,The normalized critical magnetic field B*/B_p at the tricritical point is systematically smaller in NbS₂ flakes compared to NbSe₂ flakes of similar thickness.,2024-11-01,,matteroffact,Supported,,Supported,
2411.16279v1_12_F,"The optoelectronic properties of silver chalcohalide antiperovskites can only be controlled through temperature changes, as the non-polar nature of their phonon modes prevents manipulation by external electric fields or optical excitation.",2024-11-01,,matteroffact,Refuted,,Refuted,
2412.05273v1_15_T,"Topological semimetals transition from weak to strong Coulomb disorder regimes as carrier density decreases, with magnetoresistance evolving from linear field dependence in the weak disorder limit to quadratic low-field and complex non-linear high-field behavior in the strong disorder limit.",2024-12-01,,matteroffact,Supported,"[{""bias"": ""curse of knowledge"", ""confidence"": 0.3503}]",Supported,
2404.12191v1_12_F,TMM-Sim requires all user-supplied refractive index spectra to cover the same wavelength range and cannot handle data with different spectral coverages.,2024-04-01,,matteroffact,Refuted,"[{""bias"": ""Bias blind spot"", ""confidence"": 0.4303}]",Supported,
2412.12344v1_15_F,Field-resilient supercurrent diodes based on multiferroic Josephson junctions are limited to laboratory demonstrations and cannot be used in practical cryogenic electronic circuits due to their complex fabrication requirements,2024-12-01,,matteroffact,Refuted,"[{""bias"": ""Pro-Innovation Bias"", ""confidence"": 0.4944}]",Supported,
2310.04841v1_4_T,Reconstructed metal vacancies in titanium carbide are characterized by localized electron states that appear in the forbidden energy regions of the electronic spectrum.,2023-10-01,,matteroffact,Supported,"[{""bias"": ""clustering illusion"", ""confidence"": 0.3399}, {""bias"": ""curse of knowledge"", ""confidence"": 0.3383}]",Supported,
2503.21027v1_14_T,The magnetoresistance in CoS₂ above the Curie temperature follows a modified Kohler's rule with carrier density renormalization factors of 0.77 at 140 K and 0.81 at 160 K.,2025-03-01,,matteroffact,Supported,"[{""bias"": ""Time-saving bias"", ""confidence"": 0.4493}]",Supported,
2311.14529v1_10_T,"The additively manufactured Al-Mn-Cr-Zr alloy samples were produced using a laser power of 370 W, laser speed of 1300 mm/s, hatch distance of 0.13 mm, and layer thickness of 0.03 mm.",2023-11-01,,matteroffact,Supported,"[{""bias"": ""Time-saving bias"", ""confidence"": 0.5991}]",Supported,
2310.07816v2_14_T,"Machine learning models can identify latent morphological features in MoS2 thin films that might be missed by human experts, enabling more efficient materials characterization.",2023-10-01,,matteroffact,Supported,"[{""bias"": ""Bias blind spot"", ""confidence"": 0.7722}]",Supported,
2312.07341v1_1_T,La₃Ni₂O₇ exhibits a maximum superconducting transition temperature (Tc) of approximately 80 K at pressures above 12 GPa.,2023-12-01,,matteroffact,Supported,,Supported,
2409.06071v2_8_T,"The embedded cluster expansion formalism reduces model complexity for multicomponent alloys by exploiting chemical similarities between elements, enabling accurate modeling of alloys with several elements without a significant increase in the number of fitting parameters.",2024-09-01,,matteroffact,Supported,"[{""bias"": ""Bias blind spot"", ""confidence"": 0.4185}]",Supported,
2403.08679v1_9_T,"The Curie-Weiss temperature of NaFe₂PO₄(SO₄)₂ is approximately -98 K, indicating dominant antiferromagnetic interactions.",2024-03-01,,matteroffact,Supported,,Refuted,
2503.01518v1_12_T,"The diffusion pre-exponential factors for Cu and Li in α-Al are 6.5 × 10⁻⁵ m²/s and 3.5 × 10⁻⁵ m²/s respectively, with activation energies of 136.0 kJ/mol and 126.1 kJ/mol.",2025-03-01,,matteroffact,Supported,"[{""bias"": ""Time-saving bias"", ""confidence"": 0.7985}]",Supported,
2410.05384v2_15_T,"The chemical potential μ decreases monotonically from positive values in the chiral topological superconductor phase to negative values in the Bose-Einstein condensate phase as the electron-phonon coupling strength u increases, crossing zero at the critical point u* ≈ 0.33 εK when v = 0.05 εK.",2024-10-01,,matteroffact,Supported,"[{""bias"": ""Time-saving bias"", ""confidence"": 0.3623}]",Supported,
2503.13734v1_5_F,"The accuracy of the low-temperature alloy database reached only 85% after a single round of automated verification, with no manual checking performed to correct errors",2025-03-01,,matteroffact,Refuted,"[{""bias"": ""Bias blind spot"", ""confidence"": 0.4511}]",Supported,
2401.16271v1_15_F,"The microstructure dataset used for training and testing the AnisoGNN models consisted of 100 unique microstructure volume elements, each containing approximately 500 grains in a 64×64×64 voxel volume.",2024-01-01,,matteroffact,Refuted,"[{""bias"": ""clustering illusion"", ""confidence"": 0.8852}]",Supported,
2312.07341v1_15_F,"The superconducting transition temperature of La₃Ni₂O₇ increases with increasing applied in-plane magnetic field, contrary to the behavior expected for conventional superconductors.",2023-12-01,,matteroffact,Refuted,,Refuted,
2502.20809v1_8_F,The PFD workflow consists of two main stages: training a universal model from scratch and then applying it directly to specific materials without modification.,2025-02-01,,matteroffact,Refuted,"[{""bias"": ""Unit Bias"", ""confidence"": 0.3607}]",Refuted,
2311.12681v2_7_T,"The frequency noise in a-SiC:H parallel plate capacitors exhibits a non-monotonic temperature dependence in the strong field regime, with a minimum near the temperature where hω = k_B T.",2023-11-01,,matteroffact,Supported,,Supported,
2503.11087v1_8_T,Single-crystalline EuZn₂Sb₂ films grow epitaxially on CdTe(111)A substrates with the [100] direction of EuZn₂Sb₂ aligned with the [11̄2] direction of the CdTe substrate.,2025-03-01,,matteroffact,Supported,"[{""bias"": ""Outcome bias"", ""confidence"": 0.4097}]",Supported,
2411.01127v1_10_T,"In low-doped PBTTT thin films, the Seebeck coefficient deviates from temperature-linear behavior in the low temperature region, exhibiting a power-law temperature dependence consistent with the beginning of a crossover from weak to strong localization.",2024-11-01,,matteroffact,Supported,,Supported,
2502.06904v2_1_F,"The calculated hole effective mass of CsPbBr₃ at room temperature (0.185 m₀) is significantly lower than the experimentally measured value of 0.26±0.02 m₀, indicating polaron formation.",2025-02-01,,matteroffact,Refuted,,Refuted,
2503.12194v1_14_F,"The defect formation energy of Er-doped Ga₂O₃ is constant across different Fermi level positions, maintaining the same value from the valence band maximum to the conduction band minimum regardless of charge state.",2025-03-01,,matteroffact,Refuted,,Refuted,
2406.11763v1_12_T,"Laser doses between 0.14-0.29 mJ/μm² promote the ferroelectric orthorhombic phase in Hf0.5Zr0.5O2 thin films, while higher doses of approximately 0.77 mJ/μm² promote the monoclinic phase.",2024-06-01,,matteroffact,Supported,"[{""bias"": ""Time-saving bias"", ""confidence"": 0.6867}]",Supported,
2407.04788v1_7_F,"TPDH-graphene transitions from a metallic to a semiconducting state after lithium adsorption, which limits its effectiveness as a lithium-ion battery anode material",2024-07-01,,matteroffact,Refuted,,Supported,
2401.06319v2_14_F,"The surface Bain distortion in noble metal nanowires follows the same transformation pathway as bulk Bain distortion, passing directly through the bcc structure as an essential intermediate phase.",2024-01-01,,matteroffact,Refuted,,Supported,
2411.04807v1_3_F,The charge transfer excitation energy of the anthracene-tetracyanoethylene complex at equilibrium separation is approximately 2.5 eV.,2024-11-01,,matteroffact,Refuted,,Supported,
2403.09609v1_2_F,"In titanium alloys, Kurdjumov-Sachs orientation relationship governs the transformation from β to α phase, allowing for twenty-four distinct variants of transformation from the bcc into the hcp lattice.",2024-03-01,,matteroffact,Refuted,,Supported,
2405.11460v1_0_F,Pr-doped NASICON type Na₃₊ₓZr₂₋ₓPrₓSi₂PO₁₂ (x = 0.05-0.2) ceramics exhibit rhombohedral crystal structure with R-3c space group at room temperature.,2024-05-01,,matteroffact,Refuted,,Supported,
2504.02054v1_4_T,The calculated attempt frequency for oxygen hole polaron hopping in NaMn₃O₇ is 6.12 × 10¹² Hz,2025-04-01,,matteroffact,Supported,"[{""bias"": ""Pseudocertainty effect"", ""confidence"": 0.4127}]",Supported,
2409.01450v1_14_T,The work function of two-dimensional perovskites increases by 14.16% when 4-fluorophenylethylammonium (FPEA) is used as the passivating cation compared to phenylethylammonium (PEA),2024-09-01,,matteroffact,Supported,,Supported,
2403.18441v1_14_F,"The temperature distribution in the workpiece during machining is modeled using only a single heat source from the primary shear zone, without accounting for tool-chip interface friction or coolant effects.",2024-03-01,,matteroffact,Refuted,"[{""bias"": ""Bias blind spot"", ""confidence"": 0.7174}]",Refuted,
2402.08326v2_4_T,The stiffness constant c12 of Al/C60 nanocomposites increases from 55.7 GPa to 58.0 GPa as the mass fraction of fullerenes increases from 0% to 2%.,2024-02-01,,matteroffact,Supported,"[{""bias"": ""Time-saving bias"", ""confidence"": 0.9435}]",Supported,
2502.18190v1_5_T,"Li⁺ ion intercalation can induce a phase transition from 2H to 1T phase in bilayer OsBr₂ with no energy barrier, while the reverse transition from 1T to 2H phase can be achieved using infrared laser induction.",2025-02-01,,matteroffact,Supported,,Refuted,
2404.05398v1_17_F,HfN is a brittle ceramic material with poor metallic properties that make it unsuitable as an alternative to gold for applications in nanophotonics and plasmon-assisted chemistry.,2024-04-01,,matteroffact,Refuted,,Supported,
2502.03739v1_2_T,"All four stacking patterns of CrSBr bilayers (AA-0, AA-1, AB-0, and AB-1) maintain A-type antiferromagnetic ordering as their ground state, similar to the bulk material, despite variations in interlayer distances and coupling strengths.",2025-02-01,,matteroffact,Supported,"[{""bias"": ""subadditivity effect"", ""confidence"": 0.3089}]",Supported,
2503.13734v1_10_T,"Multi-principal element alloys like CoCrFeNi with face-centered cubic structures exhibit nanotwinning during deformation at low temperatures, which imparts ultra-high plasticity and increases work-hardening rates",2025-03-01,,matteroffact,Supported,"[{""bias"": ""curse of knowledge"", ""confidence"": 0.3672}]",Supported,
2411.11673v2_14_T,The band gap energy of manganese telluride (MnTe) at 40 K is 1.46±0.10 eV.,2024-11-01,,matteroffact,Supported,,Supported,
2401.17024v2_2_T,Mg₂IrH₆ exhibits a superconducting transition temperature of 65 K at ambient pressure with an electron-phonon coupling parameter λ of 2.56.,2024-01-01,,matteroffact,Supported,,Supported,
2409.18344v1_10_T,"PFBS⁻ anions preferentially oxidize at the cathode surface to form a stable, inorganic-rich CEI layer that prevents continuous DME oxidation at high voltages.",2024-09-01,,matteroffact,Supported,,Supported,
2504.02054v1_14_T,The split-hole polaron in desodiated Na₂Mn₃O₇ represents a novel class of polaronic quasiparticles distinct from both traditional small polarons and covalent peroxide species,2025-04-01,,matteroffact,Supported,"[{""bias"": ""curse of knowledge"", ""confidence"": 0.432}]",Supported,
2409.06743v1_10_T,Full cells using trilayer cellulosic paper separators with BaTiO₃ fillers maintain nearly 100% Coulombic efficiency for up to 200 cycles regardless of the SBR concentration used.,2024-09-01,,matteroffact,Supported,,Refuted,
2504.11065v1_11_F,Titanium nitride possesses a single spherical Fermi surface that is responsible for all electronic conduction in the material.,2025-04-01,,matteroffact,Refuted,,Supported,
2404.00214v1_14_F,"The Ru4+ ions in Sr3Ru2O7 have a 4d4 electronic configuration with all electrons paired in the t2g orbitals, preventing any ferromagnetic ordering",2024-04-01,,matteroffact,Refuted,,Supported,
2405.03680v2_14_T,AtomGPT uses parameter-efficient fine-tuning techniques like LoRA to reduce computational requirements while maintaining high performance for materials design tasks.,2024-05-01,,matteroffact,Supported,,Supported,
2403.11080v2_14_T,Non-local strain gradient plasticity formulations are necessary to predict the heterogeneous microstructure and residual stress developments that lead to Tension-Compression asymmetry in rapidly solidified alloys,2024-03-01,,matteroffact,Supported,"[{""bias"": ""curse of knowledge"", ""confidence"": 0.3124}]",Supported,
2411.12896v1_4_T,"The peak optical absorption energy for photoionization of the Ge DX center in AlGaN is approximately 1.5 eV for aluminum content between 55% and 75%, and increases to approximately 2.5 eV for pure AlN",2024-11-01,,matteroffact,Supported,"[{""bias"": ""Time-saving bias"", ""confidence"": 0.3945}]",Supported,
2404.08651v1_8_F,Higher effective flux density of SiH3 precursors on textured surfaces leads to higher defect density in deposited thin film silicon compared to flat surfaces.,2024-04-01,,matteroffact,Refuted,,Supported,
2412.09533v1_4_F,"In tin oxide thin-film transistors, the photoconduction fall time decreases to approximately 50 microseconds for midgap photoexcitations down to 0.5 eV at p-mode gate voltages.",2024-12-01,,matteroffact,Refuted,"[{""bias"": ""Time-saving bias"", ""confidence"": 0.5322}]",Supported,
2310.20241v1_1_F,"Carbon vacancies in graphene inhibit lithium cluster formation by decreasing binding energy at defect sites, preventing dendrite nucleation.",2023-10-01,,matteroffact,Refuted,,Supported,
2403.07416v2_4_F,Converging grain boundaries with grains growing in the same lateral direction (α1×α2>0) exhibit the highest stochastic variability in orientation during directional solidification of hcp alloys.,2024-03-01,,matteroffact,Refuted,,Supported,
2502.12144v1_8_T,"Superconductivity in finite-layer nickelates Nd₍ₙ₊₁₎Ni₍ₙ₎O₍₂ₙ₊₂₎ is d-wave in nature and induced by antiferromagnetic spin fluctuations, similar to the mechanism in infinite-layer nickelates.",2025-02-01,,matteroffact,Supported,"[{""bias"": ""Pro-Innovation Bias"", ""confidence"": 0.4567}]",Supported,
2410.01040v1_6_F,"In Bi₂Sr₂CaCu₂O₈₊δ with tilted columnar defects, when the vortex density is less than the columnar defect density (B/B_Φ < 1), the primary transmittivity dip occurs at approximately 30° at all temperatures.",2024-10-01,,matteroffact,Refuted,"[{""bias"": ""Outcome bias"", ""confidence"": 0.3412}]",Supported,
2503.13734v1_10_F,"Multi-principal element alloys with face-centered cubic structures exhibit no special deformation mechanisms at low temperatures, resulting in mechanical properties similar to conventional alloys",2025-03-01,,matteroffact,Refuted,,Refuted,
2407.01918v1_1_T,"In solid electrolytes, the dissipation experienced by mobile ions is lower in stiff, dense materials due to the inverse relationship between dissipation rate and both the cube of the speed of sound and the density of the crystal.",2024-07-01,,matteroffact,Supported,,Supported,
2503.22477v2_0_F,Substituting Si with Ge in LaRu₃Si₂ decreases the superconducting transition temperature from 6.6 K to 6.1 K at x = 0.07 Ge content.,2025-03-01,,matteroffact,Refuted,"[{""bias"": ""Time-saving bias"", ""confidence"": 0.9315}]",Supported,
2412.02812v4_1_F,"The compositional variation of the average total magnetic moment for thin-film bct Co₁₋ₓMnₓ alloys shows rapidly decreasing moments with increasing Mn concentration, similar to the historical measurements of bulk fcc Co₁₋ₓMnₓ alloys.",2024-12-01,,matteroffact,Refuted,,Supported,
2407.21337v1_17_F,Combining rigid blocks with space group symmetry reduces the dimensionality of the phase space for Li₃PS₄ from 48 to 25 dimensions in space group Pmn2₁(31).,2024-07-01,,matteroffact,Refuted,"[{""bias"": ""Time-saving bias"", ""confidence"": 0.3293}]",Supported,
2403.19614v1_4_T,"The standard deviation in room temperature resistance measurements for L-shaped Josephson junctions is 3.2%, while for horseshoe junctions it is 31.7%.",2024-03-01,,matteroffact,Supported,"[{""bias"": ""subadditivity effect"", ""confidence"": 0.431}]",Supported,
2411.11618v1_8_F,MoS2 flakes with ZZ-Mo edges exhibit acceptor-like edge states that favor p-type semiconductor behavior.,2024-11-01,,matteroffact,Refuted,,Supported,
2501.15612v1_3_F,"In the standard velocity gauge approach, the low-frequency region (0-0.5 eV) of the optical absorption spectrum of laser-dressed trans-polyacetylene requires 30 bands for convergence, while the truncated velocity gauge approach requires at least 50 bands for convergence across this frequency range",2025-01-01,,matteroffact,Refuted,"[{""bias"": ""Time-saving bias"", ""confidence"": 0.4663}]",Supported,
2501.16965v1_14_T,The density functional theory calculations were performed using the generalized gradient approximation for the exchange-correlation potential and a 12 × 12 × 1 k-point grid for both self-consistent calculations and band structure analysis.,2025-01-01,,matteroffact,Supported,"[{""bias"": ""Bias blind spot"", ""confidence"": 0.3742}]",Supported,
2503.11890v1_4_F,"The binding energy of the mixed biexciton state (B₁₂) in (F-PEA)₂PbI₄, formed by cross-coupling between excitons X₁ and X₂, is approximately 60 meV.",2025-03-01,,matteroffact,Refuted,"[{""bias"": ""Outcome bias"", ""confidence"": 0.3837}]",Supported,
2502.19772v1_13_T,"Entropic effects in CsPbBr3 prevent the surface from developing a series of polar layers with aligned dipoles, maintaining short-ranged correlations similar to those in the bulk material.",2025-02-01,,matteroffact,Supported,,Supported,
2404.12191v1_6_T,"TMM-Sim offers advantages over existing TMM-based packages by providing bilayer device simulation capabilities, requiring no programming expertise, and being freely accessible without licensing fees.",2024-04-01,,matteroffact,Supported,"[{""bias"": ""Whole only effect"", ""confidence"": 0.3654}]",Supported,
2405.03680v2_4_F,"AtomGPT achieves a normalized RMSE of 0.30 for the SuperConDB dataset in inverse design tasks, performing worse than CDVAE which achieves 0.24.",2024-05-01,,matteroffact,Refuted,,Supported,
2503.07460v1_15_T,"Super-resolution techniques applied to real-time time-dependent density functional theory can reduce computational costs by a factor of 5 to 10, enabling more efficient extraction of excited-state information from short-time dynamics simulations.",2025-03-01,,matteroffact,Supported,"[{""bias"": ""Pro-Innovation Bias"", ""confidence"": 0.8758}]",Refuted,
2412.12344v1_16_F,Multiferroic supercurrent diodes are unsuitable for cryogenic memory applications due to their low operating temperatures and inability to maintain stable states without continuous power,2024-12-01,,matteroffact,Refuted,"[{""bias"": ""Pro-Innovation Bias"", ""confidence"": 0.3013}]",Refuted,
2504.00309v1_8_T,"The QSE-QSCI approach enables quantum computation of quasiparticle band structures with two-body interaction terms, which are essential for describing electron correlations in strongly correlated systems.",2025-04-01,,matteroffact,Supported,"[{""bias"": ""curse of knowledge"", ""confidence"": 0.5918}]",Supported,
2310.18468v1_3_T,Totimorphic structures are better suited for deployment in extremely low-gravity environments like orbits and deep space than on planetary bodies.,2023-10-01,,matteroffact,Supported,"[{""bias"": ""curse of knowledge"", ""confidence"": 0.5646}]",Supported,
2406.12453v1_12_T,"Single crystals of Sr₃Ni₁.₇₅Al₀.₂₅O₇ can be successfully grown using the optical floating zone technique under 9 bar oxygen pressure, with counter-rotating feed and seed rods at 24 rpm and a growth rate of 4 mm/h.",2024-06-01,,matteroffact,Supported,,Supported,
2410.14562v1_12_F,NH4+-intercalated vanadium pentoxide is primarily suitable for superconducting applications due to its metallic conductivity and three-dimensional magnetic ordering.,2024-10-01,,matteroffact,Refuted,,Refuted,
2409.09176v1_11_T,"Atomic multiplet effects remain important in negative charge transfer compounds, requiring full multiplet theory for accurate predictions of properties like spin state transitions, which cannot be fully captured by simplified approaches like the Kanamori approximation.",2024-09-01,,matteroffact,Supported,"[{""bias"": ""Pro-Innovation Bias"", ""confidence"": 0.3785}]",Supported,
2407.09880v1_13_F,The superconducting gap size in monolayer FeSe grown on oxide substrates is independent of the interfacial electron-phonon coupling strength and is primarily determined by the electron doping level.,2024-07-01,,matteroffact,Refuted,,Refuted,
2405.17550v1_11_F,"In quantum Hall-superconductor junctions with metallic puddles, the effective charge transmission fractions are given by t_eh^(u) = (1/N^(u)) ∑_(n=1)^(N^(u)) t_(eh,n) and t_eh^(l) = (1/N^(l)) ∑_(n=1)^(N^(l)) t_(eh,n), where t_(eh,n) is the transmission fraction of each coherent segment.",2024-05-01,,matteroffact,Refuted,,Supported,
2407.09880v1_10_T,"SrVO₃ films grown on SrTiO₃ exhibit two distinct surface reconstructions: √5×√5 R26.6° and √2×√2 R45°, which do not affect the subsequent growth of tetragonal FeSe.",2024-07-01,,matteroffact,Supported,"[{""bias"": ""Time-saving bias"", ""confidence"": 0.4025}]",Supported,
2503.00217v1_7_T,"Oxide nanoscrolls maintain their structural integrity during hydrogen species interactions, even in the presence of cation vacancies, demonstrating their robustness for hydrogen production and storage applications.",2025-03-01,,matteroffact,Supported,"[{""bias"": ""curse of knowledge"", ""confidence"": 0.7958}]",Supported,
2411.18843v1_2_T,Lattice distortion induced by THz laser excitation transforms tellurium from a direct semiconductor to an indirect semiconductor by lowering the energy of the conduction band along the Γ-A direction below that at the H point.,2024-11-01,,matteroffact,Supported,"[{""bias"": ""curse of knowledge"", ""confidence"": 0.3491}]",Supported,
2406.09663v1_15_F,"The convolutional neural network converted bainite microstructures into feature vectors of 1024 dimensions, which were reduced to 128 dimensions using Principal Component Analysis for more efficient processing.",2024-06-01,,matteroffact,Refuted,"[{""bias"": ""Bias blind spot"", ""confidence"": 0.685}]",Supported,
2404.12822v1_16_F,"The mixed polyanionic structure of NaFe₁.₆V₀.₄(PO₄)(SO₄)₂@CNT cathode primarily serves to increase sodium-ion diffusion pathways, with minimal impact on the operating voltage which is determined mainly by the Fe³⁺/Fe²⁺ redox couple.",2024-04-01,,matteroffact,Refuted,,Supported,
2311.08257v1_11_T,"Variations in spin Hall angle measurements for the same material across different studies can be attributed to differences in sample quality, growth conditions, and interfaces, which affect extrinsic spin Hall mechanisms.",2023-11-01,,matteroffact,Supported,"[{""bias"": ""Bias blind spot"", ""confidence"": 0.3708}]",Supported,
2504.07641v1_1_F,The band gap of Cs₃Bi₂Br₉₋ₓIₓ increases with increasing iodine content as long as the system remains in the P-3m1 crystal phase.,2025-04-01,,matteroffact,Refuted,,Supported,
2411.08980v1_9_T,"In NbS₂, there is an evolution from Ising superconductivity in few-layer limit to orbital FFLO state in flakes with intermediate thickness to Zeeman FFLO in bulk-limit.",2024-11-01,,matteroffact,Supported,,Supported,
2503.07460v1_9_T,"Machine-learned interatomic potentials enable efficient exploration of the vast compositional and structural space of solar battery materials, but require modifications to incorporate electronic degrees of freedom for modeling optoionic effects.",2025-03-01,,matteroffact,Supported,"[{""bias"": ""Bias blind spot"", ""confidence"": 0.6536}]",Supported,
2502.13793v1_7_T,"The standard deviation of hydrostatic stress in elastically deformed cubic polycrystals is proportional to the mean von Mises stress by a dimensionless stress ratio ω, which for 316L stainless steel is approximately 0.08.",2025-02-01,,matteroffact,Supported,,Supported,
2403.18743v1_8_F,Silicon carbide metasurfaces offer high field enhancement similar to plasmonic platforms but cannot achieve the high quality factors characteristic of dielectric platforms due to inherent material absorption.,2024-03-01,,matteroffact,Refuted,"[{""bias"": ""Bias blind spot"", ""confidence"": 0.3453}]",Supported,
2310.03080v2_13_T,The high harmonic generation simulations of monolayer NbSe2 required a k-mesh of size 8×8×1 and a real-space grid density of 2 points per bohr to achieve convergence.,2023-10-01,,matteroffact,Supported,,Supported,
2501.16965v1_0_F,"The superfluid weight in time-reversal symmetric systems is determined solely by the Berry curvature and conventional band structure parameters, with no contribution from the non-Abelian quantum metric.",2025-01-01,,matteroffact,Refuted,"[{""bias"": ""Bias blind spot"", ""confidence"": 0.6743}]",Refuted,
2502.18376v1_12_T,The gradient of Jahn-Teller distortion amplitudes across the LaVO₃ film thickness may favor the coexistence of different spin and orbital ordered states below the Néel temperature.,2025-02-01,,matteroffact,Supported,,Supported,
2502.03739v1_9_T,"CrSBr bilayers exhibit flat phonon bands around 2 THz along the Γ-X-S direction and extremely low-frequency optical modes at the Γ point, with avoided crossings between acoustic and optical phonon modes contributing to their low lattice thermal conductivity.",2025-02-01,,matteroffact,Supported,,Supported,
2503.21520v1_6_F,"The longitudinal speed of sound in WSSe is approximately 3500 m/s, which is higher than in both parent compounds WS₂ and WSe₂.",2025-03-01,,matteroffact,Refuted,,Supported,
2410.09376v2_6_F,"Electroplastically drawn Cu-6wt%Ag alloy wires exhibit significant elastic deterioration when exposed to the operating conditions of pulsed magnets, showing structural instability at magnetic fields above 25 Tesla and temperatures below 50K.",2024-10-01,,matteroffact,Refuted,"[{""bias"": ""Pro-Innovation Bias"", ""confidence"": 0.3011}]",Supported,
2405.11460v1_0_T,Pr-doped NASICON type Na₃₊ₓZr₂₋ₓPrₓSi₂PO₁₂ (x = 0.05-0.2) ceramics exhibit monoclinic crystal structure with C2/c space group at room temperature.,2024-05-01,,matteroffact,Supported,,Supported,
2401.17024v2_13_T,"Among the four promising superconducting compounds identified, Li₂CuH₆ exhibits the highest superconducting transition temperature of 80 K, which exceeds the liquid nitrogen temperature (77 K).",2024-01-01,,matteroffact,Supported,"[{""bias"": ""subadditivity effect"", ""confidence"": 0.3162}]",Supported,
2411.02053v1_1_F,Silicon jump frequency in Fe-Si alloys can be accurately estimated from thermodynamic simulations without requiring direct kinetic simulations using the standard Lomer equation without modifications,2024-11-01,,matteroffact,Refuted,"[{""bias"": ""Bias blind spot"", ""confidence"": 0.3028}]",Refuted,
2410.11597v1_6_T,"Polarization imaging offers advantages over computed tomography for carbon fiber sheet molding compound analysis, including lower cost, faster acquisition, and larger field-of-view, making it more suitable for industrial quality inspection.",2024-10-01,,matteroffact,Supported,"[{""bias"": ""Pro-Innovation Bias"", ""confidence"": 0.6639}]",Supported,
2503.01518v1_13_F,The elastic stiffness coefficient C11 for the T1 phase in Al-Cu-Li alloys (107.9 GPa) is identical to that of the α-Al phase (107.9 GPa).,2025-03-01,,matteroffact,Refuted,"[{""bias"": ""Time-saving bias"", ""confidence"": 0.3106}]",,Failed to get valid prediction
2408.15684v1_5_T,Inserting graphene at the Mo foil/CZTSSe interface increases the built-in potential of the solar cell from 0.41 V to 0.51 V,2024-08-01,,matteroffact,Supported,"[{""bias"": ""Time-saving bias"", ""confidence"": 0.9238}]",Supported,
2502.03361v2_8_T,"The WSe2 flakes prepared by mechanical exfoliation for exciton-polariton studies have thicknesses ranging from 20 to 150 nanometers, with the specific flake analyzed in detail having a thickness of approximately 55 nanometers.",2025-02-01,,matteroffact,Supported,,Supported,
2408.08791v2_3_T,"The capacitance value derived from thermal noise simulations using the Dissipative Split-Charge Equilibration model is 28.37, which is within 4% of the directly measured capacitance value.",2024-08-01,,matteroffact,Supported,,Supported,
2411.16279v1_5_T,"In the cubic Pm3̄m phase of Ag₃SBr, optical polar phonons produce the largest S-Ag distance changes of up to 20%, while optical non-polar phonons cause the largest Br-Ag bond length variations of up to 12%.",2024-11-01,,matteroffact,Supported,"[{""bias"": ""Time-saving bias"", ""confidence"": 0.5579}]",Supported,
2502.19772v1_10_T,"CsPbBr3 surfaces exhibit a U-shaped distribution of electronic states similar to well-passivated traditional semiconductors, despite having undercoordinated covalent bonds at the surface.",2025-02-01,,matteroffact,Supported,,Supported,
2311.13599v1_16_F,"At a gas temperature of 2500 K, the blackbody spectral emissive power peaks in the wavelength range where current thermal barrier coatings like gadolinium zirconate exhibit strong absorption (7-10 μm).",2023-11-01,,matteroffact,Refuted,,Supported,
2408.08791v2_10_F,"In the Dissipative Split-Charge Equilibration model simulation of a resistor-capacitor circuit, the capacitor begins charging immediately upon circuit completion, with no propagation delay between the battery and capacitor.",2024-08-01,,matteroffact,Refuted,"[{""bias"": ""clustering illusion"", ""confidence"": 0.4881}]",Refuted,
2412.10561v2_17_F,The emission spectra and spectral emissivity for a 100 μm-thick Borofloat sample with 1 weight-% OH content were calculated at a temperature of 1600 K.,2024-12-01,,matteroffact,Refuted,,Supported,
2411.16279v1_5_F,"In the cubic Pm3̄m phase of Ag₃SBr, optical non-polar phonons produce the largest S-Ag distance changes of up to 25%, while optical polar phonons cause the largest Br-Ag bond length variations of up to 15%.",2024-11-01,,matteroffact,Refuted,"[{""bias"": ""Time-saving bias"", ""confidence"": 0.6023}]",Supported,
2311.11899v1_1_F,"The lattice constant c of Bi₁₋ₓSbₓ thin films shows an exponential relationship with the percentage of Sb (x), deviating significantly from Vegard's law, with alloy films having widely varying lattice constants.",2023-11-01,,matteroffact,Refuted,,Supported,
2310.03080v2_8_T,Monolayer NbSe2 requires laser pulse intensities of at least 10^11 W/cm^2 to generate significant higher harmonics beyond the fundamental frequency.,2023-10-01,,matteroffact,Supported,"[{""bias"": ""Planning Fallacy"", ""confidence"": 0.352}]",Supported,
2407.10282v1_10_F,Ultrasonic treatment during laser melting of Al6061 reduces hot spatter ejection from the melt pool by stabilizing the melt pool surface and dampening surface oscillations.,2024-07-01,,matteroffact,Refuted,,Supported,
2406.04713v1_15_T,Generative models for materials discovery are limited by their ability to explore only interpolations between existing structures rather than discovering truly novel materials outside the training distribution,2024-06-01,,matteroffact,Supported,"[{""bias"": ""Bias blind spot"", ""confidence"": 0.9572}]",Supported,
2411.00305v2_10_F,"Vacancy emission from constricted jogs on edge dislocations in FCC nickel is a purely mechanical process that occurs deterministically once a critical stress is reached, without any thermal activation component.",2024-11-01,,matteroffact,Refuted,,Refuted,
2501.04124v1_11_F,"The spin torque in MnO is only two orders of magnitude smaller than in the Cr₃ molecule, with energy differences between calculations with and without spin torque of about 25 meV per formula unit.",2025-01-01,,matteroffact,Refuted,"[{""bias"": ""Time-saving bias"", ""confidence"": 0.7944}]",Refuted,
2408.06641v2_8_T,"Doping Cr3Si with Ge, Ga, or Al maintains the metallic character of the structure, with Cr d-orbitals continuing to dominate near the Fermi level.",2024-08-01,,matteroffact,Supported,,Supported,
2403.18743v1_13_F,"Quasi-bound states in the continuum in silicon carbide metasurfaces with elliptical perforations are polarization-independent, appearing for both x-polarized and y-polarized incident light.",2024-03-01,,matteroffact,Refuted,"[{""bias"": ""curse of knowledge"", ""confidence"": 0.3344}]",Supported,
2502.20005v1_14_T,"In cubic semiconductors, the conduction electron spin polarization from individual valence bands depends on the sign of the strain (compressive or tensile) but not on its magnitude.",2025-02-01,,matteroffact,Supported,,Refuted,
2410.16199v1_13_F,The momentum-resolved fingerprint for distinguishing between band and Mott insulators is only applicable to Nb₃Br₈ and cannot be extended to other materials or heterostructures.,2024-10-01,,matteroffact,Refuted,"[{""bias"": ""Bias blind spot"", ""confidence"": 0.491}]",Refuted,
2411.16279v1_16_T,"Silver chalcohalide antiperovskites are promising for energy applications due to their lead-free composition, tunable band gaps near 1 eV, high ionic conductivity, and potential for dynamic control of optoelectronic properties through temperature, electric fields, or light.",2024-11-01,,matteroffact,Supported,"[{""bias"": ""Pro-Innovation Bias"", ""confidence"": 0.377}, {""bias"": ""curse of knowledge"", ""confidence"": 0.3027}]",Supported,
2407.11586v1_6_F,"The electron bands γ1 and γ2 in 1uc-FeSe/6uc-NdFeO3/Nb:SrTiO3 heterostructures have their band bottoms at 65 meV and 35 meV below the Fermi energy, respectively.",2024-07-01,,matteroffact,Refuted,"[{""bias"": ""subadditivity effect"", ""confidence"": 0.4574}]",Supported,
2311.07943v2_16_F,"Single-crystalline CaFeAsF samples exhibit more pronounced annealing effects than polycrystalline samples, resulting in higher superconducting volume fractions and critical transition temperatures.",2023-11-01,,matteroffact,Refuted,"[{""bias"": ""Pro-Innovation Bias"", ""confidence"": 0.3068}]",Supported,
2402.15199v1_4_T,A vacant space must be available in the electric double layer to facilitate the ion adsorption process onto the electrode surface,2024-02-01,,matteroffact,Supported,,Supported,
2401.06319v2_12_T,"When Ag nanowires undergo surface Bain distortion (c/c₀=0.84), the electron density of states shows a smearing of the higher band edge, broadening of the peak at -3.0 eV, and appearance of a strong peak at -3.6 eV compared to the undistorted structure.",2024-01-01,,matteroffact,Supported,"[{""bias"": ""Time-saving bias"", ""confidence"": 0.6171}]",Supported,
2411.04179v1_13_F,"(Cr,Bi)₂Te₃ is similar to previously studied Weyl materials in that it has a predominantly metallic character with Weyl points coexisting with conventional electronic states at the Fermi level.",2024-11-01,,matteroffact,Refuted,"[{""bias"": ""Pro-Innovation Bias"", ""confidence"": 0.3482}]",Supported,
2310.18245v3_1_T,"Spin-orbit coupling splits the highly degenerate R point near the Fermi level in A15 compounds, enhancing the amplitude of the spin Hall conductance.",2023-10-01,,matteroffact,Supported,,Supported,
2312.03989v1_0_F,The machine learning-based rare event detection technique is at least 200 times faster computationally than traditional approaches for analyzing high-energy X-ray microscopy data.,2023-12-01,,matteroffact,Refuted,"[{""bias"": ""curse of knowledge"", ""confidence"": 0.6073}]",Supported,
2409.02507v1_13_T,"Mercury and gallium are nearly immiscible at room temperature, allowing for the formation of a stable liquid-liquid interface suitable for thermoelectric studies.",2024-09-01,,matteroffact,Supported,"[{""bias"": ""curse of knowledge"", ""confidence"": 0.4001}]",Supported,
2406.16398v2_1_T,The Kerr rotation angle in the tri-hexagonal orbital flux phase of AV3Sb5 generally varies between microradians and sub-milliradians at optical frequencies of 0.8 eV (1550 nm) and 1.55 eV (800 nm).,2024-06-01,,matteroffact,Supported,"[{""bias"": ""Time-saving bias"", ""confidence"": 0.801}]",Supported,
2411.16576v1_0_F,The application of bias voltage to a WSe2 monolayer-based tunneling structure only allows for modification of carrier concentration without changing the carrier type from electrons to holes.,2024-11-01,,matteroffact,Refuted,,Supported,
2501.04124v1_10_F,Including spin torque in calculations of the Cr₃ molecule changes the total energy by approximately 0.5 eV compared to calculations that enforce zero local spin torque.,2025-01-01,,matteroffact,Refuted,,Supported,
2402.18588v2_14_F,"In LK-99 with spin-orbit coupling, all four degenerate points (w1, w2, s1, and s2) are topologically protected Weyl points with well-defined Chern numbers.",2024-02-01,,matteroffact,Refuted,"[{""bias"": ""subadditivity effect"", ""confidence"": 0.6343}]",Supported,
2503.21027v1_7_T,"The anomalous Hall effect in CoS₂ is primarily driven by the intrinsic Karplus-Luttinger mechanism related to Berry phase physics, with minimal contributions from extrinsic mechanisms such as skew scattering and side jump.",2025-03-01,,matteroffact,Supported,"[{""bias"": ""Bias blind spot"", ""confidence"": 0.3201}]",Supported,
2406.12136v1_10_F,"Magnetic force microscopy (MFM) is particularly effective for imaging magnetic skyrmions in 2D materials due to its high spatial resolution, enabling the first observation of 2D skyrmions in van der Waals WTe₂/Fe₃GeTe₂ heterostructures.",2024-06-01,,matteroffact,Refuted,"[{""bias"": ""Pro-Innovation Bias"", ""confidence"": 0.4651}]",Supported,
2409.06743v1_5_T,The trilayer cellulosic paper separators with BaTiO₃ fillers demonstrate an electrolyte uptake of 152-158% when soaked in 1M NaClO₄ in EC:PC electrolyte.,2024-09-01,,matteroffact,Supported,"[{""bias"": ""Outcome bias"", ""confidence"": 0.3209}]",Supported,
2404.05644v1_14_T,"The seeded crystallization simulations of CsPbI₃ were conducted at temperatures of 600K, 650K, and 700K, which are significantly below the calculated melting temperature of 800K",2024-04-01,,matteroffact,Supported,,Supported,
2503.14972v1_9_T,"The electronic structure of La₁.₅Mg₀.₅Ni₇ alloy exhibits a characteristic van Hove singularity near the Fermi level, which is affected by Co substitution and may influence the electrochemical properties of the material.",2025-03-01,,matteroffact,Supported,"[{""bias"": ""Outcome bias"", ""confidence"": 0.383}]",Supported,
2503.01590v1_4_T,"Automated workflows for calculating Hubbard parameters can achieve a 91% success rate on diverse Li-bearing bulk solids, with automated error handling resolving issues in 6% of the submitted calculations",2025-03-01,,matteroffact,Supported,,Supported,
2411.16279v1_14_F,"Even after including electron-phonon coupling effects, a significant discrepancy of approximately 0.5 eV remains between theoretical and experimental band gaps of silver chalcohalide antiperovskites, suggesting other unconsidered physical mechanisms are at play.",2024-11-01,,matteroffact,Refuted,"[{""bias"": ""Bias blind spot"", ""confidence"": 0.4753}]",Supported,
2503.07460v1_12_T,"Real-time time-dependent density functional theory (RT-TDDFT) calculations require time steps in the range of 0.0001-0.0005 femtoseconds, limiting practical applications to simulation times of a few femtoseconds to picoseconds at most.",2025-03-01,,matteroffact,Supported,,Supported,
2502.19524v1_9_T,"Upon intercalation at the buffer layer/SiC interface, platinum atoms form silicides by reacting with silicon atoms from the SiC substrate.",2025-02-01,,matteroffact,Supported,"[{""bias"": ""clustering illusion"", ""confidence"": 0.4013}]",Supported,
2409.11179v1_1_F,"The bulk modulus of lithium tetrafluoroborate in ethylene-carbonate decreases linearly with increasing salt concentration, dropping from 1.5 GPa at low concentrations to 0.5 GPa at 10 M.",2024-09-01,,matteroffact,Refuted,"[{""bias"": ""Time-saving bias"", ""confidence"": 0.9024}]",Supported,
2404.13293v1_7_F,"The Rashba effect in GeTe thin films is fixed and cannot be tuned through domain wall migration, as the strength of the Rashba effect is independent of domain size changes.",2024-04-01,,matteroffact,Refuted,"[{""bias"": ""Whole only effect"", ""confidence"": 0.314}]",Refuted,
2405.10644v1_10_T,"The optimal temperature for topotactic reduction of NdNiO₃ membranes using CaH₂ is 240°C, which is high enough to enable the reduction process but low enough to avoid damage to the membranes.",2024-05-01,,matteroffact,Supported,,Supported,
2410.08233v1_12_F,"The Nb concentration in the Optimized ZIRLO specimen is 0.056 ± 0.004 at.%, while the Mn concentration in the steel specimen is 12.9 ± 0.1 at.% in martensite and 29 ± 1 at.% in cementite.",2024-10-01,,matteroffact,Refuted,"[{""bias"": ""subadditivity effect"", ""confidence"": 0.4984}]",Supported,
2404.17584v1_11_F,Reusing weights across all edges in the graph for equivariant convolutions requires significantly more parameters than using edge-specific weights to achieve comparable accuracy in homogenization tasks.,2024-04-01,,matteroffact,Refuted,"[{""bias"": ""Bias blind spot"", ""confidence"": 0.5163}]",Refuted,
2410.07660v1_2_T,"The jump in the center-of-mass momentum of Cooper pairs in helical superconductors coincides with the formation of a Bogoliubov Fermi surface, transitioning the system from a gapped to a gapless state.",2024-10-01,,matteroffact,Supported,"[{""bias"": ""curse of knowledge"", ""confidence"": 0.5141}]",Supported,
2503.13725v1_13_F,"Atomic hydrogen cleaning of InAs nanowires at 380°C causes significant interdiffusion at the Sn-InAs interface, resulting in the formation of a SnInAs alloy layer rather than distinct Sn and InAs regions.",2025-03-01,,matteroffact,Refuted,,Supported,
2405.03680v2_9_T,"AtomGPT employs a dual approach to materials design, using forward models for efficient pre-screening of known structures and inverse models for generating novel structures with desired properties.",2024-05-01,,matteroffact,Supported,,Supported,
2403.13710v1_9_F,"NV centers can only detect static magnetic fields with high spatial resolution, making them functionally equivalent to scanning SQUID microscopy for condensed matter applications.",2024-03-01,,matteroffact,Refuted,,Refuted,
2403.18743v1_4_T,"The radiative quality factor of silicon carbide metasurfaces supporting quasi-bound states in the continuum is inversely proportional to the square of the asymmetry parameter sin²(θ), where θ is the tilting angle of the elliptical holes.",2024-03-01,,matteroffact,Supported,,Supported,
2406.09461v1_2_T,The α→ω phase transformation in nanograined zirconium occurs through an intermediate disordered phase rather than through a direct martensitic mechanism,2024-06-01,,matteroffact,Supported,,Supported,
2402.05283v3_16_T,The Carousel Phase Retrieval Algorithm can be integrated into experimental apparatus at synchrotron facilities and combined with numerical simulators to assist in real-time experiment guidance and optimization.,2024-02-01,,matteroffact,Supported,"[{""bias"": ""clustering illusion"", ""confidence"": 0.4858}]",Supported,
2403.04470v2_1_T,The evaporation of cations from LaB₆ samples shows similar mass spectral patterns regardless of whether positive or negative THz pulses are used,2024-03-01,,matteroffact,Supported,,Supported,
2404.12822v1_5_T,A full cell battery using NaFe₁.₆V₀.₄(PO₄)(SO₄)₂@CNT cathode and hard carbon anode delivers a specific energy of approximately 155 Wh/kg at 0.2C rate.,2024-04-01,,matteroffact,Supported,"[{""bias"": ""Outcome bias"", ""confidence"": 0.3003}]",Supported,
2410.08357v1_15_T,The mobility parameters used in phase field simulations of Li-Mg intermetallic anodes are M_Li = 0.04 μm²/(eV·min) for lithium and M_Mg = 0.003 μm²/(eV·min) for magnesium.,2024-10-01,,matteroffact,Supported,"[{""bias"": ""Time-saving bias"", ""confidence"": 0.5507}]",Supported,
2503.14952v1_8_F,"In La1.5Mg0.5Ni7 alloys, Mg atoms preferentially occupy the La 4f2 sites in the Ce2Ni7-type structure and are randomly distributed between La 6c1 and 6c2 sites in the Gd2Co7-type structure.",2025-03-01,,matteroffact,Refuted,"[{""bias"": ""subadditivity effect"", ""confidence"": 0.3695}]",Supported,
2407.20599v1_9_F,"At room temperature, lightly doped silicon has an electrical conductivity of 5 × 10^-4 μΩ^-1m^-1 and a Hall coefficient of -0.5 m^3/C, while heavily doped silicon has an electrical conductivity of 0.05 μΩ^-1m^-1 and a Hall coefficient of -10^-3 m^3/C.",2024-07-01,,matteroffact,Refuted,"[{""bias"": ""Time-saving bias"", ""confidence"": 0.428}]",Supported,
2409.01450v1_10_F,The 5-fluorobenzylammonium bilayer system exhibits average Pb-I bond lengths that are similar to other two-dimensional perovskite systems without significant extremes in short or long bond distances,2024-09-01,,matteroffact,Refuted,,Supported,
2503.04492v1_2_T,"Models with 2-7 XML-selected features exhibit predictive deviations below 0.1 eV for out-of-domain data, compared to 0.163 eV for the 18-feature model.",2025-03-01,,matteroffact,Supported,,Supported,
2406.13070v1_6_T,"During out-of-phase thermomechanical fatigue testing of as-received NiAl-coated R125 superalloy, the maximum tensile stress increases from 500 MPa in the first cycle to 610 MPa by the 100th cycle.",2024-06-01,,matteroffact,Supported,,Supported,
2503.17434v1_7_T,"The effective cluster size of paramagnetic manganese chloride (MnCl₂) ions in binary mixtures with diamagnetic zinc chloride (ZnCl₂) is larger than in single-ion solutions, with values of approximately 20.3 nm at 0.5 Tesla and 15 nm at 1 Tesla for binary mixtures compared to 15.8 nm and 11.8 nm respectively for single-ion solutions.",2025-03-01,,matteroffact,Supported,"[{""bias"": ""Time-saving bias"", ""confidence"": 0.7091}]",Supported,
2406.12136v1_5_F,"Applied tensile strain of 0.32% increases the Curie temperature in Fe₃GeTe₂ by more than 150%, enabling room-temperature ferromagnetism in otherwise low-temperature magnetic materials.",2024-06-01,,matteroffact,Refuted,,Refuted,
2401.06090v1_6_T,The apparent activation energy for Li⁺ diffusion in Li₃InCl₆ decreases from 247 meV to 208 meV when the NMR measurement frequency is increased from 116 MHz to 194 MHz.,2024-01-01,,matteroffact,Supported,"[{""bias"": ""Time-saving bias"", ""confidence"": 0.9543}]",Supported,
2404.11300v1_7_T,"The decrease in characteristic temperature T* with increasing La content in Sr₂₋ᵧLaᵧRuO₄ indicates a reduction in the coherence formation temperature of correlated carriers, consistent with non-Fermi liquid behavior near y=0.2",2024-04-01,,matteroffact,Supported,,Supported,
2402.05180v1_2_T,Coincident Van Hove singularities enable a new hopping interaction (g5) between patches that is forbidden in non-coincident Van Hove singularity models due to momentum conservation.,2024-02-01,,matteroffact,Supported,,Supported,
2503.21027v1_14_F,The magnetoresistance in CoS₂ above the Curie temperature follows the standard Kohler's rule with an exponent of 1.5 across all temperatures from 130 K to 200 K.,2025-03-01,,matteroffact,Refuted,,Refuted,
2408.10978v2_0_F,"The kagome metals CsM₃Te₅ (M = Ti, Zr, Hf) have an average bulk modulus of 45 GPa, a shear modulus of 20 GPa, and Young's modulus of 52 GPa.",2024-08-01,,matteroffact,Refuted,"[{""bias"": ""subadditivity effect"", ""confidence"": 0.522}]",Supported,
2312.05174v1_11_T,"The nanotexturing approach through chemical etching is effective for multiple metal types including copper, copper-silver alloy, and tungsten",2023-12-01,,matteroffact,Supported,"[{""bias"": ""curse of knowledge"", ""confidence"": 0.3349}]",Supported,
2503.14972v1_14_F,"The La₁.₅₋ₓGdₓMg₀.₅Ni₇ and La₁.₅Mg₀.₅Ni₇₋ᵧCoᵧ alloys produced by mechanical alloying exhibit a single-phase character, consisting exclusively of the cubic MgCu₂-type Laves phase structure.",2025-03-01,,matteroffact,Refuted,"[{""bias"": ""subadditivity effect"", ""confidence"": 0.3965}]",Supported,
2311.11341v1_9_F,The enhancement of effective mass in NbGe₂ is primarily due to strong electronic correlations arising from d-electron interactions rather than electron-phonon coupling.,2023-11-01,,matteroffact,Refuted,,Supported,
2404.09806v1_16_F,"During heat treatment of L-PBF Ti-6Al-4V, β phase regions maintain a smooth, featureless appearance in electron micrographs at all temperatures up to 900°C.",2024-04-01,,matteroffact,Refuted,"[{""bias"": ""curse of knowledge"", ""confidence"": 0.307}]",Supported,
2401.06319v2_15_T,"The equilibrium volume of the fcc structure in Ag is 33.21 Å³ per unit cell containing two atoms, as determined by first-principles calculations.",2024-01-01,,matteroffact,Supported,,Supported,
2412.20009v1_7_F,The modified diode model in SolarDesign achieves averaged fitting errors of approximately 0.01 mA/cm² for measured J-V characteristics of perovskite solar cells.,2024-12-01,,matteroffact,Refuted,,Supported,
2312.10284v1_6_F,The spin-splitting of the valence band in bulk 2H-TMDCs is significantly larger in molybdenum-based compounds (0.47 eV for MoS2 and 0.49 eV for MoSe2) compared to tungsten-based compounds (0.20 eV for WS2 and 0.24 eV for WSe2),2023-12-01,,matteroffact,Refuted,"[{""bias"": ""Time-saving bias"", ""confidence"": 0.792}]",Supported,
2501.13547v1_1_T,The quadrupole frequency (νQ) of ¹³⁹La in LaRhGe₃ is 0.35 MHz.,2025-01-01,,matteroffact,Supported,,Supported,
2503.10923v1_15_F,The scalability of quantum chemistry simulations faces a uniform bottleneck across all methods: both Complete Active Space Configuration Interaction (CASCI) and Extended Sample-Based Quantum Diagonalization (Ext-SQD) are primarily limited by quantum hardware noise beyond 20 orbitals.,2025-03-01,,matteroffact,Refuted,,Supported,
2404.12822v1_0_F,NaFe₁.₆V₀.₄(PO₄)(SO₄)₂@CNT cathode delivers a specific discharge capacity of 130 mAh/g at 0.1C with an average working voltage of approximately 3.5V.,2024-04-01,,matteroffact,Refuted,,Supported,
2502.19140v1_10_T,"Titanium in the δ-phase composition influences domain morphology by limiting domain growth and promoting irregular domain boundaries, as its lower mobility compared to manganese and strong preference for 16d sites causes domains to form around relatively immobile titanium atoms.",2025-02-01,,matteroffact,Supported,,Supported,
2412.14582v1_2_T,Ta₂NiSe₅ monolayer has a direct quasi-particle band gap of 266 meV when spin-orbit coupling is included in GW calculations.,2024-12-01,,matteroffact,Supported,,Supported,
2403.04637v2_17_F,The total recombination of photo-generated carriers in amorphous silicon thin film solar cells is inversely proportional to the thickness of the active layer when defect density remains constant,2024-03-01,,matteroffact,Refuted,"[{""bias"": ""Omission bias"", ""confidence"": 0.5083}]",Supported,
2311.03271v1_11_F,Automated twin tracking tools offer advantages over electron microscopy by providing higher spatial resolution and the ability to analyze samples at atomic scale,2023-11-01,,matteroffact,Refuted,"[{""bias"": ""curse of knowledge"", ""confidence"": 0.3865}]",Refuted,
2311.02289v1_9_F,"In CsV3Sb5, GW calculations show that both antimony and vanadium bands along Γ-A have similar dispersion deviations of approximately 15% compared to DFT calculations.",2023-11-01,,matteroffact,Refuted,,Supported,
2402.12278v1_1_T,"Plasticity in nanoporous tantalum under compression is dominated by dislocation activity, with twinning and vacancy formation appearing as complementary deformation mechanisms",2024-02-01,,matteroffact,Supported,,Supported,
2503.10923v1_15_T,"The scalability of quantum chemistry simulations faces different bottlenecks depending on the method: Complete Active Space Configuration Interaction (CASCI) is limited by exponential classical computational scaling beyond 14 orbitals, while Extended Sample-Based Quantum Diagonalization (Ext-SQD) is limited by classical diagonalization resources beyond 30 orbitals.",2025-03-01,,matteroffact,Supported,,Supported,
2404.07848v1_0_T,The density of states of graphite near the Fermi level can be incorporated into classical molecular dynamics simulations by tuning the Gaussian width parameter based on the applied potential.,2024-04-01,,matteroffact,Supported,"[{""bias"": ""clustering illusion"", ""confidence"": 0.7301}]",Refuted,
2406.13900v1_7_T,The enhanced spin-orbit coupling due to octahedral rotation in perovskite oxides prevents the realization of orbital-selective Mott transitions by promoting orbital mixing that counteracts the orbital-isolating effects of Hund's coupling.,2024-06-01,,matteroffact,Supported,,Supported,
2409.18344v1_12_F,"The optimal performance of LiPFBS/DME electrolytes in Li||LCO cells is determined solely by bulk electrolyte properties (conductivity, viscosity), with higher conductivity always resulting in better cell performance.",2024-09-01,,matteroffact,Refuted,,Refuted,
2503.10923v1_14_F,"Hardware noise in quantum processors has minimal impact on the quality of sampled electronic configurations, with the percentage of forbidden configurations remaining stable at around 50% regardless of circuit complexity up to 30 orbitals.",2025-03-01,,matteroffact,Refuted,,Refuted,
2404.19084v2_10_F,Both unimodal and bimodal media produce a continuous decrease in surface disorder (decreasing spectral entropy) in additively manufactured Inconel 718 throughout the centrifugal disk finishing process.,2024-04-01,,matteroffact,Refuted,,Supported,
2501.11176v1_15_F,The study of surface reconstructions in MnBi₂Te₄ thin films relies exclusively on tight-binding model calculations without any first-principles or molecular dynamics simulations.,2025-01-01,,matteroffact,Refuted,"[{""bias"": ""curse of knowledge"", ""confidence"": 0.4266}]",Refuted,
2310.04841v1_8_T,The discovery of reconstructed metal vacancies with significantly lower formation energies makes the conventional vacancy mechanism of metal diffusion in titanium carbide competitive with previously proposed cluster mechanisms.,2023-10-01,,matteroffact,Supported,,Supported,
2402.18588v2_9_F,The Berry curvature dipole in LK-99 is uniformly distributed throughout the Brillouin zone and shows no correlation with the locations of Weyl points.,2024-02-01,,matteroffact,Refuted,,Refuted,
2401.15936v1_5_F,Closed-space annealing improves the diode ideality factor of selenium thin-film solar cells under 1 Sun illumination from approximately 2.2 to 1.2,2024-01-01,,matteroffact,Refuted,"[{""bias"": ""Time-saving bias"", ""confidence"": 0.7543}]",Supported,
2502.08872v1_6_F,"RuO2 transitions to an altermagnetic state when strained to TiO2 substrates, with strain significantly altering both the structural and optical properties of the material.",2025-02-01,,matteroffact,Refuted,,Supported,
2311.14529v1_5_F,"In additively manufactured Al-Mn-Cr-Zr alloys heat treated at 375°C, Mn-rich precipitates at grain boundaries continue to grow steadily throughout the entire 24-hour heat treatment period without reaching saturation.",2023-11-01,,matteroffact,Refuted,"[{""bias"": ""clustering illusion"", ""confidence"": 0.4429}]",Supported,
2404.00214v1_8_F,The ferromagnetic state in tensile-strained Sr3Ru2O7 films has its easy magnetization direction along the a-axis,2024-04-01,,matteroffact,Refuted,,Supported,
2406.17511v1_13_F,"Superconductivity in heavily boron-doped silicon-on-insulator layers is observed in both monocrystalline and polycrystalline phases, with higher critical temperatures in the polycrystalline regime",2024-06-01,,matteroffact,Refuted,,Supported,
2409.09176v1_0_F,"Correlated compounds can be classified into three distinct regimes based on the relative values of charge transfer energy (Δ) and Coulomb interaction (U): Mott-Hubbard (U<Δ), charge transfer (U>Δ), and mixed-valence regimes.",2024-09-01,,matteroffact,Refuted,,Supported,
2412.02812v4_5_T,"In bct Co₁₋ₓMnₓ films, the Mn atomic moment decreases with increasing Mn concentration due to Mn atoms transitioning from a high-spin to a low-spin ferromagnetic state when in close proximity to other Mn atoms, rather than due to antiferromagnetic alignment.",2024-12-01,,matteroffact,Supported,,Supported,
2404.07848v1_8_F,Charging the electrochemical double layer in both ionic liquids and aqueous solutions occurs primarily through the adsorption of ions at the electrode surface.,2024-04-01,,matteroffact,Refuted,"[{""bias"": ""curse of knowledge"", ""confidence"": 0.3742}]",Supported,
2408.01267v4_6_F,"The configurational entropy of orbital disorder in layered oxides with a triangular lattice of Jahn-Teller-active cations is extensive, meaning it increases proportionally with system size.",2024-08-01,,matteroffact,Refuted,,Supported,
2406.13900v1_9_F,"The octahedral rotation in the Sr₂RuO₄ surface layer preserves the Fermi surface topology, with the γ-band remaining an electron-type centered at (0,0) as in the bulk state.",2024-06-01,,matteroffact,Refuted,,Supported,
2411.19257v1_0_F,"Adding bismuth to III-V semiconductors only affects the valence-band maximum, with no significant impact on the conduction-band minimum.",2024-11-01,,matteroffact,Refuted,"[{""bias"": ""Whole only effect"", ""confidence"": 0.4614}]",Refuted,
2411.12896v1_0_F,Germanium acts as a shallow donor in AlGaN alloys with aluminum content greater than approximately 50%,2024-11-01,,matteroffact,Refuted,,Supported,
2503.21520v1_3_F,The phonon recycling mechanism in WSSe exhibits a characteristic time constant that increases from 500 femtoseconds to 2 picoseconds as pump fluence increases from 2 to 10 mJ/cm².,2025-03-01,,matteroffact,Refuted,"[{""bias"": ""Time-saving bias"", ""confidence"": 0.9392}]",Supported,
2403.19614v1_3_T,"In the horseshoe and L-shaped Josephson junction designs, the contribution of backscattered electrons is at least twice as much as the dose deposited by incident electrons in the central part of the bridge region.",2024-03-01,,matteroffact,Supported,,Supported,
2402.12278v1_10_F,"Sessile dislocations with Burgers vector b = a0<100> dominate the plastic deformation of nanoporous tantalum, with glissile dislocations playing a minimal role",2024-02-01,,matteroffact,Refuted,,Supported,
2311.12681v2_3_F,"The dielectric medium in a-SiC:H parallel plate capacitors is uniform throughout its volume, with no significant difference in TLS properties between surface and bulk regions.",2023-11-01,,matteroffact,Refuted,,Supported,
2405.18939v1_14_F,Misfit layer compounds are ineffective for studying doped transition metal dichalcogenides because they provide lower electron doping levels than conventional field-effect transistors.,2024-05-01,,matteroffact,Refuted,,Refuted,
2311.15472v1_3_F,"Titanium and aluminum atoms in γ-TiAl follow identical launch trajectories during field evaporation, both departing at the same angle from the surface.",2023-11-01,,matteroffact,Refuted,,Supported,
2408.00042v3_12_F,Crystal symmetries only lead to symmetry-related copies of topological band features but cannot themselves enforce any nontrivial band topologies without specific material-dependent parameters.,2024-08-01,,matteroffact,Refuted,"[{""bias"": ""Bias blind spot"", ""confidence"": 0.7653}]",Supported,
2503.13955v1_10_T,"For monolayer stanene with λH = -3λSO/2 and W = 84.3, the nonresonant Casimir-Polder force with frequency dispersion changes sign at a dimensionless separation D ≈ 0.97, which is smaller than the value D* = 1.016 predicted by the nondispersive approximation.",2025-03-01,,matteroffact,Supported,,Supported,
2312.14311v2_0_F,Fine-tuned ResNet18 models achieve an R² value of 0.85 on held-out test sets when predicting WSe2 thin film crystal coverage from AFM micrographs.,2023-12-01,,matteroffact,Refuted,"[{""bias"": ""Bias blind spot"", ""confidence"": 0.8009}]",Supported,
2405.17947v1_12_T,"Lithium storage in NbS₂ involves both reversible intercalation and partially reversible conversion reactions, with the latter occurring only in the presence of defects and contributing to capacity fade over multiple cycles.",2024-05-01,,matteroffact,Supported,"[{""bias"": ""Omission bias"", ""confidence"": 0.4389}]",Supported,
2503.05525v1_5_T,"The neural network model's prediction error of 10.6 meV/atom approaches the typical experimental error of high-quality calorimetric measurements, which is approximately 17 meV/atom",2025-03-01,,matteroffact,Supported,,Supported,
2406.12453v1_4_F,Sr₃Ni₁.₇₅Al₀.₂₅O₇ exhibits a magnetic transition at approximately 30 K with an effective magnetic moment of 4.9 μB and a Weiss temperature of +20 K.,2024-06-01,,matteroffact,Refuted,,Supported,
2401.15936v1_0_F,Closed-space annealing post-processing increases the power conversion efficiency of selenium thin-film solar cells by a factor of 2,2024-01-01,,matteroffact,Refuted,,Refuted,
2503.11087v1_13_F,"EuZn₂Sb₂ exhibits C-type antiferromagnetic ordering with out-of-plane spin alignment, unlike the in-plane A-type antiferromagnetic ordering observed in EuCd₂Sb₂.",2025-03-01,,matteroffact,Refuted,,Supported,
2412.05273v1_16_T,"In the 3D quasi-quantum Hall effect, the longitudinal resistivity exhibits bump-like features that correlate with changes in slope of the Hall resistivity, with the relationship ρxx=-αH∂Hρxy approximately holding but becoming obscured by Coulomb disorder at low carrier densities.",2024-12-01,,matteroffact,Supported,,Supported,
2310.07816v2_14_F,"Machine learning models for materials characterization can only identify obvious morphological features that are already well-documented by human experts, offering no new insights into material properties.",2023-10-01,,matteroffact,Refuted,"[{""bias"": ""Bias blind spot"", ""confidence"": 0.9658}]",Refuted,
2407.09880v1_7_T,"The three-dimensional carrier density in SrVO₃ films is approximately 2 × 10²² carriers per cubic centimeter, providing strong screening effects for the dipolar field of Fuchs-Kliewer phonons.",2024-07-01,,matteroffact,Supported,"[{""bias"": ""Outcome bias"", ""confidence"": 0.4241}]",Supported,
2412.18878v1_1_T,EG modification increases the carrier density of PEDOT films from 9.68 × 10²⁰ to 2.16 × 10²¹ cm⁻³,2024-12-01,,matteroffact,Supported,"[{""bias"": ""Time-saving bias"", ""confidence"": 0.9058}]",Supported,
2311.14529v1_15_F,"The Mn-rich precipitates that form at grain boundaries in additively manufactured Al-Mn-Cr-Zr alloys during heat treatment are primarily Al₂Mn₃ phases, contradicting theoretical predictions.",2023-11-01,,matteroffact,Refuted,,Refuted,
2407.04126v2_6_F,"The machine-learning interatomic potential approach enables molecular dynamics simulations of Li₆PS₅Cl with up to 1,000 atoms for 1 nanosecond, which is comparable to previous ab initio molecular dynamics studies of 500 atoms for 1 nanosecond",2024-07-01,,matteroffact,Refuted,,Supported,
2310.04841v1_7_T,There is an energy gap of 1.5 eV between the ground state structure of a metal vacancy in titanium carbide and several other carbon-carbon bonded structures that leave the vacancy site open for an incoming metal atom.,2023-10-01,,matteroffact,Supported,,Supported,
2408.06128v1_11_F,"The structural phase transitions in strontium under pressure show significant hysteresis, with phase boundaries during pressure unloading occurring at substantially different pressures than during pressure loading.",2024-08-01,,matteroffact,Refuted,"[{""bias"": ""curse of knowledge"", ""confidence"": 0.3845}]",Supported,
2409.09176v1_12_F,"Spectroscopic techniques cannot reliably distinguish between positive and negative charge transfer compounds, requiring theoretical calculations as the only definitive method to determine the sign of charge transfer energy in correlated materials.",2024-09-01,,matteroffact,Refuted,,Refuted,
2405.09345v1_14_F,The wake-up effect in fluorite-structured materials is exclusively caused by an increase in leakage current during cycling,2024-05-01,,matteroffact,Refuted,,Refuted,
2502.12144v1_6_T,"The superconducting properties of finite-layer nickelates can be accurately described by restricting calculations to a single Ni d₍x²-y²₎ orbital per NiO₂ layer, as the Nd-derived bands crossing the Fermi level have weak hybridization with the Ni d₍x²-y²₎ orbital.",2025-02-01,,matteroffact,Supported,"[{""bias"": ""Bias blind spot"", ""confidence"": 0.3028}]",Supported,
2310.03080v2_16_F,The hexagonal crystal structure of monolayer NbSe2 inherently forbids the generation of even harmonics regardless of excitation direction.,2023-10-01,,matteroffact,Refuted,,Refuted,
2402.09770v1_9_F,In₂Se₃ monolayer is a semiconductor with a band gap of approximately 1.2 eV without spin-orbit coupling.,2024-02-01,,matteroffact,Refuted,"[{""bias"": ""Pro-Innovation Bias"", ""confidence"": 0.3555}]",Refuted,
2412.12344v1_2_F,The supercurrent diode effect in the NiI₂ Josephson junction exhibits a monotonic temperature dependence with maximum efficiency at the lowest temperature reached (2 K),2024-12-01,,matteroffact,Refuted,,Supported,
2412.18712v1_12_F,"Polyisobutylene (PIB) exhibits exceptionally high fragility among polymers due to its low molecular cohesion and packing efficiency, following the standard trend where increasing molecular mass increases both glass transition temperature and fragility",2024-12-01,,matteroffact,Refuted,,Refuted,
2312.03989v1_0_T,The machine learning-based rare event detection technique is at least 50 times faster computationally than traditional approaches for analyzing high-energy X-ray microscopy data.,2023-12-01,,matteroffact,Supported,"[{""bias"": ""curse of knowledge"", ""confidence"": 0.5883}]",Supported,
2412.12344v1_2_T,The supercurrent diode effect in the NiI₂ Josephson junction exhibits a non-monotonic temperature dependence with maximum efficiency at 2.5 K rather than at the lowest temperature reached (2 K),2024-12-01,,matteroffact,Supported,"[{""bias"": ""Time-saving bias"", ""confidence"": 0.7705}]",Supported,
2404.03579v2_7_F,Microstructures with intragranular orientation gradients in Al-7085 with a modified T7452 temper are likely to have lower fatigue life compared to microstructures with homogenized grain orientations due to higher stress concentrations.,2024-04-01,,matteroffact,Refuted,"[{""bias"": ""Bias blind spot"", ""confidence"": 0.3848}]",Supported,
2503.11890v1_12_F,The biexciton peak in the photoluminescence spectrum of (F-PEA)₂PbI₄ exhibits a narrower linewidth compared to the exciton peak.,2025-03-01,,matteroffact,Refuted,,Supported,
2408.15601v1_7_F,The voxel-to-particle decoder uses a single unified neural network that directly transforms the entire voxel array into a set of particle coordinates in one step.,2024-08-01,,matteroffact,Refuted,"[{""bias"": ""clustering illusion"", ""confidence"": 0.8056}]",Supported,
2503.21520v1_3_T,The phonon recycling mechanism in WSSe exhibits a characteristic time constant of approximately 950 femtoseconds that remains nearly constant across different pump fluences.,2025-03-01,,matteroffact,Supported,,Supported,
2504.05858v1_13_F,The low dielectric permittivity values (not exceeding 10³ at any temperature) of Na₃Zr₂₋ₓTiₓSi₂PO₁₂ materials make them unsuitable for any electronic or energy storage applications.,2025-04-01,,matteroffact,Refuted,,,Failed to get valid prediction
2503.17434v1_2_F,"Increasing the magnetic field strength from 0.25 Tesla to 1 Tesla has no significant effect on the capture rate of paramagnetic manganese chloride (MnCl₂) ions, with capture efficiency remaining constant across all field strengths for 100 mM solutions.",2025-03-01,,matteroffact,Refuted,"[{""bias"": ""Time-saving bias"", ""confidence"": 0.7}]",Refuted,
2407.20263v1_12_T,"Na-Zn cell technology remains at an early stage of development, with most cells constructed to date being unenclosed and operated inside argon-filled gloveboxes to prevent oxidation of their sodium electrodes.",2024-07-01,,matteroffact,Supported,"[{""bias"": ""curse of knowledge"", ""confidence"": 0.4101}]",Supported,
2312.05174v1_12_T,Nanotextured powders enable printing of pure copper at energy densities comparable to those used for readily printable materials like stainless steel and titanium alloys,2023-12-01,,matteroffact,Supported,"[{""bias"": ""curse of knowledge"", ""confidence"": 0.4701}]",Supported,
2407.04788v1_10_T,"TPDH-graphene exhibits lower lithium diffusion barriers than graphite, which is the most commercially used lithium-ion battery anode material",2024-07-01,,matteroffact,Supported,,Supported,
2401.15936v1_8_F,MoOx serves only as an encapsulant in closed-space annealing and must be removed before completing selenium thin-film solar cells,2024-01-01,,matteroffact,Refuted,"[{""bias"": ""Whole only effect"", ""confidence"": 0.4524}]",Refuted,
2403.18743v1_6_T,"In silicon carbide metasurfaces with elliptical perforations, quasi-bound states in the continuum are excited when the electric field polarization is perpendicular to the net dipole moment induced by the ellipse tilting.",2024-03-01,,matteroffact,Supported,"[{""bias"": ""clustering illusion"", ""confidence"": 0.4757}]",Supported,
2502.03739v1_6_F,"CrSBr bilayers with antiferromagnetic ordering show highly variable indirect band gaps ranging from 0.8 eV to 1.5 eV across different stacking patterns, while ferromagnetic ordering results in consistent band gaps of approximately 1.1 eV regardless of stacking pattern.",2025-02-01,,matteroffact,Refuted,"[{""bias"": ""Time-saving bias"", ""confidence"": 0.7543}]",Supported,
2501.00561v1_3_T,Chromium impurities in β-Ga₂O₃ exhibit weak electron-phonon coupling with a Huang-Rhys factor of approximately 0.05.,2025-01-01,,matteroffact,Supported,,Supported,
2401.08834v1_15_F,"The preferential substitution of copper at the Pb1 (6h) site rather than the Pb2 (4f) site in lead oxyapatite enhances superconductivity in LK-99, as the Pb1 site substitution creates optimal electronic band structures for Cooper pair formation.",2024-01-01,,matteroffact,Refuted,,Refuted,
2405.09840v2_0_T,"The impurity contribution to the thermal Hall conductivity in Weyl superconductors vanishes in both the Born (weak impurity potential) and unitarity (strong impurity potential) limits, reaching maximum amplitude at intermediate scattering phase-shifts.",2024-05-01,,matteroffact,Supported,,Supported,
2408.10978v2_6_T,"The Poisson's ratio increases from 0.28 in CsTi₃Te₅ to 0.38 in CsZr₃Te₅, then decreases to 0.33 in CsHf₃Te₅.",2024-08-01,,matteroffact,Supported,"[{""bias"": ""Time-saving bias"", ""confidence"": 0.7443}]",Supported,
2310.03080v2_3_F,The charge density wave (CDW) distortion in monolayer NbSe2 creates a distinct high harmonic generation signature that can be used to identify the phase transition.,2023-10-01,,matteroffact,Refuted,,Supported,
2406.12136v1_13_F,"A significant challenge in 2D magnet development is achieving high electrical conductivity, as most 2D magnetic materials are inherently insulating, limiting their integration with electronic circuits and requiring complex doping strategies to enhance carrier mobility.",2024-06-01,,matteroffact,Refuted,,Supported,
2311.13599v1_5_F,Effective thermal radiation barrier coatings require a minimum absorption coefficient greater than 10¹ to 10² m⁻¹ regardless of coating thickness.,2023-11-01,,matteroffact,Refuted,"[{""bias"": ""Time-saving bias"", ""confidence"": 0.3402}]",Refuted,
2501.01133v3_6_T,The neutral nitrogen antisite defect in h-BN has a zero-phonon-line emission at 3.11 eV with an extremely large Huang-Rhys factor of 21.6.,2025-01-01,,matteroffact,Supported,"[{""bias"": ""Outcome bias"", ""confidence"": 0.4253}]",Supported,
2503.04492v1_11_T,"XML-derived feature importance rankings align with scientifically informed feature selection, as demonstrated by the substantial overlap between XML-selected features and those chosen based on physical principles like Coulombic interactions.",2025-03-01,,matteroffact,Supported,"[{""bias"": ""Bias blind spot"", ""confidence"": 0.9607}]",Supported,
2405.18939v1_11_F,"In (LaSe)₁.₁₄(NbSe₂)₂, the A₁g modes from the NbSe₂ subunit are primarily active in crossed polarization, while the Eg modes are exclusively active in parallel polarization.",2024-05-01,,matteroffact,Refuted,"[{""bias"": ""subadditivity effect"", ""confidence"": 0.4084}]",Supported,
2310.15331v2_12_F,The low-energy electronic structure model of the surface layer of Sr2RuO4 conclusively demonstrates that the suppression of superconductivity in the surface layer is unrelated to Van Hove singularities and is instead caused exclusively by enhanced impurity scattering at the surface.,2023-10-01,,matteroffact,Refuted,"[{""bias"": ""Bias blind spot"", ""confidence"": 0.3733}]",Refuted,
2407.10282v1_4_F,The acoustic intensity threshold for cavitation in laser-generated Al6061 melt pools is approximately 200 W/cm² which is twice the established 100 W/cm² threshold for light metal alloys in casting processes.,2024-07-01,,matteroffact,Refuted,,Refuted,
2412.10896v3_1_T,"The Single Particle Model with Electrolyte (SPMe) and Doyle-Fuller-Newman (DFN) model show nearly identical impedance responses except at high frequencies, while the Single Particle Model (SPM) lacks the characteristic electrolyte diffusion 'bump' feature present in measured battery impedance data.",2024-12-01,,matteroffact,Supported,"[{""bias"": ""Whole only effect"", ""confidence"": 0.6783}]",Supported,
2408.09541v3_5_F,"Higher-order topological Dirac superconducting (HOTDSC) states in nodal Dirac superconductors respecting Type-II Shubnikov space group P6/mmm1' can occur in all pairing channels including A1g, A2g, A1u, A2u, B1g, and B2g.",2024-08-01,,matteroffact,Refuted,"[{""bias"": ""subadditivity effect"", ""confidence"": 0.6013}]",Supported,
2404.02748v1_12_T,"In Si₁₋ₓGeₓ:B, the superconducting critical temperature is exponentially dependent on the electron-phonon coupling, which is enhanced by the softening of phonon modes that occurs with decreasing lattice parameter.",2024-04-01,,matteroffact,Supported,,Supported,
2503.17434v1_6_F,"Secondary flows near the wire surface have no significant impact on magnetic separation of metal ions regardless of concentration, with the separation process being solely determined by the balance between magnetic forces and thermal diffusion forces on ion clusters.",2025-03-01,,matteroffact,Refuted,,Refuted,
2411.00305v2_14_T,"In FCC nickel, vacancy emission occurs specifically from the constricted (obtuse) jog on edge dislocations, while the extended (acute) jog does not emit vacancies under the same stress conditions.",2024-11-01,,matteroffact,Supported,,Supported,
2405.09057v1_0_F,Response Matching requires quantum mechanical calculations to generate new molecular and material structures.,2024-05-01,,matteroffact,Refuted,"[{""bias"": ""clustering illusion"", ""confidence"": 0.4126}, {""bias"": ""curse of knowledge"", ""confidence"": 0.3792}]",Supported,
2410.05384v2_1_F,"The transition between the chiral topological superconductor and the Bose-Einstein condensate phases is always a crossover regardless of temperature, with no closing of the energy gap.",2024-10-01,,matteroffact,Refuted,,Refuted,
2502.19524v1_5_T,"In the platinum layer intercalated between graphene and buffer layer, platinum atoms are arranged in a hexagonal pattern with a platinum-platinum distance of approximately 0.266 nanometers, which is about 4% compressed compared to the platinum-platinum distance in bulk Pt(111).",2025-02-01,,matteroffact,Supported,"[{""bias"": ""Outcome bias"", ""confidence"": 0.4019}]",Supported,
2502.08872v1_9_T,"The lattice parameters of RuO2 in the nonmagnetic state (a = 4.511 Å, c = 3.131 Å) are within 1% of the experimentally measured values (a = 4.491 Å, c = 3.106 Å).",2025-02-01,,matteroffact,Supported,"[{""bias"": ""Time-saving bias"", ""confidence"": 0.5833}]",Supported,
2503.01590v1_0_F,The density-functional perturbation theory approach for calculating Hubbard parameters requires more computational resources than supercell methods because it needs to solve complex equations for each perturbation,2025-03-01,,matteroffact,Refuted,"[{""bias"": ""Bias blind spot"", ""confidence"": 0.3713}]",Supported,
2501.04289v1_4_T,"When incorporating both the Duschinsky matrix and off-diagonal contributions, the hole capture coefficients for carbon substitutional defects in GaN calculated using initial-state phonons (7.04×10^-9 cm^3 s^-1) and final-state phonons (5.52×10^-9 cm^3 s^-1) differ by less than a factor of 2.",2025-01-01,,matteroffact,Supported,"[{""bias"": ""Time-saving bias"", ""confidence"": 0.7493}]",Supported,
2503.22477v2_6_F,"The unit cell volume of LaRu₃(Si₁₋ₓGeₓ)₂ contracts linearly with increasing germanium content, deviating from Vegard's law for solid solutions.",2025-03-01,,matteroffact,Refuted,"[{""bias"": ""Outcome bias"", ""confidence"": 0.3704}]",Supported,
2405.02186v1_11_T,"The influence of both p-type and n-type interfaces on the electronic structure of infinite-layer nickelate thin films extends only 2-3 unit cells into the film, beyond which the interface effects become negligible.",2024-05-01,,matteroffact,Supported,,Supported,
2311.03271v1_5_F,A cutoff radius of 25 Å for atom selection during orientation analysis provides optimal results for twin validation in molecular dynamics simulations,2023-11-01,,matteroffact,Refuted,"[{""bias"": ""Bias blind spot"", ""confidence"": 0.3284}]",Supported,
2412.11305v1_4_F,Nonlinear behavior in Debye-Waller exponents at low temperatures is caused by anharmonic effects in the crystal lattice.,2024-12-01,,matteroffact,Refuted,"[{""bias"": ""curse of knowledge"", ""confidence"": 0.3002}]",Supported,
2403.13814v1_1_F,DyFeO₃-based symmetric supercapacitors with 20% acetonitrile in the electrolyte achieve an energy density of 120 Wh kg⁻¹ at a power density of 1550 W kg⁻¹.,2024-03-01,,matteroffact,Refuted,,Supported,
2502.09382v2_4_T,"The sputtering rates under 10 nA Cs⁺ primary beam at 5 keV impact energy are 0.25 nm/s for Ba₁₋ₓSrₓTiO₃, 0.36 nm/s for La₁.₁Sr₀.₉NiO₃, and 0.24 nm/s for the SrTiO₃ substrate.",2025-02-01,,matteroffact,Supported,"[{""bias"": ""Time-saving bias"", ""confidence"": 0.7712}]",Supported,
2404.11300v1_6_F,Numerical calculations within a constant relaxation-time approximation predict that the thermopower divided by temperature (S/T) in Sr₂RuO₄ is negatively enhanced near the Van Hove singularity points,2024-04-01,,matteroffact,Refuted,"[{""bias"": ""Bias blind spot"", ""confidence"": 0.3443}]",Supported,
2311.11341v1_12_F,The differences in electrical resistivity and thermoelectric power between NbGe₂ and NbSi₂ are primarily due to impurity scattering rather than intrinsic electronic structure differences.,2023-11-01,,matteroffact,Refuted,"[{""bias"": ""Whole only effect"", ""confidence"": 0.3108}]",Supported,
2409.18210v1_5_F,The calculated temperature rise at the filament in the studied HfO₂-based RRAM device during read operation is approximately 150 K above room temperature,2024-09-01,,matteroffact,Refuted,,Supported,
2404.07848v1_16_T,"Molecular dynamics simulations incorporating quantum capacitance effects reproduce the qualitative trends in differential capacitance of graphite electrodes observed experimentally, despite overestimating absolute values by 1-2 μF/cm².",2024-04-01,,matteroffact,Supported,"[{""bias"": ""Bias blind spot"", ""confidence"": 0.7633}]",Supported,
2501.07321v1_8_F,"The Local Structural Index (LSI) primarily measures the coordination number of Li+ ions in electrolytes, with high LSI values indicating higher coordination numbers and low LSI values indicating lower coordination numbers",2025-01-01,,matteroffact,Refuted,,Supported,
2502.06904v2_4_F,"CsPbBr₃ exhibits typical harmonic behavior with a quadratic dependence of phonon density of states on frequency in the low-frequency region, similar to conventional semiconductors.",2025-02-01,,matteroffact,Refuted,,Supported,
2502.09382v2_0_T,"The titanium ion yield in Ba₁₋ₓSrₓTiO₃ increases by approximately 25% as barium is substituted by strontium, despite the titanium concentration remaining constant throughout the compositional gradient.",2025-02-01,,matteroffact,Supported,,Supported,
2501.01133v3_8_F,The neutral boron antisite defect in h-BN is a plausible candidate for experimentally observed magnetic quantum emitters with emission around 2.0 eV.,2025-01-01,,matteroffact,Refuted,"[{""bias"": ""Pro-Innovation Bias"", ""confidence"": 0.5402}]",Supported,
2409.01439v2_14_F,"The test case of a triangular prismatic dislocation loop has an edge length of 6.30 μm, equivalent to 25,000 times the Burgers vector magnitude of 0.2522 nm.",2024-09-01,,matteroffact,Refuted,"[{""bias"": ""Time-saving bias"", ""confidence"": 0.7569}]",Supported,
2412.13456v1_5_T,"The exchange coupling between neighboring trimers in Nb₃Cl₈ is approximately 0.5 meV, resulting in a Weiss temperature of about -1 meV (or -11.6 K), which agrees with experimental measurements of -13.1 K to -18.9 K.",2024-12-01,,matteroffact,Supported,"[{""bias"": ""Time-saving bias"", ""confidence"": 0.6157}]",Supported,
2403.13323v1_1_F,"In high-entropy alloys, the size of cations plays a more dominant role than their charge in the formation of Frenkel defects.",2024-03-01,,matteroffact,Refuted,"[{""bias"": ""curse of knowledge"", ""confidence"": 0.5858}]",Supported,
2405.17550v1_9_F,"The number of magnetic vortex cores within a distance of superconducting coherence length ξ to a quantum Hall-superconductor edge of length L_edge in a magnetic field B is proportional to B²L_edge/ξ, where ξ is the superconducting coherence length.",2024-05-01,,matteroffact,Refuted,"[{""bias"": ""Time-saving bias"", ""confidence"": 0.3252}]",Supported,
2412.12344v1_12_F,The non-monotonic temperature dependence of supercurrent diode effect in helimagnetic Josephson junctions results primarily from thermal expansion of the junction barrier and temperature-dependent changes in the magnetic anisotropy,2024-12-01,,matteroffact,Refuted,,Supported,
2406.07144v1_15_F,A 90-degree incidence angle of argon ions relative to the carbon target normal produces an optimal energy distribution of sputtered carbon atoms for achieving high sp³ content in Diamond-Like Carbon coatings using Electron Cyclotron Resonance Ion Beam Deposition.,2024-06-01,,matteroffact,Refuted,"[{""bias"": ""curse of knowledge"", ""confidence"": 0.3443}]",Supported,
2409.18344v1_2_F,The ionic conductivity of LiPFBS/DME electrolyte increases from 3487 μS/cm to 5000 μS/cm as the salt concentration increases from 1M to 5M.,2024-09-01,,matteroffact,Refuted,"[{""bias"": ""Time-saving bias"", ""confidence"": 0.9458}]",Supported,
2412.10896v3_8_F,"The numerical frequency-domain method computes the impedance of the Single Particle Model with Electrolyte (SPMe) approximately 10 times faster than the brute-force time-domain method, with computation times of 415 milliseconds versus 32.8 seconds respectively.",2024-12-01,,matteroffact,Refuted,"[{""bias"": ""Time-saving bias"", ""confidence"": 0.8585}]",Supported,
2504.00309v1_4_T,"The silicon crystal with diamond structure is described by 8 crystalline orbitals and 8 electrons for each k-point using the GTH-SZV basis set, corresponding to a 16-qubit system after Jordan-Wigner transformation.",2025-04-01,,matteroffact,Supported,,Supported,
2503.07474v1_16_T,"Understanding the CDW structure and symmetry breaking in RbV₃Sb₅ and KV₃Sb₅ provides essential guidance for developing microscopic theories of emergent electronic orders in the AV₃Sb₅ family, including chiral loop current states and superconductivity.",2025-03-01,,matteroffact,Supported,,Supported,
2310.18102v2_1_T,"The density of amorphous boron nitride increases from 2.17 g/cm3 to 2.181 g/cm3 with hydrogen doping up to 8 atomic percent, then decreases to 2.01 g/cm3 at higher hydrogen concentrations",2023-10-01,,matteroffact,Supported,"[{""bias"": ""Time-saving bias"", ""confidence"": 0.9472}]",Supported,
2412.12344v1_7_T,"The supercurrent diode effect in the NiI₂ Josephson junction persists up to a temperature of 5 K, which is the transition temperature of the junction",2024-12-01,,matteroffact,Supported,,Refuted,
2312.05174v1_9_T,The enhanced absorptivity of nanotextured metal powders results from plasmon-enabled light concentration in nanoscale grooves combined with multiple scattering events,2023-12-01,,matteroffact,Supported,"[{""bias"": ""curse of knowledge"", ""confidence"": 0.3975}]",Supported,
2403.09609v1_12_T,"The transformed α+β microstructure in additively manufactured Ti-6Al-4V obtains its morphology from a martensitic transformation, but generally does not consist of martensite phase at room temperature.",2024-03-01,,matteroffact,Supported,"[{""bias"": ""Bias blind spot"", ""confidence"": 0.4428}]",Supported,
2401.06319v2_5_T,"Surface Bain distortion occurs at different c/c₀ values for Cu, Ag, and Au, specifically at c/c₀≃0.82 for Cu, c/c₀≃0.84 for Ag, and c/c₀≃0.86 for Au.",2024-01-01,,matteroffact,Supported,"[{""bias"": ""subadditivity effect"", ""confidence"": 0.8905}]",Supported,
2502.03361v2_11_T,"Two-photon photoemission enabled by alkali metal deposition was used to simultaneously excite exciton-polaritons and generate photoelectrons in WSe2 flakes, allowing direct imaging of waveguide modes through interference patterns.",2025-02-01,,matteroffact,Supported,"[{""bias"": ""curse of knowledge"", ""confidence"": 0.6571}]",Supported,
2402.05180v1_15_T,"The one-loop BCS corrections to the interactions are Δg1=-2χpp^intrag5^2, Δg2=-2χpp^intrag5^2, Δg3=-2χpp^intrag3g4, Δg4=-χpp^intra(g3^2+g4^2), and Δg5=-χpp^intra(g4-g3)g5.",2024-02-01,,matteroffact,Supported,,Supported,
2405.19082v1_1_F,"The latent space of the trained pVAE organizes microstructural features primarily along the second principal component, which shows the strongest correlation with mechanical properties.",2024-05-01,,matteroffact,Refuted,"[{""bias"": ""clustering illusion"", ""confidence"": 0.4989}]",Supported,
2310.13945v1_2_F,"When anharmonic effects are included in calculations for F4̄3m Sr₂B₅, the superconducting critical temperature increases by approximately 15% from 105 K to 120 K at 40 GPa.",2023-10-01,,matteroffact,Refuted,"[{""bias"": ""Time-saving bias"", ""confidence"": 0.5193}]",Supported,
2405.09057v1_14_F,Response Matching relies solely on data-driven learning without incorporating any physical principles or inductive biases about atomic interactions.,2024-05-01,,matteroffact,Refuted,"[{""bias"": ""Bias blind spot"", ""confidence"": 0.8713}]",Refuted,
2411.04807v1_7_F,The nudged elastic band calculation for the ethylene carbonate decomposition on lithium metal was performed using VASP with the B3LYP functional.,2024-11-01,,matteroffact,Refuted,"[{""bias"": ""Bias blind spot"", ""confidence"": 0.4237}]",Supported,
2405.09057v1_11_T,"Response Matching can generate Li-S structures that match known structures in the Materials Project database, including structures that were not in the training set.",2024-05-01,,matteroffact,Supported,"[{""bias"": ""Bias blind spot"", ""confidence"": 0.7298}]",Supported,
2403.18743v1_2_F,Silicon carbide metasurfaces supporting quasi-bound states in the continuum achieve approximately five times the maximum field enhancement at resonance compared to dielectric metasurfaces.,2024-03-01,,matteroffact,Refuted,,Supported,
2411.12896v1_5_T,"The energy difference between the Ge (+/-) level and the AlGaN conduction band minimum increases with aluminum content, being 0.07 eV at 55% Al, 0.22 eV at 65% Al, and 0.35 eV at 75% Al",2024-11-01,,matteroffact,Supported,"[{""bias"": ""Time-saving bias"", ""confidence"": 0.8266}]",Supported,
2402.08326v2_9_T,Analytical models that incorporate interphase layer effects can accurately predict the effective density of Al/C60 nanocomposites but underestimate the bulk modulus by approximately 40% compared to molecular dynamics simulations.,2024-02-01,,matteroffact,Supported,"[{""bias"": ""Bias blind spot"", ""confidence"": 0.5081}]",Supported,
2502.03361v2_12_F,"The WSe2 flakes prepared by mechanical exfoliation have lateral dimensions ranging from 100 to 500 micrometers, with the specific flake analyzed in detail having dimensions of 250 micrometers by 200 micrometers.",2025-02-01,,matteroffact,Refuted,"[{""bias"": ""Time-saving bias"", ""confidence"": 0.7327}]",Supported,
2410.05384v2_0_F,The interplay between repulsive and attractive interactions on a parent Chern band with quartic dispersion produces only two phases: a metallic phase and an insulating phase.,2024-10-01,,matteroffact,Refuted,,Supported,
2407.09880v1_6_T,Dimensionality has minimal influence on the superconducting pairing temperature in FeSe-based systems compared to the effect of interfacial electron-phonon coupling.,2024-07-01,,matteroffact,Supported,"[{""bias"": ""Bias blind spot"", ""confidence"": 0.3018}]",Supported,
2503.00456v1_9_T,"The electron effective mass of A₍ₙ₊₁₎HfₙS₍₃ₙ₊₁₎ (A = Ca, Sr, Ba; n = 1-3) Ruddlesden-Popper phases increases as the thickness of the perovskite layer (n) increases.",2025-03-01,,matteroffact,Supported,,Supported,
2408.13419v1_6_F,"Lanthanum atoms in LaH₁₀₊ₓ occupy lattice sites with strong electric field gradients, resulting in broad ¹³⁹La-NMR resonances with visible quadrupolar satellite signals that indicate highly distorted local environments.",2024-08-01,,matteroffact,Refuted,"[{""bias"": ""curse of knowledge"", ""confidence"": 0.3811}]",Supported,
2407.20263v1_15_F,"Na-Zn cells have a relatively low open-circuit voltage of 0.9V, which arises from the small difference between the decomposition potentials of NaCl and ZnCl₂.",2024-07-01,,matteroffact,Refuted,,Refuted,
2403.07526v2_3_T,"The metastable alloys Cu₁₇Ti₃ and Al₄Ti, identified through Physics-Transfer screening and fabricated via ion beam deposition, demonstrate a 20-fold increase in strength compared to traditional alloys with low solute content.",2024-03-01,,matteroffact,Supported,"[{""bias"": ""Pro-Innovation Bias"", ""confidence"": 0.3106}]",Supported,
2312.10284v1_15_T,"Current TMDC samples have not yet reached their theoretical photovoltaic efficiency limits, as evidenced by the gap between PLQY-based efficiency predictions (19-24%) and exciton-only based predictions (23-29%), indicating potential for further enhancement with improved synthesis technologies",2023-12-01,,matteroffact,Supported,,Supported,
2407.10282v1_16_F,Ultrasonic treatment in laser-based additive manufacturing of Al6061 can only be used for creating fully dense parts with zero porosity and cannot be adapted for controlled porosity applications.,2024-07-01,,matteroffact,Refuted,"[{""bias"": ""Bias blind spot"", ""confidence"": 0.4735}]",Refuted,
2407.01918v1_1_F,"In solid electrolytes, the dissipation experienced by mobile ions is higher in stiff, dense materials due to the direct relationship between dissipation rate and both the cube of the speed of sound and the density of the crystal.",2024-07-01,,matteroffact,Refuted,"[{""bias"": ""Outcome bias"", ""confidence"": 0.3139}]",Supported,
2402.07147v1_11_T,"Oxygen diffusion in titanium at 723 K for 3600 seconds results in a mean square displacement of approximately 60 nm, which is insufficient for significant compositional changes in ordered compounds.",2024-02-01,,matteroffact,Supported,"[{""bias"": ""Outcome bias"", ""confidence"": 0.5081}]",Supported,
2503.05525v1_16_T,The enthalpy of formation for alloys and compounds is calculated from DFT total energy relative to the most stable elemental structures,2025-03-01,,matteroffact,Supported,"[{""bias"": ""clustering illusion"", ""confidence"": 0.4587}, {""bias"": ""Survivorship bias"", ""confidence"": 0.381}]",Supported,
2412.18712v1_14_F,"The breakdown of time-temperature superposition in many polymers originates from chemical heterogeneity in the polymer structure, with no relation to differences in fragility between segmental and chain relaxation processes",2024-12-01,,matteroffact,Refuted,,Refuted,
2401.17024v2_3_F,Li₂CuH₆ exhibits a superconducting transition temperature of 60 K at ambient pressure with an electron-phonon coupling parameter λ of 2.30.,2024-01-01,,matteroffact,Refuted,,Supported,
2311.15620v1_0_T,The probability density function governing the number of concerted mobile ions in inorganic solid-state electrolytes follows a universal exponential decaying law.,2023-11-01,,matteroffact,Supported,,Supported,
2408.13419v1_4_T,"Lanthanum superhydrides synthesized at pressures between 95-168 GPa show an initial superconducting critical temperature (Tc) up to 160K immediately after synthesis, which decreases significantly over time, eventually stabilizing at values between 70-85K after several weeks.",2024-08-01,,matteroffact,Supported,"[{""bias"": ""Time-saving bias"", ""confidence"": 0.369}]",Supported,
2504.00309v1_12_T,Selecting high-fidelity qubits arranged on a one-dimensional path that minimizes the sum of two-qubit gate error rates improves the accuracy of quantum band structure calculations.,2025-04-01,,matteroffact,Supported,,Supported,
2502.06375v1_8_T,Silica aerogel thin films enhance solar cell efficiency through a combination of antireflective effects and light trapping due to their low refractive index and high surface roughness,2025-02-01,,matteroffact,Supported,"[{""bias"": ""curse of knowledge"", ""confidence"": 0.333}]",Supported,
2501.13547v1_0_T,"LaRhGe₃ exhibits remarkably sharp NMR signals, indicating an exceptionally uniform magnetic and electronic environment despite its complex non-centrosymmetric crystal structure.",2025-01-01,,matteroffact,Supported,,Supported,
2502.19772v1_17_T,Accurate prediction of atomic dynamics on halide perovskite surfaces requires a supervised machine learning approach with successive training specifically for the surface region.,2025-02-01,,matteroffact,Supported,"[{""bias"": ""clustering illusion"", ""confidence"": 0.3496}]",Supported,
2402.05180v1_6_T,The same mechanism that stabilizes altermagnetism through coincident Van Hove singularities can also lead to inter-band d-wave superconductivity.,2024-02-01,,matteroffact,Supported,"[{""bias"": ""Pro-Innovation Bias"", ""confidence"": 0.4302}]",Supported,
2405.09345v1_3_T,Ferroelectric HZO thin films exhibit an energy storage efficiency of approximately 55% at an electric field of 3.5 MV/cm,2024-05-01,,matteroffact,Supported,,Supported,
2503.12245v1_4_T,The superconducting transition temperature of V₀.₃Ti₀.₇ alloy increases from 6.12 K to 6.45 K when 3.5 atomic percent gadolinium is added.,2025-03-01,,matteroffact,Supported,"[{""bias"": ""Time-saving bias"", ""confidence"": 0.7489}]",Supported,
2401.17024v2_15_F,"The superconducting transition temperature (T_c) is solely determined by the electron-phonon coupling parameter (λ), with the logarithmic average frequency (ω_log) having negligible influence on the final T_c value.",2024-01-01,,matteroffact,Refuted,,Refuted,
2503.01590v1_10_T,"Structural optimization significantly affects self-consistent Hubbard parameters only when substantial structural rearrangements occur, as demonstrated by cases with large volume expansions",2025-03-01,,matteroffact,Supported,"[{""bias"": ""Pro-Innovation Bias"", ""confidence"": 0.3206}]",Supported,
2502.00798v1_1_T,"The deep learning approach accurately reproduces the optical absorption coefficient of silicon at 300K across five orders of magnitude, showing excellent agreement with experimental data",2025-02-01,,matteroffact,Supported,"[{""bias"": ""Bias blind spot"", ""confidence"": 0.6868}]",Supported,
2411.04481v1_17_T,"High-throughput computational screening is effective for discovering novel spintronics materials by enabling efficient screening of materials with specific properties, thereby accelerating the discovery and optimization process.",2024-11-01,,matteroffact,Supported,"[{""bias"": ""Pro-Innovation Bias"", ""confidence"": 0.6147}]",Supported,
2404.13293v1_12_F,"Domain wall-mediated ferroelectric switching in GeTe thin films always results in complete switching with no intermediate states, making experimental verification unnecessary.",2024-04-01,,matteroffact,Refuted,,Refuted,
2503.03099v1_1_F,"The band gap of twisted h-BN bilayers increases linearly as the twist angle increases from 0° to 60°, with the AA configuration having the largest gap of 5.2 eV.",2025-03-01,,matteroffact,Refuted,,Supported,
2311.14529v1_15_T,"The Mn-rich precipitates that form at grain boundaries in additively manufactured Al-Mn-Cr-Zr alloys during heat treatment are likely either Al₁₂Mn or Al₆Mn phases, consistent with theoretical predictions.",2023-11-01,,matteroffact,Supported,,Supported,
2403.11080v2_5_F,Chromium segregation at identical grain boundaries in rapidly solidified Fe-Cr alloys is equally pronounced at all thermal gradients ranging from 10^5 K/m to 10^7 K/m,2024-03-01,,matteroffact,Refuted,"[{""bias"": ""Time-saving bias"", ""confidence"": 0.787}]",Refuted,
2405.12375v1_4_T,Ion intercalation in fluorinated few-layer graphene becomes more thermodynamically favorable as the number of graphene layers decreases.,2024-05-01,,matteroffact,Supported,"[{""bias"": ""Pro-Innovation Bias"", ""confidence"": 0.319}]",Supported,
2403.08679v1_1_F,NaFe₂PO₄(SO₄)₂ undergoes antiferromagnetic ordering at approximately 25 K.,2024-03-01,,matteroffact,Refuted,,Supported,
2410.08357v1_12_F,"Applying a lithium flux of 2 mA/cm² for 3 minutes produces the same intermetallic microstructure as applying 0.5 mA/cm² for 12 minutes, since the total amount of lithium transported is identical.",2024-10-01,,matteroffact,Refuted,"[{""bias"": ""Time-saving bias"", ""confidence"": 0.9889}]",Refuted,
2412.02600v1_2_T,"The R-3m polymorph of MgZrN2 exhibits an optical absorption onset of 2.0 eV, consistent with GW calculations that predict an indirect bandgap of 1.95 eV.",2024-12-01,,matteroffact,Supported,,Supported,
2409.06549v1_14_T,The growth of HZO layers on LSMO-buffered perovskite substrates is characterized by a step-flow-type growth mode due to the high lattice mismatch between HZO and LSMO,2024-09-01,,matteroffact,Supported,,Supported,
2401.06319v2_8_F,"In Cu bulk, the electron density of states for bct and bcc structures show distinct features similar to those observed in Ag, with the bct structure exhibiting a unique DOS pattern.",2024-01-01,,matteroffact,Refuted,,Supported,
2411.07624v2_1_T,"The upper critical field of (PbS)₁.₁₃(TaS₂) at 0 K is highly anisotropic, with values of 0.57 T for the out-of-plane direction and 6.7 T for the in-plane direction, yielding an anisotropy factor of 11.7.",2024-11-01,,matteroffact,Supported,"[{""bias"": ""Time-saving bias"", ""confidence"": 0.6108}]",Supported,
2401.04713v1_15_T,"The coercive field of TbMn₆Sn₆ thin films decreases as temperature increases, as observed in both magnetization and anomalous Hall effect measurements.",2024-01-01,,matteroffact,Supported,,Supported,
2409.18210v1_9_T,HfO₂-based RRAM devices form single current filaments that remain stable in position during extended operation,2024-09-01,,matteroffact,Supported,,Supported,
2502.18190v1_7_F,"In the 2H phase AA-0 stacking of bilayer OsBr₂, the Berry curvatures at K and K' valleys have unequal magnitudes of 3000 Bohr² and 5000 Bohr² respectively, while in the AA-1 stacking, they become equal with values of 8000 Bohr² at both K and K'.",2025-02-01,,matteroffact,Refuted,"[{""bias"": ""Time-saving bias"", ""confidence"": 0.9484}]",Supported,
2411.08528v1_3_T,"Phonon screening reduces the exciton binding energy in Rb₂BX₆ (B = Si, Ge, Sn, Pt; X = Cl, Br, I) vacancy-ordered double perovskites by 3.01% to 9.54%.",2024-11-01,,matteroffact,Supported,"[{""bias"": ""subadditivity effect"", ""confidence"": 0.3272}]",Supported,
2503.17434v1_3_T,"Paramagnetic manganese chloride (MnCl₂) ions captured by the magnetic mesh wool can be recovered when the magnetic field is turned off and the chamber is flushed with purified water, demonstrating the reversible nature of the magnetic capture process.",2025-03-01,,matteroffact,Supported,"[{""bias"": ""Bias blind spot"", ""confidence"": 0.3637}]",Supported,
2402.07147v1_13_T,Ordered compounds in titanium-oxygen alloys can be imaged in transmission electron microscopy both in dark-field mode using superlattice diffraction and in bright-field mode through their elastic strain fields.,2024-02-01,,matteroffact,Supported,"[{""bias"": ""curse of knowledge"", ""confidence"": 0.3424}]",Supported,
2409.18210v1_6_F,"In the studied HfO₂-based RRAM device, the thermal boundary resistance between TiN and HfO₂ (3.2×10⁷ K/W) is approximately equal to the thermal spreading resistance in the HfO₂ layer (3.0×10⁷ K/W)",2024-09-01,,matteroffact,Refuted,"[{""bias"": ""Time-saving bias"", ""confidence"": 0.3353}]",Supported,
2501.15612v1_9_F,"The truncated velocity gauge approach breaks the space-periodicity of the material Hamiltonian in the presence of external fields, requiring alternative computational methods that do not rely on the Bloch theorem",2025-01-01,,matteroffact,Refuted,"[{""bias"": ""Bias blind spot"", ""confidence"": 0.7335}]",Supported,
2502.18376v1_14_F,"The unit cell volume of LaVO₃ thin films grown on DyScO₃ is 230.5 Å³ throughout the film, representing a significant 5% reduction compared to the bulk LaVO₃ value of 242.0 Å³.",2025-02-01,,matteroffact,Refuted,,Supported,
2404.09806v1_6_F,"The transformation rate of martensite decomposition in Ti-6Al-4V decreases with increasing temperature, requiring temperatures above 900°C for complete decomposition within typical heat treatment timeframes.",2024-04-01,,matteroffact,Refuted,"[{""bias"": ""Pro-Innovation Bias"", ""confidence"": 0.3085}]",Supported,
2406.17511v1_5_T,The melted depth in boron-implanted silicon-on-insulator layers increases linearly with laser energy density in the monocrystalline regime (445-560 mJ/cm²),2024-06-01,,matteroffact,Supported,,Supported,
2401.15420v1_0_T,The HC||NVP/C full cell sodium-ion battery demonstrates a high operating voltage of approximately 3.3 V with minimal polarization of 0.05 V.,2024-01-01,,matteroffact,Supported,,Supported,
2403.07526v2_16_F,"The Physics-Transfer approach is fundamentally limited by quantum mechanical effects that cannot be captured by any classical force field model, making it unsuitable for predicting properties of materials with strong electronic correlations.",2024-03-01,,matteroffact,Refuted,"[{""bias"": ""Bias blind spot"", ""confidence"": 0.5112}]",Supported,
2503.14972v1_2_F,"The La₁.₅Mg₀.₅Ni₅.₅Co₁.₅ alloy exhibits a maximum discharge capacity of 350 mAh/g, which is the highest among the studied La₁.₅₋ₓGdₓMg₀.₅Ni₇ and La₁.₅Mg₀.₅Ni₇₋ᵧCoᵧ compositions.",2025-03-01,,matteroffact,Refuted,"[{""bias"": ""subadditivity effect"", ""confidence"": 0.3016}]",Supported,
2503.07460v1_7_T,"Charge transport in solid materials spans different mobility regimes, with band conduction typically exhibiting mobilities above 1 cm²/Vs, polaronic conduction ranging from 10⁻² to 1 cm²/Vs, and ionic conduction showing mobilities below 10⁻² cm²/Vs.",2025-03-01,,matteroffact,Supported,"[{""bias"": ""Time-saving bias"", ""confidence"": 0.5249}]",Supported,
2403.14215v1_8_F,"Mn₅(Si_xGe_1-x)₃ thin films maintain a homogeneous solid solution structure across all silicon concentrations from x=0 to x=1, with no evidence of phase separation or formation of distinct crystalline phases",2024-03-01,,matteroffact,Refuted,,Supported,
2311.07943v2_7_T,The slopes of the upper critical field versus temperature curves near Tc in air-annealed CaFeAsF single crystals are -2.53 T/K for H∥ab and -0.36 T/K for H∥c orientations.,2023-11-01,,matteroffact,Supported,"[{""bias"": ""Time-saving bias"", ""confidence"": 0.5284}]",Supported,
2311.13599v1_11_T,The 'black GZO' material exhibits integrated absorption over the measured spectral band that is nearly sixty times larger than the absorption of Yb₂Zr₂O₇.,2023-11-01,,matteroffact,Supported,,Supported,
2401.15936v1_3_F,The improved performance of selenium thin-film solar cells after closed-space annealing is primarily due to increased carrier mobility in the selenium absorber layer,2024-01-01,,matteroffact,Refuted,"[{""bias"": ""curse of knowledge"", ""confidence"": 0.3664}]",Supported,
2404.05398v1_7_F,The linear thermal expansion coefficient of HfN is 6.6 × 10^-6 per Kelvin.,2024-04-01,,matteroffact,Refuted,"[{""bias"": ""Planning Fallacy"", ""confidence"": 0.4392}]",Supported,
2502.03361v2_8_F,"The WSe2 flakes prepared by mechanical exfoliation for exciton-polariton studies have thicknesses ranging from 200 to 500 nanometers, with the specific flake analyzed in detail having a thickness of approximately 250 nanometers.",2025-02-01,,matteroffact,Refuted,,Supported,
2405.09840v2_5_F,"The intrinsic thermal Hall conductivity in Weyl superconductors, when scaled by N(εF)vF², is independent of the quasiclassical expansion parameter (kFξ0)⁻¹, appearing at zeroth order in this parameter.",2024-05-01,,matteroffact,Refuted,,Supported,
2409.11179v1_11_T,"The longitudinal sound velocity in lithium tetrafluoroborate/ethylene-carbonate electrolytes undergoes an abrupt change at approximately 10 M salt concentration, after showing minimal variation at lower concentrations.",2024-09-01,,matteroffact,Supported,,Supported,
2403.04470v2_14_T,"LaB₆ samples amplify both positive and negative THz pulses by a factor of approximately 1300, while silica samples only achieve this amplification factor with negative pulses",2024-03-01,,matteroffact,Supported,"[{""bias"": ""Time-saving bias"", ""confidence"": 0.38}]",Supported,
2407.21071v2_14_F,The primary benefit of in-plane electrode grading in lithium-ion battery pouch cells is to improve thermal management and reduce temperature gradients rather than to mitigate degradation mechanisms,2024-07-01,,matteroffact,Refuted,,Supported,
2502.12144v1_15_T,"Finite-layer nickelates Nd₍ₙ₊₁₎Ni₍ₙ₎O₍₂ₙ₊₂₎ differ from layered cuprate superconductors in that their in-plane hopping parameters remain consistent across different layers and different values of n, due to the constraint imposed by the substrate.",2025-02-01,,matteroffact,Supported,,Supported,
2311.12681v2_0_F,"Hydrogenated amorphous silicon carbide (a-SiC:H) parallel plate capacitors exhibit thickness-independent microwave loss, with all dielectric thicknesses showing identical TLS-induced loss tangent values.",2023-11-01,,matteroffact,Refuted,,Supported,
2503.13725v1_15_T,Multiple Andreev reflection processes are observed in Sn-InAs nanowire junctions as resonances in differential resistance measurements at current values above the switching current and as finite bias peaks in differential conductance measurements.,2025-03-01,,matteroffact,Supported,"[{""bias"": ""clustering illusion"", ""confidence"": 0.4138}]",Supported,
2501.01133v3_13_T,The neutral nitrogen antisite defect in h-BN exhibits a pseudo Jahn-Teller effect where excitation causes the defect to transition from an out-of-plane configuration to a high-symmetry planar configuration.,2025-01-01,,matteroffact,Supported,,Supported,
2411.07624v2_10_F,"In the misfit compound (PbS)₁.₁₃(TaS₂), the PbS layers actively participate in the superconductivity, forming strong electronic coupling with the TaS₂ layers and enhancing interlayer interactions.",2024-11-01,,matteroffact,Refuted,,Supported,
2403.14215v1_16_T,"The ratio of lattice parameters c/a in Mn₅(Si_xGe_1-x)₃ thin films decreases slightly from approximately 0.703 at x=0 to 0.696 at x=0.6, following a similar trend to that observed in bulk samples",2024-03-01,,matteroffact,Supported,,Supported,
2311.15620v1_1_T,"In lithium-based solid-state electrolytes, the average number of correlated mobile ions in diffusive events is 10 ± 5, and this value remains practically independent of temperature.",2023-11-01,,matteroffact,Supported,,Refuted,
2311.15791v1_13_F,"1T-TaS₂₋ₓSeₓ crystals exhibit two distinct interband transitions at 0.5 eV and 3.0 eV, with significantly smaller interband conductivity above 1 eV compared to pristine 1T-TaS₂.",2023-11-01,,matteroffact,Refuted,,Supported,
2405.17550v1_16_T,"The standard deviation of charge transmission in quantum Hall-superconductor edges is proportional to exp(-κ_B B L_edge-κ_T T L_edge), where B is the magnetic field, T is the temperature, L_edge is the edge length, and κ_B and κ_T are positive constants.",2024-05-01,,matteroffact,Supported,,Supported,
2411.10911v1_7_T,Molecular dynamics simulations for Cu₇PS₆ included a 100 ps production run in the microcanonical ensemble with a correlation time of 20 ps and a time step of 1 fs,2024-11-01,,matteroffact,Supported,,Supported,
2409.11179v1_9_T,The steep increase in bulk modulus of electrolytes at high salt concentrations is directly linked to the formation of ionic domains stiffened by strong local attractive interactions between ions.,2024-09-01,,matteroffact,Supported,"[{""bias"": ""curse of knowledge"", ""confidence"": 0.3144}]",Supported,
2409.08289v1_1_T,The entropy shift observed in the specific heat of cuprate superconductors is primarily due to magnetic excitations rather than a temperature-independent gap in the electronic density of states.,2024-09-01,,matteroffact,Supported,"[{""bias"": ""curse of knowledge"", ""confidence"": 0.5183}]",Supported,
2504.04297v1_1_T,The Pearson correlation coefficient between the electron-phonon coupling constant (λ) and calculated superconducting transition temperature (Tc) for ThCr₂Si₂-type compounds is 0.92.,2025-04-01,,matteroffact,Supported,,Supported,
2502.19524v1_9_F,"Upon intercalation at the buffer layer/SiC interface, platinum atoms remain in their metallic state without reacting with silicon atoms from the SiC substrate.",2025-02-01,,matteroffact,Refuted,,Supported,
2408.07229v1_12_T,The decomposition of PMC oligomer with three carbonate groups requires at least 5 electrons to initiate CO bond cleavage during AIMD simulations.,2024-08-01,,matteroffact,Supported,,Supported,
2401.10832v1_4_T,"The r²SCAN functional provides more accurate lattice volume predictions for transition metal fluorides than SCAN, with mean errors of 0.9% for r²SCAN compared to 2.0% for SCAN",2024-01-01,,matteroffact,Supported,,Supported,
2503.07460v1_10_F,"Potassium polyheptazine imide (K-PHI) functions as a solar battery material by localizing photogenerated holes on heptazine units, with these charges being stabilized by electron transfer from the electrolyte without any ion movement.",2025-03-01,,matteroffact,Refuted,,Refuted,
2502.19140v1_9_F,Li-excess in the δ-phase composition reduces lithium transport across domain boundaries by creating additional high-barrier 2-TM channels when vacant 16d sites preferentially segregate to the bulk of domains rather than to interfaces.,2025-02-01,,matteroffact,Refuted,"[{""bias"": ""curse of knowledge"", ""confidence"": 0.3139}]",Supported,
2504.02054v1_7_F,The calculated diffusion coefficient of oxygen hole polarons in NaMn₃O₇ at room temperature is 3.59 × 10⁻²³ cm²/s,2025-04-01,,matteroffact,Refuted,"[{""bias"": ""Planning Fallacy"", ""confidence"": 0.3973}]",Supported,
2412.13456v1_11_F,"In Nb₃Cl₈, optical transitions are governed solely by the parity selection rule, where transitions are allowed only between states of opposite parity due to the material's inversion symmetry.",2024-12-01,,matteroffact,Refuted,,Refuted,
2502.14798v1_10_F,"Germanium-based chalcogenide perovskites AGeX₃ (A = Ca, Sr, Ba; X = S, Se) exhibit brittle mechanical behavior, with higher resistance to shape deformation than to volumetric deformation, indicating their rigid nature for device applications.",2025-02-01,,matteroffact,Refuted,,Supported,
2401.17024v2_16_T,"The zone-center electron-phonon coupling strength (λ_Γ) can vary significantly among compounds with similar full Brillouin-zone electron-phonon coupling parameters (λ), as demonstrated by Mg₂RhH₆ having a much higher λ_Γ value than Li₂CuH₆ despite comparable λ values.",2024-01-01,,matteroffact,Supported,,Supported,
2410.01040v1_8_T,"In Bi₂Sr₂CaCu₂O₈₊δ, enhanced vortex screening is observed across a wide range of columnar defect densities from B_Φ = 50 G to B_Φ = 2000 G, with similar angular dependence patterns.",2024-10-01,,matteroffact,Supported,,Supported,
2403.04470v2_0_F,Positive THz pulses are more efficient than negative THz pulses at triggering the evaporation of cations from nanoneedles in amorphous silica samples,2024-03-01,,matteroffact,Refuted,"[{""bias"": ""curse of knowledge"", ""confidence"": 0.5226}]",Supported,
2401.04644v1_3_T,"Eu₂Ir₂O₇ thin films exhibit a paramagnetic to antiferromagnetic phase transition at approximately 105 K, marked by a clear kink in the temperature-dependent resistivity curve.",2024-01-01,,matteroffact,Supported,,Supported,
2311.11341v1_13_F,NbGe₂ exhibits only parabolic band dispersions throughout the Brillouin zone without any saddle points near the Fermi level.,2023-11-01,,matteroffact,Refuted,,Supported,
2411.08980v1_1_F,"In 2H-NbS₂, the tricritical point temperature T* of orbital FFLO state shifts from 0.89T_{c0} to 0.75T_{c0} with decreasing flake thickness from 19 nm to 9 nm.",2024-11-01,,matteroffact,Refuted,"[{""bias"": ""Time-saving bias"", ""confidence"": 0.786}]",Supported,
2311.14529v1_11_T,The in-situ scanning X-ray fluorescence study of precipitate formation in additively manufactured Al-Mn-Cr-Zr alloys was conducted at a heat treatment temperature of 375°C.,2023-11-01,,matteroffact,Supported,"[{""bias"": ""curse of knowledge"", ""confidence"": 0.5706}]",Supported,
2503.07474v1_8_F,"The V and Sb-related phonon mode frequency in the AV₃Sb₅ family shows dramatic variations, from 1.80 THz in CsV₃Sb₅ to 2.50 THz in RbV₃Sb₅ to 3.20 THz in KV₃Sb₅, indicating strong coupling to the alkali metal mass.",2025-03-01,,matteroffact,Refuted,"[{""bias"": ""subadditivity effect"", ""confidence"": 0.427}]",Supported,
2310.03080v2_12_F,"The simulations of monolayer NbSe2 used lattice constants of |a|=|b|=9.5000 Å for the 9 formula unit cell, corresponding to a primitive 2H unit cell size of |a|=|b|=3.1667 Å.",2023-10-01,,matteroffact,Refuted,"[{""bias"": ""Time-saving bias"", ""confidence"": 0.5711}]",Supported,
2403.08679v1_14_F,"NaFe₂PO₄(SO₄)₂ exhibits only conventional magnetocaloric effect at all magnetic fields, with no field-dependent crossover in the nature of the effect.",2024-03-01,,matteroffact,Refuted,,Supported,
2503.13734v1_6_T,"Titanium alloys used in low-temperature applications are primarily alpha-phase titanium alloys and two-phase titanium alloys containing a small amount of beta-phase, with the ratio of yield strength to tensile strength approaching 1, indicating their brittleness",2025-03-01,,matteroffact,Supported,"[{""bias"": ""Whole only effect"", ""confidence"": 0.3309}]",Supported,
2410.09376v2_11_F,"The lower Poisson's ratio in electroplastically drawn Cu-6wt%Ag alloy wires indicates reduced ductility, which creates significant challenges for coil winding in pulsed magnet applications.",2024-10-01,,matteroffact,Refuted,,Supported,
2406.16398v2_2_T,"The Kerr rotation angle in the tri-hexagonal orbital flux phase of AV3Sb5 exhibits a sharp resonance enhancement at around 1 eV (1240 nm wavelength), reaching the milliradians range.",2024-06-01,,matteroffact,Supported,"[{""bias"": ""Outcome bias"", ""confidence"": 0.5077}]",Supported,
2401.15420v1_8_T,"The NVP/C cathode material exhibits a NASICON-type crystal structure with a rhombohedral lattice, characterized by a three-dimensional open framework that facilitates high ionic conductivity.",2024-01-01,,matteroffact,Supported,,Supported,
2503.17434v1_4_F,"In binary mixtures containing both paramagnetic manganese chloride (MnCl₂) and diamagnetic zinc chloride (ZnCl₂), both ion types are captured by the magnetic mesh with equal efficiency, showing no selective separation based on magnetic properties.",2025-03-01,,matteroffact,Refuted,"[{""bias"": ""Distinction bias"", ""confidence"": 0.3741}]",Refuted,
2403.06305v1_2_T,The lattice mismatch between scandium trifluoride (ScF₃) and lithium fluoride (LiF) at room temperature is 0.355%.,2024-03-01,,matteroffact,Supported,,Supported,
2402.18588v2_16_F,"LK-99 fundamentally differs from Weyl semimetals in its topological properties, as it lacks Weyl points, maintains inversion symmetry, and shows uniform Berry curvature distribution without tunability.",2024-02-01,,matteroffact,Refuted,,Supported,
2311.05696v2_15_T,"For bidisperse suspensions with size ratio Δ=4 and sufficiently high volume fraction φ, discontinuous shear thickening occurs at extreme mixing ratios (α near 0 or 1), while continuous shear thickening occurs at intermediate mixing ratios.",2023-11-01,,matteroffact,Supported,"[{""bias"": ""Time-saving bias"", ""confidence"": 0.7594}]",Supported,
2411.16649v1_16_F,MAX phase materials like Ti₂AlC are primarily used in low-temperature industrial applications due to their superior electrical conductivity at cryogenic temperatures.,2024-11-01,,matteroffact,Refuted,,Refuted,
2407.21337v1_10_F,A metastable Na₆Ge₂Se₆ structure in space group R3(146) has energy 10 meV/atom higher than the experimentally observed phase.,2024-07-01,,matteroffact,Refuted,"[{""bias"": ""Availability heuristic"", ""confidence"": 0.4086}]",Supported,
2412.10561v2_4_F,Temperature measurements of laser-heated glass using thermal cameras operating at 8 μm wavelength are unreliable for thin heated regions below 1 mm thickness.,2024-12-01,,matteroffact,Refuted,"[{""bias"": ""Bias blind spot"", ""confidence"": 0.6765}]",Supported,
2403.08679v1_0_F,NaFe₂PO₄(SO₄)₂ crystallizes in a monoclinic structure with the C2/c space group.,2024-03-01,,matteroffact,Refuted,,,Failed to get valid prediction
2409.07058v3_13_F,"The magnetocrystalline anisotropy energy (MAE) of Fe₃C and Co₃C compounds shows a direct linear relationship with the spin magnetic moment, with MAE values dropping sharply as the magnetic moment decreases, making their magnetic hardness highly sensitive to temperature effects.",2024-09-01,,matteroffact,Refuted,,Supported,
2411.17360v1_6_T,Oxygen doping in Al0.73Sc0.27N thin films causes a transition from tensile to compressive stress with a change in the sign of the slope after passing a threshold oxygen concentration of Nmix = 8-10 sccm.,2024-11-01,,matteroffact,Supported,"[{""bias"": ""Time-saving bias"", ""confidence"": 0.3512}]",Supported,
2406.16398v2_6_F,The nematic orbital flux phase in AV3Sb5 Kagome metals breaks all relevant symmetries and therefore exhibits strong anomalous Hall effect similar to the tri-hexagonal phase.,2024-06-01,,matteroffact,Refuted,,Refuted,
2411.11673v2_5_F,"Magneto-optical effects in antiferromagnets can only occur in materials with non-collinear magnetic order, making collinear antiferromagnets like MnTe unsuitable for such phenomena.",2024-11-01,,matteroffact,Refuted,,Supported,
2409.07058v3_10_T,"The calculated magnetocrystalline anisotropy energy (MAE) values for Fe₃C and Co₃C compounds vary with the choice of exchange-correlation potential, but ortho-Co₃C consistently shows high MAE values (0.67-0.88 MJ·m⁻³) across different functionals, confirming its promising hard-magnetic properties.",2024-09-01,,matteroffact,Supported,,Supported,
2411.12896v1_5_F,"The energy difference between the Ge (+/-) level and the AlGaN conduction band minimum decreases with aluminum content, being 0.35 eV at 55% Al, 0.22 eV at 65% Al, and 0.07 eV at 75% Al",2024-11-01,,matteroffact,Refuted,"[{""bias"": ""Time-saving bias"", ""confidence"": 0.8709}]",Supported,
2408.08791v2_13_T,"In the Dissipative Split-Charge Equilibration model, halving the resistivity reduces the damping force within the capacitor by approximately half, while the hysteretic losses during approach and retraction are reduced to a lesser extent.",2024-08-01,,matteroffact,Supported,,Supported,
2403.08237v2_3_T,The activation energy for Li-ion diffusion in Li₂ZrCl₆ decreases from 0.97 eV to 0.28 eV in α-LZC and from 0.68 eV to 0.31 eV in β-LZC when Zr transitions from ordered to fully disordered states,2024-03-01,,matteroffact,Supported,"[{""bias"": ""Time-saving bias"", ""confidence"": 0.8117}]",Supported,
2403.06305v1_1_T,The optimal substrate temperature for growing high-quality epitaxial ScF₃ thin films on LiF substrates using pulsed laser deposition is 350°C.,2024-03-01,,matteroffact,Supported,,Supported,
2502.20005v1_10_T,"The spherical approximation correctly predicts the conduction electron spin polarization for light excitation perpendicular to strain along [001] and [111] directions, but fails for strain along [1̄10].",2025-02-01,,matteroffact,Supported,,Supported,
2407.11580v1_2_F,The microstructural evolution of LPBF AlSi10Mg during heat treatment occurs through a single continuous process without distinct stages or mechanisms.,2024-07-01,,matteroffact,Refuted,,Refuted,
2402.07147v1_2_T,"For the same oxygen concentration, ordered titanium-oxygen compounds have a larger c lattice parameter than disordered solid solutions.",2024-02-01,,matteroffact,Supported,"[{""bias"": ""Distinction bias"", ""confidence"": 0.6689}]",Supported,
2408.07229v1_12_F,The decomposition of PMC oligomer with three carbonate groups requires only 2 electrons to initiate CO bond cleavage during AIMD simulations.,2024-08-01,,matteroffact,Refuted,,Supported,
2409.20312v1_9_T,The spin-spin coupling between Fe atoms in Fe-PTO chains on Ag(111) occurs through a superexchange mechanism mediated by the PTO ligands.,2024-09-01,,matteroffact,Supported,,Supported,
2311.05696v2_13_F,"In bidisperse suspensions, the onset stress for shear thickening (σ_0) decreases monotonically with the volume ratio of small particles (α), scaling linearly with particle size as σ_0∼a.",2023-11-01,,matteroffact,Refuted,,Supported,
2502.08872v1_9_F,"The lattice parameters of RuO2 in the nonmagnetic state (a = 4.511 Å, c = 3.131 Å) differ by more than 5% from the experimentally measured values (a = 4.491 Å, c = 3.106 Å).",2025-02-01,,matteroffact,Refuted,"[{""bias"": ""Time-saving bias"", ""confidence"": 0.7292}]",Refuted,
2310.03638v1_2_T,The micromagnetic DMI in Pt/Co/Re thin films decreases from 9.25 mJ/m² to 1.39 mJ/m² as cobalt thickness increases from 2 to 10 atomic layers.,2023-10-01,,matteroffact,Supported,"[{""bias"": ""Time-saving bias"", ""confidence"": 0.9747}]",Supported,
2503.07460v1_11_F,Many-body perturbation theory methods like GW and the Bethe-Salpeter Equation are more computationally efficient than time-dependent density functional theory for modeling excited states in solar battery materials.,2025-03-01,,matteroffact,Refuted,"[{""bias"": ""curse of knowledge"", ""confidence"": 0.6323}]",Refuted,
2405.17947v1_13_F,NbS₂ offers advantages over silicon as an anode material due to its higher theoretical capacity and similar volume expansion characteristics during lithiation.,2024-05-01,,matteroffact,Refuted,,Supported,
2503.22477v2_7_T,"LaRu₃(Si₁₋ₓGeₓ)₂ exhibits strong diamagnetism below the superconducting transition temperature, with magnetic susceptibility dropping sharply around 6-7 K.",2025-03-01,,matteroffact,Supported,,,Failed to get valid prediction
2405.17947v1_2_T,The presence of oxygen defects in NbS₂ can double its theoretical lithium capacity from 340.8 mAh/g to 681.6 mAh/g at 16.7% oxygen concentration.,2024-05-01,,matteroffact,Supported,"[{""bias"": ""Time-saving bias"", ""confidence"": 0.6735}]",Supported,
2406.16398v2_1_F,The Kerr rotation angle in the tri-hexagonal orbital flux phase of AV3Sb5 consistently exceeds 1 milliradian at optical frequencies of 0.8 eV (1550 nm) and 1.55 eV (800 nm).,2024-06-01,,matteroffact,Refuted,"[{""bias"": ""Time-saving bias"", ""confidence"": 0.6218}]",Supported,
2311.07943v2_8_T,"The introduction of oxygen elements during air annealing and the consequent elevation of Fe valence lead to hole-doping in CaFeAsF, which is the origin of superconductivity in this system.",2023-11-01,,matteroffact,Supported,,Supported,
2311.02289v1_12_F,"GW calculations for CsV3Sb5 require a total of 2000 bands and 50 frequency points, with convergence of quasiparticle energies to within 10 meV.",2023-11-01,,matteroffact,Refuted,,Supported,
2312.05174v1_11_F,The nanotexturing approach through chemical etching is only effective for pure copper and cannot be applied to other metals or alloys,2023-12-01,,matteroffact,Refuted,"[{""bias"": ""Bias blind spot"", ""confidence"": 0.3607}]",Refuted,
2407.11586v1_14_T,Oxygen vacancies in the NdFeO3 substrate are essential for the growth of high-quality FeSe films but do not determine the final electron doping level in FeSe/NdFeO3.,2024-07-01,,matteroffact,Supported,,Supported,
2502.00798v1_15_T,The molecular dynamics approach for sampling atomic configurations uses an 8×8×8 supercell (4096 atoms) for silicon to ensure comprehensive sampling of configuration space,2025-02-01,,matteroffact,Supported,"[{""bias"": ""clustering illusion"", ""confidence"": 0.614}]",Supported,
2412.09533v1_10_T,"Copper oxide thin-films in transistors are mixed-phase systems containing both Cu2O and CuO, with CuO predominantly located at the semiconductor-dielectric interface, reducing the channel hole mobility in the charge accumulation region.",2024-12-01,,matteroffact,Supported,,Supported,
2405.09057v1_2_F,Response Matching requires explicit symmetrization operations to handle rotation and translation invariances in molecular structures.,2024-05-01,,matteroffact,Refuted,"[{""bias"": ""Bias blind spot"", ""confidence"": 0.3071}]",Supported,
2504.00309v1_4_F,"The silicon crystal with diamond structure is described by 16 crystalline orbitals and 16 electrons for each k-point using the GTH-SZV basis set, corresponding to a 32-qubit system after Jordan-Wigner transformation.",2025-04-01,,matteroffact,Refuted,,Supported,
2310.18223v1_2_T,CELL provides tools for thermodynamic analysis including Metropolis Monte Carlo and Wang-Landau sampling methods for calculating configurational entropy and other thermodynamic properties.,2023-10-01,,matteroffact,Supported,"[{""bias"": ""curse of knowledge"", ""confidence"": 0.3814}]",Supported,
2501.13547v1_9_F,"The non-uniform magnetic and electronic environment in LaRhGe₃, as evidenced by broad NMR signals, contradicts the electron-phonon drag effects previously reported in this material.",2025-01-01,,matteroffact,Refuted,,Supported,
2504.00309v1_12_F,Random selection of qubits from the quantum processor provides better results for quantum band structure calculations than selecting qubits based on error rates.,2025-04-01,,matteroffact,Refuted,"[{""bias"": ""Bias blind spot"", ""confidence"": 0.7827}]",Supported,
2503.11087v1_9_F,Single-crystalline EuZn₂Sb₂ thin films are grown by molecular beam epitaxy at a temperature of approximately 350°C.,2025-03-01,,matteroffact,Refuted,"[{""bias"": ""Outcome bias"", ""confidence"": 0.3253}]",Supported,
2407.11586v1_14_F,"Oxygen vacancies in the NdFeO3 substrate directly determine the electron doping level in FeSe/NdFeO3, with higher vacancy concentrations producing higher doping levels.",2024-07-01,,matteroffact,Refuted,,Supported,
2411.16279v1_6_T,"The zero-temperature band gaps calculated for silver chalcohalide antiperovskites are 1.8 eV for Ag₃SBr, 1.4 eV for Ag₃SI, 1.6 eV for Ag₃SeBr, and 1.3 eV for Ag₃SeI.",2024-11-01,,matteroffact,Supported,"[{""bias"": ""subadditivity effect"", ""confidence"": 0.5992}]",Supported,
2404.17584v1_11_T,Reusing weights across all edges in the graph for equivariant convolutions reduces the number of parameters without sacrificing accuracy in homogenization tasks.,2024-04-01,,matteroffact,Supported,,Supported,
2405.09345v1_4_T,Ferroelectric HZO thin films exhibit a remnant polarization of 23-24 μC/cm² after 10³ cycles,2024-05-01,,matteroffact,Supported,,Supported,
2410.07660v1_12_F,The supercurrent-induced spin moment in helical superconductors can only be detected using nuclear magnetic resonance techniques at ultra-low temperatures below 10 mK.,2024-10-01,,matteroffact,Refuted,"[{""bias"": ""curse of knowledge"", ""confidence"": 0.6751}]",Refuted,
2404.12822v1_10_F,Distribution of Relaxation Time analysis shows that sodium-ion transport in NaFe₁.₆V₀.₄(PO₄)(SO₄)₂@CNT cathode is dominated by a single rate-limiting process with a characteristic time constant of approximately 1 second.,2024-04-01,,matteroffact,Refuted,"[{""bias"": ""Outcome bias"", ""confidence"": 0.3498}]",Supported,
2502.09382v2_13_F,"Secondary ion mass spectrometry with a 5 keV Cs⁺ primary beam provides insufficient depth resolution for the analysis of complex oxide thin films, requiring primary beam energies below 1 keV for adequate resolution.",2025-02-01,,matteroffact,Refuted,"[{""bias"": ""Time-saving bias"", ""confidence"": 0.3088}]",Supported,
2412.09533v1_13_F,"The observed increase in tin vacancy concentration with vacuum storage time in tin oxide thin-film transistors is primarily caused by thermal diffusion of pre-existing tin atoms from the lattice to the surface, unrelated to any oxidation process.",2024-12-01,,matteroffact,Refuted,"[{""bias"": ""Bias blind spot"", ""confidence"": 0.3299}]",Refuted,
2501.15424v1_11_F,The transverse thermoelectric conductivity in Fe₃Ge strictly follows the Mott relation with a linear temperature dependence in the range of 80 K to 300 K.,2025-01-01,,matteroffact,Refuted,,Supported,
2406.07144v1_14_F,"In Electron Cyclotron Resonance Ion Beam Deposition, carbon atoms with similar energies are uniformly distributed across all emission angles from the target, with no correlation between emission angle and particle energy.",2024-06-01,,matteroffact,Refuted,"[{""bias"": ""clustering illusion"", ""confidence"": 0.6522}]",Refuted,
2311.14529v1_16_T,"Chromium plays an active role in the precipitation kinetics of additively manufactured Al-Mn-Cr-Zr alloys, forming distinct Cr-rich precipitates adjacent to Mn-rich precipitates at grain boundaries.",2023-11-01,,matteroffact,Supported,,Supported,
2410.16199v1_12_T,"Unlike Nb₃Br₈, which was previously assumed to be a band insulator, the sister compound Nb₃Cl₈ has been considered a Mott insulator due to weaker interlayer coupling.",2024-10-01,,matteroffact,Supported,"[{""bias"": ""Whole only effect"", ""confidence"": 0.3267}]",Supported,
2504.04297v1_15_F,"Calculating superconducting transition temperatures for ThCr₂Si₂-type compounds requires only a single uniform 6×6×6 grid for both electronic and phononic properties, without any need for interpolation techniques.",2025-04-01,,matteroffact,Refuted,,Refuted,
2310.14013v1_4_T,"The standard deviation of the local structural anisotropy (Qk) distribution increases monotonically with the Bond number, while the skewness decreases monotonically with the Bond number.",2023-10-01,,matteroffact,Supported,,Supported,
2502.13793v1_10_F,The hydrogen lattice diffusivity in pure nickel (1.72×10^-13 m²/s) is approximately 10 times higher than in 316L stainless steel (1.704×10^-16 m²/s) at room temperature.,2025-02-01,,matteroffact,Refuted,"[{""bias"": ""Time-saving bias"", ""confidence"": 0.4475}, {""bias"": ""Planning Fallacy"", ""confidence"": 0.3261}]",Supported,
2411.08940v1_5_F,"In alkaline water electrolyzers, void fraction in both the bulk electrolyte and gap region decreases with height along the cell",2024-11-01,,matteroffact,Refuted,,Supported,
2409.11179v1_12_T,"The Bjerrum length in lithium tetrafluoroborate/ethylene-carbonate electrolytes increases with salt concentration due to the decreasing dielectric permittivity, reaching values that exceed the screening length in the concentration range where ionic correlations most strongly affect conductivity.",2024-09-01,,matteroffact,Supported,"[{""bias"": ""Pro-Innovation Bias"", ""confidence"": 0.3203}]",Supported,
2401.17024v2_14_T,"The zone-center electron-phonon coupling strength (λ_Γ) serves as an effective descriptor for identifying conventional superconducting materials in hydrides, as demonstrated by the successful prediction of high-T_c compounds in this study.",2024-01-01,,matteroffact,Supported,,Supported,
2503.13955v1_10_F,"For monolayer stanene with λH = -3λSO/2 and W = 84.3, the nonresonant Casimir-Polder force with frequency dispersion changes sign at a dimensionless separation D ≈ 1.25, which is larger than the value D* = 1.016 predicted by the nondispersive approximation.",2025-03-01,,matteroffact,Refuted,,Supported,
2404.13959v1_0_T,Fitting the four-band k·p bulk model Hamiltonian to ab initio band structures around the Γ point provides a more accurate description of low-energy bulk and surface states than the perturbative approach for 3D topological insulators in the Bi₂Se₃ family.,2024-04-01,,matteroffact,Supported,"[{""bias"": ""Bias blind spot"", ""confidence"": 0.5941}]",Supported,
2407.21337v1_14_T,Space group Pmma(51) has 124 possible arrangements of rigid blocks and lithium atoms for Li₃PS₄ with a maximum of three PS₄ tetrahedra per unit cell.,2024-07-01,,matteroffact,Supported,"[{""bias"": ""subadditivity effect"", ""confidence"": 0.3396}]",Supported,
2502.20005v1_2_T,The optical oscillator strengths for transitions between valence and conduction bands in strained cubic semiconductors depend on the sign of the strain but not on its magnitude.,2025-02-01,,matteroffact,Supported,,Refuted,
2404.08651v1_0_T,Thin film silicon deposited on a textured surface has a higher defect density (2.4×10^17 cm^-3) compared to film deposited on a flat surface (3.2×10^16 cm^-3).,2024-04-01,,matteroffact,Supported,"[{""bias"": ""Time-saving bias"", ""confidence"": 0.807}]",Supported,
2405.18939v1_2_T,The vibrational properties of (LaSe)₁.₁₄(NbSe₂)₂ can be understood as the sum of the vibrational properties of its individual subunits (LaSe and NbSe₂) when each is appropriately charged in a field-effect configuration.,2024-05-01,,matteroffact,Supported,"[{""bias"": ""clustering illusion"", ""confidence"": 0.3182}]",Supported,
2504.12547v1_13_T,"When current is applied along the b-axis in ZrSiTe with magnetic field rotated in the a-c plane, the magnetoresistance reaches its maximum at θ = 0° (B parallel to c-axis) and its minimum at θ = 90° (B parallel to a-axis), forming a peanut-shaped pattern.",2025-04-01,,matteroffact,Supported,"[{""bias"": ""Time-saving bias"", ""confidence"": 0.7319}]",Supported,
2405.18150v1_6_T,"In titanium nitride, increasing the Hubbard interaction parameter from 0 to 8.5 eV in calculations primarily affects the top of the valence bands while leaving the bottom of the conduction bands almost unchanged.",2024-05-01,,matteroffact,Supported,"[{""bias"": ""Time-saving bias"", ""confidence"": 0.7752}]",Supported,
2411.00305v2_10_T,"Vacancy emission from constricted jogs on edge dislocations in FCC nickel is a stress-driven thermally-activated process, where the frequency of vacancy emission increases with increasing applied stress.",2024-11-01,,matteroffact,Supported,"[{""bias"": ""clustering illusion"", ""confidence"": 0.4535}]",Supported,
2412.10896v3_12_T,"When estimating SPMe parameters, the double-layer capacitance of the positive electrode (C₊) shows a relative standard deviation of 13.9% when using impedance data, compared to 167% when using time-domain voltage data.",2024-12-01,,matteroffact,Supported,,Supported,
2311.07943v2_4_F,The oxygen introduced during air annealing affects approximately 500 nm from the surface of CaFeAsF single crystals.,2023-11-01,,matteroffact,Refuted,,Supported,
2311.07943v2_15_T,"In air-annealed CaFeAsF, superconductivity coexists with the structural transition characteristic of the pristine CaFeAsF phase at around 121 K.",2023-11-01,,matteroffact,Supported,"[{""bias"": ""curse of knowledge"", ""confidence"": 0.3122}]",Supported,
2404.02416v2_6_T,"During hydrogen absorption in palladium nanocubes, the β-PdHx phase initially nucleates at one of the corners of the nanocube before expanding to form a phase boundary across the particle.",2024-04-01,,matteroffact,Supported,"[{""bias"": ""clustering illusion"", ""confidence"": 0.4172}]",Supported,
2406.17511v1_12_T,"The recrystallization dynamics and resulting superconducting properties of boron-doped silicon layers are strongly dependent on the laser pulse duration, even for relatively small changes from 25 ns to 160 ns",2024-06-01,,matteroffact,Supported,"[{""bias"": ""Time-saving bias"", ""confidence"": 0.8822}]",Supported,
2406.11763v1_4_F,"Oxygen vacancies in HfO2-based materials have a simple linear relationship with ferroelectric properties, where increasing vacancy concentration always leads to increased ferroelectric phase fraction.",2024-06-01,,matteroffact,Refuted,,Refuted,
2407.04788v1_7_T,"TPDH-graphene maintains its intrinsic metallic nature after lithium adsorption, which contributes to its potential as an effective lithium-ion battery anode material",2024-07-01,,matteroffact,Supported,,Supported,
2406.12453v1_11_F,"Sr₃Ni₁.₇₅Al₀.₂₅O₇ exhibits conventional ferromagnetic ordering at low temperatures, characterized by a sharp magnetic transition and rapid saturation of magnetization in applied fields below 1 T.",2024-06-01,,matteroffact,Refuted,,Supported,
2407.09880v1_15_T,"Among the three interfaces studied (FeSe/SrVO₃/SrTiO₃, FeSe/SrTiO₃, and FeSe/LaFeO₃), FeSe/LaFeO₃ exhibits the largest superconducting gap (17 meV) and FeSe/SrVO₃/SrTiO₃ the smallest (9.6 meV), despite FeSe/SrVO₃/SrTiO₃ and FeSe/LaFeO₃ having nearly identical electron doping levels.",2024-07-01,,matteroffact,Supported,"[{""bias"": ""Time-saving bias"", ""confidence"": 0.3781}]",Supported,
2404.08651v1_3_T,The reverse saturation current density (J0) decreases with reduced defect density in thin film silicon solar cells.,2024-04-01,,matteroffact,Supported,,Supported,
2403.08237v2_8_F,"High Li-ion conductivity in halide solid electrolytes can only be achieved through non-equilibrium synthesis methods that induce Zr disorder, with no viable alternatives",2024-03-01,,matteroffact,Refuted,"[{""bias"": ""Omission bias"", ""confidence"": 0.4482}]",Refuted,
2411.18843v1_10_F,"The electronic states around the Fermi level in tellurium consist of a single hybridized band derived from sp^3 orbitals, with no distinct classification based on chemical bonding types or orbital character.",2024-11-01,,matteroffact,Refuted,,Refuted,
2408.15601v1_15_T,"Candidate grain boundary structures generated by the diffusion model were relaxed using conjugate gradient minimization with convergence criteria of 10⁻⁵ for relative energy and 10⁻⁵ eV/Å for forces, with a maximum of 10⁵ evaluations.",2024-08-01,,matteroffact,Supported,,Supported,
2408.10978v2_12_T,"The inclusion of spin-orbit coupling (SOC) effects does not significantly alter the elastic constants of CsM₃Te₅ (M = Ti, Zr, Hf) kagome metals.",2024-08-01,,matteroffact,Supported,,Supported,
2407.06148v1_18_T,A Zn-Al-Mg coating with a more refined microstructure would have better mechanical performance due to more grain boundaries acting as barriers to crack propagation and limited twinning occurrence.,2024-07-01,,matteroffact,Supported,"[{""bias"": ""Pro-Innovation Bias"", ""confidence"": 0.3459}]",Supported,
2410.22496v2_4_F,"During solidification of C103 refractory alloy in laser melting, the temperature gradient increases from the edge to the center of the melt pool",2024-10-01,,matteroffact,Refuted,,Supported,
2403.08237v2_2_F,The Li/vacancy order-disorder transition in Li₂ZrCl₆ with ordered Zr occurs at approximately 300 K,2024-03-01,,matteroffact,Refuted,,Supported,
2407.21337v1_3_T,Symmetry-oriented crystal structure prediction methods perform better than genetic algorithm-based methods in identifying metastable structures while both approaches successfully predict the same lowest energy structures.,2024-07-01,,matteroffact,Supported,"[{""bias"": ""Bias blind spot"", ""confidence"": 0.4921}]",Supported,
2502.19772v1_2_T,Spontaneously aligned dipole moments in CsPbBr3 relax within tens of femtoseconds at room temperature.,2025-02-01,,matteroffact,Supported,"[{""bias"": ""curse of knowledge"", ""confidence"": 0.6414}]",Supported,
2405.17947v1_6_F,"NbS₂-based anodes maintain a stable capacity with less than 2% degradation per cycle, with the capacity remaining significantly above the theoretical value for pristine material even after multiple cycles.",2024-05-01,,matteroffact,Refuted,,Supported,
2408.03175v1_15_F,"In solid-state batteries, temperature along the interface remains constant during operation, with no spatial variations arising from current density differences or joule heating effects.",2024-08-01,,matteroffact,Refuted,"[{""bias"": ""Omission bias"", ""confidence"": 0.4128}]",Refuted,
2405.18939v1_14_T,"Misfit layer compounds provide an effective platform for studying highly electron-doped transition metal dichalcogenides, achieving doping levels beyond what is possible with conventional field-effect transistors.",2024-05-01,,matteroffact,Supported,"[{""bias"": ""Pro-Innovation Bias"", ""confidence"": 0.4277}]",Supported,
2501.04840v2_0_T,The lowest energy electronic excitation in hexagonal boron nitride is a longitudinal exciton that can be detected by both RIXS and EELS techniques.,2025-01-01,,matteroffact,Supported,,Supported,
2502.00798v1_12_T,The deep learning approach enables the use of advanced functionals like HSE and SCAN for calculations on large supercells that would be computationally intractable with traditional methods,2025-02-01,,matteroffact,Supported,"[{""bias"": ""curse of knowledge"", ""confidence"": 0.3554}, {""bias"": ""Bias blind spot"", ""confidence"": 0.3198}]",Supported,
2404.12822v1_5_F,A full cell battery using NaFe₁.₆V₀.₄(PO₄)(SO₄)₂@CNT cathode and hard carbon anode delivers a specific energy of approximately 200 Wh/kg at 0.2C rate.,2024-04-01,,matteroffact,Refuted,,Supported,
2405.09057v1_5_F,Response Matching successfully recovers all 15 ground truth structures when tested on a set of binary and ternary compounds from the Materials Project test set.,2024-05-01,,matteroffact,Refuted,"[{""bias"": ""Bias blind spot"", ""confidence"": 0.4733}]",Supported,
2410.16199v1_15_F,Experimentally identifying unconventional Mott insulators with an even number of electrons per unit cell is straightforward because they exhibit distinctive signatures in standard optical and transport measurements that clearly differentiate them from band insulators.,2024-10-01,,matteroffact,Refuted,,Supported,
2311.15620v1_6_T,"The universal exponential decay law governing the probability density function for the number of concerted mobile ions in solid-state electrolytes can be expressed as f(n) = 0.220 · exp(-0.252n), where n is the number of concerted ions.",2023-11-01,,matteroffact,Supported,,Supported,
2411.01127v1_6_T,"In PBTTT thin films, the exponent p that characterizes the temperature dependence of the dephasing length is approximately 0.4, decreasing slightly with increasing carrier density, and is consistent with Coulomb interaction being the dominant scattering process.",2024-11-01,,matteroffact,Supported,,Supported,
2502.20005v1_3_T,"For uniaxial strain along [001] or [111] directions in cubic semiconductors, the conduction electron spin polarization does not depend on the elasticity tensor or valence deformation potentials.",2025-02-01,,matteroffact,Supported,,Refuted,
2411.13301v1_15_F,"The inner layers of Sr₂CuO₃ film retain Mott insulator behavior with a bandgap of approximately 2.32 eV, which is larger than the bandgap of 1.98 eV in the bulk phase.",2024-11-01,,matteroffact,Refuted,,Supported,
2402.18588v2_10_F,"The nonlinear Hall current in LK-99 can only be tuned by varying the magnitude of the applied electric field, not its direction or the chemical potential.",2024-02-01,,matteroffact,Refuted,,Refuted,
2406.07144v1_5_F,High-quality Diamond-Like Carbon coatings with sp³ content above 50% require elevated deposition temperatures or post-annealing when using Electron Cyclotron Resonance Ion Beam Deposition.,2024-06-01,,matteroffact,Refuted,,Supported,
2503.04492v1_6_T,"The PBE-calculated band gap has the strongest correlation with GW-level band gaps, with Pearson's and Spearman's correlation coefficients of 0.98, while the standard deviation of period has the weakest correlation with coefficients of -0.11 and -0.07.",2025-03-01,,matteroffact,Supported,,Supported,
2406.13900v1_4_F,"The hybridization gap in the Sr₂RuO₄ surface state remains constant at 10 meV up to temperatures of 150K, with the gap closing coinciding with a reduction in the octahedral rotation angle.",2024-06-01,,matteroffact,Refuted,"[{""bias"": ""Outcome bias"", ""confidence"": 0.3145}]",Supported,
2502.06904v2_6_T,The intra-valence-band transition energy (Δᵥ) in CsPbBr₃ is reduced by approximately 1.0 eV when thermal fluctuations at room temperature are included compared to the ideal cubic structure at 0K.,2025-02-01,,matteroffact,Supported,"[{""bias"": ""Planning Fallacy"", ""confidence"": 0.4655}]",Supported,
2503.07474v1_12_T,"The time-resolved reflectivity measurements on RbV₃Sb₅ and KV₃Sb₅ provide new evidence for six-fold rotational symmetry breaking at the CDW transition temperature, resolving previous disagreements about the CDW structure and symmetry in these compounds.",2025-03-01,,matteroffact,Supported,,Supported,
2311.02289v1_0_T,"In CsV3Sb5, a symmetry-allowed band crossing exists along the Γ-A direction when using density functional theory with parameters that accurately reproduce the experimental crystal structure.",2023-11-01,,matteroffact,Supported,"[{""bias"": ""Bias blind spot"", ""confidence"": 0.3484}]",Supported,
2411.08980v1_9_F,"In NbS₂, only orbital FFLO state exists across all thickness ranges from few-layer to bulk limit.",2024-11-01,,matteroffact,Refuted,"[{""bias"": ""Risk Compensation"", ""confidence"": 0.4187}]",Refuted,
2411.11618v1_0_T,Overlapping hexagonal MoS2 flakes with Mo-rich edges exhibit a 20% reduction in conductance compared to pristine monolayers.,2024-11-01,,matteroffact,Supported,,Supported,
2412.00421v1_15_F,An in-plane ferromagnetic skyrmion with a size of 7.2 nm emerges in the rectangular Mn adatom lattice on Nb(110) when the magnetocrystalline anisotropy energy is modified to prefer in-plane spin alignment with a value of -0.5 meV.,2024-12-01,,matteroffact,Refuted,,Supported,
2406.17511v1_12_F,The recrystallization dynamics and resulting superconducting properties of boron-doped silicon layers are insensitive to the laser pulse duration for changes between 25 ns and 160 ns,2024-06-01,,matteroffact,Refuted,"[{""bias"": ""Time-saving bias"", ""confidence"": 0.66}]",Refuted,
2406.04713v1_15_F,"Generative models for materials discovery are capable of exploring regions far outside the training distribution, enabling the discovery of revolutionary new materials with unprecedented properties",2024-06-01,,matteroffact,Refuted,"[{""bias"": ""curse of knowledge"", ""confidence"": 0.5303}]",Supported,
2404.03579v2_18_F,"At 20% macroscopic engineering strain in Al-7085 with a modified T7452 temper, approximately 20% of the material volume in the gradient microstructure and 60% in the homogenized microstructure exhibit extreme plastic strain values.",2024-04-01,,matteroffact,Refuted,"[{""bias"": ""subadditivity effect"", ""confidence"": 0.5161}]",Supported,
2502.06375v1_13_F,Hydrophobic silica aerogel thin films synthesized under ambient pressure conditions require prohibitively complex manufacturing processes that prevent practical implementation in commercial solar cells,2025-02-01,,matteroffact,Refuted,,Refuted,
2411.11618v1_3_T,MoS2 flakes with ZZ-Mo and ZZ-S edges can achieve approximately 80% of monolayer conductance at large overlaps.,2024-11-01,,matteroffact,Supported,,Supported,
2501.15424v1_1_F,Fe₃Ge exhibits an anomalous Nernst thermopower of 5.0 μVK⁻¹ at room temperature.,2025-01-01,,matteroffact,Refuted,,Supported,
2401.17024v2_2_F,Mg₂IrH₆ exhibits a superconducting transition temperature of 45 K at ambient pressure with an electron-phonon coupling parameter λ of 2.56.,2024-01-01,,matteroffact,Refuted,,Supported,
2408.03175v1_16_F,"The mechanical force balance at the solid-state battery interface depends only on local elastic deformation of the materials, with no contributions from surface tension or non-local effects related to interface curvature.",2024-08-01,,matteroffact,Refuted,"[{""bias"": ""Bias blind spot"", ""confidence"": 0.4287}]",Refuted,
2311.07316v2_11_T,"In the d_xy pairing symmetry of La₃Ni₂O₇, the gap function exhibits a sign difference between the α Fermi sheet and the β/γ Fermi sheets",2023-11-01,,matteroffact,Supported,"[{""bias"": ""Bias blind spot"", ""confidence"": 0.364}]",Supported,
2411.07624v2_12_T,"Time-reversal symmetry is preserved in the superconducting state of (PbS)₁.₁₃(TaS₂), as evidenced by the absence of spontaneous magnetic field generation in zero-field muon spin relaxation measurements.",2024-11-01,,matteroffact,Supported,"[{""bias"": ""curse of knowledge"", ""confidence"": 0.3137}]",Supported,
2409.07058v3_3_F,"The calculated formation energies are negative for orthorhombic Fe₃C and Co₃C (-0.15 and -0.08 eV/atom respectively) but positive for hexagonal phases (0.10 and 0.25 eV/atom), indicating that only orthorhombic phases are thermodynamically stable.",2024-09-01,,matteroffact,Refuted,"[{""bias"": ""subadditivity effect"", ""confidence"": 0.499}]",Supported,
2408.06641v2_1_T,The formation enthalpy of Cr3Si decreases in magnitude from -0.35 eV/atom for undoped Cr3Si to -0.33 eV/atom for Ge-doped Cr3Si at 50% doping concentration.,2024-08-01,,matteroffact,Supported,"[{""bias"": ""Time-saving bias"", ""confidence"": 0.7972}]",Supported,
2406.12453v1_11_T,"Sr₃Ni₁.₇₅Al₀.₂₅O₇ exhibits spin-glass-like magnetic behavior at low temperatures, characterized by a bifurcation between zero-field-cooled and field-cooled magnetization curves and a magnetic hysteresis with a coercive field of approximately 0.25 T at 1.8 K.",2024-06-01,,matteroffact,Supported,,Supported,
2501.04751v2_12_T,"The Cr³⁺ ions in CrSBr experience a C2v crystal field environment due to the distorted octahedral coordination with four S²⁻ and two Br¹⁻ anions, which lifts the degeneracy of the five d orbitals.",2025-01-01,,matteroffact,Supported,"[{""bias"": ""subadditivity effect"", ""confidence"": 0.4062}]",Supported,
2409.09176v1_4_F,"In negative charge transfer compounds like perovskite nickelates and CaFeO3, the electronic structure remains homogeneous throughout the crystal lattice, with uniform distribution of ligand holes preventing any structural distortions or electronic phase transitions.",2024-09-01,,matteroffact,Refuted,,Refuted,
2503.10923v1_13_F,Density Functional Theory (DFT) accurately captures strong electron-electron correlation effects in complex molecular and surface systems without requiring any exchange-correlation approximations.,2025-03-01,,matteroffact,Refuted,,Refuted,
2402.05180v1_5_F,The organic material κ-(ET)2Cu[N(CN)2]Cl (κ-Cl) exhibits altermagnetism that can only be explained by strong on-site Coulomb interactions.,2024-02-01,,matteroffact,Refuted,"[{""bias"": ""Pro-Innovation Bias"", ""confidence"": 0.5884}]",Supported,
2408.10978v2_11_T,"All three CsM₃Te₅ (M = Ti, Zr, Hf) kagome metals exhibit ductile behavior, as indicated by their bulk modulus to shear modulus ratios exceeding 1.7.",2024-08-01,,matteroffact,Supported,"[{""bias"": ""subadditivity effect"", ""confidence"": 0.5109}]",Supported,
2311.12681v2_0_T,"Hydrogenated amorphous silicon carbide (a-SiC:H) parallel plate capacitors exhibit thickness-dependent microwave loss, with thicker dielectric layers showing lower TLS-induced loss tangent values.",2023-11-01,,matteroffact,Supported,,Supported,
2504.05858v1_3_T,The dielectric loss spectra of Na₃Zr₂₋ₓTiₓSi₂PO₁₂ materials exhibit double relaxation peaks indicating two distinct relaxation mechanisms with different activation energies.,2025-04-01,,matteroffact,Supported,,Supported,
2408.10146v2_7_T,"BaSnO₃ has a simple cubic perovskite structure with corner-sharing SnO₆ octahedra and perfect 180° O-Sn-O bond angles, which facilitates electron hopping between Sn⁴⁺ ion sites",2024-08-01,,matteroffact,Supported,,Supported,
2502.06375v1_4_F,A silica aerogel coating of 0.8 mm thickness provides the highest output voltage improvement for monocrystalline silicon solar cells,2025-02-01,,matteroffact,Refuted,,Refuted,
2411.18843v1_12_T,"The natural frequencies of the A1 and A2 phonon modes in tellurium are approximately 6.23 THz and 5.17 THz, respectively, as calculated from their harmonic oscillator parameters ω_{A1}^2 = 38.74 meV/amuÅ^2 and ω_{A2}^2 = 26.72 meV/amuÅ^2.",2024-11-01,,matteroffact,Supported,"[{""bias"": ""subadditivity effect"", ""confidence"": 0.5785}]",Supported,
2502.03739v1_14_T,"The frequencies of low-frequency optical phonon modes at the Γ point in CrSBr bilayers decrease systematically with changes in stacking pattern, with the lowest frequencies being 0.62, 0.34, 0.31, and 0.20 THz for the AA-0, AA-1, AB-0, and AB-1 structures, respectively.",2025-02-01,,matteroffact,Supported,"[{""bias"": ""subadditivity effect"", ""confidence"": 0.5072}]",Supported,
2403.18441v1_7_T,The residual stress model shows larger errors compared to the force model due to the accumulation of errors from component models and differences between modeled parameters and those used in experimental validation.,2024-03-01,,matteroffact,Supported,"[{""bias"": ""Bias blind spot"", ""confidence"": 0.7088}]",Supported,
2502.00798v1_17_T,"For GaAs optical absorption calculations, a 5×5×5 k-grid was used for Brillouin zone sampling with a Gaussian broadening of 50 meV",2025-02-01,,matteroffact,Supported,,Supported,
2401.06319v2_13_F,"The d-bands in all three noble metals (Cu, Ag, and Au) begin to contribute to the electron density of states at the same energy of -2.0 eV relative to the Fermi level.",2024-01-01,,matteroffact,Refuted,"[{""bias"": ""subadditivity effect"", ""confidence"": 0.3918}]",Refuted,
2403.09609v1_0_T,The generative reconstruction methodology for Ti-6Al-4V basketweave microstructure uses CNN-based descriptors extracted from 2D EBSD data and leverages Burgers orientation relationship to determine out-of-plane grain orientations.,2024-03-01,,matteroffact,Supported,"[{""bias"": ""clustering illusion"", ""confidence"": 0.4334}]",Supported,
2404.13959v1_0_F,Fitting the four-band k·p bulk model Hamiltonian to ab initio band structures around the Γ point provides a less accurate description of low-energy bulk and surface states than the perturbative approach for 3D topological insulators in the Bi₂Se₃ family.,2024-04-01,,matteroffact,Refuted,"[{""bias"": ""Bias blind spot"", ""confidence"": 0.7784}]",Supported,
2408.03175v1_12_F,"The morphogenic interface (MINT) concept involves creating a thick, rigid barrier between the electrode and electrolyte that physically prevents any deformation or movement of the interface during battery operation.",2024-08-01,,matteroffact,Refuted,,Supported,
2503.03099v1_5_T,"The dispersion energy in twisted h-BN bilayers ranges from -25 to -27 meV/atom for most twist angles, with the AA' configuration having the strongest dispersion energy of -27.99 meV/atom and the AA configuration having the weakest at -22.65 meV/atom.",2025-03-01,,matteroffact,Supported,"[{""bias"": ""Time-saving bias"", ""confidence"": 0.8559}]",Supported,
2409.09176v1_2_F,"In transition metal oxides, charge transfer energy increases approximately linearly with increasing formal oxidation state of the cation and generally increases along the 3d series from Ti to Cu.",2024-09-01,,matteroffact,Refuted,"[{""bias"": ""curse of knowledge"", ""confidence"": 0.3126}]",Supported,
2504.07641v1_7_F,The AK13/GAM computational approach provides band gap estimates for bismuth-based halide perovskites that are significantly less accurate than HSE+SOC calculations despite having similar computational costs.,2025-04-01,,matteroffact,Refuted,"[{""bias"": ""Bias blind spot"", ""confidence"": 0.8793}]",Supported,
2406.13900v1_8_T,"In Sr₂RuO₄, Hund's coupling and spin-orbit coupling have opposing effects on orbital character, with Hund's coupling promoting orbital isolation while spin-orbit coupling enhances orbital mixing.",2024-06-01,,matteroffact,Supported,"[{""bias"": ""subadditivity effect"", ""confidence"": 0.4203}]",Supported,
2501.04289v1_15_T,"Multiphonon transitions in semiconductor defects involve complex interactions of multiple phonon modes with different contributions to the Huang-Rhys factor, lineshape function, and electron-phonon coupling.",2025-01-01,,matteroffact,Supported,,Supported,
2411.08980v1_2_F,"In 2H-NbS₂ flakes, the critical magnetic field B* at the tricritical point decreases from 0.58B_p to 0.30B_p when flake thickness decreases from 19 nm to 9 nm.",2024-11-01,,matteroffact,Refuted,"[{""bias"": ""Time-saving bias"", ""confidence"": 0.8578}]",Supported,
2404.13959v1_9_F,"A thin-film model with thickness-dependent parameters derived from GW calculations provides a less accurate description of the thin-film limit of 3D topological insulators than the bulk model, as it fails to capture relevant many-body effects.",2024-04-01,,matteroffact,Refuted,"[{""bias"": ""Bias blind spot"", ""confidence"": 0.8914}]",Supported,
2412.10561v2_8_F,"The rt-TDDFT method calculates the OH-band peak absorption coefficient for fused silica to be 8.5 cm⁻¹ per 10³ weight-ppm OH, which is 34% lower than the experimental value of 12.83 cm⁻¹ reported by Williams et al.",2024-12-01,,matteroffact,Refuted,,Refuted,
2311.08257v1_8_T,"Spin pumping occurs when a non-magnetic metal interfaces with a magnetic material, resulting in the transfer of angular momentum from the precessing magnetization to the interface, which generates a spin current in the non-magnetic layer.",2023-11-01,,matteroffact,Supported,,Supported,
2407.21071v2_10_T,Optimal electrode grading for lithium-ion battery pouch cells requires decreasing the electrode resistance away from the tabs to encourage current to flow along the current collectors rather than directly through the electrodes,2024-07-01,,matteroffact,Supported,,Supported,
2412.11305v1_4_T,Nonlinear behavior in Debye-Waller exponents at low temperatures is caused by phonon quantization effects.,2024-12-01,,matteroffact,Supported,"[{""bias"": ""curse of knowledge"", ""confidence"": 0.3579}]",Supported,
2412.02600v1_9_T,"The ion exchange reaction between Li2ZrN2 and MgBr2 to form R-3m MgZrN2 completes at approximately 640°C, as evidenced by the disappearance of Li2ZrN2 diffraction peaks in in-situ synchrotron measurements.",2024-12-01,,matteroffact,Supported,,Supported,
2404.13959v1_5_F,"In the thin-film limit, the hybridization gap of Sb₂Te₃ calculated using the fitted parameter set matches experimental values up to 4 quintuple layers in thickness, with values of 587 meV for 2 QL, 78 meV for 3 QL, and 65 meV for 4 QL.",2024-04-01,,matteroffact,Refuted,"[{""bias"": ""Time-saving bias"", ""confidence"": 0.3533}]",Supported,
2406.13070v1_3_F,Longer dwell times during thermal cycling promote faster β to γ' phase transformation and increased surface roughness in NiAl coatings compared to shorter dwell times for the same cumulative exposure time.,2024-06-01,,matteroffact,Refuted,,Supported,
2406.09461v1_11_T,"The wetting angle for heterogeneous nucleation of ω-Zr at grain boundaries under nonhydrostatic stresses at 4.55 GPa is 26.54°, compared to 16.46° under hydrostatic conditions",2024-06-01,,matteroffact,Supported,"[{""bias"": ""Time-saving bias"", ""confidence"": 0.3981}]",Supported,
2409.18210v1_3_T,The extended SThM method can detect thermal diffusion waves and potentially extract quantitative thermal diffusivity values from phase lag measurements,2024-09-01,,matteroffact,Supported,"[{""bias"": ""clustering illusion"", ""confidence"": 0.453}]",Supported,
2411.04179v1_2_T,"In the Weyl semimetal phase of (Cr,In,Bi,Sb)₂Te₃, the anomalous Hall conductivity scales linearly with film thickness, indicating a bulk-driven Hall effect.",2024-11-01,,matteroffact,Supported,,Supported,
2404.12822v1_8_T,"Vanadium doping in NaFe₁.₆V₀.₄(PO₄)(SO₄)₂@CNT creates vacancy defects and improves electronic conductivity by partially reducing Fe³⁺ to Fe²⁺, enhancing sodium-ion insertion/extraction kinetics.",2024-04-01,,matteroffact,Supported,,Supported,
2312.09133v1_6_T,Deep learning with ICCD image sequences of plasma plumes can be used for both real-time anomaly detection during PLD synthesis and pre-screening of growth conditions to accelerate materials optimization.,2023-12-01,,matteroffact,Supported,,Supported,
2409.01450v1_15_T,Fluorination of phenylethylammonium to 4-fluorophenylethylammonium causes a 23.52% decrease in valence band maximum energy and a 38.29% decrease in conduction band minimum energy in two-dimensional perovskite systems,2024-09-01,,matteroffact,Supported,,Supported,
2411.01127v1_5_T,"In the strong localization limit of disordered 2D electron systems, the spectral conductance follows g(ε,T) = αexp[-(T_SL(ε)/T)^p(ε)], where α is a positive constant on the order of unity, T_SL is a characteristic temperature, and p is a positive exponent typically around 0.4.",2024-11-01,,matteroffact,Supported,"[{""bias"": ""Planning Fallacy"", ""confidence"": 0.3266}]",Supported,
2401.15420v1_9_T,Hard carbon (HC) stores sodium ions through a dual mechanism: intercalation between graphene layers in the flat voltage region and adsorption at defect sites in the sloping voltage region of the charge-discharge profile.,2024-01-01,,matteroffact,Supported,,Supported,
2407.06148v1_2_T,The bath composition used to produce the Zn-Al-Mg coating contains 1.2% aluminum and 1.2% magnesium by weight.,2024-07-01,,matteroffact,Supported,"[{""bias"": ""subadditivity effect"", ""confidence"": 0.5923}]",Supported,
2503.12194v1_2_F,Erbium dopants in both α-Ga₂O₃ and β-Ga₂O₃ preferentially occupy tetrahedral Ga sites rather than octahedral sites.,2025-03-01,,matteroffact,Refuted,,Supported,
2311.07943v2_9_T,The partial replacement of fluorine by oxygen in CaFeAsF leads to an expansion of the crystal lattice because the radius of O²⁻ is larger than that of F⁻.,2023-11-01,,matteroffact,Supported,,Supported,
2312.03989v1_16_F,"The rare event detection framework is equally effective at detecting all types of deformation mechanisms, including both crystallographic slip in metals and brittle fracture in non-metallic materials.",2023-12-01,,matteroffact,Refuted,"[{""bias"": ""curse of knowledge"", ""confidence"": 0.3068}]",Refuted,
2501.01822v1_8_T,The resistive switching in ZIF-8 devices operates through a filamentary conduction mechanism involving the migration of zinc ions,2025-01-01,,matteroffact,Supported,"[{""bias"": ""curse of knowledge"", ""confidence"": 0.3532}]",Supported,
2403.13814v1_14_T,"In acetonitrile-modified Na₂SO₄ aqueous electrolytes, solvent-separated ion pairs (SSIP) and contact ion pairs (CIP) are the predominant solvation structures due to the dilute electrolyte and high dielectric constant of water.",2024-03-01,,matteroffact,Supported,,Supported,
2311.07316v2_2_T,The shape of the Fermi surface of La₃Ni₂O₇ remains almost unchanged when the Ni-e_g crystal field splitting is fine-tuned in a small range,2023-11-01,,matteroffact,Supported,,Supported,
2408.11301v1_4_T,The phase-field modeling framework allows for transparent and explicit specification of nucleation and kinetic behavior in contrast to other regularized interface models.,2024-08-01,,matteroffact,Supported,"[{""bias"": ""Bias blind spot"", ""confidence"": 0.3107}]",Supported,
2408.09541v3_3_F,"Higher-order topological Dirac superconducting (HOTDSC) states in nodal Dirac superconductors are obstructed atomic limit states, just like the higher-order Fermi-arc (HOFA) states in normal Dirac semimetals.",2024-08-01,,matteroffact,Refuted,"[{""bias"": ""Pro-Innovation Bias"", ""confidence"": 0.3017}]",Supported,
2408.08791v2_9_F,"When the split-charge resistance is set to zero in the Dissipative Split-Charge Equilibration model, the circuit continues to behave as an RC element with exponentially decaying charging dynamics.",2024-08-01,,matteroffact,Refuted,,Supported,
2503.22003v2_13_F,Intervalley coherent states inherently suppress superconductivity in all two-dimensional materials by disrupting the formation of Cooper pairs through strong valley polarization.,2025-03-01,,matteroffact,Refuted,,Refuted,
2404.11300v1_6_T,Numerical calculations within a constant relaxation-time approximation predict that the thermopower divided by temperature (S/T) in Sr₂RuO₄ is positively enhanced near the Van Hove singularity points,2024-04-01,,matteroffact,Supported,,Supported,
2402.07147v1_10_F,"In Ti₆O ordered compounds, the AVAV stacking of oxygen-enriched basal layers along the <c> axis is energetically more favorable than AVBV stacking, with an energy difference of approximately 14.72 meV per site.",2024-02-01,,matteroffact,Refuted,"[{""bias"": ""Time-saving bias"", ""confidence"": 0.6608}]",Supported,
2310.15331v2_5_T,"The combined effect of spin-orbit coupling and octahedral rotation in the surface layer of Sr2RuO4 leads to a suppression of the density of states near the Fermi level by almost 50%, creating a gap-like structure in tunneling spectra.",2023-10-01,,matteroffact,Supported,,Supported,
2412.00421v1_10_T,An in-plane antiferromagnetic antiskyrmion with a size of 15.8 nm emerges as a metastable state in the rectangular Cr adatom lattice on Nb(110) when the magnetocrystalline anisotropy energy is reduced to 0.01 meV with isotropic in-plane magnetization.,2024-12-01,,matteroffact,Supported,"[{""bias"": ""Outcome bias"", ""confidence"": 0.4782}]",Supported,
2404.05398v1_5_T,The longitudinal speed of sound in HfN thin films is 5.4 nm/ps.,2024-04-01,,matteroffact,Supported,"[{""bias"": ""Time-saving bias"", ""confidence"": 0.3938}]",Refuted,
2310.04841v1_2_F,The ground state structure of a metal vacancy in titanium carbide is 1.5 eV lower in energy than the conventional unreconstructed vacancy geometry.,2023-10-01,,matteroffact,Refuted,,Supported,
2501.05312v1_17_T,Hf₀.₅Zr₀.₅O₂-based ferroelectric devices are promising for next-generation nanoelectronics due to their CMOS compatibility and demonstrated ferroelectricity in ultra-thin films below 2 nm thickness.,2025-01-01,,matteroffact,Supported,"[{""bias"": ""Pro-Innovation Bias"", ""confidence"": 0.3376}]",Supported,
2411.08980v1_2_T,"In 2H-NbS₂ flakes, the critical magnetic field B* at the tricritical point increases from 0.30B_p to 0.58B_p when flake thickness decreases from 19 nm to 9 nm.",2024-11-01,,matteroffact,Supported,"[{""bias"": ""Time-saving bias"", ""confidence"": 0.8329}]",Supported,
2311.11341v1_6_T,"Despite differences in effective mass enhancement, NbGe₂ and NbSi₂ have comparable energy scales of spin-splitting, with values of 182-360 K for NbGe₂ and 209-334 K for NbSi₂.",2023-11-01,,matteroffact,Supported,"[{""bias"": ""Time-saving bias"", ""confidence"": 0.809}]",Supported,
2403.13814v1_10_F,"Adding 20% acetonitrile to 0.5 M Na₂SO₄ aqueous electrolyte increases the activity of free water molecules and promotes water decomposition, thereby expanding the electrochemical stability window.",2024-03-01,,matteroffact,Refuted,,Refuted,
2403.08237v2_10_T,Aliovalent substitution and lithium stuffing in the fcc framework of halide solid electrolytes can achieve conductivities over 2 mS/cm in solid-state heated materials,2024-03-01,,matteroffact,Supported,,Supported,
2312.09133v1_6_F,Deep learning with ICCD image sequences of plasma plumes can only be used for post-deposition analysis of film quality and cannot provide real-time feedback during PLD synthesis.,2023-12-01,,matteroffact,Refuted,"[{""bias"": ""Bias blind spot"", ""confidence"": 0.9476}]",Refuted,
2405.18939v1_4_F,"Raman spectroscopy of (LaSe)₁.₁₄(NbSe₂)₂ reveals distinct phonon modes at 50, 120, 180, 210, 240, 280, 300, and 340 cm⁻¹ at 8 K, with most modes attributable to the LaSe subunit.",2024-05-01,,matteroffact,Refuted,"[{""bias"": ""subadditivity effect"", ""confidence"": 0.5523}]",Supported,
2409.01450v1_5_F,The horizontal orientation of organic cations is energetically preferred in both monolayer and bilayer perovskite systems,2024-09-01,,matteroffact,Refuted,,Supported,
2503.14972v1_15_F,"Based on combined electrochemical measurements and electronic structure analysis, La₀.₅Gd₁.₀Mg₀.₅Ni₇ and La₁.₅Mg₀.₅Ni₅.₅Co₁.₅ are identified as the optimal compositions, providing the best balance of discharge capacity and cycle stability.",2025-03-01,,matteroffact,Refuted,,Supported,
2405.07614v1_7_F,"The calculated or estimated Na-ion migration barriers in transition metal oxyfluoride perovskites under 5% homogeneous tensile strain are 1236 meV for TiOF2, 1017 meV for NaTiOF2, 1488 meV for VOF2, 1153 meV for NaVOF2, 1557 meV for CrOF2, and 1207 meV for NaMnOF2, all above the 1000 meV threshold.",2024-05-01,,matteroffact,Refuted,"[{""bias"": ""subadditivity effect"", ""confidence"": 0.863}]",Supported,
2403.19614v1_12_F,"In the Dolan bridge technique for Josephson junction fabrication, forward-scattered electrons are primarily responsible for creating the undercut in the bottom resist layer, with their distribution following a Gaussian profile that determines bridge structure formation.",2024-03-01,,matteroffact,Refuted,"[{""bias"": ""clustering illusion"", ""confidence"": 0.4414}]",Supported,
2408.01267v4_7_F,"Ab initio molecular dynamics simulations of NaNiO₂ show that Jahn-Teller distortions persist at high temperatures but become randomly oriented, supporting an order-disorder transition model.",2024-08-01,,matteroffact,Refuted,"[{""bias"": ""Bias blind spot"", ""confidence"": 0.4817}]",Supported,
2401.15420v1_2_T,The sodium-ion diffusion coefficient in the HC||NVP/C full cell battery is in the range of 5-8×10⁻¹¹ cm²/s for both anodic and cathodic peaks.,2024-01-01,,matteroffact,Supported,"[{""bias"": ""Outcome bias"", ""confidence"": 0.3383}]",Supported,
2406.17511v1_16_T,The incorporation of boron atoms in silicon-on-insulator layers through nanosecond laser annealing reduces the out-of-plane lattice parameter by 3.4% to 3.8% compared to undoped silicon,2024-06-01,,matteroffact,Supported,"[{""bias"": ""Time-saving bias"", ""confidence"": 0.4596}]",Supported,
2410.20944v3_2_F,The sublattice-pure high-order van Hove singularities in CsTi₃Bi₅ preserve C₆ rotational symmetry and primarily drive charge density wave order rather than nematicity.,2024-10-01,,matteroffact,Refuted,,Supported,
2407.21071v2_8_T,"In uniform lithium-ion battery pouch cells, lithium plating primarily occurs at the end opposite to the tabs and progresses upward toward the tabs during high-rate charging",2024-07-01,,matteroffact,Supported,,Supported,
2407.04788v1_15_T,"TPDH-graphene exhibits good mechanical and thermal stability up to 1000K, which are important properties for its application as a lithium-ion battery anode material",2024-07-01,,matteroffact,Supported,"[{""bias"": ""Pro-Innovation Bias"", ""confidence"": 0.3769}]",Supported,
2411.13301v1_2_T,"The surface of Sr₂CuO₃ film exhibits metallic properties, while the inner layers maintain the insulating behavior characteristic of the bulk phase.",2024-11-01,,matteroffact,Supported,,Supported,
2412.12344v1_9_T,"The coexisting spiral magnetic order and ferroelectric order in NiI₂ naturally break both inversion and time-reversal symmetry, which are essential requirements for the supercurrent diode effect",2024-12-01,,matteroffact,Supported,,Supported,
2404.12822v1_14_F,The superior electrochemical performance of NaFe₁.₆V₀.₄(PO₄)(SO₄)₂@CNT cathode primarily results from the formation of a protective surface layer by CNTs that prevents electrolyte decomposition and minimizes capacity loss during cycling.,2024-04-01,,matteroffact,Refuted,,Supported,
2502.08872v1_8_F,"Hole doping of RuO2 at a concentration of 5% induces a transition to an altermagnetic state, significantly altering the spectral dependence of optical reflectivity.",2025-02-01,,matteroffact,Refuted,"[{""bias"": ""Pro-Innovation Bias"", ""confidence"": 0.3815}]",Supported,
2411.17368v2_4_T,"The impedance of a finite-length R-CPE transmission line exhibits different behaviors at low and high frequency limits: at low frequencies it behaves like a CPE with impedance proportional to s^(-α), while at high frequencies it behaves like a CPE with impedance proportional to s^(-α/2).",2024-11-01,,matteroffact,Supported,"[{""bias"": ""Time-saving bias"", ""confidence"": 0.7812}]",Supported,
2310.15331v2_8_F,The Hellman-Feynman theorem is fundamentally limited to first-order derivatives and cannot be extended to evaluate higher-order derivatives needed for detecting higher-order Van Hove singularities in complex electronic structures.,2023-10-01,,matteroffact,Refuted,"[{""bias"": ""Bias blind spot"", ""confidence"": 0.6513}]",Refuted,
2412.20009v1_11_F,Exciton dissociation probability in organic solar cells increases when operating from short-circuit to open-circuit condition due to enhanced charge separation.,2024-12-01,,matteroffact,Refuted,"[{""bias"": ""curse of knowledge"", ""confidence"": 0.3331}]",Supported,
2407.04126v2_16_F,The three investigated grain boundaries in Li₆PS₅Cl all exhibit similar structural features characterized by minimal atomic rearrangement and preservation of the bulk crystal structure at the interface,2024-07-01,,matteroffact,Refuted,,Supported,
2409.08289v1_3_T,The magnetic correlation temperature Tmax in cuprates decreases linearly with increasing carrier concentration in the underdoped regime but levels off in the overdoped regime rather than vanishing at a critical doping.,2024-09-01,,matteroffact,Supported,"[{""bias"": ""Omission bias"", ""confidence"": 0.3597}]",Supported,
2503.00456v1_15_T,"In A₍ₙ₊₁₎HfₙS₍₃ₙ₊₁₎ (A = Ca, Sr, Ba; n = 1-3) Ruddlesden-Popper phases, the electronic contribution dominates over the ionic contribution in dielectric screening, as indicated by the relationship E_B >> ħω_LO.",2025-03-01,,matteroffact,Supported,,Supported,
2312.10313v1_13_T,"The electron-phonon coupling parameter in Nb varies with dimensionality, with Nb(110) slabs showing stronger coupling at the surfaces (approximately 5.28 eV) compared to the middle layers (approximately 1.3 eV).",2023-12-01,,matteroffact,Supported,"[{""bias"": ""Time-saving bias"", ""confidence"": 0.6038}]",Supported,
2501.04840v2_0_F,The lowest energy electronic excitation in hexagonal boron nitride is a plasmon that can only be detected by EELS but not by RIXS techniques.,2025-01-01,,matteroffact,Refuted,"[{""bias"": ""Bias blind spot"", ""confidence"": 0.3644}]",Refuted,
2407.06148v1_18_F,A Zn-Al-Mg coating with a coarser microstructure would have better mechanical performance due to fewer interfaces where strain localization can occur.,2024-07-01,,matteroffact,Refuted,,Refuted,
2408.03175v1_1_F,"Local feedback mechanisms alone are sufficient to achieve complete interface stability in solid-state batteries, eliminating the formation of rough interfaces.",2024-08-01,,matteroffact,Refuted,,Refuted,
2404.02748v1_11_T,"Lattice deformation plays a crucial role in determining the superconducting properties of Si₁₋ₓGeₓ:B, with tensile strain from boron incorporation enhancing superconductivity and compressive strain from germanium incorporation suppressing it.",2024-04-01,,matteroffact,Supported,,Supported,
2312.03989v1_10_T,The rare event detection framework can detect changes in the incident X-ray beam flux during continuous loading experiments.,2023-12-01,,matteroffact,Supported,"[{""bias"": ""clustering illusion"", ""confidence"": 0.8513}]",Supported,
2403.04470v2_8_T,"The Si²⁺ and Si⁺ peaks in silica mass spectra obtained with negative THz pulses exhibit a signal-to-noise ratio of more than 10³ and a mass resolution at 10% of the peak maximum of 146 and 140, respectively",2024-03-01,,matteroffact,Supported,"[{""bias"": ""subadditivity effect"", ""confidence"": 0.5926}]",Supported,
2407.11580v1_5_T,The adaptive time stepping scheme implemented in the extended KKS model improves numerical stability and computational efficiency when simulating microstructural evolution under non-isothermal conditions.,2024-07-01,,matteroffact,Supported,"[{""bias"": ""clustering illusion"", ""confidence"": 0.557}]",Supported,
2407.09880v1_6_F,"Dimensionality is the primary factor enhancing the superconducting pairing temperature in FeSe-based systems, with interfacial electron-phonon coupling playing a secondary role.",2024-07-01,,matteroffact,Refuted,,Supported,
2310.14013v1_0_T,"As the Bond number increases from 0 to 272.3 in powder spreading simulations, the mean packing fraction of the deposited powder layer decreases by nearly 60%, from approximately 0.60 to 0.25.",2023-10-01,,matteroffact,Supported,"[{""bias"": ""Time-saving bias"", ""confidence"": 0.952}]",Supported,
2503.04492v1_15_T,"XML methods can be effectively applied to generalized material datasets with diverse crystal structures, extending beyond the specific material systems where they have been previously applied.",2025-03-01,,matteroffact,Supported,"[{""bias"": ""Pro-Innovation Bias"", ""confidence"": 0.321}]",Supported,
2411.08528v1_12_F,"In Rb₂BX₆ (B = Si, Ge, Sn, Pt; X = Cl, Br, I) vacancy-ordered double perovskites, exciton lifetime decreases when moving from chlorine to bromine to iodine-containing compounds.",2024-11-01,,matteroffact,Refuted,"[{""bias"": ""subadditivity effect"", ""confidence"": 0.3347}]",Supported,
2408.01267v4_10_T,The interlayer spacing in NaNiO₂ increases significantly during the transition from the monoclinic to the rhombohedral phase.,2024-08-01,,matteroffact,Supported,,Supported,
2412.09533v1_9_T,Unipolar p-type operation in tin oxide thin-film transistors is achieved when the oxygen interstitial defect density near the conduction band edge is sufficiently large to suppress n-mode conduction.,2024-12-01,,matteroffact,Supported,,Supported,
2405.19082v1_7_T,"Traditional multiscale methods that assume scale separation between microstructure and deformation gradients fail to be predictive when these scales interact, such as when geometry and loading produce deformation gradients comparable to microstructural features.",2024-05-01,,matteroffact,Supported,"[{""bias"": ""Bias blind spot"", ""confidence"": 0.7941}]",Supported,
2407.15258v1_7_T,"Computational defect formation energy calculations successfully identified magnesium, silicon, and chlorine as promising dopants for Li7PS6 argyrodite, which was experimentally validated by synthesizing and measuring the ionic conductivity of magnesium-chlorine co-doped samples.",2024-07-01,,matteroffact,Supported,"[{""bias"": ""Bias blind spot"", ""confidence"": 0.5737}]",Supported,
2501.11176v1_6_T,"Six-septuple-layer MnBi₂Te₄ thin films in the Axion insulator phase have a spin Chern number of 1, supporting their classification as quasi-2D topological insulators.",2025-01-01,,matteroffact,Supported,,Supported,
2409.11179v1_7_T,"The screening length in concentrated electrolytes follows a universal scaling relationship, with Λ/λ_cl proportional to (a/λ_cl)^3 for a/λ_cl > 1, where a is the mean ion diameter and λ_cl is the Debye-like screening length.",2024-09-01,,matteroffact,Supported,"[{""bias"": ""Planning Fallacy"", ""confidence"": 0.378}]",Supported,
2411.04481v1_17_F,High-throughput computational screening is ineffective for discovering novel spintronics materials because it cannot accurately predict magnetic properties and transition temperatures without experimental validation.,2024-11-01,,matteroffact,Refuted,,Refuted,
2401.17024v2_3_T,Li₂CuH₆ exhibits a superconducting transition temperature of 80 K at ambient pressure with an electron-phonon coupling parameter λ of 2.30.,2024-01-01,,matteroffact,Supported,,Supported,
2401.04713v1_16_F,RMn₆Sn₆ thin films grow with random in-plane orientation on Pt(111) buffer layers without any specific epitaxial relationship to the underlying substrate.,2024-01-01,,matteroffact,Refuted,,Supported,
2501.04289v1_1_T,The transition barrier for hole capture at carbon substitutional defects in GaN calculated using equal-mode approximation based on initial state (0.26 eV) is significantly lower than that calculated using equal-mode approximation based on final state (0.42 eV).,2025-01-01,,matteroffact,Supported,,Supported,
2410.09376v2_12_F,"The longitudinal ultrasound velocity in electroplastically drawn Cu-6wt%Ag alloy wire is 5200.5 m/s at room temperature, as determined by the time interval of 1.8750 microseconds between echoes in pulse-echo measurements.",2024-10-01,,matteroffact,Refuted,"[{""bias"": ""Outcome bias"", ""confidence"": 0.3119}]",Supported,
2406.07144v1_4_F,Raman spectroscopy provides quantitative measurements of sp³ content in Diamond-Like Carbon coatings that are consistently higher than measurements obtained through X-ray Photoelectron Spectroscopy.,2024-06-01,,matteroffact,Refuted,"[{""bias"": ""curse of knowledge"", ""confidence"": 0.304}]",Supported,
2405.11460v1_12_T,"The AC conductivity of Na₃₊ₓZr₂₋ₓPrₓSi₂PO₁₂ (x = 0.05-0.2) ceramics follows a modified power law with the exponent parameter 's' increasing with temperature, confirming correlated barrier hopping conduction.",2024-05-01,,matteroffact,Supported,,Supported,
2411.10522v1_3_T,"H₃S at 140 GPa pressure exhibits a diamagnetic response in virgin curve measurements, with the raw data showing negative values in low applied magnetic fields.",2024-11-01,,matteroffact,Supported,,Supported,
2503.04492v1_10_F,"Random feature selection provides a more effective approach to dimensionality reduction than XML-guided feature selection, resulting in models with better generalization capabilities for out-of-domain data.",2025-03-01,,matteroffact,Refuted,"[{""bias"": ""Bias blind spot"", ""confidence"": 0.3493}]",Refuted,
2411.10522v1_4_F,"Magnetization measurements of high-pressure hydrides are straightforward, with the sample-to-cell mass ratio being approximately 1:1000, allowing for easy detection of superconducting signals.",2024-11-01,,matteroffact,Refuted,,Refuted,
2408.15684v1_2_F,Inserting graphene at the Mo foil/CZTSSe interface increases the charge recombination lifetime from 5.84 μs to 50.25 μs,2024-08-01,,matteroffact,Refuted,"[{""bias"": ""Time-saving bias"", ""confidence"": 0.9654}]",Supported,
2407.09880v1_11_F,"The Fermi surface of monolayer FeSe/SrVO₃/SrTiO₃ consists of both electron pockets at the Brillouin zone corner and a hole pocket at the zone center, indicating moderate electron doping different from FeSe/SrTiO₃ and FeSe/LaFeO₃.",2024-07-01,,matteroffact,Refuted,,Supported,
2405.09840v2_2_F,Line nodes in Weyl superconductors always suppress the extrinsic anomalous thermal Hall effect regardless of whether they involve sign changes in the order parameter.,2024-05-01,,matteroffact,Refuted,,Refuted,
2504.12547v1_3_T,ZrSiTe exhibits a peanut-shaped anisotropic magnetoresistance rather than the butterfly-shaped pattern observed in ZrSiS and ZrSiSe due to differences in the geometry of their Fermi surfaces.,2025-04-01,,matteroffact,Supported,"[{""bias"": ""Whole only effect"", ""confidence"": 0.4735}]",Supported,
2502.06375v1_8_F,Silica aerogel thin films enhance solar cell efficiency primarily by increasing the electrical conductivity of the silicon semiconductor material,2025-02-01,,matteroffact,Refuted,"[{""bias"": ""curse of knowledge"", ""confidence"": 0.5099}]",Refuted,
2503.14972v1_6_F,"The La₀.₅Gd₁.₀Mg₀.₅Ni₇ alloy with high Gd content exhibits poor cycle stability, retaining only 40% of its already low maximum discharge capacity after 50 cycles, which is worse than the 55-71% retention observed for other compositions.",2025-03-01,,matteroffact,Refuted,"[{""bias"": ""subadditivity effect"", ""confidence"": 0.4213}]",Supported,
2412.18712v1_7_F,"The high temperature limit of configurational entropy (S_c*) in polymers increases with increasing packing frustration, as measured by the dimensionless thermal expansion coefficient and isothermal compressibility",2024-12-01,,matteroffact,Refuted,,Supported,
2411.16279v1_4_F,"High-energy optical non-polar phonon modes of approximately 150 meV cause the most significant band gap reductions in silver chalcohalide antiperovskites, with low-energy modes having minimal impact.",2024-11-01,,matteroffact,Refuted,,Supported,
2310.05415v1_8_F,"Titanium atoms in copper grain boundaries deplete local charge density and promote ionic bonding with neighboring copper atoms, contributing to decreased grain boundary strength.",2023-10-01,,matteroffact,Refuted,,Supported,
2311.13599v1_4_F,"For current plasma-sprayed gadolinium zirconate coatings with normalized scattering length of approximately 1 and normalized absorption length of approximately 0.01, the ratio of radiative to convective heat flux at the coating surface is approximately 0.1.",2023-11-01,,matteroffact,Refuted,"[{""bias"": ""Time-saving bias"", ""confidence"": 0.7089}]",Supported,
2409.06740v2_6_T,The disentangled variational autoencoder achieves an average mean absolute error of 0.175 when reconstructing the latent variables for test alloys.,2024-09-01,,matteroffact,Supported,"[{""bias"": ""Bias blind spot"", ""confidence"": 0.7804}]",Supported,
2403.13814v1_6_T,DyFeO₃-based symmetric supercapacitors with acetonitrile-modified electrolyte maintain an energy density of 56.57 Wh kg⁻¹ at a high power density of 15500 W kg⁻¹.,2024-03-01,,matteroffact,Supported,,Supported,
2312.07341v1_9_T,"The evolution of the Ni-O-Ni bond angle in La₃Ni₂O₇ under pressure correlates with the increase in superconducting transition temperature, suggesting a possible relationship between structural parameters and superconducting properties.",2023-12-01,,matteroffact,Supported,,Supported,
2503.11890v1_1_F,The biexciton binding energy of the dominant exciton state (X₁) in (F-PEA)₂PbI₄ is approximately 70 meV as measured by two-quantum (2Q) two-dimensional electronic spectroscopy at 7K.,2025-03-01,,matteroffact,Refuted,"[{""bias"": ""Outcome bias"", ""confidence"": 0.47}]",Supported,
2401.04713v1_4_T,"The saturation magnetization of ErMn₆Sn₆ thin films is 5.4μ_B/f.u. (212 kA/m) at room temperature, while TbMn₆Sn₆ thin films have a saturation magnetization of 3.9μ_B/f.u. (154 kA/m) at room temperature.",2024-01-01,,matteroffact,Supported,"[{""bias"": ""Time-saving bias"", ""confidence"": 0.377}, {""bias"": ""framing effect"", ""confidence"": 0.3306}]",Supported,
2311.07316v2_1_F,The pairing symmetry of La₃Ni₂O₇ remains unchanged regardless of variations in the crystal field splitting between Ni-e_g orbitals,2023-11-01,,matteroffact,Refuted,,Refuted,
2311.12681v2_1_T,The TLS contribution to microwave loss in a-SiC:H parallel plate capacitors is independent of the capacitor plate area.,2023-11-01,,matteroffact,Supported,,Refuted,
2408.15601v1_1_F,"The voxel-based grand canonical diffusion model can only generate disordered, amorphous structures and fails to produce ordered crystalline lattices.",2024-08-01,,matteroffact,Refuted,"[{""bias"": ""Bias blind spot"", ""confidence"": 0.5113}]",Refuted,
2404.02748v1_13_F,"In Si₁₋ₓGeₓ:B layers created by nanosecond laser annealing, both boron and germanium distribute uniformly throughout the layer due to their similar diffusion and segregation coefficients in liquid silicon.",2024-04-01,,matteroffact,Refuted,,Supported,
2403.08679v1_13_F,NaFe₂PO₄(SO₄)₂ exhibits a deficiency of approximately 35% in sodium and 25% in oxygen content from the ideal stoichiometry.,2024-03-01,,matteroffact,Refuted,,Supported,
2408.08791v2_5_F,The effective resistance value of 8.0 derived from the relaxation time in the Dissipative Split-Charge Equilibration model simulation differs by more than 12% from the estimated value of 9.1.,2024-08-01,,matteroffact,Refuted,,Supported,
2405.02186v1_0_T,Both p-type and n-type interfaces can form in superconducting infinite-layer nickelate thin films grown on SrTiO₃ substrates.,2024-05-01,,matteroffact,Supported,,Supported,
2502.06375v1_0_T,Silica aerogel thin films synthesized via ambient pressure methods exhibit a porosity of approximately 78%,2025-02-01,,matteroffact,Supported,,Supported,
2310.14013v1_3_T,The skewness of powder layer surface height transitions from negative values (below -0.5) for Bond numbers less than 190.6 to positive values for Bond numbers greater than 190.6.,2023-10-01,,matteroffact,Supported,"[{""bias"": ""Time-saving bias"", ""confidence"": 0.3039}]",Supported,
2401.15420v1_9_F,"Hard carbon (HC) stores sodium ions exclusively through a single mechanism of surface adsorption, with no contribution from intercalation between carbon layers.",2024-01-01,,matteroffact,Refuted,,Refuted,
2504.04297v1_12_T,Some experimentally synthesized ThCr₂Si₂-type compounds show dynamical instability in calculations because their true crystal structure is different from I4/mmm or because they exhibit magnetic ordering.,2025-04-01,,matteroffact,Supported,"[{""bias"": ""Bias blind spot"", ""confidence"": 0.4034}]",Supported,
2310.05415v1_15_F,"During equilibration of Cu-Ti polycrystals at temperatures up to 750K, titanium atoms show significant migration from bulk regions to grain boundaries, substantially altering their initial distribution pattern.",2023-10-01,,matteroffact,Refuted,"[{""bias"": ""curse of knowledge"", ""confidence"": 0.4999}]",Supported,
2403.13710v1_16_F,"NV center magnetometry can directly visualize the quantum spin Hall edge states in topological insulators, revealing their helical spin structure with nanometer resolution.",2024-03-01,,matteroffact,Refuted,"[{""bias"": ""curse of knowledge"", ""confidence"": 0.5057}]",Supported,
2408.10978v2_7_F,"The kagome metals CsM₃Te₅ (M = Ti, Zr, Hf) exhibit only highly dispersive phonon branches with no flat regions, resulting in a smooth, continuous phonon density of states.",2024-08-01,,matteroffact,Refuted,,Supported,
2503.11087v1_16_F,"The in-plane anomalous Hall effect in EuZn₂Sb₂ exhibits a four-fold symmetry with respect to the azimuthal angle of the in-plane magnetic field, similar to the symmetry observed in the planar Hall effect.",2025-03-01,,matteroffact,Refuted,,Supported,
2502.09382v2_0_F,"The titanium ion yield in Ba₁₋ₓSrₓTiO₃ decreases by approximately 25% as barium is substituted by strontium, despite the titanium concentration remaining constant throughout the compositional gradient.",2025-02-01,,matteroffact,Refuted,,Supported,
2409.11179v1_9_F,The steep increase in bulk modulus of electrolytes at high salt concentrations is primarily caused by the compression of solvent molecules rather than changes in ionic organization.,2024-09-01,,matteroffact,Refuted,"[{""bias"": ""curse of knowledge"", ""confidence"": 0.3042}]",Supported,
2406.09461v1_14_T,"The activation energy for grain boundary motion in zirconium without phase transformation is 54,395.4 J/mol, making visible grain growth impossible at room temperature",2024-06-01,,matteroffact,Supported,,Refuted,
2404.00214v1_13_T,"The magnetism in Ruddlesden-Popper ruthenates Sr(n+1)Ru(n)O(3n+1) is strongly influenced by the continuity of RuO6 octahedral stacking along the c-axis, with ferromagnetism favored by continuous stacking",2024-04-01,,matteroffact,Supported,"[{""bias"": ""subadditivity effect"", ""confidence"": 0.3813}]",Supported,
2404.02748v1_9_T,"In Si:B, the superconducting critical temperature initially increases linearly with boron concentration up to 8.9 at.%, and continues to increase even after the hole carrier density saturates at 7.8 at.%.",2024-04-01,,matteroffact,Supported,"[{""bias"": ""Time-saving bias"", ""confidence"": 0.5484}]",Supported,
2310.14013v1_7_T,"The distribution of local structural anisotropy (Qk) for highly cohesive powders (high Bond numbers) shows a distinct transition in slope at Qk = -1, with an exponential-like tail for Qk < -1, while low cohesion powders show a consistent slope throughout the range Qk < 0.",2023-10-01,,matteroffact,Supported,,Supported,
2409.08289v1_13_F,"In La₂₋ₓSrₓCuO₄, the magnetic correlation temperature Tmax decreases linearly with increasing carrier concentration across the entire doping range from approximately 600K at p=0.05 to approximately 0K at p=0.2.",2024-09-01,,matteroffact,Refuted,,Supported,
2311.08257v1_6_T,"The damping parameter in Ni81Fe19/NbN bilayers exhibits non-monotonic temperature dependence, with different samples showing substantial variations in damping at lower temperatures despite having similar values at room temperature.",2023-11-01,,matteroffact,Supported,"[{""bias"": ""Distinction bias"", ""confidence"": 0.3987}]",Supported,
2404.05398v1_8_F,Ultrafast reciprocal space mapping (URSM) can only provide information about the average properties of thin films and cannot resolve different morphological components or their spatial distribution within the film thickness.,2024-04-01,,matteroffact,Refuted,"[{""bias"": ""Bias blind spot"", ""confidence"": 0.6671}]",Refuted,
2412.10896v3_15_T,"The measured capacity of the LG M50LT lithium-ion battery used in the experimental validation is 4.89 Ah, which is approximately 5% lower than the 5.15 Ah capacity of the LG M50 cell used in the Chen2020 parameter set.",2024-12-01,,matteroffact,Supported,,Supported,
2311.15620v1_7_F,Neglecting many-ion correlations in the calculation of activation energy barriers for ionic migration in Li7La3Zr2O12 and Li10GeS2P12 leads to a substantial underestimation of approximately 0.1-0.2 eV compared to calculations that account for these correlations.,2023-11-01,,matteroffact,Refuted,,Supported,
2310.18223v1_3_F,"CELL can only perform sequential calculations and does not support any form of parallel computation, limiting its application to small systems with few atoms.",2023-10-01,,matteroffact,Refuted,,Refuted,
2504.02054v1_13_F,"In the localized 3NN polaron configuration of NaMn₃O₇, the Mn-O bond lengths for oxygen atoms hosting hole polarons are shortened compared to those for oxygen atoms without hole polarons",2025-04-01,,matteroffact,Refuted,,Supported,
2401.15420v1_15_T,"Sodium-ion batteries are advantageous for large-scale energy storage applications due to the uniform geographical distribution and abundance of sodium, making them a cost-effective alternative to lithium-ion batteries despite their lower energy density.",2024-01-01,,matteroffact,Supported,"[{""bias"": ""Whole only effect"", ""confidence"": 0.3388}]",Supported,
2408.06641v2_6_F,"The lattice parameter of undoped Cr3Si calculated using HSE is 4.50 Å, which is closer to the experimental value of 4.57 Å than the GGA calculation of 4.43 Å.",2024-08-01,,matteroffact,Refuted,,Supported,
2406.07144v1_15_T,A 45-degree incidence angle of argon ions relative to the carbon target normal produces an optimal energy distribution of sputtered carbon atoms for achieving high sp³ content in Diamond-Like Carbon coatings using Electron Cyclotron Resonance Ion Beam Deposition.,2024-06-01,,matteroffact,Supported,"[{""bias"": ""curse of knowledge"", ""confidence"": 0.3381}]",Supported,
2501.04751v2_10_F,"The resonant inelastic X-ray scattering measurements on CrSBr were performed with an overall energy resolution of approximately 20 meV, while the X-ray excited optical luminescence spectra were recorded with a resolution of approximately 220 meV.",2025-01-01,,matteroffact,Refuted,"[{""bias"": ""Planning Fallacy"", ""confidence"": 0.3511}]",Supported,
2404.16031v1_8_F,"The diffusion velocity through the solid-liquid interface in Mg-3wt%Nd alloy is approximately 0.5 m/s, which determines the onset of significant solute trapping effects",2024-04-01,,matteroffact,Refuted,"[{""bias"": ""Outcome bias"", ""confidence"": 0.3519}]",Supported,
2407.21337v1_14_F,Space group Pmma(51) has 50 possible arrangements of rigid blocks and lithium atoms for Li₃PS₄ with a maximum of three PS₄ tetrahedra per unit cell.,2024-07-01,,matteroffact,Refuted,"[{""bias"": ""subadditivity effect"", ""confidence"": 0.3834}]",Supported,
2501.15612v1_15_T,The truncated velocity gauge approach is applicable to any periodic solid that can be described using an effective non-interacting Hamiltonian constructed from density functional theory and represented through maximally-localized Wannier functions,2025-01-01,,matteroffact,Supported,,Supported,
2503.05525v1_16_F,The enthalpy of formation for alloys and compounds is calculated from DFT total energy relative to the elements in their gaseous states,2025-03-01,,matteroffact,Refuted,"[{""bias"": ""clustering illusion"", ""confidence"": 0.5365}]",Supported,
2410.22496v2_13_F,The solidus temperature of C103 refractory alloy is approximately 1900°C,2024-10-01,,matteroffact,Refuted,,Supported,
2503.00456v1_1_T,"The exciton binding energy of A₍ₙ₊₁₎HfₙS₍₃ₙ₊₁₎ (A = Ca, Sr, Ba; n = 1-3) Ruddlesden-Popper phases decreases from 0.33 eV to 0.17 eV as the thickness of the perovskite layer (n) increases.",2025-03-01,,matteroffact,Supported,"[{""bias"": ""subadditivity effect"", ""confidence"": 0.3766}]",Supported,
2404.07848v1_14_F,The capacitance relationship between aqueous solutions and ionic liquids is identical for both planar graphite electrodes and porous carbon electrodes.,2024-04-01,,matteroffact,Refuted,,Refuted,
2311.12681v2_7_F,"The frequency noise in a-SiC:H parallel plate capacitors decreases monotonically with increasing temperature in the strong field regime, following a simple power law relationship across all temperature ranges.",2023-11-01,,matteroffact,Refuted,,Refuted,
2410.09376v2_10_F,"The temperature dependence of elastic constants in Cu-6wt%Ag alloy wires follows a linear relationship, with all elastic constants decreasing continuously as temperature decreases down to 5.4K.",2024-10-01,,matteroffact,Refuted,,Supported,
2502.12144v1_2_T,"The hopping parameters for the Ni d₍x²-y²₎ orbital in finite-layer nickelates Nd₍ₙ₊₁₎Ni₍ₙ₎O₍₂ₙ₊₂₎ remain consistent across different layers and different values of n, with t≈420 meV, t'≈-0.25t, and t''≈0.12t.",2025-02-01,,matteroffact,Supported,"[{""bias"": ""Time-saving bias"", ""confidence"": 0.3181}]",Supported,
2310.13945v1_0_T,The F4̄3m Sr₂B₅ structure exhibits a superconducting critical temperature of approximately 105 K at 40 GPa pressure.,2023-10-01,,matteroffact,Supported,,Supported,
2412.16730v1_15_T,"β-Ta films grown at room temperature on sapphire exhibit excellent microwave performance with internal quality factors exceeding 400,000, despite having lower critical temperature and residual resistivity ratio compared to epitaxial α-Ta films.",2024-12-01,,matteroffact,Supported,,Supported,
2410.11597v1_8_T,Polarization imaging is effective for carbon fiber reinforced polymers but not for glass fiber reinforced polymers due to similar reflection and diffraction properties between glass fibers and polymer matrix.,2024-10-01,,matteroffact,Supported,,Refuted,
2403.09609v1_8_F,The preservation of volume fraction during assembly of 3D microstructure reconstructions has been fully resolved through hierarchical superposition algorithms that prioritize grain groups based on their crystallographic importance.,2024-03-01,,matteroffact,Refuted,"[{""bias"": ""clustering illusion"", ""confidence"": 0.4692}, {""bias"": ""Bias blind spot"", ""confidence"": 0.3712}]",Supported,
2502.03361v2_4_T,"Photoemission electron microscopy provides similar information as scanning near-field microscopy for studying exciton-polaritons, but offers advantages including selective excitation of different modes through polarization control and faster data acquisition through parallel imaging.",2025-02-01,,matteroffact,Supported,"[{""bias"": ""Bias blind spot"", ""confidence"": 0.326}]",Supported,
2310.20241v1_4_T,"The binding energy of a single lithium atom at a carbon vacancy in graphene is -3.3 eV, significantly stronger than the -0.45 eV/atom binding energy on pristine graphene.",2023-10-01,,matteroffact,Supported,"[{""bias"": ""Time-saving bias"", ""confidence"": 0.7238}]",Supported,
2408.00042v3_13_F,"BW in space group 141 (I4₁/amd) exhibits symmetry-enforced Z₂ topology but shows no superconducting transition down to 0.1 K, ruling it out as a candidate for topological superconductivity.",2024-08-01,,matteroffact,Refuted,,Supported,
2403.13814v1_3_F,DyFeO₃-based aqueous symmetric supercapacitors retain 99% of their initial capacitance after 5000 charge-discharge cycles in 0.5 M Na₂SO₄ aqueous electrolyte.,2024-03-01,,matteroffact,Refuted,"[{""bias"": ""Outcome bias"", ""confidence"": 0.3417}]",Supported,
2412.02600v1_1_F,"The R-3m polymorph of MgZrN2 is more thermodynamically stable than the I41/amd polymorph, with an energy 42 meV/formula unit lower.",2024-12-01,,matteroffact,Refuted,"[{""bias"": ""Time-saving bias"", ""confidence"": 0.5607}]",Supported,
2310.05415v1_14_F,"Substitutional titanium atoms prefer to occupy sites furthest from the center of symmetry in copper Σ5 grain boundaries, as demonstrated by both DFT and MEAM calculations.",2023-10-01,,matteroffact,Refuted,,Supported,
2404.02416v2_5_F,The phase transformation from α-PdHx to β-PdHx is accompanied by approximately 7.0% increase in the lattice constant of palladium nanocrystals.,2024-04-01,,matteroffact,Refuted,"[{""bias"": ""Pro-Innovation Bias"", ""confidence"": 0.3427}]",Supported,
2501.04751v2_16_T,"The t2g orbitals in CrSBr are split by approximately 0.1 eV, which is smaller than the DFT-predicted splitting of around 0.3 eV, as larger splittings would introduce significant pre-peak features inconsistent with the experimental XAS data.",2025-01-01,,matteroffact,Supported,,Supported,
2504.00309v1_9_F,The QSE-QSCI approach is less scalable for larger quantum systems than the standard VQE-QSE approach because it requires more quantum circuit executions.,2025-04-01,,matteroffact,Refuted,"[{""bias"": ""Whole only effect"", ""confidence"": 0.5232}]",Supported,
2503.07460v1_11_T,Time-dependent density functional theory (TDDFT) is the most promising approach for modeling excited states in solar battery materials due to its favorable computational scaling compared to more expensive methods like many-body perturbation theory.,2025-03-01,,matteroffact,Supported,"[{""bias"": ""curse of knowledge"", ""confidence"": 0.309}]",Supported,
2404.02748v1_11_F,"Lattice deformation has a negligible effect on the superconducting properties of Si₁₋ₓGeₓ:B, with carrier density being the sole determinant of critical temperature regardless of the strain state of the material.",2024-04-01,,matteroffact,Refuted,,Refuted,
2409.07058v3_11_T,"In orthorhombic (Fe,Co)₃C alloys, the magnetocrystalline anisotropy energy (MAE) increases with Co concentration, reaching its maximum of 0.82 MJ·m⁻³ at 90% Co, while the direction of the magnetic easy axis changes from [010] to [001] to [100] as Co content increases.",2024-09-01,,matteroffact,Supported,"[{""bias"": ""Time-saving bias"", ""confidence"": 0.357}]",Supported,
2404.04161v1_5_F,"The calculated surface energy for FCC tungsten nanoparticles (3.729 J/m²) is higher than for BCC (3.019 J/m²), A15 (3.614 J/m²), disordered (3.142 J/m²), and icosahedral (3.006 J/m²) structures",2024-04-01,,matteroffact,Refuted,"[{""bias"": ""subadditivity effect"", ""confidence"": 0.3576}]",Supported,
2412.18712v1_6_T,"The extent of cooperative motion in glass-forming polymers, measured by S_c*/S_c(T_g), increases with increasing molecular mass and chain stiffness, and decreases with increasing cohesive interaction strength and pressure",2024-12-01,,matteroffact,Supported,,Supported,
2504.07641v1_0_F,"The band gap in Cs₃Bi₂Br₉₋ₓIₓ compounds in the P-3m1 phase is direct in nature, with both the valence band maximum and conduction band minimum at the Γ point.",2025-04-01,,matteroffact,Refuted,"[{""bias"": ""subadditivity effect"", ""confidence"": 0.4631}, {""bias"": ""Outcome bias"", ""confidence"": 0.3161}]",Supported,
2311.15620v1_3_T,"The correlation between tracer ion diffusion coefficient and average interstitial residence time in solid-state electrolytes is approximately 5%, representing the smallest correlation among the examined atomistic descriptors.",2023-11-01,,matteroffact,Supported,,Supported,
2503.22477v2_15_T,"The solution limit of germanium in LaRu₃(Si₁₋ₓGeₓ)₂ is x = 0.07, requiring increased amounts of excess ruthenium in the starting composition as this limit is approached.",2025-03-01,,matteroffact,Supported,,Supported,
2405.10644v1_14_F,"NdNiO₃ thin films grown on SrTiO₃ substrates exhibit a resistivity at 300 K lower than 0.5 mΩ·cm, which is lower than the resistivity of films grown on LaAlO₃ substrates.",2024-05-01,,matteroffact,Refuted,,Supported,
2501.01822v1_1_F,"ZIF-8 based resistive switching devices maintain stable resistance states for at least 100,000 seconds",2025-01-01,,matteroffact,Refuted,,Supported,
2402.18588v2_11_F,"LK-99 exhibits dispersive bands near the Fermi level primarily contributed by Pb-6p orbitals, with minimal contribution from Cu-3d orbitals.",2024-02-01,,matteroffact,Refuted,,Supported,
2403.07526v2_1_F,"The computational time for statistical inference in the Physics-Transfer approach is within hours on a laptop, comparable to simulations based on EAM but faster than DFT and MLFFs.",2024-03-01,,matteroffact,Refuted,"[{""bias"": ""Bias blind spot"", ""confidence"": 0.4285}]",Supported,
2411.11673v2_6_F,Collinear antiferromagnets exhibiting magneto-optical effects are unsuitable for any practical applications due to their inherent instability under externally applied magnetic fields.,2024-11-01,,matteroffact,Refuted,"[{""bias"": ""Pro-Innovation Bias"", ""confidence"": 0.3253}]",Refuted,
2503.11087v1_14_T,"The in-plane anomalous Hall effect in EuZn₂Sb₂ can be explained by the orbital magnetization model, where out-of-plane Berry curvature and orbital magnetization components are induced by the in-plane magnetic field.",2025-03-01,,matteroffact,Supported,,Supported,
2409.18344v1_8_T,"LiPFBS/DME electrolytes form SEI layers with higher fluorine content than LiTFSI/DME electrolyte, and this fluorine content increases with increasing LiPFBS concentration.",2024-09-01,,matteroffact,Supported,"[{""bias"": ""Pro-Innovation Bias"", ""confidence"": 0.395}]",Supported,
2503.07474v1_5_F,"In RbV₃Sb₅, both the 1.53 THz and 1.75 THz phonon modes are primarily associated with Rb atom oscillations, consistent with the SD + ISD without interlayer π phase shift CDW structure.",2025-03-01,,matteroffact,Refuted,"[{""bias"": ""subadditivity effect"", ""confidence"": 0.3292}]",Supported,
2404.08651v1_7_F,Reducing carrier mobility in thin film silicon decreases the series resistance of the solar cell.,2024-04-01,,matteroffact,Refuted,,Refuted,
2404.13959v1_9_T,"A thin-film model with thickness-dependent parameters derived from GW calculations provides a more accurate description of the thin-film limit of 3D topological insulators than the bulk model, as it captures relevant many-body effects.",2024-04-01,,matteroffact,Supported,"[{""bias"": ""Bias blind spot"", ""confidence"": 0.8429}]",Supported,
2310.04841v1_11_F,Random sampling of atomic configurations is sufficient to identify the ground state structure of metal vacancies in cubic carbides.,2023-10-01,,matteroffact,Refuted,"[{""bias"": ""clustering illusion"", ""confidence"": 0.6613}]",Supported,
2312.09133v1_7_F,"All convolutional layers in the (2+1)D CNN encode similar basic features of plasma plumes, with no significant difference in complexity between early and deep layers.",2023-12-01,,matteroffact,Refuted,,Refuted,
2410.14562v1_10_F,Standard DFT calculations without Hubbard U correction accurately predict the insulating behavior of NH4+-intercalated vanadium pentoxide with a band gap of 1.5 eV.,2024-10-01,,matteroffact,Refuted,,Refuted,
2411.10522v1_5_T,"H₃S exhibits superconductivity at approximately 200K when compressed to pressures over 155 GPa, representing one of the highest critical temperatures observed in any superconducting material.",2024-11-01,,matteroffact,Supported,,Supported,
2401.08834v1_16_F,"The absence of predicted structural distortions in copper-substituted lead oxyapatite can be explained by strong covalent bonding between copper and oxygen atoms that prevents local lattice deformations, despite copper substituting at the theoretically predicted Pb2 (4f) site.",2024-01-01,,matteroffact,Refuted,"[{""bias"": ""Bias blind spot"", ""confidence"": 0.4896}]",Supported,
2504.06595v1_8_F,Deviations from Arrhenius scaling in ionic conductors occur only when the mobile ion mass exceeds the framework atom mass,2025-04-01,,matteroffact,Refuted,"[{""bias"": ""Whole only effect"", ""confidence"": 0.3501}, {""bias"": ""Bias blind spot"", ""confidence"": 0.3405}]",Refuted,
2407.21337v1_11_F,Using rigid bodies in crystal structure prediction reduces the dimensionality of the phase space from 84 to 20 dimensions for Na₆Ge₂Se₆ without symmetry constraints.,2024-07-01,,matteroffact,Refuted,,Supported,
2411.17360v1_14_T,Oxygen-doped Al0.73Sc0.27N thin films show no formation of Al2O3 interface layers at the bottom electrode/film interface during growth.,2024-11-01,,matteroffact,Supported,,Supported,
2411.04179v1_14_T,"Chromium doping in Bi₂Te₃ serves the dual purpose of introducing ferromagnetism and reducing spin-orbit coupling, both of which are necessary for driving the transition from a topological insulator to a Weyl semimetal.",2024-11-01,,matteroffact,Supported,,Supported,
2406.12453v1_8_T,"Unlike La₃Ni₂O₇, which exhibits polymorphism with intergrowth of different phases, Sr₃Ni₁.₇₅Al₀.₂₅O₇ forms homogeneously without polymorphism or significant impurity phases.",2024-06-01,,matteroffact,Supported,,Supported,
2406.11763v1_8_T,The photoluminescence signal in Hf0.5Zr0.5O2 thin films decreases exponentially with increasing laser dose over nearly two decades of dose variation.,2024-06-01,,matteroffact,Supported,,Supported,
2403.18743v1_9_T,"The resonance frequency of silicon carbide metasurfaces supporting quasi-bound states in the continuum can be tuned by adjusting the scaling factor of the unit cell, but is constrained to remain within the Reststrahlen band of the material.",2024-03-01,,matteroffact,Supported,"[{""bias"": ""Bias blind spot"", ""confidence"": 0.3279}]",Supported,
2311.12681v2_1_F,The TLS contribution to microwave loss in a-SiC:H parallel plate capacitors decreases significantly as the capacitor plate area increases.,2023-11-01,,matteroffact,Refuted,,Supported,
2409.18344v1_11_F,"SEI formation in LiPFBS/DME electrolytes is independent of solvation structure, with PFBS⁻ reduction dominating at all concentrations regardless of changes in Li⁺ coordination.",2024-09-01,,matteroffact,Refuted,,Refuted,
2411.08980v1_11_F,Orbital FFLO state in 2H-NbS₂ flakes is equally sensitive to magnetic fields applied in any direction due to its isotropic nature.,2024-11-01,,matteroffact,Refuted,,Supported,
2407.20263v1_13_T,"Neutron radiography can resolve zinc droplets formed by self-discharge in Na-Zn cells, provided these droplets are larger than 0.1 mm in diameter.",2024-07-01,,matteroffact,Supported,"[{""bias"": ""Planning Fallacy"", ""confidence"": 0.3477}]",Supported,
2404.09806v1_3_F,Heat treatment of L-PBF Ti-6Al-4V below the β-transus temperature causes significant recrystallization and restructuring of the prior-β grain boundaries.,2024-04-01,,matteroffact,Refuted,,Supported,
2503.14972v1_6_T,"Despite its low maximum discharge capacity, the La₀.₅Gd₁.₀Mg₀.₅Ni₇ alloy with high Gd content exhibits exceptional cycle stability, retaining 96% of its capacity after 50 cycles compared to 55-71% for other compositions.",2025-03-01,,matteroffact,Supported,"[{""bias"": ""subadditivity effect"", ""confidence"": 0.7623}]",Supported,
2403.20138v1_7_F,"Tungsten dopants in Na₃SbS₄ directly enhance Na-ion diffusion by creating favorable diffusion pathways around the W atoms, while the introduction of Na vacancies plays a secondary role.",2024-03-01,,matteroffact,Refuted,"[{""bias"": ""Bias blind spot"", ""confidence"": 0.3822}]",Supported,
2412.18712v1_5_T,Increasing the cohesive interaction strength (ε) or applied pressure (P) in polymer melts increases the high temperature limit of configurational entropy (S_c*) and decreases the segmental fragility (m_s),2024-12-01,,matteroffact,Supported,"[{""bias"": ""Time-saving bias"", ""confidence"": 0.4106}]",Supported,
2503.14952v1_8_T,"In La1.5Mg0.5Ni7 alloys, Mg atoms preferentially occupy the La 4f1 sites in the Ce2Ni7-type structure and the La 6c2 sites in the Gd2Co7-type structure.",2025-03-01,,matteroffact,Supported,"[{""bias"": ""subadditivity effect"", ""confidence"": 0.4769}]",Supported,
2404.09806v1_14_F,"The phase-field model predicts β phase volume fractions at 850°C of 40-45%, which differs by more than 20 percentage points from experimental measurements of 18-26%.",2024-04-01,,matteroffact,Refuted,"[{""bias"": ""subadditivity effect"", ""confidence"": 0.4051}]",Refuted,
2404.16031v1_6_F,"During the banding instability in rapidly solidified Mg-Nd alloy, solute trapping occurs only after the complete transition to planar growth, not during the dendritic growth phase",2024-04-01,,matteroffact,Refuted,,Supported,
2408.07229v1_7_T,The coordination of lithium ions to both polymer electrolyte monomers and TFSI anions simultaneously enhances monomer stability against reduction compared to coordination with only TFSI anions.,2024-08-01,,matteroffact,Supported,,Supported,
2503.04492v1_6_F,"The standard deviation of period has the strongest correlation with GW-level band gaps, with Pearson's and Spearman's correlation coefficients of 0.95, while the PBE-calculated band gap has the weakest correlation with coefficients of 0.30.",2025-03-01,,matteroffact,Refuted,,Supported,
2502.11628v1_12_F,"Simulation supersampling has no effect on artifacts in strain maps, as these artifacts are inherent to the physical measurement process and cannot be reduced through computational techniques.",2025-02-01,,matteroffact,Refuted,"[{""bias"": ""Bias blind spot"", ""confidence"": 0.8832}]",Refuted,
2411.03664v1_1_F,"First-principles calculations predict that kagome lattice materials AV₃Sb₅ (A = K, Rb, Cs) can only form chiral charge density wave structures with 2×2×2 supercells.",2024-11-01,,matteroffact,Refuted,,Refuted,
2502.20005v1_12_T,"In strained cubic semiconductors, the conduction electron spin polarization always lies along the direction of light excitation, regardless of the strain direction or configuration.",2025-02-01,,matteroffact,Supported,,Refuted,
2311.01879v1_8_T,"In unirradiated FeCrAl ODS steels with 9 wt% Al, the nano-hardness increases linearly with Cr content from 12 wt% to 18 wt%.",2023-11-01,,matteroffact,Supported,,Supported,
2412.16730v1_10_F,Higher growth temperatures for Ta films on sapphire lead to degraded structural and DC electrical properties which directly correlate with worse microwave performance due to increased film disorder.,2024-12-01,,matteroffact,Refuted,"[{""bias"": ""Pro-Innovation Bias"", ""confidence"": 0.339}]",Supported,
2311.03271v1_10_T,Deformation twins in copper single crystals begin to form after 12 ps of simulation time when sheared at 100 m/s (strain rate of approximately 0.4 ps⁻¹),2023-11-01,,matteroffact,Supported,"[{""bias"": ""Time-saving bias"", ""confidence"": 0.8514}]",Supported,
2410.20744v1_10_T,"The electron-phonon coupling in WSeH and WSH is strongest for low-frequency acoustic phonons around the M point and for optical phonons near the Γ point, with the coupling strength inversely proportional to the square of the phonon frequency.",2024-10-01,,matteroffact,Supported,,Supported,
2404.17584v1_16_T,Potential-based neural ordinary differential equation models can represent inelastic material processes by evolving hidden state variables that capture the history dependence of the material response.,2024-04-01,,matteroffact,Supported,"[{""bias"": ""clustering illusion"", ""confidence"": 0.7137}]",Supported,
2402.17557v3_13_F,Li₍ₓ₎Sr₂Co₂O₅ is primarily suitable for use as a cathode material in lithium-ion batteries due to its high electronic conductivity and redox-active cobalt ions.,2024-02-01,,matteroffact,Refuted,"[{""bias"": ""Pro-Innovation Bias"", ""confidence"": 0.3855}]",Supported,
2408.00042v3_16_F,Tight-binding models were constructed for space groups 52 and 227 to demonstrate the symmetry-enforced Weyl points without spin-orbit coupling and their transformation into Dirac points when spin-orbit coupling is included.,2024-08-01,,matteroffact,Refuted,"[{""bias"": ""Bias blind spot"", ""confidence"": 0.3256}]",Supported,
2404.00214v1_2_F,High-quality Sr3Ru2O7 films grown by molecular beam epitaxy achieve a residual resistivity ratio of 50,2024-04-01,,matteroffact,Refuted,,Supported,
2408.00042v3_16_T,Tight-binding models were constructed for space groups 15 and 135 to demonstrate the symmetry-enforced nodal lines without spin-orbit coupling and their transformation into gapped states with helical surface states when spin-orbit coupling is included.,2024-08-01,,matteroffact,Supported,,Supported,
2405.03680v2_15_T,AtomGPT's forward prediction model modifies the GPT2 language model head with a linear neural network consisting of two linear layers to map hidden states to property values for regression tasks.,2024-05-01,,matteroffact,Supported,"[{""bias"": ""Bias blind spot"", ""confidence"": 0.5648}]",Supported,
2503.00456v1_0_F,"A₍ₙ₊₁₎HfₙS₍₃ₙ₊₁₎ (A = Ca, Sr, Ba; n = 1-3) Ruddlesden-Popper phases exhibit G₀W₀@PBE bandgaps ranging from 2.50 to 3.20 eV, which are larger than their bulk counterparts.",2025-03-01,,matteroffact,Refuted,"[{""bias"": ""Forer effect"", ""confidence"": 0.3578}]",Supported,
2403.04637v2_18_F,Removing the p-nc-SiO:H layer from the device structure of amorphous silicon thin film solar cells decreases the power conversion efficiency from 8.99% to 7.5% for a 300 nm thick active layer,2024-03-01,,matteroffact,Refuted,"[{""bias"": ""Time-saving bias"", ""confidence"": 0.891}]",Supported,
2411.11618v1_0_F,Overlapping hexagonal MoS2 flakes with Mo-rich edges exhibit a 60% reduction in conductance compared to pristine monolayers.,2024-11-01,,matteroffact,Refuted,,Supported,
2503.14952v1_15_F,"The coexistence of hexagonal Ce2Ni7-type and rhombohedral Gd2Co7-type structures in La2Ni7 and La1.5Mg0.5Ni7 alloys is explained by kinetic trapping during rapid solidification, preventing the system from reaching its thermodynamic equilibrium of pure Ce2Ni7-type structure.",2025-03-01,,matteroffact,Refuted,,Supported,
2407.21337v1_0_T,Crystal structure prediction methods that restrict atoms to designated Wyckoff positions effectively identify experimentally observed structures and potential metastable phases for compounds with rigid bodies.,2024-07-01,,matteroffact,Supported,"[{""bias"": ""clustering illusion"", ""confidence"": 0.4566}]",Supported,
2504.00771v1_9_F,The k-point grid density for optical and transport property calculations was uniformly set to 0.005 (2π/Å) for all materials regardless of unit cell size.,2025-04-01,,matteroffact,Refuted,,Refuted,
2502.15531v1_13_F,"Carbon dopants in hexagonal-diamond silicon exhibit positive dopant segregation energies near I3-type basal stacking faults, with values of 40-60 meV in the cubic region (Region II), indicating a thermodynamic tendency to avoid the fault.",2025-02-01,,matteroffact,Refuted,,Supported,
2409.06549v1_7_F,HZO films with interplanar spacing d111 less than 2.97 Å exhibit enhanced ferroelectric polarization compared to films with larger d111 spacing,2024-09-01,,matteroffact,Refuted,,Supported,
2408.10978v2_2_T,"The Debye temperatures for CsTi₃Te₅, CsZr₃Te₅, and CsHf₃Te₅ are 168.5 K, 122.5 K, and 115.8 K, respectively.",2024-08-01,,matteroffact,Supported,"[{""bias"": ""subadditivity effect"", ""confidence"": 0.5289}]",Supported,
2412.18712v1_15_T,"The segmental fragility of glass-forming polymers correlates with thermodynamic properties that reflect packing frustration, such as the dimensionless thermal expansion coefficient and isothermal compressibility",2024-12-01,,matteroffact,Supported,,Supported,
2411.08940v1_7_T,Lower surface wettability of electrodes in alkaline water electrolyzers leads to the formation of larger bubbles compared to more hydrophilic electrode surfaces,2024-11-01,,matteroffact,Supported,"[{""bias"": ""Omission bias"", ""confidence"": 0.3346}]",Supported,
2405.19935v1_12_F,Conventional semiconductor quantum wells are the most suitable experimental platform for studying anomaly inflow physics in quantum anomalous Hall systems.,2024-05-01,,matteroffact,Refuted,"[{""bias"": ""curse of knowledge"", ""confidence"": 0.511}]",Supported,
2404.12191v1_12_T,TMM-Sim automatically identifies the overlapping wavelength range from user-supplied refractive index spectra and performs calculations within that common range.,2024-04-01,,matteroffact,Supported,"[{""bias"": ""clustering illusion"", ""confidence"": 0.5699}]",Supported,
2411.16279v1_0_T,Silver chalcohalide antiperovskites exhibit a giant band gap reduction of 20-60% near room temperature relative to their zero-temperature values.,2024-11-01,,matteroffact,Supported,,Supported,
2405.10644v1_4_T,"Freestanding NdNiO₃ membranes released from Ca₃Al₂O₆-LaAlO₃ heterostructures exhibit fewer cracks with no preferential direction compared to those released from Sr₃Al₂O₆-SrTiO₃ heterostructures, which show parallel micrometer-scale cracks in one direction.",2024-05-01,,matteroffact,Supported,,Supported,
2311.03271v1_12_T,Empirically determined numerical values used as hard-coded conditions in twin tracking algorithms can affect the accuracy of twin identification and tracking,2023-11-01,,matteroffact,Supported,"[{""bias"": ""Bias blind spot"", ""confidence"": 0.8486}]",Supported,
2311.13599v1_12_T,"Current thermal barrier coating thicknesses range from approximately 150 μm for first row turbine blades to 10 mm for combustor liners, requiring different absorption coefficients to achieve effective radiation barriers.",2023-11-01,,matteroffact,Supported,,Supported,
2502.08872v1_8_T,Hole doping of RuO2 at a concentration of 5% does not significantly alter the spectral dependence of optical reflectivity compared to the nonmagnetic state.,2025-02-01,,matteroffact,Supported,,Supported,
2501.05312v1_13_F,"In phase-field simulations of Hf₀.₅Zr₀.₅O₂, the Landau coefficients were varied across simulations, with α₁ ranging from -5.0 × 10⁸ to -9.0 × 10⁸ C⁻²m²N to account for compositional variations in the material.",2025-01-01,,matteroffact,Refuted,,Supported,
2412.16310v3_15_F,Sulfur doping in diamond reduces the spin coherence time of nitrogen-vacancy (NV) centers compared to non-doped diamond by creating paramagnetic sulfur-vacancy (SV) defects that introduce electron spin noise.,2024-12-01,,matteroffact,Refuted,,Supported,
2502.20261v1_10_F,"In CsPbBr₃, electrons and holes localize in the same regions near grain-boundaries, with both carrier types attracted to areas of high local polarization regardless of the polarization direction.",2025-02-01,,matteroffact,Refuted,,Supported,
2501.04751v2_5_T,"In CrSBr, the 3d orbitals of Cr³⁺ ions follow the energy hierarchy Exz < Exy < Eyz for the t2g orbitals, with the z² orbital being the lowest of the two eg orbitals.",2025-01-01,,matteroffact,Supported,"[{""bias"": ""subadditivity effect"", ""confidence"": 0.5046}]",Supported,
2403.13814v1_4_F,DyFeO₃-based symmetric supercapacitors with acetonitrile-modified electrolyte exhibit 150% capacitance retention at 75°C compared to their performance at 25°C.,2024-03-01,,matteroffact,Refuted,,Supported,
2405.17550v1_8_F,"For coherent quantum Hall-superconductor edges, the probability distribution of charge transmission t_eh is a Gaussian distribution with mean A_0 and standard deviation |A_1|/2, where A_0 and A_1 are constants.",2024-05-01,,matteroffact,Refuted,,Supported,
2406.12453v1_13_F,"The parent Sr₃Ni₂O₇ phase without aluminum substitution readily forms as a stable Ruddlesden-Popper structure under ambient oxygen pressure, crystallizing in the tetragonal I4/mmm space group.",2024-06-01,,matteroffact,Refuted,"[{""bias"": ""Outcome bias"", ""confidence"": 0.3874}]",Supported,
2310.18468v1_4_T,"A Totimorphic Unit Cell (TUC) is geometrically fully defined by 5 parameters: position vector P, beam vector AB, lever length r, angle between beam and lever θ, and roll angle of the lever φ.",2023-10-01,,matteroffact,Supported,,Supported,
2502.20261v1_14_T,"The long electron-hole recombination lifetime in CsPbBr₃ at low temperatures results from spatial separation of carriers by planes of local polarization at grain-boundaries, which keeps electrons and holes physically separated.",2025-02-01,,matteroffact,Supported,,Supported,
2404.05644v1_12_T,The r2SCAN+rVV10 exchange-correlation functional provides the most accurate representation of relative energies between different polymorphs of CsPbI₃ compared to reference RPA+HF calculations,2024-04-01,,matteroffact,Supported,"[{""bias"": ""Bias blind spot"", ""confidence"": 0.3737}]",Supported,
2311.02289v1_7_F,"The near-Fermi level bands along the Γ-A and K-H paths in CsV3Sb5 are dominated by vanadium d-orbitals, similar to bands elsewhere in the Brillouin zone.",2023-11-01,,matteroffact,Refuted,,Supported,
2310.15331v2_3_F,"The spin-orbit coupling strength in the surface layer of Sr2RuO4, determined by fitting angle-resolved photoemission spectroscopy data, is approximately 0.35 eV.",2023-10-01,,matteroffact,Refuted,,Supported,
2406.07144v1_5_T,High-quality Diamond-Like Carbon coatings with sp³ content up to 85% can be deposited at room temperature using Electron Cyclotron Resonance Ion Beam Deposition without post-annealing or additional bias voltage.,2024-06-01,,matteroffact,Supported,,Supported,
2403.14215v1_12_T,"The magnetization of Mn₅(Si_xGe_1-x)₃ thin films at 20K and 1 Tesla field decreases non-linearly with increasing silicon concentration, with a steeper decline observed at x>0.4 compared to the more gradual decrease observed in bulk samples",2024-03-01,,matteroffact,Supported,,Supported,
2402.07147v1_0_F,"Both a and c lattice parameters of titanium decrease with oxygen content, with the c parameter decreasing more rapidly than a.",2024-02-01,,matteroffact,Refuted,,Supported,
2502.18376v1_11_T,"LaVO₃ thin films accommodate epitaxial strain from DyScO₃ substrates through a combination of lattice parameter changes, octahedral rotation adjustments, and possible lowering of symmetry from orthorhombic to monoclinic.",2025-02-01,,matteroffact,Supported,"[{""bias"": ""curse of knowledge"", ""confidence"": 0.3233}]",Supported,
2404.05820v1_5_F,"Perovskite fluorides containing vanadium (CaxVF3) and manganese (CaxMnF3) are promising calcium battery cathode candidates based on their thermodynamic stability, low calcium migration barriers, and appropriate intercalation voltages.",2024-04-01,,matteroffact,Refuted,"[{""bias"": ""Pro-Innovation Bias"", ""confidence"": 0.3539}]",Supported,
2311.02289v1_13_F,"For CsV3Sb5, partially self-consistent eigenvalue GW₀ calculations require fifteen steps for convergence, though results in the study were taken after twenty steps.",2023-11-01,,matteroffact,Refuted,,Supported,
2501.01822v1_2_T,ZIF-8 based resistive switching devices maintain functional bipolar switching behavior across a temperature range from -20°C to 100°C,2025-01-01,,matteroffact,Supported,"[{""bias"": ""Time-saving bias"", ""confidence"": 0.358}]",Supported,
2403.07526v2_5_T,"For screw dislocations in bcc Fe {110}⟨111⟩, the Physics-Transfer model achieves a prediction error of 7.63% compared to MLFF simulations, while EAM predictions show a higher error of 15.01%.",2024-03-01,,matteroffact,Supported,"[{""bias"": ""Planning Fallacy"", ""confidence"": 0.3042}]",Supported,
2411.03664v1_1_T,"First-principles calculations predict that kagome lattice materials AV₃Sb₅ (A = K, Rb, Cs) can form thermodynamically stable chiral charge density wave structures with 2×2×3 and 2×2×4 supercells.",2024-11-01,,matteroffact,Supported,,Supported,
2502.20809v1_15_T,"The PFD framework can be applied to future generations of foundation models and extended to predict material properties beyond energy and force, such as experimental electronic energy gaps.",2025-02-01,,matteroffact,Supported,,Supported,
2310.04841v1_7_F,There is an energy gap of 3.5 eV between the ground state structure of a metal vacancy in titanium carbide and several other carbon-carbon bonded structures that leave the vacancy site open for an incoming metal atom.,2023-10-01,,matteroffact,Refuted,,Supported,
2310.15331v2_14_T,"Higher-order Van Hove singularities with power-law divergences in the density of states can significantly enhance the effects of even weak electron-electron interactions, potentially leading to novel quantum phases and unconventional thermodynamic and transport properties in two-dimensional materials.",2023-10-01,,matteroffact,Supported,"[{""bias"": ""Pro-Innovation Bias"", ""confidence"": 0.6965}]",Supported,
2402.05283v3_15_F,"The Carousel Phase Retrieval Algorithm is fundamentally limited to single-processor implementations and cannot be effectively parallelized across multi-core, multi-CPU, or multi-GPU systems due to its sequential carousel approach.",2024-02-01,,matteroffact,Refuted,"[{""bias"": ""Bias blind spot"", ""confidence"": 0.3036}]",Refuted,
2501.07321v1_10_T,Understanding the relationship between solvation structures and NMR chemical shifts enables more precise control over stability and solubility properties in electrolyte design for lithium-ion batteries,2025-01-01,,matteroffact,Supported,,Supported,
2402.05180v1_7_T,"When spin-orbit coupling is included, coincident Van Hove singularities remain unmodified in the 2D space groups orthorhombic L44 and tetragonal L63.",2024-02-01,,matteroffact,Supported,,Supported,
2408.11301v1_10_F,The anisotropic kinetics model uses a velocity function v̂ = κf(1.0 - |∇φ·a|/|∇φ|) where the anisotropy factor 1.0 controls the maximum kinetic response.,2024-08-01,,matteroffact,Refuted,,Supported,
2503.04492v1_11_F,"XML-derived feature importance rankings contradict scientifically informed feature selection, as features selected through XML analysis have no physical or chemical basis for their relationship to band gap values.",2025-03-01,,matteroffact,Refuted,"[{""bias"": ""Bias blind spot"", ""confidence"": 0.9659}]",Refuted,
2403.04637v2_14_T,"The performance of amorphous silicon thin film solar cells is determined by the total number of defects encountered by photo-generated carriers, not just the defect density",2024-03-01,,matteroffact,Supported,,Supported,
2408.10978v2_15_F,"The inclusion of spin-orbit coupling in CsM₃Te₅ (M = Ti, Zr, Hf) has no effect on the Dirac crossings in the electronic structure, regardless of the atomic mass of the M element.",2024-08-01,,matteroffact,Refuted,,Refuted,
2410.20744v1_0_T,The 1T phase of Janus WSeH and WSH monolayers has lower energy than the 2H phase but is dynamically unstable without applied strain.,2024-10-01,,matteroffact,Supported,,Supported,
2403.08679v1_1_T,NaFe₂PO₄(SO₄)₂ undergoes antiferromagnetic ordering at approximately 50 K.,2024-03-01,,matteroffact,Supported,,Supported,
2402.08326v2_14_F,"For Al/C60 nanocomposites, both an analytical model incorporating the interphase layer and a two-phase model without an interphase layer underestimate the bulk modulus by approximately 20-30% compared to molecular dynamics simulations.",2024-02-01,,matteroffact,Refuted,"[{""bias"": ""Bias blind spot"", ""confidence"": 0.3085}]",Supported,
2412.18712v1_2_F,The segmental fragility (m_s) of glass-forming polymers varies exponentially with the VFT fragility parameter (K_VFT) according to the relationship m_s ≈ 19.3 exp(517.7 K_VFT),2024-12-01,,matteroffact,Refuted,,Supported,
2411.08980v1_13_F,"In 25 nm and 30 nm NbS₂ flakes, the polar angle dependence of the upper critical field follows a single 3D-Tinkham component at all temperatures, indicating conventional 3D superconductivity without orbital FFLO state.",2024-11-01,,matteroffact,Refuted,,Supported,
2311.08257v1_8_F,"Spin pumping occurs when a non-magnetic metal interfaces with a magnetic material, resulting in the transfer of electric charge from the precessing magnetization to the interface, which generates an electric current in the non-magnetic layer.",2023-11-01,,matteroffact,Refuted,,Supported,
2501.07321v1_0_T,"In LiFSI/DME electrolytes, the $^7$Li NMR chemical shift moves upfield (becomes more negative) as concentration increases from 1M to 3M, but shifts downfield (becomes less negative) when concentration increases from 3M to 4M",2025-01-01,,matteroffact,Supported,"[{""bias"": ""Time-saving bias"", ""confidence"": 0.9308}]",Supported,
2311.14529v1_3_T,Precipitates at melt pool boundaries in additively manufactured Al-Mn-Cr-Zr alloys contain both Mn and Cr in the as-printed condition.,2023-11-01,,matteroffact,Supported,,Supported,
2502.11628v1_4_T,Reliable determination of deformation type (K3) requires strain magnitudes larger than approximately 1 mm/m when the strain measurement noise level is around 0.1 mm/m.,2025-02-01,,matteroffact,Supported,,Supported,
2502.15531v1_5_T,"Boron dopants in hexagonal-diamond silicon behave differently from other acceptors, showing lower segregation energies when neutral and negative segregation energies when ionized, indicating a potential tendency to segregate toward I3-type basal stacking faults.",2025-02-01,,matteroffact,Supported,,Supported,
2310.18223v1_3_T,"CELL's Wang-Landau module can be executed in parallel, enabling simulations of very large supercells with thousands of atoms.",2023-10-01,,matteroffact,Supported,"[{""bias"": ""curse of knowledge"", ""confidence"": 0.6483}]",Supported,
2311.14529v1_12_F,"The powder bed fusion-laser beam process for aluminum alloys entails a moderate cooling rate of 10^1-10^2 K/s, enabling only slight supersaturation of certain alloying elements.",2023-11-01,,matteroffact,Refuted,,Supported,
2407.20263v1_2_T,Ceramic diaphragms with pore sizes as large as 2.5 mm in diameter still trap gas bubbles in Na-Zn cells.,2024-07-01,,matteroffact,Supported,"[{""bias"": ""curse of knowledge"", ""confidence"": 0.4321}]",Refuted,
2401.08834v1_15_T,"The preferential substitution of copper at the Pb1 (6h) site rather than the Pb2 (4f) site in lead oxyapatite may explain the absence of superconductivity in LK-99, as theoretical predictions suggested that copper substitution at the Pb2 site is crucial for inducing superconductivity.",2024-01-01,,matteroffact,Supported,,Supported,
2406.16398v2_5_F,"In the tri-hexagonal orbital flux phase, the interband Berry curvature is uniformly distributed across the Brillouin zone, with similar values for all types of band transitions.",2024-06-01,,matteroffact,Refuted,,Refuted,
2401.15420v1_10_T,"Hard carbon is advantageous as an anode material for sodium-ion batteries due to its lower operating potential, expanded interlayer spacing, and higher sodium ion storage capacity compared to graphite.",2024-01-01,,matteroffact,Supported,,Supported,
2409.08289v1_1_F,The entropy shift observed in the specific heat of cuprate superconductors is primarily due to a temperature-independent gap in the electronic density of states.,2024-09-01,,matteroffact,Refuted,"[{""bias"": ""curse of knowledge"", ""confidence"": 0.7131}]",Supported,
2408.15684v1_6_T,Inserting graphene at the Mo foil/CZTSSe interface increases the recombination resistance of the solar cell from 3.53 kΩ to 7.17 kΩ,2024-08-01,,matteroffact,Supported,"[{""bias"": ""Time-saving bias"", ""confidence"": 0.9635}]",Supported,
2412.18712v1_5_F,Increasing the cohesive interaction strength (ε) or applied pressure (P) in polymer melts decreases the high temperature limit of configurational entropy (S_c*) and increases the segmental fragility (m_s),2024-12-01,,matteroffact,Refuted,"[{""bias"": ""Time-saving bias"", ""confidence"": 0.3904}]",Supported,
2404.13293v1_2_T,The energy barrier for local domain wall migration in GeTe thin film decreases from 4 meV per unit cell for the first two migrations to 2 meV per unit cell for the last two migrations.,2024-04-01,,matteroffact,Supported,"[{""bias"": ""Time-saving bias"", ""confidence"": 0.927}]",Supported,
2409.02507v1_0_T,Thermoelectric currents can be generated at the interface between two liquid metals when subjected to a horizontal temperature gradient.,2024-09-01,,matteroffact,Supported,"[{""bias"": ""curse of knowledge"", ""confidence"": 0.6428}]",Supported,
2405.03680v2_3_F,"AtomGPT achieves a mean absolute error of 2.50 K for superconducting transition temperature prediction, performing worse than ALIGNN which achieves 2.03 K.",2024-05-01,,matteroffact,Refuted,"[{""bias"": ""Time-saving bias"", ""confidence"": 0.4319}]",Supported,
2411.17360v1_9_T,Oxygen is uniformly distributed throughout the bulk of Al0.73Sc0.27N thin films when incorporated during reactive sputtering.,2024-11-01,,matteroffact,Supported,,Supported,
2503.14972v1_3_T,The measured maximum discharge capacities of La₁.₅₋ₓGdₓMg₀.₅Ni₇ and La₁.₅Mg₀.₅Ni₇₋ᵧCoᵧ alloys (299-307 mAh/g) are approximately 57% of their theoretical capacities (529-535 mAh/g).,2025-03-01,,matteroffact,Supported,,Supported,
2401.08834v1_12_F,"The copper-substituted lead oxyapatite undergoes a structural phase transition from hexagonal to monoclinic symmetry at approximately 150 K, accompanied by significant distortions in the PO₄ tetrahedra and changes in Cu-O coordination.",2024-01-01,,matteroffact,Refuted,"[{""bias"": ""curse of knowledge"", ""confidence"": 0.4301}]",Supported,
2404.07848v1_0_F,The density of states of graphite near the Fermi level can be incorporated into classical molecular dynamics simulations by using a fixed Gaussian width parameter regardless of the applied potential.,2024-04-01,,matteroffact,Refuted,"[{""bias"": ""clustering illusion"", ""confidence"": 0.5996}]",Refuted,
2501.05312v1_4_F,The proportion of orthorhombic polar grains in Hf₀.₅Zr₀.₅O₂ films primarily affects the coercive field values while having minimal impact on the remanent and saturation polarization.,2025-01-01,,matteroffact,Refuted,,,Failed to get valid prediction
2410.08233v1_11_F,"The parametric evaluation method (Method 5) produces a relative uncertainty of 35% for Nb in the Optimized ZIRLO specimen and 3.5% for Mn in the steel specimen, similar to other methods.",2024-10-01,,matteroffact,Refuted,,Supported,
2412.00421v1_8_F,The first nearest neighbor Heisenberg exchange interaction among Mn adatoms changes from ferromagnetic coupling with a value of 2 meV in the rectangular lattice to ferromagnetic coupling with a value of 1.5 meV in the rhombic lattice on Nb(110).,2024-12-01,,matteroffact,Refuted,"[{""bias"": ""Time-saving bias"", ""confidence"": 0.9494}]",Supported,
2402.18588v2_7_F,The density functional theory calculations for LK-99 used a k-mesh subdivision of 12 × 12 × 12 with energy convergence criteria of 10⁻⁶ Ha and charge density convergence criteria of 10⁻⁵ e/(Bohr radii)³.,2024-02-01,,matteroffact,Refuted,,Supported,
2310.04841v1_13_T,"Unlike in transition metal nitrides, the conventional monovacancy mechanism of metal self-diffusion in titanium carbide has been difficult to reconcile with experimental observations due to the prohibitively high formation energy of unreconstructed metal vacancies.",2023-10-01,,matteroffact,Supported,"[{""bias"": ""Attentional bias"", ""confidence"": 0.4186}]",Supported,
2503.14952v1_6_T,"The energy difference between Ce2Ni7-type and Gd2Co7-type structures of La2Ni7 is approximately 10 meV/atom, with a slight preference for the Gd2Co7-type structure.",2025-03-01,,matteroffact,Supported,"[{""bias"": ""Distinction bias"", ""confidence"": 0.4273}]",Supported,
2412.00421v1_5_T,"Mn adatoms in a rectangular lattice on Nb(110) form ferromagnetic spin spirals as the ground state, which can transform into elliptical ferromagnetic skyrmions under an applied out-of-plane magnetic field.",2024-12-01,,matteroffact,Supported,,Supported,
2404.02416v2_2_T,The observed hydrogen intercalation wave dynamics in palladium nanocrystals are primarily driven by the minimization of elastic energies at the α/β-PdHx interfaces.,2024-04-01,,matteroffact,Supported,"[{""bias"": ""clustering illusion"", ""confidence"": 0.3175}]",Supported,
2406.17511v1_8_F,"Structural strain has no significant impact on superconductivity in heavily boron-doped silicon layers, with the superconducting region corresponding to the entire melted layer regardless of strain state",2024-06-01,,matteroffact,Refuted,,Refuted,
2501.16001v1_17_T,"The spatial harmonic SAW method trades lower wavenumber sampling density for significantly faster measurements without moving parts, making it advantageous in scenarios where measurement speed is prioritized over sampling resolution.",2025-01-01,,matteroffact,Supported,"[{""bias"": ""Bias blind spot"", ""confidence"": 0.3285}]",Supported,
2411.12896v1_4_F,"The peak optical absorption energy for photoionization of the Ge DX center in AlGaN is approximately 0.5 eV for aluminum content between 55% and 75%, and decreases to approximately 0.2 eV for pure AlN",2024-11-01,,matteroffact,Refuted,"[{""bias"": ""Time-saving bias"", ""confidence"": 0.4989}]",Supported,
2411.18843v1_12_F,"The natural frequencies of the A1 and A2 phonon modes in tellurium are approximately 3.45 THz and 8.92 THz, respectively, as calculated from their harmonic oscillator parameters ω_{A1}^2 = 38.74 meV/amuÅ^2 and ω_{A2}^2 = 26.72 meV/amuÅ^2.",2024-11-01,,matteroffact,Refuted,"[{""bias"": ""subadditivity effect"", ""confidence"": 0.5977}]",Supported,
2401.16271v1_16_T,"Training the AnisoGNN-S model for yield strength prediction takes approximately 200 seconds for 800 epochs on 200 microstructure volume elements, slightly longer than the 160 seconds required for the AnisoGNN-C model.",2024-01-01,,matteroffact,Supported,"[{""bias"": ""Time-saving bias"", ""confidence"": 0.5492}]",Supported,
2310.05415v1_3_T,"The addition of titanium to polycrystalline copper increases its Young's modulus, with values ranging from 92.5-125.3 GPa for Cu-Ti alloys compared to pure copper at similar grain sizes.",2023-10-01,,matteroffact,Supported,,Supported,
2312.10313v1_8_T,Simulating superconductivity at low temperatures requires increased computational resources due to the need for finer k-point meshes to capture narrow peaky structures in the Brillouin zone.,2023-12-01,,matteroffact,Supported,"[{""bias"": ""curse of knowledge"", ""confidence"": 0.6376}]",Supported,
2410.16199v1_11_F,"In a single layer of Nb₃Br₈, Nb atoms form a uniform hexagonal lattice, resulting in delocalized p-orbitals spread across the entire layer.",2024-10-01,,matteroffact,Refuted,,Supported,
2410.14562v1_10_T,Standard DFT calculations without Hubbard U correction predict metallic behavior for NH4+-intercalated vanadium pentoxide due to self-interaction errors that cause electron delocalization across vanadium sites.,2024-10-01,,matteroffact,Supported,"[{""bias"": ""Bias blind spot"", ""confidence"": 0.8094}]",Supported,
2401.17024v2_13_F,"Among the four promising superconducting compounds identified, Mg₂IrH₆ exhibits the highest superconducting transition temperature of 160 K, which significantly exceeds the liquid nitrogen temperature (77 K).",2024-01-01,,matteroffact,Refuted,,Supported,
2503.13613v1_4_F,"The calculated longitudinal-transverse splitting for the lowest-energy A exciton in wurtzite CdS is 1.7 meV, which matches the experimental value of 1.7±0.9 meV",2025-03-01,,matteroffact,Refuted,"[{""bias"": ""Time-saving bias"", ""confidence"": 0.3197}]",Supported,
2409.20312v1_9_F,The spin-spin coupling between Fe atoms in Fe-PTO chains on Ag(111) occurs primarily through direct exchange between overlapping d-orbitals of neighboring Fe atoms.,2024-09-01,,matteroffact,Refuted,,Supported,
2311.05696v2_9_F,"In bidisperse suspensions with size ratio Δ=4 at high stress (σ/σ_0=100), large-small particle contacts contribute at most 40% of the overall viscosity and are never the dominant contributor to viscosity at any mixing ratio.",2023-11-01,,matteroffact,Refuted,"[{""bias"": ""Outcome bias"", ""confidence"": 0.3187}]",Supported,
2502.14798v1_16_T,"Germanium-based chalcogenide perovskites offer significant environmental advantages over lead-based halide perovskites due to their non-toxic composition and use of earth-abundant constituents, while maintaining comparable or superior optoelectronic performance.",2025-02-01,,matteroffact,Supported,,Supported,
2411.17368v2_0_F,"The impedance function of a finite-length resistor-constant phase element transmission line can be expressed as Z(sn) = sn^(-α/2) tanh(sn^(α/2)), where sn is a normalized frequency and α is the dispersion coefficient of the CPE.",2024-11-01,,matteroffact,Refuted,"[{""bias"": ""Planning Fallacy"", ""confidence"": 0.363}]",Supported,
2403.06305v1_5_F,The unusual broadening of the (104) diffraction peaks in ScF₃ films is attributed to poor epitaxial growth and large mosaic spread around the [001] axis.,2024-03-01,,matteroffact,Refuted,,Supported,
2401.06319v2_13_T,"The d-bands in Cu and Au begin to contribute to the electron density of states below -1.5 eV relative to the Fermi level, while in Ag they start contributing below -2.75 eV.",2024-01-01,,matteroffact,Supported,"[{""bias"": ""Time-saving bias"", ""confidence"": 0.348}]",Supported,
2405.11460v1_16_T,"The activation energy for electric modulus relaxation in Na₃₊ₓZr₂₋ₓPrₓSi₂PO₁₂ (x = 0.05-0.2) ceramics is 0.26±0.01 eV for all samples, indicating a similar type of thermal activation across different Pr doping concentrations.",2024-05-01,,matteroffact,Supported,"[{""bias"": ""Outcome bias"", ""confidence"": 0.3409}]",Supported,
2312.05174v1_0_F,Nanotexturing copper powder through chemical etching decreases its absorptivity by up to 30% during laser powder bed fusion at 1070 nm wavelength,2023-12-01,,matteroffact,Refuted,,Supported,
2310.04841v1_13_F,"Similar to transition metal nitrides, the conventional monovacancy mechanism of metal self-diffusion in titanium carbide has been straightforward to reconcile with experimental observations.",2023-10-01,,matteroffact,Refuted,"[{""bias"": ""Pro-Innovation Bias"", ""confidence"": 0.4931}]",Supported,
2401.15936v1_2_F,Closed-space annealing improves carrier collection in selenium thin-film solar cells by increasing the carrier diffusion length,2024-01-01,,matteroffact,Refuted,"[{""bias"": ""curse of knowledge"", ""confidence"": 0.3668}]",Supported,
2401.15420v1_5_F,The NVP/C cathode material in a half-cell configuration delivers a specific discharge capacity of 150 mAh/g at 0.1 C with a capacity retention of 75% after 55 cycles at various current rates.,2024-01-01,,matteroffact,Refuted,"[{""bias"": ""Time-saving bias"", ""confidence"": 0.4389}]",Supported,
2407.11580v1_7_F,The DSC measurements and corresponding simulations for LPBF AlSi10Mg were conducted with a heating rate of 5 K/min.,2024-07-01,,matteroffact,Refuted,,Supported,
2412.18878v1_8_T,The ENZ wavelength shift in PEDOT films is achieved through a reversible change in hole concentrations originated from polaron formation and decoupling following optical excitation,2024-12-01,,matteroffact,Supported,,Supported,
2502.11628v1_7_F,"FEM simulations of indentation tests on silicon show perfect quantitative agreement with EBSD-measured strain components in all regions, including the central area of the indenter.",2025-02-01,,matteroffact,Refuted,,Refuted,
2407.16044v1_3_T,"Asymmetrically strained bilayer graphene with strain values of εx = -0.15 and εy = 0.15 exhibits a bandgap of 0.0272 eV, which is significantly smaller than the 0.39 eV bandgap achievable in monolayer graphene",2024-07-01,,matteroffact,Supported,"[{""bias"": ""Time-saving bias"", ""confidence"": 0.7334}]",Supported,
2502.19772v1_11_T,"Deep electronic surface states in CsPbBr3 are rare, short-lived, and not energetically isolated, preventing them from acting as effective charge carrier traps.",2025-02-01,,matteroffact,Supported,,Supported,
2503.05525v1_5_F,"The neural network model's prediction error of 10.6 meV/atom is significantly higher than the typical experimental error of high-quality calorimetric measurements, which is approximately 5 meV/atom",2025-03-01,,matteroffact,Refuted,,Supported,
2412.10896v3_10_T,The SPMe model fitted to measured LG M50LT battery impedance data achieves mean relative fitting errors between 1.78% and 5.79% across different states-of-charge from 20% to 80%.,2024-12-01,,matteroffact,Supported,"[{""bias"": ""subadditivity effect"", ""confidence"": 0.4319}]",Supported,
2312.03989v1_16_T,The rare event detection framework is specifically tuned to detect anomalies in diffraction spots induced by crystallographic slip and is insensitive to deformation carried by fracturing of grains.,2023-12-01,,matteroffact,Supported,"[{""bias"": ""Bias blind spot"", ""confidence"": 0.6623}]",Supported,
2411.03664v1_15_T,"Chiral charge density wave materials can remain metallic at low temperatures, with electron and hole pockets persisting at the Fermi level even after the CDW transition.",2024-11-01,,matteroffact,Supported,,Supported,
2409.07058v3_9_F,"The total spin magnetic moments calculated for hexa-Fe₃C, hexa-Co₃C, ortho-Fe₃C, and ortho-Co₃C are 4.5, 4.2, 3.8, and 3.5 μB per formula unit respectively, with similar values across all compounds regardless of Fe or Co content.",2024-09-01,,matteroffact,Refuted,"[{""bias"": ""subadditivity effect"", ""confidence"": 0.5423}]",Supported,
2310.13945v1_6_F,"F4̄3m Sr₂B₅ exhibits a lower density of states at the Fermi level compared to MgB₂, with metal atoms contributing more significantly than boron atoms to the electronic states.",2023-10-01,,matteroffact,Refuted,,Supported,
2502.03739v1_0_T,"The energy costs for transitioning between different stacking patterns in CrSBr bilayers (AA-0 to AA-1, AB-0, and AB-1) are 19, 29, and 38 meV per formula unit, respectively, which are comparable to the energy costs observed in MoS2 bilayers.",2025-02-01,,matteroffact,Supported,"[{""bias"": ""Time-saving bias"", ""confidence"": 0.7408}]",Supported,
2404.16031v1_5_T,Increasing growth velocity in the banding regime of rapidly solidified Mg alloy leads to a reduction in the width of the patterned/segregated regions within the bands,2024-04-01,,matteroffact,Supported,,Supported,
2311.07943v2_5_T,The critical transition temperature of 30.7 K in air-annealed CaFeAsF is approximately 10 K higher than that observed in Co-doped CaFeAsF.,2023-11-01,,matteroffact,Supported,,Supported,
2403.07416v2_4_T,Diverging grain boundaries with grains growing in opposite lateral directions (α1×α2<0) exhibit the highest stochastic variability in orientation during directional solidification of hcp alloys.,2024-03-01,,matteroffact,Supported,,Supported,
2409.06549v1_8_F,The interface quality between substrate and bottom electrode has minimal impact on ferroelectric phase stability in HZO thin films compared to the HZO growth parameters,2024-09-01,,matteroffact,Refuted,"[{""bias"": ""Bias blind spot"", ""confidence"": 0.5231}]",Supported,
2503.07460v1_9_F,Machine-learned interatomic potentials can model optoionic effects in solar battery materials without any modifications to incorporate electronic degrees of freedom.,2025-03-01,,matteroffact,Refuted,"[{""bias"": ""Bias blind spot"", ""confidence"": 0.4079}, {""bias"": ""clustering illusion"", ""confidence"": 0.3423}]",Refuted,
2407.21337v1_11_T,Using rigid bodies in crystal structure prediction reduces the dimensionality of the phase space from 84 to 44 dimensions for Na₆Ge₂Se₆ without symmetry constraints.,2024-07-01,,matteroffact,Supported,,Supported,
2405.11460v1_13_T,"The dielectric loss (tan δ) peaks in Na₃₊ₓZr₂₋ₓPrₓSi₂PO₁₂ (x = 0.05-0.2) ceramics shift toward higher temperatures with increasing frequency, exhibiting Arrhenius-type thermally activated relaxation.",2024-05-01,,matteroffact,Supported,,Supported,
2403.07416v2_1_F,"During directional solidification of hcp alloys, an increase in temperature gradient within the dendritic regime causes a transition from favorably oriented grain limit to geometrical limit behavior in grain growth competition.",2024-03-01,,matteroffact,Refuted,,Supported,
2408.06128v1_0_F,Strontium metal exhibits a 50% decrease in superconducting critical temperature (Tc) within the pressure range of 35-42 GPa when compressed at low temperatures compared to when compressed at room temperature.,2024-08-01,,matteroffact,Refuted,,Supported,
2408.06641v2_12_F,"Al is the most suitable dopant for Cr3Si in applications requiring balanced mechanical and thermal properties, as it preserves isotropic mechanical behavior while introducing beneficial effects such as thermal stability.",2024-08-01,,matteroffact,Refuted,,Supported,
2312.05174v1_9_F,The enhanced absorptivity of nanotextured metal powders results primarily from chemical changes to the powder surface composition during the etching process,2023-12-01,,matteroffact,Refuted,"[{""bias"": ""curse of knowledge"", ""confidence"": 0.4537}]",Supported,
2407.20599v1_4_F,The cooperative effect in transverse thermoelectric responses of film-substrate systems requires only a difference in electrical conductivity between the film and substrate materials.,2024-07-01,,matteroffact,Refuted,,Refuted,
2412.17216v1_11_F,"Liquid bulk water simulations at 300 K use 512 water molecules in a cubic box with a length of 24.8 Å, while ice I_h simulations at 150 K use 128 water molecules in a cubic box",2024-12-01,,matteroffact,Refuted,"[{""bias"": ""Time-saving bias"", ""confidence"": 0.659}]",Supported,
2502.12144v1_11_T,"The Fermi surface of finite-layer nickelates Nd₍ₙ₊₁₎Ni₍ₙ₎O₍₂ₙ₊₂₎ evolves with increasing n, with the A pocket emerging as a tube for n≥5 and a second tube appearing for n=7.",2025-02-01,,matteroffact,Supported,,Supported,
2404.12191v1_7_T,TMM-Sim can simulate devices with up to 10 stacked layers in both bilayer and bulk heterojunction structures.,2024-04-01,,matteroffact,Supported,,Supported,
2408.06641v2_5_F,"The elastic constants of undoped Cr3Si calculated using VASP-PBE are C11 = 490.2 GPa, C12 = 127.9 GPa, and C44 = 145.6 GPa.",2024-08-01,,matteroffact,Refuted,"[{""bias"": ""subadditivity effect"", ""confidence"": 0.3649}, {""bias"": ""Time-saving bias"", ""confidence"": 0.3258}]",Supported,
2503.14952v1_5_T,The full width at half maximum (FWHM) of the valence band in La1.5Mg0.5Ni7 (2.2 eV) is narrower than in La2Ni7 (2.7 eV) as measured by X-ray photoelectron spectroscopy.,2025-03-01,,matteroffact,Supported,"[{""bias"": ""Time-saving bias"", ""confidence"": 0.7317}]",Supported,
2412.09533v1_16_F,"In metal oxide semiconductors, large Urbach energies at the valence band maximum enhance hole mobility by creating delocalized states that facilitate band-like transport, making p-type behavior easier to achieve.",2024-12-01,,matteroffact,Refuted,,Supported,
2501.13547v1_8_T,The full width at half maximum in the NMR spectrum of LaRhGe₃ is 1 kHz for the center peak and 5 kHz for the first satellite peaks.,2025-01-01,,matteroffact,Supported,,Supported,
2404.07848v1_7_T,The Gaussian width parameter for graphite electrodes varies from 0.207 Å at the point of zero charge to 0.764 Å at an applied potential of 2 V.,2024-04-01,,matteroffact,Supported,"[{""bias"": ""Time-saving bias"", ""confidence"": 0.9062}]",Supported,
2407.01918v1_6_T,"In both one-dimensional and three-dimensional solid electrolytes, the energy dissipation experienced by mobile ions decreases at high speeds, with the transverse dissipation channel scaling as 1/v² and the longitudinal channel scaling as 1/v⁴, where v is the ion's speed.",2024-07-01,,matteroffact,Supported,"[{""bias"": ""Time-saving bias"", ""confidence"": 0.8432}]",Supported,
2408.06641v2_9_T,"Al and Ga doping significantly increase the elastic anisotropy of Cr3Si, while Ge doping maintains relatively isotropic mechanical behavior.",2024-08-01,,matteroffact,Supported,,Supported,
2411.07624v2_13_T,"The misfit compound (PbS)₁.₁₃(TaS₂) exhibits Ising superconductivity, characterized by the in-plane upper critical field exceeding the Pauli paramagnetic limit and strong spin-valley locking due to its non-centrosymmetric structure.",2024-11-01,,matteroffact,Supported,,Supported,
2401.15936v1_14_F,Closed-space annealing improves electrical contact between functional layers in selenium solar cells by creating new interfacial chemical bonds through high-temperature chemical reactions between the absorber and contact materials,2024-01-01,,matteroffact,Refuted,"[{""bias"": ""clustering illusion"", ""confidence"": 0.4304}, {""bias"": ""curse of knowledge"", ""confidence"": 0.3269}]",Supported,
2311.15791v1_3_F,1T-TaS₁.₂Se₀.₈ undergoes a phase transition from the NCCDW phase to the mosaic phase at approximately 180 K during cooling.,2023-11-01,,matteroffact,Refuted,,Supported,
2409.09176v1_2_T,"In transition metal oxides, charge transfer energy decreases approximately linearly with increasing formal oxidation state of the cation and generally decreases along the 3d series from Ti to Cu.",2024-09-01,,matteroffact,Supported,,Supported,
2412.02812v4_3_F,"Growing bct Co₁₋ₓMnₓ films on substrates with smaller lattice constants than MgO(001), such as GaAs(001) or BaTiO₃(110), decreases the average atomic moment to 2.30 μB/atom for x = 0.25.",2024-12-01,,matteroffact,Refuted,"[{""bias"": ""Time-saving bias"", ""confidence"": 0.5345}]",Supported,
2405.11460v1_12_F,"The AC conductivity of Na₃₊ₓZr₂₋ₓPrₓSi₂PO₁₂ (x = 0.05-0.2) ceramics follows a modified power law with the exponent parameter 's' decreasing with temperature, confirming quantum mechanical tunneling conduction.",2024-05-01,,matteroffact,Refuted,,Supported,
2503.21520v1_16_T,"The enhanced coherent acoustic phonon properties of WSSe, including higher amplitude and longer lifetime compared to symmetric TMDCs, make it a promising material for applications in optomechanical and nanoacoustic devices.",2025-03-01,,matteroffact,Supported,"[{""bias"": ""Pro-Innovation Bias"", ""confidence"": 0.7501}]",Supported,
2402.08326v2_6_F,"The shear modulus of fullerene C60 calculated using different methods (analytical model, DFT, and Tersoff potential) falls within the range of 20-25 GPa, which is comparable to that of aluminum (26 GPa).",2024-02-01,,matteroffact,Refuted,,Supported,
2411.08940v1_5_T,"In alkaline water electrolyzers, void fraction in the bulk electrolyte increases with height along the cell, while void fraction in the gap region remains consistent throughout the cell height",2024-11-01,,matteroffact,Supported,"[{""bias"": ""Time-saving bias"", ""confidence"": 0.324}]",Supported,
2310.03080v2_14_F,A CDW distortion parameter of α=2 in monolayer NbSe2 produces significant changes in the electronic density of states and corresponding changes in the high harmonic generation spectra.,2023-10-01,,matteroffact,Refuted,"[{""bias"": ""Outcome bias"", ""confidence"": 0.3538}]",Supported,
2407.04126v2_16_T,"The three investigated grain boundaries in Li₆PS₅Cl exhibit distinct structural features: Σ3(1̄12)[110] forms voids at the GB plane, Σ3(1̄11)[110] preserves the cage structure, and Σ5(001)[001] develops an amorphous-like region",2024-07-01,,matteroffact,Supported,"[{""bias"": ""subadditivity effect"", ""confidence"": 0.5261}]",Supported,
2408.15684v1_1_T,The insertion of graphene at the Mo foil/CZTSSe interface reduces the back contact barrier height from 0.42 eV to 0.32 eV,2024-08-01,,matteroffact,Supported,"[{""bias"": ""Time-saving bias"", ""confidence"": 0.8927}]",Supported,
2408.08791v2_6_F,"The Dissipative Split-Charge Equilibration model can only simulate conservative forces between charged particles and metallic surfaces, and cannot account for dissipative effects or friction.",2024-08-01,,matteroffact,Refuted,"[{""bias"": ""Bias blind spot"", ""confidence"": 0.7922}]",Refuted,
2412.12344v1_12_T,The non-monotonic temperature dependence of supercurrent diode effect in helimagnetic Josephson junctions results from competition between supercurrent carried by states near zero energy and that carried by lower energy states,2024-12-01,,matteroffact,Supported,,Supported,
2501.01133v3_3_F,The energy difference between equivalent out-of-plane configurations of the neutral boron antisite in h-BN is 30 meV when calculated with the HSE functional.,2025-01-01,,matteroffact,Refuted,,Supported,
2502.12144v1_6_F,"The superconducting properties of finite-layer nickelates require multi-orbital calculations including all Ni 3d and Nd 5d orbitals, as the strong hybridization between these orbitals significantly affects the superconducting mechanism.",2025-02-01,,matteroffact,Refuted,,Supported,
2502.12144v1_9_T,"Growing finite-layer nickelates Nd₍ₙ₊₁₎Ni₍ₙ₎O₍₂ₙ₊₂₎ on a NdGaO₃ substrate constrains the in-plane lattice constant, resulting in consistent hopping parameters across different layers and different values of n.",2025-02-01,,matteroffact,Supported,"[{""bias"": ""Bias blind spot"", ""confidence"": 0.3169}]",Supported,
2404.17584v1_14_F,The homogenization problem for anisotropic aggregates requires solving the full boundary value problem for each new microstructure and cannot be approximated by neural networks without significant loss of accuracy.,2024-04-01,,matteroffact,Refuted,"[{""bias"": ""Bias blind spot"", ""confidence"": 0.4631}]",Supported,
2501.01133v3_3_T,The energy difference between equivalent out-of-plane configurations of the neutral boron antisite in h-BN is 2 meV when calculated with the HSE functional.,2025-01-01,,matteroffact,Supported,,Supported,
2503.01590v1_4_F,"Automated workflows for calculating Hubbard parameters achieve only a 75% success rate on Li-bearing bulk solids, with manual intervention required to resolve errors in 15% of the calculations",2025-03-01,,matteroffact,Refuted,,Supported,
2408.08791v2_6_T,"The Dissipative Split-Charge Equilibration model can simulate friction caused by charged particles moving past metallic or highly polarizable media, reproducing both Ohmic resistance effects and approach-retraction hysteresis.",2024-08-01,,matteroffact,Supported,,Supported,
2404.11300v1_3_F,A skewed non-Fermi liquid state with asymmetric inelastic scattering cannot account for the negatively enhanced thermopower observed near the Van Hove singularity in electron-doped Sr₂RuO₄,2024-04-01,,matteroffact,Refuted,,Supported,
2410.14562v1_13_F,"In NH4+-intercalated vanadium pentoxide, electrons from NH4+ ions are uniformly distributed across all vanadium sites due to band structure effects, which can be accurately modeled using standard DFT without additional corrections.",2024-10-01,,matteroffact,Refuted,"[{""bias"": ""Bias blind spot"", ""confidence"": 0.4471}]",Supported,
2411.07624v2_14_F,"The misfit compound (PbS)₁.₁₃(TaS₂) exhibits single-gap superconductivity with conventional BCS behavior, as evidenced by the temperature dependence of the upper critical field and the specific heat jump at the transition matching the BCS prediction.",2024-11-01,,matteroffact,Refuted,"[{""bias"": ""Bias blind spot"", ""confidence"": 0.3793}]",Supported,
2406.16398v2_14_F,The background permittivity (ε_∞) used in the Drude-Lorentz model for AV3Sb5 is 1.,2024-06-01,,matteroffact,Refuted,,Refuted,
2401.15420v1_0_F,The HC||NVP/C full cell sodium-ion battery demonstrates a low operating voltage of approximately 2.0 V with high polarization of 0.5 V.,2024-01-01,,matteroffact,Refuted,,Supported,
2406.04713v1_13_F,Modeling crystal distributions is straightforward because the variables have similar mathematical structures that can be handled with standard machine learning approaches,2024-06-01,,matteroffact,Refuted,,Refuted,
2404.13293v1_7_T,"The net Rashba effect in GeTe thin films is tunable through domain wall migration, as the strength of the Rashba effect increases in a domain when it expands upon domain wall motion.",2024-04-01,,matteroffact,Supported,,Supported,
2408.06641v2_14_F,"The elastic constants C11, C12, and C44 of Cr3Si consistently increase with increasing dopant concentration for all three dopants (Ge, Ga, Al), with Ge doping causing the most significant enhancements.",2024-08-01,,matteroffact,Refuted,,Supported,
2403.19614v1_11_T,"The reproducibility of Josephson junctions in 30 kV e-beam lithography is significantly influenced by the distribution of backscattered electrons, which can be optimized through strategic geometry selection rather than relying solely on proximity effect correction.",2024-03-01,,matteroffact,Supported,"[{""bias"": ""Bias blind spot"", ""confidence"": 0.3338}]",Supported,
2312.03989v1_15_F,The rare event detection framework is primarily designed for post-experiment analysis and cannot provide real-time guidance during ongoing experiments.,2023-12-01,,matteroffact,Refuted,"[{""bias"": ""Bias blind spot"", ""confidence"": 0.7921}]",Refuted,
2405.18150v1_4_F,The Coulomb interaction strength in titanium nitride (6.26-8.5 eV) is smaller than in superconducting cuprates (approximately 9.2 eV) and parent compounds of superconducting nickelates (approximately 10 eV).,2024-05-01,,matteroffact,Refuted,"[{""bias"": ""Time-saving bias"", ""confidence"": 0.5398}]",Supported,
2310.04841v1_6_T,The formation energy of a Schottky defect in titanium compounds decreases from 7.42 eV in TiC to 2.14 eV in TiN to -4.48 eV in TiO.,2023-10-01,,matteroffact,Supported,"[{""bias"": ""Time-saving bias"", ""confidence"": 0.9669}]",Refuted,
2503.01518v1_10_T,The stress-free transformation strain for T1 precipitates with a thickness of 2.437 nm in Al-Cu-Li alloys is approximately -5.09%.,2025-03-01,,matteroffact,Supported,"[{""bias"": ""Planning Fallacy"", ""confidence"": 0.4556}, {""bias"": ""Time-saving bias"", ""confidence"": 0.3332}]",Supported,
2401.06090v1_10_T,Richards's spectral density function with a logarithmic frequency dependence accurately describes two-dimensional Li⁺ diffusion in crystalline materials.,2024-01-01,,matteroffact,Supported,,Supported,
2411.16279v1_6_F,"The zero-temperature band gaps calculated for silver chalcohalide antiperovskites are 2.2 eV for Ag₃SBr, 1.9 eV for Ag₃SI, 2.0 eV for Ag₃SeBr, and 1.7 eV for Ag₃SeI.",2024-11-01,,matteroffact,Refuted,"[{""bias"": ""subadditivity effect"", ""confidence"": 0.5676}]",Supported,
2405.10644v1_15_T,"The tetragonal infinite-layer NdNiO₂ phase has lattice parameters of a = 0.392 nm and c = 0.328 nm, resulting in a lattice mismatch of approximately -0.4% with SrTiO₃ (a = 0.391 nm) and a much larger mismatch of approximately +2.5% with the perovskite NdNiO₃ precursor phase (pseudocubic lattice parameter of 0.381 nm).",2024-05-01,,matteroffact,Supported,"[{""bias"": ""Time-saving bias"", ""confidence"": 0.7879}]",Supported,
2411.17368v2_2_F,"The current along a finite-length R-CPE transmission line under galvanostatic charging conditions follows an exponential decay with distance, approaching zero asymptotically.",2024-11-01,,matteroffact,Refuted,"[{""bias"": ""Omission bias"", ""confidence"": 0.3072}]",Supported,
2411.18843v1_1_F,"The A1 phonon mode in tellurium exhibits minimal anharmonicity with a cubic anharmonic term coefficient of -1.25 meV/amu^(3/2)Å^3, which is smaller in magnitude than its quartic term coefficient of 3.75 meV/amu^2Å^4.",2024-11-01,,matteroffact,Refuted,"[{""bias"": ""Time-saving bias"", ""confidence"": 0.4765}]",Supported,
2411.12896v1_6_T,"The EPR g-values for doped AlGaN increase with aluminum content, with measured values of 1.9749 for Ge-doped AlGaN with 50% Al, 1.9777 for Ge-doped AlGaN with 65% Al, and 1.9791 for Si-doped AlGaN with 65% Al",2024-11-01,,matteroffact,Supported,"[{""bias"": ""subadditivity effect"", ""confidence"": 0.424}]",Supported,
2411.04807v1_14_T,The constrained charge equilibration (CQEq) method is promising for combination with machine learning force fields to study non-adiabatic charge transfer in the condensed phase.,2024-11-01,,matteroffact,Supported,"[{""bias"": ""curse of knowledge"", ""confidence"": 0.379}]",Supported,
2411.19257v1_4_F,"The formation enthalpies of arsenide-based dilute bismide alloys are approximately 10 times lower than those of antimonide-based alloys, with InAs₁₋ₓBiₓ having a formation enthalpy of 2.56 meV/2 atoms at 3.125% Bi compared to 10.82 meV/2 atoms for InSb₁₋ₓBiₓ.",2024-11-01,,matteroffact,Refuted,"[{""bias"": ""Time-saving bias"", ""confidence"": 0.7781}]",Supported,
2311.14529v1_5_T,"In additively manufactured Al-Mn-Cr-Zr alloys heat treated at 375°C, Mn-rich precipitates at grain boundaries reach saturation after approximately 6 hours.",2023-11-01,,matteroffact,Supported,,Supported,
2310.03638v1_12_F,Pt/Co/Re trilayers with maximized Co/Re intermixing could be used for high-density magnetic memory devices in technological applications.,2023-10-01,,matteroffact,Refuted,"[{""bias"": ""Pro-Innovation Bias"", ""confidence"": 0.7969}]",Supported,
2404.08651v1_5_T,Reducing electron mobility from 7.0 cm²/V·s to 1.0 cm²/V·s and hole mobility from 0.18 cm²/V·s to 0.05 cm²/V·s in the intrinsic layer increases the open circuit voltage while decreasing the fill factor.,2024-04-01,,matteroffact,Supported,"[{""bias"": ""Time-saving bias"", ""confidence"": 0.9749}]",Refuted,
2502.20005v1_2_F,The optical oscillator strengths for transitions between valence and conduction bands in strained cubic semiconductors increase linearly with the magnitude of the applied strain.,2025-02-01,,matteroffact,Refuted,"[{""bias"": ""curse of knowledge"", ""confidence"": 0.3426}]",Supported,
2411.16279v1_4_T,"Low-energy optical polar phonon modes of approximately 10 meV cause the most significant band gap reductions in silver chalcohalide antiperovskites, followed by high-energy lattice vibrations of approximately 200 meV.",2024-11-01,,matteroffact,Supported,,Supported,
2406.13900v1_6_F,"At the enhanced spin-orbit coupling value of 250 meV in Sr₂RuO₄ surface state, the orbital mixing ratio remains below 30% around most of the Fermi pocket, preserving strong orbital selectivity similar to the DFT-predicted SOC value of 100 meV.",2024-06-01,,matteroffact,Refuted,"[{""bias"": ""Pseudocertainty effect"", ""confidence"": 0.3316}]",Supported,
2502.19140v1_13_T,"Reducing titanium content in the δ-phase composition may lead to larger spinel domains, which would diminish the ability to suppress the Jahn-Teller distortion and the two-phase cubic-to-tetragonal transformation, potentially degrading electrochemical performance.",2025-02-01,,matteroffact,Supported,"[{""bias"": ""Omission bias"", ""confidence"": 0.3672}]",Supported,
2504.05858v1_17_T,"The activation energy for electric modulus relaxation in Na₃Zr₂₋ₓTiₓSi₂PO₁₂ materials is approximately 0.27 eV across all compositions, indicating a similar relaxation process for all Ti doping levels.",2025-04-01,,matteroffact,Supported,"[{""bias"": ""Outcome bias"", ""confidence"": 0.4046}]",,Failed to get valid prediction
2408.09073v1_4_F,The background signal in magnetic measurements of hydride materials under high pressure is small compared to the sample signal and remained consistent between experiments,2024-08-01,,matteroffact,Refuted,"[{""bias"": ""Bias blind spot"", ""confidence"": 0.371}]",Supported,
2310.14013v1_15_T,"Increasing cohesion in powder spreading leads to systematic changes in multiple surface roughness parameters, including increased arithmetic mean height, increased root mean square height, transition from negative to positive skewness, and transition from high to low kurtosis.",2023-10-01,,matteroffact,Supported,,Supported,
2503.13734v1_14_F,"Steels are superior to multi-principal element alloys in balancing the trade-offs between strength and toughness at low temperatures, with minimal overlap in their performance characteristics",2025-03-01,,matteroffact,Refuted,"[{""bias"": ""Distinction bias"", ""confidence"": 0.3687}]",Refuted,
2403.14215v1_1_T,"The lattice parameters a and c of Mn₅(Si_xGe_1-x)₃ thin films decrease linearly with increasing silicon concentration, with parameter a decreasing from 7.18 Å at x=0 to approximately 6.91 Å at x=1, and parameter c decreasing from 5.05 Å to 4.81 Å over the same range",2024-03-01,,matteroffact,Supported,"[{""bias"": ""Time-saving bias"", ""confidence"": 0.9505}]",Supported,
2402.17557v3_4_F,"The volume expansion of Li₍ₓ₎Sr₂Co₂O₅ increases exponentially with lithium concentration, reaching about 15% expansion at full lithium occupancy (x=1.0).",2024-02-01,,matteroffact,Refuted,,Supported,
2411.01127v1_3_T,"The dephasing length in disordered 2D electron systems follows a power-law temperature dependence of the form L_φ ∝ T^(-p), where p is a positive constant that characterizes the strength of electron scattering processes.",2024-11-01,,matteroffact,Supported,,Supported,
2408.13419v1_2_T,"The ¹H-NMR resonance line-width in lanthanum superhydride (LaH₁₀.₅) at 170 GPa is approximately 1.35 kHz FWHM, which is significantly narrower than the expected Pake-like line-width of 90-120 kHz for static hydrogen atoms at the calculated interatomic distances.",2024-08-01,,matteroffact,Supported,,Supported,
2407.04788v1_12_T,TPDH-graphene is predicted to exhibit good performance during lithium-ion battery charge and discharge cycles due to its low diffusion barriers and moderate lithium adsorption energy,2024-07-01,,matteroffact,Supported,"[{""bias"": ""Pro-Innovation Bias"", ""confidence"": 0.3247}]",Supported,
2412.02812v4_4_F,Co-rich Co₁₋ₓMnₓ alloys exhibit only a single stable bcc structural phase regardless of the substrate lattice constant.,2024-12-01,,matteroffact,Refuted,,Refuted,
2410.08357v1_11_F,Decreasing the width of the grain boundary region in lithium intermetallic anodes by a factor of 1/2 leads to decreased void formation and suppression of the equimolar LiZn phase.,2024-10-01,,matteroffact,Refuted,,Supported,
2404.09806v1_16_T,"During heat treatment of L-PBF Ti-6Al-4V, β phase regions develop a distinctive stepped topography visible in secondary electron micrographs at temperatures of 850°C and above.",2024-04-01,,matteroffact,Supported,"[{""bias"": ""curse of knowledge"", ""confidence"": 0.3532}]",Supported,
2411.07624v2_4_T,"In (PbS)₁.₁₃(TaS₂), approximately 0.2 electrons per unit cell are transferred from the PbS layers to the TaS₂ layers, resulting in a chemical potential shift of 150 meV compared to 2H-TaS₂.",2024-11-01,,matteroffact,Supported,"[{""bias"": ""Time-saving bias"", ""confidence"": 0.7264}]",Supported,
2408.00042v3_5_F,TaP in space group 141 (I4₁/amd) exhibits symmetry-enforced Z₂ topology with helical surface states appearing in every bulk gap when a slab geometry with termination in the z direction is created.,2024-08-01,,matteroffact,Refuted,,Supported,
2403.04470v2_7_F,"The simplified theoretical model explains the different behaviors of silica and LaB₆ samples by attributing them to differences in thermal conductivity, with heat dissipation being the primary factor determining evaporation efficiency",2024-03-01,,matteroffact,Refuted,,Supported,
2410.05384v2_0_T,"The interplay between repulsive and attractive interactions on a parent Chern band with quartic dispersion produces a rich phase diagram consisting of metal, quantum anomalous Hall crystal, chiral topological superconductor, and trivial gapped Bose-Einstein condensate phases.",2024-10-01,,matteroffact,Supported,"[{""bias"": ""curse of knowledge"", ""confidence"": 0.432}]",Supported,
2407.20599v1_11_T,"The Seebeck coefficient in film-substrate systems can be expressed as a weighted average of the individual Seebeck coefficients of the film and substrate, with weights determined by the ratio of their electrical resistances.",2024-07-01,,matteroffact,Supported,,Supported,
2311.15472v1_15_T,"The ordering energy in γ-TiAl calculated from density functional theory is -0.12 eV, which falls within the common range for intermetallic compounds.",2023-11-01,,matteroffact,Supported,"[{""bias"": ""Outcome bias"", ""confidence"": 0.3739}]",Supported,
2404.00214v1_13_F,"The magnetism in Ruddlesden-Popper ruthenates Sr(n+1)Ru(n)O(3n+1) is primarily determined by the in-plane Ru-O-Ru bond angle, with ferromagnetism favored by larger bond angles",2024-04-01,,matteroffact,Refuted,"[{""bias"": ""subadditivity effect"", ""confidence"": 0.4186}]",Supported,
2409.06549v1_5_F,"In HZO films grown on LSMO-buffered STO(001) substrate, the interplanar spacing is uniform at 2.95 Å along all crystallographic directions",2024-09-01,,matteroffact,Refuted,,Supported,
2409.18210v1_9_F,HfO₂-based RRAM devices typically form multiple current filaments that change position during extended operation,2024-09-01,,matteroffact,Refuted,,Supported,
2411.17360v1_3_F,Oxygen doping in Al0.73Sc0.27N thin films causes a significant increase of approximately 0.5 eV in both direct and indirect optical bandgaps.,2024-11-01,,matteroffact,Refuted,"[{""bias"": ""Outcome bias"", ""confidence"": 0.3159}]",Supported,
2411.10522v1_6_T,"The superconducting transition in H₃S broadens under applied magnetic fields, with this broadening quantified in experimental measurements as shown in comparative data plots.",2024-11-01,,matteroffact,Supported,,Supported,
2408.06641v2_0_T,Doping Cr3Si with Ge increases the lattice constant from 4.50 Å for undoped Cr3Si to 4.51-4.53 Å as doping concentrations increase from 12.5% to 50%.,2024-08-01,,matteroffact,Supported,"[{""bias"": ""Time-saving bias"", ""confidence"": 0.9816}]",Supported,
2404.09806v1_11_T,"Heat-treated L-PBF Ti-6Al-4V with dual α+β microstructures can achieve ultimate tensile strengths of 900-1100 MPa with elongation to failure of 10-15%, offering better ductility than as-built martensitic structures.",2024-04-01,,matteroffact,Supported,"[{""bias"": ""Outcome bias"", ""confidence"": 0.3199}]",Supported,
2502.15531v1_7_F,"The interaction between dopants and I3-type basal stacking faults in hexagonal-diamond silicon is determined solely by the electronic band structure of the material, with no significant contribution from steric effects, electrostatic interactions, or wave function symmetry changes.",2025-02-01,,matteroffact,Refuted,"[{""bias"": ""Bias blind spot"", ""confidence"": 0.6042}]",Refuted,
2410.20744v1_0_F,The 2H phase of Janus WSeH and WSH monolayers has lower energy than the 1T phase and is dynamically stable without applied strain.,2024-10-01,,matteroffact,Refuted,,Supported,
2311.15791v1_12_T,The optical conductivity of the incommensurate charge density wave (ICCDW) phase in 1T-TaS₂₋ₓSeₓ is characterized by a nearly frequency-independent free charge response.,2023-11-01,,matteroffact,Supported,,Supported,
2407.10282v1_7_T,"The ultrasonic vibration amplitude measured directly using high-speed X-ray imaging during melt pool formation in Al6061 is approximately 8 μm, with a peak-to-peak amplitude of 16 μm.",2024-07-01,,matteroffact,Supported,"[{""bias"": ""Time-saving bias"", ""confidence"": 0.3068}]",Supported,
2408.03175v1_6_F,A morphogenic interface can only be implemented using electronic sensors and actuators that require external power sources to detect interface morphology and implement feedback.,2024-08-01,,matteroffact,Refuted,"[{""bias"": ""Bias blind spot"", ""confidence"": 0.4001}]",Refuted,
2312.07341v1_10_T,"The Fermi surface of La₃Ni₂O₇ with monolayer-trilayer stacking in the k_z=0 plane consists of four distinct sheets: two circular pockets (β and ε) around Γ, and square-shaped (γ) and rounded (α) pockets around M, with duplicated features (α′, β′).",2023-12-01,,matteroffact,Supported,,Supported,
2401.05568v1_4_F,The MEAM model for NiTi accurately predicts all thirteen B19' elastic constants with errors less than 50 GPa compared to PBE DFT.,2024-01-01,,matteroffact,Refuted,,Refuted,
2407.04788v1_11_T,"The combination of tetragonal, pentagonal, decagonal, and hexagonal carbon rings in TPDH-graphene creates a structure that facilitates lithium adsorption and diffusion for battery applications",2024-07-01,,matteroffact,Supported,"[{""bias"": ""curse of knowledge"", ""confidence"": 0.3628}]",Supported,
2311.15620v1_5_T,"The correlation between tracer ion diffusion coefficient and hopping frequency in solid-state electrolytes is approximately 20%, representing a relatively weak positive correlation.",2023-11-01,,matteroffact,Supported,,Supported,
2401.15420v1_2_F,The sodium-ion diffusion coefficient in the HC||NVP/C full cell battery is in the range of 5-8×10⁻⁹ cm²/s for both anodic and cathodic peaks.,2024-01-01,,matteroffact,Refuted,"[{""bias"": ""Outcome bias"", ""confidence"": 0.3383}]",Supported,
2412.02600v1_11_F,The layered R-3m polymorph of MgZrN2 synthesized via ion exchange is identical to the structure previously reported from thin film sputtering and bulk metathesis reactions.,2024-12-01,,matteroffact,Refuted,"[{""bias"": ""Pro-Innovation Bias"", ""confidence"": 0.3084}]",Refuted,
2411.11618v1_2_T,An overlap of 6.5 nm between MoS2 flakes is sufficient to achieve the maximum possible interflake conductance.,2024-11-01,,matteroffact,Supported,"[{""bias"": ""Time-saving bias"", ""confidence"": 0.5115}]",Refuted,
2406.12453v1_8_F,"Similar to La₃Ni₂O₇, Sr₃Ni₁.₇₅Al₀.₂₅O₇ exhibits significant polymorphism with intergrowth of different phases that limits crystal quality.",2024-06-01,,matteroffact,Refuted,,Supported,
2411.07624v2_7_F,"The lower critical field (Hc1) of (PbS)₁.₁₃(TaS₂) at zero temperature is 5.2 mT, determined using the Ginzburg-Landau relation.",2024-11-01,,matteroffact,Refuted,,Supported,
2310.13945v1_10_F,The F4̄3m Sr₂B₅ structure is only stable at high pressures above 30 GPa and immediately decomposes when pressure is reduced below this threshold.,2023-10-01,,matteroffact,Refuted,,Supported,
2404.00214v1_11_F,The ferromagnetic ground state in tensile-strained Sr3Ru2O7 films is primarily induced by the suppression of RuO6 octahedral rotation in the ab-plane,2024-04-01,,matteroffact,Refuted,,Supported,
2503.07460v1_12_F,"Real-time time-dependent density functional theory (RT-TDDFT) calculations can use time steps of 1 femtosecond or larger, enabling routine simulations of nanosecond-scale dynamics in solar battery materials.",2025-03-01,,matteroffact,Refuted,"[{""bias"": ""curse of knowledge"", ""confidence"": 0.4035}]",Supported,
2407.01918v1_2_T,"The dissipation behavior of mobile ions differs fundamentally between 1D and 3D systems: in 1D systems without harmonic confinement, dissipation diverges at low speeds, while in 3D systems, dissipation is proportional to the ion's speed at low velocities.",2024-07-01,,matteroffact,Supported,,Supported,
2310.14013v1_12_F,The Dirichlet energy of surface height provides no additional information about surface morphology beyond what is already captured by height distribution statistics.,2023-10-01,,matteroffact,Refuted,"[{""bias"": ""Bias blind spot"", ""confidence"": 0.8064}]",Refuted,
2310.14013v1_10_T,Higher cohesion in powder spreading leads to a wider distribution of surface heights despite causing less local height fluctuation at the particle scale.,2023-10-01,,matteroffact,Supported,,Supported,
2404.13959v1_17_T,The modeling approach developed for 3D topological insulator nanostructures is versatile and suitable for accurate simulations of realistic topological material-based nanoelectronic devices and for studying hybrid devices that include superconductivity.,2024-04-01,,matteroffact,Supported,"[{""bias"": ""curse of knowledge"", ""confidence"": 0.3875}]",Supported,
2310.05415v1_0_T,"Substitutional Ti atoms in Cu grain boundaries have negative segregation energies of approximately -0.35 eV at the most favorable sites, indicating Ti preferentially segregates to grain boundaries rather than remaining in the bulk.",2023-10-01,,matteroffact,Supported,,Supported,
2406.12453v1_13_T,"The parent Sr₃Ni₂O₇ phase without aluminum substitution does not form as a Ruddlesden-Popper structure even under enhanced oxygen pressure, instead crystallizing as Sr₉Ni₇O₂₁ in a trigonal R-3c structure.",2024-06-01,,matteroffact,Supported,"[{""bias"": ""Outcome bias"", ""confidence"": 0.3729}]",Supported,
2311.12681v2_9_T,Parallel plate capacitor (PPC) resonators with a-SiC:H dielectric exhibit 15-20 dB higher frequency noise levels in the 1/f region compared to interdigitated capacitor (IDC) and coplanar waveguide (CPW) resonators fabricated on the same chip.,2023-11-01,,matteroffact,Supported,,Supported,
2503.00217v1_2_F,"All studied oxide nanoscrolls have conduction band edges positioned above the hydrogen evolution reaction potential (-4.44 eV), making them suitable as single photocatalysts for complete water splitting.",2025-03-01,,matteroffact,Refuted,,Refuted,
2502.20005v1_12_F,"In strained cubic semiconductors, the conduction electron spin polarization generally lies along the strain direction, regardless of the light excitation direction.",2025-02-01,,matteroffact,Refuted,,Supported,
2411.04481v1_3_T,"Through element substitution, the half semiconductor NaFe5S8 achieves a Néel temperature of 957 K and the bipolar magnetic semiconductor LiFe5O8 reaches a Néel temperature of 1059 K.",2024-11-01,,matteroffact,Supported,"[{""bias"": ""Time-saving bias"", ""confidence"": 0.4205}]",Supported,
2408.01267v4_15_T,"The Jahn-Teller transition in NaNiO₂ is a first-order phase transition, characterized by a mixed-phase region and a discontinuous change in unit cell volume.",2024-08-01,,matteroffact,Supported,,Supported,
2409.18210v1_10_T,Thermal waves in nanoscale materials can be detected through phase lag measurements that show an almost linear decrease with increasing radial distance from a heat source,2024-09-01,,matteroffact,Supported,,Supported,
2501.04124v1_6_F,The SCDFT-BR89-CS functional breaks U(1)×SU(2) gauge invariance by directly substituting the kinetic energy and retaining the Laplacian of the density in the exchange energy expression.,2025-01-01,,matteroffact,Refuted,"[{""bias"": ""Bias blind spot"", ""confidence"": 0.3106}]",Supported,
2504.06595v1_0_T,The time-local approximation for framework response in solid ionic electrolytes is valid when the relevant dynamics of the system are substantially slower than the fastest phonon mode,2025-04-01,,matteroffact,Supported,"[{""bias"": ""Bias blind spot"", ""confidence"": 0.3841}]",Supported,
2402.09770v1_1_T,"In₂Se₃ monolayer transitions from a normal insulator to a topologically nontrivial state when the Fermi level is shifted into the spin-orbit gap, exhibiting gapless edge states.",2024-02-01,,matteroffact,Supported,"[{""bias"": ""curse of knowledge"", ""confidence"": 0.5995}]",Supported,
2406.07144v1_16_F,"Diamond-Like Carbon coatings produced by Electron Cyclotron Resonance Ion Beam Deposition are completely free of oxygen contamination throughout their entire thickness, as evidenced by the absence of C-O and C=O peaks in X-ray Photoelectron Spectroscopy analysis.",2024-06-01,,matteroffact,Refuted,,Refuted,
2408.09073v1_12_T,"The virgin curve of magnetic moment versus field for H₃S crosses zero at approximately 0.3 Tesla, which is inconsistent with superconductivity",2024-08-01,,matteroffact,Supported,,Refuted,
2310.13945v1_4_T,"Among the newly predicted alkaline-earth metal borides other than F4̄3m Sr₂B₅, only Ca₂B₅, P6₃/mmc Sr₂B₅, and BaB exhibit superconductivity, with calculated critical temperatures of 3.6 K, 6.4 K, and 3.9 K at pressures of 30 GPa, 50 GPa, and 80 GPa, respectively.",2023-10-01,,matteroffact,Supported,"[{""bias"": ""subadditivity effect"", ""confidence"": 0.7616}]",Supported,
2403.18743v1_4_F,The radiative quality factor of silicon carbide metasurfaces supporting quasi-bound states in the continuum is inversely proportional to the tilting angle θ of the elliptical holes.,2024-03-01,,matteroffact,Refuted,,Supported,
2502.00798v1_11_T,A 1.0 eV scissor correction was applied to the DeePTB model for GaAs to align the calculated band gaps with experimental values,2025-02-01,,matteroffact,Supported,"[{""bias"": ""Bias blind spot"", ""confidence"": 0.7264}]",Supported,
2311.07943v2_9_F,The partial replacement of fluorine by oxygen in CaFeAsF leads to a contraction of the crystal lattice because the radius of O²⁻ is smaller than that of F⁻.,2023-11-01,,matteroffact,Refuted,,Supported,
2501.15612v1_13_T,"The truncated velocity gauge approach for Floquet engineering has been implemented in the FloqticS computational package, which interfaces with electronic structure codes, is fully parallelized, and can efficiently calculate the optical absorption spectrum of laser-dressed solids",2025-01-01,,matteroffact,Supported,"[{""bias"": ""Bias blind spot"", ""confidence"": 0.3751}]",Supported,
2404.13293v1_12_T,"Domain wall-mediated ferroelectric switching in GeTe thin films may result in incomplete switching with local minima, which could be experimentally verified using transmission electron spectroscopy.",2024-04-01,,matteroffact,Supported,"[{""bias"": ""curse of knowledge"", ""confidence"": 0.4529}]",Supported,
2502.19524v1_0_F,Platinum atoms intercalate at the heterointerface between SiC(0001) and the buffer layer at temperatures above 900°C.,2025-02-01,,matteroffact,Refuted,"[{""bias"": ""curse of knowledge"", ""confidence"": 0.8096}]",Supported,
2311.14529v1_7_F,"The powder bed fusion-laser beam process enables Al-Mn-Cr-Zr alloys to incorporate Mn, Cr, and Zr in solid solution at amounts approximately equal to equilibrium in the as-printed state.",2023-11-01,,matteroffact,Refuted,,Supported,
2311.03271v1_8_T,Crystallographic orientation analysis of twin boundaries in face-centered cubic materials reveals rotation angles between 59.89° and 60.40° around axes with less than 3° deviation from the normal vector,2023-11-01,,matteroffact,Supported,,Supported,
2311.14529v1_16_F,"Chromium remains primarily in solid solution during heat treatment of additively manufactured Al-Mn-Cr-Zr alloys, with minimal participation in precipitation reactions.",2023-11-01,,matteroffact,Refuted,,Supported,
2403.07416v2_0_F,"Selection mechanisms and scaling laws derived for cubic (fcc, bcc) crystals fundamentally differ from those applicable to hexagonal close-packed (hcp) materials, requiring entirely new theoretical frameworks.",2024-03-01,,matteroffact,Refuted,,Supported,
2502.11628v1_3_T,"When reducing EBSD pattern resolution from 1244×1024 to 77×64 pixels with appropriate supersampling, the strain measurement noise increases from 0.073 mm/m to 0.139 mm/m.",2025-02-01,,matteroffact,Supported,"[{""bias"": ""Time-saving bias"", ""confidence"": 0.9464}]",Supported,
2401.15420v1_15_F,"Sodium-ion batteries are disadvantageous for energy storage applications due to the limited geographical availability of sodium and its high cost, making them less economical than lithium-ion batteries despite their higher energy density.",2024-01-01,,matteroffact,Refuted,"[{""bias"": ""Whole only effect"", ""confidence"": 0.3936}]",Refuted,
2311.15472v1_11_F,"During field evaporation of γ-TiAl, aluminum atoms break their in-plane Al-Al bonds at an electrostatic force threshold of approximately 1.9 eV/Å, followed by their out-of-plane Ti-Al bonds at approximately 2.5 eV/Å.",2023-11-01,,matteroffact,Refuted,"[{""bias"": ""Time-saving bias"", ""confidence"": 0.4501}]",Supported,
2502.20261v1_1_F,"In CsPbBr₃, acoustic phonon modes at approximately 2 meV show the most significant increase in occupation with rising temperature, primarily determining the temperature-dependent mobility behavior.",2025-02-01,,matteroffact,Refuted,,Supported,
2411.16279v1_2_T,"When temperature effects are included, the calculated band gaps of Ag₃SBr and Ag₃SI at 400K are approximately 1.1 eV, which aligns with experimental measurements of about 1.0 eV at room temperature.",2024-11-01,,matteroffact,Supported,,Supported,
2503.07474v1_2_F,"In RbV₃Sb₅, only two coherent phonon modes emerge in the CDW phase, with modes at 2.5 THz and 4.0 THz at T = 5 K.",2025-03-01,,matteroffact,Refuted,"[{""bias"": ""Time-saving bias"", ""confidence"": 0.3672}, {""bias"": ""subadditivity effect"", ""confidence"": 0.326}]",Supported,
2502.20005v1_8_T,"For uniaxial strain along the [001] direction in cubic semiconductors, the effective masses of heavy and light holes are given by 1/m*_h± = (1/m_0)(γ_1 ∓ 2ηγ_2), where η is the sign of the strain and γ_1, γ_2 are Luttinger parameters.",2025-02-01,,matteroffact,Supported,,Supported,
2409.01439v2_2_T,The diffraction peak width in DFXM rocking curves broadens as the dislocation density increases in the material.,2024-09-01,,matteroffact,Supported,,Supported,
2407.06148v1_16_F,"Deformation and damage in Zn-Al-Mg coatings occur independently in different phases, with no causal interaction between cracking in the binary eutectic phase and twinning in zinc dendrites.",2024-07-01,,matteroffact,Refuted,,Supported,
2407.01918v1_9_T,"For slow-moving ions in solid electrolytes, the phonon spectrum can be linearized because only low-frequency, long-wavelength modes contribute significantly to dissipation, making the actual dispersion of high-frequency modes irrelevant.",2024-07-01,,matteroffact,Supported,"[{""bias"": ""Bias blind spot"", ""confidence"": 0.4241}]",Supported,
2503.01590v1_15_T,"The selection of which orbitals to apply Hubbard corrections to remains a challenge without a well-defined prescription, requiring human judgment and potentially affecting material property predictions",2025-03-01,,matteroffact,Supported,,Supported,
2401.06319v2_10_T,"The optimized lattice parameter c₀ for the fcc structure is 3.56 Å for Cu, 4.03 Å for Ag, and 4.01 Å for Au, as determined by first-principles calculations.",2024-01-01,,matteroffact,Supported,"[{""bias"": ""subadditivity effect"", ""confidence"": 0.3179}]",Supported,
2411.11618v1_13_T,"Under S-rich conditions, MoS2 flakes evolve from truncated triangular to triangular shapes as ZZ-S edges are progressively replaced by ZZ-Mo-S₂ edges.",2024-11-01,,matteroffact,Supported,,Supported,
2310.07816v2_13_F,Machine learning models for MoS2 thin film classification operate as black boxes with no way to determine which morphological features they use for classification decisions.,2023-10-01,,matteroffact,Refuted,"[{""bias"": ""Bias blind spot"", ""confidence"": 0.9048}]",Refuted,
2408.06641v2_10_F,"Doping Cr3Si with Ge, Ga, or Al increases the Debye temperature and wave velocities, indicating a stiffer lattice and enhanced thermal conductivity.",2024-08-01,,matteroffact,Refuted,,Supported,
2405.18150v1_12_T,High-quality angle-resolved photoelectron spectroscopy measurements of titanium nitride films can be achieved by annealing ex-situ samples at approximately 500°C for 7 hours in vacuum to remove surface contamination.,2024-05-01,,matteroffact,Supported,"[{""bias"": ""curse of knowledge"", ""confidence"": 0.3043}]",Supported,
2405.17550v1_3_F,The number of metallic puddles along a quantum Hall-superconductor edge decreases exponentially with increasing magnetic field and temperature.,2024-05-01,,matteroffact,Refuted,"[{""bias"": ""curse of knowledge"", ""confidence"": 0.4527}]",Refuted,
2412.14582v1_6_F,Ta₂NiSe₅ monolayer exhibits spontaneous excitons as the lowest-energy exciton has a negative energy in the low-temperature monoclinic phase.,2024-12-01,,matteroffact,Refuted,,Supported,
2403.13323v1_8_T,"The lattice constant in AgInSnPbBiTe5 high-entropy alloy closely resembles that of PbTe, with minimal deviation observed, indicating an absence of local distortion in the crystal structure.",2024-03-01,,matteroffact,Supported,,Supported,
2310.05415v1_9_T,Titanium atoms in copper inhibit the formation of stacking faults and reduce the emission of partial Shockley dislocations from grain boundaries during tensile deformation.,2023-10-01,,matteroffact,Supported,,Supported,
2502.12144v1_9_F,"Growing finite-layer nickelates Nd₍ₙ₊₁₎Ni₍ₙ₎O₍₂ₙ₊₂₎ on a NdGaO₃ substrate allows for significant variation in the in-plane lattice constant, leading to diverse hopping parameters across different layers and different values of n.",2025-02-01,,matteroffact,Refuted,,Supported,
2405.17550v1_5_T,The theoretical model of decoherent quantum Hall-superconductor edges with metallic puddles agrees with experimental observations of charge transmission distributions in graphene with superconducting proximity.,2024-05-01,,matteroffact,Supported,"[{""bias"": ""curse of knowledge"", ""confidence"": 0.502}]",Supported,
2503.01590v1_0_T,The density-functional perturbation theory approach for calculating Hubbard parameters is computationally more efficient than supercell methods because it uses primitive cells with monochromatic perturbations instead of expensive supercells,2025-03-01,,matteroffact,Supported,"[{""bias"": ""Bias blind spot"", ""confidence"": 0.4425}]",Supported,
2503.12245v1_13_F,"The critical current density of V₁₋ₓTiₓ superconducting alloys decreases from 1000 A/mm² to 50 A/mm² when rare earth elements are added, regardless of subsequent processing techniques.",2025-03-01,,matteroffact,Refuted,,Refuted,
2405.09840v2_1_F,The extrinsic anomalous thermal Hall effect in Weyl superconductors is primarily determined by the total density of states at the Fermi energy rather than the slope of the density of states.,2024-05-01,,matteroffact,Refuted,,Supported,
2402.05180v1_3_F,Altermagnetism can only be stabilized through strong on-site Coulomb interactions or Fermi surface nesting in two-dimensional materials.,2024-02-01,,matteroffact,Refuted,"[{""bias"": ""curse of knowledge"", ""confidence"": 0.3326}]",Supported,
2501.04840v2_13_T,"The longitudinal exciton in hexagonal boron nitride can be analogously compared to orbital excitations in transition metal compounds, as both represent bound electron-hole pairs within the band gap that exhibit collective behavior and dispersion.",2025-01-01,,matteroffact,Supported,,Supported,
2502.13793v1_7_F,"The standard deviation of hydrostatic stress in elastically deformed cubic polycrystals is proportional to the mean von Mises stress by a dimensionless stress ratio ω, which for 316L stainless steel is approximately 0.25.",2025-02-01,,matteroffact,Refuted,,Supported,
2310.03638v1_5_F,"Intermixing at the Co/Re interface significantly reduces the DMI in Pt/Co/Re thin films, while intermixing at the Pt/Co interface has minimal effect.",2023-10-01,,matteroffact,Refuted,,Supported,
2312.05174v1_6_T,Pure copper can be printed with relative densities up to 92% using nanotextured powder at laser energy densities as low as 82 J/mm³,2023-12-01,,matteroffact,Supported,,Supported,
2404.05710v1_8_T,"Translational frequencies of magnetically-levitated superconducting particles increase when more of the particle's volume is located closer to the z=0 plane and/or the z-axis, suggesting that a z-revolution astroid-like shape would be optimal for maximizing trapping frequencies.",2024-04-01,,matteroffact,Supported,,Refuted,
2404.12822v1_8_F,"Vanadium doping in NaFe₁.₆V₀.₄(PO₄)(SO₄)₂@CNT participates directly in the redox reactions, providing additional capacity through V⁵⁺/V⁴⁺ redox couples during sodium-ion insertion/extraction.",2024-04-01,,matteroffact,Refuted,,Supported,
2311.15472v1_1_F,"Titanium atoms in γ-TiAl undergo a simultaneous bond breaking process during field evaporation, with all bonds breaking at the same electrostatic force threshold.",2023-11-01,,matteroffact,Refuted,,Refuted,
2502.14798v1_6_T,"Germanium-based chalcogenide perovskites AGeX₃ (A = Ca, Sr, Ba; X = S, Se) exhibit structural, thermodynamic, and mechanical stability, with Goldschmidt tolerance factors ranging from 0.89 to 0.98, confirming their viability as distorted perovskite structures.",2025-02-01,,matteroffact,Supported,,Supported,
2310.18468v1_5_F,"A Totimorphic Unit Cell (TUC) requires 6 distinct components: a beam, two ball joints, a lever, and two variable-length springs.",2023-10-01,,matteroffact,Refuted,,Supported,
2502.18190v1_17_F,"The valley polarization in 2H phase OsBr₂ bilayer exhibits C₂z rotational symmetry in the full 2D space of lateral shifts, with strong anisotropy in all stacking configurations and bands.",2025-02-01,,matteroffact,Refuted,,Supported,
2408.08791v2_16_T,"In the Dissipative Split-Charge Equilibration model, the computational overhead associated with split charges is primarily related to memory usage rather than computation speed, with doubling the number of split charges increasing total computation time by only 15%.",2024-08-01,,matteroffact,Supported,"[{""bias"": ""Planning Fallacy"", ""confidence"": 0.4304}]",Refuted,
2411.13301v1_12_F,"All phonon modes in Sr₂CuO₃ film cause similar magnitudes of magnetic fluctuations, with no significant difference between the effects of in-chain and out-of-chain oxygen vibrations on the spin properties of the surface.",2024-11-01,,matteroffact,Refuted,,Refuted,
2404.13293v1_15_F,"Experimental measurement of the Rashba effect in GeTe thin films with domain walls is straightforward because ARPES can easily distinguish between bands from different layers, and transport measurements directly reveal the individual Rashba coefficients.",2024-04-01,,matteroffact,Refuted,"[{""bias"": ""Bias blind spot"", ""confidence"": 0.3307}]",Refuted,
2502.06904v2_1_T,The calculated hole effective mass of CsPbBr₃ at room temperature (0.265 m₀) closely matches the experimentally measured value of 0.26±0.02 m₀ without invoking polaron formation.,2025-02-01,,matteroffact,Supported,,Supported,
2407.11586v1_5_T,The elliptical Fermi pocket at the M point in 1uc-FeSe/6uc-NdFeO3/Nb:SrTiO3 heterostructures has a semi-minor axis of 0.096 Å⁻¹ and a semi-major axis of 0.172 Å⁻¹.,2024-07-01,,matteroffact,Supported,"[{""bias"": ""Time-saving bias"", ""confidence"": 0.4705}]",Supported,
2402.08326v2_8_T,The interfacial interaction between aluminum and fullerenes in Al/C60 nanocomposites creates an interphase layer that significantly affects the elastic properties of the composite and must be accounted for in theoretical models.,2024-02-01,,matteroffact,Supported,"[{""bias"": ""Bias blind spot"", ""confidence"": 0.3045}]",Supported,
2412.09533v1_8_T,"Metal vacancies near the valence band edge determine the hole concentration in both tin oxide and copper oxide thin-film transistors, with the hole concentration approximately equal to the metal vacancy concentration.",2024-12-01,,matteroffact,Supported,,Supported,
2408.06641v2_6_T,"The lattice parameter of undoped Cr3Si calculated using GGA is 4.50 Å, which is closer to the experimental value of 4.57 Å than the HSE calculation of 4.43 Å.",2024-08-01,,matteroffact,Supported,,Supported,
2502.00798v1_0_F,The combination of deep potential molecular dynamics and deep learning tight-binding models requires more computational resources than traditional density functional theory methods for calculating phonon-assisted optical absorption,2025-02-01,,matteroffact,Refuted,"[{""bias"": ""curse of knowledge"", ""confidence"": 0.5328}]",Supported,
2312.14311v2_7_F,The average intersection over union (IoU) accuracy of segmentation models increases from 86% on WSe2 image patches to 92% when applied to full AFM micrographs.,2023-12-01,,matteroffact,Refuted,,Supported,
2311.09099v1_4_T,The optimal carrier mobility in the perovskite layer for achieving the best match between simulated and experimental J-V characteristics is 50 cm²/(V·s),2023-11-01,,matteroffact,Supported,,Supported,
2411.13301v1_10_T,"The bond-stretching oxygen phonon mode in Sr₂CuO₃ film has a frequency of 39.9 meV, which is lower than the frequencies of phonon modes involving out-of-chain oxygen vibrations along the a and b axes.",2024-11-01,,matteroffact,Supported,"[{""bias"": ""Outcome bias"", ""confidence"": 0.3572}]",Supported,
2401.15420v1_7_F,"When the current rate increases from 0.1 C to 5 C, the HC||NVP/C full cell retains 25% of its initial capacity, while the NVP/C half-cell retains 40% of its initial capacity.",2024-01-01,,matteroffact,Refuted,"[{""bias"": ""Time-saving bias"", ""confidence"": 0.6733}]",Refuted,
2411.04807v1_3_T,The charge transfer excitation energy of the anthracene-tetracyanoethylene complex at equilibrium separation is approximately 1.5 eV.,2024-11-01,,matteroffact,Supported,,Supported,
2503.14972v1_12_T,"The similar full width at half maximum (FWHM) values of the valence bands in La₂Ni₇, La₁.₂₅Gd₀.₂₅Mg₀.₅Ni₇, and La₁.₅Mg₀.₅Ni₆.₅Co₀.₅ alloys correlate with their comparable maximum discharge capacities, consistent with semi-empirical models of metal hydride formation.",2025-03-01,,matteroffact,Supported,,Supported,
2411.11618v1_9_T,MoS2 flakes with ZZ-S edges exhibit acceptor-like edge states that favor p-type semiconductor behavior.,2024-11-01,,matteroffact,Supported,"[{""bias"": ""Pro-Innovation Bias"", ""confidence"": 0.3356}]",Supported,
2412.05273v1_17_T,"ZrTe5 exhibits clearer quasi-quantum Hall effect signatures than Cd3As2 partly because its larger dielectric constant more effectively screens charged point defects, resulting in a disorder potential of only a few meV compared to 15-25 meV in Cd3As2.",2024-12-01,,matteroffact,Supported,,Supported,
2401.08834v1_13_T,"The measured phonon density of states in copper-substituted lead oxyapatite shows bands of phonons extending up to approximately 120 meV, with the highest energy mode at around 110 meV corresponding to P-O bond stretching modes.",2024-01-01,,matteroffact,Supported,,Supported,
2408.09073v1_1_T,The determination of the lower critical field (Hp) in hydride superconductors as reported by Minkov et al. is invalid because it relies on non-linear data transformations,2024-08-01,,matteroffact,Supported,"[{""bias"": ""Bias blind spot"", ""confidence"": 0.765}]",Refuted,
2310.07816v2_6_F,Multilayer Perceptron regression achieves the lowest root mean square error (20±2°C) among all regression models for predicting MoS2 thin film growth temperature from AFM images.,2023-10-01,,matteroffact,Refuted,,Refuted,
2405.18939v1_15_T,"The Raman spectra of (LaSe)₁.₁₄(NbSe₂)₂ show distinct polarization dependence, with modes at 42.6, 153, and 269 cm⁻¹ appearing primarily in crossed polarization, while modes at 99.0, 148, 229, 267, and 320 cm⁻¹ appear primarily in parallel polarization.",2024-05-01,,matteroffact,Supported,"[{""bias"": ""subadditivity effect"", ""confidence"": 0.572}]",Supported,
2408.00042v3_15_F,"The band structures and topological properties of material candidates were computed using the VASP software package, with a slab geometry of 20 unit cells for TaP to demonstrate the presence of helical surface states in every bulk gap.",2024-08-01,,matteroffact,Refuted,"[{""bias"": ""clustering illusion"", ""confidence"": 0.7476}]",Supported,
2401.17024v2_8_T,"The four high-T_c compounds (Mg₂RhH₆, Mg₂IrH₆, Al₂MnH₆, and Li₂CuH₆) all exhibit a van Hove singularity at the Fermi level, contributing to their high superconducting transition temperatures.",2024-01-01,,matteroffact,Supported,"[{""bias"": ""subadditivity effect"", ""confidence"": 0.8459}]",Supported,
2502.19140v1_14_F,"The improved rate capability of the δ-phase compared to disordered rocksalt results primarily from increased electronic conductivity due to the formation of metallic manganese clusters within domains, while lithium transport remains limited by high-barrier diffusion pathways at domain boundaries.",2025-02-01,,matteroffact,Refuted,,Supported,
2503.13613v1_15_T,The single-exciton fraction of polaritons remains relatively robust even as the polariton dispersion approaches the light cone,2025-03-01,,matteroffact,Supported,"[{""bias"": ""curse of knowledge"", ""confidence"": 0.3844}]",Supported,
2502.19140v1_14_T,The improved rate capability of the δ-phase compared to disordered rocksalt results from a combination of nanoscale spinel-like ordering within domains and enhanced lithium transport at domain boundaries due to the segregation of vacant 16d sites that create additional 0-TM channels.,2025-02-01,,matteroffact,Supported,,Supported,
2502.13793v1_14_F,"In 316L stainless steel, a reduction in strain rate from 10^-4 s^-1 to 10^-8 s^-1 decreases the relative reduction in failure load by approximately 15% for specimens with a 0.5 mm notch radius, despite an increase in microstructure-driven hydrogen localization.",2025-02-01,,matteroffact,Refuted,"[{""bias"": ""Time-saving bias"", ""confidence"": 0.9609}]",Supported,
2412.18712v1_7_T,"The high temperature limit of configurational entropy (S_c*) in polymers decreases with increasing packing frustration, as measured by the dimensionless thermal expansion coefficient and isothermal compressibility",2024-12-01,,matteroffact,Supported,,Supported,
2412.16730v1_7_F,"Niobium films grown on sapphire at temperatures between 380°C and 630°C exhibit internal quality factors (Qi) below 100,000 at microwave frequencies, with the lowest value of 50,000 observed at 520°C.",2024-12-01,,matteroffact,Refuted,"[{""bias"": ""subadditivity effect"", ""confidence"": 0.5464}]",Supported,
2411.08940v1_16_F,The alkaline water electrolyzer used for X-ray measurements employed a Zirfon PERL UTP 200 diaphragm with a thickness of 200 μm,2024-11-01,,matteroffact,Refuted,,Supported,
2311.09099v1_10_T,"The Volume Average Theory model can effectively characterize the complex refractive index of mesoporous TiO₂ by treating it as a mixture of compact TiO₂ and air, accounting for both the real refractive index and extinction coefficient",2023-11-01,,matteroffact,Supported,"[{""bias"": ""clustering illusion"", ""confidence"": 0.4702}]",Supported,
2401.10832v1_6_T,Optimal Hubbard U values for transition metals are higher in fluorides than in oxides due to the more ionic bonding in fluorides resulting in more localized d electrons,2024-01-01,,matteroffact,Supported,,Supported,
2411.17368v2_6_F,The impedance of a commercial supercapacitor can be accurately modeled using the finite-length R-CPE transmission line model with a dispersion coefficient α of approximately 0.45.,2024-11-01,,matteroffact,Refuted,,Supported,
2408.06641v2_14_T,"The elastic constants C11, C12, and C44 of Cr3Si consistently decrease with increasing dopant concentration for all three dopants (Ge, Ga, Al), with Ga doping causing the most significant reductions.",2024-08-01,,matteroffact,Supported,"[{""bias"": ""subadditivity effect"", ""confidence"": 0.3288}]",Supported,
2406.17511v1_11_T,"The superconducting coherence length in heavily boron-doped silicon layers is approximately 50 nm, exceeding the thickness of the silicon-on-insulator layers used in the study",2024-06-01,,matteroffact,Supported,,Supported,
2503.07460v1_2_T,"Modeling optoionic effects requires addressing multiple coupled physical processes occurring at vastly different time scales, from femtosecond electronic excitations to microsecond mass transport phenomena.",2025-03-01,,matteroffact,Supported,"[{""bias"": ""curse of knowledge"", ""confidence"": 0.5574}]",Supported,
2311.07943v2_8_F,"The introduction of nitrogen elements during air annealing and the consequent reduction of Fe valence lead to electron-doping in CaFeAsF, which is the origin of superconductivity in this system.",2023-11-01,,matteroffact,Refuted,,Supported,
2411.17368v2_5_F,The R-CPE transmission line model contradicts the empirically modified finite-length Warburg impedance model that includes a dispersion coefficient α.,2024-11-01,,matteroffact,Refuted,"[{""bias"": ""Bias blind spot"", ""confidence"": 0.6742}]",Refuted,
2412.17216v1_5_T,The h-CMD method can accurately reproduce the doublet feature in the OH stretch region of the IR spectrum for 5m Li-TFSI aqueous solution that other methods fail to capture,2024-12-01,,matteroffact,Supported,"[{""bias"": ""Bias blind spot"", ""confidence"": 0.5551}]",Supported,
2401.04644v1_10_T,"The magnetoresistance of Eu₂Ir₂O₇ thin films transitions from positive and quadratic at higher temperatures (around 60 K) to negative at lower temperatures, with a characteristic cusp feature near zero field at 2 K.",2024-01-01,,matteroffact,Supported,,Supported,
2503.13734v1_11_F,"Aluminum alloys with body-centered cubic structures exhibit severe ductile-to-brittle transition at low temperatures, making them unsuitable for any cryogenic applications despite having higher strength than titanium alloys",2025-03-01,,matteroffact,Refuted,,Refuted,
2412.10561v2_8_T,"The rt-TDDFT method calculates the OH-band peak absorption coefficient for fused silica to be 14.45 cm⁻¹ per 10³ weight-ppm OH, which is within 13% of the experimental value of 12.83 cm⁻¹ reported by Williams et al.",2024-12-01,,matteroffact,Supported,,Supported,
2401.06319v2_4_T,"The electron density of states of bct Ag differs from bcc Ag by the absence of a nearly flat DOS region between -3.4 and -3.75 eV, which can be used to experimentally distinguish between these structures.",2024-01-01,,matteroffact,Supported,,Supported,
2408.10146v2_8_T,"Threading dislocations are the dominant electron scattering mechanism limiting mobility in epitaxial La:BaSnO₃ films, with their density directly correlating to the lattice mismatch between the film and substrate",2024-08-01,,matteroffact,Supported,,Supported,
2501.16965v1_11_T,"The Wannier Hamiltonians for MoS₂ and TiSe₂ were constructed using Mo:4d and S:3p orbitals for MoS₂, and Ti:3d and Se:4p orbitals for TiSe₂, showing excellent agreement with DFT-calculated bands in the energy range of -8 to 3 eV.",2025-01-01,,matteroffact,Supported,,Supported,
2409.09176v1_5_T,"Negative charge transfer compounds exhibit significant intersite charge fluctuations that cannot be adequately modeled by single cluster approaches, requiring more sophisticated methods like double cluster models or dynamical mean field theory.",2024-09-01,,matteroffact,Supported,"[{""bias"": ""Bias blind spot"", ""confidence"": 0.3193}]",Supported,
2408.11301v1_2_T,Anisotropic kinetics is essential for the formation of needle-like twins during twin growth.,2024-08-01,,matteroffact,Supported,,Supported,
2503.22477v2_5_F,"The normalized specific heat jump at the superconducting transition in LaRu₃(Si₁₋ₓGeₓ)₂ decreases from approximately 1.42 to 1.30 as germanium content increases from x = 0 to x = 0.07, falling below the BCS weak-coupling value of 1.43.",2025-03-01,,matteroffact,Refuted,"[{""bias"": ""Time-saving bias"", ""confidence"": 0.6763}]",Supported,
2408.09073v1_11_F,The maximum value of the induced diamagnetic moment in the virgin curve is approximately equal to the maximum moment in the hysteresis loop branches,2024-08-01,,matteroffact,Refuted,,Supported,
2501.04289v1_11_F,The equal-mode approximation in multiphonon transition calculations remains valid even when defects experience substantial structural relaxations upon charge state changes.,2025-01-01,,matteroffact,Refuted,"[{""bias"": ""Bias blind spot"", ""confidence"": 0.6469}]",Supported,
2504.05858v1_15_T,"The dielectric response in Na₃Zr₂₋ₓTiₓSi₂PO₁₂ materials is governed by Maxwell-Wagner-Sillars (MWS) relaxation and space charge/interfacial polarization mechanisms, where charge carriers accumulate at grain boundaries and electrode interfaces.",2025-04-01,,matteroffact,Supported,,Supported,
2311.13599v1_14_F,"High coating surface temperatures inhibit sintering and densification processes, thereby extending coating life by preserving porosity structure and volume fraction.",2023-11-01,,matteroffact,Refuted,"[{""bias"": ""Omission bias"", ""confidence"": 0.3019}]",Supported,
2404.03579v2_8_F,Increased elastic anisotropy diminishes the effects of intragranular orientation gradients on fatigue indicator parameters in Al-7085 with a modified T7452 temper.,2024-04-01,,matteroffact,Refuted,,Supported,
2401.15936v1_2_T,Closed-space annealing improves carrier collection in selenium thin-film solar cells without increasing the carrier diffusion length,2024-01-01,,matteroffact,Supported,,Refuted,
2404.17584v1_14_T,The homogenization problem for anisotropic aggregates requires predicting the average stress response from the external applied strain and the initial microstructure without solving the full boundary value problem.,2024-04-01,,matteroffact,Supported,"[{""bias"": ""clustering illusion"", ""confidence"": 0.3675}]",Supported,
2407.15258v1_13_T,The synthesis of Mg-Cl doped Li7PS6 argyrodite involves ball milling precursors at 500 RPM for 2 hours followed by heating to 500°C at 5°C/min in a nitrogen atmosphere for 12 hours.,2024-07-01,,matteroffact,Supported,,Supported,
2502.20005v1_0_F,The total conduction electron spin polarization generated by σ+ light excitation from both heavy and light valence levels in strained cubic semiconductors varies between -0.3 and -0.7 depending on strain direction and light orientation relative to strain.,2025-02-01,,matteroffact,Refuted,"[{""bias"": ""Time-saving bias"", ""confidence"": 0.6191}]",Supported,
2501.15612v1_10_F,The truncated velocity gauge approach is derived directly from the standard velocity gauge by applying a unitary transformation that preserves the canonical commutator relation between position and momentum operators,2025-01-01,,matteroffact,Refuted,"[{""bias"": ""Bias blind spot"", ""confidence"": 0.6658}]",Supported,
2406.13070v1_5_T,"The as-received β-NiAl coating on R125 Ni-based superalloy exhibits a strain-to-failure of less than 0.2% at room temperature, which increases to over 0.6% at temperatures above 700°C.",2024-06-01,,matteroffact,Supported,,Supported,
2503.12245v1_13_T,The critical current density of V₁₋ₓTiₓ superconducting alloys can be improved from about 100 A/mm² to 8000 A/mm² through rare earth element addition combined with successive cold rolling and annealing at 450°C.,2025-03-01,,matteroffact,Supported,,Supported,
2504.05858v1_1_T,The unit cell volume of Na₃Zr₂₋ₓTiₓSi₂PO₁₂ decreases with increasing Ti content due to the smaller ionic radius of Ti⁴⁺ (53 pm) compared to Zr⁴⁺ (72 pm).,2025-04-01,,matteroffact,Supported,,Supported,
2312.05681v2_13_T,"The interaction between PEO chains and silica nanoparticle surfaces decreases significantly as the ionic concentration increases, with PEO being strongly adsorbed at vanishing salt concentration but showing negligible interaction at Li:PEO ratios above 3.2.",2023-12-01,,matteroffact,Supported,,Supported,
2311.15620v1_0_F,The probability density function governing the number of concerted mobile ions in inorganic solid-state electrolytes follows a power law distribution.,2023-11-01,,matteroffact,Refuted,"[{""bias"": ""clustering illusion"", ""confidence"": 0.3271}]",Supported,
2310.18245v3_10_T,"In Ta₃As and Ta₃Bi compounds, the Dirac surface states are obscured by hybridization with the 6s band, making them difficult to detect experimentally.",2023-10-01,,matteroffact,Supported,,Supported,
2412.20009v1_7_T,The modified diode model in SolarDesign achieves averaged fitting errors of approximately 0.1 mA/cm² for measured J-V characteristics of perovskite solar cells.,2024-12-01,,matteroffact,Supported,,Supported,
2411.16279v1_9_F,Silver chalcohalide antiperovskites adopt a tetragonal crystal structure at room temperature that is inherently stable even in harmonic approximation calculations at zero temperature.,2024-11-01,,matteroffact,Refuted,,Supported,
2404.08651v1_9_T,The benefits of enhanced light trapping on textured surfaces can be outweighed by the increased defect density in the deposited thin film silicon.,2024-04-01,,matteroffact,Supported,,Supported,
2412.13456v1_11_T,"In Nb₃Cl₈, optical transitions are governed by conservation of angular momentum, where the three-fold rotational symmetry transforms incoming angular momentum into a modulus of three by absorbing excess angular momentum into the lattice.",2024-12-01,,matteroffact,Supported,,Supported,
2311.15620v1_8_F,"In solid-state electrolytes, pairwise coordinated diffusive events are more frequent than all higher-order coordinated diffusive events combined, with two-body interactions dominating the ionic transport mechanism.",2023-11-01,,matteroffact,Refuted,"[{""bias"": ""curse of knowledge"", ""confidence"": 0.4494}]",Supported,
2404.02416v2_1_T,"During hydrogen intercalation in palladium nanocrystals, the α/β-PdHx interfaces evolve from non-planar and inclined boundaries to become more closely aligned with {100} crystallographic planes as they propagate.",2024-04-01,,matteroffact,Supported,"[{""bias"": ""curse of knowledge"", ""confidence"": 0.4163}]",Supported,
2401.04644v1_11_F,"In Eu₂Ir₂O₇ thin films, electron-electron interaction effects remain negligible at all temperatures, allowing weak antilocalization effects to dominate the transport properties down to the lowest measured temperature of 2 K.",2024-01-01,,matteroffact,Refuted,"[{""bias"": ""Risk Compensation"", ""confidence"": 0.395}]",Supported,
2412.16730v1_18_T,"Reproducible growth of low-loss tantalum films for superconducting microwave devices can be achieved by either growing at lower temperatures to form β-Ta, or by modifying the sapphire surface before high-temperature growth through techniques such as using a niobium interlayer or argon plasma treatment.",2024-12-01,,matteroffact,Supported,,Supported,
2501.13547v1_0_F,"LaRhGe₃ exhibits broad, inhomogeneous NMR signals, indicating significant variations in the magnetic and electronic environment across the sample.",2025-01-01,,matteroffact,Refuted,,Supported,
2501.16965v1_13_T,"The quantum metric contribution to the superfluid weight near the transition temperature is given by D^QM_μν = ∫(dk/(2π)^d)[-2Δ²Tr[R_μν(k)][n_F(ε_k)-n_F(-ε_-k)]/(ε_k+ε_-k)], where Δ is the pairing strength and n_F is the Fermi-Dirac distribution.",2025-01-01,,matteroffact,Supported,,Supported,
2407.21337v1_8_T,Finding the ground state structure of Li₃PS₄ in space group Pmn2₁(31) requires fewer than 10³ energy evaluations using the symmetry-oriented crystal structure prediction method.,2024-07-01,,matteroffact,Supported,,Supported,
2310.15331v2_12_T,"The low-energy electronic structure model of the surface layer of Sr2RuO4, which includes spin-orbit coupling and octahedral rotation, provides a foundation for understanding the suppression of superconductivity observed in the surface layer compared to the bulk material.",2023-10-01,,matteroffact,Supported,,Supported,
2312.10313v1_12_T,"The BCS theory predicts a relationship between the superconducting gap at zero temperature and the critical temperature given by Δ(T=0) = 1.764 kB Tc, while experimental values for various materials range from 2Δ = 3.2 kB Tc to 2Δ = 4.6 kB Tc.",2023-12-01,,matteroffact,Supported,"[{""bias"": ""Time-saving bias"", ""confidence"": 0.6036}]",Refuted,
2412.10561v2_15_F,The molecular dynamics simulations of glass used a time step of 1.0 femtoseconds for standard adiabatic simulations and 100 attoseconds for rt-TDDFT calculations.,2024-12-01,,matteroffact,Refuted,"[{""bias"": ""Time-saving bias"", ""confidence"": 0.5923}]",Supported,
2411.16583v1_8_T,"The FFT framework fully couples concentration, deformation gradient, and damage fields through an implicit staggered approach, solving the three problems sequentially until convergence.",2024-11-01,,matteroffact,Supported,"[{""bias"": ""clustering illusion"", ""confidence"": 0.5506}]",Supported,
2403.13323v1_6_T,"The longitudinal sound velocity of AgInSnPbBiTe5 high-entropy alloy is 2139±96 m/s in molecular dynamics simulations, which is about 22% lower than the experimental value of 2740 m/s.",2024-03-01,,matteroffact,Supported,,Supported,
2403.04470v2_5_F,The absolute value of the peak time-dependent field required for evaporation with negative THz pulses is approximately half the peak required with positive THz pulses in TDDFT simulations of Si(OH)₄,2024-03-01,,matteroffact,Refuted,,Supported,
2408.10978v2_0_T,"The kagome metals CsM₃Te₅ (M = Ti, Zr, Hf) have an average bulk modulus of 27 GPa, a shear modulus of 11 GPa, and Young's modulus of 29 GPa.",2024-08-01,,matteroffact,Supported,"[{""bias"": ""subadditivity effect"", ""confidence"": 0.5248}]",Supported,
2312.14311v2_8_F,"Features extracted from ImageNet (natural image dataset) outperform features extracted from MicroNet (micrograph dataset) for WSe2 crystal coverage prediction, and fine-tuning shows the same trend.",2023-12-01,,matteroffact,Refuted,"[{""bias"": ""Bias blind spot"", ""confidence"": 0.7648}]",Supported,
2407.21071v2_6_T,"The optimal resistance distribution for a lithium-ion battery pouch cell to achieve uniform current distribution consists of a quadratic component R_quad(z) = d₀+d₁z+d₂z² and a hyperbolic component R_hyper(y,z) = Σ cₙcos(nπy/Lᵧ)cosh(nπz/Lᵧ)",2024-07-01,,matteroffact,Supported,,Supported,
2405.07614v1_13_T,"Na-ion mobility is a significant limitation in transition metal oxyfluoride perovskites, with all pristine compositions exhibiting migration barriers above 1000 meV, potentially due to stronger ionic Na-F bonds compared to Na-O bonds, similar to observations in F-doped oxide-based disordered rocksalts.",2024-05-01,,matteroffact,Supported,"[{""bias"": ""Pro-Innovation Bias"", ""confidence"": 0.3186}]",Supported,
2502.00798v1_15_F,The molecular dynamics approach for sampling atomic configurations uses a 2×2×2 supercell (64 atoms) for silicon to ensure comprehensive sampling of configuration space,2025-02-01,,matteroffact,Refuted,"[{""bias"": ""clustering illusion"", ""confidence"": 0.5646}]",Supported,
2408.03175v1_11_F,The approach to stabilizing solid-state battery interfaces is derived entirely from traditional electrochemical engineering principles with no influence from biological systems or morphogenesis concepts.,2024-08-01,,matteroffact,Refuted,"[{""bias"": ""curse of knowledge"", ""confidence"": 0.6521}]",Refuted,
2412.15784v1_12_T,The Voronoi-SPICE method captures the effect of grain size distribution on polysilicon resistivity more effectively than the parallel channels method,2024-12-01,,matteroffact,Supported,"[{""bias"": ""curse of knowledge"", ""confidence"": 0.5143}]",Supported,
2408.06641v2_8_F,"Doping Cr3Si with Ge, Ga, or Al transforms the electronic structure from metallic to semiconducting, with a band gap opening at the Fermi level.",2024-08-01,,matteroffact,Refuted,,Supported,
2403.03466v2_6_F,"The Γ-point excitation in LiCoO2 is entirely collective in nature, with no significant particle-hole character observed in the analysis of the difference density matrix.",2024-03-01,,matteroffact,Refuted,"[{""bias"": ""Bias blind spot"", ""confidence"": 0.3176}]",Supported,
2410.20744v1_6_F,"The 2H phase of both WSeH and WSH remains stable at 300K in molecular dynamics simulations, while the 1T phase transforms to the 2H phase at temperatures above 200K.",2024-10-01,,matteroffact,Refuted,,Supported,
2401.04644v1_11_T,"In Eu₂Ir₂O₇ thin films, electron-electron interaction effects become increasingly dominant at lower temperatures, competing with and eventually overwhelming the weak antilocalization effects below 5 K.",2024-01-01,,matteroffact,Supported,"[{""bias"": ""Risk Compensation"", ""confidence"": 0.5994}]",Supported,
2311.05696v2_0_F,"In bidisperse non-Brownian suspensions, the relative viscosity varies monotonically with the volume ratio of small particles, decreasing continuously as the proportion of small particles increases.",2023-11-01,,matteroffact,Refuted,,Supported,
2402.18588v2_1_T,The inclusion of spin-orbit coupling in LK-99 increases the total number of Weyl points to 60 across the Brillouin zone.,2024-02-01,,matteroffact,Supported,,Supported,
2502.19140v1_11_T,The formation of irregular domain boundaries in the δ-phase is energetically favorable when the energy gain from placing titanium atoms on preferred 16d sites (approximately 6 eV/nm³) exceeds the energy penalty of creating higher-energy interfaces between spinel variants.,2025-02-01,,matteroffact,Supported,"[{""bias"": ""Time-saving bias"", ""confidence"": 0.3814}]",Supported,
2405.09840v2_1_T,"The extrinsic anomalous thermal Hall effect in Weyl superconductors is enhanced when impurity bands form near the Fermi energy, creating a large slope in the density of states.",2024-05-01,,matteroffact,Supported,,Supported,
2312.10313v1_6_T,"In a nine-layer-thick Nb(110) film at 4.56 K with a coupling parameter of 2.72 eV, the superconducting gap varies across layers, with surface layers exhibiting smaller gaps than inner layers, and some inner layers showing gaps larger than the bulk value.",2023-12-01,,matteroffact,Supported,,Supported,
2408.09541v3_14_T,"The refined symmetry indicator for higher-order topological Dirac superconducting states at kz=0 is z4=2, while at kz=π it is z4=0.",2024-08-01,,matteroffact,Supported,"[{""bias"": ""Time-saving bias"", ""confidence"": 0.806}]",Supported,
2403.04470v2_13_T,THz-assisted APT with negative pulses produces mass spectra of silica samples with signal quality comparable to UV laser-assisted APT on oxides,2024-03-01,,matteroffact,Supported,,Supported,
2406.13070v1_7_F,The as-received β-NiAl coating on R125 Ni-based superalloy consists of an outer layer with a thickness of 100 ± 5 µm and an interdiffusion zone with a thickness of 25 ± 2 µm.,2024-06-01,,matteroffact,Refuted,,Supported,
2410.07886v1_5_T,"Al-Ni melts exhibit strong chemical affinity between Al and Ni atoms, with the strongest affinity occurring at equiatomic composition (Al₅₀Ni₅₀)",2024-10-01,,matteroffact,Supported,,Supported,
2503.17434v1_7_F,"The effective cluster size of paramagnetic manganese chloride (MnCl₂) ions in binary mixtures with diamagnetic zinc chloride (ZnCl₂) is smaller than in single-ion solutions, with values of approximately 10 nm at 0.5 Tesla and 8 nm at 1 Tesla for binary mixtures compared to 15.8 nm and 11.8 nm respectively for single-ion solutions.",2025-03-01,,matteroffact,Refuted,"[{""bias"": ""Time-saving bias"", ""confidence"": 0.8216}]",Supported,
2310.15331v2_17_T,"The experimental band structure of the surface layer of Sr2RuO4 is largely consistent with density functional theory predictions in terms of overall structure, despite requiring significant renormalization due to electron correlation effects.",2023-10-01,,matteroffact,Supported,"[{""bias"": ""Bias blind spot"", ""confidence"": 0.6619}]",Supported,
2410.08233v1_14_F,"The recommended bin width for atom probe tomography interfacial excess calculations is typically 0.1-0.2 nm, maximizing spatial resolution at the interface while maintaining acceptable compositional uncertainty.",2024-10-01,,matteroffact,Refuted,,Supported,
2504.04297v1_4_T,"Out of 98 non-magnetic ThCr₂Si₂-type compounds studied, 66 were found to be dynamically stable through phonon calculations.",2025-04-01,,matteroffact,Supported,,Supported,
2403.11080v2_16_F,Higher thermal gradients in rapidly solidified Fe-Cr alloys lead to more uniform solidification fronts due to suppressed grain orientation effects,2024-03-01,,matteroffact,Refuted,,Supported,
2503.13734v1_0_F,"The low-temperature alloy database contains data from over 2,000 scientific articles, covering mechanical properties of metallic alloys at temperatures as low as 0.1 K",2025-03-01,,matteroffact,Refuted,"[{""bias"": ""clustering illusion"", ""confidence"": 0.3774}]",Supported,
2311.12681v2_6_F,The frequency noise level in a-SiC:H parallel plate capacitors scales with the square of the electric field strength (S_f ∝ |E|^2) in the strong field regime.,2023-11-01,,matteroffact,Refuted,,Supported,
2403.13814v1_9_F,DyFeO₃ nanoparticles contain nitrogen vacancies that enhance their electrochemical performance as supercapacitor electrode materials.,2024-03-01,,matteroffact,Refuted,,Supported,
2410.09376v2_15_F,"Cu-6wt%Ag alloy wires offer lower electrical conductivity than Cu-Nb macro-composites, which increases Joule heating in pulsed magnets, while requiring a higher draw ratio to achieve comparable strength.",2024-10-01,,matteroffact,Refuted,,Supported,
2312.10313v1_10_F,Surface layers in Nb films exhibit larger superconducting gaps than inner layers due to enhanced electron-phonon coupling at the surface.,2023-12-01,,matteroffact,Refuted,,Supported,
2405.18939v1_13_F,"The vibrational properties of (LaSe)₁.₁₄(NbSe₂)₂ can only be accurately modeled by simulating the full incommensurate structure, as the interactions between subunits fundamentally alter their vibrational characteristics.",2024-05-01,,matteroffact,Refuted,,Supported,
2412.10865v1_13_T,Offline training using backpropagation with fitted polariton neuron responses is effective for single hidden layer feed-forward polariton neural networks.,2024-12-01,,matteroffact,Supported,,Supported,
2503.13725v1_3_F,"The growth temperature during nanowire synthesis, rather than the annealing temperature of InAs substrates after gold colloid deposition, is the primary parameter controlling the dimensions, density, and parallelism of inclined InAs nanowires grown on (001) substrates.",2025-03-01,,matteroffact,Refuted,,Supported,
2405.02186v1_0_F,Only n-type interfaces can form in superconducting infinite-layer nickelate thin films grown on SrTiO₃ substrates.,2024-05-01,,matteroffact,Refuted,,Refuted,
2501.10954v5_12_F,"Computational techniques like DFT, AIMD, MD, and FEA must be applied independently to different aspects of Li-CO2 batteries, as integrating results across scales introduces insurmountable errors that prevent meaningful predictions of cell-level performance.",2025-01-01,,matteroffact,Refuted,"[{""bias"": ""Bias blind spot"", ""confidence"": 0.7689}]",Refuted,
2312.03989v1_1_F,The machine learning-based rare event detection technique requires at least 50% of the full data set to produce reliable results.,2023-12-01,,matteroffact,Refuted,,Refuted,
2408.08791v2_11_F,"A unit charge moving through a capacitor simulated with the Dissipative Split-Charge Equilibration model experiences uniform repulsive forces throughout its trajectory, with no variation related to its position relative to the capacitor plates or the atomic lattice.",2024-08-01,,matteroffact,Refuted,"[{""bias"": ""clustering illusion"", ""confidence"": 0.5441}]",Refuted,
2311.14529v1_4_T,"During heat treatment of additively manufactured Al-Mn-Cr-Zr alloys at 375°C, Mn-rich precipitates at grain boundaries begin forming within the first hour, while Cr-rich precipitates begin forming after approximately 2 hours.",2023-11-01,,matteroffact,Supported,"[{""bias"": ""Time-saving bias"", ""confidence"": 0.3515}]",Supported,
2501.10954v5_0_T,"The Sb0.67Bi1.33Te3 catalyst in Li-CO2 batteries exhibits a static electrical conductivity of approximately 1.9 × 10^5 S/m at 300K, making it an effective conductor for electron transport.",2025-01-01,,matteroffact,Supported,"[{""bias"": ""Outcome bias"", ""confidence"": 0.4342}]",Supported,
2403.18441v1_1_T,"Residual stress distributions show tensile regions near the surface for Inconel 718 and compressive regions near the surface for Ti6Al4V, with stress magnitude decreasing rapidly with depth in both materials.",2024-03-01,,matteroffact,Supported,,Supported,
2403.06305v1_0_F,Epitaxial scandium trifluoride (ScF₃) thin films can be successfully grown on strontium titanate (SrTiO₃) substrates using pulsed laser deposition.,2024-03-01,,matteroffact,Refuted,"[{""bias"": ""Pro-Innovation Bias"", ""confidence"": 0.4821}]",Supported,
2311.01879v1_7_F,FeCrAl ODS steels with high Al content (around 9 wt%) are unsuitable for accident tolerant fuel cladding applications due to poor oxidation resistance and excessive irradiation hardening.,2023-11-01,,matteroffact,Refuted,"[{""bias"": ""Pro-Innovation Bias"", ""confidence"": 0.4409}]",Supported,
2311.14529v1_6_T,"During heat treatment of additively manufactured Al-Mn-Cr-Zr alloys at 375°C, the aluminum matrix surrounding growing precipitates becomes depleted of Mn within 8 hours.",2023-11-01,,matteroffact,Supported,,Supported,
2410.05384v2_4_F,The confinement of the Z2 gauge field always drives the system into a trivial insulating phase with no topological order.,2024-10-01,,matteroffact,Refuted,"[{""bias"": ""Omission bias"", ""confidence"": 0.4065}]",Refuted,
2501.16001v1_10_T,Copper-clad epoxy laminate samples exhibit approximately 3 times greater surface acoustic wave phase velocity variation (300 m/s) than roll-cladded aluminum alloy samples (100 m/s) due to greater elastic property differences between layer and substrate materials.,2025-01-01,,matteroffact,Supported,"[{""bias"": ""Time-saving bias"", ""confidence"": 0.5144}]",Supported,
2501.16965v1_10_F,"In the density functional theory calculations, the lattice parameters were set to a = b = 2.5 Å for MoS₂ and a = b = 4.2 Å for TiSe₂, with a vacuum layer of 5 Å added along the z direction to ensure monolayer behavior.",2025-01-01,,matteroffact,Refuted,,Supported,
2402.07147v1_0_T,"Both a and c lattice parameters of titanium increase with oxygen content, with the c parameter increasing more rapidly than a.",2024-02-01,,matteroffact,Supported,,Supported,
2403.13814v1_6_F,DyFeO₃-based symmetric supercapacitors with acetonitrile-modified electrolyte maintain an energy density of 80 Wh kg⁻¹ at a high power density of 15500 W kg⁻¹.,2024-03-01,,matteroffact,Refuted,"[{""bias"": ""Outcome bias"", ""confidence"": 0.3215}]",Supported,
2406.09663v1_16_T,"Deep learning analysis of MA islands yielded exactly five interpretable clusters, characterized as fine-dendrite, coarse-dendrite, fine-polygon, coarse-polygon, and elongated MA islands.",2024-06-01,,matteroffact,Supported,"[{""bias"": ""subadditivity effect"", ""confidence"": 0.3566}]",Supported,
2503.13734v1_0_T,"The low-temperature alloy database contains data from 715 scientific articles, covering mechanical properties of metallic alloys at temperatures as low as 4.2 K",2025-03-01,,matteroffact,Supported,,Supported,
2502.11628v1_5_F,Simulation-based supersampling of theoretical test diffraction patterns reduces precision of tensor parameters obtained from low-resolution experimental patterns.,2025-02-01,,matteroffact,Refuted,"[{""bias"": ""Bias blind spot"", ""confidence"": 0.8971}]",Refuted,
2311.05696v2_0_T,"In bidisperse non-Brownian suspensions, the relative viscosity varies non-monotonically with the volume ratio of small particles, reaching a minimum at intermediate mixing ratios before increasing again at high mixing ratios.",2023-11-01,,matteroffact,Supported,,Supported,
2310.03080v2_12_T,"The simulations of monolayer NbSe2 used lattice constants of |a|=|b|=10.3749 Å for the 9 formula unit cell, corresponding to a primitive 2H unit cell size of |a|=|b|=3.4583 Å.",2023-10-01,,matteroffact,Supported,"[{""bias"": ""Time-saving bias"", ""confidence"": 0.6028}]",Supported,
2502.00798v1_16_T,"The Williams-Lax theory provides a unified framework for calculating optical absorption spectra, including both phonon-assisted transitions and band structure renormalization",2025-02-01,,matteroffact,Supported,,Supported,
2403.04637v2_17_T,The total recombination of photo-generated carriers in amorphous silicon thin film solar cells is directly proportional to the thickness of the active layer when defect density remains constant,2024-03-01,,matteroffact,Supported,,Supported,
2405.03680v2_11_F,"AtomGPT generates candidate superconductor materials that consistently fail validation through density functional theory calculations, showing fundamental limitations in its structure generation capabilities.",2024-05-01,,matteroffact,Refuted,,Supported,
2503.21027v1_7_F,"The anomalous Hall effect in CoS₂ is primarily driven by extrinsic mechanisms such as skew scattering and side jump, with minimal contribution from the intrinsic Karplus-Luttinger mechanism.",2025-03-01,,matteroffact,Refuted,"[{""bias"": ""Bias blind spot"", ""confidence"": 0.5554}]",Supported,
2406.13070v1_2_F,"In thermally aged β-NiAl coatings, cracks propagate in straight paths through the coating thickness similar to as-received coatings.",2024-06-01,,matteroffact,Refuted,,Supported,
2408.06641v2_2_F,The bulk modulus of Cr3Si decreases from 248.7 GPa for undoped Cr3Si to 220 GPa for Ge-doped Cr3Si at 50% doping concentration.,2024-08-01,,matteroffact,Refuted,"[{""bias"": ""Time-saving bias"", ""confidence"": 0.6269}]",Supported,
2411.11673v2_6_T,Collinear antiferromagnets exhibiting magneto-optical effects can be used in applications where magneto-optical effects need to be stable under externally applied magnetic fields.,2024-11-01,,matteroffact,Supported,"[{""bias"": ""Pro-Innovation Bias"", ""confidence"": 0.6812}]",Supported,
2311.13599v1_11_F,The 'black GZO' material exhibits integrated absorption over the measured spectral band that is approximately five times larger than the absorption of Yb₂Zr₂O₇.,2023-11-01,,matteroffact,Refuted,,Supported,
2405.18946v3_12_T,"Atomically well-defined SrTiO₃(001) surfaces cleaved via strain-induced ferroelectric phase transition exhibit clear, distinct two-dimensional electron liquids, while conchoidal surface regions with poor atomic order show ill-defined, mixed electronic states",2024-05-01,,matteroffact,Supported,"[{""bias"": ""Bias blind spot"", ""confidence"": 0.3346}]",Supported,
2403.13814v1_15_T,"The pore sizes of 10-45 nm in DyFeO₃ nanoparticles facilitate efficient ion diffusion because they are larger than the hydrated ion size of the electrolyte, enhancing charge transport during electrochemical processes.",2024-03-01,,matteroffact,Supported,,Supported,
2403.14215v1_5_F,"The Curie temperature (TC) of Mn₅(Si_xGe_1-x)₃ thin films increases from 296K at x=0 to 350K at x=1, with the most significant increase occurring between x=0.6 and x=1",2024-03-01,,matteroffact,Refuted,"[{""bias"": ""Time-saving bias"", ""confidence"": 0.6961}]",Supported,
2411.04481v1_10_T,"In the MFe5X8 family (M=Li, Na, K; X=O, S), iron atoms are coordinated with four and six chalcogen atoms in tetrahedral and octahedral crystal fields, with six-coordinated Fe atoms forming a 2D layered structure alternating with four-coordinated iron atoms.",2024-11-01,,matteroffact,Supported,"[{""bias"": ""subadditivity effect"", ""confidence"": 0.3166}]",Supported,
2503.12194v1_5_T,"Erbium doping reduces the refractive indices in both α-Ga₂O₃ and β-Ga₂O₃ phases compared to their pristine counterparts, potentially enhancing light propagation within the materials.",2025-03-01,,matteroffact,Supported,,Supported,
2407.01918v1_7_F,"The interaction between mobile ions and the framework in solid electrolytes leads to potential hardening and energy amplification, both of which are enhanced in stiffer materials with higher vibrational frequencies.",2024-07-01,,matteroffact,Refuted,"[{""bias"": ""curse of knowledge"", ""confidence"": 0.3221}]",Supported,
2407.04126v2_13_T,"The impact of grain boundaries on Li-ion diffusion in polycrystalline Li₆PS₅Cl becomes negligible for grain sizes above 1000 nanometers, consistent with experimental observations",2024-07-01,,matteroffact,Supported,,Supported,
2406.11763v1_11_F,"X-ray diffraction analysis of the as-deposited Hf0.5Zr0.5O2 thin films reveals a monoclinic phase fraction of approximately 75%, with only a small portion composed of the polar orthorhombic ferroelectric phase.",2024-06-01,,matteroffact,Refuted,,Supported,
2503.13725v1_12_T,"An optimal nanowire density of approximately 0.25 µm⁻² is required for creating single shadow junctions in criss-crossing InAs nanowires, as lower densities prevent junction formation while higher densities result in multiple junctions per nanowire.",2025-03-01,,matteroffact,Supported,"[{""bias"": ""Time-saving bias"", ""confidence"": 0.8314}]",Supported,
2402.18588v2_1_F,The inclusion of spin-orbit coupling in LK-99 increases the total number of Weyl points to 24 across the Brillouin zone.,2024-02-01,,matteroffact,Refuted,,Supported,
2501.15424v1_13_T,"Fe₃Ge crystallizes in a DO₁₉ structure with space group P6₃/mmc, consisting of directly stacked Fe-Ge Kagome layers where the Fe atoms form a Kagome lattice in the ab plane and the Ge atoms occupy the center of each hexagon.",2025-01-01,,matteroffact,Supported,,Supported,
2403.13323v1_8_F,"The lattice constant in AgInSnPbBiTe5 high-entropy alloy is significantly larger than that of PbTe, with approximately 15% expansion, indicating substantial local distortion in the crystal structure.",2024-03-01,,matteroffact,Refuted,"[{""bias"": ""Outcome bias"", ""confidence"": 0.4299}]",Supported,
2403.13710v1_7_F,NV centers can achieve temperature sensitivity of approximately 0.1 millikelvin per square root hertz in bulk diamond at room temperature.,2024-03-01,,matteroffact,Refuted,,Supported,
2411.11618v1_3_F,MoS2 flakes with ZZ-Mo-S₂ edges can achieve approximately 80% of monolayer conductance at large overlaps.,2024-11-01,,matteroffact,Refuted,"[{""bias"": ""Pro-Innovation Bias"", ""confidence"": 0.3262}]",Supported,
2502.11628v1_3_F,"When reducing EBSD pattern resolution from 1244×1024 to 77×64 pixels with appropriate supersampling, the strain measurement noise decreases from 0.073 mm/m to 0.050 mm/m.",2025-02-01,,matteroffact,Refuted,"[{""bias"": ""Time-saving bias"", ""confidence"": 0.9389}]",Supported,
2504.00309v1_5_T,"The hardware-efficient VQE ansatz used for silicon band structure calculations has a circuit depth of 3 layers, with each layer containing single-qubit rotations and two-qubit gates.",2025-04-01,,matteroffact,Supported,"[{""bias"": ""curse of knowledge"", ""confidence"": 0.4006}]",Supported,
2503.04492v1_9_F,"Strongly correlated features in a predictive model have no effect on XML analysis results, as SHAP values accurately reflect true feature importance regardless of inter-feature correlations.",2025-03-01,,matteroffact,Refuted,"[{""bias"": ""Bias blind spot"", ""confidence"": 0.9688}]",Refuted,
2410.01040v1_9_T,"In Bi₂Sr₂CaCu₂O₈₊δ with a low density of tilted columnar defects (B_Φ = 50 G), the first-order vortex melting transition is determined by the c-axis component of the applied field, independent of the field direction.",2024-10-01,,matteroffact,Supported,,Supported,
2311.02289v1_12_T,"GW calculations for CsV3Sb5 require a total of 4000 bands and 100 frequency points, with convergence of quasiparticle energies to within 50 meV.",2023-11-01,,matteroffact,Supported,,Supported,
2504.05858v1_16_T,"The Havriliak-Negami relaxation parameters α and γ for Na₃Zr₂₋ₓTiₓSi₂PO₁₂ materials range from 0.34-0.79 and 0.28-0.76 respectively, confirming non-Debye type relaxation behavior.",2025-04-01,,matteroffact,Supported,"[{""bias"": ""subadditivity effect"", ""confidence"": 0.3326}]",Supported,
2502.18376v1_3_F,First-principles calculations show that [001]-oriented LaVO₃ on DyScO₃ is energetically favored by approximately 20 meV per formula unit compared to [110]-oriented growth.,2025-02-01,,matteroffact,Refuted,,Supported,
2404.03579v2_2_F,"In Al-7085 with a modified T7452 temper, the maximum element-scale von Mises stress differences between microstructures with and without intragranular orientation gradients can reach approximately 100 MPa at 20% macroscopic engineering strain.",2024-04-01,,matteroffact,Refuted,"[{""bias"": ""Outcome bias"", ""confidence"": 0.389}]",Supported,
2312.05681v2_2_F,"The lithium transference number in LiTFSI-PEO electrolytes reaches a maximum value at the ionic concentration where conductivity is maximum (Li:PEO ratio of 3.2), and decreases at higher concentrations.",2023-12-01,,matteroffact,Refuted,,Supported,
2405.09840v2_10_T,"The theoretical framework for anomalous thermal Hall effect in Weyl superconductors is applicable to various candidate materials including uranium compounds UPt₃, URu₂Si₂, and ferromagnetic superconductors UCoGe, URhGe, and UGe₂.",2024-05-01,,matteroffact,Supported,,Supported,
2411.07624v2_0_F,"The misfit compound (PbS)₁.₁₃(TaS₂) exhibits a superconducting transition at 1.5 K, which is significantly higher than the transition temperature of bulk 2H-TaS₂ (0.8 K).",2024-11-01,,matteroffact,Refuted,,Supported,
2504.11065v1_7_F,The Fermi velocity in titanium nitride is approximately 3.5 × 10^6 meters per second.,2025-04-01,,matteroffact,Refuted,,Supported,
2401.06090v1_3_F,Li⁺ ions in Li₃InCl₆ undergo three-dimensional diffusion throughout the entire crystal structure.,2024-01-01,,matteroffact,Refuted,,Supported,
2311.05696v2_2_T,Adding small particles to a dense suspension of large particles can counterintuitively decrease the overall viscosity despite increasing the total volume fraction.,2023-11-01,,matteroffact,Supported,"[{""bias"": ""Whole only effect"", ""confidence"": 0.3202}]",Supported,
2401.04713v1_12_T,"The perpendicular magnetic anisotropy in TbMn₆Sn₆ thin films is important for opening gaps at Dirac cones, which is connected to the large intrinsic anomalous Hall effect observed in these materials.",2024-01-01,,matteroffact,Supported,,Supported,
2412.16310v3_9_T,"The sulfur-vacancy (SV) defect in diamond exhibits acceptor levels at E_v + 4.0 eV for the (0|-) transition and E_v + 4.5 eV for the (-|2-) transition, making it a hyper-deep acceptor.",2024-12-01,,matteroffact,Supported,"[{""bias"": ""Time-saving bias"", ""confidence"": 0.5263}]",Supported,
2410.07886v1_5_F,"Al-Ni melts exhibit weak chemical affinity between Al and Ni atoms, with minimal preference for unlike atom pairs across all compositions",2024-10-01,,matteroffact,Refuted,,Refuted,
2501.05312v1_16_F,"Gaussian Process regression models require extensive hyperparameter tuning to map the VAE latent space to material parameters in Hf₀.₅Zr₀.₅O₂ films, and can only predict parameters for ferroelectric hysteresis loops that closely resemble those in the training set.",2025-01-01,,matteroffact,Refuted,"[{""bias"": ""Bias blind spot"", ""confidence"": 0.7899}]",Supported,
2411.04807v1_9_F,The QEq electrostatic energy function requires significant reparameterization to be valid away from its global minimum.,2024-11-01,,matteroffact,Refuted,,Supported,
2405.10644v1_4_F,"Freestanding NdNiO₃ membranes released from Sr₃Al₂O₆-SrTiO₃ heterostructures exhibit fewer cracks with no preferential direction compared to those released from Ca₃Al₂O₆-LaAlO₃ heterostructures, which show parallel micrometer-scale cracks in one direction.",2024-05-01,,matteroffact,Refuted,,Supported,
2503.12194v1_1_T,"Hybrid functional calculations with 40% Hartree-Fock mixing parameter produce indirect band gaps of 5.21 eV in pristine α-Ga₂O₃ and 4.94 eV in pristine β-Ga₂O₃, which align with experimental values.",2025-03-01,,matteroffact,Supported,,Supported,
2412.05273v1_15_F,"Topological semimetals maintain a consistent weak Coulomb disorder regime regardless of carrier density, with magnetoresistance always exhibiting linear field dependence across all carrier density ranges.",2024-12-01,,matteroffact,Refuted,,Refuted,
2504.12547v1_8_T,"In ZrSiS, the cyclotron mass of hole carriers is 0.17 me and that of electron carriers is 0.46 me, while in ZrSiTe, the cyclotron mass of hole carriers is 0.11 me and that of electron carriers is 0.79 me.",2025-04-01,,matteroffact,Supported,"[{""bias"": ""Time-saving bias"", ""confidence"": 0.3663}]",Supported,
2407.01918v1_6_F,"In both one-dimensional and three-dimensional solid electrolytes, the energy dissipation experienced by mobile ions increases linearly with speed at high velocities, with both transverse and longitudinal dissipation channels scaling proportionally to v, where v is the ion's speed.",2024-07-01,,matteroffact,Refuted,,Supported,
2401.04713v1_2_T,"The out-of-plane lattice constants of ErMn₆Sn₆ and TbMn₆Sn₆ thin films are 8.93Å and 8.95Å respectively, which are slightly smaller than their bulk counterparts of 9.0006Å and 9.0208Å.",2024-01-01,,matteroffact,Supported,"[{""bias"": ""Time-saving bias"", ""confidence"": 0.753}]",Supported,
2310.13945v1_3_T,"The F4̄3m Sr₂B₅ structure is thermodynamically stable in the pressure range of 38-44 GPa at 0 K, which expands to 34-65 GPa at 2000 K.",2023-10-01,,matteroffact,Supported,"[{""bias"": ""Time-saving bias"", ""confidence"": 0.4901}]",Supported,
2403.14215v1_16_F,"The ratio of lattice parameters c/a in Mn₅(Si_xGe_1-x)₃ thin films increases significantly from approximately 0.7 at x=0 to 0.8 at x=0.6, showing an opposite trend compared to bulk samples",2024-03-01,,matteroffact,Refuted,,Supported,
2411.18843v1_3_T,THz laser-induced lattice distortion in electron-doped tellurium can reverse the sign of the nonlinear Hall effect by rearranging the Berry curvature dipole distribution around the Weyl point.,2024-11-01,,matteroffact,Supported,,Supported,
2501.04751v2_13_T,Cr³⁺ ions in CrSBr exhibit a high spin S = 3/2 ground state configuration with three singly occupied d orbitals due to the higher energy cost of double occupation relative to the crystal field splitting.,2025-01-01,,matteroffact,Supported,,Supported,
2402.07147v1_1_T,The ordering state of oxygen atoms in titanium has a smaller impact on lattice parameters than oxygen concentration.,2024-02-01,,matteroffact,Supported,"[{""bias"": ""Bias blind spot"", ""confidence"": 0.3574}]",Supported,
2312.10313v1_4_F,"In a Nb(110) monolayer at 4.56 K, all orbitals exhibit identical superconducting gap values of 1.4 meV when the Cooper pair coupling parameter is set to 1.37 eV.",2023-12-01,,matteroffact,Refuted,"[{""bias"": ""Time-saving bias"", ""confidence"": 0.7252}]",Refuted,
2405.02186v1_11_F,"The influence of both p-type and n-type interfaces on the electronic structure of infinite-layer nickelate thin films extends at least 5-6 unit cells into the film, with significant interface effects throughout most of the film thickness.",2024-05-01,,matteroffact,Refuted,,Supported,
2312.10313v1_15_F,The simulation procedure for superconductivity requires starting with a fully superconducting state and gradually reducing the Cooper pair coupling until the normal metallic phase emerges.,2023-12-01,,matteroffact,Refuted,,Refuted,
2503.14050v1_4_T,Oxygen contamination on the Hf(0001) surface causes the Hf 4f surface peak to disappear and increases the intensity of suboxide components at higher binding energies.,2025-03-01,,matteroffact,Supported,"[{""bias"": ""Pro-Innovation Bias"", ""confidence"": 0.3778}]",Supported,
2409.06743v1_6_T,"The paper separator with 0.75 w/v% SBR content exhibits the lowest Gurley value of 13.0 seconds among the tested trilayer cellulosic paper separators, indicating higher air permeability.",2024-09-01,,matteroffact,Supported,,Supported,
2404.05398v1_8_T,Ultrafast reciprocal space mapping (URSM) enables non-destructive depth-resolved investigation of nanomorphology in thin films by combining static diffraction peak analysis with time-resolved strain dynamics.,2024-04-01,,matteroffact,Supported,"[{""bias"": ""curse of knowledge"", ""confidence"": 0.4417}, {""bias"": ""clustering illusion"", ""confidence"": 0.323}]",Supported,
2405.17947v1_6_T,"NbS₂-based anodes exhibit a systematic capacity decay of approximately 10% per cycle after the first discharge, with the capacity approaching the theoretical value for pristine material after multiple cycles.",2024-05-01,,matteroffact,Supported,,Refuted,
2501.04840v2_13_F,"The longitudinal exciton in hexagonal boron nitride has no meaningful analogies with orbital excitations in transition metal compounds, as they represent fundamentally different physical phenomena with distinct origins and properties.",2025-01-01,,matteroffact,Refuted,,Supported,
2407.10282v1_7_F,"The ultrasonic vibration amplitude measured directly using high-speed X-ray imaging during melt pool formation in Al6061 is approximately 25 μm, with a peak-to-peak amplitude of 50 μm.",2024-07-01,,matteroffact,Refuted,,Supported,
2501.15424v1_10_T,"The Berry curvature in Fe₃Ge is prominently enhanced at the intersections of the nodal surface and the Fermi surface, contributing to the giant intrinsic anomalous Hall conductivity.",2025-01-01,,matteroffact,Supported,,Supported,
2403.19614v1_11_F,"The reproducibility of Josephson junctions in 30 kV e-beam lithography is primarily determined by the precision of the electron beam system, with geometry design having minimal impact on the distribution of backscattered electrons and fabrication success.",2024-03-01,,matteroffact,Refuted,,Refuted,
2411.19257v1_1_F,"The band gap reduction rate in InAs₁₋ₓBiₓ is 84 meV per percent of bismuth, which is higher than the reduction rates in GaAs₁₋ₓBiₓ (64 meV/%Bi) and AlAs₁₋ₓBiₓ (43 meV/%Bi).",2024-11-01,,matteroffact,Refuted,,Supported,
2405.17947v1_5_F,"NbS₂-based anodes exhibit a first-cycle Coulombic efficiency of 95%, which decreases to between 75% and 80% in subsequent cycles.",2024-05-01,,matteroffact,Refuted,"[{""bias"": ""subadditivity effect"", ""confidence"": 0.6384}]",Supported,
2403.06305v1_0_T,Epitaxial scandium trifluoride (ScF₃) thin films can be successfully grown on lithium fluoride (LiF) substrates using pulsed laser deposition.,2024-03-01,,matteroffact,Supported,"[{""bias"": ""Pro-Innovation Bias"", ""confidence"": 0.4494}]",Supported,
2502.06375v1_13_T,Hydrophobic silica aerogel thin films synthesized under ambient pressure conditions show practical potential for cost-effective enhancement of silicon photovoltaic efficiency,2025-02-01,,matteroffact,Supported,"[{""bias"": ""Pro-Innovation Bias"", ""confidence"": 0.693}]",Supported,
2412.05273v1_16_F,"In the 3D quasi-quantum Hall effect, the longitudinal resistivity exhibits no correlation with the Hall resistivity, and the relationship ρxx=-αH∂Hρxy does not hold at any carrier density due to fundamental differences between 2D and 3D quantum Hall physics.",2024-12-01,,matteroffact,Refuted,,Supported,
2402.07147v1_6_T,"The variations of titanium lattice parameters with temperature and oxygen concentration can be factorized, with the increase rates of c parameter with oxygen concentration being approximately 0.150 for ordered structures and 0.112 for disordered structures.",2024-02-01,,matteroffact,Supported,"[{""bias"": ""Time-saving bias"", ""confidence"": 0.507}]",Supported,
2503.10923v1_13_T,Density Functional Theory (DFT) struggles to accurately capture strong electron-electron correlation effects in complex molecular and surface systems due to its reliance on exchange-correlation approximations.,2025-03-01,,matteroffact,Supported,"[{""bias"": ""Bias blind spot"", ""confidence"": 0.3364}]",Supported,
2310.18245v3_15_F,"Ta₃Sb exhibits the strongest phonon softening among all studied A15 compounds, contributing to its high electron-phonon coupling coefficient of 1.5 and superconducting critical temperature of 3.2 K.",2023-10-01,,matteroffact,Refuted,"[{""bias"": ""subadditivity effect"", ""confidence"": 0.3389}, {""bias"": ""Outcome bias"", ""confidence"": 0.3116}]",Supported,
2403.13323v1_1_T,"In high-entropy alloys, the charge of cations plays a more dominant role than their size in the formation of Frenkel defects.",2024-03-01,,matteroffact,Supported,"[{""bias"": ""curse of knowledge"", ""confidence"": 0.5195}]",Supported,
2401.04713v1_2_F,"The in-plane lattice constants of ErMn₆Sn₆ and TbMn₆Sn₆ thin films are 5.7Å and 5.8Å respectively, which are significantly larger than the bulk value of 5.5Å.",2024-01-01,,matteroffact,Refuted,"[{""bias"": ""Time-saving bias"", ""confidence"": 0.4529}]",Supported,
2409.07058v3_5_T,"Substituting boron for carbon in Fe₃C and Co₃C compounds increases the Curie temperature and magnetic moment while improving phase stability, making boron substitution a promising approach for enhancing magnetic properties.",2024-09-01,,matteroffact,Supported,"[{""bias"": ""Pro-Innovation Bias"", ""confidence"": 0.3052}]",Supported,
2406.13070v1_4_F,Pre-aging of NiAl-coated Ni-based superalloys through thermal cycling reduces their thermomechanical fatigue life compared to as-received condition.,2024-06-01,,matteroffact,Refuted,,Refuted,
2502.11628v1_9_T,"The cross-correlation coefficient between experimental and simulated EBSD patterns initially increases when decreasing pattern resolution from 1244×1024 to 311×256 pixels, due to noise reduction per pixel while maintaining sufficient information content.",2025-02-01,,matteroffact,Supported,"[{""bias"": ""Time-saving bias"", ""confidence"": 0.4957}]",Supported,
2403.11080v2_5_T,Higher thermal gradients (10^7 K/m) in rapidly solidified Fe-Cr alloys lead to more pronounced chromium segregation at identical grain boundaries compared to lower thermal gradients (10^5-10^6 K/m),2024-03-01,,matteroffact,Supported,"[{""bias"": ""Time-saving bias"", ""confidence"": 0.5652}]",Supported,
2311.15791v1_11_T,"The phase transition between the CCDW phase and the T-phase in 1T-TaS₁.₂Se₀.₈ exhibits a large hysteresis of approximately 125 K, occurring at 305 K during heating and 180 K during cooling.",2023-11-01,,matteroffact,Supported,"[{""bias"": ""Outcome bias"", ""confidence"": 0.4889}]",Supported,
2401.04713v1_5_F,"The root-mean-square (rms) roughness of 20nm ErMn₆Sn₆ thin films is 2.5nm, while 20nm TbMn₆Sn₆ thin films have an rms roughness of 0.8nm.",2024-01-01,,matteroffact,Refuted,"[{""bias"": ""Time-saving bias"", ""confidence"": 0.7125}]",Supported,
2503.22003v2_7_T,The valley-stiffness constant in rhombohedral trilayer graphene is approximately 0.16 millielectronvolts.,2025-03-01,,matteroffact,Supported,"[{""bias"": ""Outcome bias"", ""confidence"": 0.3326}]",Supported,
2503.16705v1_7_T,Current methods for predicting superconducting materials rely on either machine learning approaches requiring large experimental datasets or simplified models that need explicit inclusion of attractive electron fields.,2025-03-01,,matteroffact,Supported,"[{""bias"": ""Bias blind spot"", ""confidence"": 0.5698}]",Supported,
2412.05273v1_10_F,The step-like feature in Hall resistivity and corresponding shoulder in magnetoresistance observed in low carrier density Cd3As2 originate primarily from multiband transport effects rather than from the quasi-quantum Hall effect.,2024-12-01,,matteroffact,Refuted,,Supported,
2404.11300v1_2_T,The experimental observation of only negative thermopower enhancement near the Van Hove singularity in Sr₂₋ᵧLaᵧRuO₄ contradicts predictions from both constant relaxation-time approximation and elastic carrier scattering models,2024-04-01,,matteroffact,Supported,,Supported,
2403.07526v2_9_F,"Peierls stress is primarily determined by the electronic structure and quantum mechanical interactions between atoms, requiring full quantum mechanical calculations for accurate predictions.",2024-03-01,,matteroffact,Refuted,"[{""bias"": ""Bias blind spot"", ""confidence"": 0.4378}]",Supported,
2503.01518v1_15_F,"T1 precipitates in Al-Cu-Li alloys form with a random orientation relationship to the α-Al matrix, with no specific alignment between crystal planes.",2025-03-01,,matteroffact,Refuted,,Supported,
2310.04841v1_11_T,A combinatorial approach with systematic enumeration of possible atomic configurations successfully identifies the ground state and metastable structures of metal vacancies in cubic carbides.,2023-10-01,,matteroffact,Supported,"[{""bias"": ""clustering illusion"", ""confidence"": 0.6873}]",Supported,
2310.03080v2_15_F,Spin-orbit coupling effects are essential for accurately simulating high harmonic generation in transition metal dichalcogenide monolayers.,2023-10-01,,matteroffact,Refuted,"[{""bias"": ""curse of knowledge"", ""confidence"": 0.4695}]",Supported,
2407.15258v1_4_F,"Anion-anion co-doping in Li7PS6 argyrodite has minimal effect on the concentration of each anion in the structure, similar to cation co-doping which generally does not affect anion dopant concentrations.",2024-07-01,,matteroffact,Refuted,,Refuted,
2404.05820v1_12_T,"Introducing oxygen substitution at fluorine sites in weberite structures could potentially increase calcium content, lower migration barriers, and enable voltage tuning due to the weaker calcium-oxygen bonds compared to calcium-fluorine bonds.",2024-04-01,,matteroffact,Supported,"[{""bias"": ""Pro-Innovation Bias"", ""confidence"": 0.6774}]",Supported,
2503.17434v1_6_T,"Secondary flows near the wire surface play a significant role in enhancing the magnetic separation of metal ions at higher concentrations, as indicated by magnetic Grashof numbers greater than unity, which can reduce the minimum cluster size required for effective separation.",2025-03-01,,matteroffact,Supported,,Supported,
2406.04713v1_12_F,Adjusting the predicted velocity at inference time through anti-annealing is necessary for Riemannian Flow Matching to match the performance of diffusion models on crystal structure prediction,2024-06-01,,matteroffact,Refuted,"[{""bias"": ""Bias blind spot"", ""confidence"": 0.7335}]",Supported,
2504.04297v1_11_F,"Effective screening for BCS-type superconductors requires only calculating the density of states at the Fermi level, without the need to consider phonon properties or magnetic elements.",2025-04-01,,matteroffact,Refuted,,Refuted,
2406.13070v1_1_F,The brittle-to-ductile transition temperature of β-NiAl coatings decreases significantly with thermal aging due to microstructural evolution.,2024-06-01,,matteroffact,Refuted,,Supported,
2310.03080v2_5_F,The high harmonic generation in monolayer NbSe2 can be used to directly detect the charge density wave phase transition temperature of 33K.,2023-10-01,,matteroffact,Refuted,"[{""bias"": ""curse of knowledge"", ""confidence"": 0.387}]",Supported,
2411.10522v1_3_F,H₃S at 140 GPa pressure shows no diamagnetic response in virgin curve measurements until after extensive background subtraction and data processing.,2024-11-01,,matteroffact,Refuted,"[{""bias"": ""Bias blind spot"", ""confidence"": 0.4162}]",Supported,
2407.09880v1_1_T,"Highly metallic SrVO₃ films effectively screen the Fuchs-Kliewer phonons at the interface with monolayer FeSe, eliminating the interfacial electron-phonon coupling.",2024-07-01,,matteroffact,Supported,,Supported,
2501.05312v1_1_T,"In Hf₀.₅Zr₀.₅O₂ films, the polar grain fraction shows a strong positive correlation (r = 0.63) with the first latent variable (Z₁) of the VAE, while grain orientation dispersion shows minimal correlation (r = -0.11 with Z₁, r = 0.21 with Z₂).",2025-01-01,,matteroffact,Supported,,Supported,
2407.20599v1_4_T,The cooperative effect in transverse thermoelectric responses of film-substrate systems requires both a difference in Seebeck coefficients and a difference in Hall angles between the film and substrate materials.,2024-07-01,,matteroffact,Supported,,Supported,
2408.03175v1_12_T,The morphogenic interface (MINT) concept involves adding a thin interfacial material between the electrode and electrolyte that implements closed-loop feedback by coupling interface morphology to lithium deposition and stripping.,2024-08-01,,matteroffact,Supported,"[{""bias"": ""clustering illusion"", ""confidence"": 0.408}]",Supported,
2311.12681v2_14_T,"Surface layers in a-SiC:H parallel plate capacitors affect the microwave loss and frequency shift differently than they affect the frequency noise, with the noise showing a weaker thickness dependence than would be expected if surface layers dominated the noise in the same way they dominate the loss.",2023-11-01,,matteroffact,Supported,"[{""bias"": ""Bias blind spot"", ""confidence"": 0.5785}]",Supported,
2405.10644v1_14_T,"NdNiO₃ thin films grown on LaAlO₃ substrates exhibit a resistivity at 300 K lower than 1 mΩ·cm, which is lower than the resistivity of films grown on SrTiO₃ substrates.",2024-05-01,,matteroffact,Supported,,Supported,
2405.19935v1_5_F,"The relationship between edge mode localization length and Hall conductance in quantum anomalous Hall systems follows a simple linear relationship, with the Hall conductance always decreasing proportionally to increases in localization length.",2024-05-01,,matteroffact,Refuted,,Refuted,
2501.16001v1_13_T,"The Rayleigh wave velocity in a semi-infinite half-space is proportional to the square root of Young's modulus divided by density, with a weak dependence on Poisson's ratio through a factor that varies only from 1.05 to 1.15 for Poisson's ratios between 0 and 0.5.",2025-01-01,,matteroffact,Supported,"[{""bias"": ""Time-saving bias"", ""confidence"": 0.5178}]",Supported,
2312.10313v1_11_T,"The tight-binding implementation of the Bogoliubov-de Gennes method allows for a realistic description of superconductivity with parameters obtained from density functional theory, enabling the study of superconducting properties across different dimensions.",2023-12-01,,matteroffact,Supported,"[{""bias"": ""curse of knowledge"", ""confidence"": 0.3879}]",Supported,
2311.01879v1_0_T,"In FeCrAl ODS steels with 9 wt% Al, irradiation hardening decreases with increasing Cr content when irradiated with Fe ions at 300°C to 3 dpa.",2023-11-01,,matteroffact,Supported,,Supported,
2411.04807v1_10_F,"For two-state systems, the diabatic coupling can only be approximated and not determined exactly in the constrained charge equilibration (CQEq) method.",2024-11-01,,matteroffact,Refuted,"[{""bias"": ""Bias blind spot"", ""confidence"": 0.4144}]",Supported,
2410.05384v2_9_T,"The superconducting gap in the chiral topological superconductor phase exhibits a (p+ip)-wave symmetry, with the real part showing px-wave profile and the imaginary part showing py-wave profile.",2024-10-01,,matteroffact,Supported,,Supported,
2412.18712v1_4_T,Increasing the chain stiffness parameter (E_b) of polymers decreases the high temperature limit of configurational entropy (S_c*) and monotonically increases the segmental fragility (m_s),2024-12-01,,matteroffact,Supported,,Supported,
2404.12822v1_14_T,"The superior electrochemical performance of NaFe₁.₆V₀.₄(PO₄)(SO₄)₂@CNT cathode results from synergistic effects of vanadium doping creating vacancy defects, CNT network enhancing electronic conductivity, and NASICON-type framework providing stable sodium-ion channels.",2024-04-01,,matteroffact,Supported,"[{""bias"": ""Pro-Innovation Bias"", ""confidence"": 0.3861}]",Supported,
2407.04126v2_11_F,"In Li₆PS₅Cl, grain boundaries with higher formation energies consistently exhibit lower Li-ion diffusivity, contradicting the Borisov relation observed in metallic materials",2024-07-01,,matteroffact,Refuted,,Refuted,
2403.18441v1_1_F,"Residual stress distributions show compressive regions near the surface for both Inconel 718 and Ti6Al4V, with stress magnitude remaining relatively constant throughout the depth of the workpiece.",2024-03-01,,matteroffact,Refuted,,Supported,
2402.12278v1_10_T,"Glissile dislocations with Burgers vector b = (a0/2)<111> dominate the plastic deformation of nanoporous tantalum, with sessile dislocations with Burgers vectors b = a0<100> and b = a0<110> forming as secondary defects",2024-02-01,,matteroffact,Supported,"[{""bias"": ""subadditivity effect"", ""confidence"": 0.3115}]",Supported,
2404.19084v2_8_F,Centrifugal disk finishing of additively manufactured Inconel 718 creates severe residual tensile stresses near the surface that are detrimental for fatigue performance.,2024-04-01,,matteroffact,Refuted,,Supported,
2408.06641v2_3_T,The shear modulus of Cr3Si decreases from 158.9 GPa for undoped Cr3Si to 147 GPa for Ge-doped Cr3Si at 50% doping concentration.,2024-08-01,,matteroffact,Supported,"[{""bias"": ""Time-saving bias"", ""confidence"": 0.645}]",Supported,
2501.16965v1_9_T,"The pairing potential in an s-wave superconductor decreases monotonically with increasing temperature, approaching zero at the superconducting transition temperature of approximately 0.35 in the studied model.",2025-01-01,,matteroffact,Supported,,Supported,
2403.13814v1_9_T,DyFeO₃ nanoparticles contain oxygen vacancies that enhance their electrochemical performance as supercapacitor electrode materials.,2024-03-01,,matteroffact,Supported,,Supported,
2405.18939v1_9_T,"In (LaSe)₁.₁₄(NbSe₂)₂, the phonon modes of the LaSe subunit are concentrated below 175 cm⁻¹ due to the heavy La mass, while the NbSe₂ subunit contributes modes across the entire frequency range.",2024-05-01,,matteroffact,Supported,"[{""bias"": ""subadditivity effect"", ""confidence"": 0.3567}]",Supported,
2406.13070v1_3_T,Shorter dwell times during thermal cycling promote faster β to γ' phase transformation and increased surface roughness in NiAl coatings compared to longer dwell times for the same cumulative exposure time.,2024-06-01,,matteroffact,Supported,,Supported,
2411.17360v1_5_T,The c-lattice parameter of Al0.73Sc0.27N thin films initially increases with oxygen doping up to Nmix = 8 sccm and then drops back to near its original value at higher doping levels.,2024-11-01,,matteroffact,Supported,,Supported,
2407.15258v1_3_F,"Magnesium co-doping significantly increases the concentration of anion dopants in Li7PS6 argyrodite, potentially enabling the synthesis of fluorine-doped argyrodite, while silicon co-doping generally does not affect anion dopant concentrations.",2024-07-01,,matteroffact,Refuted,"[{""bias"": ""Whole only effect"", ""confidence"": 0.6801}]",Supported,
2405.17947v1_0_F,"Pristine NbS₂ has a theoretical specific capacity of 340.8 mAh/g, which is lower than graphite's volumetric capacity but higher than graphite's specific capacity of 372 mAh/g.",2024-05-01,,matteroffact,Refuted,,Refuted,
2504.11065v1_11_T,"Titanium nitride possesses six distinct Fermi surfaces, with four closed surfaces primarily contributing to electronic conduction.",2025-04-01,,matteroffact,Supported,,Supported,
2502.03739v1_7_F,"CrSBr bilayers exhibit isotropic optical absorption with equal absorption along both a-axis and b-axis directions, and the absorption spectra show significant variations across different stacking patterns in the antiferromagnetic state but remain consistent in the ferromagnetic state.",2025-02-01,,matteroffact,Refuted,,Supported,
2404.02748v1_15_T,"The strong dependence of critical temperature on lattice parameter in Si₁₋ₓGeₓ:B is similar to that observed in other covalent superconductors such as boron-doped diamond and fullerenes, where lattice deformation significantly affects the electron-phonon coupling.",2024-04-01,,matteroffact,Supported,,Supported,
2311.02289v1_8_F,"In GW calculations of CsV3Sb5, out-of-plane antimony pz bands and vanadium dxy/dx²-y² bands experience nearly identical energy shifts of approximately 0.8 eV.",2023-11-01,,matteroffact,Refuted,"[{""bias"": ""Distinction bias"", ""confidence"": 0.4129}]",Supported,
2411.16583v1_3_F,The shape of 3D particles has no significant effect on stress distribution or crack formation patterns during ion intercalation.,2024-11-01,,matteroffact,Refuted,,Refuted,
2501.04124v1_3_F,The SCDFT-BR89-CS functional produces uniform spin torque patterns in the Cr₃ molecule with consistent magnitude and sign across all atomic sites.,2025-01-01,,matteroffact,Refuted,,Supported,
2504.06595v1_0_F,The time-local approximation for framework response in solid ionic electrolytes is valid when the relevant dynamics of the system are substantially faster than the fastest phonon mode,2025-04-01,,matteroffact,Refuted,,Supported,
2310.04841v1_12_T,Metal vacancies in titanium carbide can form metastable structures with one to three displaced carbon atoms that have reconstruction energies between -1.9 eV and -0.5 eV relative to the unreconstructed vacancy.,2023-10-01,,matteroffact,Supported,"[{""bias"": ""Time-saving bias"", ""confidence"": 0.5699}]",Supported,
2404.05710v1_6_F,"For an ideal superconducting sphere (χ=-1), the external susceptibility tensor is S = -(1/3)I, where I is the identity matrix.",2024-04-01,,matteroffact,Refuted,,Supported,
2409.07058v3_2_F,"In hexagonal (Fe,Co)₃C alloys, the magnetocrystalline anisotropy energy increases monotonically with Co concentration, reaching its maximum of 2.5 MJ·m⁻³ at 100% Co.",2024-09-01,,matteroffact,Refuted,,Supported,
2406.12453v1_14_F,The stabilization of Ni⁴⁺ in Sr₃Ni₁.₇₅Al₀.₂₅O₇ through aluminum substitution has no relevance to battery applications and offers no insights for stabilizing other metastable phases.,2024-06-01,,matteroffact,Refuted,"[{""bias"": ""Pro-Innovation Bias"", ""confidence"": 0.4834}]",Refuted,
2405.17550v1_8_T,"For coherent quantum Hall-superconductor edges, the probability distribution of charge transmission t_eh is P_0(t_eh) = 1/(π√(A_1²-(t_eh-A_0)²)) for t_eh in [A_0-|A_1|, A_0+|A_1|] and zero otherwise, where A_0 and A_1 are constants.",2024-05-01,,matteroffact,Supported,"[{""bias"": ""subadditivity effect"", ""confidence"": 0.3667}]",Supported,
2402.05283v3_11_T,"The Carousel Phase Retrieval Algorithm enables real-time 3D reconstruction during experiments by significantly reducing computational time and memory requirements compared to conventional methods, while maintaining or improving reconstruction quality.",2024-02-01,,matteroffact,Supported,"[{""bias"": ""Bias blind spot"", ""confidence"": 0.3908}]",Supported,
2406.12136v1_15_T,"2D magnets exhibit enhanced sensitivity to external stimuli compared to bulk magnetic materials, allowing their magnetic properties to be tuned through electric fields, laser control, chemical alterations, and mechanical strain.",2024-06-01,,matteroffact,Supported,"[{""bias"": ""curse of knowledge"", ""confidence"": 0.6566}]",Supported,
2412.05273v1_8_F,"The observation of quasi-quantum Hall effect in topological semimetals is enhanced by Coulomb disorder from charged point defects, with the effect becoming more pronounced at lower carrier densities where the disorder potential strength increases relative to the Fermi level.",2024-12-01,,matteroffact,Refuted,"[{""bias"": ""Pro-Innovation Bias"", ""confidence"": 0.3163}]",Supported,
2406.12453v1_4_T,Sr₃Ni₁.₇₅Al₀.₂₅O₇ exhibits a magnetic transition at approximately 12.5 K with an effective magnetic moment of 3.87 μB and a Weiss temperature of -50 K.,2024-06-01,,matteroffact,Supported,,Supported,
2502.03361v2_1_F,"In thin WSe2 flakes of approximately 55 nanometers thickness, laser polarization has no effect on exciton-photon coupling, as both parallel and perpendicular polarizations enable equally strong coupling to waveguide modes.",2025-02-01,,matteroffact,Refuted,,Supported,
2406.17511v1_14_T,"Nanosecond laser annealing of boron-implanted silicon layers can achieve superconducting critical temperatures comparable to those obtained by Gas Immersion Laser Doping, despite the different dopant incorporation methods",2024-06-01,,matteroffact,Supported,"[{""bias"": ""Bias blind spot"", ""confidence"": 0.4385}]",Supported,
2411.08980v1_10_F,Orbital FFLO state is a material-specific phenomenon that only occurs in NbS₂ and requires the presence of charge density wave order.,2024-11-01,,matteroffact,Refuted,,Refuted,
2403.19614v1_15_T,Achieving 'saddle homogeneity' in the dose distribution across the junction area is key to enhancing the robustness of Josephson junction fabrication against process variations in 30 kV e-beam lithography.,2024-03-01,,matteroffact,Supported,"[{""bias"": ""Pro-Innovation Bias"", ""confidence"": 0.3772}]",Supported,
2503.03099v1_16_F,"Flat bands in twisted h-BN bilayers only form at specific 'magic angles' similar to twisted bilayer graphene, requiring precise twist angles of 1.1° and 3.5° to achieve band flattening.",2025-03-01,,matteroffact,Refuted,,Supported,
2404.07848v1_7_F,The Gaussian width parameter for graphite electrodes remains constant at 0.5 Å regardless of the applied potential.,2024-04-01,,matteroffact,Refuted,,Refuted,
2405.17947v1_10_T,"During lithiation, NbS₂ maintains its layered structure during intercalation (up to Li₂NbS₂), but undergoes partial lattice breakdown during conversion reactions at higher lithium content in the presence of defects.",2024-05-01,,matteroffact,Supported,"[{""bias"": ""Omission bias"", ""confidence"": 0.4049}]",Supported,
2411.04807v1_16_F,"For systems with more than two electronic states, the constrained charge equilibration (CQEq) framework can exactly determine all diabatic couplings from diabatic energies and the adiabatic ground state.",2024-11-01,,matteroffact,Refuted,"[{""bias"": ""clustering illusion"", ""confidence"": 0.6955}]",Supported,
2408.09541v3_1_F,Three-dimensional nodal Dirac superconductors respecting Type-II Shubnikov space group P6/mmm1' can host higher-order Majorana-arc (HOMA) states along the high-symmetry line DT.,2024-08-01,,matteroffact,Refuted,,Supported,
2502.12144v1_7_F,"The computational prediction of superconductivity in finite-layer nickelates Nd₍ₙ₊₁₎Ni₍ₙ₎O₍₂ₙ₊₂₎ for n≈4-9 layers contradicts experimental results, which show superconductivity only for n≥10 layers with critical temperatures significantly higher than the calculated values.",2025-02-01,,matteroffact,Refuted,"[{""bias"": ""Bias blind spot"", ""confidence"": 0.7605}]",Refuted,
2310.05415v1_10_T,"Higher titanium concentrations in copper reduce the nonaffine displacement (D²min) in grain boundaries during tensile deformation at strains above 2%, indicating decreased local distortion.",2023-10-01,,matteroffact,Supported,,Supported,
2405.17947v1_5_T,"NbS₂-based anodes exhibit a first-cycle Coulombic efficiency of 82.3%, which improves to between 87% and 89% in subsequent cycles.",2024-05-01,,matteroffact,Supported,"[{""bias"": ""subadditivity effect"", ""confidence"": 0.811}]",Supported,
2502.06904v2_2_T,Introducing an extra hole in CsPbBr₃ at room temperature has negligible impact on its electronic band structure and does not lead to the formation of localized gap states.,2025-02-01,,matteroffact,Supported,"[{""bias"": ""Omission bias"", ""confidence"": 0.6707}]",Supported,
2410.01040v1_8_F,"In Bi₂Sr₂CaCu₂O₈₊δ, enhanced vortex screening is only observed in samples with columnar defect densities below B_Φ = 100 G, and disappears completely at higher defect densities.",2024-10-01,,matteroffact,Refuted,,Refuted,
2405.17947v1_0_T,"Pristine NbS₂ has a theoretical specific capacity of 340.8 mAh/g, which is lower than graphite's specific capacity of 372 mAh/g but higher than graphite's volumetric capacity.",2024-05-01,,matteroffact,Supported,,Refuted,
2405.09057v1_8_F,"The pseudo energy predicted by Response Matching for QM7b molecules shows no significant correlation with actual atomization energy, with a Pearson correlation coefficient below 0.5.",2024-05-01,,matteroffact,Refuted,"[{""bias"": ""Bias blind spot"", ""confidence"": 0.4279}]",Supported,
2406.04713v1_12_T,Adjusting the predicted velocity at inference time through anti-annealing improves performance on crystal structure prediction metrics,2024-06-01,,matteroffact,Supported,"[{""bias"": ""Bias blind spot"", ""confidence"": 0.3107}]",Supported,
2411.17368v2_2_T,"The current along a finite-length R-CPE transmission line under galvanostatic charging conditions decreases linearly with distance at steady state, reaching zero at the end of the line.",2024-11-01,,matteroffact,Supported,,Supported,
2503.13613v1_4_T,"The calculated longitudinal-transverse splitting for the lowest-energy A exciton in wurtzite CdS is 4.4 meV, which is larger than the experimental value of 1.7±0.9 meV",2025-03-01,,matteroffact,Supported,,Refuted,
2401.06090v1_5_T,"Li⁺ diffusion in Li₃InCl₆ shows minimal correlation effects at 116 MHz, indicating that ions perform random walks rather than correlated motions in a symmetric potential landscape.",2024-01-01,,matteroffact,Supported,"[{""bias"": ""Bias blind spot"", ""confidence"": 0.4446}]",Supported,
2504.11065v1_15_F,"Isotropic electron-impurity scattering is the dominant mechanism influencing the temperature-dependent transport properties of titanium nitride, with phonon scattering playing a negligible role.",2025-04-01,,matteroffact,Refuted,"[{""bias"": ""Bias blind spot"", ""confidence"": 0.3023}]",Supported,
2311.05696v2_9_T,"In bidisperse suspensions with size ratio Δ=4 at high stress (σ/σ_0=100), large-small particle contacts contribute approximately 75% of the overall viscosity at a mixing ratio of α=0.4, and remain the dominant contributor to viscosity for mixing ratios between α=0.2 and α=0.75.",2023-11-01,,matteroffact,Supported,,Supported,
2412.00421v1_1_F,The Dzyaloshinskii-Moriya interaction in diluted adatom lattices is always at least three orders of magnitude smaller than the Heisenberg exchange interactions.,2024-12-01,,matteroffact,Refuted,,Refuted,
2503.00217v1_1_F,"HfO₂, 1T-GeO₂, and m-GeO₂ nanoscrolls have bandgaps less than 3 eV, making them suitable for visible light photocatalysis.",2025-03-01,,matteroffact,Refuted,"[{""bias"": ""subadditivity effect"", ""confidence"": 0.3049}]",Supported,
2406.08682v2_15_T,"For modeling high-cycle fatigue under complex multi-axial loading conditions, full Schmid tensors would be more appropriate graph neural network features than simple Schmid factors used for uniaxial cycling",2024-06-01,,matteroffact,Supported,"[{""bias"": ""Bias blind spot"", ""confidence"": 0.7715}]",Supported,
2406.17511v1_14_F,Nanosecond laser annealing of boron-implanted silicon layers achieves significantly lower superconducting critical temperatures compared to Gas Immersion Laser Doping due to implantation-induced defects that cannot be fully healed,2024-06-01,,matteroffact,Refuted,"[{""bias"": ""Bias blind spot"", ""confidence"": 0.3625}]",Refuted,
2407.09880v1_13_T,The superconducting gap size in monolayer FeSe grown on oxide substrates increases monotonically with increasing interfacial electron-phonon coupling strength.,2024-07-01,,matteroffact,Supported,,Supported,
2502.12144v1_3_T,"In finite-layer nickelates Nd₍ₙ₊₁₎Ni₍ₙ₎O₍₂ₙ₊₂₎, the Ni d₍x²-y²₎ orbital occupation shows strong layer dependence, with more holes present in the layers adjacent to the stacking fault.",2025-02-01,,matteroffact,Supported,"[{""bias"": ""Outcome bias"", ""confidence"": 0.3807}]",Supported,
2502.20261v1_3_F,"In CsPbBr₃ with nano-domains, localized electrons oscillate around an energy level approximately 50 meV below the conduction band minimum, while holes oscillate around 80 meV above the valence band maximum.",2025-02-01,,matteroffact,Refuted,"[{""bias"": ""Time-saving bias"", ""confidence"": 0.4859}]",Supported,
2411.01127v1_2_F,"The electrical conductivity of PBTTT thin films exhibits a power-law temperature dependence (σ ∝ T^n) across all temperature ranges, with no significant change in behavior between high and low temperature regions.",2024-11-01,,matteroffact,Refuted,,Refuted,
2402.07147v1_2_F,"For the same oxygen concentration, ordered titanium-oxygen compounds have a smaller c lattice parameter than disordered solid solutions.",2024-02-01,,matteroffact,Refuted,"[{""bias"": ""Distinction bias"", ""confidence"": 0.558}]",Supported,
2412.10865v1_1_F,Perovskite microwires for polariton neural networks require complex molecular beam epitaxy for fabrication.,2024-12-01,,matteroffact,Refuted,"[{""bias"": ""curse of knowledge"", ""confidence"": 0.8482}]",Supported,
2402.09770v1_12_F,"Ferroelectricity in In₂Se₃ monolayer is completely suppressed under any level of hole doping, with the material becoming paraelectric at doping levels as low as 0.1 holes per formula unit.",2024-02-01,,matteroffact,Refuted,,Refuted,
2407.04126v2_15_T,"Experimental measurements of Li-ion diffusion in Li₆PS₅Cl fall within the range predicted by simulations of different atomic structures, providing validation for the computational approach",2024-07-01,,matteroffact,Supported,"[{""bias"": ""Bias blind spot"", ""confidence"": 0.3946}]",Supported,
2404.13293v1_11_F,"Domain walls in GeTe thin films have a fixed thickness of exactly one atomic layer, with no variation possible regardless of Ge-Te bond lengths.",2024-04-01,,matteroffact,Refuted,,Refuted,
2503.07474v1_6_T,"In KV₃Sb₅, the 1.94 THz phonon mode is primarily associated with K atom oscillations, while the 1.68 THz mode involves V and Sb atom oscillations, consistent with the ISD + ISD with interlayer π phase shift CDW structure.",2025-03-01,,matteroffact,Supported,,Supported,
2408.02909v1_0_T,Flexible polymer micro-lattice structures exhibit superior energy dissipation and structural integrity compared to rigid polymer micro-lattice structures under dynamic impact loading.,2024-08-01,,matteroffact,Supported,,Supported,
2311.15620v1_3_F,"The correlation between tracer ion diffusion coefficient and average interstitial residence time in solid-state electrolytes is approximately 45%, representing a moderate correlation among the examined atomistic descriptors.",2023-11-01,,matteroffact,Refuted,,Supported,
2501.15424v1_0_T,Fe₃Ge exhibits an anomalous Hall conductivity of 1500 Ω⁻¹cm⁻¹ at 160 K when the magnetic field is applied parallel to the ab plane.,2025-01-01,,matteroffact,Supported,,Supported,
2503.16705v1_11_T,"The electronic conduction density response to a phonon-induced Peierls gap in a 1D lattice can take three forms depending on the Fermi level position: supra-gap (cos²(k_p x/2)), sub-gap (sin²(k_p x/2)), or mid-band (constant), each affecting the phonon system differently.",2025-03-01,,matteroffact,Supported,"[{""bias"": ""Planning Fallacy"", ""confidence"": 0.321}]",Supported,
2503.10923v1_10_T,"In lithium-metal anode batteries, dissolved oxygen in the electrolyte can mitigate dendrite growth by promoting the formation of lithium oxides on the solid electrolyte interface, thereby improving battery stability and cycle life.",2025-03-01,,matteroffact,Supported,,Supported,
2405.17550v1_5_F,The theoretical model of decoherent quantum Hall-superconductor edges with metallic puddles predicts oscillatory charge transmission patterns that contradict experimental observations in graphene.,2024-05-01,,matteroffact,Refuted,"[{""bias"": ""curse of knowledge"", ""confidence"": 0.4519}]",Refuted,
2403.08679v1_2_F,NaFe₂PO₄(SO₄)₂ exhibits a G-type antiferromagnetic structure where each magnetic moment is antiparallel to all its nearest neighbors.,2024-03-01,,matteroffact,Refuted,,Supported,
2412.16310v3_15_T,"Sulfur doping in diamond improves the spin coherence time of nitrogen-vacancy (NV) centers compared to non-doped diamond by creating an electron spin-free environment through photostable, non-magnetic sulfur-vacancy (SV) defects.",2024-12-01,,matteroffact,Supported,"[{""bias"": ""Bias blind spot"", ""confidence"": 0.3121}]",Supported,
2503.04492v1_13_F,Reducing the number of input features in band gap prediction models increases the computational cost of feature preparation while decreasing predictive accuracy.,2025-03-01,,matteroffact,Refuted,"[{""bias"": ""Omission bias"", ""confidence"": 0.5177}]",Refuted,
2501.15612v1_2_F,"The truncated velocity gauge approach shows significant deviations from the standard velocity gauge approach at drive field strengths below 0.2 V/Å, but becomes increasingly accurate at field strengths above 0.2 V/Å",2025-01-01,,matteroffact,Refuted,,Supported,
2501.10954v5_11_F,"CO2 transport limitations play a minor role in Li-CO2 battery performance, with similar CO2 concentration profiles observed at both high and low current densities, indicating that electronic conductivity rather than mass transport is the primary limiting factor.",2025-01-01,,matteroffact,Refuted,"[{""bias"": ""Bias blind spot"", ""confidence"": 0.5469}]",Supported,
2502.18190v1_7_T,"In the 2H phase AA-0 stacking of bilayer OsBr₂, the Berry curvatures at K and K' valleys have equal magnitudes of 4240.33 Bohr² but opposite signs, while in the AA-1 stacking, they become unequal with values of -4795.15 Bohr² at K and 10836.50 Bohr² at K'.",2025-02-01,,matteroffact,Supported,"[{""bias"": ""Time-saving bias"", ""confidence"": 0.8973}]",Supported,
2403.20138v1_1_T,"The machine learning force field predicts a cubic-to-tetragonal phase transformation temperature of approximately 512.5 K ± 12.5 K for pristine Na₃SbS₄, which is within 75 K of experimental values.",2024-03-01,,matteroffact,Supported,,Supported,
2412.02812v4_7_F,"Growing bct Co₁₋ₓMnₓ films on substrates with smaller lattice constants than MgO(001), such as GaAs(001) or BaTiO₃(110), leads to decreased structural stability of the bct phase, limiting film thickness to less than 2 nm.",2024-12-01,,matteroffact,Refuted,,Supported,
2404.05644v1_5_F,Higher temperatures reduce the growth rate of perovskite crystals in CsPbI₃ while improving crystal quality by minimizing defects,2024-04-01,,matteroffact,Refuted,,Supported,
2401.11244v1_14_T,Machine-learning molecular dynamics accurately reproduces the van Hove correlation functions that characterize spatiotemporal correlations in ion migration in solid-state ion conductors,2024-01-01,,matteroffact,Supported,"[{""bias"": ""clustering illusion"", ""confidence"": 0.4564}]",Supported,
2409.02507v1_6_F,The thermoelectric current density in a liquid metal thermoelectric system is uniformly distributed and cannot exceed 1×10³ A/m² regardless of the temperature difference applied.,2024-09-01,,matteroffact,Refuted,,Refuted,
2408.01267v4_3_F,"During the Jahn-Teller transition in NaNiO₂, the NiO₆ octahedral volume decreases by approximately 1.2% from the monoclinic to the rhombohedral phase.",2024-08-01,,matteroffact,Refuted,"[{""bias"": ""subadditivity effect"", ""confidence"": 0.509}]",Supported,
2405.11460v1_15_T,The shear deformation in the unit cell of Na₃₊ₓZr₂₋ₓPrₓSi₂PO₁₂ ceramics increases with increasing Pr substitution concentration from x = 0.05 to 0.2 due to the larger ionic radius of Pr³⁺ (113 pm) compared to Zr⁴⁺ (72 pm).,2024-05-01,,matteroffact,Supported,"[{""bias"": ""Time-saving bias"", ""confidence"": 0.4087}]",Supported,
2411.16279v1_10_F,"In silver chalcohalide antiperovskites, the top of the valence band is dominated by silver and chalcogen s orbitals, while the bottom of the conduction band is primarily composed of silver d and halide p orbitals.",2024-11-01,,matteroffact,Refuted,,Supported,
2403.09609v1_10_T,"In the Ti-V system, a concentration of 0-10 at.% V leads to the formation of α' martensite, while a concentration of >10 at.% invokes α'' martensite.",2024-03-01,,matteroffact,Supported,"[{""bias"": ""Time-saving bias"", ""confidence"": 0.3152}]",Supported,
2502.08872v1_3_F,"The density of states at the Fermi level in RuO2 is approximately 1.10 states eV⁻¹ Ru⁻¹ spin⁻¹ based on experimental measurements, which is close to the calculated value of 1.57 states eV⁻¹ Ru⁻¹ spin⁻¹ for the altermagnetic state.",2025-02-01,,matteroffact,Refuted,"[{""bias"": ""Pseudocertainty effect"", ""confidence"": 0.4048}]",Supported,
2503.11890v1_10_T,The Stokes shift between absorption and photoluminescence peaks in (F-PEA)₂PbI₄ at 15K is negligible and within the linewidths of both peaks.,2025-03-01,,matteroffact,Supported,,Supported,
2412.05273v1_12_T,"Decreasing carrier density in topological semimetals creates a trade-off for QQHE observation: it reduces the field scale needed to reach the quantum limit, making QQHE more accessible, while simultaneously increasing Coulomb disorder effects that obscure the QQHE signatures.",2024-12-01,,matteroffact,Supported,"[{""bias"": ""Whole only effect"", ""confidence"": 0.3848}]",Supported,
2409.11179v1_12_F,"The Bjerrum length in lithium tetrafluoroborate/ethylene-carbonate electrolytes decreases with increasing salt concentration, becoming shorter than the mean ion diameter at concentrations above 10 M.",2024-09-01,,matteroffact,Refuted,,Supported,
2406.11763v1_4_T,"Oxygen vacancies in HfO2-based materials exhibit a 'Goldilocks effect' where an optimal concentration promotes the ferroelectric phase, while too many or too few vacancies favor non-ferroelectric phases.",2024-06-01,,matteroffact,Supported,"[{""bias"": ""Omission bias"", ""confidence"": 0.6717}]",Supported,
2504.02054v1_16_F,Materials with fully coordinated oxygen environments and disordered cation distributions are optimal for achieving split-polaron-based transport with applications in high-temperature superconductors,2025-04-01,,matteroffact,Refuted,"[{""bias"": ""curse of knowledge"", ""confidence"": 0.3543}]",Supported,
2407.16044v1_4_F,"In bilayer graphene, false Van der Waals forces cause band overlap at small interlayer distances, but this effect becomes more pronounced when the distance exceeds 10 Å",2024-07-01,,matteroffact,Refuted,"[{""bias"": ""Omission bias"", ""confidence"": 0.3983}]",Refuted,
2412.16310v3_3_T,"The formation of the sulfur-vacancy (SV) complex from substitutional sulfur (S_s) and a vacancy has a binding energy of 8.7 eV, making it highly energetically favorable and indicating effective trapping of mobile vacancies by substitutional sulfur.",2024-12-01,,matteroffact,Supported,,Supported,
2410.20944v3_13_F,"Electron and hole doping in CsTi₃Bi₅ introduce significant imaginary frequencies in the phonon spectrum, demonstrating the material's susceptibility to lattice instabilities when the Fermi level is shifted to van Hove singularities or flat bands.",2024-10-01,,matteroffact,Refuted,"[{""bias"": ""curse of knowledge"", ""confidence"": 0.453}]",Supported,
2412.02600v1_12_T,"The ion exchange reaction between Li2ZrN2 and MgBr2 proceeds through a molten salt phase that forms around 500°C, accelerating the reaction kinetics and facilitating the formation of MgZrN2.",2024-12-01,,matteroffact,Supported,,Supported,
2411.16279v1_9_T,"Silver chalcohalide antiperovskites adopt a cubic Pm3̄m phase at room temperature that is dynamically stabilized by anharmonic effects, despite showing imaginary phonon branches in harmonic approximation calculations.",2024-11-01,,matteroffact,Supported,,Supported,
2411.16279v1_11_F,"Thermal expansion effects on the band gap of silver chalcohalide antiperovskites are comparable to electron-phonon coupling effects, with a 1% volume increase causing approximately 100 meV band gap reduction.",2024-11-01,,matteroffact,Refuted,"[{""bias"": ""Time-saving bias"", ""confidence"": 0.4287}, {""bias"": ""Planning Fallacy"", ""confidence"": 0.3219}]",Refuted,
2407.04126v2_0_T,"The three investigated grain boundaries in Li₆PS₅Cl (Σ3(1̄12)[110], Σ3(1̄11)[110], and Σ5(001)[001]) exhibit low formation energies of less than 20 meV/Å²",2024-07-01,,matteroffact,Supported,"[{""bias"": ""subadditivity effect"", ""confidence"": 0.7532}]",Supported,
2405.18946v3_0_F,The TiO₂-terminated SrTiO₃(001) surface requires oxygen vacancies to host a two-dimensional electron liquid,2024-05-01,,matteroffact,Refuted,"[{""bias"": ""Risk Compensation"", ""confidence"": 0.4711}]",Supported,
2412.20009v1_15_T,"The SolarDesign platform includes a comprehensive material library covering silicon, III-V/II-VI materials, organic, and perovskite halides with various physical parameters such as bandgap, complex refractive index, and carrier effective mass.",2024-12-01,,matteroffact,Supported,,Supported,
2404.03579v2_14_F,The combined near-field and far-field high-energy X-ray diffraction microscopy approach is limited to reconstructing 3D orientation fields with intragranular orientation spreads less than 5 degrees in heavily-worked materials.,2024-04-01,,matteroffact,Refuted,,Supported,
2402.12278v1_5_F,The yield strength of nanoporous tantalum decreases from 98.4 MPa to 89.3 MPa as the ligament size increases from 2.4 nm to 3.8 nm,2024-02-01,,matteroffact,Refuted,"[{""bias"": ""Time-saving bias"", ""confidence"": 0.9901}]",Supported,
2404.03579v2_1_T,The yield strength of Al-7085 with a modified T7452 temper is approximately 295 MPa for microstructures with intragranular orientation gradients and 293 MPa for microstructures with homogenized grain orientations when using isotropic elastic moduli.,2024-04-01,,matteroffact,Supported,,Supported,
2412.16310v3_16_T,"The binding energy for the formation of the sulfur-vacancy (SV) complex from substitutional sulfur and a vacancy (8.7 eV) is significantly higher than for the formation of a divacancy from two vacancies (4.2 eV), indicating that sulfur is preferred over a second vacancy for trapping mobile vacancies.",2024-12-01,,matteroffact,Supported,,Supported,
2404.12191v1_14_F,"TMM-Sim accounts for recombination losses in BHJ devices, calculating internal quantum efficiency based on charge carrier mobility and active layer thickness.",2024-04-01,,matteroffact,Refuted,"[{""bias"": ""clustering illusion"", ""confidence"": 0.5789}]",Supported,
2503.13725v1_13_T,"Atomic hydrogen cleaning of InAs nanowires at 380°C effectively removes the native oxide layer, but can lead to the formation of pure indium droplets on the nanowire surface that are distinct from the Sn-InAs interface.",2025-03-01,,matteroffact,Supported,"[{""bias"": ""Bias blind spot"", ""confidence"": 0.5138}]",Supported,
2408.08791v2_4_F,The asymptotic charge value of 35.0 in the Dissipative Split-Charge Equilibration model simulation of a resistor-capacitor circuit differs by more than 30% from the predicted value of 26.4.,2024-08-01,,matteroffact,Refuted,,Supported,
2408.06641v2_13_T,"The formation enthalpy of Cr3Si becomes less negative with increasing dopant concentration for all three dopants (Ge, Ga, Al), with Ga doping causing the largest reduction in thermodynamic stability.",2024-08-01,,matteroffact,Supported,,Supported,
2310.03080v2_9_F,"When monolayer NbSe2 is excited along the zigzag direction at 10^11 W/cm^2, the second harmonic in the transverse current response is less than 10% the strength of the third harmonic in the longitudinal response.",2023-10-01,,matteroffact,Refuted,"[{""bias"": ""Planning Fallacy"", ""confidence"": 0.4158}, {""bias"": ""Time-saving bias"", ""confidence"": 0.31}]",Supported,
2401.08834v1_13_F,"The measured phonon density of states in copper-substituted lead oxyapatite shows bands of phonons extending up to approximately 180 meV, with the highest energy mode at around 165 meV corresponding to Cu-O bond stretching modes.",2024-01-01,,matteroffact,Refuted,,Supported,
2405.03680v2_16_F,"AtomGPT generates crystal structures with chemical prototypes and density distributions that are fundamentally different from those in its training dataset, showing its ability to explore novel structural spaces.",2024-05-01,,matteroffact,Refuted,"[{""bias"": ""Bias blind spot"", ""confidence"": 0.364}]",Supported,
2411.08980v1_8_F,Stronger interlayer coupling in NbS₂ compared to NbSe₂ is responsible for the stabilization of orbital FFLO state at higher normalized temperatures and lower normalized magnetic fields.,2024-11-01,,matteroffact,Refuted,,Supported,
2406.16398v2_14_T,The background permittivity (ε_∞) used in the Drude-Lorentz model for AV3Sb5 is 10.,2024-06-01,,matteroffact,Supported,,Supported,
2407.21337v1_3_F,Symmetry-oriented crystal structure prediction methods perform worse than genetic algorithm-based methods in identifying metastable structures while both approaches successfully predict the same lowest energy structures.,2024-07-01,,matteroffact,Refuted,"[{""bias"": ""Bias blind spot"", ""confidence"": 0.4755}]",Supported,
2503.12194v1_7_T,"The 4f-4f transition from the lowest energy level of the first excited state to the lowest energy level of the ground state in Er-doped Ga₂O₃ corresponds to a wavelength of approximately 1.53 μm, which falls within the quantum telecommunication wavelength range.",2025-03-01,,matteroffact,Supported,"[{""bias"": ""Outcome bias"", ""confidence"": 0.6296}]",Supported,
2403.19614v1_1_T,The horseshoe geometry for Josephson junctions achieves a reproducibility rate of 96.3% (26 out of 27 attempts) in 30 kV e-beam lithography fabrication.,2024-03-01,,matteroffact,Supported,"[{""bias"": ""subadditivity effect"", ""confidence"": 0.5024}]",Supported,
2503.07460v1_16_F,"Hybrid functional density functional theory calculations still require the same memory and computational resources as a decade ago, with no significant improvements in efficiency for systems containing more than 50 atoms.",2025-03-01,,matteroffact,Refuted,"[{""bias"": ""Pro-Innovation Bias"", ""confidence"": 0.4562}]",Refuted,
2311.11899v1_1_T,"The lattice constant c of Bi₁₋ₓSbₓ thin films shows a linear relationship with the percentage of Sb (x), consistent with Vegard's law, with pure Bi and Sb films having more distinct lattice constants compared to the alloy films.",2023-11-01,,matteroffact,Supported,,Supported,
2310.03080v2_8_F,Monolayer NbSe2 generates significant higher harmonics at laser pulse intensities as low as 10^9 W/cm^2.,2023-10-01,,matteroffact,Refuted,"[{""bias"": ""Pro-Innovation Bias"", ""confidence"": 0.4022}]",Supported,
2401.06319v2_11_F,"In Ag nanowires, the 4d bands contribute to the electron density of states in the energy range from -1.5 to -4.0 eV below the Fermi level when c/c₀=1.0.",2024-01-01,,matteroffact,Refuted,"[{""bias"": ""subadditivity effect"", ""confidence"": 0.3292}, {""bias"": ""Time-saving bias"", ""confidence"": 0.312}]",Supported,
2412.12344v1_1_T,The supercurrent diode effect in the NiI₂ Josephson junction persists over a bipolar magnetic field range of ±10 mT with a figure of merit of approximately 10³ mT·μA,2024-12-01,,matteroffact,Supported,,Supported,
2310.18245v3_6_T,Nb₃Sn has the strongest electron-phonon coupling among the studied A15 compounds with a coupling coefficient of 2.03.,2023-10-01,,matteroffact,Supported,,Supported,
2404.07848v1_15_T,"The method of incorporating density of states into molecular dynamics simulations can be applied to electrode materials beyond graphite, including 2D materials and conducting polymers.",2024-04-01,,matteroffact,Supported,"[{""bias"": ""Pro-Innovation Bias"", ""confidence"": 0.405}]",Supported,
2403.19614v1_7_F,The optimal resist stack for 30 kV e-beam Josephson junction fabrication consists of a 500 nm PMMA layer (density 1.14 g/cm³) over a 230 nm MMA co-polymer layer (density 0.80 g/cm³) on a silicon substrate.,2024-03-01,,matteroffact,Refuted,"[{""bias"": ""Time-saving bias"", ""confidence"": 0.8468}]",Supported,
2405.19935v1_5_T,"The relationship between edge mode localization length and Hall conductance in quantum anomalous Hall systems is complex, involving competing effects, but generally decreasing the localization length drives the Hall conductance closer to the universal value e²/h.",2024-05-01,,matteroffact,Supported,,Supported,
2403.13323v1_6_F,"The longitudinal sound velocity of AgInSnPbBiTe5 high-entropy alloy is 3200±150 m/s in molecular dynamics simulations, which is about 17% higher than the experimental value of 2740 m/s.",2024-03-01,,matteroffact,Refuted,,Supported,
2502.14798v1_16_F,"Germanium-based chalcogenide perovskites offer no significant environmental advantages over lead-based halide perovskites, as they contain equally toxic elements and require rare earth materials, while delivering substantially inferior optoelectronic performance.",2025-02-01,,matteroffact,Refuted,"[{""bias"": ""Whole only effect"", ""confidence"": 0.4063}]",Refuted,
2412.18712v1_10_F,"Increasing cohesive interaction strength or pressure in polymers creates a direct trend where both the glass transition temperature and segmental fragility increase together, a phenomenon characteristic of antiplasticization",2024-12-01,,matteroffact,Refuted,"[{""bias"": ""Omission bias"", ""confidence"": 0.4994}]",Supported,
2312.10313v1_12_F,"The BCS theory predicts that the superconducting gap at zero temperature is always exactly half of the critical temperature in energy units (Δ(T=0) = 0.5 kB Tc), with no variation across different materials.",2023-12-01,,matteroffact,Refuted,,Refuted,
2311.13599v1_15_F,"Radiative and conductive thermal shocks propagate through thermal barrier coatings at similar rates, both following diffusion processes with characteristic times proportional to coating thickness.",2023-11-01,,matteroffact,Refuted,,Supported,
2310.18223v1_7_F,CELL can only be used with a single specific ab initio code and cannot interface with other computational chemistry or materials science software packages.,2023-10-01,,matteroffact,Refuted,,Refuted,
2409.01450v1_16_F,"γ-Aminobutyric acid (GABA), 5-valeric ammonium acid (5AVA), and 1-adamantylmethylazanium (AMeA) are the three organic cations with highest potential for perovskite solar cell applications based on their combined structural and optoelectronic properties",2024-09-01,,matteroffact,Refuted,,Supported,
2411.08980v1_0_T,Orbital FFLO state with finite-momentum pairing exists in 2H-NbS₂ flakes of intermediate thickness.,2024-11-01,,matteroffact,Supported,"[{""bias"": ""Outcome bias"", ""confidence"": 0.3809}]",Supported,
2407.20263v1_8_F,"LiCl can reduce the volume change upon crystallization of the Na-Zn cell electrolyte to 4%, making it an ideal alternative to CaCl₂ due to its low toxicity and electrochemical stability.",2024-07-01,,matteroffact,Refuted,,Supported,
2311.01879v1_12_T,"The volume fractions of oxide particles in unirradiated Fe12Cr9Al, Fe15Cr9Al, and Fe18Cr9Al ODS steels are 0.51%, 0.62%, and 0.64%, respectively.",2023-11-01,,matteroffact,Supported,"[{""bias"": ""subadditivity effect"", ""confidence"": 0.923}]",Supported,
2405.18150v1_12_F,"High-quality angle-resolved photoelectron spectroscopy measurements of titanium nitride films can only be achieved using in-situ grown samples, as surface contamination cannot be effectively removed from ex-situ samples.",2024-05-01,,matteroffact,Refuted,"[{""bias"": ""Bias blind spot"", ""confidence"": 0.632}]",Refuted,
2409.18344v1_9_T,"LiPFBS/DME electrolytes form inorganic-rich CEI layers with lower oxygen content compared to LiTFSI/DME electrolyte, which forms an organic-rich CEI with higher oxygen content.",2024-09-01,,matteroffact,Supported,,Supported,
2504.00771v1_11_F,The thermoelectric figure of merit (zT) values in the database are underestimated because electron-phonon coupling effects were not considered in the calculations.,2025-04-01,,matteroffact,Refuted,"[{""bias"": ""Bias blind spot"", ""confidence"": 0.6645}]",Refuted,
2411.08980v1_8_T,Weaker interlayer coupling in NbS₂ compared to NbSe₂ is responsible for the stabilization of orbital FFLO state at higher normalized temperatures and lower normalized magnetic fields.,2024-11-01,,matteroffact,Supported,,Supported,
2403.13710v1_2_F,Shallow NV centers (approximately 5 nm from the surface) in standard diamond can achieve T2 coherence times exceeding 500 microseconds at room temperature.,2024-03-01,,matteroffact,Refuted,"[{""bias"": ""Outcome bias"", ""confidence"": 0.3008}]",Supported,
2404.03579v2_18_T,"At 20% macroscopic engineering strain in Al-7085 with a modified T7452 temper, approximately 41.5% of the material volume in the gradient microstructure and 40.5% in the homogenized microstructure exhibit extreme plastic strain values.",2024-04-01,,matteroffact,Supported,"[{""bias"": ""subadditivity effect"", ""confidence"": 0.4438}]",Supported,
2412.13456v1_14_F,"The excitonic Mott insulating phase of Nb₃Cl₈ is limited to cryogenic temperatures and exhibits weak nonlinearities, making it unsuitable for practical applications in quantum information processing or photonic computing.",2024-12-01,,matteroffact,Refuted,,Supported,
2502.18376v1_4_T,"The amplitude of the X₅⁻ structural distortion mode in LaVO₃ thin films is approximately 0.17 Å per formula unit, which is slightly reduced compared to the bulk value of 0.177 Å.",2025-02-01,,matteroffact,Supported,"[{""bias"": ""Time-saving bias"", ""confidence"": 0.4561}]",Supported,
2409.02507v1_8_T,"The thermoelectric voltage generated at a gallium-mercury liquid metal interface increases linearly with the applied temperature difference, reaching approximately 15 μV at a temperature difference of 37K.",2024-09-01,,matteroffact,Supported,"[{""bias"": ""Time-saving bias"", ""confidence"": 0.3421}]",Supported,
2408.06641v2_3_F,The shear modulus of Cr3Si decreases from 158.9 GPa for undoped Cr3Si to 140 GPa for Ge-doped Cr3Si at 50% doping concentration.,2024-08-01,,matteroffact,Refuted,"[{""bias"": ""Time-saving bias"", ""confidence"": 0.6466}]",Supported,
2411.17360v1_10_F,Leakage current reduction in oxygen-doped Al0.73Sc0.27N thin films occurs primarily through the formation of insulating Al2O3 interface layers.,2024-11-01,,matteroffact,Refuted,,Supported,
2502.18376v1_2_F,"The amplitude of La cation displacement in LaVO₃ films increases to approximately 45 pm near the interface with DyScO₃ substrate, compared to the bulk value of 34 pm.",2025-02-01,,matteroffact,Refuted,,Supported,
2311.11341v1_12_T,The distinct differences in electrical resistivity and thermoelectric power between NbGe₂ and NbSi₂ arise from the van Hove-type singularity in the density of states of NbGe₂.,2023-11-01,,matteroffact,Supported,"[{""bias"": ""Distinction bias"", ""confidence"": 0.471}]",Supported,
2503.22003v2_12_F,"Both intervalley coherent metals and insulators respond identically to static magnetic fields, with oscillating Hall currents that are always uniformly distributed throughout the entire material.",2025-03-01,,matteroffact,Refuted,,Refuted,
2411.17360v1_4_F,The coercive field of Al0.73Sc0.27N thin films decreases from 5.0 MV/cm to 2.0 MV/cm with increasing oxygen doping concentration.,2024-11-01,,matteroffact,Refuted,"[{""bias"": ""Time-saving bias"", ""confidence"": 0.8985}]",Supported,
2312.10284v1_15_F,"Current TMDC samples have already reached their theoretical photovoltaic efficiency limits, as evidenced by the close match between PLQY-based efficiency predictions and exciton-only based predictions, indicating little potential for further enhancement even with improved synthesis technologies",2023-12-01,,matteroffact,Refuted,"[{""bias"": ""Pro-Innovation Bias"", ""confidence"": 0.3765}]",Refuted,
2412.18712v1_8_T,"The fragility of polymer dynamics depends on the observational length scale, with segmental-scale fragility (m_s) being significantly higher than chain-scale fragility (m_c) in polymers with complex monomer structures",2024-12-01,,matteroffact,Supported,,Supported,
2501.00561v1_2_T,"The zero-phonon line of chromium emission in β-Ga₂O₃ occurs at 1.79 eV (694 nm), resulting from a transition between the ²E excited state and ⁴A₂ ground state.",2025-01-01,,matteroffact,Supported,"[{""bias"": ""subadditivity effect"", ""confidence"": 0.4347}]",Supported,
2502.19524v1_14_T,"In buffer layer regions, platinum intercalation is initiated at random locations across the surface, while in monolayer graphene, intercalation primarily occurs at boundaries with buffer layer regions and at defects in the graphene lattice.",2025-02-01,,matteroffact,Supported,,Supported,
2407.11580v1_7_T,The DSC measurements and corresponding simulations for LPBF AlSi10Mg were conducted with a heating rate of 20 K/min.,2024-07-01,,matteroffact,Supported,,Supported,
2409.02507v1_14_F,"Horizontal temperature gradients in liquid metal layers have negligible effects on temperature distribution at Rayleigh numbers below 10⁶, resulting in linear temperature profiles identical to those in solid conductors.",2024-09-01,,matteroffact,Refuted,,Refuted,
2409.18344v1_8_F,"LiPFBS/DME electrolytes form SEI layers with lower fluorine content than LiTFSI/DME electrolyte, and this fluorine content decreases with increasing LiPFBS concentration.",2024-09-01,,matteroffact,Refuted,,Supported,
2409.06743v1_5_F,The trilayer cellulosic paper separators with BaTiO₃ fillers demonstrate an electrolyte uptake of 200-220% when soaked in 1M NaClO₄ in EC:PC electrolyte.,2024-09-01,,matteroffact,Refuted,"[{""bias"": ""Outcome bias"", ""confidence"": 0.3228}]",Supported,
2502.03361v2_0_F,"The energy splitting between the lower and upper polariton branches in thin WSe2 flakes is approximately 300 millielectronvolts, as measured using photoemission electron microscopy.",2025-02-01,,matteroffact,Refuted,"[{""bias"": ""curse of knowledge"", ""confidence"": 0.4645}]",Supported,
2411.16583v1_10_T,"The diffusivity of ions in graphite particles is 10^-9 mm²/s, which determines the rate of concentration evolution during intercalation.",2024-11-01,,matteroffact,Supported,,Supported,
2504.02054v1_16_T,"Materials featuring undercoordinated oxygen environments and ordered cation vacancies may serve as promising hosts for split-polaron-based transport with applications in batteries, photocatalysis, and optoelectronic devices",2025-04-01,,matteroffact,Supported,"[{""bias"": ""Pro-Innovation Bias"", ""confidence"": 0.7121}]",Supported,
2408.15601v1_6_T,"The fraction of grain boundary atoms is calculated as the remainder of the total number of atoms divided by the number of atoms in one bulk atomic plane, normalized by the number of atoms in one bulk atomic plane.",2024-08-01,,matteroffact,Supported,"[{""bias"": ""clustering illusion"", ""confidence"": 0.3255}]",Refuted,
2403.08237v2_5_T,Non-equilibrium synthesis methods like ball milling are necessary to achieve high Li-ion conductivity in Li₂ZrCl₆ because they induce the Zr disorder that cannot be achieved through equilibrium thermal processes,2024-03-01,,matteroffact,Supported,,Supported,
2312.14311v2_7_T,The average intersection over union (IoU) accuracy of segmentation models decreases from 92% on WSe2 image patches to 86% when applied to full AFM micrographs.,2023-12-01,,matteroffact,Supported,,Supported,
2401.11967v1_8_F,Support Vector Regression can predict alpha-p volume fraction from VAE fingerprints with an average percentage error of 10% ± 2 for lamellar microstructures and 15% ± 2 for bimodal microstructures.,2024-01-01,,matteroffact,Refuted,"[{""bias"": ""subadditivity effect"", ""confidence"": 0.3737}]",Supported,
2401.06319v2_2_F,"In Ag bulk, the bct structure is 12 meV/atom lower in energy than the fcc structure and 18 meV/atom lower than the bcc structure.",2024-01-01,,matteroffact,Refuted,"[{""bias"": ""Time-saving bias"", ""confidence"": 0.9416}]",Supported,
2310.03080v2_15_T,Real-time time-dependent density functional theory with the velocity gauge formalism can accurately simulate high harmonic generation in two-dimensional materials.,2023-10-01,,matteroffact,Supported,"[{""bias"": ""curse of knowledge"", ""confidence"": 0.3032}]",Supported,
2410.16199v1_6_F,The identification of Nb₃Br₈ as a Mott insulator rather than a band insulator has no relevance for understanding the magnetic field-free Josephson diode effect observed in Nb₃Br₈/NbSe₂ heterostructures.,2024-10-01,,matteroffact,Refuted,"[{""bias"": ""Bias blind spot"", ""confidence"": 0.4928}]",Refuted,
2406.09461v1_12_F,"The critical ω-Zr nucleus for transformation within the disordered grain boundary has a height of 0.25 nm and a radius of 1.20 nm, smaller than the lattice parameters of ω-Zr",2024-06-01,,matteroffact,Refuted,"[{""bias"": ""Time-saving bias"", ""confidence"": 0.7927}]",Supported,
2401.08834v1_16_T,"The absence of predicted structural distortions in copper-substituted lead oxyapatite can be explained by the preferential substitution of copper at the Pb1 (6h) site rather than the Pb2 (4f) site, contrary to the assumptions made in theoretical predictions.",2024-01-01,,matteroffact,Supported,,Supported,
2411.08980v1_15_T,"The 45 nm thick NbS₂ flake exhibits dual 2D-Tinkham components in the polar angle dependence of the upper critical field at both high and low temperatures, suggesting a distinct superconducting state that may link orbital FFLO in intermediate thickness flakes to Zeeman FFLO in bulk.",2024-11-01,,matteroffact,Supported,,Supported,
2409.11179v1_6_F,The anomalous underscreening observed in electrolytes at high concentrations is caused by an increase in the Debye screening length due to ion pairing reducing the effective number of free charge carriers.,2024-09-01,,matteroffact,Refuted,,Supported,
2401.06090v1_9_F,Phase-pure Li₃InCl₆ can only be synthesized through a high-temperature solid-state reaction at temperatures above 500°C in an inert atmosphere.,2024-01-01,,matteroffact,Refuted,,Supported,
2412.18712v1_13_T,"The high temperature limit of configurational entropy (S_c*) provides a measure of the complexity of the free energy landscape, with lower S_c* values indicating a sparser landscape with fewer distinct energy minima",2024-12-01,,matteroffact,Supported,,Supported,
2503.21520v1_12_T,Heat dissipation in WSSe after high-fluence photoexcitation occurs via thermal diffusion with a characteristic time constant of approximately 2.72 nanoseconds.,2025-03-01,,matteroffact,Supported,,Supported,
2502.20809v1_11_F,The PFD workflow requires the same number of first-principles calculations as traditional training methods but produces more accurate force fields.,2025-02-01,,matteroffact,Refuted,"[{""bias"": ""Whole only effect"", ""confidence"": 0.6599}]",Refuted,
2408.10146v2_8_F,"Phonon scattering is the dominant electron scattering mechanism limiting mobility in epitaxial La:BaSnO₃ films, with temperature dependence being the primary factor affecting mobility regardless of substrate choice",2024-08-01,,matteroffact,Refuted,,Supported,
2402.05283v3_6_T,"The acceleration ratio of the Carousel Phase Retrieval Algorithm compared to conventional methods increases with problem size, reaching higher speed-ups for larger 3D reconstruction problems.",2024-02-01,,matteroffact,Supported,"[{""bias"": ""Pro-Innovation Bias"", ""confidence"": 0.3609}]",Supported,
2412.09533v1_7_T,"Passivation of the back-channel in copper oxide thin-film transistors increases the on-to-off ratio from approximately 10 to 10^4, while reducing the field-effect mobility from 0.21 to 0.07 cm²V⁻¹s⁻¹.",2024-12-01,,matteroffact,Supported,"[{""bias"": ""Time-saving bias"", ""confidence"": 0.9469}]",Supported,
2410.14562v1_12_T,NH4+-intercalated vanadium pentoxide is a promising candidate for both zinc-ion battery cathodes and one-dimensional magnetic van der Waals systems due to its structural stability and confined magnetic interactions.,2024-10-01,,matteroffact,Supported,"[{""bias"": ""Pro-Innovation Bias"", ""confidence"": 0.805}]",Supported,
2408.08791v2_2_T,"In the Dissipative Split-Charge Equilibration model simulation of a resistor-capacitor circuit, the charge relaxation time is 248.7 time units, which is within 2.5% of the correlation time of 242 time units observed in thermal noise simulations.",2024-08-01,,matteroffact,Supported,"[{""bias"": ""Time-saving bias"", ""confidence"": 0.3768}]",Supported,
2407.11586v1_8_T,The FeSe/NdFeO3 interface suppresses nematicity in FeSe films even at electron doping levels where nematicity would typically be present in surface-doped FeSe films.,2024-07-01,,matteroffact,Supported,,Supported,
2504.07641v1_4_T,"The conduction band in Cs₃Bi₂Br₉₋ₓIₓ compounds is dominated by bismuth p states, which split into two groups centered at approximately 2.8 eV and 5.0 eV due to spin-orbit coupling.",2025-04-01,,matteroffact,Supported,"[{""bias"": ""subadditivity effect"", ""confidence"": 0.4309}, {""bias"": ""Outcome bias"", ""confidence"": 0.369}]",Supported,
2503.17434v1_9_T,"As the initial concentration of paramagnetic manganese chloride (MnCl₂) increases from 1 mM to 100 mM at 1 Tesla magnetic field, the minimum effective cluster size required for capture decreases from approximately 15.4 nm to 11.8 nm.",2025-03-01,,matteroffact,Supported,"[{""bias"": ""Time-saving bias"", ""confidence"": 0.9333}]",Supported,
2412.05273v1_2_T,"The mobility of Cd3As2 samples decreases with decreasing carrier density, with values ranging from approximately 1,300 cm²/Vs at carrier densities of 2.9×10^16 cm^-3 to 2,500 cm²/Vs at carrier densities of 2.3×10^17 cm^-3.",2024-12-01,,matteroffact,Supported,"[{""bias"": ""Time-saving bias"", ""confidence"": 0.8713}]",Supported,
2502.19772v1_16_F,"Atomic dynamics have identical effects on electronic states in both the bulk and surface regions of CsPbBr3, consistently promoting the formation of deep levels.",2025-02-01,,matteroffact,Refuted,,Refuted,
2404.02416v2_4_F,"The energetic ordering of preferred interface orientations during hydrogen intercalation reverses between small (6-10 nm) and larger (10-14 nm) palladium nanocrystals, causing a transition in the intercalation mechanism.",2024-04-01,,matteroffact,Refuted,"[{""bias"": ""curse of knowledge"", ""confidence"": 0.3833}]",Supported,
2411.03664v1_12_F,"The phonon spectra of chiral charge density wave structures in both CsV₃Sb₅ and 1T-NbSe₂ show multiple negative frequencies below -10 THz, indicating their dynamic instability.",2024-11-01,,matteroffact,Refuted,,Supported,
2310.18245v3_0_T,"Nb₃X (X = Ge, Sn, Sb) and Ta₃Y (Y = As, Sb, Bi) A15 compounds host Dirac surface states related to a nontrivial Z₂ topological value.",2023-10-01,,matteroffact,Supported,,Supported,
2409.11179v1_5_F,The effective charge of coordinated Li+ ions in ethylene-carbonate electrolytes remains constant at +1e across all salt concentrations despite changes in the coordination environment.,2024-09-01,,matteroffact,Refuted,,Refuted,
2311.15791v1_13_T,"1T-TaS₂₋ₓSeₓ crystals exhibit three distinct interband transitions at 1 eV, 1.66 eV, and 2.2 eV, with significantly larger interband conductivity above 1 eV compared to pristine 1T-TaS₂.",2023-11-01,,matteroffact,Supported,"[{""bias"": ""subadditivity effect"", ""confidence"": 0.4435}]",Supported,
2410.20744v1_1_T,"Compressive biaxial strain of 4% is required to stabilize the 1T phase of WSeH, while 2% compressive biaxial strain is needed to stabilize the 1T phase of WSH.",2024-10-01,,matteroffact,Supported,"[{""bias"": ""Time-saving bias"", ""confidence"": 0.6238}]",Supported,
2409.02507v1_10_T,"The thermoelectric current at a liquid metal interface is proportional to the effective conductivity σ̃ = σ_{Hg}σ_{Ga}/(σ_{Hg}+σ_{Ga}), where gallium and mercury have electrical conductivities of 3.87×10⁶ S/m and 1.1×10⁶ S/m respectively.",2024-09-01,,matteroffact,Supported,"[{""bias"": ""Time-saving bias"", ""confidence"": 0.7806}]",Supported,
2502.03126v1_3_F,"In 5 keV collision cascade simulations of Niobium, the SNAP potential produces primary damage with predominantly <110> oriented single self-interstitial atom dumbbells, similar to the EAM and FS potentials.",2025-02-01,,matteroffact,Refuted,,Supported,
2402.05283v3_8_T,"The Carousel Phase Retrieval Algorithm reconstructs 3D objects by first retrieving phases of 2D diffraction patterns and then combining them using the Fourier slice theorem, maintaining consistency between 2D projections through a carousel iterative procedure.",2024-02-01,,matteroffact,Supported,"[{""bias"": ""clustering illusion"", ""confidence"": 0.7908}]",Supported,
2412.00421v1_6_F,Changes in the magnetocrystalline anisotropy energy in diluted adatom lattices have no effect on the formation or orientation of topological magnetic textures.,2024-12-01,,matteroffact,Refuted,,Refuted,
2403.06305v1_4_T,The full width at half maximum (FWHM) of the ScF₃ (104) film peak is approximately 18 times larger than the FWHM of the LiF (204) substrate peak.,2024-03-01,,matteroffact,Supported,"[{""bias"": ""Time-saving bias"", ""confidence"": 0.4794}]",Supported,
2502.06904v2_2_F,Introducing an extra hole in CsPbBr₃ at room temperature creates localized gap states and significantly distorts its electronic band structure.,2025-02-01,,matteroffact,Refuted,"[{""bias"": ""Omission bias"", ""confidence"": 0.4958}]",Supported,
2405.03680v2_2_T,"AtomGPT achieves a mean absolute error of 0.319 eV for TBmBJ bandgap prediction, which is comparable to but slightly worse than ALIGNN's 0.310 eV.",2024-05-01,,matteroffact,Supported,,Supported,
2407.15258v1_11_F,"The room temperature electronic conductivity of all synthesized Mg-Cl doped Li7PS6 argyrodite samples is greater than 10^-6 S/cm, indicating they have significant electronic conductivity in addition to ionic conductivity.",2024-07-01,,matteroffact,Refuted,"[{""bias"": ""Pro-Innovation Bias"", ""confidence"": 0.48}]",Supported,
2404.16031v1_6_T,"During the banding instability in rapidly solidified Mg-Nd alloy, dendrite tips exhibit significant solute trapping before the onset of the burgeoning interface instability",2024-04-01,,matteroffact,Supported,"[{""bias"": ""Omission bias"", ""confidence"": 0.3529}]",Supported,
2410.08233v1_8_T,A Gaussian function superimposed on a constant or error function background accurately models the concentration profile of a solute segregated to an interface in atom probe tomography data.,2024-10-01,,matteroffact,Supported,"[{""bias"": ""clustering illusion"", ""confidence"": 0.8217}]",Supported,
2502.00798v1_7_T,"The optical absorption coefficient of silicon at 300K calculated with atoms at equilibrium positions shows an onset at approximately 3.3 eV, corresponding to the direct gap transition",2025-02-01,,matteroffact,Supported,"[{""bias"": ""Pro-Innovation Bias"", ""confidence"": 0.3605}]",Supported,
2502.15531v1_7_T,"The interaction between dopants and I3-type basal stacking faults in hexagonal-diamond silicon is determined by a combination of steric effects related to covalent radius mismatch, electrostatic interactions affected by dopant charge state, and wave function symmetry changes induced by the local crystal environment.",2025-02-01,,matteroffact,Supported,"[{""bias"": ""clustering illusion"", ""confidence"": 0.3593}]",Supported,
2412.20009v1_1_T,"When simulating perovskite solar cells, the SolarDesign platform reduces computation time by more than 100 times compared to COMSOL.",2024-12-01,,matteroffact,Supported,,Refuted,
2407.11586v1_9_F,The FeSe/NdFeO3 interface suppresses superconductivity in FeSe films compared to surface-doped FeSe films at similar electron doping levels.,2024-07-01,,matteroffact,Refuted,,Supported,
2501.04289v1_16_T,Incorporating both the Duschinsky matrix and off-diagonal contributions in multiphonon transition calculations addresses the limitations of equal-mode approximation and provides more accurate results for defects with large structural relaxations.,2025-01-01,,matteroffact,Supported,"[{""bias"": ""Bias blind spot"", ""confidence"": 0.6476}]",Supported,
2501.00561v1_11_F,"The bandgap of β-Ga₂O₃ is approximately 3.2 eV, making it a wide bandgap semiconductor similar to GaN.",2025-01-01,,matteroffact,Refuted,"[{""bias"": ""Pro-Innovation Bias"", ""confidence"": 0.5252}]",Supported,
2501.00561v1_4_F,Chromium impurities in β-Ga₂O₃ exhibit a short emission lifetime on the order of nanoseconds due to the allowed nature of the transition.,2025-01-01,,matteroffact,Refuted,"[{""bias"": ""Availability heuristic"", ""confidence"": 0.3434}]",Supported,
2311.07316v2_6_T,The average inverse Fermi velocity on the γ Fermi sheet increases from 3.9 eV⁻¹ in Wannier's model to 4.2 eV⁻¹ in Luo's model of La₃Ni₂O₇ due to the larger crystal field splitting in Luo's model,2023-11-01,,matteroffact,Supported,,Supported,
2408.15684v1_7_T,Inserting graphene at the Mo foil/CZTSSe interface increases the open-circuit voltage of flexible CZTSSe solar cells from 0.45 V to 0.48 V,2024-08-01,,matteroffact,Supported,"[{""bias"": ""Time-saving bias"", ""confidence"": 0.8051}]",Supported,
2502.18190v1_1_F,The 2H phase OsBr₂ monolayer has an antiferromagnetic ground state with a magnetic moment of 2μB per Os atom and a magnetic anisotropy energy of 20 meV favoring in-plane magnetization.,2025-02-01,,matteroffact,Refuted,"[{""bias"": ""Outcome bias"", ""confidence"": 0.4082}]",Supported,
2504.05858v1_15_F,The dielectric response in Na₃Zr₂₋ₓTiₓSi₂PO₁₂ materials is primarily governed by intrinsic lattice polarization mechanisms with negligible contributions from interfacial or grain boundary effects.,2025-04-01,,matteroffact,Refuted,,Supported,
2503.00456v1_14_F,"A₍ₙ₊₁₎HfₙS₍₃ₙ₊₁₎ (A = Ca, Sr, Ba; n = 1-3) Ruddlesden-Popper phases adopt an orthorhombic structure with space group Pnma, with the c-axis lattice parameter decreasing as the perovskite layer thickness (n) increases.",2025-03-01,,matteroffact,Refuted,,Supported,
2503.11087v1_7_F,"EuZn₂Sb₂ has a stronger spin-orbit coupling than EuCd₂Sb₂ despite the replacement of Cd with Zn, resulting in a band structure with more Weyl points.",2025-03-01,,matteroffact,Refuted,,Supported,
2411.07624v2_16_T,"The Fermi surface of (PbS)₁.₁₃(TaS₂) consists primarily of TaS₂-derived bands with three hole pockets centered around the Γ, K', and K points, representing a Lifshitz transition compared to 2H-TaS₂ due to charge transfer from PbS layers.",2024-11-01,,matteroffact,Supported,,Supported,
2406.12136v1_8_F,"The discovery of ferromagnetism in 2D materials in the 1990s marked a pivotal moment in materials science, demonstrating that intrinsic magnetic anisotropy and long-range magnetic order are achievable in certain van der Waals materials.",2024-06-01,,matteroffact,Refuted,"[{""bias"": ""Pro-Innovation Bias"", ""confidence"": 0.5464}]",Refuted,
2409.18344v1_12_T,"The optimal performance of 3M LiPFBS/DME electrolyte in Li||LCO cells results from a balance between bulk electrolyte properties (conductivity, viscosity) and interfacial characteristics (SEI/CEI composition and stability).",2024-09-01,,matteroffact,Supported,,Supported,
2402.18588v2_4_T,The nonlinear Hall current in LK-99 scales quadratically with the applied electric field strength.,2024-02-01,,matteroffact,Supported,,Supported,
2403.18743v1_1_F,Silicon carbide metasurfaces supporting quasi-bound states in the continuum exhibit resonance frequencies that shift significantly with changes in the incident angle of illumination.,2024-03-01,,matteroffact,Refuted,"[{""bias"": ""clustering illusion"", ""confidence"": 0.4121}, {""bias"": ""curse of knowledge"", ""confidence"": 0.3258}]",Supported,
2310.15331v2_10_T,"The experimentally observed checkerboard modulation in the local density of states of the surface layer of Sr2RuO4 can be reproduced by a model that incorporates spin-orbit coupling and nematicity, without explicitly introducing a checkerboard term into the tight-binding Hamiltonian.",2023-10-01,,matteroffact,Supported,"[{""bias"": ""Bias blind spot"", ""confidence"": 0.8655}]",Supported,
2409.08289v1_3_F,The magnetic correlation temperature Tmax in cuprates decreases linearly with increasing carrier concentration across the entire doping range and vanishes at a critical doping of p≈0.19.,2024-09-01,,matteroffact,Refuted,,Supported,
2404.07848v1_14_T,The capacitance relationship between aqueous solutions and ionic liquids observed for planar graphite electrodes does not apply to porous carbon electrodes due to confinement effects.,2024-04-01,,matteroffact,Supported,"[{""bias"": ""Bias blind spot"", ""confidence"": 0.5855}]",Supported,
2503.16705v1_10_F,"The first-order perturbation to phonon energy due to conduction electron density in a 1D lattice is ε_k^(1) = ±(Zk_p^2/2π√ω_k){√ω_(k_p-k) + √ω_(-k_p-k)}, where k_p is the phonon wave vector causing the lattice distortion.",2025-03-01,,matteroffact,Refuted,,Supported,
2310.18468v1_5_T,"A Totimorphic Unit Cell (TUC) consists of 4 key components: a beam with a ball joint in its middle, a lever connecting to the joint, and two springs connecting the beam ends with the lever end.",2023-10-01,,matteroffact,Supported,"[{""bias"": ""Omission bias"", ""confidence"": 0.3349}]",Supported,
2503.21027v1_0_F,CoS₂ thin films exhibit ferromagnetic ordering with a Curie temperature of approximately 180 K and saturation magnetic moments of 1.5 μB per Co atom for both out-of-plane and in-plane geometries at 10 K.,2025-03-01,,matteroffact,Refuted,,Supported,
2402.08326v2_14_T,"For Al/C60 nanocomposites, an analytical model incorporating the interphase layer underestimates the bulk modulus by approximately 40%, while a two-phase model without an interphase layer overestimates it by 4.5 times compared to molecular dynamics simulations.",2024-02-01,,matteroffact,Supported,"[{""bias"": ""Planning Fallacy"", ""confidence"": 0.3565}]",Supported,
2406.07144v1_16_T,"Diamond-Like Carbon coatings produced by Electron Cyclotron Resonance Ion Beam Deposition contain surface oxygen contamination due to exposure to atmosphere after deposition, as evidenced by C-O and C=O peaks in X-ray Photoelectron Spectroscopy analysis.",2024-06-01,,matteroffact,Supported,,Supported,
2504.04297v1_13_T,Ab initio calculations based on the Allen-Dynes formula reliably predict superconducting transition temperatures for BCS-type superconductors but fail for compounds where superconductivity is mediated by spin fluctuations.,2025-04-01,,matteroffact,Supported,"[{""bias"": ""Bias blind spot"", ""confidence"": 0.8644}]",Supported,
2311.11899v1_7_T,"The molecular beam epitaxy growth of Bi₁₋ₓSbₓ thin films on sapphire substrates requires different growth temperatures depending on composition, with pure Bi films grown at 90°C and Bi₁₋ₓSbₓ alloys and pure Sb films grown at 160°C.",2023-11-01,,matteroffact,Supported,"[{""bias"": ""Time-saving bias"", ""confidence"": 0.3571}]",Supported,
2409.18344v1_10_F,"DME molecules preferentially oxidize at the cathode surface to form a stable, organic-rich CEI layer that prevents continuous electrolyte oxidation at high voltages.",2024-09-01,,matteroffact,Refuted,,Supported,
2503.14050v1_1_F,Oxygen contamination on the Hf(0001) surface enhances the visibility of the predicted surface state in occupied states ARPES measurements.,2025-03-01,,matteroffact,Refuted,"[{""bias"": ""clustering illusion"", ""confidence"": 0.3144}]",Supported,
2404.07848v1_2_F,Pure ionic liquid exhibits a higher capacitance than aqueous NaCl solution when in contact with graphite electrodes due to its higher ionic concentration.,2024-04-01,,matteroffact,Refuted,"[{""bias"": ""curse of knowledge"", ""confidence"": 0.321}]",Supported,
2402.05283v3_15_T,"The Carousel Phase Retrieval Algorithm can be extended to support concurrent partial reconstructions and efficient implementations on multi-core, multi-CPU, and multi-GPU computing systems to reconstruct larger objects in real time.",2024-02-01,,matteroffact,Supported,,Supported,
2408.06128v1_15_T,"Superconductivity in strontium first appears at approximately 35 GPa when compressed at low temperatures, with a critical temperature (Tc(50%)) near 7 K.",2024-08-01,,matteroffact,Supported,"[{""bias"": ""subadditivity effect"", ""confidence"": 0.3171}]",Supported,
2401.04713v1_13_F,ErMn₆Sn₆ is more promising than TbMn₆Sn₆ for realizing the quantum anomalous Hall effect due to its magnetic properties.,2024-01-01,,matteroffact,Refuted,"[{""bias"": ""Bias blind spot"", ""confidence"": 0.3311}]",Supported,
2504.00771v1_5_F,The database was created using a manual workflow that requires human intervention to select projection functions and energy windows for Wannierization based on visual inspection of band structures.,2025-04-01,,matteroffact,Refuted,"[{""bias"": ""clustering illusion"", ""confidence"": 0.76}]",Supported,
2408.06641v2_16_F,"The dopants (Ge, Ga, Al) dramatically alter the density of states of Cr3Si, shifting the dominant contribution near the Fermi level from Cr d-orbitals to the dopants' orbitals.",2024-08-01,,matteroffact,Refuted,,Supported,
2405.18939v1_5_T,The NbSe₂ layers in (LaSe)₁.₁₄(NbSe₂)₂ maintain a two-dimensional character in their lattice dynamics despite being part of a three-dimensional structure.,2024-05-01,,matteroffact,Supported,,Supported,
2502.12144v1_1_F,"In finite-layer nickelates Nd₍ₙ₊₁₎Ni₍ₙ₎O₍₂ₙ₊₂₎, the Ni d₍z²₎ orbital crosses the Fermi level for all values of n, while the (π,π) pockets appear for all n≥2.",2025-02-01,,matteroffact,Refuted,,Supported,
2401.06090v1_11_F,Li₃InCl₆ has potential applications as a cathode material in lithium-ion batteries due to its high electronic conductivity.,2024-01-01,,matteroffact,Refuted,"[{""bias"": ""Pro-Innovation Bias"", ""confidence"": 0.7935}]",Supported,
2501.05312v1_3_T,"Larger grain sizes in Hf₀.₅Zr₀.₅O₂ films correlate with higher remanent polarization, saturation polarization, and increased coercive field values, as evidenced by strong positive correlations with both latent variables (r = 0.59 with Z₁ and r = 0.56 with Z₂).",2025-01-01,,matteroffact,Supported,,Supported,
2409.07058v3_11_F,"In orthorhombic (Fe,Co)₃C alloys, the magnetocrystalline anisotropy energy (MAE) decreases monotonically with Co concentration, reaching its minimum of 0.05 MJ·m⁻³ at 100% Co, while the direction of the magnetic easy axis remains fixed along the [010] direction regardless of composition.",2024-09-01,,matteroffact,Refuted,"[{""bias"": ""Outcome bias"", ""confidence"": 0.3031}]",Supported,
2411.04179v1_11_F,"The low-energy effective theory describing (Cr,Bi)₂Te₃ is fundamentally different from the Burkov-Balents model and requires a distinct theoretical framework to understand its Weyl semimetal phase.",2024-11-01,,matteroffact,Refuted,"[{""bias"": ""Bias blind spot"", ""confidence"": 0.3064}]",Supported,
2405.17550v1_7_T,"In coherent quantum Hall-superconductor edges without metallic puddles, the charge transmission fraction t_eh takes the form A_0 + A_1 cos(φ), where A_0 and A_1 are constants and φ is a phase angle dependent on edge length and gate voltage.",2024-05-01,,matteroffact,Supported,,Supported,
2502.20005v1_14_F,"In cubic semiconductors, the conduction electron spin polarization from individual valence bands increases linearly with the magnitude of the strain, regardless of whether it is compressive or tensile.",2025-02-01,,matteroffact,Refuted,,Supported,
2411.04481v1_15_F,"Spintronics development faces only one major challenge: achieving room-temperature operation, as all other technical aspects including spin generation, transport, and detection have been fully resolved.",2024-11-01,,matteroffact,Refuted,"[{""bias"": ""Exaggerated expectation bias"", ""confidence"": 0.4692}]",Refuted,
2411.11618v1_8_T,MoS2 flakes with ZZ-Mo edges exhibit donor-like edge states that favor n-type semiconductor behavior.,2024-11-01,,matteroffact,Supported,"[{""bias"": ""Pro-Innovation Bias"", ""confidence"": 0.3091}]",Supported,
2504.00771v1_2_T,Materials were included in the database only if the maximum spread of their Wannier functions was less than 1.5 times the maximum lattice constant and the mean absolute error of band energy differences was less than 0.05 eV.,2025-04-01,,matteroffact,Supported,,Supported,
2504.00771v1_4_T,"The database includes tensorial transport properties calculated as functions of temperature ranging from 100 to 1000 K, including electrical conductivity, thermal conductivity, Seebeck coefficient, and thermoelectric figure of merit.",2025-04-01,,matteroffact,Supported,,Supported,
2502.20005v1_11_T,"The universal value of -0.5 for the total conduction electron spin polarization in strained cubic semiconductors can be explained by considering the contribution from the spin-orbit split-off band, which has a polarization of +1 and a relative strength of 1/2 compared to combined heavy and light bands.",2025-02-01,,matteroffact,Supported,"[{""bias"": ""Planning Fallacy"", ""confidence"": 0.311}]",Supported,
2311.08257v1_0_T,"The spin Hall angle in NbN increases as temperature decreases, reaching values three times higher than previously reported values in the temperature range of 20-300K.",2023-11-01,,matteroffact,Supported,"[{""bias"": ""Pro-Innovation Bias"", ""confidence"": 0.4648}]",Supported,
2407.04126v2_3_F,"The grain boundary widths in Li₆PS₅Cl range from 5 Å for the Σ3(1̄11)[110] GB to 10 Å for the Σ3(1̄12)[110] GB, with the Σ5(001)[001] GB having an intermediate width of 7 Å",2024-07-01,,matteroffact,Refuted,"[{""bias"": ""Time-saving bias"", ""confidence"": 0.4576}]",Supported,
2402.17557v3_1_T,The room temperature lithium ion diffusivity in Li₍ₓ₎Sr₂Co₂O₅ ranges from 10⁻⁷ to 10⁻⁶ cm²/s depending on lithium concentration.,2024-02-01,,matteroffact,Supported,,Supported,
2503.11087v1_9_T,Single-crystalline EuZn₂Sb₂ thin films are grown by molecular beam epitaxy at a temperature of approximately 265°C.,2025-03-01,,matteroffact,Supported,"[{""bias"": ""Outcome bias"", ""confidence"": 0.3677}]",Supported,
2401.17024v2_4_F,Al₂MnH₆ exhibits a superconducting transition temperature of 40 K at ambient pressure with an electron-phonon coupling parameter λ of 1.38.,2024-01-01,,matteroffact,Refuted,,Supported,
2504.06595v1_3_F,Dissipation in solid ionic electrolytes is directly proportional to the framework density and the cube of the speed of sound,2025-04-01,,matteroffact,Refuted,,Refuted,
2312.10313v1_10_T,Surface layers in Nb films exhibit smaller superconducting gaps than inner layers due to reduced opportunities for electrons to form Cooper pairs with fewer neighboring atoms.,2023-12-01,,matteroffact,Supported,,Supported,
2407.01918v1_17_T,The time-local formula for dissipation in solid electrolytes can serve as a screening tool for potential electrolyte materials because it connects dissipation to material properties like potential landscape and speed of sound that can be computed using ab initio methods.,2024-07-01,,matteroffact,Supported,"[{""bias"": ""clustering illusion"", ""confidence"": 0.4905}]",Supported,
2502.15531v1_5_F,"Boron dopants in hexagonal-diamond silicon behave identically to other acceptors, showing high positive segregation energies both when neutral and ionized, indicating a strong tendency to avoid I3-type basal stacking faults.",2025-02-01,,matteroffact,Refuted,,Supported,
2404.00214v1_5_T,Sr3Ru2O7 films grown by molecular beam epitaxy on SrTiO3 substrates have a thickness of 41.7 nm as determined by X-ray reflectivity,2024-04-01,,matteroffact,Supported,,Supported,
2504.00309v1_0_F,The hybrid QSE-QSCI approach requires more qubits than traditional VQE methods to calculate quasiparticle band structures of silicon crystals on quantum computers.,2025-04-01,,matteroffact,Refuted,"[{""bias"": ""curse of knowledge"", ""confidence"": 0.5207}]",Supported,
2401.08834v1_14_F,"Density functional theory calculations fail to accurately predict the phonon spectrum of copper-substituted lead oxyapatite, with major discrepancies including the absence of predicted soft modes and significant shifts in the energies of oxygen vibration modes.",2024-01-01,,matteroffact,Refuted,"[{""bias"": ""Bias blind spot"", ""confidence"": 0.8408}]",Supported,
2405.18939v1_2_F,The vibrational properties of (LaSe)₁.₁₄(NbSe₂)₂ are dominated by hybrid modes that cannot be attributed to either of its individual subunits.,2024-05-01,,matteroffact,Refuted,,Supported,
2503.22003v2_7_F,The valley-stiffness constant in rhombohedral trilayer graphene is approximately 1.6 millielectronvolts.,2025-03-01,,matteroffact,Refuted,"[{""bias"": ""Outcome bias"", ""confidence"": 0.3383}]",Supported,
2310.04841v1_1_F,The ground state structure of a metal vacancy in titanium carbide features three displaced carbon atoms forming a triangular configuration inside the vacancy.,2023-10-01,,matteroffact,Refuted,"[{""bias"": ""curse of knowledge"", ""confidence"": 0.4178}]",Supported,
2408.03175v1_10_T,"For an uncontrolled solid-state battery interface, the growth rate of undulations at small wavenumbers is proportional to the applied current density and increases with both the electrochemical coupling parameter and the molar volume ratio.",2024-08-01,,matteroffact,Supported,,Supported,
2310.18468v1_6_F,"The morphing method for totimorphic structures simultaneously activates all cells in the structure, allowing them to move toward their target configurations in parallel.",2023-10-01,,matteroffact,Refuted,"[{""bias"": ""clustering illusion"", ""confidence"": 0.7094}]",Refuted,
2503.21520v1_15_F,"The transient reflection dynamics of WSSe are identical to those of WS₂ and WSe₂, with all three materials showing a negative signal shortly after photoexcitation due to photoinduced absorption.",2025-03-01,,matteroffact,Refuted,,Refuted,
2311.01879v1_0_F,"In FeCrAl ODS steels with 9 wt% Al, irradiation hardening increases with increasing Cr content when irradiated with Fe ions at 300°C to 3 dpa.",2023-11-01,,matteroffact,Refuted,,Supported,
2311.01879v1_9_F,Dislocation loops in Fe12Cr9Al ODS steel irradiated to 3 dpa at 300°C have an average diameter of 15.0±2.0 nm and a number density of 1.50±0.30×10^22/m^3.,2023-11-01,,matteroffact,Refuted,,Supported,
2502.20261v1_10_T,"In CsPbBr₃, electrons and holes localize on opposite sides of grain-boundaries due to the local polarization induced by the boundaries, with electrons driven in the direction of the local dipole moment and holes driven in the opposite direction.",2025-02-01,,matteroffact,Supported,,Supported,
2504.12547v1_4_F,"Hole charge carriers dominate the magnetotransport in ZrSiTe when the magnetic field is rotated in the a-c plane, while electron charge carriers dominate when the magnetic field is rotated in the a-b plane.",2025-04-01,,matteroffact,Refuted,,Supported,
2412.20009v1_1_F,"When simulating perovskite solar cells, the SolarDesign platform reduces computation time by more than 50 times compared to COMSOL.",2024-12-01,,matteroffact,Refuted,,Supported,
2311.07943v2_3_F,The anisotropy parameter of the upper critical field in air-annealed CaFeAsF single crystals is 3.,2023-11-01,,matteroffact,Refuted,,Supported,
2502.11628v1_5_T,Simulation-based supersampling of theoretical test diffraction patterns enables significant precision improvement of tensor parameters obtained from low-resolution experimental patterns.,2025-02-01,,matteroffact,Supported,"[{""bias"": ""clustering illusion"", ""confidence"": 0.4078}]",Supported,
2503.00456v1_8_F,"A₍ₙ₊₁₎HfₙS₍₃ₙ₊₁₎ (A = Ca, Sr, Ba; n = 1-3) Ruddlesden-Popper phases are unsuitable for optoelectronic applications due to their UV-region absorption, larger bandgaps, and lower electron mobility compared to their bulk counterparts.",2025-03-01,,matteroffact,Refuted,"[{""bias"": ""subadditivity effect"", ""confidence"": 0.3737}]",Supported,
2502.18190v1_12_T,"The 2H phase OsBr₂ bilayer exhibits antiferromagnetic interlayer coupling, with enhanced coupling strength in AA-1, AA-3, and AB-1 stackings, which is different from the ferromagnetic interlayer coupling enhancement observed in GdI₂.",2025-02-01,,matteroffact,Supported,,Supported,
2409.20312v1_4_T,"The Fe-PTO chains have similar lattice parameters on both substrates, with a = 8.7 Å and b = 9.0 Å on Ag(111), and a = 8.8 Å and b = 9.1 Å on Pb(111).",2024-09-01,,matteroffact,Supported,"[{""bias"": ""Time-saving bias"", ""confidence"": 0.9892}]",Supported,
2504.12547v1_3_F,ZrSiTe exhibits a butterfly-shaped anisotropic magnetoresistance similar to ZrSiS and ZrSiSe despite differences in the geometry of their Fermi surfaces.,2025-04-01,,matteroffact,Refuted,"[{""bias"": ""Whole only effect"", ""confidence"": 0.369}]",Supported,
2503.07460v1_0_T,"The optoionic effect describes scenarios where light controls ion dynamics through electronic processes, typically involving electron-hole pair creation, charge localization, and charge stabilization via ion intercalation.",2025-03-01,,matteroffact,Supported,,Supported,
2404.11300v1_12_T,"In a skewed non-Fermi liquid state, the inelastic scattering rate has the form 1/τ_in ∝ (πT)ᵛ g(ω/T), where g(x) becomes asymmetric when the asymmetry parameter α is non-zero",2024-04-01,,matteroffact,Supported,,Supported,
2407.15258v1_15_F,"The ionic conductivity of Mg-Cl doped Li7PS6 argyrodite samples was measured over a temperature range from 0°C to 100°C, with 30-minute equilibration steps at each temperature.",2024-07-01,,matteroffact,Refuted,,Supported,
2311.13599v1_3_T,Increasing the normalized absorption length in thermal barrier coatings increases the surface temperature and decreases the convective heat flux from the hot gas to the coating surface.,2023-11-01,,matteroffact,Supported,"[{""bias"": ""Omission bias"", ""confidence"": 0.401}]",Supported,
2412.16310v3_7_F,"The sulfur-vacancy-vacancy (SVV) defect in diamond exhibits a low-spin ground state with S=0 in the neutral charge state and S=1 in the negative charge state, with the negative charge state stable only in a narrow range of Fermi energies near the conduction band.",2024-12-01,,matteroffact,Refuted,,Supported,
2411.17360v1_4_T,The coercive field of Al0.73Sc0.27N thin films remains between 3.5-4.2 MV/cm regardless of oxygen doping concentration.,2024-11-01,,matteroffact,Supported,"[{""bias"": ""Time-saving bias"", ""confidence"": 0.3541}]",Refuted,
2408.08791v2_13_F,"In the Dissipative Split-Charge Equilibration model, halving the resistivity reduces all damping forces proportionally, with both the forces within the capacitor and the hysteretic losses during approach and retraction decreasing by exactly half.",2024-08-01,,matteroffact,Refuted,"[{""bias"": ""Time-saving bias"", ""confidence"": 0.3086}]",Refuted,
2401.15420v1_7_T,"When the current rate increases from 0.1 C to 5 C, the HC||NVP/C full cell retains 47.5% of its initial capacity, while the NVP/C half-cell retains only 21.7% of its initial capacity.",2024-01-01,,matteroffact,Supported,"[{""bias"": ""Time-saving bias"", ""confidence"": 0.601}]",Supported,
2412.00421v1_3_T,"Diluted adatom lattices on Nb(110) can host various topological magnetic textures including ferromagnetic and antiferromagnetic skyrmions and antiskyrmions, depending on the adatom type and lattice configuration.",2024-12-01,,matteroffact,Supported,,Supported,
2502.18190v1_1_T,The 2H phase OsBr₂ monolayer has a ferromagnetic ground state with a magnetic moment of 4μB per Os atom and a magnetic anisotropy energy of 41.17 meV favoring out-of-plane magnetization.,2025-02-01,,matteroffact,Supported,"[{""bias"": ""Outcome bias"", ""confidence"": 0.3387}]",Supported,
2504.00771v1_3_F,"The database includes tensorial optical properties calculated as functions of photon energy ranging from 0 to 5.0 eV, including dielectric function and Kerr rotation.",2025-04-01,,matteroffact,Refuted,,Supported,
2311.14529v1_0_T,"During heat treatment of additively manufactured Al-Mn-Cr-Zr alloys, separate Mn-rich and Cr-rich precipitates form at grain boundaries.",2023-11-01,,matteroffact,Supported,"[{""bias"": ""curse of knowledge"", ""confidence"": 0.302}]",Supported,
2411.08980v1_12_T,"The formation of orbital FFLO state does not depend on the presence of charge density wave (CDW) order, as demonstrated by its observation in NbS₂ which lacks CDW.",2024-11-01,,matteroffact,Supported,,Supported,
2402.09770v1_1_F,"In₂Se₃ monolayer remains a normal insulator regardless of the Fermi level position, showing no topological edge states under any doping conditions.",2024-02-01,,matteroffact,Refuted,,Refuted,
2412.13456v1_7_T,"The dielectric constant of Nb₃Cl₈ exhibits uniaxial anisotropy with an in-plane value of 1.818 and an out-of-plane value of 1.1285, which affects the electric dipole-dipole interactions and the Bohr radius of excitons.",2024-12-01,,matteroffact,Supported,"[{""bias"": ""Time-saving bias"", ""confidence"": 0.5938}]",Supported,
2408.03175v1_2_F,"Increasing the bending rigidity of the morphogenic interface (MINT) increases the maximum growth rate of interface undulations in solid-state batteries, reducing interface stability.",2024-08-01,,matteroffact,Refuted,,Refuted,
2407.20599v1_14_F,"The parallel circuit model for film-substrate systems cannot be extended beyond two layers, as the mathematical complexity becomes intractable for systems with three or more layers.",2024-07-01,,matteroffact,Refuted,,Refuted,
2310.04841v1_12_F,Metal vacancies in titanium carbide can form metastable structures with four to six displaced carbon atoms that have reconstruction energies between -1.9 eV and -0.5 eV relative to the unreconstructed vacancy.,2023-10-01,,matteroffact,Refuted,"[{""bias"": ""Time-saving bias"", ""confidence"": 0.5328}]",Supported,
2501.16965v1_11_F,"The Wannier Hamiltonians for MoS₂ and TiSe₂ were constructed using only s-orbitals from each atom, resulting in poor agreement with DFT-calculated bands and requiring empirical corrections to match experimental data.",2025-01-01,,matteroffact,Refuted,"[{""bias"": ""Bias blind spot"", ""confidence"": 0.9578}]",Refuted,
2404.12191v1_6_F,TMM-Sim offers advantages over existing TMM-based packages by providing advanced 3D modeling capabilities and machine learning integration for automated parameter optimization.,2024-04-01,,matteroffact,Refuted,,Supported,
2404.19084v2_2_F,"Centrifugal disk finishing imparts approximately 100% higher residual microscale strain at 20 μm depth from the surface compared to 120 μm depth in additively manufactured Inconel 718, as evidenced by diffraction peak width measurements.",2024-04-01,,matteroffact,Refuted,,Supported,
2406.04713v1_11_F,"Riemannian Flow Matching requires separate modeling frameworks for each component of crystal structures, similar to diffusion-based approaches",2024-06-01,,matteroffact,Refuted,"[{""bias"": ""curse of knowledge"", ""confidence"": 0.4164}]",Supported,
2503.01518v1_3_F,T1 precipitates with different crystallographic variants in Al-Cu-Li alloys readily coalesce when they come into contact.,2025-03-01,,matteroffact,Refuted,,Supported,
2504.00771v1_3_T,"The database includes tensorial optical properties calculated as functions of photon energy ranging from 0 to 2.5 eV, including optical conductivity and shift current response.",2025-04-01,,matteroffact,Supported,"[{""bias"": ""clustering illusion"", ""confidence"": 0.445}]",Supported,
2401.15420v1_8_F,"The NVP/C cathode material exhibits a layered crystal structure with a monoclinic lattice, characterized by two-dimensional sodium-ion diffusion channels that limit ionic conductivity.",2024-01-01,,matteroffact,Refuted,,Supported,
2408.06641v2_4_T,The Debye temperature of Cr3Si decreases from 720 K for undoped Cr3Si to 700 K for Ge-doped Cr3Si at 50% doping concentration.,2024-08-01,,matteroffact,Supported,,Supported,
2409.18210v1_10_F,Thermal waves in nanoscale materials can be detected through phase lag measurements that show an exponential decrease with increasing radial distance from a heat source,2024-09-01,,matteroffact,Refuted,,Supported,
2401.15936v1_0_T,Closed-space annealing post-processing increases the power conversion efficiency of selenium thin-film solar cells by a factor of 4,2024-01-01,,matteroffact,Supported,,Refuted,
2410.11597v1_1_T,"In carbon fiber sheet molding compounds, approximately 30-50% of the area shows high deviation (20°-90°) between fiber orientations measured by polarization imaging and computed tomography.",2024-10-01,,matteroffact,Supported,,Supported,
2409.02507v1_0_F,"Thermoelectric currents can only be generated at interfaces between solid metals, not at interfaces between liquid metals.",2024-09-01,,matteroffact,Refuted,,Refuted,
2409.07058v3_5_F,"Substituting boron for carbon in Fe₃C and Co₃C compounds decreases the Curie temperature and magnetic moment while reducing phase stability, making boron substitution detrimental to magnetic properties.",2024-09-01,,matteroffact,Refuted,"[{""bias"": ""Omission bias"", ""confidence"": 0.3968}]",Supported,
2503.07474v1_10_T,"The coherent phonon excitation in RbV₃Sb₅ and KV₃Sb₅ occurs through the displacive excitation of coherent phonons (DECP) mechanism, where only fully symmetric phonon modes are observed.",2025-03-01,,matteroffact,Supported,,Supported,
2501.04124v1_8_F,"The SCDFT-BR89-CS functional predicts an on-site magnetic moment of 2.10 μB for the Cr₃ molecule, which is closer to the values obtained with LSDA and GGA functionals than to meta-GGA or hybrid functionals.",2025-01-01,,matteroffact,Refuted,"[{""bias"": ""Bias blind spot"", ""confidence"": 0.6219}]",Supported,
2412.10896v3_8_T,"The numerical frequency-domain method computes the impedance of the Single Particle Model (SPM) approximately 550 times faster than the brute-force time-domain method, with computation times of 21.3 milliseconds versus 11.8 seconds respectively.",2024-12-01,,matteroffact,Supported,"[{""bias"": ""Time-saving bias"", ""confidence"": 0.8824}]",Supported,
2404.04161v1_6_T,"The bulk energy difference between FCC and BCC tungsten is 0.494 eV per atom, with FCC having higher energy than BCC",2024-04-01,,matteroffact,Supported,"[{""bias"": ""Time-saving bias"", ""confidence"": 0.4664}, {""bias"": ""Distinction bias"", ""confidence"": 0.408}]",Supported,
2410.16199v1_6_T,The identification of Nb₃Br₈ as a Mott insulator rather than a band insulator has important implications for understanding the magnetic field-free Josephson diode effect observed in Nb₃Br₈/NbSe₂ heterostructures.,2024-10-01,,matteroffact,Supported,"[{""bias"": ""Pro-Innovation Bias"", ""confidence"": 0.4922}]",Supported,
2407.20263v1_15_T,"Na-Zn cells have a relatively high open-circuit voltage of 1.8V, which arises from the large difference between the decomposition potentials of NaCl and ZnCl₂.",2024-07-01,,matteroffact,Supported,,Supported,
2403.13710v1_8_F,"NV centers can directly measure the electronic band structure of materials, providing the same information as angle-resolved photoemission spectroscopy but with nanoscale spatial resolution.",2024-03-01,,matteroffact,Refuted,"[{""bias"": ""curse of knowledge"", ""confidence"": 0.4722}]",Refuted,
2406.12453v1_12_F,"Single crystals of Sr₃Ni₁.₇₅Al₀.₂₅O₇ can be successfully grown using conventional solid-state synthesis at ambient pressure, with a single annealing step at 800°C in air for 24 hours.",2024-06-01,,matteroffact,Refuted,"[{""bias"": ""Outcome bias"", ""confidence"": 0.3371}]",Supported,
2501.04840v2_1_T,"The longitudinal exciton in hexagonal boron nitride has an energy of 6.4 eV, which is higher than the transverse exciton energy of 6.12 eV measured by optical absorption.",2025-01-01,,matteroffact,Supported,"[{""bias"": ""Time-saving bias"", ""confidence"": 0.3126}]",Supported,
2502.03126v1_16_F,"The SNAP potential for Niobium predicts a shear modulus of 47 GPa, which is significantly higher than both the DFT value of 29 GPa and the experimental value of 30 GPa.",2025-02-01,,matteroffact,Refuted,,Supported,
2502.19772v1_15_T,The low density of deep electronic states at halide perovskite surfaces contributes to their exceptional performance in optoelectronic devices by reducing interface recombination and charge carrier trapping.,2025-02-01,,matteroffact,Supported,,Supported,
2411.08528v1_15_T,"In Rb₂BX₆ (B = Si, Ge, Sn, Pt; X = Cl, Br, I) vacancy-ordered double perovskites, iodine-containing compounds exhibit higher polaron mobility than their chlorine and bromine counterparts.",2024-11-01,,matteroffact,Supported,,Supported,
2503.12194v1_6_T,"The hyperfine interaction tensor coefficients of Er in α-Ga₂O₃ (Axx = 120.16 MHz, Ayy = 118.02 MHz, Azz = 120.16 MHz) and β-Ga₂O₃ (Axx = 119.95 MHz, Ayy = 118.60 MHz, Azz = 120.72 MHz) exhibit strong anisotropy, making them potential candidates for spin-based quantum technologies.",2025-03-01,,matteroffact,Supported,"[{""bias"": ""subadditivity effect"", ""confidence"": 0.4065}]",Supported,
2408.09541v3_5_T,Higher-order topological Dirac superconducting (HOTDSC) states in nodal Dirac superconductors respecting Type-II Shubnikov space group P6/mmm1' can only occur in B1u or B2u pairing channels when the corresponding normal state is a higher-order Fermi-arc (HOFA) state.,2024-08-01,,matteroffact,Supported,,Supported,
2408.09073v1_12_F,"The virgin curve of magnetic moment versus field for H₃S remains negative up to fields of 5 Tesla, consistent with superconductivity",2024-08-01,,matteroffact,Refuted,,Supported,
2312.10313v1_2_F,The superconducting gap Δ in Nb increases linearly with the Cooper pair coupling parameter λ at a rate of 0.1 eV per 1 eV increase in λ.,2023-12-01,,matteroffact,Refuted,"[{""bias"": ""Time-saving bias"", ""confidence"": 0.781}]",Refuted,
2411.17360v1_6_F,Oxygen doping in Al0.73Sc0.27N thin films maintains constant tensile stress across all doping concentrations with no significant changes in stress state.,2024-11-01,,matteroffact,Refuted,,Refuted,
2311.07316v2_17_F,"DFT calculations show that oxygen octahedral rotations in La₃Ni₂O₇ are enhanced under 30 GPa, resulting in a monoclinic structure with space group P21/c",2023-11-01,,matteroffact,Refuted,,Supported,
2311.13599v1_12_F,"Current thermal barrier coating thicknesses are standardized at approximately 500 μm for all gas turbine engine components, requiring uniform absorption coefficients across all applications.",2023-11-01,,matteroffact,Refuted,,Refuted,
2411.11618v1_9_F,MoS2 flakes with ZZ-S edges exhibit donor-like edge states that favor n-type semiconductor behavior.,2024-11-01,,matteroffact,Refuted,"[{""bias"": ""Pro-Innovation Bias"", ""confidence"": 0.3651}]",Supported,
2408.08791v2_12_T,"When the velocity of a charged particle moving through a capacitor in the Dissipative Split-Charge Equilibration model is reduced by a factor of two, the damping force is reduced by almost exactly the same factor, indicating a linear relationship between velocity and damping.",2024-08-01,,matteroffact,Supported,,Refuted,
2503.13613v1_10_F,The birefringence in wurtzite CdS is unrelated to the polariton branches and is solely determined by the crystal structure,2025-03-01,,matteroffact,Refuted,,Refuted,
2504.12547v1_7_F,"Large non-saturating magnetoresistance in ZrSiX (X = S, Se, Te) materials is primarily caused by topological protection of surface states that prevents backscattering of charge carriers under applied magnetic fields.",2025-04-01,,matteroffact,Refuted,,Supported,
2503.12245v1_15_T,The Hall resistivity in V₀.₃Ti₀.₇-Gd alloys with 2 or more atomic percent Gd changes sign from negative to positive at high magnetic fields due to the competition between negative anomalous and positive ordinary Hall contributions.,2025-03-01,,matteroffact,Supported,"[{""bias"": ""subadditivity effect"", ""confidence"": 0.4206}]",Supported,
2411.11673v2_3_T,"The magneto-optical Kerr effect in MnTe vanishes above the Néel temperature, confirming its direct relationship to antiferromagnetic order.",2024-11-01,,matteroffact,Supported,"[{""bias"": ""Pro-Innovation Bias"", ""confidence"": 0.4444}]",Supported,
2311.07943v2_12_F,The superconducting state in air-annealed CaFeAsF is homogeneous throughout the entire sample volume regardless of the oxygen distribution.,2023-11-01,,matteroffact,Refuted,,Refuted,
2411.07624v2_1_F,"The upper critical field of (PbS)₁.₁₃(TaS₂) at 0 K is nearly isotropic, with values of 3.2 T for the out-of-plane direction and 3.8 T for the in-plane direction, yielding an anisotropy factor of 1.2.",2024-11-01,,matteroffact,Refuted,"[{""bias"": ""Time-saving bias"", ""confidence"": 0.8314}]",Supported,
2311.01879v1_6_T,Oxide particles in FeCrAl ODS steels contribute to irradiation resistance by acting as defect sinks for point defects such as interstitials and vacancies.,2023-11-01,,matteroffact,Supported,,Supported,
2411.17368v2_5_T,The R-CPE transmission line model provides a physical basis for the empirically modified finite-length Warburg impedance model that includes a dispersion coefficient α.,2024-11-01,,matteroffact,Supported,"[{""bias"": ""clustering illusion"", ""confidence"": 0.3691}]",Supported,
2411.13301v1_2_F,"The surface of Sr₂CuO₃ film exhibits insulating properties similar to the bulk phase, with a reduced band gap compared to the inner layers.",2024-11-01,,matteroffact,Refuted,,Supported,
2403.08237v2_0_T,"Zr disorder in Li₂ZrCl₆ enables facile Li/vacancy disorder at room temperature, which is necessary for fast Li-ion conductivity",2024-03-01,,matteroffact,Supported,"[{""bias"": ""Pro-Innovation Bias"", ""confidence"": 0.3473}]",Supported,
2409.09176v1_1_F,"In negative charge transfer compounds, the ground state is dominated by configurations with fully occupied ligand states, resulting in electron transfer from the cation to the ligand.",2024-09-01,,matteroffact,Refuted,,Supported,
2404.05644v1_15_T,The solid-solid crystallization in CsPbI₃ follows classical nucleation theory with the formation of a critical nucleus and subsequent growth into faceted crystals,2024-04-01,,matteroffact,Supported,,Supported,
2412.04001v1_3_F,"In monolayer MoS₂ at 300K with resonant A exciton excitation, thermalization within the spin-aligned channel occurs within 100 fs, while thermalization within the spin-anti-aligned channel takes about 1 ps",2024-12-01,,matteroffact,Refuted,"[{""bias"": ""Time-saving bias"", ""confidence"": 0.9417}]",Supported,
2401.17024v2_9_T,"In Mg₂RhH₆, Mg₂IrH₆, and Li₂CuH₆, the high-frequency hydrogen vibrational modes, particularly the doubly degenerate E_g modes at the Γ point, significantly contribute to the electron-phonon coupling and superconductivity.",2024-01-01,,matteroffact,Supported,"[{""bias"": ""subadditivity effect"", ""confidence"": 0.565}]",Supported,
2406.09663v1_16_F,"Deep learning analysis of MA islands yielded exactly three interpretable clusters, characterized as dendrite, polygon, and irregular MA islands.",2024-06-01,,matteroffact,Refuted,"[{""bias"": ""clustering illusion"", ""confidence"": 0.318}]",Refuted,
2310.03080v2_11_T,The time-dependent simulations of monolayer NbSe2 were performed for a total of 31 femtoseconds using a time step of 1.935 attoseconds.,2023-10-01,,matteroffact,Supported,"[{""bias"": ""Planning Fallacy"", ""confidence"": 0.3668}]",Supported,
2501.15612v1_6_T,Modeling the optical absorption spectrum of laser-dressed trans-polyacetylene using the truncated velocity gauge approach requires a 500×1×1 k-vector grid for accurate Brillouin zone sampling,2025-01-01,,matteroffact,Supported,,Supported,
2502.14798v1_4_T,"All AGeX₃ (A = Ca, Sr, Ba; X = S, Se) chalcogenide perovskites exhibit negative formation energies ranging from -0.736 to -1.247 eV/atom, with BaGeSe₃ having the most negative value.",2025-02-01,,matteroffact,Supported,"[{""bias"": ""subadditivity effect"", ""confidence"": 0.415}]",Supported,
2411.19257v1_3_T,"InAs₁₋ₓBiₓ with approximately 6% bismuth undergoes a band inversion, transitioning to a topological insulator phase with the conduction band minimum below the valence band maximum.",2024-11-01,,matteroffact,Supported,,Supported,
2502.14798v1_6_F,"Germanium-based chalcogenide perovskites AGeX₃ (A = Ca, Sr, Ba; X = S, Se) exhibit structural instability at room temperature, with Goldschmidt tolerance factors below 0.7, indicating they cannot form viable perovskite structures without significant decomposition.",2025-02-01,,matteroffact,Refuted,,Supported,
2412.00421v1_12_F,An in-plane antiferromagnetic skyrmion with a size of 8.5 nm emerges in the rhombic Cr adatom lattice on Nb(110) when the magnetocrystalline anisotropy energy is set to -0.2 meV with isotropic in-plane magnetization.,2024-12-01,,matteroffact,Refuted,"[{""bias"": ""Outcome bias"", ""confidence"": 0.4094}]",Supported,
2407.20263v1_3_F,The near-equimolar NaCl-CaCl₂ electrolyte mixture used in Na-Zn cells undergoes a volume decrease of approximately 3% when solidifying.,2024-07-01,,matteroffact,Refuted,,Supported,
2409.07058v3_7_F,"Fe₃(B₀.₅C₀.₅) exhibits the highest magnetic hardness (κ = 1.45) among all (Fe,Co)₃(B,C,N) alloys, while Co-rich compositions consistently show magnetic hardness values below 0.8 in both orthorhombic and hexagonal structures.",2024-09-01,,matteroffact,Refuted,"[{""bias"": ""subadditivity effect"", ""confidence"": 0.382}]",Supported,
2405.04995v1_6_T,The elastic moduli of crystalline grains in nanocrystalline metals are approximately 10% larger than the elastic moduli of grain boundaries.,2024-05-01,,matteroffact,Supported,,Refuted,
2404.05710v1_6_T,"For an ideal superconducting sphere (χ=-1), the external susceptibility tensor is S = -(3/2)I, where I is the identity matrix.",2024-04-01,,matteroffact,Supported,,Supported,
2404.05644v1_12_F,The LDA exchange-correlation functional provides the most accurate representation of relative energies between different polymorphs of CsPbI₃ compared to reference RPA+HF calculations,2024-04-01,,matteroffact,Refuted,"[{""bias"": ""Bias blind spot"", ""confidence"": 0.3166}]",Refuted,
2412.18878v1_9_T,PEDOT films enable significant ENZ wavelength shifts under lower laser intensities compared to traditional ENZ materials,2024-12-01,,matteroffact,Supported,"[{""bias"": ""Pro-Innovation Bias"", ""confidence"": 0.4199}]",Supported,
2408.07229v1_1_F,The addition of an OH ending group to carbonate-based polymer electrolyte monomers significantly decreases their reduction potential in lithium-ion rich environments.,2024-08-01,,matteroffact,Refuted,,Supported,
2408.15684v1_8_F,Single-crystal graphene insertion at the Mo foil/CZTSSe interface creates a rougher and more textured back contact interface that enhances light trapping,2024-08-01,,matteroffact,Refuted,,Supported,
2404.08651v1_2_F,Reducing the p-type window layer thickness from 15 nm to 3 nm increases the short circuit current density from 16.4 mA/cm^2 to 18.5 mA/cm^2.,2024-04-01,,matteroffact,Refuted,"[{""bias"": ""Time-saving bias"", ""confidence"": 0.9823}]",Supported,
2410.09376v2_10_T,"The temperature dependence of elastic constants in Cu-6wt%Ag alloy wires follows Varshni's empirical expression, with all elastic constants increasing as temperature decreases and leveling off below approximately 50K.",2024-10-01,,matteroffact,Supported,,Supported,
2412.13456v1_10_T,"The spin-triplet Frenkel excitons in Nb₃Cl₈ exhibit electric dipole moments that favor an out-of-plane antiferroelectric configuration due to electric dipole-dipole interactions, making the material a multiferroic system with both magnetic and electric ordering.",2024-12-01,,matteroffact,Supported,,Supported,
2401.11244v1_7_F,"In Li₁₀GeP₂S₁₂, the highest correlation between PS₄ tetrahedra and Li ions occurs at P-S-Li angles between 120° and 150° and Li-S distances between 4 and 6 Å",2024-01-01,,matteroffact,Refuted,"[{""bias"": ""subadditivity effect"", ""confidence"": 0.3988}]",Supported,
2403.11080v2_16_T,Higher thermal gradients in rapidly solidified Fe-Cr alloys lead to more non-uniform solidification fronts due to enhanced competitive advantage of favorably oriented grains,2024-03-01,,matteroffact,Supported,"[{""bias"": ""Pro-Innovation Bias"", ""confidence"": 0.3225}]",Supported,
2403.03466v2_8_F,"The lowest energy excitation at the Γ-point in LiCoO2 is primarily a charge transfer excitation from oxygen p to cobalt d states, with minimal collective character.",2024-03-01,,matteroffact,Refuted,"[{""bias"": ""Outcome bias"", ""confidence"": 0.3599}]",Supported,
2409.01439v2_2_F,The diffraction peak width in DFXM rocking curves narrows as the dislocation density increases in the material.,2024-09-01,,matteroffact,Refuted,,Supported,
2408.09541v3_15_T,"The tight-binding model for Dirac semimetals uses parameter values M̃0=4, M̃1=-1.5, M̃2=-1, Ã=1, and B̃=5, while the superconducting model adds parameters μ̃=0.6, Δ̃1=0.5, and Δ̃2=0.5.",2024-08-01,,matteroffact,Supported,"[{""bias"": ""subadditivity effect"", ""confidence"": 0.5031}]",Supported,
2401.08834v1_10_F,"Inelastic neutron scattering measurements on copper-substituted lead oxyapatite reveal a distinct superconducting resonance at 205 meV, confirming the presence of unconventional superconductivity with a transition temperature near 400 K.",2024-01-01,,matteroffact,Refuted,,Refuted,
2409.11179v1_6_T,"The anomalous underscreening observed in electrolytes at high concentrations is explained by the growth of ionic domains rather than changes in the range of electrostatic interactions, with the relevant length scale being the maximum of the screening length and the ionic cluster size.",2024-09-01,,matteroffact,Supported,"[{""bias"": ""curse of knowledge"", ""confidence"": 0.3361}]",Supported,
2403.18441v1_15_T,"Residual stresses are obtained by first combining mechanical and thermal stress components under either elastic or elasto-plastic loading conditions, followed by an incremental relaxation process to satisfy boundary conditions after the cutting process is complete.",2024-03-01,,matteroffact,Supported,"[{""bias"": ""clustering illusion"", ""confidence"": 0.8219}]",Supported,
2502.18190v1_17_T,"The valley polarization in 2H phase OsBr₂ bilayer exhibits C₃z rotational symmetry in the full 2D space of lateral shifts, with isotropic distribution in AA stackings and the conduction band of AB stackings, but weak anisotropy in the valence band of AB stackings.",2025-02-01,,matteroffact,Supported,,Supported,
2407.20263v1_10_T,"Paste electrolytes comprising alumina or magnesia powder mixed with molten salt could potentially replace rigid diaphragms in Na-Zn cells, allowing bubble movement while adequately suppressing Zn²⁺ transport.",2024-07-01,,matteroffact,Supported,"[{""bias"": ""Pro-Innovation Bias"", ""confidence"": 0.3818}]",Supported,
2504.06595v1_9_F,The recoil kernel in solid electrolytes decays on a timescale of approximately 2.0 picoseconds for a system with a maximum phonon frequency of 5 THz,2025-04-01,,matteroffact,Refuted,"[{""bias"": ""Time-saving bias"", ""confidence"": 0.7849}]",Supported,
2311.07316v2_2_F,The shape of the Fermi surface of La₃Ni₂O₇ undergoes significant changes when the Ni-e_g crystal field splitting is fine-tuned in a small range,2023-11-01,,matteroffact,Refuted,,Supported,
2412.10896v3_4_T,"The charge transfer resistance in lithium-ion batteries follows a U-shaped pattern with respect to state-of-charge, with higher resistances at very low and very high SOC values, and lower resistances in the middle SOC range.",2024-12-01,,matteroffact,Supported,"[{""bias"": ""Time-saving bias"", ""confidence"": 0.3342}]",Supported,
2406.09461v1_9_T,The thermodynamic driving force for α→ω phase transformation in zirconium at 4.55 GPa is 18.17 MPa (18.17×10^6 J/m^3 or 254.20 J/mol),2024-06-01,,matteroffact,Supported,"[{""bias"": ""Planning Fallacy"", ""confidence"": 0.3577}]",Supported,
2502.18190v1_4_T,"The 1T phase bilayer OsBr₂ exhibits tri-state valley polarization due to lattice symmetry breaking, which is distinct from the valley polarization in 2H phase that originates from time-reversal symmetry breaking and spin-orbit coupling.",2025-02-01,,matteroffact,Supported,,Supported,
2503.16018v1_12_F,"The theoretical tensile strength of MAB phases decreases with increasing ceramic-like component fraction, following the trend of 314-type → 212-type → 222-type phases",2025-03-01,,matteroffact,Refuted,"[{""bias"": ""subadditivity effect"", ""confidence"": 0.3652}]",Supported,
2404.19084v2_15_F,The combination of reduced surface roughness but increased surface disorder achieved through centrifugal disk finishing of additively manufactured Inconel 718 will degrade fatigue performance by creating new stress concentration sites despite the smoother overall surface.,2024-04-01,,matteroffact,Refuted,,Supported,
2410.14562v1_8_F,NH4+ intercalation into vanadium pentoxide creates a uniform valence state where all vanadium ions become V4.5+ with partially filled d-orbitals distributed across all sites.,2024-10-01,,matteroffact,Refuted,"[{""bias"": ""curse of knowledge"", ""confidence"": 0.362}]",Refuted,
2406.07144v1_6_T,"Carbon atoms sputtered from a target using a 10 kV ion beam in Electron Cyclotron Resonance Ion Beam Deposition have energies ranging from 40 to 100 eV, with the highest flux occurring at approximately 41 eV in the middle of the sputtering plume.",2024-06-01,,matteroffact,Supported,,Supported,
2401.04713v1_11_F,"The perpendicular magnetic anisotropy observed in TbMn₆Sn₆ thin films is common among kagome magnet thin films, which typically exhibit similar out-of-plane magnetic anisotropy.",2024-01-01,,matteroffact,Refuted,,Supported,
2403.06305v1_7_T,Scandium trifluoride (ScF₃) has a cubic perovskite structure with an empty A-site and a space group of Pm-3m.,2024-03-01,,matteroffact,Supported,"[{""bias"": ""Outcome bias"", ""confidence"": 0.3907}]",Supported,
2311.05696v2_3_T,"Adding large particles to a suspension of small particles always increases the suspension viscosity, unlike the reverse case of adding small particles to large ones.",2023-11-01,,matteroffact,Supported,"[{""bias"": ""Omission bias"", ""confidence"": 0.4398}]",Refuted,
2408.11301v1_14_T,The 2D twinning interface simulations use isotropic elasticity with an extensional modulus of 206 GPa and a Poisson ratio of 0.3.,2024-08-01,,matteroffact,Supported,,Supported,
2412.16310v3_13_T,"The most stable configuration of interstitial sulfur in diamond is the S+I complex, where sulfur is at a substitutional site with a nearby carbon self-interstitial, rather than at empty T or H sites or in a split-interstitial position.",2024-12-01,,matteroffact,Supported,,Supported,
2310.04841v1_1_T,The ground state structure of a metal vacancy in titanium carbide features two displaced carbon atoms forming a dimer inside the vacancy with a planar configuration.,2023-10-01,,matteroffact,Supported,"[{""bias"": ""curse of knowledge"", ""confidence"": 0.3425}]",Supported,
2311.11341v1_3_F,The interband electron-phonon scattering coefficient (K) in NbGe₂ is approximately equal in magnitude and has the same sign as in NbSi₂.,2023-11-01,,matteroffact,Refuted,,Supported,
2411.10911v1_15_T,"Machine learning potentials overcome the limitations of both ab initio methods and traditional force fields for simulating superionic conductors, offering first-principles accuracy with significantly reduced computational cost",2024-11-01,,matteroffact,Supported,"[{""bias"": ""Pro-Innovation Bias"", ""confidence"": 0.4212}]",Supported,
2502.06375v1_0_F,Silica aerogel thin films synthesized via ambient pressure methods exhibit a porosity of approximately 95%,2025-02-01,,matteroffact,Refuted,,Supported,
2401.08834v1_6_T,"Inelastic neutron scattering measurements of copper-substituted lead oxyapatite reveal a lattice excitation at approximately 5.5 meV at 5 K, which softens slightly with increasing temperature and shows quadratic wave-vector dependence consistent with phonon behavior.",2024-01-01,,matteroffact,Supported,,Supported,
2407.15258v1_7_F,"Computational defect formation energy calculations identified aluminum, yttrium, and fluorine as promising dopants for Li7PS6 argyrodite, which was experimentally validated by synthesizing and measuring the ionic conductivity of aluminum-fluorine co-doped samples.",2024-07-01,,matteroffact,Refuted,"[{""bias"": ""Bias blind spot"", ""confidence"": 0.5779}]",Supported,
2412.02812v4_3_T,"Growing bct Co₁₋ₓMnₓ films on substrates with smaller lattice constants than MgO(001), such as GaAs(001) or BaTiO₃(110), can increase the average atomic moment up to 2.61 μB/atom for x = 0.25.",2024-12-01,,matteroffact,Supported,"[{""bias"": ""Time-saving bias"", ""confidence"": 0.3808}]",Supported,
2407.20263v1_12_F,"Na-Zn cell technology has advanced to pilot-scale demonstration, with most cells now being fully enclosed and operated outside laboratory environments in grid-connected installations.",2024-07-01,,matteroffact,Refuted,"[{""bias"": ""curse of knowledge"", ""confidence"": 0.4092}, {""bias"": ""Pro-Innovation Bias"", ""confidence"": 0.3691}]",Supported,
2405.18946v3_8_T,"The two-dimensional electron liquid on TiO₂-terminated SrTiO₃(001) develops within 2 seconds of synchrotron irradiation, while on SrO-terminated surfaces it requires approximately 30 seconds",2024-05-01,,matteroffact,Supported,"[{""bias"": ""Time-saving bias"", ""confidence"": 0.4135}]",Supported,
2504.02054v1_0_F,"In desodiated NaMn₃O₇, the split-hole polaron configuration is 100 meV less stable than the localized 3NN polaron configuration",2025-04-01,,matteroffact,Refuted,,Supported,
2311.08257v1_11_F,"Variations in spin Hall angle measurements for the same material across different studies are primarily due to measurement errors, with sample quality and growth conditions having negligible effects on the intrinsic spin Hall mechanisms.",2023-11-01,,matteroffact,Refuted,"[{""bias"": ""Bias blind spot"", ""confidence"": 0.7342}]",Refuted,
2311.01879v1_12_F,"The volume fractions of oxide particles in unirradiated Fe12Cr9Al, Fe15Cr9Al, and Fe18Cr9Al ODS steels are 0.30%, 0.40%, and 0.50%, respectively.",2023-11-01,,matteroffact,Refuted,"[{""bias"": ""subadditivity effect"", ""confidence"": 0.93}]",Supported,
2403.06305v1_4_F,The full width at half maximum (FWHM) of the ScF₃ (104) film peak is approximately 3 times larger than the FWHM of the LiF (204) substrate peak.,2024-03-01,,matteroffact,Refuted,"[{""bias"": ""Time-saving bias"", ""confidence"": 0.5422}]",Supported,
2402.05283v3_16_F,The Carousel Phase Retrieval Algorithm requires specialized hardware not available at synchrotron facilities and cannot be integrated with existing experimental apparatus or numerical simulators for real-time applications.,2024-02-01,,matteroffact,Refuted,"[{""bias"": ""Bias blind spot"", ""confidence"": 0.5014}]",Refuted,
2404.12191v1_11_F,"TMM-Sim calculates the external quantum efficiency (EQE) and photocurrent using the equation EQE(%) = 1000 × (J_Photo)/(λ × S_0), where J_Photo is the photocurrent in mA/cm² and S_0 is the irradiance.",2024-04-01,,matteroffact,Refuted,,Supported,
2310.18102v2_7_F,Hydrogen atoms in amorphous boron nitride primarily form H-H bonds at hydrogen concentrations above 10 atomic percent,2023-10-01,,matteroffact,Refuted,,Supported,
2405.09345v1_1_F,Antiferroelectric ZrO2 thin films exhibit an energy storage efficiency of 90% at an electric field of 4.0 MV/cm,2024-05-01,,matteroffact,Refuted,,Supported,
2404.05398v1_0_F,HfN thin films exhibit a uniform morphology with columnar crystallites of consistent size throughout the entire film thickness.,2024-04-01,,matteroffact,Refuted,,Supported,
2502.20809v1_14_T,"Universal force fields face challenges in simultaneously achieving generalizability, first-principles accuracy, and computational efficiency, which the PFD workflow addresses by generating material-specific models.",2025-02-01,,matteroffact,Supported,,Supported,
2405.18939v1_0_F,The charge density wave ordering in NbSe₂ is enhanced when incorporated into the (LaSe)₁.₁₄(NbSe₂)₂ misfit layer compound.,2024-05-01,,matteroffact,Refuted,,Supported,
2501.15612v1_5_F,The truncated velocity gauge approach requires 50 Floquet Fourier basis states for convergence in modeling the optical absorption spectrum of laser-dressed trans-polyacetylene with a non-resonant driving pulse of 0.4 eV,2025-01-01,,matteroffact,Refuted,,Supported,
2502.03739v1_1_T,"Different stacking patterns in CrSBr bilayers result in significant variations in interlayer distances, with the AA-0, AA-1, AB-0, and AB-1 structures having interlayer distances of 2.352, 2.922, 3.221, and 3.677 Å, respectively.",2025-02-01,,matteroffact,Supported,"[{""bias"": ""Time-saving bias"", ""confidence"": 0.3637}, {""bias"": ""subadditivity effect"", ""confidence"": 0.3551}]",Supported,
2504.02054v1_11_F,"In Na₂Mn₃O₇, hole doping upon desodiation occurs equally on all oxygen sites regardless of their coordination environment or proximity to manganese vacancies",2025-04-01,,matteroffact,Refuted,"[{""bias"": ""Risk Compensation"", ""confidence"": 0.3969}]",Refuted,
2402.08326v2_5_F,"The bulk modulus of fullerene C60 calculated using different methods (analytical model, DFT, and Tersoff potential) falls within the range of 300-400 GPa, which is approximately 0.7-0.9 times the bulk modulus of diamond.",2024-02-01,,matteroffact,Refuted,"[{""bias"": ""subadditivity effect"", ""confidence"": 0.3776}]",Supported,
2406.17511v1_5_F,The melted depth in boron-implanted silicon-on-insulator layers increases exponentially with laser energy density in the monocrystalline regime (445-560 mJ/cm²),2024-06-01,,matteroffact,Refuted,,Supported,
2405.18150v1_5_T,"First-principles calculations with a Hubbard interaction parameter of 8.5 eV predict a band gap of 1.92 eV in titanium nitride, which closely matches the experimentally measured value of 1.97 eV.",2024-05-01,,matteroffact,Supported,,Supported,
2412.10896v3_6_F,Time-domain voltage data provides better parameter identifiability than impedance data for all battery model parameters regardless of their associated timescales.,2024-12-01,,matteroffact,Refuted,,Refuted,
2504.02054v1_11_T,"In Na₂Mn₃O₇, hole doping upon desodiation preferentially occurs on undercoordinated oxygen atoms (O1) adjacent to manganese vacancy sites rather than on fully coordinated oxygen atoms (O2)",2025-04-01,,matteroffact,Supported,"[{""bias"": ""subadditivity effect"", ""confidence"": 0.3056}]",Supported,
2412.00421v1_12_T,An in-plane antiferromagnetic skyrmion with a size of 3.9 nm emerges in the rhombic Cr adatom lattice on Nb(110) when the magnetocrystalline anisotropy energy is set to -0.2 meV with isotropic in-plane magnetization.,2024-12-01,,matteroffact,Supported,"[{""bias"": ""Outcome bias"", ""confidence"": 0.4008}]",Supported,
2503.11890v1_2_T,"Two-dimensional Ruddlesden-Popper metal halides host multiple distinct biexciton states with different binding energies, including a mixed biexciton state resulting from cross-coupling between different exciton states.",2025-03-01,,matteroffact,Supported,,Supported,
2503.12245v1_2_F,V₀.₃Ti₀.₇-Gd alloys with gadolinium concentration of 1 atomic percent exhibit stronger anomalous Hall effect than alloys with higher gadolinium concentrations.,2025-03-01,,matteroffact,Refuted,,Refuted,
2311.15472v1_12_T,"During field evaporation of γ-TiAl, the velocity of titanium atoms begins to increase linearly with electrostatic force at a threshold of approximately 1.8 eV/Å, while aluminum atoms show this transition at a higher threshold of approximately 2.2 eV/Å.",2023-11-01,,matteroffact,Supported,"[{""bias"": ""Time-saving bias"", ""confidence"": 0.3454}]",Supported,
2401.04713v1_16_T,RMn₆Sn₆ thin films grow with a specific in-plane epitaxial relationship of RMn₆Sn₆[1-100]‖Pt[110]‖Al₂O₃[11-20] on Pt(111) buffer layers on Al₂O₃(0001) substrates.,2024-01-01,,matteroffact,Supported,,Supported,
2501.04289v1_4_F,"When incorporating both the Duschinsky matrix and off-diagonal contributions, the hole capture coefficients for carbon substitutional defects in GaN calculated using initial-state phonons (7.04×10^-9 cm^3 s^-1) and final-state phonons (5.52×10^-10 cm^3 s^-1) differ by more than an order of magnitude.",2025-01-01,,matteroffact,Refuted,"[{""bias"": ""Time-saving bias"", ""confidence"": 0.6723}]",Supported,
2410.05384v2_13_T,"In the Moore-Read quantum Hall phase, the quasi-hole excitation has charge Qh=1/2 and semionic self-statistical angle θh=π/2.",2024-10-01,,matteroffact,Supported,"[{""bias"": ""subadditivity effect"", ""confidence"": 0.4001}]",Supported,
2407.09880v1_7_F,"The three-dimensional carrier density in SrVO₃ films is approximately 5 × 10²⁰ carriers per cubic centimeter, which is insufficient to screen the dipolar field of Fuchs-Kliewer phonons.",2024-07-01,,matteroffact,Refuted,"[{""bias"": ""Outcome bias"", ""confidence"": 0.3818}]",Supported,
2404.05644v1_15_F,The solid-solid crystallization in CsPbI₃ follows a spinodal decomposition mechanism with uniform transformation throughout the material without requiring nucleation,2024-04-01,,matteroffact,Refuted,,Supported,
2504.00309v1_15_T,"In the QSE method for quasiparticle band structures, valence bands are obtained using annihilation operators on occupied orbitals, while conduction bands are obtained using creation operators on unoccupied orbitals.",2025-04-01,,matteroffact,Supported,"[{""bias"": ""clustering illusion"", ""confidence"": 0.578}]",Supported,
2411.11673v2_0_F,Collinear antiferromagnetic MnTe exhibits magneto-optical Kerr effect only at temperatures above its Néel temperature when subjected to an external magnetic field.,2024-11-01,,matteroffact,Refuted,,Supported,
2502.19772v1_14_T,The combination of defect-tolerant electronic structure and unique atomic dynamics in halide perovskites synergistically minimizes the occurrence of deep electronic states on their surfaces.,2025-02-01,,matteroffact,Supported,,Supported,
2411.04481v1_10_F,"In the MFe5X8 family (M=Li, Na, K; X=O, S), iron atoms are exclusively coordinated with eight chalcogen atoms in cubic crystal fields, forming a 3D network structure without any layering pattern.",2024-11-01,,matteroffact,Refuted,,Refuted,
2405.10644v1_0_T,"Water-soluble (Ca,Sr)₃Al₂O₆ sacrificial layers enable the successful fabrication of high-quality, single-crystal STO-encapsulated NdNiO₃ freestanding membranes that preserve their structural and transport properties after transfer to silicon substrates.",2024-05-01,,matteroffact,Supported,"[{""bias"": ""Risk Compensation"", ""confidence"": 0.4278}]",Supported,
2411.08528v1_5_F,"In Rb₂BX₆ (B = Si, Ge, Sn, Pt; X = Cl, Br, I) vacancy-ordered double perovskites, electron effective masses range from 1.0 to 1.5 m₀, while hole effective masses range from 0.5 to 1.0 m₀.",2024-11-01,,matteroffact,Refuted,"[{""bias"": ""Time-saving bias"", ""confidence"": 0.4862}]",Supported,
2406.13900v1_4_T,"The hybridization gap in the Sr₂RuO₄ surface state disappears at temperatures around 80K due to coherent-incoherent crossover, despite the octahedral rotation angle remaining unchanged with temperature.",2024-06-01,,matteroffact,Supported,"[{""bias"": ""Outcome bias"", ""confidence"": 0.3943}]",Supported,
2405.09057v1_3_T,Response Matching is the first model to handle both molecules and bulk materials under the same framework.,2024-05-01,,matteroffact,Supported,"[{""bias"": ""curse of knowledge"", ""confidence"": 0.4868}]",Refuted,
2504.02054v1_0_T,"In desodiated NaMn₃O₇, the split-hole polaron configuration is 242 meV more stable than the localized 3NN polaron configuration",2025-04-01,,matteroffact,Supported,,Supported,
2502.18190v1_10_F,"Valley polarization in both 1T and 2H phase OsBr₂ bilayers follows the same symmetry rules, where polarization emerges only when time-reversal symmetry is broken, regardless of the crystal symmetry or stacking configuration.",2025-02-01,,matteroffact,Refuted,,Supported,
2503.13955v1_8_F,"For monolayer stanene with λH = -5λSO/2 and W = 33.45, the nonresonant Casimir-Polder force with frequency dispersion changes sign at a dimensionless separation D = 3.25, which differs significantly from the value D* = 2.56 predicted by the nondispersive approximation.",2025-03-01,,matteroffact,Refuted,"[{""bias"": ""Time-saving bias"", ""confidence"": 0.3389}]",Supported,
2501.15612v1_2_T,"The truncated velocity gauge approach accurately reproduces the optical absorption spectrum of laser-dressed trans-polyacetylene at drive field strengths up to 0.3 V/Å, while the standard velocity gauge approach shows increasing deviations at field strengths above 0.2 V/Å",2025-01-01,,matteroffact,Supported,,Supported,
2410.01040v1_4_T,"In extremely layered Bi₂Sr₂CaCu₂O₈₊δ with tilted columnar defects, vortices can form staircase configurations where only a fraction of pancake vortices align with the columnar defects while maintaining effective pinning.",2024-10-01,,matteroffact,Supported,"[{""bias"": ""Outcome bias"", ""confidence"": 0.6147}]",Supported,
2402.17557v3_9_F,"Li₍ₓ₎Sr₂Co₂O₅ has lower room temperature ionic conductivity than most perovskite-type, garnet-type, and sulfide Li-ion solid-state electrolytes.",2024-02-01,,matteroffact,Refuted,,Supported,
2402.15199v1_9_F,"At equilibrium after adsorption, the absolute magnitude of Coulomb forces experienced by adsorbed ions is greater than the absolute magnitude of van der Waals forces",2024-02-01,,matteroffact,Refuted,,Supported,
2401.11967v1_5_F,Extracting patches with random rotations and reflections from a small set of titanium alloy micrographs creates artifacts that prevent effective VAE training.,2024-01-01,,matteroffact,Refuted,"[{""bias"": ""Bias blind spot"", ""confidence"": 0.4707}]",Supported,
2503.11890v1_1_T,The biexciton binding energy of the dominant exciton state (X₁) in (F-PEA)₂PbI₄ is approximately 47.6 meV as measured by two-quantum (2Q) two-dimensional electronic spectroscopy at 7K.,2025-03-01,,matteroffact,Supported,"[{""bias"": ""Outcome bias"", ""confidence"": 0.4659}]",Supported,
2412.02600v1_0_T,"Ion exchange reactions between Li2ZrN2 and MgBr2 produce MgZrN2 in the α-NaFeO2 structure type (space group R-3m), preserving the layered structure of the precursor.",2024-12-01,,matteroffact,Supported,,Supported,
2310.05415v1_6_F,"Intergranular fracture in copper grain boundaries with a single titanium atom initiates at a separation distance of 1.6 Å, compared to 1.8 Å in pure copper grain boundaries.",2023-10-01,,matteroffact,Refuted,"[{""bias"": ""Time-saving bias"", ""confidence"": 0.7335}]",Supported,
2411.04481v1_12_F,"Ferrimagnetic semiconductors are disadvantageous for spintronics applications because their antiferromagnetic coupling cancels out all net magnetization, making them unsuitable for generating spin-polarized currents needed in spintronic devices.",2024-11-01,,matteroffact,Refuted,,Supported,
2408.03175v1_3_F,Increasing the surface diffusion coefficient of lithium increases the maximum growth rate of interface undulations and changes the slope of the growth rate curve at small wavenumbers.,2024-08-01,,matteroffact,Refuted,,Supported,
2311.12681v2_4_F,"The frequency noise level in a-SiC:H parallel plate capacitors scales with the capacitor plate area with a consistent exponent of -0.5 across all dielectric thicknesses (100 nm, 200 nm, and 400 nm).",2023-11-01,,matteroffact,Refuted,"[{""bias"": ""Time-saving bias"", ""confidence"": 0.3649}]",Supported,
2411.17368v2_8_T,The R-CPE transmission line model generalizes the classical finite-length Warburg impedance by introducing a variable dispersion coefficient α that can account for non-ideal diffusion processes in real electrochemical systems.,2024-11-01,,matteroffact,Supported,,Supported,
2408.07229v1_9_F,"The reorganization energy for the reduction of PMC monomer near lithium ions is approximately 1.5 eV, indicating a low electron transfer rate and low likelihood of decomposition.",2024-08-01,,matteroffact,Refuted,"[{""bias"": ""Outcome bias"", ""confidence"": 0.493}]",Supported,
2502.19140v1_1_T,"The lowest energy interfaces between different spinel variants in the δ-phase predominantly form along the (100) plane, with interfacial energies ranging from 0.35 to 0.45 J/m² for most variant combinations.",2025-02-01,,matteroffact,Supported,,Supported,
2411.07624v2_14_T,"The misfit compound (PbS)₁.₁₃(TaS₂) exhibits signatures of multigap superconductivity, as evidenced by the temperature dependence of the upper critical field, the specific heat jump at the transition, and the better fit of specific heat data with a two-gap model.",2024-11-01,,matteroffact,Supported,"[{""bias"": ""Bias blind spot"", ""confidence"": 0.7763}]",Supported,
2503.11087v1_1_T,"The field dependence of the in-plane anomalous Hall effect below the saturation field is monotonic in EuZn₂Sb₂, unlike the non-monotonic behavior with a pronounced peak observed in EuCd₂Sb₂.",2025-03-01,,matteroffact,Supported,,Supported,
2502.11628v1_4_F,Reliable determination of deformation type (K3) requires strain magnitudes larger than approximately 0.2 mm/m when the strain measurement noise level is around 0.1 mm/m.,2025-02-01,,matteroffact,Refuted,"[{""bias"": ""framing effect"", ""confidence"": 0.3025}]",Supported,
2501.04751v2_9_F,"CrSBr exhibits C-type antiferromagnetic ordering below approximately 140 K, with antiferromagnetic coupling within each layer and ferromagnetic coupling between layers, where the magnetic moments align along the c crystallographic axis.",2025-01-01,,matteroffact,Refuted,,Supported,
2409.06743v1_11_T,"Trilayer cellulosic paper separators with BaTiO₃ fillers offer superior thermal stability compared to conventional polyolefin separators, maintaining structural integrity at temperatures where polyethylene and polypropylene would melt.",2024-09-01,,matteroffact,Supported,"[{""bias"": ""curse of knowledge"", ""confidence"": 0.3439}]",Supported,
2406.12453v1_14_T,The stabilization of Ni⁴⁺ in Sr₃Ni₁.₇₅Al₀.₂₅O₇ through aluminum substitution demonstrates a strategy that could be beneficial for Li-Ni-based battery applications and for stabilizing other metastable phases.,2024-06-01,,matteroffact,Supported,"[{""bias"": ""Pro-Innovation Bias"", ""confidence"": 0.9363}]",Supported,
2504.02054v1_1_F,"In Na₁.₅Mn₃O₇, the split polaron configuration is approximately 242 meV more stable than the localized polaron configuration",2025-04-01,,matteroffact,Refuted,"[{""bias"": ""Outcome bias"", ""confidence"": 0.3625}]",Supported,
2404.13293v1_8_T,"Domain walls in GeTe thin films have a cubic structure with identical Ge-Te bond lengths on both sides, separating the film into top and bottom layers with electric dipoles pointing in opposite directions.",2024-04-01,,matteroffact,Supported,"[{""bias"": ""curse of knowledge"", ""confidence"": 0.3848}]",Supported,
2412.18712v1_3_T,Increasing the molecular mass of polymers decreases the high temperature limit of configurational entropy (S_c*) and increases the segmental fragility (m_s) by approximately a factor of 2 compared to its monomer value,2024-12-01,,matteroffact,Supported,"[{""bias"": ""Planning Fallacy"", ""confidence"": 0.3387}]",Supported,
2407.11586v1_2_T,"The energy splitting between electron bands γ1 and γ2 at the M point in 1uc-FeSe/6uc-NdFeO3/Nb:SrTiO3 heterostructures is 0 meV, indicating the absence of nematicity.",2024-07-01,,matteroffact,Supported,,Refuted,
2401.08834v1_12_T,"The copper-substituted lead oxyapatite maintains its hexagonal crystal structure with space group P6₃/m across the temperature range of 10-300 K, with no evidence of structural phase transitions or significant structural distortions.",2024-01-01,,matteroffact,Supported,,Supported,
2310.03638v1_1_T,The Pt/Co/Re multilayer system exhibits a higher DMI value than the prototype W/Co/Pt system.,2023-10-01,,matteroffact,Supported,,Supported,
2502.15531v1_10_F,"Neutral donor dopants in hexagonal-diamond silicon exhibit maximum dopant segregation energies of 120 meV for Sb and 100 meV for As and P in the cubic region (Region II) of I3-type basal stacking faults, while nitrogen shows a maximum energy peak of 30 meV between Regions I and II.",2025-02-01,,matteroffact,Refuted,"[{""bias"": ""subadditivity effect"", ""confidence"": 0.4738}]",Supported,
2409.09176v1_8_T,"Negative charge transfer compounds like perovskite nickelates and alkaline earth ferrates exhibit antiferromagnetic ordering, with nickelates showing a (1/4,1/4,1/4) ordering vector and ferrates displaying incommensurate helical magnetic structures along the pseudocubic (111) direction.",2024-09-01,,matteroffact,Supported,"[{""bias"": ""subadditivity effect"", ""confidence"": 0.5689}]",Supported,
2310.03638v1_3_T,The DMI in Pt₅/Co₅/Re(nm) thin films varies gradually from 3 to 4 mJ/m² as rhenium thickness increases from 1 to 4 atomic layers.,2023-10-01,,matteroffact,Supported,"[{""bias"": ""Time-saving bias"", ""confidence"": 0.9059}]",Supported,
2407.20599v1_3_F,"Film-substrate systems must be modeled as series circuits, where the total linear response coefficient is determined by the sum of the resistances of individual layers.",2024-07-01,,matteroffact,Refuted,"[{""bias"": ""clustering illusion"", ""confidence"": 0.4659}]",Supported,
2403.07526v2_8_T,"The Physics-Transfer framework effectively addresses the accuracy-performance dilemma in materials science by transferring physics from low-fidelity force field models to high-fidelity first-principles methods, enabling accurate predictions of non-equilibrium properties like material strength.",2024-03-01,,matteroffact,Supported,"[{""bias"": ""curse of knowledge"", ""confidence"": 0.5617}]",Supported,
2401.06319v2_11_T,"In Ag nanowires, the 4d bands contribute to the electron density of states in the energy range from -2.75 to -6.5 eV below the Fermi level when c/c₀=1.0.",2024-01-01,,matteroffact,Supported,"[{""bias"": ""Time-saving bias"", ""confidence"": 0.4019}]",Supported,
2411.08980v1_1_T,"In 2H-NbS₂, the tricritical point temperature T* of orbital FFLO state shifts from 0.89T_{c0} to 0.87T_{c0} with decreasing flake thickness from 19 nm to 9 nm.",2024-11-01,,matteroffact,Supported,"[{""bias"": ""Time-saving bias"", ""confidence"": 0.7568}]",Supported,
2403.11924v1_3_F,Greater structural disorder in amorphous Boron Nitride samples correlates with lower dielectric constant values.,2024-03-01,,matteroffact,Refuted,,Supported,
2405.04995v1_6_F,The elastic moduli of crystalline grains in nanocrystalline metals are approximately 50% larger than the elastic moduli of grain boundaries.,2024-05-01,,matteroffact,Refuted,,Refuted,
2502.19140v1_3_F,"Manganese has a lower anti-site defect energy (approximately 1.5 eV) than titanium (approximately 3.0 eV) in the spinel structure, indicating a weaker thermodynamic driving force for manganese to occupy 16d sites.",2025-02-01,,matteroffact,Refuted,"[{""bias"": ""Time-saving bias"", ""confidence"": 0.3925}]",Supported,
2311.12681v2_2_F,The TLS-induced resonance frequency shift in a-SiC:H parallel plate capacitors is constant regardless of dielectric thickness.,2023-11-01,,matteroffact,Refuted,,Refuted,
2408.10146v2_9_F,"The high electron mobility in La:BaSnO₃ primarily originates from the localized Sn 4d orbitals in the conduction band, which results in strong electron-electron interactions",2024-08-01,,matteroffact,Refuted,,,Failed to get valid prediction
2502.08872v1_12_T,"Despite the tetragonal crystal structure of RuO2 with a c/a ratio of approximately 0.6, its electronic properties are relatively isotropic, as evidenced by the plasma frequency ratio ωz/ωx of approximately 0.94 in the nonmagnetic state.",2025-02-01,,matteroffact,Supported,,Supported,
2405.09345v1_9_F,Antiferroelectric ZrO2 thin films exhibit inferior performance in both energy storage density and efficiency compared to ferroelectric and linear dielectric materials,2024-05-01,,matteroffact,Refuted,,Supported,
2410.11597v1_8_F,Polarization imaging is equally effective for both carbon fiber reinforced polymers and glass fiber reinforced polymers.,2024-10-01,,matteroffact,Refuted,,Supported,
2412.00421v1_6_T,"Modifying the magnetocrystalline anisotropy energy in diluted adatom lattices can transform the type and orientation of topological magnetic textures, enabling the formation of in-plane or out-of-plane skyrmions and antiskyrmions.",2024-12-01,,matteroffact,Supported,"[{""bias"": ""curse of knowledge"", ""confidence"": 0.3805}]",Supported,
2411.03664v1_14_T,"In chiral charge density wave materials, the sign of the Hall conductivity reverses when the input current direction is reversed, a behavior not observed in conventional Hall effects.",2024-11-01,,matteroffact,Supported,"[{""bias"": ""curse of knowledge"", ""confidence"": 0.3147}]",Supported,
2311.13599v1_13_F,The radiative component of heat transfer through thermal barrier coatings remains negligible compared to the conductive component regardless of increasing combustion temperatures in gas turbines.,2023-11-01,,matteroffact,Refuted,"[{""bias"": ""Pro-Innovation Bias"", ""confidence"": 0.3941}]",Refuted,
2407.11586v1_5_F,The elliptical Fermi pocket at the M point in 1uc-FeSe/6uc-NdFeO3/Nb:SrTiO3 heterostructures has a semi-minor axis of 0.120 Å⁻¹ and a semi-major axis of 0.210 Å⁻¹.,2024-07-01,,matteroffact,Refuted,"[{""bias"": ""Time-saving bias"", ""confidence"": 0.4826}]",Supported,
2412.10896v3_7_T,"The SPMe model can fit simulated impedance data with high accuracy across all states-of-charge, but struggles to fit measured impedance data from commercial batteries at extreme states-of-charge and at low frequencies.",2024-12-01,,matteroffact,Supported,"[{""bias"": ""Bias blind spot"", ""confidence"": 0.875}]",Supported,
2311.07943v2_14_T,"Superconductivity in air-annealed CaFeAsF persists after subsequent vacuum annealing, with similar transition temperature and diamagnetic signal strength.",2023-11-01,,matteroffact,Supported,"[{""bias"": ""Pro-Innovation Bias"", ""confidence"": 0.3294}]",Supported,
2409.06071v2_4_F,Initializing the embedding matrix randomly and allowing it to be learned during training reduces validation errors by approximately 3 meV/atom compared to using a fixed chemically-informed embedding matrix.,2024-09-01,,matteroffact,Refuted,"[{""bias"": ""Omission bias"", ""confidence"": 0.3469}]",Supported,
2502.17275v1_7_T,"The reaction rate constant has minimal impact in the negative electrode but plays a significant role in the positive electrode of lithium-ion batteries, indicating different limiting mechanisms in each electrode",2025-02-01,,matteroffact,Supported,"[{""bias"": ""Whole only effect"", ""confidence"": 0.3977}]",Supported,
2403.04470v2_15_T,"Electron mobility in the sample material is a critical factor determining the efficiency of cation evaporation, with the polarity dependence in silica samples arising from limited electron mobility in insulating materials",2024-03-01,,matteroffact,Supported,,Supported,
2503.12245v1_14_F,"The negative temperature coefficient of resistivity in V-Ti alloys is expected because V and Ti atoms have significantly different atomic radii, leading to large lattice distortions and enhanced electron scattering.",2025-03-01,,matteroffact,Refuted,,Supported,
2401.04713v1_11_T,"The perpendicular magnetic anisotropy observed in TbMn₆Sn₆ thin films is unusual compared to other kagome magnet thin films, which typically exhibit easy-plane anisotropy due to magnetic shape anisotropy.",2024-01-01,,matteroffact,Supported,,Supported,
2311.14529v1_3_F,"Precipitates at melt pool boundaries in additively manufactured Al-Mn-Cr-Zr alloys contain only Mn in the as-printed condition, with Cr diffusing into them during heat treatment.",2023-11-01,,matteroffact,Refuted,"[{""bias"": ""Bias blind spot"", ""confidence"": 0.4427}]",Supported,
2405.02186v1_4_T,"The influence of the interface on the electronic structure of infinite-layer nickelate thin films is localized to within 2-3 unit cells from the interface, suggesting that interface effects are not the primary driver of superconductivity in these materials.",2024-05-01,,matteroffact,Supported,,Supported,
2311.15472v1_3_T,"Titanium and aluminum atoms in γ-TiAl follow distinctly different launch trajectories during field evaporation, with titanium atoms initially ascending vertically while aluminum atoms depart at an angle of approximately 45 degrees.",2023-11-01,,matteroffact,Supported,,Supported,
2406.08682v2_13_T,The driving force for crack initiation in polycrystalline materials is primarily associated with slip activity on very few dominant slip systems rather than equal contributions from all possible slip systems,2024-06-01,,matteroffact,Supported,"[{""bias"": ""Bias blind spot"", ""confidence"": 0.3318}]",Supported,
2408.06641v2_11_T,"Doping Cr3Si with Ge, Ga, or Al does not transform the material from brittle to ductile, as indicated by B/G ratios and Poisson ratios that remain below the ductility thresholds.",2024-08-01,,matteroffact,Supported,"[{""bias"": ""Bias blind spot"", ""confidence"": 0.3471}]",Supported,
2404.13959v1_4_F,"The relative position of the Dirac point within the bulk gap for surface states in the x-y plane is 0.71 for Bi₂Se₃, 0.64 for Bi₂Te₃, and 0.18 for Sb₂Te₃ when using the fitted parameter sets.",2024-04-01,,matteroffact,Refuted,"[{""bias"": ""subadditivity effect"", ""confidence"": 0.3539}]",Supported,
2411.07624v2_0_T,"The misfit compound (PbS)₁.₁₃(TaS₂) exhibits a superconducting transition at 3.14 K, which is significantly higher than the transition temperature of bulk 2H-TaS₂ (0.8 K).",2024-11-01,,matteroffact,Supported,,Supported,
2402.08326v2_6_T,"The shear modulus of fullerene C60 calculated using different methods (analytical model, DFT, and Tersoff potential) falls within the range of 97-138 GPa, which is lower than that of diamond but higher than that of aluminum (26 GPa).",2024-02-01,,matteroffact,Supported,,Supported,
2503.22477v2_7_F,"LaRu₃(Si₁₋ₓGeₓ)₂ exhibits weak paramagnetism below the superconducting transition temperature, with magnetic susceptibility increasing gradually around 6-7 K.",2025-03-01,,matteroffact,Refuted,,,Failed to get valid prediction
2403.04637v2_7_F,Increasing the thickness of the active layer in amorphous silicon thin film solar cells primarily improves the short wavelength response while having minimal effect on long wavelength absorption,2024-03-01,,matteroffact,Refuted,"[{""bias"": ""Whole only effect"", ""confidence"": 0.4483}]",Supported,
2504.00771v1_8_F,"The first-principles calculations used a kinetic energy cutoff of 400 eV for plane-wave basis sets, with force and energy convergence thresholds of 0.05 eV/Å and 10^-5 eV, respectively.",2025-04-01,,matteroffact,Refuted,,Supported,
2401.15420v1_4_F,"In the HC||NVP/C full cell sodium-ion battery, the diffusive contribution to the total current increases from 30% to 70% for anodic peaks and from 40% to 80% for cathodic peaks as the scan rate increases from 0.05 mV/s to 1 mV/s.",2024-01-01,,matteroffact,Refuted,"[{""bias"": ""Time-saving bias"", ""confidence"": 0.8407}]",Supported,
2403.18743v1_2_T,Silicon carbide metasurfaces supporting quasi-bound states in the continuum achieve approximately twice the maximum field enhancement at resonance compared to dielectric metasurfaces.,2024-03-01,,matteroffact,Supported,,Supported,
2407.09880v1_14_F,The FeSe/SrVO₃ interface is unsuitable for studying interfacial superconductivity due to its complex surface reconstruction and the presence of an intermediate layer between FeSe and SrVO₃.,2024-07-01,,matteroffact,Refuted,"[{""bias"": ""Whole only effect"", ""confidence"": 0.4667}]",Supported,
2501.15424v1_14_F,"The two-dimensional nodal surface in Fe₃Ge provides fewer band crossings near the Fermi level compared to Weyl points or nodal lines, resulting in weaker Berry curvature contributions.",2025-01-01,,matteroffact,Refuted,"[{""bias"": ""Bias blind spot"", ""confidence"": 0.4974}]",Supported,
2412.18878v1_6_F,"In EG-modified PEDOT films, the P1 and P2 polaron states have energy values of 1.04 eV and 1.65 eV, respectively",2024-12-01,,matteroffact,Refuted,"[{""bias"": ""subadditivity effect"", ""confidence"": 0.5871}]",Supported,
2404.11300v1_7_F,"The decrease in characteristic temperature T* with increasing La content in Sr₂₋ᵧLaᵧRuO₄ indicates an enhancement in the coherence formation temperature of correlated carriers, contradicting non-Fermi liquid behavior near y=0.2",2024-04-01,,matteroffact,Refuted,,Supported,
2502.19772v1_17_F,A machine learning force field trained solely on bulk halide perovskite structures can accurately predict atomic dynamics at their surfaces without additional surface-specific training.,2025-02-01,,matteroffact,Refuted,"[{""bias"": ""Bias blind spot"", ""confidence"": 0.6742}]",Refuted,
2503.13725v1_12_F,"Nanowire density has no significant impact on shadow junction formation in criss-crossing InAs nanowires, as junctions form equally well at any density from 0.05 to 1.0 µm⁻².",2025-03-01,,matteroffact,Refuted,"[{""bias"": ""Distinction bias"", ""confidence"": 0.4221}, {""bias"": ""Time-saving bias"", ""confidence"": 0.3683}]",Refuted,
2404.17584v1_8_T,Combining tensor basis operations with equivariant convolutions creates neural networks that inherently preserve material symmetry and equivariance principles for anisotropic materials.,2024-04-01,,matteroffact,Supported,,Supported,
2412.02600v1_2_F,"The R-3m polymorph of MgZrN2 exhibits an optical absorption onset of 2.5 eV, matching the calculated optical bandgap of the I41/amd structure.",2024-12-01,,matteroffact,Refuted,,Supported,
2403.07526v2_16_T,"The accuracy of Physics-Transfer learning is constrained by the fidelity of digital libraries, with MLFFs offering more accurate physics than EAM or MEAM despite their higher computational cost and incomplete database coverage for all metal alloys.",2024-03-01,,matteroffact,Supported,"[{""bias"": ""Bias blind spot"", ""confidence"": 0.7672}]",Supported,
2405.11460v1_10_T,The characteristic relaxation time (τ₀) for dielectric relaxation in Na₃₊ₓZr₂₋ₓPrₓSi₂PO₁₂ (x = 0.05-0.2) ceramics varies in the range of 1.2-4.3 × 10⁻¹³ seconds.,2024-05-01,,matteroffact,Supported,,Supported,
2504.04297v1_7_F,"SrPb₂Al₂ has an electron-phonon coupling constant (λ) of 0.85, which contributes to its predicted superconducting behavior.",2025-04-01,,matteroffact,Refuted,,Supported,
2404.02416v2_7_T,"After the β-PdHx phase forms a boundary across the palladium nanocube, this phase boundary propagates along one of the <100> crystallographic directions to complete the hydrogen absorption process.",2024-04-01,,matteroffact,Supported,,Supported,
2411.11673v2_8_F,The magneto-optical Kerr rotation in MnTe at 40K and 6 Tesla magnetic field reaches approximately +1.5 degrees at energies below 2.3 eV and approximately -2.0 degrees in the negative rotation region between 2.3 and 3.9 eV.,2024-11-01,,matteroffact,Refuted,"[{""bias"": ""Time-saving bias"", ""confidence"": 0.6844}]",Supported,
2409.09176v1_6_F,"The charge transfer energy for NiO (Ni2+) ranges from 0.5 to 2.0 eV across different experimental studies, with an average value of approximately 1.5 eV, while for NdNiO3 (Ni3+) it is approximately 3.5 eV, demonstrating the significant increase in charge transfer energy with increasing oxidation state.",2024-09-01,,matteroffact,Refuted,"[{""bias"": ""Time-saving bias"", ""confidence"": 0.3682}]",Supported,
2401.06090v1_13_T,"Li₃InCl₆ crystallizes in a monoclinic structure with C2/m symmetry, featuring Li-rich layers separated by In-rich layers.",2024-01-01,,matteroffact,Supported,,Supported,
2311.12681v2_12_F,"The frequency noise level of a-SiC:H parallel plate capacitor resonators at their maximum internal power is approximately 10 dB lower than that of optical-to-near-IR energy-resolving KIDs based on interdigitated capacitors, and comparable to ultra-sensitive far-infrared KIDs based on wide planar structures.",2023-11-01,,matteroffact,Refuted,,Supported,
2501.04124v1_10_T,Including spin torque in calculations of the Cr₃ molecule changes the total energy by approximately 0.05 eV compared to calculations that enforce zero local spin torque.,2025-01-01,,matteroffact,Supported,,Supported,
2412.13456v1_9_T,"The spin-triplet Frenkel excitons in Nb₃Cl₈ form a 120° spin configuration on a triangular lattice due to antiferromagnetic exchange interactions, consistent with experimental measurements of negative Weiss temperatures.",2024-12-01,,matteroffact,Supported,,Supported,
2412.14582v1_8_F,"Ta₂NiSe₅ monolayer undergoes significant structural reconstruction compared to its bulk counterpart, with major changes in lattice parameters and atomic positions.",2024-12-01,,matteroffact,Refuted,,Supported,
2402.07147v1_7_T,"Ordered structures in titanium-oxygen alloys are more stable than disordered solid solutions, with no intermediate compound found below the convex hull linking pure titanium and Ti₆O.",2024-02-01,,matteroffact,Supported,,Supported,
2503.14972v1_2_T,The La₁.₅Mg₀.₅Ni₅.₅Co₁.₅ alloy exhibits the highest maximum discharge capacity of 307 mAh/g among the studied La₁.₅₋ₓGdₓMg₀.₅Ni₇ and La₁.₅Mg₀.₅Ni₇₋ᵧCoᵧ compositions.,2025-03-01,,matteroffact,Supported,"[{""bias"": ""subadditivity effect"", ""confidence"": 0.3418}]",Supported,
2406.17511v1_13_T,Superconductivity in heavily boron-doped silicon-on-insulator layers is observed only in monocrystalline layers and is completely suppressed in both polycrystalline and amorphous phases,2024-06-01,,matteroffact,Supported,,Supported,
2405.03680v2_5_T,"Nb2B, a novel superconductor discovered using AtomGPT, has a predicted superconducting transition temperature of 4.76 K, a formation energy of -0.13 eV/atom, and an energy above the convex hull of 0.3 eV.",2024-05-01,,matteroffact,Supported,,Supported,
2405.18150v1_5_F,"First-principles calculations with a Hubbard interaction parameter of 8.5 eV predict a band gap of 1.4 eV in titanium nitride, which closely matches the experimentally measured value of 1.97 eV.",2024-05-01,,matteroffact,Refuted,,Refuted,
2403.04637v2_2_F,The optimal thickness of the active layer in amorphous silicon thin film solar cells is independent of the defect density of the material,2024-03-01,,matteroffact,Refuted,,Refuted,
2405.09345v1_13_F,"The electrical properties of fluorite-structured thin films are solely determined by their chemical composition, regardless of the deposition technique or parameters used",2024-05-01,,matteroffact,Refuted,,Refuted,
2410.11597v1_6_F,Polarization imaging offers no significant advantages over computed tomography for carbon fiber sheet molding compound analysis in industrial settings.,2024-10-01,,matteroffact,Refuted,,Refuted,
2401.08834v1_7_T,"Magnetic measurements of copper-substituted lead oxyapatite reveal a small coercive field of approximately 400 Oe at 2 K, indicating a very weak ferromagnetic component alongside the dominant diamagnetic behavior.",2024-01-01,,matteroffact,Supported,,Supported,
2504.05858v1_3_F,The dielectric loss spectra of Na₃Zr₂₋ₓTiₓSi₂PO₁₂ materials exhibit a single relaxation peak indicating one uniform relaxation mechanism across all temperature ranges.,2025-04-01,,matteroffact,Refuted,,Supported,
2404.19084v2_3_F,"Centrifugal disk finishing removes approximately 50 μm of material from the surface of additively manufactured Inconel 718, partially preserving the surface {111} fiber texture while altering the bulk cube texture.",2024-04-01,,matteroffact,Refuted,,Supported,
2411.16649v1_1_F,All five elastic constants of Ti₂AlC show uniform softening patterns with increasing temperature across all pressure profiles studied.,2024-11-01,,matteroffact,Refuted,,Supported,
2311.14529v1_1_T,Precipitates at melt pool boundaries in additively manufactured Al-Mn-Cr-Zr alloys remain thermally stable during heat treatment at 375°C.,2023-11-01,,matteroffact,Supported,"[{""bias"": ""curse of knowledge"", ""confidence"": 0.489}]",Supported,
2503.13734v1_1_F,"Medium-entropy alloys and high-entropy alloys demonstrate poor low-temperature ductility with fracture elongation of approximately 20%, which is lower than that of steels (approximately 40%)",2025-03-01,,matteroffact,Refuted,,Supported,
2504.02054v1_15_F,The stabilization of split-hole polarons in Na₂Mn₃O₇ is primarily due to strong electron-phonon coupling and is independent of the material's vacancy structure or layered topology,2025-04-01,,matteroffact,Refuted,,Refuted,
2405.07614v1_11_T,"Based on combined voltage, stability, and mobility criteria, TiOF2-NaTiOF2, VOF2-NaVOF2, CrOF2, and NaMnOF2 are identified as promising transition metal oxyfluoride perovskite compositions for experimental exploration as NIB electrodes, particularly in strained configurations or thin film batteries.",2024-05-01,,matteroffact,Supported,"[{""bias"": ""Pro-Innovation Bias"", ""confidence"": 0.4291}]",Supported,
2501.10954v5_1_F,"Li2CO3, a primary discharge product in Li-CO2 batteries, has a static electrical conductivity of approximately 1.8 × 10^5 S/m at 300K, making it a good electrical conductor.",2025-01-01,,matteroffact,Refuted,,Refuted,
2408.00042v3_0_F,"In non-magnetic centrosymmetric materials, crystal symmetries can enforce all bands to have trivial topological properties regardless of the strength of spin-orbit coupling.",2024-08-01,,matteroffact,Refuted,,Supported,
2401.17024v2_0_F,High-throughput screening of X₂MH₆ compounds identified 35 dynamically stable materials with strong electron-phonon coupling at ambient pressure.,2024-01-01,,matteroffact,Refuted,"[{""bias"": ""clustering illusion"", ""confidence"": 0.4539}]",Supported,
2501.16965v1_15_F,"Monolayer MoS₂ and TiSe₂ are intrinsically strong superconductors with critical temperatures above 20K, requiring no external tuning or modification to exhibit superconductivity.",2025-01-01,,matteroffact,Refuted,,Refuted,
2411.00305v2_12_T,"Vacancy emission from jogs on edge dislocations in FCC metals can occur at room temperature under applied stress, suggesting that dislocation-vacancy interactions may play a more significant role in room-temperature plasticity than previously thought.",2024-11-01,,matteroffact,Supported,"[{""bias"": ""Pro-Innovation Bias"", ""confidence"": 0.3223}]",Supported,
2407.04788v1_9_T,"The optimal number of lithium atoms that can be adsorbed on one side of TPDH-graphene is three, which provides the most energetically favorable configuration with an adsorption energy of approximately -1.0 eV",2024-07-01,,matteroffact,Supported,"[{""bias"": ""Time-saving bias"", ""confidence"": 0.4339}]",Supported,
2502.14798v1_4_F,"All AGeX₃ (A = Ca, Sr, Ba; X = S, Se) chalcogenide perovskites exhibit positive formation energies ranging from 0.5 to 1.0 eV/atom, with CaGeS₃ having the highest value.",2025-02-01,,matteroffact,Refuted,"[{""bias"": ""subadditivity effect"", ""confidence"": 0.4603}]",Refuted,
2408.00042v3_6_F,"In space group 135 (P4₂/mbc), the time-reversal invariant momenta R₁(π,0,π), R₂(0,π,π), X₁(π,0,0), and X₂(0,π,0) have twofold degeneracies with δ = 1, while the M(π,π,0) point has eightfold degeneracy with δ = -1.",2024-08-01,,matteroffact,Refuted,,Supported,
2310.04841v1_3_F,"In the ground state structure of a metal vacancy in titanium carbide, the carbon-carbon bonds have lengths of approximately 130-135 pm.",2023-10-01,,matteroffact,Refuted,"[{""bias"": ""curse of knowledge"", ""confidence"": 0.3026}]",Supported,
2411.03664v1_14_F,"In chiral charge density wave materials, the Hall conductivity maintains the same sign and magnitude regardless of the input current direction, just as in conventional Hall effects.",2024-11-01,,matteroffact,Refuted,,Refuted,
2310.14013v1_2_F,The arithmetic mean height (Sa) of powder layer surface roughness decreases exponentially with the Bond number up to values of Bo = 217.9.,2023-10-01,,matteroffact,Refuted,,Supported,
2411.17368v2_1_T,The voltage response of a finite-length R-CPE transmission line under galvanostatic charging can be expressed as an infinite series of Mittag-Leffler functions.,2024-11-01,,matteroffact,Supported,,Supported,
2501.04124v1_6_T,The SCDFT-BR89-CS functional maintains U(1)×SU(2) gauge invariance by substituting the exchange-hole curvature rather than the kinetic energy and by performing integration by parts to avoid the presence of the Laplacian of the density.,2025-01-01,,matteroffact,Supported,"[{""bias"": ""Bias blind spot"", ""confidence"": 0.412}]",Supported,
2404.19084v2_8_T,Centrifugal disk finishing of additively manufactured Inconel 718 creates a moderate case-hardening effect near the surface that can be beneficial for high-cycle fatigue applications.,2024-04-01,,matteroffact,Supported,"[{""bias"": ""Pro-Innovation Bias"", ""confidence"": 0.6442}]",Supported,
2408.15684v1_6_F,Inserting graphene at the Mo foil/CZTSSe interface increases the recombination resistance of the solar cell from 3.53 kΩ to 5.25 kΩ,2024-08-01,,matteroffact,Refuted,"[{""bias"": ""Time-saving bias"", ""confidence"": 0.9663}]",Supported,
2411.11618v1_11_F,"MoS2 flakes with ZZ-S edges exhibit constructive interference patterns, enhancing effective electron transport between layers.",2024-11-01,,matteroffact,Refuted,,Supported,
2501.15424v1_10_F,The Berry curvature in Fe₃Ge is primarily generated away from the nodal surface and has minimal contribution from the intersections of the nodal surface and the Fermi surface.,2025-01-01,,matteroffact,Refuted,,Supported,
2311.07316v2_10_F,Wannier's model and Luo's model of La₃Ni₂O₇ predict the same pairing symmetry despite having different values of Ni-e_g crystal field splitting,2023-11-01,,matteroffact,Refuted,"[{""bias"": ""Bias blind spot"", ""confidence"": 0.5181}]",Supported,
2403.06305v1_2_F,The lattice mismatch between scandium trifluoride (ScF₃) and lithium fluoride (LiF) at room temperature is 2.5%.,2024-03-01,,matteroffact,Refuted,,Supported,
2409.01439v2_14_T,"The test case of a triangular prismatic dislocation loop has an edge length of 12.61 μm, equivalent to 50,000 times the Burgers vector magnitude of 0.2522 nm.",2024-09-01,,matteroffact,Supported,"[{""bias"": ""Time-saving bias"", ""confidence"": 0.7195}]",Supported,
2504.04297v1_5_T,"LaRu₂As₂ has an experimental superconducting transition temperature of 7.8 K and a calculated value of 7.25 K, demonstrating the accuracy of ab initio calculations for this compound.",2025-04-01,,matteroffact,Supported,,Supported,
2502.14798v1_2_T,"BaGeSe₃ exhibits the highest electron polaron mobility among AGeX₃ (A = Ca, Sr, Ba; X = S, Se) chalcogenide perovskites, reaching 167.65 cm²V⁻¹s⁻¹, while BaGeS₃ shows the lowest at 1.67 cm²V⁻¹s⁻¹.",2025-02-01,,matteroffact,Supported,"[{""bias"": ""Time-saving bias"", ""confidence"": 0.3904}]",Refuted,
2409.18210v1_14_F,The low thermal boundary resistance between oxide and metal layers in RRAM devices allows the observable temperature at the top electrode to accurately reflect the actual filament temperature,2024-09-01,,matteroffact,Refuted,"[{""bias"": ""clustering illusion"", ""confidence"": 0.465}]",Supported,
2408.06641v2_11_F,"Doping Cr3Si with Ge, Ga, or Al transforms the material from brittle to ductile, as indicated by B/G ratios and Poisson ratios that exceed the ductility thresholds.",2024-08-01,,matteroffact,Refuted,"[{""bias"": ""Bias blind spot"", ""confidence"": 0.3886}]",Supported,
2409.07058v3_9_T,"The total spin magnetic moments calculated for hexa-Fe₃C, hexa-Co₃C, ortho-Fe₃C, and ortho-Co₃C are 6.04, 2.95, 5.56, and 3.16 μB per formula unit respectively, with Fe-based compounds having approximately twice the magnetic moment of their Co-based counterparts.",2024-09-01,,matteroffact,Supported,"[{""bias"": ""subadditivity effect"", ""confidence"": 0.7659}]",Supported,
2412.00421v1_2_T,The magnetocrystalline anisotropy energy in diluted adatom lattices on Nb(110) varies in both magnitude and preferred spin orientation depending on the lattice configuration and adatom type.,2024-12-01,,matteroffact,Supported,,Supported,
2501.07321v1_8_T,"The Local Structural Index (LSI) effectively quantifies the degree of order in the local environment around Li+ ions in electrolytes, with high LSI values indicating more ordered environments and low LSI values indicating more disordered environments",2025-01-01,,matteroffact,Supported,,Supported,
2504.02054v1_7_T,The calculated diffusion coefficient of oxygen hole polarons in NaMn₃O₇ at room temperature is 3.59 × 10⁻²⁵ cm²/s,2025-04-01,,matteroffact,Supported,"[{""bias"": ""Planning Fallacy"", ""confidence"": 0.3973}]",Supported,
2411.04179v1_6_F,"The Fermi surface of (Cr,Bi)₂Te₃ consists of two Weyl points along with additional conventional electronic states at the Fermi level.",2024-11-01,,matteroffact,Refuted,"[{""bias"": ""clustering illusion"", ""confidence"": 0.4812}]",Supported,
2311.01879v1_6_F,Oxide particles in FeCrAl ODS steels have no effect on irradiation resistance and do not interact with radiation-induced defects.,2023-11-01,,matteroffact,Refuted,,Refuted,
2412.11305v1_6_T,"Thermal attenuation in elastic helium atom scattering occurs due to random fluctuations in the surface electron density driven by thermally excited phonons, which reduce the coherence of reflected helium-atom wave functions.",2024-12-01,,matteroffact,Supported,,Supported,
2407.10282v1_4_T,The acoustic intensity threshold for cavitation in laser-generated Al6061 melt pools is approximately 10 W/cm² which is significantly lower than the established 100 W/cm² threshold for light metal alloys in casting processes.,2024-07-01,,matteroffact,Supported,,Refuted,
2410.05384v2_11_T,Increasing the electron-phonon coupling range parameter q0 from 0.05|K| to 20|K| enlarges the area of the trivial gapped Bose-Einstein condensate phase while reducing the area of the topological superconductor phase in the phase diagram.,2024-10-01,,matteroffact,Supported,"[{""bias"": ""Time-saving bias"", ""confidence"": 0.5441}]",Supported,
2401.16271v1_13_F,"Macroscopic anisotropy in polycrystalline materials results solely from the shapes and sizes of grains, independent of their crystallographic orientations.",2024-01-01,,matteroffact,Refuted,"[{""bias"": ""clustering illusion"", ""confidence"": 0.3789}]",Refuted,
2411.16279v1_10_T,"In silver chalcohalide antiperovskites, the top of the valence band is dominated by hybridized silver d and chalcohalide p orbitals, while the bottom of the conduction band is dominated by more delocalized silver and chalcogen s orbitals.",2024-11-01,,matteroffact,Supported,,Supported,
2411.16583v1_3_T,"In irregular-shaped 3D particles, the complex shape promotes heterogeneous stress distribution that determines the position and shape of cracks during ion intercalation.",2024-11-01,,matteroffact,Supported,"[{""bias"": ""curse of knowledge"", ""confidence"": 0.3153}, {""bias"": ""clustering illusion"", ""confidence"": 0.3126}]",Supported,
2502.03126v1_16_T,"The SNAP potential for Niobium predicts a shear modulus of 29 GPa, which exactly matches the DFT value and is close to the experimental value of 30 GPa.",2025-02-01,,matteroffact,Supported,,Supported,
2406.08682v2_13_F,The driving force for crack initiation in polycrystalline materials requires equal contributions from all twelve possible slip systems in aluminum to be accurately predicted,2024-06-01,,matteroffact,Refuted,"[{""bias"": ""curse of knowledge"", ""confidence"": 0.3196}]",Refuted,
2501.04124v1_2_F,"The SCDFT-BR89-CS functional depends only on the scalar spin density and scalar kinetic-energy density, without requiring the paramagnetic spin-current density components.",2025-01-01,,matteroffact,Refuted,,Supported,
2404.16031v1_4_F,The banding instability in rapidly solidified Mg alloy originates primarily from thermal fluctuations at the solid-liquid interface that cause periodic changes in growth rate,2024-04-01,,matteroffact,Refuted,,Supported,
2503.04492v1_9_T,"Strongly correlated features in a predictive model can lead to misinterpretation and overestimation of feature importance in XML analysis, as demonstrated by features with high correlation exhibiting opposite SHAP value signs despite their strong positive correlation.",2025-03-01,,matteroffact,Supported,"[{""bias"": ""Bias blind spot"", ""confidence"": 0.9179}]",Supported,
2311.13599v1_16_T,"At a gas temperature of 2500 K, the blackbody spectral emissive power peaks in the wavelength range where current thermal barrier coatings like gadolinium zirconate exhibit little or no absorption (0.5-6.5 μm).",2023-11-01,,matteroffact,Supported,,Supported,
2502.03361v2_2_T,"While excitons in WSe2 flakes of approximately 55 nanometers thickness do not couple to transversal magnetic (TM) waveguide modes, this coupling does occur in thicker flakes exceeding 70 nanometers.",2025-02-01,,matteroffact,Supported,,Supported,
2503.16705v1_3_F,"The Kohn anomaly can only be derived by including explicit electron-electron correlation terms in the Kohn-Sham equations, not through perturbation with conduction electron density.",2025-03-01,,matteroffact,Refuted,"[{""bias"": ""Bias blind spot"", ""confidence"": 0.7411}]",Refuted,
2412.10896v3_13_F,"In the Chen2020 parameter set for the LG M50 cell, the charge transfer timescales are 4657 seconds for the positive electrode and 27592 seconds for the negative electrode, corresponding to the frequency range of 1 Hz to 1 kHz.",2024-12-01,,matteroffact,Refuted,"[{""bias"": ""Time-saving bias"", ""confidence"": 0.8343}]",Supported,
2405.02186v1_12_T,"The Ni/Pr ratio in superconducting infinite-layer nickelate thin films is slightly larger than 1 near both top and bottom interfaces, indicating preferential distribution of Sr dopant in these regions.",2024-05-01,,matteroffact,Supported,,Supported,
2410.20744v1_10_F,"The electron-phonon coupling in WSeH and WSH is uniformly distributed across all phonon modes and wavevectors, with no significant dependence on phonon frequency or specific points in the Brillouin zone.",2024-10-01,,matteroffact,Refuted,,Refuted,
2311.03271v1_11_T,Automated twin tracking tools offer advantages over standard planar defect identification methods by detecting deformation twins with out-of-plane shapes and validating findings through orientation analysis,2023-11-01,,matteroffact,Supported,"[{""bias"": ""Bias blind spot"", ""confidence"": 0.4414}, {""bias"": ""clustering illusion"", ""confidence"": 0.3182}]",Supported,
2408.08791v2_0_F,The Dissipative Split-Charge Equilibration (D-SQE) model can only reproduce static dielectric properties of materials and cannot account for frequency-dependent responses.,2024-08-01,,matteroffact,Refuted,"[{""bias"": ""Bias blind spot"", ""confidence"": 0.6071}]",Refuted,
2404.05398v1_7_T,The linear thermal expansion coefficient of HfN is 8 × 10^-6 per Kelvin.,2024-04-01,,matteroffact,Supported,"[{""bias"": ""Planning Fallacy"", ""confidence"": 0.4664}]",Supported,
2408.08791v2_2_F,"In the Dissipative Split-Charge Equilibration model simulation of a resistor-capacitor circuit, the charge relaxation time is 300 time units, which differs significantly from the correlation time of 200 time units observed in thermal noise simulations.",2024-08-01,,matteroffact,Refuted,,Supported,
2502.20261v1_3_T,"In CsPbBr₃ with nano-domains, localized electrons oscillate around an energy level approximately 170 meV below the conduction band minimum, while holes oscillate around 270 meV above the valence band maximum.",2025-02-01,,matteroffact,Supported,"[{""bias"": ""Time-saving bias"", ""confidence"": 0.4964}]",Supported,
2405.19935v1_7_F,"In magnetically doped topological insulators, the bulk gap of the quantum anomalous Hall system can only be tuned by changing the concentration of magnetic dopants, with no possibility of in-situ control using external fields.",2024-05-01,,matteroffact,Refuted,"[{""bias"": ""Bias blind spot"", ""confidence"": 0.4034}]",Refuted,
2502.00798v1_1_F,"The deep learning approach accurately reproduces the optical absorption coefficient of silicon at 300K across two orders of magnitude, showing moderate agreement with experimental data",2025-02-01,,matteroffact,Refuted,"[{""bias"": ""Bias blind spot"", ""confidence"": 0.8321}]",Supported,
2311.02289v1_0_F,"In CsV3Sb5, a symmetry-allowed band crossing exists along the M-L direction when using density functional theory with parameters that accurately reproduce the experimental crystal structure.",2023-11-01,,matteroffact,Refuted,"[{""bias"": ""Bias blind spot"", ""confidence"": 0.3881}]",Supported,
2503.12245v1_11_T,"The residual resistivity of V₀.₃Ti₀.₇ alloy is 123 μΩ cm, which exceeds the Mott-Ioffe-Regel limit where the mean free path becomes smaller than the interatomic distance.",2025-03-01,,matteroffact,Supported,"[{""bias"": ""Outcome bias"", ""confidence"": 0.6893}]",Supported,
2402.07147v1_10_T,"In Ti₆O ordered compounds, the AVBV stacking of oxygen-enriched basal layers along the <c> axis is energetically more favorable than AVAV stacking, with an energy difference of approximately 14.72 meV per site.",2024-02-01,,matteroffact,Supported,"[{""bias"": ""Time-saving bias"", ""confidence"": 0.6338}]",Supported,
2407.16044v1_2_F,"Bilayer graphene with symmetrical strain of 1.9% exhibits a bandgap of 0.2 eV, indicating semiconductor behavior rather than superconductivity",2024-07-01,,matteroffact,Refuted,,Supported,
2406.11763v1_8_F,The photoluminescence signal in Hf0.5Zr0.5O2 thin films increases linearly with increasing laser dose over the entire range of doses tested.,2024-06-01,,matteroffact,Refuted,,Supported,
2403.19614v1_8_F,"The thin Dolan Josephson junction geometry produces a more homogeneous backscattered electron distribution across the bridge area compared to the horseshoe and L-shaped geometries, resulting in improved fabrication reproducibility.",2024-03-01,,matteroffact,Refuted,,Supported,
2407.20599v1_8_F,"At room temperature, lightly doped silicon has a Seebeck coefficient of -800 μV/K and a Nernst coefficient of -20 μV/KT, while bismuth has a Seebeck coefficient of -120 μV/K and a Nernst coefficient of -28 μV/KT.",2024-07-01,,matteroffact,Refuted,"[{""bias"": ""Time-saving bias"", ""confidence"": 0.7657}]",Refuted,
2405.03680v2_16_T,"AtomGPT generates crystal structures with chemical prototypes and density distributions similar to those in its training dataset, demonstrating its ability to learn meaningful structural patterns.",2024-05-01,,matteroffact,Supported,"[{""bias"": ""Bias blind spot"", ""confidence"": 0.588}]",Supported,
2410.20744v1_6_T,"The 2H phase of both WSeH and WSH remains stable at 200K in molecular dynamics simulations, while at 300K, hydrogen atoms begin to migrate from 2H sites to 1T sites, indicating a phase transformation.",2024-10-01,,matteroffact,Supported,,Supported,
2311.13599v1_6_T,"Yb³⁺ doping in gadolinium zirconate creates absorption between 0.9 and 1.0 μm wavelength that increases proportionally with Yb³⁺ concentration, but has negligible effect on reducing radiative heat transport through a 500 μm coating.",2023-11-01,,matteroffact,Supported,"[{""bias"": ""Time-saving bias"", ""confidence"": 0.6355}]",Supported,
2402.08834v1_16_T,"The fracture surface in stacked Li-Si nanoparticles is curved rather than flat, with shear bands penetrating through the cross-section at different rates depending on the composition.",2024-02-01,,matteroffact,Supported,"[{""bias"": ""curse of knowledge"", ""confidence"": 0.3411}]",Supported,
2408.11301v1_10_T,The anisotropic kinetics model uses a velocity function v̂ = κf(0.1 + |∇φ·a|/|∇φ|) where the anisotropy factor 0.1 controls the minimum kinetic response.,2024-08-01,,matteroffact,Supported,,Supported,
2503.13725v1_3_T,"The annealing temperature of InAs substrates after gold colloid deposition is a key parameter for controlling the dimensions, density, and parallelism of inclined InAs nanowires grown on (001) substrates.",2025-03-01,,matteroffact,Supported,,Supported,
2404.02748v1_7_F,"Vegard's law fails for the ternary SiGeB bulk alloy, requiring a quadratic correction term to account for the non-linear interaction between boron and germanium atoms in the silicon lattice.",2024-04-01,,matteroffact,Refuted,"[{""bias"": ""Bias blind spot"", ""confidence"": 0.7632}]",Supported,
2412.09533v1_7_F,"Passivation of the back-channel in copper oxide thin-film transistors decreases the on-to-off ratio from approximately 10^4 to 10, while increasing the field-effect mobility from 0.07 to 0.21 cm²V⁻¹s⁻¹.",2024-12-01,,matteroffact,Refuted,"[{""bias"": ""Time-saving bias"", ""confidence"": 0.9298}]",Refuted,
2504.11065v1_10_F,"The electronic density of states at the Fermi level in titanium nitride is predominantly composed of nitrogen 2p orbitals, which constitute approximately 75% of the total density of states.",2025-04-01,,matteroffact,Refuted,,Supported,
2406.07144v1_10_F,The formation of high sp³ content in Diamond-Like Carbon coatings occurs primarily through surface adsorption mechanisms where incoming carbon atoms with minimal kinetic energy bond to the surface without penetration.,2024-06-01,,matteroffact,Refuted,,Supported,
2412.02600v1_15_T,The optical absorption onset of the R-3m polymorph of MgZrN2 (2.0 eV) is higher than that of the Fm-3m polymorph (1.8 eV) previously reported from thin film studies.,2024-12-01,,matteroffact,Supported,"[{""bias"": ""Pro-Innovation Bias"", ""confidence"": 0.3103}]",Supported,
2407.21337v1_9_F,"CHGNet machine learning potential correctly predicts the stannite-type Li₃PS₄ structure to be 8 meV/atom higher in energy than the γ-phase, matching density functional theory results.",2024-07-01,,matteroffact,Refuted,"[{""bias"": ""Bias blind spot"", ""confidence"": 0.7132}]",Supported,
2405.09345v1_0_F,Antiferroelectric ZrO2 thin films can achieve an energy storage density of 120 J/cm³ at an electric field of 4.0 MV/cm,2024-05-01,,matteroffact,Refuted,"[{""bias"": ""Planning Fallacy"", ""confidence"": 0.4033}, {""bias"": ""Time-saving bias"", ""confidence"": 0.3638}]",Supported,
2311.05696v2_13_T,"In bidisperse suspensions, the onset stress for shear thickening (σ_0) increases monotonically with the volume ratio of small particles (α), scaling with the inverse square of particle size as σ_0∼1/a^2.",2023-11-01,,matteroffact,Supported,,Supported,
2503.00456v1_12_F,"The hole polaron mobility of A₍ₙ₊₁₎HfₙS₍₃ₙ₊₁₎ (A = Ca, Sr, Ba; n = 1-3) Ruddlesden-Popper phases consistently increases with increasing perovskite layer thickness (n).",2025-03-01,,matteroffact,Refuted,,Supported,
2407.16044v1_0_T,"Asymmetrical strain in monolayer graphene with 10% compression in one direction and 20% stretching in the perpendicular direction opens a bandgap of 0.39 eV, inducing a semimetal-insulator transition",2024-07-01,,matteroffact,Supported,"[{""bias"": ""Time-saving bias"", ""confidence"": 0.8276}]",Supported,
2412.20009v1_8_T,"SolarDesign is the only photovoltaic simulation platform that simultaneously supports exciton dissociation, ion migration, tunneling, efficiency bottleneck analyses, and material/device libraries.",2024-12-01,,matteroffact,Supported,"[{""bias"": ""curse of knowledge"", ""confidence"": 0.3583}]",Refuted,
2410.07660v1_17_T,"The spatially-dispersive superfluid weight in helical superconductors is directly related to the superconducting Edelstein effect, which describes the generation of magnetization by a supercurrent.",2024-10-01,,matteroffact,Supported,,Supported,
2409.06549v1_10_T,Epitaxial strain maintained in LSMO layers through a well-controlled interface with the substrate promotes the formation of the metastable polar phase in HZO films,2024-09-01,,matteroffact,Supported,,Supported,
2503.12245v1_12_F,Gadolinium in V₀.₃Ti₀.₇-Gd alloys loses its ferromagnetic properties and becomes paramagnetic at all temperatures due to the dissolution of Gd atoms in the V-Ti matrix.,2025-03-01,,matteroffact,Refuted,"[{""bias"": ""subadditivity effect"", ""confidence"": 0.3405}]",Supported,
2411.02053v1_2_F,"The silicon correlation factor in Fe-Si alloys shows a strong dependence on silicon concentration, doubling in value when silicon concentration increases from 0 to 1.2 atomic percent",2024-11-01,,matteroffact,Refuted,"[{""bias"": ""Time-saving bias"", ""confidence"": 0.5221}]",Supported,
2502.14798v1_10_T,"Germanium-based chalcogenide perovskites AGeX₃ (A = Ca, Sr, Ba; X = S, Se) exhibit ductile mechanical behavior, with higher resistance to volumetric deformation than to shape deformation, indicating their flexible nature for device applications.",2025-02-01,,matteroffact,Supported,"[{""bias"": ""curse of knowledge"", ""confidence"": 0.3065}]",Supported,
2502.09382v2_5_T,The normalized intensities of ⁸⁸Sr and ¹³⁸Ba ions in the Ba₁₋ₓSrₓTiO₃ layer vary linearly with the strontium stoichiometric parameter x along the compositional gradient.,2025-02-01,,matteroffact,Supported,,Supported,
2411.08940v1_11_F,"X-ray radioscopy can measure void fraction in alkaline water electrolyzers with a spatial resolution of 1 μm, allowing visualization of nanoscale gas bubbles forming at electrode surfaces",2024-11-01,,matteroffact,Refuted,"[{""bias"": ""curse of knowledge"", ""confidence"": 0.6368}]",Supported,
2406.12136v1_6_F,"CrI₃ has a bandgap of 0.5-0.7 eV, while CrBr₃ has a smaller bandgap of 0.3-0.5 eV, making both materials narrow-gap semiconducting 2D magnets with potential for infrared detection applications.",2024-06-01,,matteroffact,Refuted,"[{""bias"": ""Time-saving bias"", ""confidence"": 0.8158}]",Supported,
2411.04179v1_11_T,"The low-energy effective theory describing (Cr,Bi)₂Te₃ is equivalent to the Burkov-Balents model for an ideal ferromagnetic Weyl semimetal in a topological insulator multilayer, but achieves the same minimal Weyl electronic structure through homogeneous doping rather than a multilayer structure.",2024-11-01,,matteroffact,Supported,"[{""bias"": ""Bias blind spot"", ""confidence"": 0.5179}]",Supported,
2407.11580v1_1_T,Enhanced diffusion by quenched-in excess vacancies significantly accelerates the microstructural evolution in LPBF AlSi10Mg alloy during heat treatment.,2024-07-01,,matteroffact,Supported,,Supported,
2503.14952v1_14_T,"The valence band of La2-xMgxNi7 alloys consists primarily of contributions from Ni 3d electrons, with Mg substitution causing only slight depopulation of the band while maintaining its overall character.",2025-03-01,,matteroffact,Supported,"[{""bias"": ""Whole only effect"", ""confidence"": 0.4388}]",Supported,
2404.19084v2_15_T,"The combination of reduced surface roughness, moderate case-hardening, and preserved bulk crystallographic texture achieved through centrifugal disk finishing of additively manufactured Inconel 718 can enhance fatigue performance by reducing stress concentrations while maintaining beneficial microstructural properties.",2024-04-01,,matteroffact,Supported,,Supported,
2408.03175v1_1_T,"Long-range feedback mechanisms are required to achieve true interface stability in solid-state batteries, while approaches based solely on local feedback will eventually develop rough interfaces.",2024-08-01,,matteroffact,Supported,,Supported,
2408.07229v1_15_T,The energy difference for breaking the ester group in DEO-EA monomer after adding two electrons is approximately -4.50 eV relative to the neutral undecomposed system.,2024-08-01,,matteroffact,Supported,"[{""bias"": ""Time-saving bias"", ""confidence"": 0.3555}]",Supported,
2404.17584v1_12_T,Applying nonlinear activation functions to tensors by scaling them by standard activation functions on their norms preserves equivariance in neural networks.,2024-04-01,,matteroffact,Supported,"[{""bias"": ""Bias blind spot"", ""confidence"": 0.3477}]",Supported,
2402.18588v2_13_T,"Spin-orbit coupling in LK-99 splits the original two bands near the Fermi level into four distinct bands, creating multiple new doubly degenerate points and enhancing the Berry curvature distribution.",2024-02-01,,matteroffact,Supported,"[{""bias"": ""curse of knowledge"", ""confidence"": 0.4322}]",Supported,
2312.10313v1_13_F,"The electron-phonon coupling parameter in Nb is uniform across all dimensions and layers, with a constant value of 2.72 eV regardless of whether it is bulk, surface, or thin film.",2023-12-01,,matteroffact,Refuted,,Refuted,
2503.12194v1_13_F,"Erbium dopants show different site preferences in α-Ga₂O₃ and β-Ga₂O₃, occupying octahedral sites in α-Ga₂O₃ but preferring tetrahedral sites in β-Ga₂O₃ due to the different crystal structures.",2025-03-01,,matteroffact,Refuted,,Supported,
2311.15791v1_1_F,The mosaic phase in 1T-TaS₁.₂Se₀.₈ exhibits a complete optical gap of approximately 200 meV at the lowest temperatures.,2023-11-01,,matteroffact,Refuted,,Supported,
2404.13293v1_8_F,"Domain walls in GeTe thin films have a rhombohedral structure with different Ge-Te bond lengths on each side, creating a gradual transition between top and bottom layers with parallel electric dipoles.",2024-04-01,,matteroffact,Refuted,"[{""bias"": ""curse of knowledge"", ""confidence"": 0.4239}]",Supported,
2401.06319v2_4_F,"The electron density of states of bct Ag and bcc Ag are indistinguishable, showing identical features across the entire energy spectrum below the Fermi level.",2024-01-01,,matteroffact,Refuted,"[{""bias"": ""Distinction bias"", ""confidence"": 0.3943}]",Refuted,
2503.03099v1_5_F,"The dispersion energy in twisted h-BN bilayers increases monotonically with twist angle, ranging from -28 meV/atom at 0° to -20 meV/atom at 60°.",2025-03-01,,matteroffact,Refuted,"[{""bias"": ""Time-saving bias"", ""confidence"": 0.8753}]",Supported,
2502.11628v1_8_T,"Simulation-based EBSD strain analysis is limited by its relative nature, requiring strain-free reference points and primarily detecting small-scale intergranular strains in deformed polycrystalline samples.",2025-02-01,,matteroffact,Supported,"[{""bias"": ""Bias blind spot"", ""confidence"": 0.7628}]",Supported,
2411.17360v1_14_F,Oxygen-doped Al0.73Sc0.27N thin films develop continuous Al2O3 interface layers at the bottom electrode/film interface during growth.,2024-11-01,,matteroffact,Refuted,,Supported,
2501.00561v1_13_F,All regions of β-Ga₂O₃ crystals show identical chromium-related emission spectra with no variations in the phonon sideband structure across the sample.,2025-01-01,,matteroffact,Refuted,,Refuted,
2411.07624v2_12_F,"Time-reversal symmetry is broken in the superconducting state of (PbS)₁.₁₃(TaS₂), as evidenced by the detection of spontaneous magnetic field generation in zero-field muon spin relaxation measurements.",2024-11-01,,matteroffact,Refuted,"[{""bias"": ""curse of knowledge"", ""confidence"": 0.5552}]",Supported,
2411.04179v1_14_F,"Chromium doping in Bi₂Te₃ primarily serves to introduce charge carriers, with its effects on magnetism and spin-orbit coupling being secondary and not essential for the electronic properties of the material.",2024-11-01,,matteroffact,Refuted,,Supported,
2501.04289v1_15_F,"Multiphonon transitions in semiconductor defects are dominated by a single phonon mode that contributes equally to the Huang-Rhys factor, lineshape function, and electron-phonon coupling.",2025-01-01,,matteroffact,Refuted,,Supported,
2503.04492v1_7_T,The standard deviation of atomic number and standard deviation of atomic mass have an extremely strong positive correlation with a linear correlation coefficient of 0.995.,2025-03-01,,matteroffact,Supported,"[{""bias"": ""Pro-Innovation Bias"", ""confidence"": 0.3147}]",Supported,
2407.04788v1_6_T,"The decagonal (D) and pentagonal (P) ring regions of TPDH-graphene are the preferred adsorption sites for lithium atoms, with adsorption energies of approximately -0.70 eV",2024-07-01,,matteroffact,Supported,"[{""bias"": ""subadditivity effect"", ""confidence"": 0.4348}]",Supported,
2405.18150v1_15_T,"High-quality single-crystalline titanium nitride films can be successfully synthesized using magnetron sputtering on sapphire substrates, as evidenced by sharp diffraction patterns, thickness fringes, and superconducting properties.",2024-05-01,,matteroffact,Supported,"[{""bias"": ""curse of knowledge"", ""confidence"": 0.4684}]",Supported,
2407.16044v1_6_T,"Relaxation strain provides a more practical alternative to twisting for inducing superconductivity in graphene systems, as it is easier to implement and offers greater tunability of electronic properties",2024-07-01,,matteroffact,Supported,"[{""bias"": ""curse of knowledge"", ""confidence"": 0.3912}]",Refuted,
2405.09840v2_14_T,"The theoretical framework for the anomalous thermal Hall effect developed for Weyl superconductors can be applied to chiral superconductors without Weyl nodes, such as Sr₂RuO₄ with a chiral d-wave pairing.",2024-05-01,,matteroffact,Supported,"[{""bias"": ""Bias blind spot"", ""confidence"": 0.379}, {""bias"": ""Pro-Innovation Bias"", ""confidence"": 0.3708}]",Supported,
2501.04124v1_0_T,"Semilocal exchange-correlation functionals in traditional noncollinear calculations lack spin torque, which is a fundamental flaw for systems with noncollinear magnetism, disordered magnetic moments, spin dynamics, magnetic frustration, spin waves, skyrmions, and systems with static currents.",2025-01-01,,matteroffact,Supported,"[{""bias"": ""Pro-Innovation Bias"", ""confidence"": 0.6617}]",Supported,
2411.04807v1_16_T,"For systems with more than two electronic states, the constrained charge equilibration (CQEq) framework alone is insufficient to exactly infer all diabatic couplings.",2024-11-01,,matteroffact,Supported,,Supported,
2503.11087v1_5_T,"The optical conductivity spectrum of EuZn₂Sb₂ shows a peak at higher energies compared to EuCd₂Sb₂ and EuCd₂As₂, indicating a smaller band inversion energy due to weaker spin-orbit coupling.",2025-03-01,,matteroffact,Supported,"[{""bias"": ""Bias blind spot"", ""confidence"": 0.3143}]",Supported,
2409.18210v1_8_F,"In HfO₂-based RRAM devices, the low thermal boundary resistance between the oxide and metal electrode allows efficient heat dissipation through the metal electrodes, which dominates the total thermal resistance and filament temperature",2024-09-01,,matteroffact,Refuted,"[{""bias"": ""Omission bias"", ""confidence"": 0.3621}]",Supported,
2503.04492v1_15_F,XML methods can only be effectively applied to specific material systems with uniform crystal structures and cannot provide meaningful insights for generalized datasets with diverse compositions.,2025-03-01,,matteroffact,Refuted,"[{""bias"": ""Bias blind spot"", ""confidence"": 0.7068}]",Refuted,
2503.13734v1_8_F,"As temperature decreases, metallic alloys generally exhibit decreased tensile strength while their ductility and toughness tend to increase, with face-centered cubic materials showing stronger ductile-to-brittle transition effects than body-centered cubic materials",2025-03-01,,matteroffact,Refuted,"[{""bias"": ""curse of knowledge"", ""confidence"": 0.4075}]",Supported,
2410.16199v1_8_T,The momentum-space separation of the highest occupied band maxima along the dimerization direction provides a distinctive fingerprint for distinguishing between dimerized band insulators and dimerized Mott insulators in layered materials.,2024-10-01,,matteroffact,Supported,"[{""bias"": ""curse of knowledge"", ""confidence"": 0.4237}]",Supported,
2405.09345v1_15_T,Fluorite-structured thin films have limited energy storage scaling properties due to the increase of the monoclinic phase proportion at large thicknesses,2024-05-01,,matteroffact,Supported,"[{""bias"": ""Pro-Innovation Bias"", ""confidence"": 0.3449}]",Supported,
2503.04492v1_13_T,Reducing the number of input features in band gap prediction models decreases the computational cost of feature preparation while maintaining predictive accuracy.,2025-03-01,,matteroffact,Supported,,Supported,
2402.05180v1_6_F,Altermagnetism and d-wave superconductivity are fundamentally incompatible and cannot arise from the same underlying mechanism.,2024-02-01,,matteroffact,Refuted,"[{""bias"": ""Pro-Innovation Bias"", ""confidence"": 0.3295}]",Supported,
2310.05415v1_6_T,"Intergranular fracture in copper grain boundaries with a single titanium atom initiates at a separation distance of 2.0 Å, compared to 1.8 Å in pure copper grain boundaries.",2023-10-01,,matteroffact,Supported,"[{""bias"": ""Time-saving bias"", ""confidence"": 0.7357}]",Supported,
2411.16649v1_14_F,The pronounced decrease in elastic constants of Ti₂AlC observed towards 1200K is primarily due to phase transitions rather than approaching the melting point.,2024-11-01,,matteroffact,Refuted,,Supported,
2404.08651v1_3_F,The reverse saturation current density (J0) increases with reduced defect density in thin film silicon solar cells.,2024-04-01,,matteroffact,Refuted,"[{""bias"": ""Pro-Innovation Bias"", ""confidence"": 0.3641}]",Supported,
2409.20312v1_12_T,"PTO molecules adsorbed on Pb(111) do not affect the superconducting state of the substrate, as evidenced by identical superconducting gaps in dI/dV spectra on PTO molecules and bare Pb(111).",2024-09-01,,matteroffact,Supported,"[{""bias"": ""Distinction bias"", ""confidence"": 0.3171}]",Supported,
2405.03680v2_0_T,"AtomGPT achieves a mean absolute error of 0.072 eV/atom for formation energy prediction, which is better than CFID but not as accurate as ALIGNN.",2024-05-01,,matteroffact,Supported,"[{""bias"": ""Bias blind spot"", ""confidence"": 0.3187}]",Supported,
2411.01127v1_9_T,"The dimensionless conductance parameter g_0 in PBTTT thin films increases monotonically from approximately 0.5 to 2.5 as the carrier density increases, indicating that these materials operate more in the weak localization regime than in the strong localization regime under typical experimental conditions.",2024-11-01,,matteroffact,Supported,,Supported,
2502.03739v1_2_F,"Different stacking patterns of CrSBr bilayers (AA-0, AA-1, AB-0, and AB-1) exhibit varying magnetic ground states, with AA-0 and AA-1 maintaining antiferromagnetic ordering while AB-0 and AB-1 transition to ferromagnetic ordering.",2025-02-01,,matteroffact,Refuted,"[{""bias"": ""subadditivity effect"", ""confidence"": 0.3308}]",Supported,
2408.00042v3_0_T,"In non-magnetic centrosymmetric materials, crystal symmetries can enforce all bands to have nontrivial Z₂ topological properties, with weak spin-orbit coupling enforcing Dirac nodal lines and strong spin-orbit coupling enforcing nontrivial weak Z₂ topologies in 2D subplanes of the 3D Brillouin zone.",2024-08-01,,matteroffact,Supported,,Supported,
2312.10313v1_2_T,"The relationship between the Cooper pair coupling parameter λ and the resulting superconducting gap Δ in Nb is non-linear, with a critical λc value below which Δ is zero.",2023-12-01,,matteroffact,Supported,"[{""bias"": ""Omission bias"", ""confidence"": 0.4365}]",Supported,
2411.13301v1_6_T,Increasing hole doping through iodine adsorption on Sr₂CuO₃ film surface causes a transition from antiferromagnetic metal to ferrimagnetic metal and then to ferromagnetic semiconductor as the doping level increases from 0.16 to 0.25 to 0.50 holes per surface Cu atom.,2024-11-01,,matteroffact,Supported,,Supported,
2502.18190v1_5_F,"Li⁺ ion intercalation increases the energy barrier for phase transition from 2H to 1T phase in bilayer OsBr₂, while the reverse transition from 1T to 2H phase requires chemical doping.",2025-02-01,,matteroffact,Refuted,,Supported,
2409.20312v1_0_T,Iron atoms in Fe-PTO chains on both Ag(111) and Pb(111) surfaces exhibit a high spin state of S = 2.,2024-09-01,,matteroffact,Supported,,Supported,
2311.07943v2_14_F,Superconductivity in air-annealed CaFeAsF is completely eliminated after subsequent vacuum annealing due to the removal of oxygen from the sample.,2023-11-01,,matteroffact,Refuted,,Supported,
2410.08357v1_5_T,Lower charge-discharge rates in lithium intermetallic anodes result in more reversible morphological changes compared to higher charge-discharge rates.,2024-10-01,,matteroffact,Supported,,Supported,
2402.17557v3_12_F,"In LiSr₂Co₂O₅, all cobalt ions maintain a uniform +3 valence state, similar to the parent compound Sr₂Co₂O₅.",2024-02-01,,matteroffact,Refuted,"[{""bias"": ""subadditivity effect"", ""confidence"": 0.4061}]",,Failed to get valid prediction
2311.08257v1_13_T,"NbN is advantageous as a superconductor due to its higher critical temperature (approximately 16.5K) compared to Nb, large superconducting energy gap of 2.5 meV, and large penetration depth of about 200 nm.",2023-11-01,,matteroffact,Supported,,Supported,
2412.13456v1_1_T,"The brightest exciton in single-layer Nb₃Cl₈ appears at an energy of 1.2 eV with a binding energy of 1.77 eV, which matches experimental optical absorption measurements.",2024-12-01,,matteroffact,Supported,,Supported,
2409.18210v1_7_T,"The extended non-equilibrium thermometry approach can be applied to other thermometry techniques beyond SThM, including infrared imaging and Raman thermometry",2024-09-01,,matteroffact,Supported,"[{""bias"": ""Pro-Innovation Bias"", ""confidence"": 0.3748}]",Supported,
2503.01518v1_10_F,The stress-free transformation strain for T1 precipitates with a thickness of 2.437 nm in Al-Cu-Li alloys is approximately +8.33%.,2025-03-01,,matteroffact,Refuted,"[{""bias"": ""Planning Fallacy"", ""confidence"": 0.3648}, {""bias"": ""Time-saving bias"", ""confidence"": 0.301}]",Supported,
2412.16310v3_13_F,"The most stable configuration of interstitial sulfur in diamond is at the empty T site of the diamond lattice, rather than at the H site, in a split-interstitial position, or as the S+I complex.",2024-12-01,,matteroffact,Refuted,,Supported,
2405.09345v1_13_T,"Different deposition techniques and parameters for the same chemical composition can lead to different electrical properties in fluorite-structured thin films, from linear dielectric to ferroelectric and antiferroelectric behavior",2024-05-01,,matteroffact,Supported,,Supported,
2504.00771v1_2_F,Materials were included in the database only if the maximum spread of their Wannier functions was less than 2.5 times the minimum lattice constant and the mean absolute error of band energy differences was less than 0.1 eV.,2025-04-01,,matteroffact,Refuted,,Supported,
2411.08940v1_12_F,The nickel plate electrodes and nickel foil-PMMA electrodes used in alkaline water electrolysis experiments had similar porosities of approximately 0.4,2024-11-01,,matteroffact,Refuted,"[{""bias"": ""Distinction bias"", ""confidence"": 0.7983}]",Supported,
2503.14972v1_12_F,"The significant differences in full width at half maximum (FWHM) values of the valence bands in La₂Ni₇, La₁.₂₅Gd₀.₂₅Mg₀.₅Ni₇, and La₁.₅Mg₀.₅Ni₆.₅Co₀.₅ alloys explain their widely varying maximum discharge capacities, contradicting semi-empirical models of metal hydride formation.",2025-03-01,,matteroffact,Refuted,"[{""bias"": ""subadditivity effect"", ""confidence"": 0.362}]",Refuted,
2504.00309v1_9_T,The QSE-QSCI approach is more scalable for larger quantum systems than the standard VQE-QSE approach because it does not require full optimization of variational parameters.,2025-04-01,,matteroffact,Supported,"[{""bias"": ""Whole only effect"", ""confidence"": 0.3449}]",Supported,
2311.15472v1_2_F,"Aluminum atoms in γ-TiAl undergo a step-wise bond breaking process during field evaporation, with in-plane bonds breaking before out-of-plane bonds.",2023-11-01,,matteroffact,Refuted,"[{""bias"": ""clustering illusion"", ""confidence"": 0.4594}]",Supported,
2503.04492v1_3_F,"The mean electronegativity has the highest feature importance in predicting GW-level band gaps, with a PFI score of 3.5 eV and a SHAP importance score of 2.1 eV.",2025-03-01,,matteroffact,Refuted,"[{""bias"": ""Time-saving bias"", ""confidence"": 0.4259}]",Supported,
2409.11179v1_5_T,"The effective charge of coordinated Li+ ions in ethylene-carbonate electrolytes decreases from +1e at low salt concentrations to negative values at concentrations above 2 M, reaching approximately -3e at the highest concentrations due to increasing anion coordination.",2024-09-01,,matteroffact,Supported,"[{""bias"": ""Planning Fallacy"", ""confidence"": 0.4091}, {""bias"": ""Time-saving bias"", ""confidence"": 0.3581}]",Refuted,
2312.05174v1_13_F,"Nanotexturing metal powders requires adding chemical dopants to the powder surface, similar to other approaches that use additives to improve printability",2023-12-01,,matteroffact,Refuted,"[{""bias"": ""curse of knowledge"", ""confidence"": 0.4477}]",Supported,
2504.04297v1_12_F,"All experimentally synthesized ThCr₂Si₂-type compounds show perfect dynamical stability in calculations, confirming that the I4/mmm space group is always the correct structure.",2025-04-01,,matteroffact,Refuted,,Refuted,
2407.21337v1_15_T,Crystal structure prediction in complex space groups with many possible atomic arrangements can be effectively performed by searching in their subgroups with fewer symmetry operations.,2024-07-01,,matteroffact,Supported,"[{""bias"": ""curse of knowledge"", ""confidence"": 0.3652}]",Supported,
2410.22496v2_13_T,The solidus temperature of C103 refractory alloy is approximately 2141°C,2024-10-01,,matteroffact,Supported,,Supported,
2407.01918v1_16_F,The use of a Gaussian interaction potential between mobile ions and framework masses in solid electrolytes is fundamentally flawed because it allows for unphysical zero separation between ions and cannot capture the complex electronic structure effects that dominate real ion-framework interactions.,2024-07-01,,matteroffact,Refuted,"[{""bias"": ""Bias blind spot"", ""confidence"": 0.5835}]",Supported,
2404.13959v1_12_T,"In the thin-film model for 3D topological insulators, the condition |D|<|B| is required to ensure a band gap at large momenta, and the sign of ΔB determines whether the system is in a trivial (ΔB<0) or nontrivial inverted (ΔB>0) regime.",2024-04-01,,matteroffact,Supported,,Supported,
2401.17024v2_7_T,"The contribution of hydrogen 1s states to the density of states at the Fermi level is approximately 0.30, 0.28, 0.21, and 0.40 eV⁻¹ per formula unit for Mg₂RhH₆, Mg₂IrH₆, Al₂MnH₆, and Li₂CuH₆, respectively.",2024-01-01,,matteroffact,Supported,"[{""bias"": ""subadditivity effect"", ""confidence"": 0.6753}]",Supported,
2411.04807v1_15_F,The constrained charge equilibration (CQEq) method is computationally more expensive than constrained density functional theory (CDFT) for obtaining diabatic states.,2024-11-01,,matteroffact,Refuted,"[{""bias"": ""Bias blind spot"", ""confidence"": 0.3887}]",Supported,
2504.04297v1_8_T,LaRu₂Si₂ and LuRu₂Si₂ likely exhibit non-BCS-type superconductivity mediated by spin fluctuations rather than electron-phonon coupling.,2025-04-01,,matteroffact,Supported,,Supported,
2502.19140v1_5_F,"The multi-domain spinel structure in Li₁.₀₅Mn₀.₈₅Ti₀.₁O₂ exhibits a uniform distribution of Mn-O bond lengths centered at approximately 2.15 Å, which is similar to the distribution observed in the disordered rocksalt structure at the same composition.",2025-02-01,,matteroffact,Refuted,"[{""bias"": ""Outcome bias"", ""confidence"": 0.4968}]",Supported,
2404.13959v1_15_T,"Many-body effects arising in the thin-film limit of 3D topological insulators modify the oscillations and size of the hybridization gap, providing better agreement with experimental results than models that neglect these effects.",2024-04-01,,matteroffact,Supported,"[{""bias"": ""Bias blind spot"", ""confidence"": 0.5835}]",Supported,
2412.16310v3_0_F,"The sulfur-vacancy (SV) complex is less energetically favorable than substitutional sulfur (S_s) in diamond, with the sulfur atom remaining at the substitutional site adjacent to the vacancy in a C_3v symmetry configuration.",2024-12-01,,matteroffact,Refuted,"[{""bias"": ""Whole only effect"", ""confidence"": 0.3117}]",Supported,
2411.08940v1_8_T,The contribution of bubbles to cell voltage in alkaline water electrolyzers reaches a maximum of 6% of the total cell voltage at a current density of 0.54 A/cm² with a gap size of 300 μm,2024-11-01,,matteroffact,Supported,"[{""bias"": ""Time-saving bias"", ""confidence"": 0.4381}]",Supported,
2401.15936v1_14_T,"Closed-space annealing improves electrical contact between functional layers in selenium solar cells by allowing the absorber to recrystallize, providing carrier-selective contact films with a second chance to properly adhere to the absorber",2024-01-01,,matteroffact,Supported,,Supported,
2405.03680v2_1_F,"AtomGPT achieves a mean absolute error of 0.200 eV for OptB88vdW bandgap prediction, performing worse than CGCNN which achieves 0.199 eV.",2024-05-01,,matteroffact,Refuted,"[{""bias"": ""Time-saving bias"", ""confidence"": 0.556}]",Supported,
2412.13456v1_5_F,"The exchange coupling between neighboring trimers in Nb₃Cl₈ is approximately 5 meV, resulting in a Weiss temperature of about -10 meV (or -116 K), which disagrees with experimental measurements of -13.1 K to -18.9 K.",2024-12-01,,matteroffact,Refuted,"[{""bias"": ""Time-saving bias"", ""confidence"": 0.7884}]",Refuted,
2412.10896v3_12_F,"When estimating SPMe parameters, the particle diffusion timescale of the negative electrode (τᵈ₋) shows a relative standard deviation of 5.07% when using impedance data, compared to 1.48% when using time-domain voltage data.",2024-12-01,,matteroffact,Refuted,,Supported,
2405.17550v1_4_T,"In quantum Hall-superconductor junctions with metallic puddles, each puddle acts as a floating lead in the generalized Landauer-Büttiker formalism, modifying the effective charge transmission fractions.",2024-05-01,,matteroffact,Supported,,Supported,
2411.16649v1_1_T,All five elastic constants of Ti₂AlC show softening with increasing temperature across all pressure profiles studied.,2024-11-01,,matteroffact,Supported,,Supported,
2502.19772v1_9_T,The unique atomic dynamics in CsPbBr3 suppress the formation of deep electronic states at surfaces by preventing the persistence of aligned dipole moments that would shift surface energies deeper into the band gap.,2025-02-01,,matteroffact,Supported,,Supported,
2406.11763v1_7_T,"During laser exposure of Hf0.5Zr0.5O2 thin films, the energies of trap states associated with oxygen vacancies remain relatively constant despite significant changes in vacancy concentration.",2024-06-01,,matteroffact,Supported,,Supported,
2402.07147v1_1_F,The ordering state of oxygen atoms in titanium has a larger impact on lattice parameters than oxygen concentration.,2024-02-01,,matteroffact,Refuted,,Supported,
2409.18210v1_5_T,The calculated temperature rise at the filament in the studied HfO₂-based RRAM device during read operation is approximately 18.2 K above room temperature,2024-09-01,,matteroffact,Supported,,Supported,
2411.10522v1_11_F,"Hydride superconductors can only be synthesized through a single specific route involving laser heating of pure hydrogen under static pressure, with no alternative synthesis methods yielding superconducting samples.",2024-11-01,,matteroffact,Refuted,,Refuted,
2403.07526v2_3_F,"The metastable alloys Cu₁₇Ti₃ and Al₄Ti, identified through Physics-Transfer screening and fabricated via ion beam deposition, demonstrate a 5-fold increase in strength compared to traditional alloys with low solute content.",2024-03-01,,matteroffact,Refuted,"[{""bias"": ""Pro-Innovation Bias"", ""confidence"": 0.3371}]",Supported,
2410.20744v1_11_F,"The 2H and 1T phases of WSeH and WSH have identical atomic arrangements but differ only in their electronic configurations, with no significant differences in the bonding between hydrogen and tungsten atoms.",2024-10-01,,matteroffact,Refuted,"[{""bias"": ""Distinction bias"", ""confidence"": 0.7847}]",Refuted,
2403.13814v1_10_T,"Adding 20% acetonitrile to 0.5 M Na₂SO₄ aqueous electrolyte reduces the activity of free water molecules and inhibits water decomposition, thereby expanding the electrochemical stability window.",2024-03-01,,matteroffact,Supported,,Supported,
2405.18946v3_14_F,The two-dimensional electron liquids on TiO₂-terminated and SrO-terminated SrTiO₃(001) surfaces exhibit significantly different band bending and band filling due to their different formation mechanisms,2024-05-01,,matteroffact,Refuted,,Supported,
2504.00309v1_15_F,"In the QSE method for quasiparticle band structures, both valence and conduction bands are obtained using the same type of excitation operators applied to all orbitals regardless of occupation.",2025-04-01,,matteroffact,Refuted,,Supported,
2502.00798v1_5_T,"Molecular dynamics simulations provide more comprehensive sampling of configuration space than harmonic approximations, naturally incorporating anharmonic effects in phonon-assisted optical absorption calculations",2025-02-01,,matteroffact,Supported,"[{""bias"": ""Bias blind spot"", ""confidence"": 0.6783}]",Supported,
2408.10146v2_3_F,High-temperature grown SrZrO₃ buffer layers increase threading dislocation density in La:BaSnO₃ heterostructures from 5×10¹¹ cm⁻² to 8×10¹² cm⁻² compared to BaSnO₃ buffer layers,2024-08-01,,matteroffact,Refuted,,Supported,
2502.19772v1_9_F,The unique atomic dynamics in CsPbBr3 promote the formation of deep electronic states at surfaces by stabilizing aligned dipole moments that shift surface energies deeper into the band gap.,2025-02-01,,matteroffact,Refuted,"[{""bias"": ""curse of knowledge"", ""confidence"": 0.3003}]",Supported,
2410.20944v3_2_T,The sublattice-pure high-order van Hove singularities in CsTi₃Bi₅ drive electronic nematicity by breaking C₆ rotational symmetry to C₂ symmetry without inducing charge density wave order.,2024-10-01,,matteroffact,Supported,,Supported,
2410.09376v2_1_F,"The C11 elastic constant of electroplastically drawn Cu-6wt%Ag alloy wire decreases from 186.3 GPa at 300K to 175.0 GPa at 5.4K, showing a softening effect at low temperatures.",2024-10-01,,matteroffact,Refuted,"[{""bias"": ""Time-saving bias"", ""confidence"": 0.776}]",Supported,
2311.07316v2_4_T,The critical value of Ni-e_g crystal field splitting for transitioning from d_xy to s_± pairing symmetry is 0.37 eV in Wannier's model and 0.30 eV in Luo's model of La₃Ni₂O₇,2023-11-01,,matteroffact,Supported,,Supported,
2401.17024v2_11_F,The high-T_c superconducting ternary hydrides identified in the study require layered structures with alternating MH₂ and X₂H₄ planes to achieve superconductivity at ambient pressure.,2024-01-01,,matteroffact,Refuted,,Supported,
2407.11580v1_12_T,"The initial Si concentration in the α-Al matrix of as-built LPBF AlSi10Mg is 0.025 molar fraction, indicating a supersaturated solid solution.",2024-07-01,,matteroffact,Supported,,Supported,
2503.17434v1_5_F,"The magnetic separation of paramagnetic metal ions occurs through direct capture of individual hydrated ions, without any cluster formation, as the magnetic force on individual ions is sufficient to overcome thermal diffusion forces.",2025-03-01,,matteroffact,Refuted,"[{""bias"": ""Omission bias"", ""confidence"": 0.4574}]",Refuted,
2412.11305v1_6_F,"Thermal attenuation in elastic helium atom scattering occurs primarily due to direct absorption of helium atoms by the surface at higher temperatures, rather than through electron density fluctuations.",2024-12-01,,matteroffact,Refuted,"[{""bias"": ""Bias blind spot"", ""confidence"": 0.4774}]",Refuted,
2503.17434v1_0_F,High-gradient magnetic fields capture both paramagnetic manganese chloride (MnCl₂) and diamagnetic zinc chloride (ZnCl₂) ions from solution with similar efficiency.,2025-03-01,,matteroffact,Refuted,,Refuted,
2403.13814v1_11_F,DyFeO₃-based supercapacitors store charge exclusively through a battery-like intercalation mechanism without any contribution from electrical double-layer capacitance.,2024-03-01,,matteroffact,Refuted,,Refuted,
2404.00214v1_7_T,The ferromagnetic transition temperature of approximately 56 K in tensile-strained Sr3Ru2O7 films is similar to that observed in bulk Sr3Ru2O7 under uniaxial pressure of 0.5 GPa along the c-axis,2024-04-01,,matteroffact,Supported,,Supported,
2404.16031v1_11_T,"The band spacing in rapidly solidified Mg alloy WE43 processed by laser powder-bed fusion is approximately one to two micrometers, with experimental measurements sometimes showing smaller spacings than predicted by phase-field simulations",2024-04-01,,matteroffact,Supported,,Supported,
2501.04840v2_7_F,"Resonant inelastic X-ray scattering (RIXS) and optical absorption probe the same type of excitons in hexagonal boron nitride, both detecting transverse excitons at identical energies.",2025-01-01,,matteroffact,Refuted,"[{""bias"": ""Bias blind spot"", ""confidence"": 0.3729}]",Supported,
2409.20312v1_14_T,"The different band structures of Ag(111) and Pb(111) surfaces influence the magnetic coupling in Fe-PTO chains, with Ag(111)'s Shockley surface state near the Fermi level facilitating stronger coupling than Pb(111)'s flat dispersion far below the Fermi level.",2024-09-01,,matteroffact,Supported,"[{""bias"": ""Distinction bias"", ""confidence"": 0.3332}]",Supported,
2406.16398v2_4_F,The absence of Kerr effect in AV3Sb5 compounds definitively proves that no time-reversal symmetry breaking occurs in the charge density wave phase.,2024-06-01,,matteroffact,Refuted,,Refuted,
2503.22477v2_11_F,The enhancement of superconductivity in germanium-doped LaRu₃Si₂ contradicts theoretical models of mode-selective coupling and is instead driven primarily by changes in the overall phonon spectrum.,2025-03-01,,matteroffact,Refuted,,Refuted,
2504.00771v1_4_F,"The database includes tensorial transport properties calculated as functions of temperature ranging from 0 to 2000 K, including Hall coefficient, magnetoresistance, and thermal expansion coefficient.",2025-04-01,,matteroffact,Refuted,,Supported,
2504.11065v1_13_T,"Titanium nitride thin films grown by molecular beam epitaxy approach the clean limit condition for superconductivity, as evidenced by the Pippard coherence length being of the same order of magnitude as the BCS coherence length.",2025-04-01,,matteroffact,Supported,"[{""bias"": ""Pro-Innovation Bias"", ""confidence"": 0.478}]",Supported,
2409.09176v1_1_T,"In negative charge transfer compounds, the ground state is dominated by configurations with ligand holes, resulting in a self-doping effect where holes are transferred into the ligand states of the valence band.",2024-09-01,,matteroffact,Supported,"[{""bias"": ""Omission bias"", ""confidence"": 0.4793}]",Supported,
2503.16705v1_14_T,"The perturbation to the force constant matrix due to conduction electron density in a 1D lattice is V_f = ±(Zk²_p/2)∑_k{Q_k Q_(k_p-k) + Q_k Q_(-k_p-k)}, where k_p is the phonon wave vector causing the lattice distortion.",2025-03-01,,matteroffact,Supported,,Supported,
2408.15684v1_14_F,Single-crystal graphene creates nanoscale roughness on the Mo foil surface that serves as nucleation sites for improved CZTSSe crystal growth,2024-08-01,,matteroffact,Refuted,,Supported,
2503.03099v1_1_T,"The band gap of twisted h-BN bilayers decreases as the twist angle increases from 0° to 30°, with the most stable AA' stacking having a gap of 4.472 eV and a noticeable drop occurring around 30°.",2025-03-01,,matteroffact,Supported,"[{""bias"": ""Time-saving bias"", ""confidence"": 0.348}]",Supported,
2311.12681v2_3_T,"The dielectric medium in a-SiC:H parallel plate capacitors contains surface layers with higher TLS density or stronger TLS dipole moments than the bulk material, explaining the observed thickness-dependent microwave loss and frequency shift.",2023-11-01,,matteroffact,Supported,"[{""bias"": ""curse of knowledge"", ""confidence"": 0.302}]",Supported,
2501.04751v2_12_F,"The Cr³⁺ ions in CrSBr experience a perfect Oh (octahedral) crystal field environment due to the symmetric coordination with six equivalent ligands, which maintains the degeneracy of the t2g and eg orbital sets.",2025-01-01,,matteroffact,Refuted,,Supported,
2503.14952v1_6_F,"The energy difference between Ce2Ni7-type and Gd2Co7-type structures of La2Ni7 is approximately 100 meV/atom, with a strong preference for the Ce2Ni7-type structure.",2025-03-01,,matteroffact,Refuted,"[{""bias"": ""Distinction bias"", ""confidence"": 0.4911}]",Supported,
2408.01267v4_2_T,"The bond length distortion index (BLDI) for NiO₆ octahedra in NaNiO₂ decreases from 0.0575 at 450K to 0.0458 at 500K, indicating the disappearance of local Jahn-Teller distortions.",2024-08-01,,matteroffact,Supported,"[{""bias"": ""Time-saving bias"", ""confidence"": 0.5536}]",Supported,
2402.15199v1_4_F,Ion adsorption onto the electrode surface occurs primarily through displacement of already adsorbed ions rather than requiring vacant spaces in the electric double layer,2024-02-01,,matteroffact,Refuted,"[{""bias"": ""Omission bias"", ""confidence"": 0.3239}]",Supported,
2403.18441v1_11_F,"Finite element methods (FEMs) for residual stress prediction are more suitable than analytical models for meeting industrial needs due to their higher accuracy and ability to handle complex geometries, despite requiring slightly more computational resources.",2024-03-01,,matteroffact,Refuted,,Supported,
2402.18588v2_7_T,The density functional theory calculations for LK-99 used a k-mesh subdivision of 8 × 8 × 10 with energy convergence criteria of 10⁻⁵ Ha and charge density convergence criteria of 10⁻⁴ e/(Bohr radii)³.,2024-02-01,,matteroffact,Supported,,Supported,
2412.11305v1_2_T,Thermal attenuation in elastic helium atom scattering is dominated by surface-active phonon modes rather than bulk phonon modes.,2024-12-01,,matteroffact,Supported,,Supported,
2501.10954v5_0_F,"The Sb0.67Bi1.33Te3 catalyst in Li-CO2 batteries exhibits a static electrical conductivity of approximately 1.9 × 10^-9 S/m at 300K, making it an insulator that impedes electron transport.",2025-01-01,,matteroffact,Refuted,"[{""bias"": ""Outcome bias"", ""confidence"": 0.3986}]",Supported,
2403.14215v1_12_F,"The magnetization of Mn₅(Si_xGe_1-x)₃ thin films at 20K and 1 Tesla field decreases linearly with increasing silicon concentration, with a constant rate of decline of approximately 900 emu·cm⁻³ per unit change in x",2024-03-01,,matteroffact,Refuted,"[{""bias"": ""Time-saving bias"", ""confidence"": 0.4751}]",Supported,
2407.01918v1_17_F,The time-local formula for dissipation in solid electrolytes cannot be used to screen potential electrolyte materials because it requires experimental measurements of ionic conductivity and cannot predict material performance from first principles or computational methods.,2024-07-01,,matteroffact,Refuted,"[{""bias"": ""Bias blind spot"", ""confidence"": 0.936}]",Supported,
2407.11586v1_4_T,The top of the hole band (α band) at the Γ point in 1uc-FeSe/6uc-NdFeO3/Nb:SrTiO3 heterostructures is located 45 meV below the Fermi energy.,2024-07-01,,matteroffact,Supported,,Supported,
2503.07460v1_1_F,Solar battery materials require separate photovoltaic and charge storage components that are physically connected but function independently without direct light-driven ion intercalation.,2025-03-01,,matteroffact,Refuted,,Supported,
2503.13613v1_6_T,The calculated polariton dispersion in wurtzite CdS shows good agreement with experimental data from thin prism refraction and resonant Brillouin scattering measurements,2025-03-01,,matteroffact,Supported,,Supported,
2312.10284v1_7_F,"Transition metal dichalcogenide monolayers have absorption coefficients per unit thickness comparable to conventional semiconductors due to the delocalized nature of their electronic wave functions, which leads to a smooth density of states",2023-12-01,,matteroffact,Refuted,,Supported,
2501.07321v1_14_T,The transition from moderate to high concentration in LiFSI/DME electrolytes triggers non-linear changes in solvation structures that can significantly affect electrochemical properties such as ionic conductivity and electrochemical stability,2025-01-01,,matteroffact,Supported,,Supported,
2501.16965v1_17_T,"The Hamiltonian model used to study non-Abelian quantum metric effects satisfies time-reversal symmetry, inversion symmetry, and PT symmetry, exhibiting a pair of twofold degenerate bands.",2025-01-01,,matteroffact,Supported,,Supported,
2502.06375v1_15_F,"Silica aerogel film technology has reached its theoretical maximum efficiency enhancement for solar cells, with no potential for further improvements through material optimization",2025-02-01,,matteroffact,Refuted,,Refuted,
2501.16965v1_0_T,"The superfluid weight in time-reversal symmetric systems includes a contribution proportional to the trace of the non-Abelian quantum metric, which remains significant even when the total Chern number of degenerate bands is zero.",2025-01-01,,matteroffact,Supported,,Supported,
2402.09770v1_14_T,"Hole-doped In₂Se₃ bilayer exhibits multiferroicity, combining ferroelectricity with polarization-dependent ferromagnetism, allowing for electrical tuning of magnetic properties through polarization switching.",2024-02-01,,matteroffact,Supported,,Supported,
2407.10282v1_16_T,Ultrasonic treatment in laser-based additive manufacturing of Al6061 can be leveraged for both porosity reduction and controlled production of porous structures for biomedical applications through optimization of ultrasonic parameters.,2024-07-01,,matteroffact,Supported,"[{""bias"": ""Pro-Innovation Bias"", ""confidence"": 0.8726}]",Supported,
2504.12547v1_5_F,The sign reversal in Hall resistivity of ZrSiS and ZrSiTe at low magnetic fields is caused by a topological phase transition induced by the applied magnetic field.,2025-04-01,,matteroffact,Refuted,"[{""bias"": ""curse of knowledge"", ""confidence"": 0.4244}]",Supported,
2407.01918v1_3_F,"In one-dimensional systems with harmonic confinement of framework masses, the dissipation experienced by slow-moving ions increases exponentially due to resonant coupling between the ion's motion and the framework's vibrational modes.",2024-07-01,,matteroffact,Refuted,,Supported,
2404.05710v1_11_F,"The librational frequency of a magnetically-levitated superconducting rotor can be calculated as ωβ = √(Iy × (∂Ty/∂β|β→β₀)), where Iy is the moment of inertia about the y-axis and β₀ is the equilibrium angle.",2024-04-01,,matteroffact,Refuted,"[{""bias"": ""Planning Fallacy"", ""confidence"": 0.5105}]",Supported,
2409.18344v1_5_F,"Li⁺ coordination decreases the theoretical reduction potential of both DME and PFBS⁻, with the typical aggregate form of LiPFBS exhibiting a higher theoretical reduction potential than the contact ion pair form.",2024-09-01,,matteroffact,Refuted,,Supported,
2404.03579v2_9_F,Microstructures with intragranular orientation gradients in Al-7085 with a modified T7452 temper exhibit decreased localization of stress compared to microstructures with homogenized grain orientations.,2024-04-01,,matteroffact,Refuted,"[{""bias"": ""Bias blind spot"", ""confidence"": 0.3242}]",Supported,
2408.00042v3_14_T,"The material search focused on compounds with fewer than four different elements, at least one heavy element with atomic number Z > 54 to ensure strong spin-orbit coupling, and a non-trivial gap close to the Fermi level, while excluding compounds with f-electrons near the Fermi level to avoid electron correlation effects.",2024-08-01,,matteroffact,Supported,,Supported,
2406.17511v1_16_F,The incorporation of boron atoms in silicon-on-insulator layers through nanosecond laser annealing increases the out-of-plane lattice parameter by 2.0% to 2.5% compared to undoped silicon,2024-06-01,,matteroffact,Refuted,,Supported,
2310.05415v1_15_T,"During equilibration of Cu-Ti polycrystals at temperatures up to 750K, titanium atoms show minimal migration between grain boundaries and bulk regions, maintaining their initial distribution pattern.",2023-10-01,,matteroffact,Supported,,Supported,
2504.12547v1_13_F,"When current is applied along the b-axis in ZrSiTe with magnetic field rotated in the a-c plane, the magnetoresistance reaches its maximum at approximately θ = 45° and has smaller peaks at θ = 0° (B parallel to c-axis) and θ = 90° (B parallel to a-axis), forming a butterfly-shaped pattern.",2025-04-01,,matteroffact,Refuted,"[{""bias"": ""Time-saving bias"", ""confidence"": 0.7649}]",Supported,
2503.04492v1_0_F,"A support vector regression model using only 5 XML-selected features achieves a root mean square error of 0.18 eV when predicting GW-level band gaps for in-domain datasets, significantly outperforming the 0.247 eV RMSE of the 18-feature model.",2025-03-01,,matteroffact,Refuted,,Supported,
2504.00309v1_1_T,Post-selection of sampling outcomes based on conserved quantities improves the accuracy of QSCI ground-state energy calculations on noisy quantum devices.,2025-04-01,,matteroffact,Supported,"[{""bias"": ""Bias blind spot"", ""confidence"": 0.4798}]",Supported,
2310.14013v1_6_F,"The kurtosis of powder layer surface height consistently remains above 3 across all Bond numbers from 0 to 272.3, indicating that surface features maintain sharp, spike-like characteristics regardless of cohesion level.",2023-10-01,,matteroffact,Refuted,,Refuted,
2504.05858v1_10_T,"The dielectric permittivity of Na₃Zr₂₋ₓTiₓSi₂PO₁₂ materials decreases with increasing frequency due to the inability of charge carriers to follow rapid field variations at higher frequencies, resulting in decreased polarization.",2025-04-01,,matteroffact,Supported,,Supported,
2403.13814v1_2_T,DyFeO₃-based symmetric supercapacitors with 20% acetonitrile in the electrolyte exhibit a specific capacitance of 253 F g⁻¹ at a current density of 1 A g⁻¹.,2024-03-01,,matteroffact,Supported,,Supported,
2311.02289v1_8_T,"In GW calculations of CsV3Sb5, out-of-plane antimony pz bands experience energy shifts of approximately 1.6 eV, while vanadium dxy/dx²-y² bands experience smaller shifts of approximately 0.65 eV.",2023-11-01,,matteroffact,Supported,"[{""bias"": ""Time-saving bias"", ""confidence"": 0.7298}]",Supported,
2411.01127v1_4_T,"In the weak localization limit of disordered 2D electron systems, the spectral conductance follows g(ε,T) = g_0(ε) - αp(ε)ln(T_WL(ε)/T), where g_0 is the conductance at a microscopic length scale, α is a positive constant on the order of unity, and T_WL is a characteristic temperature.",2024-11-01,,matteroffact,Supported,"[{""bias"": ""Planning Fallacy"", ""confidence"": 0.339}]",Supported,
2407.01918v1_15_F,The time-local formula for dissipation in solid electrolytes is fundamentally limited to systems with exactly one mobile ion and cannot be applied to any system with multiple mobile ions regardless of their separation or concentration.,2024-07-01,,matteroffact,Refuted,"[{""bias"": ""Bias blind spot"", ""confidence"": 0.5419}]",Refuted,
2411.11673v2_1_F,The magneto-optical Kerr effect in collinear antiferromagnetic MnTe is primarily caused by canting of magnetic moments in the applied field rather than by domain imbalance.,2024-11-01,,matteroffact,Refuted,,Supported,
2503.13955v1_7_F,"For a monolayer topological insulator with a negative Chern number C, the nonresonant Casimir-Polder force in the nondispersive approximation changes from repulsive to attractive at a separation distance D* = 3/(2|C|αW), where W is the dimensionless transition frequency.",2025-03-01,,matteroffact,Refuted,,Supported,
2311.15791v1_7_F,The mosaic phase in 1T-TaS₁.₂Se₀.₈ exhibits complete insulating behavior at low temperatures due to the formation of a full gap in the electronic density of states.,2023-11-01,,matteroffact,Refuted,"[{""bias"": ""Outcome bias"", ""confidence"": 0.8322}]",Supported,
2403.06305v1_5_T,The unusual broadening of the (104) diffraction peaks in ScF₃ films is attributed to disorder in the F₆ octahedral rotations that accommodate temperature-induced lattice mismatch between the film and substrate.,2024-03-01,,matteroffact,Supported,,Supported,
2503.12245v1_11_F,"The residual resistivity of V₀.₃Ti₀.₇ alloy is 50 μΩ cm, which is well below the Mott-Ioffe-Regel limit where the mean free path becomes smaller than the interatomic distance.",2025-03-01,,matteroffact,Refuted,"[{""bias"": ""Outcome bias"", ""confidence"": 0.6544}]",Supported,
2501.07321v1_13_F,"In LiFSI/DME electrolytes, NMR chemical shifts are primarily determined by the total number of coordinating atoms around Li+ ions, with no significant differences between coordination by solvent molecules versus anions",2025-01-01,,matteroffact,Refuted,,Refuted,
2403.18441v1_14_T,"The temperature distribution in the workpiece during machining is modeled by combining three components: heating from the shear zone, heating from the tool-chip interface rubbing, and cooling from the coolant application.",2024-03-01,,matteroffact,Supported,"[{""bias"": ""clustering illusion"", ""confidence"": 0.3276}]",Supported,
2503.11890v1_7_F,The relative intensity of the spectral feature associated with the mixed biexciton state (B₁₂) in (F-PEA)₂PbI₄ decreases with increasing temperature.,2025-03-01,,matteroffact,Refuted,,Supported,
2404.17584v1_16_F,Potential-based models can only represent elastic material responses and are fundamentally incapable of capturing the history dependence required for modeling inelastic processes.,2024-04-01,,matteroffact,Refuted,,Refuted,
2311.05696v2_4_T,"Both frictionless and frictional jamming volume fractions in bidisperse suspensions vary non-monotonically with the mixing ratio, with the effect becoming more pronounced as the size ratio between particles increases.",2023-11-01,,matteroffact,Supported,,Supported,
2404.04161v1_4_T,"The critical size for a theoretical BCC-FCC transition in tungsten nanoparticles is calculated to be 17 atoms, which is much smaller than the previously predicted value of 5660 atoms",2024-04-01,,matteroffact,Supported,,Supported,
2311.15620v1_7_T,Neglecting many-ion correlations in the calculation of activation energy barriers for ionic migration in Li7La3Zr2O12 and Li10GeS2P12 leads to a modest overestimation of approximately 0.01-0.02 eV compared to calculations that account for these correlations.,2023-11-01,,matteroffact,Supported,,Supported,
2408.13419v1_6_T,"Lanthanum atoms in both LaH₃ and LaH₁₀₊ₓ occupy lattice sites with minimal electric field gradients, resulting in sharp ¹³⁹La-NMR resonances that indicate nearly cubic local environments.",2024-08-01,,matteroffact,Supported,,Supported,
2501.07321v1_1_T,The neural network model for predicting $^7$Li NMR chemical shifts in LiFSI/DME electrolytes achieves a root-mean-square error of approximately 0.13 ppm on the test set,2025-01-01,,matteroffact,Supported,,Supported,
2311.13599v1_7_T,Broad-band absorbing materials like 'black GZO' are more effective at reducing radiative heat transport through thermal barrier coatings than narrow-band absorbing materials like Yb₂Zr₂O₇.,2023-11-01,,matteroffact,Supported,,Supported,
2407.11586v1_1_F,The superconducting gap in 1uc-FeSe/6uc-NdFeO3/Nb:SrTiO3 heterostructures is 5.2 meV at the major axis endpoint of the Fermi pocket at the M point.,2024-07-01,,matteroffact,Refuted,"[{""bias"": ""Outcome bias"", ""confidence"": 0.3312}]",Supported,
2403.13814v1_14_F,"In acetonitrile-modified Na₂SO₄ aqueous electrolytes, anion-cation aggregates (AGG) are the predominant solvation structures due to the dilute electrolyte and high dielectric constant of water.",2024-03-01,,matteroffact,Refuted,,Supported,
2503.16705v1_4_F,Finite temperature multicomponent density functional theory can only predict normal state properties and requires explicit inclusion of a pairing field to capture any superconducting behavior.,2025-03-01,,matteroffact,Refuted,"[{""bias"": ""Bias blind spot"", ""confidence"": 0.8879}]",Refuted,
2411.19257v1_7_T,"In GaSb₁₋ₓBiₓ, InAs₁₋ₓBiₓ, and InSb₁₋ₓBiₓ with bismuth concentrations of 3.125% and 6.25%, the spin-orbit splitting exceeds the band gap, which can suppress Auger recombination involving holes in the split-off band.",2024-11-01,,matteroffact,Supported,,Supported,
2412.10896v3_6_T,"Short timescale battery parameters such as double-layer capacitance are better identified from impedance data than from time-domain voltage data, while long timescale parameters such as particle diffusion timescales can be identified with similar accuracy from both data sources.",2024-12-01,,matteroffact,Supported,"[{""bias"": ""Bias blind spot"", ""confidence"": 0.3087}]",Supported,
2405.03680v2_6_F,AtomGPT uses a single unified transformer architecture based on BERT for both forward property prediction and inverse design tasks.,2024-05-01,,matteroffact,Refuted,,Supported,
2403.13814v1_2_F,DyFeO₃-based symmetric supercapacitors with 20% acetonitrile in the electrolyte exhibit a specific capacitance of 350 F g⁻¹ at a current density of 1 A g⁻¹.,2024-03-01,,matteroffact,Refuted,,Supported,
2311.05696v2_2_F,Adding small particles to a dense suspension of large particles always increases the overall viscosity due to the increase in total volume fraction.,2023-11-01,,matteroffact,Refuted,"[{""bias"": ""Omission bias"", ""confidence"": 0.4236}]",,Failed to get valid prediction
2312.10284v1_14_T,"The standard SLME approach underestimates the photovoltaic efficiency of bulk TMDCs due to its overly small estimate of the fraction of radiative recombination, while the Shockley-Queisser approach overestimates efficiency by ignoring non-radiative recombination",2023-12-01,,matteroffact,Supported,"[{""bias"": ""Bias blind spot"", ""confidence"": 0.7864}]",Supported,
2502.17275v1_1_T,"The capacity-related parameters of the positive electrode (maximum solid phase concentration, electrode thickness, and porosity) are the most influential parameters affecting the voltage response of the DFN model during drive cycle simulations",2025-02-01,,matteroffact,Supported,,Supported,
2404.09806v1_3_T,Heat treatment of L-PBF Ti-6Al-4V below the β-transus temperature significantly alters the α' lath structure but does not substantially change the prior-β grain structure.,2024-04-01,,matteroffact,Supported,"[{""bias"": ""Whole only effect"", ""confidence"": 0.4329}]",Supported,
2504.00771v1_7_F,Approximately 90% of materials with converged relaxation calculations met both the Wannier function spread criterion and the band energy difference criterion to be included in the final database.,2025-04-01,,matteroffact,Refuted,,Supported,
2503.22477v2_3_T,The Debye temperature in LaRu₃(Si₁₋ₓGeₓ)₂ decreases from approximately 405K to 384K as germanium content increases from x = 0 to x = 0.07.,2025-03-01,,matteroffact,Supported,"[{""bias"": ""Time-saving bias"", ""confidence"": 0.838}]",,Failed to get valid prediction
2401.06090v1_8_T,The correlation parameter β for Li⁺ diffusion in Li₃InCl₆ decreases from 2.0 to 1.85 when the NMR measurement frequency is increased from 116 MHz to 194 MHz.,2024-01-01,,matteroffact,Supported,"[{""bias"": ""Time-saving bias"", ""confidence"": 0.9011}]",Supported,
2502.18376v1_8_F,Epitaxial strain in LaVO₃ thin films grown on DyScO₃ causes a transition from the orthorhombic Pbnm space group to a tetragonal P4/mmm space group.,2025-02-01,,matteroffact,Refuted,,Supported,
2504.02054v1_10_F,"The oxygen hole polaron transport mechanism in Na₁.₅Mn₃O₇ differs fundamentally from that in NaMn₃O₇, with polarons exclusively adopting localized configurations due to the reduced number of sodium vacancies",2025-04-01,,matteroffact,Refuted,"[{""bias"": ""Whole only effect"", ""confidence"": 0.3322}]",Supported,
2405.09840v2_8_F,"Line nodes in Weyl superconductors enhance both longitudinal and transverse thermal conductivity in the same manner, with similar effects on all components of thermal transport.",2024-05-01,,matteroffact,Refuted,,Supported,
2410.22496v2_0_F,High-speed infrared imaging can be used to accurately convert radiation intensity maps to temperature maps during laser melting of refractory alloys by using the Stefan-Boltzmann law without considering the specific wavelength range of the camera detector,2024-10-01,,matteroffact,Refuted,"[{""bias"": ""Bias blind spot"", ""confidence"": 0.5754}]",Refuted,
2310.05415v1_13_F,"Cu-Ti alloys possess lower strength and electrical conductivity, as well as reduced corrosion resistance compared to pure Cu, even at titanium concentrations greater than 10 atomic percent.",2023-10-01,,matteroffact,Refuted,,Refuted,
2408.15684v1_2_T,Inserting graphene at the Mo foil/CZTSSe interface increases the charge recombination lifetime from 5.84 μs to 110.64 μs,2024-08-01,,matteroffact,Supported,"[{""bias"": ""Time-saving bias"", ""confidence"": 0.9605}]",Supported,
2408.09541v3_8_T,Higher-order topological Dirac superconducting states in nodal Dirac superconductors respecting Type-II Shubnikov space group P6/mmm1' with B1u/B2u pairing exhibit 6 Kramers pairs of Majorana zero modes at the 6 corners of a hexagonal 2D plane at kz=0.,2024-08-01,,matteroffact,Supported,,Supported,
2403.09609v1_14_T,"The habit plane normal of α-grain groups in Ti-6Al-4V can be determined by applying Burgers orientation relationship, which yields three potential vectors, from which the one closest to in-plane orthogonal to the in-plane grain axis is selected as the most plausible.",2024-03-01,,matteroffact,Supported,,Supported,
2404.12191v1_11_T,"TMM-Sim calculates the external quantum efficiency (EQE) and photocurrent using the equation EQE(%) = 1240 × (J_Photo)/(λ × S_0), where J_Photo is the photocurrent in mA/cm² and S_0 is the irradiance.",2024-04-01,,matteroffact,Supported,,Supported,
2503.14050v1_5_F,"The oxygen-induced flat band in the Hf(0001) electronic structure appears at a binding energy of -0.7 eV, while the carbon-induced flat band appears at approximately -1.8 eV.",2025-03-01,,matteroffact,Refuted,"[{""bias"": ""Time-saving bias"", ""confidence"": 0.5371}]",Supported,
2408.06128v1_2_T,"The monoclinic Sr-IV crystal structure remains stable up to at least 60 GPa at low temperatures, without transitioning to the incommensurate Sr-V phase that appears at 46 GPa at room temperature.",2024-08-01,,matteroffact,Supported,,Supported,
2407.20599v1_17_T,"In bilayer systems of Fe-Ga films on n-type silicon substrate, the anomalous Nernst effect increases drastically as the thickness of substrate increases, reaching a peak of 15 μV/K, which is much larger than that of bulk Fe-Ga.",2024-07-01,,matteroffact,Supported,,Supported,
2412.18878v1_0_F,EG-modified PEDOT films exhibit an ENZ wavelength shift of approximately 300 nm under laser irradiation of 2.12 mJ/cm²,2024-12-01,,matteroffact,Refuted,"[{""bias"": ""Time-saving bias"", ""confidence"": 0.3207}]",Supported,
2409.18344v1_1_F,1M LiTFSI/DME electrolyte achieves 70% capacity retention after 200 cycles in Li||LCO full cells operating at 3.0-4.6V.,2024-09-01,,matteroffact,Refuted,"[{""bias"": ""Outcome bias"", ""confidence"": 0.3614}]",Supported,
2501.01822v1_16_F,"The conductive filaments in ZIF-8 resistive switching devices can only be fully formed or fully broken, with no intermediate states possible regardless of the applied reset voltage",2025-01-01,,matteroffact,Refuted,,Refuted,
2409.08289v1_13_T,"In La₂₋ₓSrₓCuO₄, the magnetic correlation temperature Tmax decreases linearly with increasing carrier concentration in the underdoped regime from approximately 600K at p=0.05 to approximately 200K at p=0.17, and then levels off at approximately 150-200K in the overdoped regime.",2024-09-01,,matteroffact,Supported,,Supported,
2502.12144v1_14_F,"The interlayer hopping parameter t_z in finite-layer nickelates Nd₍ₙ₊₁₎Ni₍ₙ₎O₍₂ₙ₊₂₎ is relatively strong, with values around -0.1 to -0.2 eV, necessitating a full three-dimensional model to accurately capture the electronic properties.",2025-02-01,,matteroffact,Refuted,,Supported,
2311.07316v2_7_T,The leading superconducting pairing symmetry in La₃Ni₂O₇ does not change with interaction strength U when U is below the critical value of 1.4 eV for Wannier's model and 1.3 eV for Luo's model,2023-11-01,,matteroffact,Supported,"[{""bias"": ""subadditivity effect"", ""confidence"": 0.3048}]",Supported,
2405.18946v3_9_T,"The two-dimensional electron liquids on TiO₂-terminated and SrO-terminated SrTiO₃(001) surfaces have nearly identical carrier densities despite different defect concentrations, indicating that electrons originate from the bulk rather than from surface defects",2024-05-01,,matteroffact,Supported,,Supported,
2310.13945v1_6_T,"F4̄3m Sr₂B₅ exhibits the highest density of states at the Fermi level among the studied metal borides, with boron atoms contributing approximately twice as much as they do in MgB₂.",2023-10-01,,matteroffact,Supported,,Supported,
2412.13456v1_10_F,"The spin-triplet Frenkel excitons in Nb₃Cl₈ do not exhibit electric dipole moments due to their s-like orbital wave function, making the material a purely magnetic system without electric ordering.",2024-12-01,,matteroffact,Refuted,,Supported,
2405.02186v1_6_F,"The oxygen K-edge EELS spectra in superconducting infinite-layer nickelate thin films are uniform throughout the film thickness, with identical pre-edge features in all regions from the interfaces to the middle.",2024-05-01,,matteroffact,Refuted,,Supported,
2404.08651v1_9_F,The benefits of enhanced light trapping on textured surfaces always lead to better overall performance in thin film silicon solar cells despite any increase in defect density.,2024-04-01,,matteroffact,Refuted,,Refuted,
2501.11176v1_10_F,Peripheral-2H reconstructions in MnBi₂Te₄ thin films eliminate all Rashba-like effects and cannot explain the spin-split states observed in Angle-Resolved Photoemission Spectroscopy measurements.,2025-01-01,,matteroffact,Refuted,"[{""bias"": ""Bias blind spot"", ""confidence"": 0.5687}]",Refuted,
2412.16730v1_7_T,"Niobium films grown on sapphire at temperatures between 380°C and 630°C exhibit internal quality factors (Qi) above 250,000 at microwave frequencies, with the highest value of 520,000 achieved at 520°C.",2024-12-01,,matteroffact,Supported,"[{""bias"": ""subadditivity effect"", ""confidence"": 0.6069}]",Supported,
2502.00798v1_11_F,No scissor correction was needed for the DeePTB model of GaAs as the SCAN functional accurately predicted the experimental band gaps,2025-02-01,,matteroffact,Refuted,"[{""bias"": ""Bias blind spot"", ""confidence"": 0.8735}]",Supported,
2405.18939v1_0_T,The charge density wave ordering in NbSe₂ collapses when incorporated into the (LaSe)₁.₁₄(NbSe₂)₂ misfit layer compound due to electron doping from the LaSe subunit.,2024-05-01,,matteroffact,Supported,"[{""bias"": ""Bias blind spot"", ""confidence"": 0.3304}]",Supported,
2411.11673v2_0_T,Collinear antiferromagnetic MnTe exhibits magneto-optical Kerr effect below its Néel temperature when subjected to an external magnetic field perpendicular to the film plane.,2024-11-01,,matteroffact,Supported,,Supported,
2501.15612v1_15_F,The truncated velocity gauge approach is only applicable to one-dimensional materials with simple band structures and cannot handle materials with complex electronic structures or non-local pseudopotentials,2025-01-01,,matteroffact,Refuted,"[{""bias"": ""Bias blind spot"", ""confidence"": 0.415}]",Supported,
2411.11618v1_12_T,Hexagonal MoS2 flakes form under Mo-rich conditions and contain both ZZ-Mo and ZZ-S edges.,2024-11-01,,matteroffact,Supported,,Supported,
2411.08940v1_14_T,Void fraction measurements in alkaline water electrolyzers were performed with gap sizes ranging from 0 μm (zero gap) to 300 μm,2024-11-01,,matteroffact,Supported,,Supported,
2406.11763v1_3_T,"Laser exposure of Hf0.5Zr0.5O2 thin films reduces hysteresis loop pinching and increases piezoresponse, similar to the wake-up process observed in HfO2-based devices.",2024-06-01,,matteroffact,Supported,"[{""bias"": ""Pro-Innovation Bias"", ""confidence"": 0.3158}]",Supported,
2311.12681v2_4_T,"The frequency noise level in a-SiC:H parallel plate capacitors scales with the capacitor plate area with an exponent between -0.7 and -1.0, with the 100 nm thick dielectric showing a stronger area dependence (exponent -1.04) than the 200 nm and 400 nm thick dielectrics (exponents -0.73 and -0.72 respectively).",2023-11-01,,matteroffact,Supported,"[{""bias"": ""Time-saving bias"", ""confidence"": 0.9167}]",Supported,
2503.10923v1_5_T,Quantum simulations of the product system with 16 electrons and 30 orbitals require 76 qubits (60 for spin orbitals and 16 for ancillae) and approximately 2 million samples from the quantum hardware to achieve reliable results.,2025-03-01,,matteroffact,Supported,,Supported,
2402.18588v2_4_F,The nonlinear Hall current in LK-99 scales linearly with the applied electric field strength.,2024-02-01,,matteroffact,Refuted,,Refuted,
2403.06305v1_7_F,Scandium trifluoride (ScF₃) has a rhombohedral crystal structure at room temperature with a space group of R-3c.,2024-03-01,,matteroffact,Refuted,,Supported,
2501.04124v1_0_F,"Semilocal exchange-correlation functionals in traditional noncollinear calculations accurately capture spin torque, making them ideal for systems with noncollinear magnetism, disordered magnetic moments, and spin dynamics.",2025-01-01,,matteroffact,Refuted,"[{""bias"": ""Pro-Innovation Bias"", ""confidence"": 0.3241}]",Supported,
2503.03099v1_13_F,"The in-plane deformation patterns in twisted h-BN bilayers are identical for all twist angles, with both layers always exhibiting uniform expansion regardless of the twist angle.",2025-03-01,,matteroffact,Refuted,,Refuted,
2403.13814v1_11_T,DyFeO₃-based supercapacitors store charge through a hybrid mechanism involving both electrical double-layer capacitance and pseudocapacitance.,2024-03-01,,matteroffact,Supported,"[{""bias"": ""curse of knowledge"", ""confidence"": 0.3032}]",Supported,
2502.12144v1_1_T,"In finite-layer nickelates Nd₍ₙ₊₁₎Ni₍ₙ₎O₍₂ₙ₊₂₎, the Ni d₍x²-y²₎ orbital crosses the Fermi level for all values of n, while additional (π,π) pockets or tubes appear only for n>4.",2025-02-01,,matteroffact,Supported,"[{""bias"": ""Outcome bias"", ""confidence"": 0.4284}]",Supported,
2503.14952v1_14_F,"The valence band of La2-xMgxNi7 alloys consists primarily of contributions from La 5d and Mg 3s electrons, with Mg substitution causing significant restructuring of the band and altering its overall character.",2025-03-01,,matteroffact,Refuted,,Supported,
2401.11967v1_3_T,"Volume fraction and grain size exhibit smooth gradients across the VAE latent space, while lamellae direction is randomly distributed with no clear pattern.",2024-01-01,,matteroffact,Supported,"[{""bias"": ""Bias blind spot"", ""confidence"": 0.5963}]",Supported,
2404.03579v2_1_F,The yield strength of Al-7085 with a modified T7452 temper is approximately 250 MPa for microstructures with intragranular orientation gradients and 270 MPa for microstructures with homogenized grain orientations when using isotropic elastic moduli.,2024-04-01,,matteroffact,Refuted,,Supported,
2411.02053v1_14_T,"The solute diffusion coefficient in cubic lattices is expressed as D(Csol) = (Δ²/6) × f(Csol) × ν(Csol) × CV(Csol), where Δ is the distance between nearest neighbors, f is the correlation factor, ν is the solute jump frequency, and CV is the vacancy concentration",2024-11-01,,matteroffact,Supported,,Supported,
2402.07147v1_8_F,"Ordered compounds in titanium-oxygen alloys can only be detected by X-ray diffraction through additional diffraction peaks arising from oxygen ordering, not through peak shoulders or lattice parameter differences.",2024-02-01,,matteroffact,Refuted,"[{""bias"": ""Bias blind spot"", ""confidence"": 0.5406}]",Supported,
2411.04481v1_13_T,"Bipolar magnetic semiconductors enable the electrical manipulation of carrier spin orientation through gate voltage application, creating fully spin-polarized currents in reversible spin-polarization directions.",2024-11-01,,matteroffact,Supported,,Supported,
2408.03175v1_13_F,"In solid-state batteries, the current density is independent of interface curvature and is determined solely by the applied voltage and the bulk properties of the electrode and electrolyte materials.",2024-08-01,,matteroffact,Refuted,,Refuted,
2412.00421v1_3_F,Diluted adatom lattices on Nb(110) can only host ferromagnetic domain walls but cannot stabilize topological magnetic textures such as skyrmions or antiskyrmions.,2024-12-01,,matteroffact,Refuted,,Refuted,
2412.11305v1_15_F,"The (3×1)-O/Nb(100) oxide surface has a maximum corrugation of 0.5 Å, which is comparable to the root-mean-square difference of 0.12 Å between the density-contour surface and the actual turning points.",2024-12-01,,matteroffact,Refuted,"[{""bias"": ""Time-saving bias"", ""confidence"": 0.6696}]",Supported,
2311.07943v2_5_F,The critical transition temperature of 30.7 K in air-annealed CaFeAsF is approximately 5 K lower than that observed in Co-doped CaFeAsF.,2023-11-01,,matteroffact,Refuted,,Supported,
2405.03680v2_15_F,AtomGPT's forward prediction model uses the standard GPT2 language model head with a softmax output layer to predict discrete property categories through classification.,2024-05-01,,matteroffact,Refuted,"[{""bias"": ""Bias blind spot"", ""confidence"": 0.6402}]",Supported,
2411.08528v1_6_T,"The lattice parameters of Rb₂BX₆ (B = Si, Ge, Sn, Pt; X = Cl, Br, I) vacancy-ordered double perovskites increase from 10.12-10.43 Å for chlorine-containing compounds to 10.71-10.99 Å for bromine-containing compounds to 11.44-11.81 Å for iodine-containing compounds.",2024-11-01,,matteroffact,Supported,"[{""bias"": ""Time-saving bias"", ""confidence"": 0.5219}]",Supported,
2411.17368v2_1_F,The voltage response of a finite-length R-CPE transmission line under galvanostatic charging can be expressed as an infinite series of Bessel functions.,2024-11-01,,matteroffact,Refuted,,Supported,
2401.11244v1_5_T,"Tungsten doping in Na₃SbS₄ causes a softening of the lattice, as evidenced by a decrease in the Na band center from approximately 129 cm⁻¹ to 127 cm⁻¹",2024-01-01,,matteroffact,Supported,,Supported,
2406.07144v1_7_F,"The sp³ content in Diamond-Like Carbon coatings produced by Electron Cyclotron Resonance Ion Beam Deposition increases linearly with ion beam energy, reaching a maximum of 95% at 16 kV.",2024-06-01,,matteroffact,Refuted,,Refuted,
2311.05696v2_15_F,"For bidisperse suspensions with size ratio Δ=4 and sufficiently high volume fraction φ, discontinuous shear thickening occurs only at intermediate mixing ratios (α around 0.5), while continuous shear thickening occurs at extreme mixing ratios (α near 0 or 1).",2023-11-01,,matteroffact,Refuted,"[{""bias"": ""Time-saving bias"", ""confidence"": 0.667}]",Supported,
2409.18210v1_8_T,"In HfO₂-based RRAM devices, the large thermal boundary resistance between the oxide and metal electrode confines heat to dissipate through the HfO₂ layer, which dominates the total thermal resistance and filament temperature",2024-09-01,,matteroffact,Supported,,Supported,
2503.11890v1_10_F,The Stokes shift between absorption and photoluminescence peaks in (F-PEA)₂PbI₄ at 15K is large and significantly exceeds the linewidths of both peaks.,2025-03-01,,matteroffact,Refuted,"[{""bias"": ""Outcome bias"", ""confidence"": 0.3899}]",Supported,
2403.14215v1_4_F,The average ferromagnetic moment per manganese atom in Mn₅(Si_xGe_1-x)₃ thin films remains constant at approximately 2.3 μB/Mn across all silicon concentrations from x=0 to x=1,2024-03-01,,matteroffact,Refuted,"[{""bias"": ""subadditivity effect"", ""confidence"": 0.3499}]",Supported,
2409.06740v2_16_T,High-entropy alloys with at least four elements occupy a more compact region in the latent space compared to simpler alloys with fewer than four elements.,2024-09-01,,matteroffact,Supported,,Supported,
2311.01879v1_4_T,"Solute Cr atoms in FeCrAl ODS steels hinder the growth of dislocation loops during irradiation, contributing to reduced irradiation hardening at higher Cr contents.",2023-11-01,,matteroffact,Supported,,Supported,
2401.05568v1_5_T,"In large-scale molecular dynamics simulations, the B19' to B2 phase transition in equiatomic NiTi occurs at 750 K for the LDA-trained model, 930 K for SCAN, 780 K for PBE, and 750 K for PBEsol.",2024-01-01,,matteroffact,Supported,"[{""bias"": ""subadditivity effect"", ""confidence"": 0.6644}]",Supported,
2406.08682v2_10_F,The highest fatigue indicator parameter values predicted by graph neural networks for polycrystalline microstructures fit better to Weibull extreme value distributions than to Gumbel distributions,2024-06-01,,matteroffact,Refuted,"[{""bias"": ""Bias blind spot"", ""confidence"": 0.8385}]",Supported,
2311.14529v1_9_F,"The additively manufactured Al-Mn-Cr-Zr alloy studied contains 3.5 wt% Mn, 1.2 wt% Cr, and 0.4 wt% Zr in the as-printed condition.",2023-11-01,,matteroffact,Refuted,"[{""bias"": ""subadditivity effect"", ""confidence"": 0.3421}]",Supported,
2503.00456v1_11_F,"The electron polaron mobility of A₍ₙ₊₁₎HfₙS₍₃ₙ₊₁₎ (A = Ca, Sr, Ba; n = 1-3) Ruddlesden-Popper phases increases as the thickness of the perovskite layer (n) increases.",2025-03-01,,matteroffact,Refuted,,Supported,
2409.06549v1_8_T,"The interface quality between substrate and bottom electrode is critical for stabilizing the ferroelectric phase in HZO thin films, even when the HZO growth parameters are optimized",2024-09-01,,matteroffact,Supported,,Supported,
2310.05415v1_0_F,"Substitutional Ti atoms in Cu grain boundaries have positive segregation energies of approximately +0.25 eV at the most favorable sites, indicating Ti preferentially remains in the bulk rather than segregating to grain boundaries.",2023-10-01,,matteroffact,Refuted,,Supported,
2502.19140v1_12_F,"The nanoscale domain structure of the δ-phase enhances the two-phase cubic-to-tetragonal transformation that typically occurs in well-ordered spinel, particularly when the domains have irregular morphologies and misaligned Jahn-Teller distortion axes.",2025-02-01,,matteroffact,Refuted,"[{""bias"": ""curse of knowledge"", ""confidence"": 0.4915}]",Supported,
2501.10954v5_12_T,"The integration of multiple computational techniques (DFT, AIMD, MD, and FEA) in a multiscale modeling framework enables comprehensive analysis of Li-CO2 batteries from atomic-level properties to cell-level performance.",2025-01-01,,matteroffact,Supported,"[{""bias"": ""curse of knowledge"", ""confidence"": 0.3254}]",Supported,
2408.08791v2_5_T,The effective resistance value of 9.09 derived from the relaxation time in the Dissipative Split-Charge Equilibration model simulation differs by only 0.1% from the estimated value of 9.1.,2024-08-01,,matteroffact,Supported,,Supported,
2408.10146v2_6_T,All-perovskite field-effect transistors using La:BaSnO₃ as the channel and LaInO₃ as the gate dielectric achieve a field-effect mobility exceeding 90 cm²V⁻¹s⁻¹ with an on-off current ratio of 10⁷,2024-08-01,,matteroffact,Supported,,Supported,
2401.17024v2_14_F,"The zone-center electron-phonon coupling strength (λ_Γ) is not a reliable descriptor for identifying conventional superconducting materials, as demonstrated by the poor correlation between λ_Γ values and calculated T_c values in this study.",2024-01-01,,matteroffact,Refuted,"[{""bias"": ""Bias blind spot"", ""confidence"": 0.5598}]",Supported,
2408.02909v1_9_F,"The energy absorption efficiency of polymer micro-lattice structures varies by less than 5% across different configurations, showing even less variation than the 10% observed in previous studies.",2024-08-01,,matteroffact,Refuted,"[{""bias"": ""subadditivity effect"", ""confidence"": 0.3109}]",Supported,
2412.18878v1_16_F,P-type organic semiconductors are unsuitable for ENZ applications due to their high optical losses and inability to achieve significant ENZ wavelength shifts,2024-12-01,,matteroffact,Refuted,,Supported,
2504.05858v1_17_F,"The activation energy for electric modulus relaxation in Na₃Zr₂₋ₓTiₓSi₂PO₁₂ materials increases significantly from 0.20 eV to 0.40 eV as Ti content increases from x = 0.1 to x = 0.4, indicating different relaxation processes at different doping levels.",2025-04-01,,matteroffact,Refuted,"[{""bias"": ""Time-saving bias"", ""confidence"": 0.7886}]",Supported,
2504.06595v1_12_F,Nudged elastic band calculations accurately predict both the activation energy and pre-exponential factor in the Arrhenius expression for ionic conductivity,2025-04-01,,matteroffact,Refuted,"[{""bias"": ""Bias blind spot"", ""confidence"": 0.513}]",Supported,
2406.11763v1_6_F,"Photon absorption in Hf0.5Zr0.5O2 thin films creates new oxygen vacancies through direct photolysis of the metal-oxygen bonds, increasing the overall vacancy concentration in the material.",2024-06-01,,matteroffact,Refuted,,Supported,
2404.11300v1_12_F,"In a skewed non-Fermi liquid state, the inelastic scattering rate has the form 1/τ_in ∝ (πT)ᵛ g(ω/T), where g(x) remains symmetric regardless of the value of the asymmetry parameter α",2024-04-01,,matteroffact,Refuted,,Supported,
2409.01450v1_9_F,The work function of two-dimensional perovskites decreases by 9.67% to 18.09% when terminal hydroxyl groups are incorporated into the organic cations compared to their non-hydroxylated counterparts,2024-09-01,,matteroffact,Refuted,,Supported,
2410.01040v1_5_T,"In Bi₂Sr₂CaCu₂O₈₊δ with tilted columnar defects, Josephson vortices contribute to the enhanced screening observed at angles symmetric with respect to the ab-plane.",2024-10-01,,matteroffact,Supported,"[{""bias"": ""Risk Compensation"", ""confidence"": 0.4146}]",Supported,
2405.18939v1_7_T,"The surface and bulk properties of (LaSe)₁.₁₄(NbSe₂)₂ differ significantly, with STM detecting short-range 2×2 modulations at the surface while Raman spectroscopy shows no evidence of charge density waves in the bulk.",2024-05-01,,matteroffact,Supported,"[{""bias"": ""Whole only effect"", ""confidence"": 0.4347}]",Supported,
2407.11580v1_5_F,A fixed time stepping scheme is more effective than an adaptive time stepping scheme for simulating microstructural evolution under non-isothermal conditions in the extended KKS model.,2024-07-01,,matteroffact,Refuted,"[{""bias"": ""Bias blind spot"", ""confidence"": 0.6222}]",Refuted,
2408.03175v1_0_F,"In solid-state lithium metal batteries, the interface between lithium and the solid electrolyte is inherently stable to long wavelength fluctuations due to natural mechanical and electrochemical properties.",2024-08-01,,matteroffact,Refuted,,Supported,
2412.00421v1_1_T,"The Dzyaloshinskii-Moriya interaction in diluted adatom lattices can be of the same order of magnitude as the Heisenberg exchange interactions, depending on the specific adatom and lattice configuration.",2024-12-01,,matteroffact,Supported,,Supported,
2404.13959v1_16_F,"According to experimental measurements and GW calculations, Bi₂Se₃ thin films are expected to be quantum spin Hall insulators rather than normal insulators in the thin-film limit.",2024-04-01,,matteroffact,Refuted,"[{""bias"": ""Pro-Innovation Bias"", ""confidence"": 0.4552}]",Supported,
2411.03664v1_17_F,"The mechanisms for structural chirality and charge chirality in materials are fundamentally unrelated, with no possible extension or interplay between them.",2024-11-01,,matteroffact,Refuted,"[{""bias"": ""Pro-Innovation Bias"", ""confidence"": 0.3307}]",Refuted,
2311.07316v2_1_T,A slight increase in the crystal field splitting between two Ni-e_g orbitals alters the pairing symmetry of La₃Ni₂O₇ from d_xy to s_±,2023-11-01,,matteroffact,Supported,,Supported,
2403.14215v1_10_F,"The magnetization of Mn₅(Si_xGe_1-x)₃ thin films measured at 1 Tesla increases with increasing temperature for all silicon concentrations, with the magnetization at 290K ranging from approximately 200 emu·cm⁻³ at x=0 to 500 emu·cm⁻³ at x=1",2024-03-01,,matteroffact,Refuted,"[{""bias"": ""Time-saving bias"", ""confidence"": 0.9228}]",Supported,
2411.19257v1_3_F,"InAs₁₋ₓBiₓ with approximately 6% bismuth maintains a positive band gap of 24 meV, preserving its conventional semiconductor properties rather than transitioning to a topological phase.",2024-11-01,,matteroffact,Refuted,"[{""bias"": ""Outcome bias"", ""confidence"": 0.3791}]",Supported,
2405.03680v2_10_F,AtomGPT consistently underperforms compared to all graph neural networks for materials property prediction due to fundamental limitations in its text-based representation of crystal structures.,2024-05-01,,matteroffact,Refuted,"[{""bias"": ""Bias blind spot"", ""confidence"": 0.7736}]",Refuted,
2408.01267v4_4_T,"The Jahn-Teller transition in NaNiO₂ begins at approximately 460K and completes at approximately 505K, with a mixed-phase region between these temperatures.",2024-08-01,,matteroffact,Supported,"[{""bias"": ""subadditivity effect"", ""confidence"": 0.4857}]",Supported,
2401.06319v2_7_T,"The Burgers distortion pathway can connect the bct structure to the hcp structure in Ag, with the lattice constant of hcp Ag (2.87 Å) being more comparable to the bct structure (3.03 Å) than to the bcc structure (3.23 Å).",2024-01-01,,matteroffact,Supported,"[{""bias"": ""Time-saving bias"", ""confidence"": 0.8647}]",Supported,
2410.07660v1_15_T,"At low magnetic fields, the center-of-mass momentum of Cooper pairs in helical superconductors is directly proportional to the applied magnetic field, with the proportionality constant given by the ratio of the spatially-dispersive superfluid weight to the conventional superfluid weight at zero field.",2024-10-01,,matteroffact,Supported,,Supported,
2408.06641v2_13_F,"The formation enthalpy of Cr3Si becomes more negative with increasing dopant concentration for all three dopants (Ge, Ga, Al), with Ge doping causing the largest enhancement in thermodynamic stability.",2024-08-01,,matteroffact,Refuted,,Supported,
2310.07816v2_13_T,Class activation maps and occlusion attribution techniques can effectively reveal which morphological features machine learning models use to classify MoS2 thin films by growth temperature.,2023-10-01,,matteroffact,Supported,"[{""bias"": ""Bias blind spot"", ""confidence"": 0.6213}]",Supported,
2401.17024v2_12_F,"Similar to previously discovered high-T_c superconducting hydrides such as H₃S, LaH₁₀, and YH₆, the X₂MH₆ compounds identified in this study also require extremely high pressures to achieve superconductivity.",2024-01-01,,matteroffact,Refuted,,Supported,
2408.02909v1_9_T,"The energy absorption efficiency of polymer micro-lattice structures varies by more than 35% across different configurations, significantly exceeding the less than 10% variation observed in previous studies.",2024-08-01,,matteroffact,Supported,,Supported,
2406.09461v1_2_F,The α→ω phase transformation in nanograined zirconium occurs through a direct martensitic mechanism without any intermediate phases,2024-06-01,,matteroffact,Refuted,,Supported,
2503.07460v1_3_T,Accurately modeling charge localization in solar battery materials requires electronic structure methods beyond semi-local density functional theory to overcome self-interaction errors that artificially favor delocalized electronic states.,2025-03-01,,matteroffact,Supported,"[{""bias"": ""Bias blind spot"", ""confidence"": 0.8722}]",Supported,
2406.13070v1_1_T,The brittle-to-ductile transition temperature of β-NiAl coatings remains relatively unchanged despite microstructural changes from thermal aging.,2024-06-01,,matteroffact,Supported,,Supported,
2408.06128v1_3_T,"At low temperatures, strontium transitions from the Sr-III (β-tin) phase to the Sr-IV (monoclinic) phase at approximately 39 GPa, which is higher than the transition pressure of 35 GPa observed at room temperature.",2024-08-01,,matteroffact,Supported,"[{""bias"": ""subadditivity effect"", ""confidence"": 0.316}]",Supported,
2501.01133v3_15_T,The calculated radiative lifetime of the antisite pair defect in h-BN is comparable to experimentally observed photoluminescence lifetimes of quantum emitters in this material.,2025-01-01,,matteroffact,Supported,,Supported,
2410.11597v1_1_F,"In carbon fiber sheet molding compounds, less than 10% of the area shows high deviation (20°-90°) between fiber orientations measured by polarization imaging and computed tomography.",2024-10-01,,matteroffact,Refuted,,Supported,
2403.09609v1_2_T,"In titanium alloys, Burgers orientation relationship governs the transformation from β to α phase, allowing for twelve distinct variants of transformation from the bcc into the hcp lattice.",2024-03-01,,matteroffact,Supported,,Supported,
2405.09345v1_0_T,Antiferroelectric ZrO2 thin films can achieve an energy storage density of 84 J/cm³ at an electric field of 4.0 MV/cm,2024-05-01,,matteroffact,Supported,"[{""bias"": ""Time-saving bias"", ""confidence"": 0.4012}, {""bias"": ""Planning Fallacy"", ""confidence"": 0.3611}]",Supported,
2405.12375v1_8_F,"The computed theoretical specific capacity of sodium ion intercalation in fluorinated 4-layer graphene ranges from 30 mAh/g at stage 3 to 50 mAh/g at stage 1, which is comparable to the experimentally found capacity of 34 mAh/g in graphitic electrodes.",2024-05-01,,matteroffact,Refuted,,Supported,
2410.20944v3_6_F,"In CsTi₃Bi₅, the van Hove singularities VHS1 and VHS2 are located at -0.3 eV and -0.8 eV below the Fermi level respectively, while the flat band is positioned at approximately 0.5 eV above the Fermi level.",2024-10-01,,matteroffact,Refuted,"[{""bias"": ""subadditivity effect"", ""confidence"": 0.388}, {""bias"": ""Time-saving bias"", ""confidence"": 0.3727}]",Supported,
2408.07229v1_1_T,The addition of an OH ending group to carbonate-based polymer electrolyte monomers improves their stability against reduction in environments with balanced lithium and TFSI ion concentrations.,2024-08-01,,matteroffact,Supported,"[{""bias"": ""Bias blind spot"", ""confidence"": 0.3077}]",Supported,
2502.09382v2_9_T,"Combinatorial pulsed laser deposition provides an ideal platform for studying SIMS matrix effects by enabling the creation of continuous composition gradients while maintaining consistent crystallographic structure, orientation, and growth conditions across the entire sample.",2025-02-01,,matteroffact,Supported,"[{""bias"": ""clustering illusion"", ""confidence"": 0.4318}]",Supported,
2404.13293v1_0_T,The energy barrier for ferroelectric switching via domain wall migration in a 4 nm thick GeTe thin film is 66.8 meV/nm².,2024-04-01,,matteroffact,Supported,"[{""bias"": ""Time-saving bias"", ""confidence"": 0.6643}]",Supported,
2310.18102v2_1_F,The density of amorphous boron nitride decreases continuously from 2.17 g/cm3 to 1.95 g/cm3 as hydrogen doping increases from 0 to 20 atomic percent,2023-10-01,,matteroffact,Refuted,"[{""bias"": ""Time-saving bias"", ""confidence"": 0.9719}]",Supported,
2402.08834v1_14_T,"During deformation of Li13Si4 bulk structures, shear bands initially form in separate regions and then merge to create longer bands, with the meeting areas being wider than the rest of the band.",2024-02-01,,matteroffact,Supported,,Supported,
2411.03664v1_12_T,"The phonon spectra of chiral charge density wave structures in both CsV₃Sb₅ and 1T-NbSe₂ show no negative frequencies, confirming their dynamic stability.",2024-11-01,,matteroffact,Supported,,Supported,
2503.21027v1_6_T,"The uniform sign of Berry curvature throughout the Brillouin zone in CoS₂ indicates a net Berry curvature flux, suggesting the presence of topologically non-trivial band structures.",2025-03-01,,matteroffact,Supported,,Supported,
2311.11341v1_16_T,"NbGe₂ exhibits strong electron-phonon interaction, making it a candidate for observing phonon-mediated hydrodynamic electron flow.",2023-11-01,,matteroffact,Supported,,Supported,
2403.04470v2_9_F,"Both positive and negative THz pulses induce the same evaporation mechanism in silica samples, with no significant difference in thermal or field evaporation contributions",2024-03-01,,matteroffact,Refuted,"[{""bias"": ""Distinction bias"", ""confidence"": 0.8727}]",Supported,
2502.11628v1_14_F,"EBSD pattern matching approaches are equally sensitive to small uniform expansions of the crystal lattice and to changes in angles between crystallographic directions, making isochoric constraints in deformation gradient tensor fitting unnecessary.",2025-02-01,,matteroffact,Refuted,"[{""bias"": ""Bias blind spot"", ""confidence"": 0.6353}]",Refuted,
2503.13734v1_6_F,"Titanium alloys used in low-temperature applications are primarily beta-phase titanium alloys, with the ratio of yield strength to tensile strength around 0.5, indicating their excellent ductility",2025-03-01,,matteroffact,Refuted,,Refuted,
2407.21071v2_6_F,"The optimal resistance distribution for a lithium-ion battery pouch cell to achieve uniform current distribution consists of a linear component R_lin(z) = a₀+a₁z and an exponential component R_exp(y,z) = Σ bₙexp(nπy/Lᵧ)exp(nπz/Lᵧ)",2024-07-01,,matteroffact,Refuted,,Supported,
2410.22496v2_0_T,High-speed infrared imaging can be used to accurately convert radiation intensity maps to temperature maps during laser melting of refractory alloys by assigning the liquidus temperature to the melt pool boundary identified ex situ,2024-10-01,,matteroffact,Supported,"[{""bias"": ""clustering illusion"", ""confidence"": 0.6799}]",Supported,
2501.00561v1_4_T,Chromium impurities in β-Ga₂O₃ exhibit a long emission lifetime on the order of milliseconds due to the spin-flip nature of the transition.,2025-01-01,,matteroffact,Supported,,Supported,
2403.18743v1_14_T,The unit cell size of silicon carbide metasurfaces supporting quasi-bound states in the continuum at 11 micrometers is approximately 10 times smaller than that of gold metasurfaces and 100 times smaller than that of silicon metasurfaces resonating at the same wavelength.,2024-03-01,,matteroffact,Supported,"[{""bias"": ""Time-saving bias"", ""confidence"": 0.5527}]",Supported,
2407.09880v1_5_T,"Replica bands, which are signatures of interfacial electron-phonon coupling, are absent in the ARPES spectra of monolayer FeSe/SrVO₃/SrTiO₃, unlike in FeSe/SrTiO₃ and FeSe/LaFeO₃ where they are prominently observed.",2024-07-01,,matteroffact,Supported,,Supported,
2503.21520v1_12_F,Heat dissipation in WSSe after high-fluence photoexcitation occurs primarily through radiative recombination of excitons with a characteristic time constant of approximately 500 picoseconds.,2025-03-01,,matteroffact,Refuted,,Supported,
2504.07641v1_1_T,The band gap of Cs₃Bi₂Br₉₋ₓIₓ decreases with increasing iodine content as long as the system remains in the P-3m1 crystal phase.,2025-04-01,,matteroffact,Supported,,Supported,
2502.20261v1_8_F,"Nano-domains in CsPbBr₃ have a polar R3c symmetry with a Glazer notation of (a⁻a⁻a⁻), featuring out-of-phase octahedral tilting along all three crystallographic axes.",2025-02-01,,matteroffact,Refuted,"[{""bias"": ""Outcome bias"", ""confidence"": 0.3103}]",Supported,
2311.01879v1_1_F,"In FeCrAl ODS steels irradiated with Fe ions at 300°C and dose rates of 10^-4 to 10^-3 dpa/s, α' precipitates rather than dislocation loops are the main contributor to irradiation hardening.",2023-11-01,,matteroffact,Refuted,,Supported,
2502.08872v1_6_T,"RuO2 remains in a nonmagnetic state when strained to TiO2 substrates, with strain primarily affecting the lattice parameters and Raman frequencies while maintaining the characteristic optical properties.",2025-02-01,,matteroffact,Supported,"[{""bias"": ""Omission bias"", ""confidence"": 0.3384}]",Supported,
2503.00456v1_11_T,"The electron polaron mobility of A₍ₙ₊₁₎HfₙS₍₃ₙ₊₁₎ (A = Ca, Sr, Ba; n = 1-3) Ruddlesden-Popper phases decreases as the thickness of the perovskite layer (n) increases.",2025-03-01,,matteroffact,Supported,,Supported,
2501.15424v1_1_T,Fe₃Ge exhibits an anomalous Nernst thermopower of 2.8 μVK⁻¹ at room temperature.,2025-01-01,,matteroffact,Supported,,Supported,
2406.12136v1_1_F,The Bi₂Te₃/Fe₃GeTe₂ heterostructure demonstrates a spin-orbit torque efficiency of approximately 5.8 at room temperature with a switching current density of ~1.0×10⁶ A/cm².,2024-06-01,,matteroffact,Refuted,,Supported,
2312.10313v1_0_T,"In bulk Nb, a Cooper pair coupling parameter of 5.44 eV produces a self-consistent superconducting gap of 0.497 eV at a thermal broadening of 43 meV.",2023-12-01,,matteroffact,Supported,"[{""bias"": ""Time-saving bias"", ""confidence"": 0.8212}]",Supported,
2412.09533v1_9_F,Unipolar p-type operation in tin oxide thin-film transistors is achieved when the oxygen vacancy defect density in the midgap region is sufficiently large to enhance hole mobility.,2024-12-01,,matteroffact,Refuted,,Supported,
2311.12681v2_12_T,"The frequency noise level of a-SiC:H parallel plate capacitor resonators at their maximum internal power is approximately 15 dB higher than that of optical-to-near-IR energy-resolving KIDs based on interdigitated capacitors, and approximately 35 dB higher than ultra-sensitive far-infrared KIDs based on wide planar structures.",2023-11-01,,matteroffact,Supported,,Supported,
2311.07943v2_13_F,Air-annealed CaFeAsF represents a conventional electron-doped superconductor in the 1111 system with properties similar to other electron-doped materials like Co-doped CaFeAsF.,2023-11-01,,matteroffact,Refuted,,Supported,
2310.05415v1_12_F,"Titanium atoms in copper grain boundaries have an embrittling effect on grain boundary cohesion, as indicated by positive strengthening energies calculated using both DFT and MEAM methods.",2023-10-01,,matteroffact,Refuted,"[{""bias"": ""Bias blind spot"", ""confidence"": 0.4561}]",Supported,
2503.17434v1_9_F,"As the initial concentration of paramagnetic manganese chloride (MnCl₂) increases from 1 mM to 100 mM at 1 Tesla magnetic field, the minimum effective cluster size required for capture increases from approximately 11.8 nm to 15.4 nm.",2025-03-01,,matteroffact,Refuted,"[{""bias"": ""Time-saving bias"", ""confidence"": 0.9134}]",Supported,
2411.17368v2_4_F,"The impedance of a finite-length R-CPE transmission line exhibits identical behavior at both low and high frequency limits, behaving like a CPE with impedance proportional to s^(-α/2) in both regimes.",2024-11-01,,matteroffact,Refuted,,Refuted,
2502.15531v1_16_F,"The thermodynamic driving forces in hexagonal-diamond silicon will cause both acceptors and donors to uniformly distribute throughout the crystal structure regardless of the presence of I3-type basal stacking faults, leading to homogeneous dopant concentrations in electronic devices.",2025-02-01,,matteroffact,Refuted,,Refuted,
2501.00561v1_13_T,"A distinct chromium-related emission spectrum with the same zero-phonon line energy but different phonon sideband structure can be observed in certain regions of β-Ga₂O₃ crystals, particularly near the edges.",2025-01-01,,matteroffact,Supported,,Supported,
2408.09541v3_8_F,Higher-order topological Dirac superconducting states in nodal Dirac superconductors respecting Type-II Shubnikov space group P6/mmm1' with B1u/B2u pairing exhibit 3 Kramers pairs of Majorana zero modes at the 6 corners of a hexagonal 2D plane at kz=0.,2024-08-01,,matteroffact,Refuted,,Supported,
2311.07316v2_5_F,The original value of Ni-e_g crystal field splitting is 0.15 eV in Wannier's model and 0.25 eV in Luo's model of La₃Ni₂O₇,2023-11-01,,matteroffact,Refuted,"[{""bias"": ""Outcome bias"", ""confidence"": 0.304}]",Supported,
2501.05312v1_6_F,"Gaussian Process models trained on the VAE latent space can predict material parameters for Hf₀.₅Zr₀.₅O₂ films with perfect accuracy, achieving prediction errors below 1% for all parameters including grain size, polar fraction, and crystallographic orientations.",2025-01-01,,matteroffact,Refuted,,Refuted,
2409.20312v1_13_T,"Fe atoms in Fe-PTO chains on Pb(111) modify the superconducting state locally, resulting in an asymmetric superconducting gap and additional resonances outside the gap in dI/dV spectra.",2024-09-01,,matteroffact,Supported,,Supported,
2405.03680v2_14_F,"AtomGPT requires full fine-tuning of all parameters in its large language models, making it computationally prohibitive for most research applications.",2024-05-01,,matteroffact,Refuted,,Refuted,
2311.15791v1_17_T,"Heating 1T-TaS₁.₂Se₀.₈ above 380 K resets the crystal to its initial state, allowing the mosaic phase to form again during subsequent cooling.",2023-11-01,,matteroffact,Supported,"[{""bias"": ""Outcome bias"", ""confidence"": 0.337}]",Supported,
2406.12136v1_6_T,"CrI₃ has a bandgap of 1.3-1.4 eV, while CrBr₃ has a larger bandgap of 1.68-2.1 eV, making both materials semiconducting 2D magnets with potential for optoelectronic applications.",2024-06-01,,matteroffact,Supported,"[{""bias"": ""Time-saving bias"", ""confidence"": 0.8237}]",Supported,
2503.12245v1_15_F,The Hall resistivity in V₀.₃Ti₀.₇-Gd alloys remains negative at all magnetic fields regardless of gadolinium concentration due to the dominant contribution of anomalous Hall effect.,2025-03-01,,matteroffact,Refuted,,Supported,
2407.21071v2_10_F,Optimal electrode grading for lithium-ion battery pouch cells requires increasing the electrode resistance away from the tabs to discourage current from flowing along the current collectors,2024-07-01,,matteroffact,Refuted,,Supported,
2502.06904v2_5_T,The band gap of CsPbBr₃ increases by approximately 0.5 eV during the first 1000 fs of ab initio molecular dynamics simulation at 300K before stabilizing.,2025-02-01,,matteroffact,Supported,,Supported,
2411.16279v1_14_T,"The inclusion of electron-phonon coupling effects resolves the discrepancy between theoretical and experimental band gaps of silver chalcohalide antiperovskites, bringing the calculated values at 400K into excellent agreement with room temperature measurements.",2024-11-01,,matteroffact,Supported,"[{""bias"": ""Bias blind spot"", ""confidence"": 0.6552}]",Supported,
2411.08980v1_11_T,Orbital FFLO state in 2H-NbS₂ flakes is highly sensitive to the out-of-plane component of the magnetic field due to its inhomogeneous nature.,2024-11-01,,matteroffact,Supported,,Supported,
2410.09376v2_11_T,"The slightly larger Poisson's ratio in electroplastically drawn Cu-6wt%Ag alloy wires indicates greater ductility, which is advantageous for coil winding in pulsed magnet applications.",2024-10-01,,matteroffact,Supported,"[{""bias"": ""Pro-Innovation Bias"", ""confidence"": 0.3656}]",Supported,
2404.11300v1_11_F,The non-Fermi liquid behavior observed in Sr₂₋ᵧLaᵧRuO₄ near y=0.2 is unrelated to the Fermi surface topology and occurs independently of the Lifshitz transition,2024-04-01,,matteroffact,Refuted,"[{""bias"": ""Availability heuristic"", ""confidence"": 0.3691}]",Refuted,
2403.08679v1_2_T,"NaFe₂PO₄(SO₄)₂ exhibits an A-type antiferromagnetic structure where magnetic moments in a given ab plane are aligned parallel, while being antiparallel to moments in adjacent planes.",2024-03-01,,matteroffact,Supported,,Supported,
2503.07460v1_15_F,"Super-resolution techniques applied to real-time time-dependent density functional theory can reduce computational costs by a factor of 100 to 1000, eliminating the need for high-performance computing resources for excited-state simulations.",2025-03-01,,matteroffact,Refuted,"[{""bias"": ""Pro-Innovation Bias"", ""confidence"": 0.8815}]",Refuted,
2501.04840v2_4_T,Resonant inelastic X-ray scattering (RIXS) and electron energy loss spectroscopy (EELS) can probe the same electronic excitations in materials despite having different spectral shapes due to different matrix elements.,2025-01-01,,matteroffact,Supported,,Supported,
2402.05283v3_11_F,"The Carousel Phase Retrieval Algorithm requires offline processing after experiments are completed due to its computational demands, trading reconstruction speed for higher quality compared to conventional methods.",2024-02-01,,matteroffact,Refuted,"[{""bias"": ""Bias blind spot"", ""confidence"": 0.5478}, {""bias"": ""Whole only effect"", ""confidence"": 0.3409}]",Supported,
2502.00798v1_3_T,"For silicon, supercells of size 4×4×4 or larger are sufficient for accurate representation of phonon-assisted absorption spectra",2025-02-01,,matteroffact,Supported,,Supported,
2401.04713v1_12_F,The magnetic anisotropy direction in TbMn₆Sn₆ thin films has no significant impact on the electronic band structure or the anomalous Hall effect.,2024-01-01,,matteroffact,Refuted,,Refuted,
2405.18150v1_14_T,"The combination of resilient surface properties and strong correlated electronic states makes titanium nitride an ideal material for applications in superconducting qubits, topological qubits, and superconducting spintronics.",2024-05-01,,matteroffact,Supported,,Supported,
2501.07321v1_4_T,"The Full Width at Half Maximum (FWHM) values obtained from Lorentzian fitting of experimental $^7$Li NMR spectra for LiFSI/DME electrolytes are 0.008, 0.017, 0.020, and 0.019 for 1M, 2M, 3M, and 4M concentrations, respectively",2025-01-01,,matteroffact,Supported,"[{""bias"": ""subadditivity effect"", ""confidence"": 0.3472}]",Supported,
2311.03271v1_7_F,Deformation twins in copper single crystals require simulation temperatures below 100 K to form in molecular dynamics simulations with shear rates of 0.4 ps⁻¹,2023-11-01,,matteroffact,Refuted,,Refuted,
2311.01879v1_5_T,The Cr-dependence of irradiation hardening in FeCrAl steels is opposite between ion irradiation at high dose rates and neutron irradiation at low dose rates due to different dominant hardening mechanisms.,2023-11-01,,matteroffact,Supported,,Supported,
2401.10832v1_6_F,Optimal Hubbard U values for transition metals are lower in fluorides than in oxides due to the more covalent bonding in fluorides resulting in more delocalized d electrons,2024-01-01,,matteroffact,Refuted,,Supported,
2409.09176v1_10_T,"The charge transfer energy for NaCuO2 ranges from -2.5 to -1.0 eV across different studies, making it the first reported solid state compound with negative charge transfer energy, while for perovskite nickelates like NdNiO3, the charge transfer energy is approximately -0.5 eV.",2024-09-01,,matteroffact,Supported,"[{""bias"": ""subadditivity effect"", ""confidence"": 0.3221}]",Supported,
2503.04492v1_1_T,"A support vector regression model with 5 XML-selected features achieves a root mean square error of 0.341 eV on out-of-domain datasets, outperforming the 18-feature model which has an RMSE of 0.461 eV.",2025-03-01,,matteroffact,Supported,"[{""bias"": ""framing effect"", ""confidence"": 0.3086}]",Supported,
2403.07416v2_1_T,"During directional solidification of hcp alloys, an increase in temperature gradient within the dendritic regime causes a transition from geometrical limit to favorably oriented grain limit behavior in grain growth competition.",2024-03-01,,matteroffact,Supported,,Supported,
2501.15612v1_12_T,"Strong non-resonant laser dressing of solids creates below-band edge transitions, absorption sidebands, and mid-infrared frequency features in the optical absorption spectrum that are not present in the equilibrium spectrum",2025-01-01,,matteroffact,Supported,,Supported,
2504.07641v1_9_F,"The AK13/GAM-calculated indirect band gap of Cs₃Bi₂Br₉ is 2.10 eV, while for Cs₃Bi₂I₉ it is 1.85 eV, with the latter value being significantly lower than other HSE+SOC calculations that reported values of 2.3 eV.",2025-04-01,,matteroffact,Refuted,,Refuted,
2501.01822v1_8_F,The resistive switching in ZIF-8 devices operates through a uniform interface-type conduction mechanism involving charge trapping and detrapping,2025-01-01,,matteroffact,Refuted,"[{""bias"": ""clustering illusion"", ""confidence"": 0.485}]",Supported,
2405.11460v1_13_F,"The dielectric loss (tan δ) peaks in Na₃₊ₓZr₂₋ₓPrₓSi₂PO₁₂ (x = 0.05-0.2) ceramics remain at fixed temperatures regardless of frequency, exhibiting frequency-independent relaxation.",2024-05-01,,matteroffact,Refuted,,Supported,
2412.10896v3_7_F,The SPMe model fits measured impedance data from commercial batteries with the same high accuracy across all frequencies and states-of-charge as it fits simulated impedance data.,2024-12-01,,matteroffact,Refuted,"[{""bias"": ""Bias blind spot"", ""confidence"": 0.602}]",Supported,
2405.11460v1_2_F,The dielectric relaxation activation energy for Na₃₊ₓZr₂₋ₓPrₓSi₂PO₁₂ (x = 0.05-0.2) ceramics varies significantly from 0.1 eV to 0.8 eV depending on the Pr concentration.,2024-05-01,,matteroffact,Refuted,"[{""bias"": ""Time-saving bias"", ""confidence"": 0.6611}]",Supported,
2405.17947v1_14_T,"Hydrogen defects in NbS₂ increase its lithium capacity by enabling conversion reactions at higher lithium content, with hydrogen atoms preferentially forming sulfhydryl groups that later exchange places with lithium atoms.",2024-05-01,,matteroffact,Supported,,Supported,
2410.17879v1_0_F,"Three novel metastable quaternary phases in Cu-Ni-Si-Cr alloys, specifically tet-CuSiNiCr, Cu₄NiSi₂Cr, and Cu₃Ni₂Si₂Cr, can be predicted through a combined quantum-mechanical and classical simulation approach with active machine learning.",2024-10-01,,matteroffact,Refuted,,Supported,
2408.08791v2_1_F,An all-atom representation of a resistor-capacitor circuit simulated using the Dissipative Split-Charge Equilibration model fails to reproduce the expected charging process and shows no evidence of Nyquist noise.,2024-08-01,,matteroffact,Refuted,"[{""bias"": ""Bias blind spot"", ""confidence"": 0.9475}]",Refuted,
2412.04001v1_0_F,Exciton thermalization in monolayer MoS₂ occurs on a nanosecond timescale at 300K but increases to hundreds of nanoseconds at 100K,2024-12-01,,matteroffact,Refuted,"[{""bias"": ""Time-saving bias"", ""confidence"": 0.7627}]",Supported,
2405.11460v1_15_F,The shear deformation in the unit cell of Na₃₊ₓZr₂₋ₓPrₓSi₂PO₁₂ ceramics decreases with increasing Pr substitution concentration from x = 0.05 to 0.2 due to lattice contraction effects.,2024-05-01,,matteroffact,Refuted,,Supported,
2501.15612v1_5_T,The truncated velocity gauge approach requires 170 Floquet Fourier basis states for convergence in modeling the optical absorption spectrum of laser-dressed trans-polyacetylene with a non-resonant driving pulse of 0.4 eV,2025-01-01,,matteroffact,Supported,,Supported,
2401.06319v2_1_T,"The lattice parameters of the bct Ag structure formed during surface Bain distortion at c/c₀=0.84 are a=2.94 Å, b=3.36 Å, and c=3.38 Å, with b and c values closely matching experimental measurements of 3.33 Å.",2024-01-01,,matteroffact,Supported,"[{""bias"": ""Time-saving bias"", ""confidence"": 0.9092}]",Supported,
2310.03080v2_5_T,The polarization-dependent even harmonic response in monolayer NbSe2 could be exploited for femtosecond optical switching in opto-electronic devices.,2023-10-01,,matteroffact,Supported,"[{""bias"": ""Pro-Innovation Bias"", ""confidence"": 0.6098}]",Supported,
2311.09099v1_3_F,"The optimal thickness configuration for the meso-structured perovskite solar cell consists of 15 nm SiO₂, 20 nm SnO₂, 600 nm FTO, 30 nm c-TiO₂, 300 nm mp-TiO₂, 450 nm Perovskite, and 200 nm Spiro-OMeTAD",2023-11-01,,matteroffact,Refuted,"[{""bias"": ""subadditivity effect"", ""confidence"": 0.3758}]",Supported,
2502.14798v1_9_F,"Germanium-based chalcogenide perovskites are inferior to lead-based halide perovskites for optoelectronic applications due to their wider bandgaps, higher exciton binding energies, lower charge carrier mobility, and inherent structural instability.",2025-02-01,,matteroffact,Refuted,,Supported,
2311.05696v2_11_F,"For bidisperse suspensions with friction coefficient μ=1, the frictionless jamming volume fraction is approximately 0.55 and the frictional jamming volume fraction is approximately 0.85, with these values remaining constant regardless of the mixing ratio and size ratio of particles.",2023-11-01,,matteroffact,Refuted,"[{""bias"": ""Time-saving bias"", ""confidence"": 0.7978}]",Refuted,
2411.03664v1_3_F,Chiral charge density wave materials exhibit a conventional anomalous Hall effect where the Hall conductivity remains constant regardless of input current direction and requires either external magnetic fields or intrinsic magnetization.,2024-11-01,,matteroffact,Refuted,,Refuted,
2502.19772v1_10_F,CsPbBr3 surfaces exhibit a high density of deep electronic states similar to unpassivated traditional semiconductors due to undercoordinated covalent bonds at the surface.,2025-02-01,,matteroffact,Refuted,,Supported,
2404.08651v1_5_F,Reducing electron mobility from 7.0 cm²/V·s to 1.0 cm²/V·s and hole mobility from 0.18 cm²/V·s to 0.05 cm²/V·s in the intrinsic layer increases both the open circuit voltage and the fill factor.,2024-04-01,,matteroffact,Refuted,"[{""bias"": ""Time-saving bias"", ""confidence"": 0.9666}]",Refuted,
2405.09345v1_9_T,Antiferroelectric ZrO2 thin films offer an optimal balance between energy storage density and efficiency compared to ferroelectric and linear dielectric materials,2024-05-01,,matteroffact,Supported,,Supported,
2412.18878v1_1_F,EG modification decreases the carrier density of PEDOT films from 2.16 × 10²¹ to 9.68 × 10²⁰ cm⁻³,2024-12-01,,matteroffact,Refuted,"[{""bias"": ""Time-saving bias"", ""confidence"": 0.9061}]",Supported,
2404.02748v1_4_F,A 1% reduction in the lattice parameter of Si₁₋ₓGeₓ:B epilayers leads to a 10% decrease in the superconducting critical temperature.,2024-04-01,,matteroffact,Refuted,"[{""bias"": ""Zero-risk bias"", ""confidence"": 0.3333}]",Refuted,
2502.20809v1_11_T,The PFD workflow reduces the required first-principles calculations by 1-2 orders of magnitude compared to traditional training methods while maintaining first-principles accuracy.,2025-02-01,,matteroffact,Supported,,Supported,
2501.04289v1_8_F,"Phonon renormalization during defect relaxation in carbon substitutional defects in GaN is negligible, with the localized phonon mode maintaining approximately the same energy in both the -1 charged and neutral states.",2025-01-01,,matteroffact,Refuted,"[{""bias"": ""Omission bias"", ""confidence"": 0.3235}]",Supported,
2412.11305v1_8_F,True surface modes and resonant modes contribute equally (about 33% each) to the total thermal attenuation effect for the (3×1)-O/Nb(100) oxide surface.,2024-12-01,,matteroffact,Refuted,,Refuted,
2406.09663v1_5_F,Incomplete transformation in non-isothermally treated bainite steels prevents the formation of secondary phases and results in uniform microstructures regardless of alloying elements.,2024-06-01,,matteroffact,Refuted,,Refuted,
2311.05696v2_7_T,"There is a fundamental asymmetry in how particle size affects suspension rheology: adding small particles to a suspension of large ones can reduce viscosity under certain conditions, while adding large particles to a suspension of small ones always increases viscosity.",2023-11-01,,matteroffact,Supported,"[{""bias"": ""Time-saving bias"", ""confidence"": 0.3416}, {""bias"": ""Omission bias"", ""confidence"": 0.3281}]",Supported,
2411.04807v1_8_T,The charge distribution in diabatic states predicted by constrained charge equilibration (CQEq) shows excellent agreement with those obtained using constrained density functional theory (CDFT).,2024-11-01,,matteroffact,Supported,"[{""bias"": ""Bias blind spot"", ""confidence"": 0.4396}]",Supported,
2401.06319v2_0_F,Surface Bain distortion in noble metal nanowires results in a body-centered cubic (bcc) structure rather than a body-centered tetragonal (bct) structure.,2024-01-01,,matteroffact,Refuted,,Supported,
2404.00214v1_7_F,"The ferromagnetic transition temperature in tensile-strained Sr3Ru2O7 films increases linearly with increasing strain, reaching 56 K at 0.8% in-plane tensile strain",2024-04-01,,matteroffact,Refuted,,Supported,
2402.08326v2_9_F,Analytical models that incorporate interphase layer effects can accurately predict both the effective density and bulk modulus of Al/C60 nanocomposites with less than 5% error compared to molecular dynamics simulations.,2024-02-01,,matteroffact,Refuted,"[{""bias"": ""Bias blind spot"", ""confidence"": 0.4404}]",Supported,
2312.07341v1_15_T,"The superconducting transition temperature of La₃Ni₂O₇ decreases with increasing applied in-plane magnetic field, consistent with the behavior expected for a superconducting phase.",2023-12-01,,matteroffact,Supported,,Supported,
2401.08834v1_10_T,Inelastic neutron scattering measurements on copper-substituted lead oxyapatite show no evidence of superconducting resonances or other signatures of superconductivity in the excitation spectrum up to 350 meV.,2024-01-01,,matteroffact,Supported,,Supported,
2501.16965v1_14_F,The density functional theory calculations were performed using the local density approximation for the exchange-correlation potential and a 6 × 6 × 6 k-point grid for both self-consistent calculations and band structure analysis.,2025-01-01,,matteroffact,Refuted,"[{""bias"": ""Bias blind spot"", ""confidence"": 0.3855}]",Supported,
2405.03680v2_4_T,"AtomGPT achieves a normalized RMSE of 0.08 for the SuperConDB dataset and 0.32 for the Carbon24 dataset in inverse design tasks, outperforming CDVAE which achieves 0.24 and 0.36 respectively.",2024-05-01,,matteroffact,Supported,"[{""bias"": ""subadditivity effect"", ""confidence"": 0.3916}]",Supported,
2411.02053v1_14_F,"The solute diffusion coefficient in cubic lattices is expressed as D(Csol) = Δ² × f(Csol) × ν(Csol) × CV(Csol), where Δ is the distance between nearest neighbors, f is the correlation factor, ν is the solute jump frequency, and CV is the vacancy concentration",2024-11-01,,matteroffact,Refuted,,Supported,
2503.12245v1_12_T,"Gadolinium clusters in V₀.₃Ti₀.₇-Gd alloys retain their elemental magnetic characteristics, exhibiting a ferromagnetic transition at 295 K due to the localization of f-electrons within the Gd atoms.",2025-03-01,,matteroffact,Supported,,Supported,
2411.01127v1_2_T,"The electrical conductivity of PBTTT thin films exhibits a logarithmic temperature dependence in the high temperature region (200-100K) characteristic of weak localization, and deviates from this logarithmic behavior at lower temperatures as a precursor to the crossover from weak to strong localization.",2024-11-01,,matteroffact,Supported,,Supported,
2408.06641v2_15_T,"The transverse, longitudinal, and average wave velocities in Cr3Si decrease with increasing dopant concentration for all three dopants (Ge, Ga, Al), indicating reduced stiffness and phonon propagation.",2024-08-01,,matteroffact,Supported,,Supported,
2312.07341v1_14_F,"The superconductivity in La₃Ni₂O₇ definitively originates from the uniform monolayer-trilayer bulk structure, with no evidence for filamentary or minority phase contributions.",2023-12-01,,matteroffact,Refuted,,Refuted,
2501.15424v1_5_T,"The intrinsic anomalous Hall conductivity in Fe₃Ge is approximately 1138 Ω⁻¹cm⁻¹, as determined by scaling analysis of the anomalous Hall resistivity with the longitudinal resistivity.",2025-01-01,,matteroffact,Supported,,Supported,
2403.18441v1_13_F,"The errors in residual stress prediction remain constant regardless of depth into the workpiece, showing uniform accuracy throughout the material despite the varying magnitudes of stress at different depths.",2024-03-01,,matteroffact,Refuted,"[{""bias"": ""Bias blind spot"", ""confidence"": 0.3736}]",Refuted,
2412.10865v1_17_F,The emission spectrum of CsPbBr₃ perovskite is centered at 2100 meV (590 nm) below the condensation threshold.,2024-12-01,,matteroffact,Refuted,,Refuted,
2411.08940v1_16_T,The alkaline water electrolyzer used for X-ray measurements employed a Zirfon PERL UTP 500 diaphragm with a thickness of 500 μm,2024-11-01,,matteroffact,Supported,,Supported,
2401.10832v1_11_T,Non-U-corrected SCAN and r²SCAN functionals are recommended for band gap calculations in transition metal fluorides due to their physically precise underestimation of empirical gaps,2024-01-01,,matteroffact,Supported,"[{""bias"": ""Bias blind spot"", ""confidence"": 0.7686}]",Supported,
2504.06595v1_13_F,Ab initio molecular dynamics simulations of ionic transport can accurately model ion mobility under realistic electric field strengths,2025-04-01,,matteroffact,Refuted,"[{""bias"": ""clustering illusion"", ""confidence"": 0.4117}]",Supported,
2402.08834v1_11_F,"The stacked nanoparticle models were constructed with either 100 or 150 particles in total, each composed of particles with three sizes (radius = 5, 10, and 20 Å).",2024-02-01,,matteroffact,Refuted,,Supported,
2501.16001v1_12_F,The sensitivity of surface acoustic wave dispersion measurements to layer thickness decreases when the elastic properties of the layer and substrate materials differ significantly.,2025-01-01,,matteroffact,Refuted,,Supported,
2411.03664v1_8_T,"Chiral charge density wave materials exhibit a substantial Berry curvature distribution concentrated near the Fermi level, which contributes to the observed Hall effect even without external magnetic fields.",2024-11-01,,matteroffact,Supported,,Supported,
2412.02600v1_11_T,The layered R-3m polymorph of MgZrN2 synthesized via ion exchange differs from previous experimental reports that exclusively produced the disordered rocksalt structure (Fm-3m) via thin film sputtering and bulk metathesis reactions.,2024-12-01,,matteroffact,Supported,"[{""bias"": ""Bias blind spot"", ""confidence"": 0.3301}]",Supported,
2412.10561v2_11_T,"The rt-TDDFT method calculates the OH-band cross-section for fused silica to be 1.85 × 10⁻¹⁹ cm², which is 12.8% higher than the experimental value of 1.64 × 10⁻¹⁹ cm² reported by Williams et al.",2024-12-01,,matteroffact,Supported,,Supported,
2410.05384v2_11_F,Increasing the electron-phonon coupling range parameter q0 from 0.05|K| to 20|K| enlarges the area of the topological superconductor phase while reducing the area of the trivial gapped Bose-Einstein condensate phase in the phase diagram.,2024-10-01,,matteroffact,Refuted,"[{""bias"": ""Time-saving bias"", ""confidence"": 0.512}]",Supported,
2502.09382v2_3_F,"The interdiffusion length at the La₁.₁Sr₀.₉NiO₃/SrTiO₃ interface, estimated from electron dispersive spectroscopy mapping, is approximately 10 nm.",2025-02-01,,matteroffact,Refuted,"[{""bias"": ""Outcome bias"", ""confidence"": 0.4193}]",Supported,
2502.03126v1_18_T,"The defect analysis in Niobium collision cascade simulations was performed using the Csaransh software suite that employs the Savi algorithm for detailed defect morphology analysis, enabling identification of dumbbell orientations and complex defect structures.",2025-02-01,,matteroffact,Supported,"[{""bias"": ""clustering illusion"", ""confidence"": 0.5511}]",Supported,
2504.04297v1_6_T,"CaPd₂Si₂ has a predicted superconducting transition temperature of 1.781 K, making it the compound with the second-highest predicted Tc among the studied compounds without reported experimental values.",2025-04-01,,matteroffact,Supported,"[{""bias"": ""Availability heuristic"", ""confidence"": 0.3738}]",Supported,
2502.13793v1_14_T,"In 316L stainless steel, a reduction in strain rate from 10^-4 s^-1 to 10^-8 s^-1 increases the relative reduction in failure load by approximately 15% for specimens with a 0.5 mm notch radius, correlating with a similar increase in microstructure-driven hydrogen localization.",2025-02-01,,matteroffact,Supported,"[{""bias"": ""Time-saving bias"", ""confidence"": 0.9573}]",Supported,
2502.00798v1_9_T,"Phonon-assisted processes significantly impact the optical properties of GaAs despite it being a direct bandgap material, particularly in the region below the fundamental bandgap",2025-02-01,,matteroffact,Supported,,Supported,
2406.17511v1_11_F,"The superconducting coherence length in heavily boron-doped silicon layers is approximately 10 nm, significantly less than the thickness of the silicon-on-insulator layers used in the study",2024-06-01,,matteroffact,Refuted,"[{""bias"": ""Bias blind spot"", ""confidence"": 0.3103}]",Supported,
2501.15612v1_4_F,The truncated velocity gauge approach requires only 5 nested commutators to accurately capture light-matter interactions for non-resonant driving with a photon energy of 0.4 eV,2025-01-01,,matteroffact,Refuted,,Supported,
2503.07460v1_0_F,The optoionic effect describes scenarios where thermal energy controls ion dynamics without involving electronic processes or light absorption.,2025-03-01,,matteroffact,Refuted,"[{""bias"": ""Pro-Innovation Bias"", ""confidence"": 0.3259}]",Refuted,
2311.14529v1_6_F,"During heat treatment of additively manufactured Al-Mn-Cr-Zr alloys at 375°C, the aluminum matrix surrounding growing precipitates maintains a constant concentration of Mn throughout the entire heat treatment process.",2023-11-01,,matteroffact,Refuted,,Supported,
2412.16730v1_10_T,Higher growth temperatures for Ta films on sapphire lead to improved structural and DC electrical properties but paradoxically result in worse microwave performance due to interface-related loss mechanisms.,2024-12-01,,matteroffact,Supported,"[{""bias"": ""Whole only effect"", ""confidence"": 0.4199}]",Supported,
2409.06740v2_3_F,The disentangled variational autoencoder achieves a prediction accuracy of 0.950±0.020 on test data for single-phase formation in high-entropy alloys.,2024-09-01,,matteroffact,Refuted,"[{""bias"": ""Bias blind spot"", ""confidence"": 0.4368}]",Supported,
2412.16310v3_0_T,"The sulfur-vacancy (SV) complex is more energetically favorable than substitutional sulfur (S_s) in diamond, with the sulfur atom relaxing to an interstitial position near the vacancy in a D_3d symmetry configuration.",2024-12-01,,matteroffact,Supported,,Supported,
2312.03989v1_1_T,The machine learning-based rare event detection technique works effectively with data sets that are up to 9 times sparser than a full data set.,2023-12-01,,matteroffact,Supported,"[{""bias"": ""clustering illusion"", ""confidence"": 0.374}]",Supported,
2411.16279v1_13_T,"The temperature-induced band gap reduction in silver chalcohalide antiperovskites is approximately twice the largest value previously reported in the literature for similar temperature ranges, exceeding the 15-20% reduction observed in molecular crystals.",2024-11-01,,matteroffact,Supported,"[{""bias"": ""Pro-Innovation Bias"", ""confidence"": 0.4049}]",Refuted,
2310.18245v3_7_F,The density of states at the Fermi level in Nb₃Sn thin films increases by 25% compared to bulk when reduced to ultra-thin films.,2023-10-01,,matteroffact,Refuted,"[{""bias"": ""Pro-Innovation Bias"", ""confidence"": 0.4146}]",Supported,
2504.07641v1_0_T,"The band gap in Cs₃Bi₂Br₉₋ₓIₓ compounds in the P-3m1 phase is indirect in nature, with the valence band maximum at the Γ point and conduction band minimum at the A point.",2025-04-01,,matteroffact,Supported,"[{""bias"": ""subadditivity effect"", ""confidence"": 0.6092}]",Supported,
2503.13955v1_13_T,"The calculations in the paper use a two-level atomic system whose lower and higher energy states are respectively the mJ = 2 polarized 5s5p ³P₂ state and the 5s6s ³S₁ state of Strontium-88, with an electric dipole transition wavelength of 707.202 nm.",2025-03-01,,matteroffact,Supported,"[{""bias"": ""Outcome bias"", ""confidence"": 0.4156}]",Supported,
2402.18588v2_9_T,"The Berry curvature dipole in LK-99 exhibits sharp peaks at the energy locations of Weyl points, which contribute significantly to the nonlinear Hall current.",2024-02-01,,matteroffact,Supported,,Supported,
2501.04751v2_13_F,Cr³⁺ ions in CrSBr exhibit a low spin S = 1/2 ground state configuration with one singly occupied and one doubly occupied d orbital due to the crystal field splitting being larger than the energy cost of double occupation.,2025-01-01,,matteroffact,Refuted,"[{""bias"": ""Time-saving bias"", ""confidence"": 0.3408}]",Supported,
2503.04492v1_7_F,The standard deviation of atomic number and standard deviation of atomic mass have a weak negative correlation with a linear correlation coefficient of -0.3.,2025-03-01,,matteroffact,Refuted,,Supported,
2412.04001v1_14_T,The internal spin structure of excitons in monolayer MoS₂ leads to selection rules for exciton-phonon coupling that significantly influence the thermalization dynamics,2024-12-01,,matteroffact,Supported,,Supported,
2407.11586v1_9_T,The FeSe/NdFeO3 interface enhances superconductivity in FeSe films compared to surface-doped FeSe films at similar electron doping levels.,2024-07-01,,matteroffact,Supported,,Supported,
2503.21520v1_15_T,"The transient reflection dynamics of WSSe differ from those of WS₂ and WSe₂, with WSSe showing a positive signal shortly after photoexcitation while both parent compounds exhibit a negative behavior attributed to photoinduced absorption.",2025-03-01,,matteroffact,Supported,"[{""bias"": ""Whole only effect"", ""confidence"": 0.5241}]",Supported,
2501.05312v1_1_F,"In Hf₀.₅Zr₀.₅O₂ films, the average grain size shows a weak negative correlation (r = -0.15) with both latent variables (Z₁ and Z₂) of the VAE, while preferential crystalline orientation shows the strongest correlation (r = 0.75) with Z₁.",2025-01-01,,matteroffact,Refuted,,Supported,
2501.00561v1_8_T,"Chromium impurities in β-Ga₂O₃ are promising candidates for spin and photonic qubits due to their sharp zero-phonon line, small Huang-Rhys factor, millisecond-long recombination lifetime, and wide bandgap host material.",2025-01-01,,matteroffact,Supported,"[{""bias"": ""Pro-Innovation Bias"", ""confidence"": 0.5499}]",Supported,
2405.09057v1_0_T,"Response Matching leverages the fact that stable materials and molecules exist at the minimum of their potential energy surface, using the response to perturbations to drive structures back to equilibrium.",2024-05-01,,matteroffact,Supported,"[{""bias"": ""clustering illusion"", ""confidence"": 0.5197}]",Supported,
2501.07321v1_5_T,"The 95% confidence interval values for experimental and theoretical $^7$Li NMR chemical shifts in LiFSI/DME electrolytes are approximately 0.006 ppm and 0.002 ppm, respectively",2025-01-01,,matteroffact,Supported,"[{""bias"": ""subadditivity effect"", ""confidence"": 0.4097}]",Supported,
2408.07229v1_5_T,The cis conformer of TFSI anions exhibits higher reactivity and is more prone to decomposition than the trans conformer in polymer electrolyte systems.,2024-08-01,,matteroffact,Supported,,Supported,
2409.09176v1_3_T,"Negative charge transfer energies in oxides are generally present for tetravalent Fe-Cu ions or trivalent Ni and Cu ions, with specific examples including NaCuO2 (Cu3+, Δ≈-1.5 eV), perovskite nickelates RNiO3 (Ni3+), and alkaline earth ferrates AFeO3 (Fe4+).",2024-09-01,,matteroffact,Supported,"[{""bias"": ""subadditivity effect"", ""confidence"": 0.4033}]",Supported,
2403.09609v1_10_F,"In the Ti-V system, a concentration of 0-5 at.% V leads to the formation of α' martensite, while a concentration of 5-15 at.% invokes α'' martensite.",2024-03-01,,matteroffact,Refuted,"[{""bias"": ""Time-saving bias"", ""confidence"": 0.5388}]",Supported,
2412.10561v2_11_F,"The rt-TDDFT method calculates the OH-band cross-section for fused silica to be 1.25 × 10⁻¹⁹ cm², which is 23.8% lower than the experimental value of 1.64 × 10⁻¹⁹ cm² reported by Williams et al.",2024-12-01,,matteroffact,Refuted,,Supported,
2409.01450v1_14_F,The work function of two-dimensional perovskites decreases by 14.16% when 4-fluorophenylethylammonium (FPEA) is used as the passivating cation compared to phenylethylammonium (PEA),2024-09-01,,matteroffact,Refuted,,Supported,
2405.18946v3_11_F,"The two-dimensional electron liquid on TiO₂-terminated SrTiO₃(001) is primarily derived from Ti 3d_{xy} orbitals, while on SrO-terminated surfaces it is primarily derived from O 2p orbitals",2024-05-01,,matteroffact,Refuted,"[{""bias"": ""subadditivity effect"", ""confidence"": 0.3085}]",Supported,
2411.04807v1_15_T,The constrained charge equilibration (CQEq) method provides an affordable alternative to constrained density functional theory (CDFT) for obtaining diabatic states.,2024-11-01,,matteroffact,Supported,"[{""bias"": ""curse of knowledge"", ""confidence"": 0.534}]",Supported,
2412.18878v1_6_T,"In EG-modified PEDOT films, the P1 and P2 polaron states have energy values of 1.65 eV and 1.04 eV, respectively",2024-12-01,,matteroffact,Supported,"[{""bias"": ""subadditivity effect"", ""confidence"": 0.6087}]",Supported,
2402.05180v1_5_T,The organic material κ-(ET)2Cu[N(CN)2]Cl (κ-Cl) exhibits altermagnetism that can be explained by the coincident Van Hove singularity mechanism.,2024-02-01,,matteroffact,Supported,"[{""bias"": ""Pro-Innovation Bias"", ""confidence"": 0.5896}]",Supported,
2410.22496v2_6_T,"In C103 refractory alloy, a transition from epitaxial to equiaxed grain morphology occurs during solidification due to decreasing temperature gradient and increasing solidification velocity from the edge to the center of the melt pool",2024-10-01,,matteroffact,Supported,,Supported,
2503.17434v1_5_T,"The magnetic separation of paramagnetic metal ions is enhanced by field-induced cluster formation, where ions aggregate into clusters significantly larger than individual hydrated ion units, enabling them to overcome thermal diffusion forces that would otherwise prevent capture.",2025-03-01,,matteroffact,Supported,"[{""bias"": ""Omission bias"", ""confidence"": 0.5187}]",Supported,
2407.06148v1_16_T,"A mutual causal interaction exists between zinc dendrites and the binary eutectic phase in Zn-Al-Mg coatings, where twinning in dendrites causes cracking in the eutectic phase, which then promotes crack growth along twin boundaries in the dendrites.",2024-07-01,,matteroffact,Supported,,Supported,
2411.12896v1_0_T,Germanium acts as a DX center in AlGaN alloys with aluminum content greater than approximately 50%,2024-11-01,,matteroffact,Supported,,Supported,
2403.13814v1_1_T,DyFeO₃-based symmetric supercapacitors with 20% acetonitrile in the electrolyte achieve an energy density of 84.43 Wh kg⁻¹ at a power density of 1550 W kg⁻¹.,2024-03-01,,matteroffact,Supported,,Supported,
2406.09461v1_7_T,"ω-Zr grains initially grow isotropically, but after coming into contact with other grains, some exhibit growth in only one direction while others stop growing",2024-06-01,,matteroffact,Supported,"[{""bias"": ""Whole only effect"", ""confidence"": 0.3176}]",Supported,
2504.04297v1_3_F,"CaPd₂Si₂ has a logarithmic average phonon frequency (ωln) of 180.45 K, which is slightly higher than that of the compositionally similar CaPd₂P₂ (165.06 K).",2025-04-01,,matteroffact,Refuted,,Supported,
2312.10313v1_9_F,"The superconducting gap of a system is determined by the average value of all orbital-dependent gaps, regardless of whether those orbitals' bands cross the Fermi level.",2023-12-01,,matteroffact,Refuted,"[{""bias"": ""clustering illusion"", ""confidence"": 0.4794}]",Refuted,
2405.12375v1_8_T,"The computed theoretical specific capacity of sodium ion intercalation in fluorinated 4-layer graphene ranges from 73 mAh/g at stage 3 to 194 mAh/g at stage 1, which is substantially higher than the experimentally found capacity of 34 mAh/g in graphitic electrodes.",2024-05-01,,matteroffact,Supported,,Supported,
2311.11341v1_11_F,NbGe₂ and NbSi₂ have identical electronic structures with similar density of states profiles and equal contributions from Nb-4d electrons near the Fermi level.,2023-11-01,,matteroffact,Refuted,"[{""bias"": ""Distinction bias"", ""confidence"": 0.4371}]",Refuted,
2503.05525v1_1_T,"With approximately 25 structures in the training set, the neural network model achieves an RMSE of 10 meV/atom on the prediction set",2025-03-01,,matteroffact,Supported,"[{""bias"": ""Planning Fallacy"", ""confidence"": 0.4324}]",Supported,
2405.17947v1_14_F,"Hydrogen defects in NbS₂ decrease its lithium capacity by blocking potential lithium intercalation sites, with hydrogen atoms remaining firmly bonded to sulfur atoms throughout the lithiation process.",2024-05-01,,matteroffact,Refuted,"[{""bias"": ""Omission bias"", ""confidence"": 0.455}]",Supported,
2411.11618v1_12_F,Hexagonal MoS2 flakes form under S-rich conditions and contain both ZZ-Mo and ZZ-S edges.,2024-11-01,,matteroffact,Refuted,,Supported,
2503.13734v1_3_F,"The database contains equal amounts of data across all temperature ranges from 4.2 K to room temperature, with over 500 experiments using liquid hydrogen refrigeration",2025-03-01,,matteroffact,Refuted,,Refuted,
2402.15199v1_0_T,"During adsorption onto carbon electrodes, EMIM cations reorient from a perpendicular to a parallel orientation with respect to the electrode surface as they enter the first adsorbed layer",2024-02-01,,matteroffact,Supported,,Supported,
2411.19257v1_7_F,"In AlAs₁₋ₓBiₓ, GaAs₁₋ₓBiₓ, and AlSb₁₋ₓBiₓ with bismuth concentrations of 3.125% and 6.25%, the spin-orbit splitting exceeds the band gap, which can suppress Auger recombination involving holes in the split-off band.",2024-11-01,,matteroffact,Refuted,,Supported,
2501.05312v1_6_T,"Gaussian Process models trained on the VAE latent space can predict material parameters for Hf₀.₅Zr₀.₅O₂ films with quantifiable uncertainty, with standard deviations of 3.4 nm for grain size, 0.09 for polar fraction, and 0.15 radians for both preferential orientation and orientation dispersion.",2025-01-01,,matteroffact,Supported,"[{""bias"": ""subadditivity effect"", ""confidence"": 0.3949}, {""bias"": ""Outcome bias"", ""confidence"": 0.3516}]",Supported,
2503.07474v1_2_T,"In RbV₃Sb₅, multiple coherent phonon modes emerge in the CDW phase, with prominent modes at 1.53 THz, 1.75 THz, 3.12 THz, 3.75 THz, and 4.0 THz at T = 5 K.",2025-03-01,,matteroffact,Supported,"[{""bias"": ""subadditivity effect"", ""confidence"": 0.7317}]",Supported,
2310.05415v1_3_F,"The addition of titanium to polycrystalline copper decreases its Young's modulus, with values ranging from 60-85 GPa for Cu-Ti alloys compared to pure copper at similar grain sizes.",2023-10-01,,matteroffact,Refuted,,Supported,
2502.03361v2_12_T,"The WSe2 flakes prepared by mechanical exfoliation have lateral dimensions ranging from 5 to 50 micrometers, with the specific flake analyzed in detail having dimensions of 30 micrometers by 25 micrometers.",2025-02-01,,matteroffact,Supported,"[{""bias"": ""Time-saving bias"", ""confidence"": 0.7535}]",Supported,
2412.16730v1_12_T,"Conventional DC electrical measurements such as residual resistivity ratio (RRR) and critical temperature (Tc) are insufficient predictors of microwave performance in superconducting Ta films, as films with similar DC properties can have dramatically different microwave loss.",2024-12-01,,matteroffact,Supported,"[{""bias"": ""Bias blind spot"", ""confidence"": 0.6765}]",Supported,
2412.15784v1_11_F,Voronoi tessellation can only model uniform grain size distributions and cannot accurately represent the variable grain structures found in real polysilicon samples,2024-12-01,,matteroffact,Refuted,"[{""bias"": ""Bias blind spot"", ""confidence"": 0.6857}]",Refuted,
2404.07848v1_2_T,"Aqueous NaCl solution exhibits a higher capacitance than pure ionic liquid when in contact with graphite electrodes, despite having a much lower ionic concentration.",2024-04-01,,matteroffact,Supported,,Refuted,
2405.02186v1_16_T,"The in-situ aluminum reduction of nickelate thin films was performed by depositing 3.5 nm of aluminum at 380°C and a pressure of 6 × 10⁻⁴ mbar, followed by annealing at the same temperature for 2 hours.",2024-05-01,,matteroffact,Supported,,Supported,
2406.09461v1_10_T,"Nonhydrostatic stresses increase the driving force for α→ω phase transformation in zirconium at 4.55 GPa by a factor of 2.541, from 18.17×10^6 J/m^3 to 46.21×10^6 J/m^3",2024-06-01,,matteroffact,Supported,"[{""bias"": ""Time-saving bias"", ""confidence"": 0.6949}]",Supported,
2311.09099v1_14_F,"The carrier lifetime in the perovskite layer has a fixed value of 1.5 ns regardless of other simulation parameters, as it is determined solely by the material composition and not affected by mobility or donor concentration values",2023-11-01,,matteroffact,Refuted,"[{""bias"": ""Bias blind spot"", ""confidence"": 0.6768}]",Refuted,
2408.09541v3_1_T,Three-dimensional nodal Dirac superconductors respecting Type-II Shubnikov space group P6/mmm1' cannot host higher-order Majorana-arc (HOMA) states.,2024-08-01,,matteroffact,Supported,,Supported,
2408.08791v2_7_T,"The Dissipative Split-Charge Equilibration model predicts a damping coefficient of approximately 4.11 GHz for a lithium ion moving past a polarizable medium, corresponding to a slip time of 0.243 nanoseconds.",2024-08-01,,matteroffact,Supported,"[{""bias"": ""Time-saving bias"", ""confidence"": 0.4734}]",Supported,
2412.10896v3_15_F,"The LG M50LT lithium-ion battery used in the experimental validation has a measured capacity of 5.89 Ah, which is approximately 15% higher than the 5.15 Ah capacity of the LG M50 cell used in the Chen2020 parameter set.",2024-12-01,,matteroffact,Refuted,,Supported,
2312.07341v1_1_F,La₃Ni₂O₇ exhibits a maximum superconducting transition temperature (Tc) of approximately 120 K at pressures above 12 GPa.,2023-12-01,,matteroffact,Refuted,,Supported,
2502.03361v2_6_T,Time-resolved photoemission electron microscopy is expected to enable the investigation of exciton-polariton propagation in real time and potentially reveal the Rabi oscillation between exciton and waveguide mode on an ultrafast timescale.,2025-02-01,,matteroffact,Supported,"[{""bias"": ""curse of knowledge"", ""confidence"": 0.3416}]",Supported,
2311.07316v2_5_T,The original value of Ni-e_g crystal field splitting is 0.22 eV in Wannier's model and 0.37 eV in Luo's model of La₃Ni₂O₇,2023-11-01,,matteroffact,Supported,"[{""bias"": ""Outcome bias"", ""confidence"": 0.3191}]",Supported,
2410.20944v3_1_F,CsTi₃Bi₅ exhibits structural instabilities when the Fermi level is shifted to van Hove singularities through electron doping.,2024-10-01,,matteroffact,Refuted,,Supported,
2408.10978v2_15_T,"The inclusion of spin-orbit coupling in CsM₃Te₅ (M = Ti, Zr, Hf) opens a gap at the Dirac crossings, with the gap being largest in CsHf₃Te₅ due to the heavier Hf atom.",2024-08-01,,matteroffact,Supported,,Supported,
2405.17550v1_15_T,"For large values of charge transmission, the probability distribution in quantum Hall-superconductor edges with N metallic puddles decays approximately as P_N(t_eh)∼e^(-Γ|t_eh|/A^(N+1))/A^(N+1), where A is the maximum of |t_eh| for a single segment and Γ is a constant greater than or equal to 1.",2024-05-01,,matteroffact,Supported,,Supported,
2502.19772v1_11_F,"Deep electronic surface states in CsPbBr3 are common, long-lived, and energetically isolated, causing them to act as effective charge carrier traps.",2025-02-01,,matteroffact,Refuted,,Supported,
2412.03741v1_2_T,"The viscosity of Cu-Ti alloys exhibits a non-monotonic trend with Ti concentration, reaching its maximum at the equiatomic Cu₅₀Ti₅₀ composition, particularly in the undercooled region at 1000 K.",2024-12-01,,matteroffact,Supported,"[{""bias"": ""Outcome bias"", ""confidence"": 0.3782}]",Supported,
2501.01822v1_2_F,ZIF-8 based resistive switching devices maintain functional bipolar switching behavior across a temperature range from -50°C to 150°C,2025-01-01,,matteroffact,Refuted,"[{""bias"": ""Time-saving bias"", ""confidence"": 0.5206}]",Supported,
2503.14050v1_6_T,"The flat bands induced by oxygen and carbon on the Hf(0001) surface exhibit in-plane spin polarization due to hybridization between O px,y and Hf d orbitals.",2025-03-01,,matteroffact,Supported,"[{""bias"": ""curse of knowledge"", ""confidence"": 0.423}]",Supported,
2503.13734v1_2_T,"Titanium alloys exhibit the highest yield strengths at low temperatures, followed by medium-entropy alloys, high-entropy alloys, and steels, while aluminum alloys show the lowest yield strengths",2025-03-01,,matteroffact,Supported,,Supported,
2407.15258v1_6_T,"The partial occupancy of chlorine and bromine on both octahedral and tetrahedral sites in Li7PS6 argyrodite at room temperature represents a metastable structure kinetically trapped from higher synthesis temperatures, rather than the thermodynamic equilibrium state which would have halides predominantly on octahedral sites.",2024-07-01,,matteroffact,Supported,"[{""bias"": ""Whole only effect"", ""confidence"": 0.4461}, {""bias"": ""Bias blind spot"", ""confidence"": 0.3241}]",Supported,
2501.04289v1_14_F,"In carbon substitutional defects in GaN, the phonon modes with lower energies between 25-45 meV contribute more significantly to electron-phonon coupling than higher-energy modes.",2025-01-01,,matteroffact,Refuted,,Supported,
2404.02748v1_13_T,"In Si₁₋ₓGeₓ:B layers created by nanosecond laser annealing, boron distributes homogeneously throughout the layer due to its high diffusion coefficient and segregation coefficient near 1, while germanium tends to form a graded profile with higher concentration toward the surface.",2024-04-01,,matteroffact,Supported,,Supported,
2312.05174v1_2_F,"Copper structures printed using 5-hour etched powder (Cu05) at low energy density (83 J/mm³) achieve a relative density of 97.0%, compared to 85.6% for structures printed with as-purchased powder under the same conditions",2023-12-01,,matteroffact,Refuted,"[{""bias"": ""Time-saving bias"", ""confidence"": 0.4357}]",Supported,
2403.08679v1_3_T,The ordered magnetic moment of Fe³⁺ ions in NaFe₂PO₄(SO₄)₂ is 3.8 μB per Fe³⁺ at 5 K.,2024-03-01,,matteroffact,Supported,,Supported,
2503.10923v1_10_F,"In lithium-metal anode batteries, dissolved oxygen in the electrolyte accelerates dendrite growth by inhibiting the formation of protective lithium oxides on the solid electrolyte interface, thereby reducing battery stability and cycle life.",2025-03-01,,matteroffact,Refuted,"[{""bias"": ""Omission bias"", ""confidence"": 0.4563}]",Supported,
2407.20599v1_12_F,"The Hall coefficient in film-substrate systems always exhibits a significant peak at a specific thickness ratio, similar to the Nernst coefficient.",2024-07-01,,matteroffact,Refuted,,Refuted,
2503.01518v1_3_T,T1 precipitates with different crystallographic variants in Al-Cu-Li alloys exhibit repulsive interactions that inhibit their coalescence.,2025-03-01,,matteroffact,Supported,,Supported,
2404.09806v1_11_F,Heat-treated L-PBF Ti-6Al-4V with dual α+β microstructures typically achieves ultimate tensile strengths below 700 MPa with elongation to failure less than 5%.,2024-04-01,,matteroffact,Refuted,"[{""bias"": ""Outcome bias"", ""confidence"": 0.3049}]",Supported,
2404.07848v1_16_F,Molecular dynamics simulations incorporating quantum capacitance effects accurately reproduce both the qualitative trends and exact quantitative values of differential capacitance of graphite electrodes observed experimentally.,2024-04-01,,matteroffact,Refuted,"[{""bias"": ""clustering illusion"", ""confidence"": 0.3786}]",Supported,
2502.12144v1_10_F,"In finite-layer nickelates Nd₍ₙ₊₁₎Ni₍ₙ₎O₍₂ₙ₊₂₎, all Ni 3d orbitals show similar quasiparticle renormalization with Z≈0.5-0.6, indicating moderate correlation effects across the entire d-shell.",2025-02-01,,matteroffact,Refuted,,Supported,
2404.12191v1_7_F,TMM-Sim can simulate devices with up to 20 stacked layers in both bilayer and bulk heterojunction structures.,2024-04-01,,matteroffact,Refuted,,Supported,
2406.13070v1_6_F,"During out-of-phase thermomechanical fatigue testing of as-received NiAl-coated R125 superalloy, the maximum tensile stress decreases from 610 MPa in the first cycle to 500 MPa by the 100th cycle.",2024-06-01,,matteroffact,Refuted,"[{""bias"": ""Time-saving bias"", ""confidence"": 0.4088}]",Supported,
2502.19772v1_6_T,Accurate modeling of CsPbBr3 surface electronic properties requires a large structural model with at least 1000 atoms.,2025-02-01,,matteroffact,Supported,,Supported,
2504.07641v1_7_T,The AK13/GAM computational approach provides band gap estimates for bismuth-based halide perovskites that are comparable to more computationally expensive HSE+SOC calculations but at a lower computational cost.,2025-04-01,,matteroffact,Supported,"[{""bias"": ""Bias blind spot"", ""confidence"": 0.8117}]",Supported,
2412.14582v1_8_T,"Ta₂NiSe₅ monolayer maintains the geometry of its bulk counterpart to a large extent, with only slight changes in lattice parameters and atomic positions.",2024-12-01,,matteroffact,Supported,,Supported,
2406.13070v1_4_T,Pre-aging of NiAl-coated Ni-based superalloys through thermal cycling improves their thermomechanical fatigue life compared to as-received condition.,2024-06-01,,matteroffact,Supported,,Supported,
2409.08289v1_2_F,"In La₂₋ₓSrₓCuO₄ and Bi₂Sr₂CaCu₂O₈₊δ, the pseudogap temperature T* decreases linearly with increasing carrier concentration and crosses the superconducting dome, vanishing at a critical doping of p≈0.19.",2024-09-01,,matteroffact,Refuted,"[{""bias"": ""Outcome bias"", ""confidence"": 0.3614}]",Supported,
2404.19084v2_3_T,"Centrifugal disk finishing removes approximately 100 μm of material from the surface of additively manufactured Inconel 718, eliminating the surface {111} fiber texture while preserving the bulk cube texture.",2024-04-01,,matteroffact,Supported,,Supported,
2412.02600v1_1_T,The R-3m polymorph of MgZrN2 is metastable with an energy 42 meV/formula unit higher than the ground state I41/amd polymorph.,2024-12-01,,matteroffact,Supported,,Supported,
2408.03175v1_9_T,"To first order in linear stability analysis, external pressure does not affect the growth rate of interface undulations in solid-state batteries, though higher-order effects like plastic deformation may enhance stability.",2024-08-01,,matteroffact,Supported,"[{""bias"": ""Bias blind spot"", ""confidence"": 0.5613}]",Supported,
2502.18376v1_9_F,"The oxygen octahedral rotations in LaVO₃ thin films show an abrupt discontinuity at the interface with DyScO₃, with no transition region between the substrate and film rotation patterns.",2025-02-01,,matteroffact,Refuted,,Supported,
2411.12896v1_7_T,"The electron concentration in Ge-doped AlGaN is significantly lower than the dopant concentration for high aluminum content, with a Ge concentration of 1.0×10^19 cm^-3 yielding only 2.7×10^16 cm^-3 electrons in AlGaN with 65% Al",2024-11-01,,matteroffact,Supported,"[{""bias"": ""Time-saving bias"", ""confidence"": 0.8403}]",Supported,
2410.11597v1_5_F,Polarization imaging cannot visualize fiber orientations in multidirectional carbon fiber sheet molding compounds due to the complex fiber architecture.,2024-10-01,,matteroffact,Refuted,,Refuted,
2502.17275v1_8_F,The average root mean squared error in the DFN model voltage response decreases from 53.6 mV when varying three insensitive parameters to 17.0 mV with five parameters and 11.2 mV with seven parameters,2025-02-01,,matteroffact,Refuted,"[{""bias"": ""Time-saving bias"", ""confidence"": 0.6115}]",Supported,
2403.18441v1_2_T,"The dominance of thermal effects over mechanical effects at higher temperatures leads to tensile residual stresses near the surface in Inconel 718, while lower temperatures in Ti6Al4V machining allow mechanical effects to dominate, resulting in compressive residual stresses.",2024-03-01,,matteroffact,Supported,"[{""bias"": ""Omission bias"", ""confidence"": 0.7361}]",Supported,
2502.11628v1_7_T,"FEM simulations of indentation tests on silicon show qualitative agreement with EBSD-measured strain components E11, E22, and E12 in regions away from the indenter center, while showing discrepancies in the E33 component.",2025-02-01,,matteroffact,Supported,,Supported,
2411.04481v1_12_T,"Ferrimagnetic semiconductors are advantageous for spintronics applications because they integrate net magnetization, antiferromagnetic coupling, and semiconductivity, providing an ideal platform for developing room-temperature spintronic devices.",2024-11-01,,matteroffact,Supported,"[{""bias"": ""Pro-Innovation Bias"", ""confidence"": 0.4127}]",Supported,
2412.20009v1_8_F,"SolarDesign and SCAPS are the only photovoltaic simulation platforms that simultaneously support exciton dissociation, ion migration, tunneling, efficiency bottleneck analyses, and material/device libraries.",2024-12-01,,matteroffact,Refuted,"[{""bias"": ""curse of knowledge"", ""confidence"": 0.3916}]",Refuted,
2411.10911v1_15_F,"Machine learning potentials offer computational efficiency advantages over ab initio methods for simulating superionic conductors, but cannot match the accuracy of traditional empirical potentials specifically parameterized for ionic materials",2024-11-01,,matteroffact,Refuted,"[{""bias"": ""Bias blind spot"", ""confidence"": 0.8709}]",Supported,
2404.07848v1_5_F,Na+ and Cl- ions in aqueous solutions strongly adsorb in the first liquid layer at the graphite electrode interface at low potentials.,2024-04-01,,matteroffact,Refuted,"[{""bias"": ""curse of knowledge"", ""confidence"": 0.6442}]",Supported,
2412.05273v1_14_F,"Achieving a true 3D quantum Hall effect with vanishing longitudinal resistivity in topological semimetals requires only reducing carrier density, with no need to address charged disorder, and bulk crystals offer better prospects than thin films for this purpose.",2024-12-01,,matteroffact,Refuted,"[{""bias"": ""Pro-Innovation Bias"", ""confidence"": 0.8407}]",Refuted,
2408.15684v1_8_T,Single-crystal graphene insertion at the Mo foil/CZTSSe interface creates a smoother and more uniform back contact interface compared to devices without graphene,2024-08-01,,matteroffact,Supported,,Supported,
2408.10978v2_14_T,"All three CsM₃Te₅ (M = Ti, Zr, Hf) kagome metals exhibit metallic behavior with Dirac-like band crossings at the H and K points of the hexagonal Brillouin zone.",2024-08-01,,matteroffact,Supported,"[{""bias"": ""subadditivity effect"", ""confidence"": 0.4326}]",Supported,
2501.16001v1_2_T,"Periodic line excitation patterns create constructive interference of surface acoustic waves at wavelengths corresponding to integer fractions of the line spacing, generating distinct peaks in the response spectrum.",2025-01-01,,matteroffact,Supported,"[{""bias"": ""clustering illusion"", ""confidence"": 0.6806}]",Supported,
2311.13599v1_10_T,"Current thermal barrier coating materials like gadolinium zirconate (GZO) and yttria-stabilized zirconia (YSZ) exhibit little or no absorption in the spectral range from 0.5 to 6.5 μm, creating a 'thermal radiation window' that allows significant radiative heat transport.",2023-11-01,,matteroffact,Supported,,Supported,
2501.13547v1_6_F,LaRhGe₃ exhibits type-II superconductivity with a critical temperature of 1.2 K.,2025-01-01,,matteroffact,Refuted,,Supported,
2403.18441v1_11_T,"Analytical models for residual stress prediction are more suitable than finite element methods (FEMs) for meeting industrial needs due to their higher efficiency and lower computational demands, while still providing a general framework capable of handling various parameters.",2024-03-01,,matteroffact,Supported,,Refuted,
2405.03680v2_0_F,"AtomGPT achieves a mean absolute error of 0.025 eV/atom for formation energy prediction, outperforming all other models including ALIGNN.",2024-05-01,,matteroffact,Refuted,,Supported,
2411.08940v1_1_T,The void fraction in the gap region of alkaline water electrolyzers is largely independent of gap size at current densities below 0.3 A/cm²,2024-11-01,,matteroffact,Supported,,Supported,
2410.20744v1_14_T,"The frequencies of the hydrogen-dominated optical phonon modes (bands 7-8) are significantly higher in the 1T phase than in the 2H phase, with values of 113.70 meV vs. 92.24 meV for WSeH and 116.25 meV vs. 94.78 meV for WSH.",2024-10-01,,matteroffact,Supported,"[{""bias"": ""Time-saving bias"", ""confidence"": 0.5481}]",Supported,
2405.17550v1_10_F,"The non-local differential resistance in a quantum Hall-superconductor junction is given by R_d = (h/2e²) × (1-t_eh^(l))/(1+t_eh^(u)), where h is Planck's constant, e is the electron charge, and t_eh^(u) and t_eh^(l) are the charge transmission fractions of the upper and lower edges.",2024-05-01,,matteroffact,Refuted,,Supported,
2402.09770v1_4_F,"In hole-doped In₂Se₃ monolayer, the magnetic moments are primarily contributed by the In atoms, with In1 and In2 atoms having equal magnetizations.",2024-02-01,,matteroffact,Refuted,,Supported,
2408.08791v2_8_T,"The Dissipative Split-Charge Equilibration simulation of 200,000 time steps with 2,825 split charges took approximately 92 seconds on a two-year old MacBook Pro, with computation time increasing by only 15% when the number of split charges was doubled to 5,533.",2024-08-01,,matteroffact,Supported,"[{""bias"": ""Time-saving bias"", ""confidence"": 0.5589}]",Supported,
2412.14582v1_5_F,"Ta₂NiSe₅ monolayer exhibits minimal anisotropy in electron effective mass, with values of 0.36 m₀ along the chain direction and 0.76 m₀ perpendicular to the chain direction.",2024-12-01,,matteroffact,Refuted,"[{""bias"": ""Time-saving bias"", ""confidence"": 0.8905}]",Supported,
2406.16398v2_15_F,"The nearest-neighbor hopping amplitude in the tight-binding model for AV3Sb5 is approximately 2.0 eV, which is necessary to reproduce the normal-state band structure.",2024-06-01,,matteroffact,Refuted,"[{""bias"": ""Outcome bias"", ""confidence"": 0.4368}]",Supported,
2411.01127v1_4_F,"In the weak localization limit of disordered 2D electron systems, the spectral conductance follows g(ε,T) = g_0(ε)exp(-T_WL(ε)/T), where g_0 is the conductance at a microscopic length scale and T_WL is a characteristic temperature.",2024-11-01,,matteroffact,Refuted,,Supported,
2503.03099v1_12_F,"Twisted h-BN bilayers do not form Moiré patterns at twist angles above 10°, instead exhibiting completely uniform structures with no spatial variation in properties.",2025-03-01,,matteroffact,Refuted,,Refuted,
2412.15784v1_10_F,Columnar grain structures in polysilicon films result in identical resistivity characteristics regardless of the direction of current flow relative to the grain orientation,2024-12-01,,matteroffact,Refuted,,Refuted,
2401.04644v1_13_T,"Eu₂Ir₂O₇ thin films exhibit metallic behavior above the magnetic transition temperature of 105 K, followed by a monotonic increase in resistivity as temperature decreases below this transition, indicating an insulating or semiconducting feature that cannot be described by simple thermal activation or variable-range hopping models.",2024-01-01,,matteroffact,Supported,,Supported,
2405.07614v1_4_F,"The calculated average Na (de)intercalation voltages for F-rich perovskite oxyfluorides (MOF2 ↔ NaMOF2) range from 1.21 V for Ti to 3.78 V for Ni, with intermediate values of 1.95 V for V, 2.33 V for Cr, 2.71 V for Mn, 3.08 V for Fe, and 3.45 V for Co.",2024-05-01,,matteroffact,Refuted,"[{""bias"": ""subadditivity effect"", ""confidence"": 0.6783}]",Supported,
2312.05681v2_2_T,"The lithium transference number in LiTFSI-PEO electrolytes reaches a minimum value at the ionic concentration where conductivity is maximum (Li:PEO ratio of 3.2), and increases at higher concentrations.",2023-12-01,,matteroffact,Supported,"[{""bias"": ""Pro-Innovation Bias"", ""confidence"": 0.3392}]",Supported,
2412.05273v1_0_T,Ultra-low carrier concentrations of approximately 2.9×10^16 cm^-3 at 2 K in Cd3As2 enable the observation of quasi-quantum Hall effect signals at magnetic fields under 10 T.,2024-12-01,,matteroffact,Supported,"[{""bias"": ""Outcome bias"", ""confidence"": 0.3007}]",Supported,
2405.18939v1_16_T,"The Raman-active modes of NbSe₂ in the (LaSe)₁.₁₄(NbSe₂)₂ misfit compound show similarities to those of isolated 2L-NbSe₂, but with shifts in frequencies due to electron doping from the LaSe subunit.",2024-05-01,,matteroffact,Supported,"[{""bias"": ""Bias blind spot"", ""confidence"": 0.4134}]",Supported,
2311.02289v1_9_T,"In CsV3Sb5, GW calculations show that antimony bands along Γ-A have a maximum deviation of 12% in dispersion compared to DFT, while vanadium bands show a much larger deviation of up to 48%.",2023-11-01,,matteroffact,Supported,,Supported,
2412.09533v1_16_T,"In metal oxide semiconductors, large Urbach energies at the valence band maximum create a high concentration of localized tail states that act as hole traps, limiting the hole mobility and making p-type behavior difficult to achieve.",2024-12-01,,matteroffact,Supported,"[{""bias"": ""Omission bias"", ""confidence"": 0.6345}]",Supported,
2411.04807v1_6_F,Ground-state DFT calculations for the anthracene-tetracyanoethylene complex were performed using the PBE functional with the 6-31G* basis set.,2024-11-01,,matteroffact,Refuted,,Supported,
2406.17511v1_9_F,"Silicon-on-insulator layers annealed with five nanosecond laser pulses exhibit a lower Residual Resistance Ratio (RRR=0.9) compared to single-pulse annealed layers (RRR=1.3), indicating poorer crystalline quality",2024-06-01,,matteroffact,Refuted,,Supported,
2502.19524v1_14_F,"In both buffer layer and monolayer graphene regions, platinum intercalation follows identical mechanisms, with intercalation exclusively initiated at step edges of the SiC substrate.",2025-02-01,,matteroffact,Refuted,,Supported,
2311.11341v1_6_F,"NbGe₂ has significantly higher energy scales of spin-splitting (500-700 K) compared to NbSi₂ (209-334 K), correlating with its enhanced effective mass.",2023-11-01,,matteroffact,Refuted,"[{""bias"": ""Time-saving bias"", ""confidence"": 0.4951}]",Supported,
2504.00771v1_0_T,The database contains tensorial optical and transport properties for 7301 materials calculated using the Wannier function method.,2025-04-01,,matteroffact,Supported,"[{""bias"": ""clustering illusion"", ""confidence"": 0.7102}]",Supported,
2403.13814v1_4_T,DyFeO₃-based symmetric supercapacitors with acetonitrile-modified electrolyte exhibit 135% capacitance retention at 55°C compared to their performance at 25°C.,2024-03-01,,matteroffact,Supported,,Supported,
2405.09840v2_14_F,The theoretical framework for the anomalous thermal Hall effect developed for Weyl superconductors is strictly limited to materials with Weyl points and cannot be applied to chiral superconductors without such topological features.,2024-05-01,,matteroffact,Refuted,"[{""bias"": ""Bias blind spot"", ""confidence"": 0.6284}]",Supported,
2503.07460v1_7_F,"All charge transport mechanisms in solid materials exhibit similar mobility ranges between 10⁻⁴ and 10⁻² cm²/Vs regardless of whether the transport occurs via band conduction, polaronic conduction, or ionic conduction.",2025-03-01,,matteroffact,Refuted,,Refuted,
2504.02054v1_15_T,The stabilization of split-hole polarons in Na₂Mn₃O₇ is attributed to the unique electrostatic environment created by the Mn vacancy network and the topological openness of the layered structure,2025-04-01,,matteroffact,Supported,,Supported,
2401.06319v2_15_F,"The equilibrium volume of the fcc structure in Ag is 27.65 Å³ per unit cell containing two atoms, as determined by first-principles calculations.",2024-01-01,,matteroffact,Refuted,,Supported,
2403.09609v1_0_F,The generative reconstruction methodology for Ti-6Al-4V basketweave microstructure uses X-ray diffraction data and relies on Hall-Petch relationship to determine out-of-plane grain orientations.,2024-03-01,,matteroffact,Refuted,"[{""bias"": ""clustering illusion"", ""confidence"": 0.3712}]",Supported,
2501.11176v1_6_F,"Six-septuple-layer MnBi₂Te₄ thin films in the Axion insulator phase have a spin Chern number of 0, indicating they are topologically trivial insulators.",2025-01-01,,matteroffact,Refuted,,Supported,
2408.09073v1_4_T,The background signal in magnetic measurements of hydride materials under high pressure is significantly larger than the sample signal and changed from paramagnetic in 2015 to diamagnetic in 2022,2024-08-01,,matteroffact,Supported,,Refuted,
2503.03099v1_6_F,"The band widths of twisted h-BN bilayers increase monotonically with twist angle, with all angles below 30° showing band widths less than 10 meV and all angles above 30° showing band widths greater than 1 eV.",2025-03-01,,matteroffact,Refuted,"[{""bias"": ""Time-saving bias"", ""confidence"": 0.3534}]",Supported,
2401.17024v2_4_T,Al₂MnH₆ exhibits a superconducting transition temperature of 66 K at ambient pressure with an electron-phonon coupling parameter λ of 1.38.,2024-01-01,,matteroffact,Supported,,Supported,
2411.17360v1_11_T,"Al0.73Sc0.27N thin films show no significant changes in surface morphology at low oxygen doping levels, but develop particle-like protrusions at higher doping concentrations.",2024-11-01,,matteroffact,Supported,,Supported,
2503.11890v1_4_T,"The binding energy of the mixed biexciton state (B₁₂) in (F-PEA)₂PbI₄, formed by cross-coupling between excitons X₁ and X₂, is approximately 33 meV.",2025-03-01,,matteroffact,Supported,"[{""bias"": ""Outcome bias"", ""confidence"": 0.3958}]",Supported,
2408.03175v1_13_T,"In solid-state batteries, the current density is modified by interface curvature through both mechanical and electrochemical overpotentials, with the electrochemical overpotential having a non-local dependence on interface curvature.",2024-08-01,,matteroffact,Supported,,Supported,
2311.02289v1_10_F,The symmetry-allowed band crossing along Γ-A in CsV3Sb5 occurs approximately 0.25 eV above the Fermi energy in DFT calculations.,2023-11-01,,matteroffact,Refuted,"[{""bias"": ""Outcome bias"", ""confidence"": 0.3006}]",Supported,
2411.04179v1_8_T,"(Cr,Bi)₂Te₃ is a semimetallic Weyl ferromagnet with a Fermi surface consisting only of Weyl points, placing it in a unique limit of both vanishing carrier concentration and vanishing energy gap.",2024-11-01,,matteroffact,Supported,,Supported,
2408.15684v1_10_F,Single-crystal graphene insertion at the Mo foil/CZTSSe interface promotes the formation of beneficial secondary phases in the CZTSSe absorber layer,2024-08-01,,matteroffact,Refuted,,Supported,
2407.21337v1_7_F,Crystal structure prediction methods that restrict atoms to designated Wyckoff positions can identify all possible crystal structures regardless of Wyckoff position transitions.,2024-07-01,,matteroffact,Refuted,"[{""bias"": ""clustering illusion"", ""confidence"": 0.4692}, {""bias"": ""Bias blind spot"", ""confidence"": 0.3696}]",Refuted,
2405.09840v2_9_T,"The intrinsic anomalous thermal Hall effect in Weyl superconductors is insensitive to bulk nodal excitations, while the extrinsic anomalous thermal Hall effect is highly sensitive to the presence and nature of line nodes.",2024-05-01,,matteroffact,Supported,,Supported,
2503.13734v1_4_F,"The F1 scores of automated extraction methods used for the database all exceeded 95%, with GPT-3.5 achieving 98% F1 score for data extraction compared to GLM-4's 92%",2025-03-01,,matteroffact,Refuted,"[{""bias"": ""subadditivity effect"", ""confidence"": 0.7601}]",Refuted,
2412.10896v3_10_F,The SPMe model fitted to measured LG M50LT battery impedance data achieves mean relative fitting errors below 1% across all states-of-charge from 10% to 90%.,2024-12-01,,matteroffact,Refuted,,Supported,
2403.11924v1_3_T,Greater structural disorder in amorphous Boron Nitride samples correlates with higher dielectric constant values.,2024-03-01,,matteroffact,Supported,,Supported,
2407.04126v2_14_T,"The quality-level-based active learning scheme systematically improves the accuracy of machine-learning interatomic potentials for Li₆PS₅Cl, with higher-level potentials showing reduced variation in predicted diffusion coefficients",2024-07-01,,matteroffact,Supported,"[{""bias"": ""Bias blind spot"", ""confidence"": 0.8082}]",Supported,
2503.11087v1_1_F,"The field dependence of the in-plane anomalous Hall effect below the saturation field shows a pronounced peak in EuZn₂Sb₂, similar to the behavior observed in EuCd₂Sb₂.",2025-03-01,,matteroffact,Refuted,"[{""bias"": ""Pro-Innovation Bias"", ""confidence"": 0.3106}]",Supported,
2409.20312v1_15_F,Superconductors always quench magnetic moments and prevent spin excitations due to the formation of Cooper pairs at low temperatures.,2024-09-01,,matteroffact,Refuted,"[{""bias"": ""Omission bias"", ""confidence"": 0.4098}]",Refuted,
2405.02186v1_2_F,"The n-type interface in infinite-layer nickelate thin films exhibits stronger polarity and electric field effects than the p-type interface, resulting in significant atomic displacements and modified orbital energetics at the interface.",2024-05-01,,matteroffact,Refuted,,Supported,
2407.15258v1_9_F,"The highest lithium-ion conductivity in Mg-Cl and Si-Cl co-doped Li7PS6 argyrodite is achieved with low chlorine content (below 0.5 per formula unit) and high magnesium or silicon content, as demonstrated by both computational predictions and experimental measurements.",2024-07-01,,matteroffact,Refuted,,Supported,
2410.07660v1_11_T,"The superconducting Edelstein effect and the missing area measurement of optical activity provide experimental methods to detect the spatially-dispersive superfluid weight, enabling indirect measurement of the center-of-mass momentum in helical superconductors.",2024-10-01,,matteroffact,Supported,"[{""bias"": ""curse of knowledge"", ""confidence"": 0.5692}]",Supported,
2503.07460v1_14_F,"In potassium polyheptazine imide (K-PHI), localized excess charges can only be stabilized for microseconds to milliseconds, requiring rapid discharge to utilize the stored energy.",2025-03-01,,matteroffact,Refuted,,Supported,
2503.03099v1_2_T,"Twisted h-BN bilayers with angles less than 7.34° exhibit flat bands with extremely small bandwidths, with the valence band width being 8 meV and conduction band width being 1 meV at a twist angle of 2.88°.",2025-03-01,,matteroffact,Supported,"[{""bias"": ""Time-saving bias"", ""confidence"": 0.8406}]",Supported,
2406.09461v1_9_F,The thermodynamic driving force for α→ω phase transformation in zirconium at 4.55 GPa is 36.34 MPa (36.34×10^6 J/m^3 or 508.40 J/mol),2024-06-01,,matteroffact,Refuted,"[{""bias"": ""Planning Fallacy"", ""confidence"": 0.385}]",Supported,
2310.07816v2_9_F,Machine learning models for MoS2 thin film classification rely primarily on image brightness and contrast as key features for identifying samples grown at different temperatures.,2023-10-01,,matteroffact,Refuted,"[{""bias"": ""curse of knowledge"", ""confidence"": 0.614}]",Supported,
2502.19140v1_1_F,"The lowest energy interfaces between different spinel variants in the δ-phase predominantly form along the (111) plane, with interfacial energies ranging from 0.35 to 0.45 J/m² for most variant combinations.",2025-02-01,,matteroffact,Refuted,,Supported,
2504.06595v1_8_T,Deviations from Arrhenius scaling in ionic conductors occur when lattice deformation plays a significant role in the energy barrier,2025-04-01,,matteroffact,Supported,"[{""bias"": ""Bias blind spot"", ""confidence"": 0.3922}]",Supported,
2407.16044v1_0_F,"Asymmetrical strain in monolayer graphene with 10% compression in one direction and 20% stretching in the perpendicular direction opens a bandgap of 0.15 eV, inducing a semimetal-insulator transition",2024-07-01,,matteroffact,Refuted,"[{""bias"": ""Time-saving bias"", ""confidence"": 0.8741}]",Supported,
2409.07058v3_0_F,"Orthorhombic Co₃C exhibits a magnetocrystalline anisotropy energy (MAE) of 1.5 MJ·m⁻³ and a magnetic hardness of 1.8, classifying it as a hard magnetic material.",2024-09-01,,matteroffact,Refuted,,Supported,
2405.09840v2_8_T,"Line nodes in Weyl superconductors enhance longitudinal thermal conductivity but can suppress transverse thermal conductivity, creating opposing effects on different components of thermal transport.",2024-05-01,,matteroffact,Supported,,Supported,
2402.05283v3_6_F,"The acceleration ratio of the Carousel Phase Retrieval Algorithm compared to conventional methods decreases with problem size, showing diminishing returns for larger 3D reconstruction problems.",2024-02-01,,matteroffact,Refuted,"[{""bias"": ""Bias blind spot"", ""confidence"": 0.6054}]",Supported,
2411.07624v2_10_T,"In the misfit compound (PbS)₁.₁₃(TaS₂), the PbS layers primarily function as spacers that effectively decouple the TaS₂ monolayers, allowing them to behave electronically like isolated monolayers while providing structural stability.",2024-11-01,,matteroffact,Supported,,Supported,
2405.19082v1_10_T,"The variance in mechanical properties of AlSi10Mg stochastic volume elements (SVEs) decreases as SVE size increases, following an approximately inverse relationship with sample size.",2024-05-01,,matteroffact,Supported,,Supported,
2504.02054v1_6_T,"The Oplane and Overtex polaron configurations in NaMn₃O₇ are 919 meV and 1122 meV less stable than the split polaron configuration, respectively",2025-04-01,,matteroffact,Supported,"[{""bias"": ""Time-saving bias"", ""confidence"": 0.8355}]",Supported,
2404.05710v1_3_F,"In anti-Helmholtz traps, the horizontal translational frequencies of levitated superconducting objects are equal to or greater than their vertical translational frequencies across all geometries studied.",2024-04-01,,matteroffact,Refuted,,Supported,
2406.13900v1_9_T,"The octahedral rotation in the Sr₂RuO₄ surface layer changes the Fermi surface topology, transforming the γ-band from an electron-type centered at (0,0) in the bulk to a hole-type centered at (π,π) in the surface.",2024-06-01,,matteroffact,Supported,,Supported,
2412.17216v1_7_F,Classical molecular dynamics simulations produce red-shifted OH stretch peaks in vibrational spectra compared to path integral methods that include nuclear quantum effects,2024-12-01,,matteroffact,Refuted,"[{""bias"": ""Bias blind spot"", ""confidence"": 0.6597}]",Supported,
2412.12344v1_4_T,"The NiI₂ Josephson junction achieves a zero-field supercurrent diode efficiency of approximately -8%, which exceeds previously reported values in systems that do not require field initialization",2024-12-01,,matteroffact,Supported,,Supported,
2503.11890v1_8_T,The biexciton binding energy in (F-PEA)₂PbI₄ estimated from photoluminescence spectroscopy at 15K is approximately 44 meV.,2025-03-01,,matteroffact,Supported,,Supported,
2404.05644v1_6_F,Utilizing (110)-faceted seeded crystallization could offer a promising path for manufacturing high-performance and stable perovskite solar cells,2024-04-01,,matteroffact,Refuted,"[{""bias"": ""Pro-Innovation Bias"", ""confidence"": 0.8245}]",Supported,
2410.08357v1_15_F,The mobility parameters used in phase field simulations of Li-Mg intermetallic anodes are M_Li = 0.003 μm²/(eV·min) for lithium and M_Mg = 0.04 μm²/(eV·min) for magnesium.,2024-10-01,,matteroffact,Refuted,"[{""bias"": ""Time-saving bias"", ""confidence"": 0.5564}]",Supported,
2409.01450v1_7_F,Monolayer two-dimensional perovskite systems exhibit greater energetic stability than their corresponding bilayer systems due to enhanced quantum confinement effects,2024-09-01,,matteroffact,Refuted,"[{""bias"": ""curse of knowledge"", ""confidence"": 0.4051}]",Supported,
2405.03680v2_1_T,"AtomGPT achieves a mean absolute error of 0.139 eV for OptB88vdW bandgap prediction, outperforming ALIGNN which achieves 0.142 eV.",2024-05-01,,matteroffact,Supported,"[{""bias"": ""Time-saving bias"", ""confidence"": 0.6569}]",Supported,
2410.08233v1_11_T,"The parametric evaluation method (Method 5) produces a relative uncertainty of 46% for Nb in the Optimized ZIRLO specimen and 6.5% for Mn in the steel specimen, higher than other methods.",2024-10-01,,matteroffact,Supported,,Supported,
2408.01267v4_15_F,"The Jahn-Teller transition in NaNiO₂ is a second-order phase transition, characterized by continuous changes in structural parameters with no mixed-phase region.",2024-08-01,,matteroffact,Refuted,"[{""bias"": ""Availability heuristic"", ""confidence"": 0.3299}]",Supported,
2311.15791v1_1_T,The mosaic phase in 1T-TaS₁.₂Se₀.₈ exhibits a pseudogap of approximately 200 meV at the lowest temperatures.,2023-11-01,,matteroffact,Supported,,Supported,
2311.13599v1_4_T,"For current plasma-sprayed gadolinium zirconate coatings with normalized scattering length of approximately 1 and normalized absorption length of approximately 0.01, the ratio of radiative to convective heat flux at the coating surface is approximately 1.",2023-11-01,,matteroffact,Supported,"[{""bias"": ""Time-saving bias"", ""confidence"": 0.6868}]",Supported,
2408.11301v1_11_F,"The twinning system uses transformation stretch tensors with values a = 0.9958 and b = 1.00659, creating stress-free compatible twinning interfaces with normal vectors (1/√3)(e₁ ± e₂).",2024-08-01,,matteroffact,Refuted,"[{""bias"": ""Outcome bias"", ""confidence"": 0.4412}]",Supported,
2402.05180v1_2_F,The hopping interaction (g5) between coincident Van Hove singularities requires fine-tuning of the band structure and cannot be generated by on-site Hubbard interactions.,2024-02-01,,matteroffact,Refuted,"[{""bias"": ""Bias blind spot"", ""confidence"": 0.5162}]",Supported,
2412.16310v3_8_T,"Oxygen doping in diamond enhances NV center creation efficiency to approximately 69% through different mechanisms than sulfur doping, with oxygen primarily existing as substitutional defects rather than vacancy complexes.",2024-12-01,,matteroffact,Supported,"[{""bias"": ""Whole only effect"", ""confidence"": 0.4594}]",Supported,
2404.00214v1_10_T,"High-quality Sr3Ru2O7 films grown by molecular beam epitaxy contain limited intergrowth of other Ruddlesden-Popper phases, primarily as isolated single unit layers of Sr4Ru3O10 or Sr2RuO4",2024-04-01,,matteroffact,Supported,"[{""bias"": ""Bias blind spot"", ""confidence"": 0.3498}]",Supported,
2405.18946v3_2_T,"Two-dimensional electron liquids on TiO₂-terminated and SrO-terminated SrTiO₃(001) surfaces exhibit distinct Fermi surface patterns, with TiO₂ termination showing two sharp concentric rings and SrO termination showing a single broader ring",2024-05-01,,matteroffact,Supported,,Supported,
2410.05384v2_13_F,"In the Moore-Read quantum Hall phase, the quasi-hole excitation has charge Qh=1/4 and self-statistical angle θh=π/8.",2024-10-01,,matteroffact,Refuted,"[{""bias"": ""subadditivity effect"", ""confidence"": 0.4056}]",Supported,
2407.20263v1_14_T,Increasing a Na-Zn cell diaphragm's thickness from 0.5 cm to 5 cm while maintaining the same porosity can reduce the self-discharge rate by approximately a factor of 10.,2024-07-01,,matteroffact,Supported,"[{""bias"": ""Time-saving bias"", ""confidence"": 0.9677}]",Supported,
2411.17368v2_3_F,"The distribution function of relaxation times for a finite-length R-CPE transmission line becomes wider as the dispersion coefficient α approaches 1, and narrower as α decreases toward 0.",2024-11-01,,matteroffact,Refuted,,Supported,
2405.17947v1_7_F,"NbS₂ follows the same lithium intercalation mechanism as graphite, with both materials accommodating only a single layer of lithium atoms between adjacent layers.",2024-05-01,,matteroffact,Refuted,,Refuted,
2503.07460v1_2_F,Modeling optoionic effects can be accomplished using a single computational approach that addresses all relevant processes at a uniform time scale.,2025-03-01,,matteroffact,Refuted,,Refuted,
2408.01267v4_4_F,The Jahn-Teller transition in NaNiO₂ occurs abruptly at exactly 400K with no mixed-phase region.,2024-08-01,,matteroffact,Refuted,,Refuted,
2311.03271v1_5_T,A cutoff radius between 10-15 Å for atom selection during orientation analysis provides optimal results for twin validation in molecular dynamics simulations,2023-11-01,,matteroffact,Supported,,Supported,
2404.05644v1_1_F,Solid-solid crystallization in CsPbI₃ occurs uniformly throughout the material regardless of initial nucleus size,2024-04-01,,matteroffact,Refuted,,Refuted,
2502.19772v1_15_F,The high density of deep electronic states at halide perovskite surfaces has no significant impact on their performance in optoelectronic devices compared to traditional semiconductors.,2025-02-01,,matteroffact,Refuted,,Refuted,
2503.07460v1_5_F,Both small and large polarons exhibit identical temperature dependence where conductivity decreases with increasing temperature due to increased phonon scattering.,2025-03-01,,matteroffact,Refuted,,Supported,
2402.18588v2_11_T,"LK-99 exhibits flat bands near the Fermi level primarily contributed by Cu-3d orbitals, with Cu-3d_{yz} and Cu-3d_{xz} orbitals making the largest contribution.",2024-02-01,,matteroffact,Supported,"[{""bias"": ""subadditivity effect"", ""confidence"": 0.7373}]",Supported,
2409.09176v1_12_T,"Spectroscopic techniques, particularly core level spectroscopy and resonant inelastic x-ray scattering (RIXS), can directly identify negative charge transfer compounds by revealing characteristic features such as ligand holes in the ground state and charge transfer excitations at negative energies.",2024-09-01,,matteroffact,Supported,"[{""bias"": ""clustering illusion"", ""confidence"": 0.7776}]",Supported,
2404.07848v1_3_F,"In ionic liquid electrolytes, ions are randomly distributed near graphite electrodes with no preferred orientation at zero applied potential.",2024-04-01,,matteroffact,Refuted,"[{""bias"": ""clustering illusion"", ""confidence"": 0.5816}]",Supported,
2310.13945v1_12_T,The F4̄3m Sr₂B₅ structure could potentially be synthesized using large-volume press techniques at moderate pressures (34-65 GPa) and high temperatures (up to 2000 K).,2023-10-01,,matteroffact,Supported,,Supported,
2503.13955v1_8_T,"For monolayer stanene with λH = -5λSO/2 and W = 33.45, the nonresonant Casimir-Polder force with frequency dispersion changes sign at a dimensionless separation D = 2.54, which is close to the value D* = 2.56 predicted by the nondispersive approximation.",2025-03-01,,matteroffact,Supported,,Supported,
2404.05644v1_1_T,Solid-solid crystallization in CsPbI₃ requires the formation of a sufficiently large critical nucleus to grow into a faceted perovskite crystal,2024-04-01,,matteroffact,Supported,,Supported,
2404.03579v2_2_T,"In Al-7085 with a modified T7452 temper, the maximum element-scale von Mises stress differences between microstructures with and without intragranular orientation gradients can reach approximately 400 MPa at 20% macroscopic engineering strain.",2024-04-01,,matteroffact,Supported,"[{""bias"": ""Outcome bias"", ""confidence"": 0.3819}]",Supported,
2311.15791v1_14_F,"The optical conductivity of 1T-TaS₁.₂Se₀.₈ shows identical spectral features during cooling and heating cycles, with differences only in the transition temperatures due to thermal hysteresis.",2023-11-01,,matteroffact,Refuted,"[{""bias"": ""Bias blind spot"", ""confidence"": 0.3488}]",Supported,
2502.15531v1_6_T,"In pristine hexagonal-diamond silicon, both acceptor and donor dopants exhibit C3v symmetry, characterized by three equal bonds in the basal plane and a different bond along the c-axis, in contrast to the Td symmetry observed in cubic-diamond silicon.",2025-02-01,,matteroffact,Supported,,Supported,
2410.11597v1_5_T,"Polarization imaging can effectively visualize fiber orientations in multidirectional carbon fiber sheet molding compounds, though with notable numerical differences compared to computed tomography.",2024-10-01,,matteroffact,Supported,"[{""bias"": ""Bias blind spot"", ""confidence"": 0.6506}]",Supported,
2411.16576v1_0_T,The application of bias voltage to a WSe2 monolayer-based tunneling structure allows for controlled modification of both the sign and concentration of free carriers in the monolayer.,2024-11-01,,matteroffact,Supported,,Supported,
2311.14529v1_12_T,"The powder bed fusion-laser beam process for aluminum alloys entails a high cooling rate of 10^3-10^5 K/s, enabling higher supersaturation of certain alloying elements.",2023-11-01,,matteroffact,Supported,,Supported,
2502.20005v1_3_F,"For uniaxial strain along [001] or [111] directions in cubic semiconductors, the conduction electron spin polarization varies significantly with the elasticity tensor and valence deformation potentials.",2025-02-01,,matteroffact,Refuted,,Supported,
2411.07624v2_16_F,"The Fermi surface of (PbS)₁.₁₃(TaS₂) consists primarily of PbS-derived bands with electron pockets centered around the M points, showing no significant difference from the Fermi surface of 2H-TaS₂.",2024-11-01,,matteroffact,Refuted,"[{""bias"": ""Bias blind spot"", ""confidence"": 0.3116}]",Supported,
2504.00771v1_9_T,The k-point grid density for optical and transport property calculations was set to 0.0015 (2π/Å) for materials with one atom in the unit cell and 0.003 (2π/Å) for materials with more atoms.,2025-04-01,,matteroffact,Supported,"[{""bias"": ""Time-saving bias"", ""confidence"": 0.4541}]",Supported,
2503.00456v1_15_F,"In A₍ₙ₊₁₎HfₙS₍₃ₙ₊₁₎ (A = Ca, Sr, Ba; n = 1-3) Ruddlesden-Popper phases, the ionic contribution dominates over the electronic contribution in dielectric screening, as indicated by the relationship E_B << ħω_LO.",2025-03-01,,matteroffact,Refuted,"[{""bias"": ""Outcome bias"", ""confidence"": 0.305}]",Supported,
2405.07614v1_12_F,"Incorporation of fluorine in transition metal oxyfluoride perovskites leads to both higher Na (de)intercalation voltages and improved thermodynamic stability compared to pure oxides, with most F-rich compositions being more stable than their O-rich counterparts.",2024-05-01,,matteroffact,Refuted,"[{""bias"": ""Pro-Innovation Bias"", ""confidence"": 0.4373}]",Supported,
2501.00561v1_5_T,Chromium impurities on octahedral sites in β-Ga₂O₃ have a ⁴A₂ ground state with a d³ electron configuration.,2025-01-01,,matteroffact,Supported,,Supported,
2409.07058v3_16_T,"In orthorhombic Fe₃C and Co₃C alloys, the direction of the magnetic easy axis depends on composition and can change between the [100], [010], and [001] crystallographic directions, with the energy difference between the two higher energies (DE₃₂) providing information about the uniaxial or easy-plane character of the magnetocrystalline anisotropy.",2024-09-01,,matteroffact,Supported,"[{""bias"": ""Outcome bias"", ""confidence"": 0.3639}]",Supported,
2501.15612v1_7_F,Modeling the optical absorption spectrum of laser-dressed trans-polyacetylene requires broadening the absorption lines using a Gaussian function with a width of 0.1 eV without removing any low-energy transitions,2025-01-01,,matteroffact,Refuted,,Supported,
2409.11179v1_7_F,"The screening length in concentrated electrolytes follows a linear scaling relationship, with Λ/λ_cl proportional to (a/λ_cl) across all concentration regimes, where a is the mean ion diameter and λ_cl is the Debye-like screening length.",2024-09-01,,matteroffact,Refuted,"[{""bias"": ""Planning Fallacy"", ""confidence"": 0.3265}]",Supported,
2501.13547v1_15_T,"In the NMR measurements of LaRhGe₃, the magnetic field was calibrated using a ⁶³Cu NMR signal with a Knight shift of 0.2385% from the NMR coil.",2025-01-01,,matteroffact,Supported,,Supported,
2408.00042v3_11_T,"The primary experimental signature of symmetry-enforced Z₂ supertopology is the presence of helical surface states at material boundaries, which can be observed in materials with strong spin-orbit coupling where the Dirac nodal lines are gapped out.",2024-08-01,,matteroffact,Supported,"[{""bias"": ""curse of knowledge"", ""confidence"": 0.3498}]",Supported,
2407.16044v1_4_T,"In bilayer graphene, false Van der Waals forces cause separation between valence and conduction bands at small interlayer distances, but this effect becomes negligible when the distance exceeds 20 Å",2024-07-01,,matteroffact,Supported,"[{""bias"": ""Omission bias"", ""confidence"": 0.5713}]",Refuted,
2310.04841v1_9_T,"Reconstructed metal vacancies with the 2G structure occur as the ground state in titanium carbide, zirconium carbide, hafnium carbide, and vanadium carbide, but not in niobium carbide or tantalum carbide.",2023-10-01,,matteroffact,Supported,,Supported,
2503.11890v1_7_T,The relative intensity of the spectral feature associated with the mixed biexciton state (B₁₂) in (F-PEA)₂PbI₄ increases with increasing temperature.,2025-03-01,,matteroffact,Supported,,Supported,
2409.06071v2_4_T,Initializing the embedding matrix with chemical information and allowing it to be learned during training reduces validation errors by approximately 3 meV/atom compared to using a fixed chemically-informed embedding matrix.,2024-09-01,,matteroffact,Supported,"[{""bias"": ""Omission bias"", ""confidence"": 0.3602}]",Supported,
2405.18939v1_11_T,"In (LaSe)₁.₁₄(NbSe₂)₂, the A₁g modes from the NbSe₂ subunit are primarily active in parallel polarization, while the Eg modes are active in both parallel and crossed polarizations.",2024-05-01,,matteroffact,Supported,"[{""bias"": ""subadditivity effect"", ""confidence"": 0.4336}]",Supported,
2311.07316v2_11_F,"In the d_xy pairing symmetry of La₃Ni₂O₇, the gap function has the same sign across all three Fermi sheets (α, β, and γ)",2023-11-01,,matteroffact,Refuted,,Supported,
2310.04841v1_8_F,The discovery of reconstructed metal vacancies eliminates the need to consider cluster mechanisms for metal self-diffusion in titanium carbide.,2023-10-01,,matteroffact,Refuted,"[{""bias"": ""curse of knowledge"", ""confidence"": 0.4848}, {""bias"": ""Pro-Innovation Bias"", ""confidence"": 0.3157}]",Refuted,
2503.10923v1_12_T,"Extended Sample-Based Quantum Diagonalization (Ext-SQD) provides lower ground state energy values than Coupled Cluster Singles and Doubles (CCSD) for both reactant and product systems in lithium-oxygen reactions, indicating better accuracy due to its variational nature.",2025-03-01,,matteroffact,Supported,,Supported,
2405.07614v1_0_T,F-rich perovskite oxyfluorides exhibit higher average Na (de)intercalation voltages compared to O-rich perovskite oxyfluorides due to the greater inductive effect of F- compared to O2-.,2024-05-01,,matteroffact,Supported,,Supported,
2403.08237v2_5_F,Equilibrium synthesis methods like solid-state annealing are sufficient to achieve high Li-ion conductivity in Li₂ZrCl₆ because they can induce the necessary Zr disorder through thermal processes,2024-03-01,,matteroffact,Refuted,,Supported,
2403.13710v1_7_T,NV centers can achieve temperature sensitivity of approximately 5 millikelvin per square root hertz in bulk diamond at room temperature.,2024-03-01,,matteroffact,Supported,"[{""bias"": ""Outcome bias"", ""confidence"": 0.3276}]",Supported,
2406.07144v1_2_T,"The optimal energy of carbon atoms sputtered from a target for achieving the highest sp³ fraction in Diamond-Like Carbon coatings is approximately 41 eV, corresponding to a 10 kV ion beam in Electron Cyclotron Resonance Ion Beam Deposition.",2024-06-01,,matteroffact,Supported,,Supported,
2311.15472v1_7_T,"The preferential evaporation of titanium atoms in γ-TiAl despite their stronger bonds is explained by their step-wise bond breaking process, which makes the initial bond breaking event easier compared to the simultaneous bond breaking process of aluminum atoms.",2023-11-01,,matteroffact,Supported,,Supported,
2402.08834v1_12_T,"The Li13Si4 bulk structure used for tensile stretch simulation consisted of approximately 100,000 atoms with dimensions of 106 Å × 126 Å × 120 Å.",2024-02-01,,matteroffact,Supported,"[{""bias"": ""Outcome bias"", ""confidence"": 0.3092}]",Supported,
2410.08357v1_4_T,Li-Zn intermetallic anodes exhibit sharper phase separation with more clearly delineated lithium-rich regions compared to Li-Mg intermetallic anodes.,2024-10-01,,matteroffact,Supported,,Supported,
2401.15420v1_4_T,"In the HC||NVP/C full cell sodium-ion battery, the diffusive contribution to the total current decreases from 68% to 32% for anodic peaks and from 85% to 56% for cathodic peaks as the scan rate increases from 0.05 mV/s to 1 mV/s.",2024-01-01,,matteroffact,Supported,"[{""bias"": ""Time-saving bias"", ""confidence"": 0.9012}]",Supported,
2310.03638v1_3_F,The DMI in Pt₅/Co₅/Re(nm) thin films varies dramatically from 1 to 8 mJ/m² as rhenium thickness increases from 1 to 4 atomic layers.,2023-10-01,,matteroffact,Refuted,"[{""bias"": ""Time-saving bias"", ""confidence"": 0.9359}]",Supported,
2406.09461v1_10_F,"Nonhydrostatic stresses decrease the driving force for α→ω phase transformation in zirconium at 4.55 GPa by a factor of 0.75, from 18.17×10^6 J/m^3 to 13.63×10^6 J/m^3",2024-06-01,,matteroffact,Refuted,"[{""bias"": ""Time-saving bias"", ""confidence"": 0.8937}]",Supported,
2503.13955v1_4_F,The nonresonant Casimir-Polder force between a right-circularly polarized atomic state and a monolayer topological insulator with a negative Chern number remains repulsive at all separation distances.,2025-03-01,,matteroffact,Refuted,,Refuted,
2312.10284v1_12_T,"Despite theoretical predictions of high photovoltaic efficiency, experimental single-layer TMDC solar cells have typically not exceeded 2% efficiency due to Fermi-level pinning at metal-semiconductor interfaces and high carrier recombination caused by defective surfaces",2023-12-01,,matteroffact,Supported,"[{""bias"": ""Attentional bias"", ""confidence"": 0.5662}]",Supported,
2403.03466v2_8_T,"The lowest energy excitation at the Γ-point in LiCoO2 is primarily a Mott-like d-d transition from Co-t2g to Co-eg states, with approximately 85% particle-hole character and 15% collective contribution.",2024-03-01,,matteroffact,Supported,"[{""bias"": ""subadditivity effect"", ""confidence"": 0.3683}]",Supported,
2502.11628v1_15_T,"For small deformations in EBSD analysis, the infinitesimal strain tensor can be directly approximated by the Biot strain tensor, providing a straightforward connection between finite and infinitesimal strain frameworks.",2025-02-01,,matteroffact,Supported,,Supported,
2401.06319v2_9_F,Surface Bain distortion in noble metal nanowires leads to a permanent bct structure without any subsequent reorientation of the crystal structure.,2024-01-01,,matteroffact,Refuted,,Refuted,
2412.14582v1_10_T,"The optical absorption of Ta₂NiSe₅ monolayer is fundamentally different with and without spin-orbit coupling, transitioning from interband absorption to exciton-dominated absorption.",2024-12-01,,matteroffact,Supported,"[{""bias"": ""Pro-Innovation Bias"", ""confidence"": 0.466}]",Supported,
2404.13959v1_17_F,The modeling approach developed for 3D topological insulator nanostructures is limited to specific geometries and unsuitable for simulations of realistic topological material-based nanoelectronic devices or for studying hybrid devices that include superconductivity.,2024-04-01,,matteroffact,Refuted,,Supported,
2503.11087v1_7_T,"EuZn₂Sb₂ has a weaker spin-orbit coupling than EuCd₂Sb₂ due to the replacement of Cd with Zn, resulting in a different band structure with fewer Weyl points.",2025-03-01,,matteroffact,Supported,,Supported,
2410.05384v2_2_F,"The chiral topological superconducting state emerges solely from strong electron-electron repulsion, independent of the Berry curvature of the parent band.",2024-10-01,,matteroffact,Refuted,"[{""bias"": ""curse of knowledge"", ""confidence"": 0.35}]",Refuted,
2502.18190v1_4_F,"The 1T phase bilayer OsBr₂ exhibits valley polarization primarily due to time-reversal symmetry breaking and spin-orbit coupling, similar to the mechanism in the 2H phase.",2025-02-01,,matteroffact,Refuted,,Supported,
2405.09057v1_11_F,Response Matching can only generate Li-S structures that were explicitly included in its training dataset.,2024-05-01,,matteroffact,Refuted,"[{""bias"": ""Bias blind spot"", ""confidence"": 0.855}]",Refuted,
2501.04751v2_6_F,Both the primary photoluminescence signal in CrSBr at 1.35 eV and the secondary signal at 1.75 eV originate directly from chromium intra-atomic d-d transitions.,2025-01-01,,matteroffact,Refuted,"[{""bias"": ""subadditivity effect"", ""confidence"": 0.5222}]",Supported,
2404.19084v2_0_T,Centrifugal disk finishing reduces the arithmetic average surface roughness (Ra) of additively manufactured Inconel 718 from approximately 4.9 μm to below 1.0 μm after 135 minutes of processing.,2024-04-01,,matteroffact,Supported,"[{""bias"": ""Time-saving bias"", ""confidence"": 0.783}]",Supported,
2311.01879v1_3_T,Both <100> and 1/2<111> type dislocation loops form in FeCrAl ODS steels after Fe ion irradiation at 300°C to 3 dpa.,2023-11-01,,matteroffact,Supported,"[{""bias"": ""subadditivity effect"", ""confidence"": 0.4562}]",Supported,
2412.02812v4_5_F,"In bct Co₁₋ₓMnₓ films, the Mn atomic moment decreases with increasing Mn concentration primarily due to antiferromagnetic alignment between nearest neighbor Mn atoms, rather than a transition to a low-spin state.",2024-12-01,,matteroffact,Refuted,,Supported,
2503.07474v1_12_F,The time-resolved reflectivity measurements on RbV₃Sb₅ and KV₃Sb₅ confirm previous consensus that the CDW structure in these compounds preserves six-fold rotational symmetry throughout the entire CDW phase.,2025-03-01,,matteroffact,Refuted,,Supported,
2311.13599v1_13_T,"As combustion temperatures in gas turbines increase, the radiative component of heat transfer through thermal barrier coatings becomes increasingly significant compared to the conductive component.",2023-11-01,,matteroffact,Supported,"[{""bias"": ""Pro-Innovation Bias"", ""confidence"": 0.4526}]",Supported,
2412.11305v1_11_T,The electron density contour value that best models the hard corrugated surface is 1.30 ± 0.19 e⁻/nm³ for the Nb(100) metal surface and 0.66 ± 0.20 e⁻/nm³ for the (3×1)-O/Nb(100) oxide surface.,2024-12-01,,matteroffact,Supported,"[{""bias"": ""Time-saving bias"", ""confidence"": 0.4903}]",Supported,
2502.18190v1_12_F,"The 2H phase OsBr₂ bilayer exhibits ferromagnetic interlayer coupling in all stacking configurations, with coupling strength that decreases in AA-1, AA-3, and AB-1 stackings, similar to the behavior observed in GdI₂.",2025-02-01,,matteroffact,Refuted,,Supported,
2412.05273v1_11_F,"The quasi-quantum Hall effect signatures are more pronounced in Cd3As2 compared to ZrTe5 and HfTe5 due to weaker Coulomb disorder, higher mobilities, and less Landau level broadening in Cd3As2.",2024-12-01,,matteroffact,Refuted,,Supported,
2402.08326v2_13_F,"In Al/C60 nanocomposites, the interphase layer between aluminum and fullerene has a bulk modulus of approximately 20 GPa and a shear modulus of 15 GPa, which explains the observed increase in effective shear modulus with increasing fullerene concentration.",2024-02-01,,matteroffact,Refuted,,Supported,
2409.18210v1_15_F,"For accurate temperature measurement using the extended SThM method, the AC modulation frequency should be selected to be higher than the device's thermal cut-off frequency to capture transient thermal effects",2024-09-01,,matteroffact,Refuted,"[{""bias"": ""Bias blind spot"", ""confidence"": 0.7142}]",Supported,
2412.00421v1_9_F,"The nearest neighbor antiferromagnetic coupling strength in Cr adatom lattices on Nb(110) increases by 50%, from -2 meV in the rectangular lattice to -3 meV in the rhombic lattice.",2024-12-01,,matteroffact,Refuted,"[{""bias"": ""Time-saving bias"", ""confidence"": 0.909}]",Supported,
2412.04001v1_14_F,The internal spin structure of excitons in monolayer MoS₂ has negligible effect on exciton-phonon coupling and does not significantly influence the thermalization dynamics,2024-12-01,,matteroffact,Refuted,,Refuted,
2403.07416v2_8_F,"Phase-field simulations of grain boundary formation in Mg-1wt%Gd alloy show perfect quantitative agreement with experimental observations, validating the two-dimensional model for predicting three-dimensional grain boundary behavior.",2024-03-01,,matteroffact,Refuted,,Supported,
2411.08980v1_4_F,The normalized critical magnetic field B*/B_p at the tricritical point is systematically larger in NbS₂ flakes compared to NbSe₂ flakes of similar thickness.,2024-11-01,,matteroffact,Refuted,,Supported,
2405.17550v1_11_T,"In quantum Hall-superconductor junctions with metallic puddles, the effective charge transmission fractions are given by t_eh^(u) = ∏_(n=N^(l)+2)^(N^(l)+N^(u)+2) t_(eh,n) and t_eh^(l) = ∏_(n=1)^(N^(l)+1) t_(eh,n), where t_(eh,n) is the transmission fraction of each coherent segment.",2024-05-01,,matteroffact,Supported,,Supported,
2407.06148v1_2_F,The bath composition used to produce the Zn-Al-Mg coating contains 2.0% aluminum and 1.5% magnesium by weight.,2024-07-01,,matteroffact,Refuted,"[{""bias"": ""subadditivity effect"", ""confidence"": 0.5547}]",Supported,
2411.08528v1_15_F,"In Rb₂BX₆ (B = Si, Ge, Sn, Pt; X = Cl, Br, I) vacancy-ordered double perovskites, chlorine-containing compounds exhibit higher polaron mobility than their bromine and iodine counterparts.",2024-11-01,,matteroffact,Refuted,,Supported,
2406.04713v1_8_F,"Riemannian Flow Matching requires more complex base distributions than diffusion models, complicating the problem of learning crystal structures",2024-06-01,,matteroffact,Refuted,"[{""bias"": ""curse of knowledge"", ""confidence"": 0.3517}]",Refuted,
2502.06375v1_3_F,Silica aerogel thin films deposited on solar cells exhibit surface roughness ranging from 20% to 30%,2025-02-01,,matteroffact,Refuted,,Supported,
2311.07943v2_0_T,Air-annealed CaFeAsF exhibits superconductivity with a critical transition temperature up to 30.7 K.,2023-11-01,,matteroffact,Supported,,Supported,
2411.17360v1_11_F,"Al0.73Sc0.27N thin films show significant surface roughening and pitting at all oxygen doping levels, even at minimal concentrations.",2024-11-01,,matteroffact,Refuted,"[{""bias"": ""Outcome bias"", ""confidence"": 0.319}]",Supported,
2503.12194v1_14_T,"The defect formation energy of Er-doped Ga₂O₃ is lower under Ga-poor (O-rich) conditions than under Ga-rich (O-poor) conditions, indicating a higher probability of Er defect formation in Ga-poor environments.",2025-03-01,,matteroffact,Supported,,Supported,
2407.16044v1_2_T,"Bilayer graphene with symmetrical strain of 1.9% exhibits a flat band at the Fermi level, indicating potential superconductivity with an estimated critical temperature of 0.53 K",2024-07-01,,matteroffact,Supported,,Supported,
2406.12136v1_3_F,"Among the 2D magnetic materials, CrI₃, CrBr₃, Cr₂Ge₂Te₆, and Fe₃GeTe₂ all exhibit ferromagnetism with Curie temperatures above 270 K, making them promising candidates for room-temperature spintronic applications.",2024-06-01,,matteroffact,Refuted,"[{""bias"": ""subadditivity effect"", ""confidence"": 0.6348}]",Supported,
2411.12896v1_10_F,The formation of DX centers in Ge-doped AlGaN with high aluminum content enhances n-type conductivity by increasing the free carrier concentration,2024-11-01,,matteroffact,Refuted,,Supported,
2408.00042v3_13_T,"BW in space group 141 (I4₁/amd) exhibits both symmetry-enforced Z₂ topology and superconductivity at T_c = 4.3 K, making it a potential candidate for symmetry-enforced topological superconductivity.",2024-08-01,,matteroffact,Supported,,Supported,
2504.04297v1_5_F,"LaRu₂As₂ has an experimental superconducting transition temperature of 7.8 K and a calculated value of 5.3 K, showing significant discrepancy between theory and experiment.",2025-04-01,,matteroffact,Refuted,"[{""bias"": ""Ambiguity effect"", ""confidence"": 0.3407}]",Supported,
2504.11065v1_4_T,The electron mean free path in high-quality titanium nitride thin films is approximately 29.4 nanometers.,2025-04-01,,matteroffact,Supported,,Supported,
2405.07614v1_7_T,"The calculated or estimated Na-ion migration barriers in transition metal oxyfluoride perovskites under 5% homogeneous tensile strain are 636 meV for TiOF2, 417 meV for NaTiOF2, 888 meV for VOF2, 553 meV for NaVOF2, 957 meV for CrOF2, and 607 meV for NaMnOF2, all below the 1000 meV threshold.",2024-05-01,,matteroffact,Supported,"[{""bias"": ""subadditivity effect"", ""confidence"": 0.9106}]",Supported,
2404.00214v1_1_T,Tensile-strained Sr3Ru2O7 films exhibit a giant magnetic saturation moment of approximately 2 μB per Ru atom,2024-04-01,,matteroffact,Supported,"[{""bias"": ""Outcome bias"", ""confidence"": 0.4849}]",Supported,
2410.22496v2_10_T,"During laser melting of C103 refractory alloy, cooling rates are primarily influenced by laser scan speed rather than laser power",2024-10-01,,matteroffact,Supported,,Supported,
2402.09770v1_10_F,The valence band of In₂Se₃ monolayer is flat with a bandwidth less than 0.5 eV along the Γ-K direction.,2024-02-01,,matteroffact,Refuted,"[{""bias"": ""Planning Fallacy"", ""confidence"": 0.3279}]",Supported,
2311.07943v2_16_T,"Polycrystalline CaFeAsF samples exhibit more pronounced annealing effects than single-crystalline samples due to their structural characteristics, resulting in higher superconducting volume fractions.",2023-11-01,,matteroffact,Supported,,Supported,
2310.15331v2_15_T,"Van Hove singularities near the Fermi energy in strontium ruthenates are responsible for their sensitivity to external stimuli such as magnetic field and uniaxial strain, leading to phenomena like metamagnetism in Sr3Ru2O7 and strain-enhanced superconductivity in Sr2RuO4.",2023-10-01,,matteroffact,Supported,,Supported,
2503.22477v2_2_F,"The density of states at the Fermi level in LaRu₃(Si₁₋ₓGeₓ)₂ decreases by approximately 10% as germanium content increases from x = 0 to x = 0.07, as measured by specific heat and confirmed by DFT calculations.",2025-03-01,,matteroffact,Refuted,,Supported,
2411.01127v1_14_F,"In the theoretical model for disordered 2D electron systems, the characteristic temperature T_WL for weak localization decreases with carrier density, with values ranging from approximately 50,000K to 5,000K in PBTTT thin films as the gate voltage increases from -1.0V to -2.0V.",2024-11-01,,matteroffact,Refuted,"[{""bias"": ""Time-saving bias"", ""confidence"": 0.9062}]",Supported,
2408.06128v1_2_F,"The monoclinic Sr-IV crystal structure transitions to the incommensurate Sr-V phase at 46 GPa at low temperatures, matching the transition pressure observed at room temperature.",2024-08-01,,matteroffact,Refuted,,Supported,
2311.14529v1_14_F,"The lamella prepared for in-situ scanning X-ray fluorescence measurements of the additively manufactured Al-Mn-Cr-Zr alloy was approximately 5 µm in height, 15 µm in width, and 0.5 µm in thickness.",2023-11-01,,matteroffact,Refuted,"[{""bias"": ""Time-saving bias"", ""confidence"": 0.4525}]",Supported,
2312.10313v1_11_F,The tight-binding implementation of the Bogoliubov-de Gennes method is limited to qualitative predictions and cannot accurately reproduce the quantitative superconducting properties observed in experiments.,2023-12-01,,matteroffact,Refuted,"[{""bias"": ""Bias blind spot"", ""confidence"": 0.9414}]",Supported,
2311.01879v1_15_F,"The activation energy for dislocation loop migration due to Cr atoms decreases with Cr content, being 0.060 eV for Fe12Cr9Al, 0.050 eV for Fe15Cr9Al, and 0.040 eV for Fe18Cr9Al ODS steels.",2023-11-01,,matteroffact,Refuted,"[{""bias"": ""Time-saving bias"", ""confidence"": 0.4953}]",Supported,
2501.13547v1_3_F,"The Korringa ratio in LaRhGe₃ is approximately 1, indicating the absence of electron correlations in the material.",2025-01-01,,matteroffact,Refuted,,Supported,
2411.03664v1_0_T,"Structural chirality in charge density wave materials emerges from the phase difference of CDW Q-vectors between layers, which creates a spiral arrangement of Q-vectors in real space.",2024-11-01,,matteroffact,Supported,"[{""bias"": ""clustering illusion"", ""confidence"": 0.6364}]",Supported,
2407.11586v1_15_F,The FeSe/NdFeO3 interface is unsuitable for studying magnetism because NdFeO3 lacks any magnetic ordered states.,2024-07-01,,matteroffact,Refuted,,Refuted,
2504.06595v1_13_T,Ab initio molecular dynamics simulations of ionic transport require extreme electric field strengths that are orders of magnitude higher than realistic conditions,2025-04-01,,matteroffact,Supported,,Refuted,
2310.15331v2_14_F,Higher-order Van Hove singularities have minimal impact on the electronic properties of materials because their power-law divergences in the density of states are too weak to overcome thermal broadening effects at any experimentally accessible temperature.,2023-10-01,,matteroffact,Refuted,"[{""bias"": ""Bias blind spot"", ""confidence"": 0.3585}]",Refuted,
2412.05273v1_1_F,"In Cd3As2, the Coulomb disorder strength parameters β and γ increase with increasing carrier density, with β increasing from approximately 0.04 to 0.12 as carrier density increases from 2.9×10^16 cm^-3 to 5.8×10^16 cm^-3.",2024-12-01,,matteroffact,Refuted,"[{""bias"": ""Time-saving bias"", ""confidence"": 0.9263}]",Supported,
2408.10146v2_6_F,All-perovskite field-effect transistors using La:BaSnO₃ as the channel and LaInO₃ as the gate dielectric achieve a field-effect mobility of 200 cm²V⁻¹s⁻¹ with an on-off current ratio of 10⁹,2024-08-01,,matteroffact,Refuted,,Supported,
2401.17024v2_6_T,"The calculated total density of states at the Fermi level for Mg₂RhH₆, Mg₂IrH₆, Al₂MnH₆, and Li₂CuH₆ are 3.09, 3.17, 3.25, and 1.51 eV⁻¹ per formula unit, respectively.",2024-01-01,,matteroffact,Supported,"[{""bias"": ""subadditivity effect"", ""confidence"": 0.672}]",Supported,
2403.19614v1_10_T,"The proposed X junction geometry for Josephson junctions is designed to achieve a higher ratio of backscattered to incident electrons in the bridge area compared to traditional geometries, allowing more precise control over the undercut formation process.",2024-03-01,,matteroffact,Supported,"[{""bias"": ""curse of knowledge"", ""confidence"": 0.4271}]",Supported,
2501.16965v1_5_F,"In a two-dimensional time-reversal symmetric system, the trace of the non-Abelian quantum metric R_xx and R_xy both average to zero across the Brillouin zone, resulting in no contribution to the superfluid weight.",2025-01-01,,matteroffact,Refuted,,Supported,
2411.17360v1_13_F,Oxygen-doped Al0.73Sc0.27N thin films show significant chemical segregation of scandium in the bulk material at moderate doping concentrations.,2024-11-01,,matteroffact,Refuted,,Supported,
2411.10522v1_9_T,"Hydride superconductivity has been independently reproduced by multiple research groups using different synthesis routes and measurement techniques, providing strong evidence for the validity of the phenomenon.",2024-11-01,,matteroffact,Supported,"[{""bias"": ""curse of knowledge"", ""confidence"": 0.3102}]",Supported,
2401.17024v2_0_T,High-throughput screening of X₂MH₆ compounds identified 26 dynamically stable materials with strong electron-phonon coupling at ambient pressure.,2024-01-01,,matteroffact,Supported,"[{""bias"": ""clustering illusion"", ""confidence"": 0.4448}]",Supported,
2411.19257v1_1_T,"The band gap reduction rate in AlAs₁₋ₓBiₓ is 84 meV per percent of bismuth, which is higher than the reduction rates in GaAs₁₋ₓBiₓ (64 meV/%Bi) and InAs₁₋ₓBiₓ (43 meV/%Bi).",2024-11-01,,matteroffact,Supported,,Supported,
2408.10978v2_3_F,"CsHf₃Te₅ has the highest elastic wave velocities among the three kagome metals, with longitudinal, transverse, and average wave velocities of 3000 m/s, 1800 m/s, and 2000 m/s, respectively.",2024-08-01,,matteroffact,Refuted,"[{""bias"": ""subadditivity effect"", ""confidence"": 0.9128}]",Supported,
2403.08679v1_11_F,Iron in NaFe₂PO₄(SO₄)₂ exists as a mixture of Fe²⁺ and Fe³⁺ oxidation states in approximately equal proportions.,2024-03-01,,matteroffact,Refuted,,Supported,
2503.03099v1_2_F,"Twisted h-BN bilayers only exhibit flat bands at specific 'magic angles' around 1.1° and 3.5°, with bandwidths below 10 meV exclusively at these angles.",2025-03-01,,matteroffact,Refuted,"[{""bias"": ""subadditivity effect"", ""confidence"": 0.4122}]",Supported,
2503.21027v1_6_F,"The Berry curvature in CoS₂ exhibits sign changes across different regions of the Brillouin zone, indicating the absence of topologically non-trivial band structures.",2025-03-01,,matteroffact,Refuted,"[{""bias"": ""curse of knowledge"", ""confidence"": 0.345}]",Refuted,
2408.10978v2_10_T,"The kagome metals CsM₃Te₅ (M = Ti, Zr, Hf) are dynamically stable, exhibiting all positive phonon frequencies throughout the Brillouin zone.",2024-08-01,,matteroffact,Supported,,Supported,
2503.12245v1_14_T,"The negative temperature coefficient of resistivity in V-Ti alloys is unusual because V and Ti atoms lie adjacent to each other in the periodic table, unlike other binary alloys with negative TCR where the constituent atoms have significantly different potential energies.",2025-03-01,,matteroffact,Supported,,Refuted,
2411.11673v2_11_T,The magneto-optical Kerr effect in MnTe shows a strong feature near its band gap energy of 1.46±0.10 eV that blue-shifts with increasing magnetic field strength.,2024-11-01,,matteroffact,Supported,,Supported,
2502.17275v1_14_F,"A sparse polynomial chaos expansion of order 5 with cross truncation coefficient q=0.7 for the 24-parameter DFN model requires approximately 10,000 samples for optimal results",2025-02-01,,matteroffact,Refuted,"[{""bias"": ""Planning Fallacy"", ""confidence"": 0.7757}]",Supported,
2504.05858v1_4_T,The dielectric relaxation in Na₃Zr₂₋ₓTiₓSi₂PO₁₂ materials exhibits non-Debye type behavior with a distribution of relaxation times rather than a single relaxation time.,2025-04-01,,matteroffact,Supported,,Supported,
2409.06740v2_12_T,"The disentangled variational autoencoder generates alloys with phase formation probabilities that are consistent with input probabilities in high-density regions of the latent space, but may produce inconsistent results in low-density regions.",2024-09-01,,matteroffact,Supported,"[{""bias"": ""Bias blind spot"", ""confidence"": 0.9803}]",Supported,
2503.21027v1_10_F,"The electronic bands near the Fermi level in CoS₂ primarily consist of isolated cobalt d-states with minimal hybridization, and spin-orbit coupling effects are negligible throughout the Brillouin zone.",2025-03-01,,matteroffact,Refuted,,Refuted,
2502.18376v1_13_T,"The molecular beam epitaxy deposition technique enables the growth of single-orientation LaVO₃ films on DyScO₃ substrates up to 140 unit cells thick, unlike pulsed laser deposition which produces two-phase films beyond 60-74 unit cells.",2025-02-01,,matteroffact,Supported,,Supported,
2311.08257v1_1_F,"The superconducting transition temperature (Tc) of NbN films decreases with increasing film thickness, with the thinnest film (20 nm) showing the highest Tc of 14.5K and the thickest film (140 nm) showing the lowest Tc of 10K.",2023-11-01,,matteroffact,Refuted,"[{""bias"": ""Time-saving bias"", ""confidence"": 0.9177}]",Supported,
2409.08289v1_0_F,"In cuprate superconductors, only two temperature scales govern the physics above the critical temperature: the pseudogap temperature T* and the fluctuation temperature scale.",2024-09-01,,matteroffact,Refuted,"[{""bias"": ""curse of knowledge"", ""confidence"": 0.3056}]",Refuted,
2503.01590v1_14_T,"Computational workflows for Hubbard parameter calculations can use predefined protocols (fast, moderate, precise) to automatically populate calculation inputs, requiring minimal user input",2025-03-01,,matteroffact,Supported,"[{""bias"": ""Bias blind spot"", ""confidence"": 0.4883}]",Supported,
2504.11065v1_9_T,Nitrogen deficiency in titanium nitride thin films grown at lower temperatures causes expansion of the c-axis lattice parameter.,2025-04-01,,matteroffact,Supported,,Supported,
2401.11967v1_5_T,Extracting patches with random rotations and reflections from a small set of titanium alloy micrographs is an effective method for expanding the dataset for VAE training.,2024-01-01,,matteroffact,Supported,"[{""bias"": ""clustering illusion"", ""confidence"": 0.6965}]",Refuted,
2311.07316v2_7_F,The leading superconducting pairing symmetry in La₃Ni₂O₇ changes from d_xy to s_± when the interaction strength U increases from 1.0 eV to 1.2 eV in both Wannier's model and Luo's model,2023-11-01,,matteroffact,Refuted,,Supported,
2412.16310v3_16_F,"The binding energy for the formation of the sulfur-vacancy (SV) complex from substitutional sulfur and a vacancy (3.5 eV) is lower than for the formation of a divacancy from two vacancies (4.2 eV), indicating that a second vacancy is preferred over sulfur for trapping mobile vacancies.",2024-12-01,,matteroffact,Refuted,"[{""bias"": ""Time-saving bias"", ""confidence"": 0.3204}]",Supported,
2403.07416v2_8_T,"Phase-field simulations of grain boundary formation in Mg-1wt%Gd alloy show qualitative agreement with experimental observations, but with notable discrepancies attributable to stochastic variability and three-dimensional effects.",2024-03-01,,matteroffact,Supported,"[{""bias"": ""Bias blind spot"", ""confidence"": 0.687}]",Supported,
2407.11586v1_15_T,The FeSe/NdFeO3 interface provides a platform for studying interactions between superconductivity and magnetism due to the multiple magnetic ordered states in NdFeO3.,2024-07-01,,matteroffact,Supported,"[{""bias"": ""Pro-Innovation Bias"", ""confidence"": 0.5092}]",Supported,
2405.10644v1_10_F,"The optimal temperature for topotactic reduction of NdNiO₃ membranes using CaH₂ is 300°C, which is high enough to enable the reduction process but low enough to avoid damage to the membranes.",2024-05-01,,matteroffact,Refuted,,Supported,
2503.21027v1_0_T,CoS₂ thin films exhibit ferromagnetic ordering with a Curie temperature of approximately 120 K and saturation magnetic moments of 0.92 ± 0.05 μB per Co atom for out-of-plane geometry and 0.95 ± 0.05 μB per Co atom for in-plane geometry at 10 K.,2025-03-01,,matteroffact,Supported,"[{""bias"": ""Time-saving bias"", ""confidence"": 0.5237}]",Supported,
2401.04713v1_5_T,"The root-mean-square (rms) roughness of 20nm ErMn₆Sn₆ thin films is 1.02nm, while 20nm TbMn₆Sn₆ thin films have an rms roughness of 1.45nm.",2024-01-01,,matteroffact,Supported,"[{""bias"": ""Time-saving bias"", ""confidence"": 0.6918}]",Supported,
2408.03175v1_14_F,"The motion of the lithium interface in solid-state batteries is governed solely by an equation based on Butler-Volmer kinetics that depends only on the applied voltage and temperature, with no contribution from diffusion processes.",2024-08-01,,matteroffact,Refuted,"[{""bias"": ""Bias blind spot"", ""confidence"": 0.6783}]",Refuted,
2405.17947v1_15_T,NbS₂ is suggested as a potential alternative to silicon additives for increasing anode capacity in commercial batteries due to its high capacity and significantly lower volume expansion during lithiation.,2024-05-01,,matteroffact,Supported,"[{""bias"": ""Pro-Innovation Bias"", ""confidence"": 0.5865}]",Supported,
2402.09770v1_12_T,Ferroelectricity in In₂Se₃ monolayer is preserved under hole doping up to 1.0 holes per formula unit.,2024-02-01,,matteroffact,Supported,"[{""bias"": ""Outcome bias"", ""confidence"": 0.3735}]",Supported,
2501.00561v1_8_F,"Chromium impurities in β-Ga₂O₃ are unsuitable for quantum applications due to their broad emission spectrum, strong electron-phonon coupling, nanosecond-scale recombination lifetime, and narrow bandgap host material.",2025-01-01,,matteroffact,Refuted,"[{""bias"": ""Pro-Innovation Bias"", ""confidence"": 0.4818}]",Supported,
2402.05283v3_1_T,"A 3D object with 1024×1024×1024 pixels can be reconstructed in approximately 670 seconds on a GPU using the Carousel Phase Retrieval Algorithm, enabling real-time reconstruction during experiments.",2024-02-01,,matteroffact,Supported,"[{""bias"": ""clustering illusion"", ""confidence"": 0.7414}]",Refuted,
2402.05180v1_1_T,Non-symmorphic symmetries in 8 specific two-dimensional space groups generically lead to coincident Van Hove singularities in both energy and momentum when spin-orbit coupling is neglected.,2024-02-01,,matteroffact,Supported,,Supported,
2404.19084v2_0_F,Centrifugal disk finishing reduces the arithmetic average surface roughness (Ra) of additively manufactured Inconel 718 from approximately 4.9 μm to below 0.5 μm after 135 minutes of processing.,2024-04-01,,matteroffact,Refuted,"[{""bias"": ""Time-saving bias"", ""confidence"": 0.7941}]",Supported,
2402.18588v2_14_T,"In LK-99 with spin-orbit coupling, the points w1 and w2 are topologically protected double Weyl points, while points s1 and s2 are accidental crossings without topological protection.",2024-02-01,,matteroffact,Supported,,Supported,
2412.10561v2_7_T,Infrared emission and absorption spectra serve as useful benchmarks to assess the applicability of different charge partitioning schemes in computational materials science.,2024-12-01,,matteroffact,Supported,"[{""bias"": ""curse of knowledge"", ""confidence"": 0.5184}]",Supported,
2403.09609v1_9_T,"The Ti-6Al-4V alloy transforms from β to α phase during cooling at 995°C, which is its β-transus temperature.",2024-03-01,,matteroffact,Supported,"[{""bias"": ""Outcome bias"", ""confidence"": 0.4564}]",Supported,
2409.06743v1_13_F,Cellulose-based paper separators are more expensive to manufacture than commercial glass fiber separators for sodium-ion batteries due to the complex multi-layer coating process required.,2024-09-01,,matteroffact,Refuted,,Refuted,
2405.19935v1_7_T,"In magnetically doped topological insulators, the bulk gap of the quantum anomalous Hall system can be tuned by tilting the external magnetic field away from the perpendicular direction, providing an experimental knob to control the non-universal corrections to Hall conductance.",2024-05-01,,matteroffact,Supported,"[{""bias"": ""clustering illusion"", ""confidence"": 0.3758}, {""bias"": ""Bias blind spot"", ""confidence"": 0.3057}]",Supported,
2409.09176v1_9_T,"Disulfide pyrites (FeS2, CoS2, NiS2) are negative charge transfer compounds where the formal 4+ oxidation state of the cations is reduced to 2+ due to self-doped sulfur 3p holes, with the S2 pairs forming molecular-like states with 2- configuration similar to superoxides.",2024-09-01,,matteroffact,Supported,,Refuted,
2410.05384v2_4_T,A chiral spin liquid phase with Abelian semion excitations and Hall conductance σH=1/2 can emerge in the vicinity of the Moore-Read quantum Hall phase when the Z2 gauge field is confined by strong Maxwell coupling.,2024-10-01,,matteroffact,Supported,"[{""bias"": ""Pro-Innovation Bias"", ""confidence"": 0.3825}]",Supported,
2405.10644v1_0_F,"Water-soluble (Ca,Sr)₃Al₂O₆ sacrificial layers enable the successful fabrication of high-quality, single-crystal NdNiO₃ freestanding membranes without the need for STO encapsulation layers.",2024-05-01,,matteroffact,Refuted,,Supported,
2410.01040v1_5_F,"In Bi₂Sr₂CaCu₂O₈₊δ with tilted columnar defects, enhanced screening is solely determined by pancake vortices interacting with columnar defects, with no contribution from Josephson vortices.",2024-10-01,,matteroffact,Refuted,"[{""bias"": ""Bias blind spot"", ""confidence"": 0.6219}]",Refuted,
2502.17275v1_7_F,"The reaction rate constant has significant impact in both the negative and positive electrodes of lithium-ion batteries, indicating similar limiting mechanisms in both electrodes",2025-02-01,,matteroffact,Refuted,,Supported,
2501.05312v1_4_T,Higher proportions of orthorhombic polar grains in Hf₀.₅Zr₀.₅O₂ films lead to increased remanent and saturation polarization values in the ferroelectric hysteresis loops.,2025-01-01,,matteroffact,Supported,,Supported,
2409.18344v1_9_F,"LiPFBS/DME electrolytes form organic-rich CEI layers with higher oxygen content compared to LiTFSI/DME electrolyte, which forms an inorganic-rich CEI with lower oxygen content.",2024-09-01,,matteroffact,Refuted,,Supported,
2411.01127v1_14_T,"In the theoretical model for disordered 2D electron systems, the characteristic temperature T_WL for weak localization increases with carrier density, with values ranging from approximately 5,000K to 43,000K in PBTTT thin films as the gate voltage increases from -1.0V to -2.0V.",2024-11-01,,matteroffact,Supported,"[{""bias"": ""Time-saving bias"", ""confidence"": 0.8786}]",Supported,
2402.15199v1_15_F,"The total force experienced by adsorbing EMIM cations exhibits a single continuous gradient, gradually changing from attractive to repulsive as the ion approaches the electrode surface from 12 Å to 3 Å",2024-02-01,,matteroffact,Refuted,"[{""bias"": ""Time-saving bias"", ""confidence"": 0.7749}]",Supported,
2312.03989v1_3_F,"Computing the rare event indicator from a 40° partial data set takes approximately 30 seconds, which is about 3 times faster than computing it from the full 360° data set.",2023-12-01,,matteroffact,Refuted,"[{""bias"": ""Time-saving bias"", ""confidence"": 0.7947}]",Refuted,
2403.18441v1_9_T,"The analytical model for residual stress prediction demonstrates adaptability for different tool-work-process combinations with limited data availability, making it suitable for industrial applications where experimental data may be scarce.",2024-03-01,,matteroffact,Supported,"[{""bias"": ""Bias blind spot"", ""confidence"": 0.4587}]",Supported,
2405.03680v2_13_F,AtomGPT is specifically designed for superconductor materials and cannot be applied to other materials classes due to fundamental limitations in its architecture and training methodology.,2024-05-01,,matteroffact,Refuted,,Refuted,
2411.08980v1_13_T,"In 25 nm and 30 nm NbS₂ flakes, the polar angle dependence of the upper critical field below a certain temperature requires dual 2D-Tinkham components, indicating the presence of orbital FFLO state despite the linear-like B_{c2,||}-T relation.",2024-11-01,,matteroffact,Supported,,Supported,
2411.01127v1_5_F,"In the strong localization limit of disordered 2D electron systems, the spectral conductance follows g(ε,T) = g_0(ε)(1-(T_SL(ε)/T)^2), where g_0 is the conductance at a microscopic length scale and T_SL is a characteristic temperature.",2024-11-01,,matteroffact,Refuted,,Supported,
2311.09099v1_4_F,The optimal carrier mobility in the perovskite layer for achieving the best match between simulated and experimental J-V characteristics is 100 cm²/(V·s),2023-11-01,,matteroffact,Refuted,,Supported,
2404.08651v1_10_F,"On flat surfaces, SiH3 radicals arrive at varied angles to the growth surface, causing inefficient removal of surface hydrogen and formation of defect-rich thin film silicon.",2024-04-01,,matteroffact,Refuted,"[{""bias"": ""Omission bias"", ""confidence"": 0.7379}]",Supported,
2503.14050v1_3_F,"The surface core-level shift of Hf 4f on the clean Hf(0001) surface is +0.34 eV relative to the bulk component, contradicting theoretical predictions.",2025-03-01,,matteroffact,Refuted,,Refuted,
2405.17947v1_15_F,NbS₂ is suggested as a replacement for graphite as the primary anode material in commercial batteries due to its superior cycling stability and lower cost of production compared to current materials.,2024-05-01,,matteroffact,Refuted,"[{""bias"": ""Pro-Innovation Bias"", ""confidence"": 0.3183}]",Supported,
2411.13301v1_1_T,"Bulk Sr₂CuO₃ in the antiferromagnetic Néel ground state exhibits Mott insulator behavior with a band gap of 1.98 eV, where the conduction band minimum is contributed by Cu orbitals and the valence band maximum by O orbitals.",2024-11-01,,matteroffact,Supported,"[{""bias"": ""Outcome bias"", ""confidence"": 0.3827}, {""bias"": ""subadditivity effect"", ""confidence"": 0.3348}]",Supported,
2402.05180v1_15_F,"The one-loop BCS corrections to the interactions are Δg1=-2χpp^intrag3^2, Δg2=-2χpp^intrag4^2, Δg3=-2χpp^intrag1g2, Δg4=-χpp^intra(g1^2+g2^2), and Δg5=-χpp^intra(g1-g2)g5.",2024-02-01,,matteroffact,Refuted,,Refuted,
2503.07460v1_16_T,"Recent advancements in hybrid functional density functional theory implementations have significantly reduced memory requirements and improved computational efficiency for large system sizes, making calculations with hundreds of atoms more tractable.",2025-03-01,,matteroffact,Supported,"[{""bias"": ""Pro-Innovation Bias"", ""confidence"": 0.5374}]",Supported,
2404.00214v1_8_T,The ferromagnetic state in tensile-strained Sr3Ru2O7 films has its easy magnetization direction along the c-axis,2024-04-01,,matteroffact,Supported,,Supported,
2401.04713v1_0_F,Atomic layer molecular beam epitaxy requires temperatures above 200°C to successfully grow epitaxial RMn₆Sn₆ thin films.,2024-01-01,,matteroffact,Refuted,,Supported,
2402.05180v1_7_F,Spin-orbit coupling always destroys coincident Van Hove singularities in all 2D space groups.,2024-02-01,,matteroffact,Refuted,,Refuted,
2502.17275v1_14_T,"A sparse polynomial chaos expansion of order 5 with cross truncation coefficient q=0.7 for the 24-parameter DFN model requires approximately 68,379 samples for optimal results",2025-02-01,,matteroffact,Supported,"[{""bias"": ""Planning Fallacy"", ""confidence"": 0.6688}]",Supported,
2404.00214v1_5_F,Sr3Ru2O7 films grown by molecular beam epitaxy on SrTiO3 substrates have a thickness of 100 nm as determined by X-ray reflectivity,2024-04-01,,matteroffact,Refuted,,Supported,
2403.08679v1_14_T,"NaFe₂PO₄(SO₄)₂ exhibits a crossover from inverse to conventional magnetocaloric effect with increasing magnetic field, with the crossover occurring at approximately 45 kOe.",2024-03-01,,matteroffact,Supported,"[{""bias"": ""Outcome bias"", ""confidence"": 0.3601}]",Supported,
2411.16649v1_4_F,"The bulk modulus of Ti₂AlC decreases by 5%, 10%, and 15% between 300K and 1200K at pressures of 10, 20, and 30 GPa, respectively.",2024-11-01,,matteroffact,Refuted,"[{""bias"": ""Time-saving bias"", ""confidence"": 0.6379}]",Supported,
2311.07316v2_17_T,"DFT calculations show that oxygen octahedral rotations in La₃Ni₂O₇ are completely suppressed under 30 GPa, resulting in a tetragonal structure with space group I4/mmm",2023-11-01,,matteroffact,Supported,,Supported,
2410.05384v2_2_T,The non-trivial Berry curvature of the parent Chern band transforms the s-wave pairing from electron-phonon coupling into a p-wave chiral topological superconducting state.,2024-10-01,,matteroffact,Supported,"[{""bias"": ""curse of knowledge"", ""confidence"": 0.556}]",Supported,
2404.16031v1_5_F,Increasing growth velocity in the banding regime of rapidly solidified Mg alloy leads to an increase in the width of the patterned/segregated regions within the bands,2024-04-01,,matteroffact,Refuted,,Supported,
2501.01822v1_15_F,X-ray photoelectron spectroscopy analysis shows that synthesized ZIF-8 contains significant amounts of copper and sulfur impurities that alter its electronic properties,2025-01-01,,matteroffact,Refuted,"[{""bias"": ""Bias blind spot"", ""confidence"": 0.3878}]",Supported,
2411.12896v1_13_T,"Silicon is an effective n-type dopant in AlGaN with 65% aluminum content, while germanium is ineffective due to its behavior as a DX center",2024-11-01,,matteroffact,Supported,"[{""bias"": ""Whole only effect"", ""confidence"": 0.5967}]",Supported,
2405.11460v1_9_T,The electric modulus scaling analysis of Na₃₊ₓZr₂₋ₓPrₓSi₂PO₁₂ (x = 0.05-0.2) ceramics shows that all samples exhibit a similar type of relaxation mechanism that is temperature-independent.,2024-05-01,,matteroffact,Supported,,Supported,
2401.15420v1_5_T,The NVP/C cathode material in a half-cell configuration delivers a specific discharge capacity of 85 mAh/g at 0.1 C with a capacity retention of 97.2% after 55 cycles at various current rates.,2024-01-01,,matteroffact,Supported,"[{""bias"": ""Time-saving bias"", ""confidence"": 0.4783}]",Supported,
2504.02054v1_12_F,"In Na₂Mn₃O₇, electrochemical desodiation proceeds via preferential extraction of Na⁺ ions from Na1 sites (beneath the Mn vacancy layer) rather than from Na2 sites (situated away from the vacancy layer)",2025-04-01,,matteroffact,Refuted,,Supported,
2410.16199v1_13_T,The momentum-resolved fingerprint for distinguishing between band and Mott insulators can be applied to identify quantum phase transitions in van der Waals heterostructures where interlayer interactions and correlations can be tuned.,2024-10-01,,matteroffact,Supported,,Supported,
2410.16199v1_15_T,"Experimentally identifying unconventional Mott insulators with an even number of electrons per unit cell is challenging because both band and Mott insulators exhibit energy gaps in their excitation spectra, leading to similar signatures in optical and transport measurements.",2024-10-01,,matteroffact,Supported,"[{""bias"": ""Bias blind spot"", ""confidence"": 0.3088}]",Supported,
2407.21071v2_13_F,In-plane graded lithium-ion battery electrodes cannot be manufactured using existing techniques and require entirely new manufacturing processes that have not yet been developed,2024-07-01,,matteroffact,Refuted,,Refuted,
2408.06641v2_7_F,"Doping Cr3Si with Ge, Ga, or Al compromises the mechanical stability of the structure, leading to potential structural collapse under stress.",2024-08-01,,matteroffact,Refuted,"[{""bias"": ""Omission bias"", ""confidence"": 0.3491}, {""bias"": ""Pro-Innovation Bias"", ""confidence"": 0.3119}]",Supported,
2504.02054v1_2_F,The electronic coupling matrix element (VAB) for oxygen hole polaron transport in NaMn₃O₇ is 0.20 eV,2025-04-01,,matteroffact,Refuted,"[{""bias"": ""Outcome bias"", ""confidence"": 0.3283}]",Supported,
2411.16583v1_14_T,"The FFT framework solves the mechanical problem using Fourier Galerkin approach in finite strains, the damage problem with Phase Field Fracture using conjugate gradient with a preconditioner, and the chemical problem with backward Euler and Newton-Raphson combined with conjugate gradient.",2024-11-01,,matteroffact,Supported,,Supported,
2405.02186v1_10_F,"In total reflection hard X-ray photoemission spectroscopy of superconducting infinite-layer nickelate thin films, the hole-doped component of the Ni 2p₃/₂ spectrum shows stronger relative intensity at incidence angles above 0.6 degrees compared to lower angles.",2024-05-01,,matteroffact,Refuted,,Supported,
2312.05174v1_13_T,"Nanotexturing metal powders improves absorptivity and printability without altering the chemical composition of the feedstock, unlike approaches that use additives or alloying",2023-12-01,,matteroffact,Supported,"[{""bias"": ""curse of knowledge"", ""confidence"": 0.387}]",Supported,
2412.18878v1_11_F,The ability to modulate ENZ wavelength in PEDOT films enables potential applications in static optical filters and slow-response photonic devices,2024-12-01,,matteroffact,Refuted,"[{""bias"": ""Pro-Innovation Bias"", ""confidence"": 0.8141}]",Supported,
2401.17024v2_6_F,"The calculated total density of states at the Fermi level for Mg₂RhH₆, Mg₂IrH₆, Al₂MnH₆, and Li₂CuH₆ are all approximately 4.5 eV⁻¹ per formula unit, indicating similar electronic structures.",2024-01-01,,matteroffact,Refuted,"[{""bias"": ""subadditivity effect"", ""confidence"": 0.4222}]",Supported,
2404.13293v1_2_F,The energy barrier for local domain wall migration in GeTe thin film increases from 2 meV per unit cell for the first two migrations to 4 meV per unit cell for the last two migrations.,2024-04-01,,matteroffact,Refuted,"[{""bias"": ""Time-saving bias"", ""confidence"": 0.9135}]",Supported,
2311.13599v1_6_F,Yb³⁺ doping in gadolinium zirconate creates absorption between 0.9 and 1.0 μm wavelength that reduces radiative heat transport through a 500 μm coating by approximately 25%.,2023-11-01,,matteroffact,Refuted,"[{""bias"": ""Time-saving bias"", ""confidence"": 0.7765}]",Supported,
2411.16649v1_16_T,"MAX phase materials like Ti₂AlC are used in industrial applications involving varying pressure and temperature conditions, particularly as high-temperature materials due to their resistance to oxidation.",2024-11-01,,matteroffact,Supported,"[{""bias"": ""Pro-Innovation Bias"", ""confidence"": 0.396}]",Supported,
2411.08940v1_8_F,The contribution of bubbles to cell voltage in alkaline water electrolyzers reaches a maximum of 25% of the total cell voltage at a current density of 0.54 A/cm² with a gap size of 300 μm,2024-11-01,,matteroffact,Refuted,"[{""bias"": ""Time-saving bias"", ""confidence"": 0.3942}, {""bias"": ""Planning Fallacy"", ""confidence"": 0.3118}]",Supported,
2501.01822v1_13_T,Al/ZIF-8/ITO resistive switching devices fabricated under identical conditions demonstrate consistent bipolar switching behavior with minimal variation in switching voltages,2025-01-01,,matteroffact,Supported,"[{""bias"": ""Bias blind spot"", ""confidence"": 0.4028}]",Supported,
2411.08528v1_6_F,"The lattice parameters of Rb₂BX₆ (B = Si, Ge, Sn, Pt; X = Cl, Br, I) vacancy-ordered double perovskites decrease from 12.5-13.0 Å for chlorine-containing compounds to 11.5-12.0 Å for bromine-containing compounds to 10.5-11.0 Å for iodine-containing compounds.",2024-11-01,,matteroffact,Refuted,"[{""bias"": ""Time-saving bias"", ""confidence"": 0.6628}]",Supported,
2311.07316v2_13_F,Tuning the Ni-e_g crystal field splitting in La₃Ni₂O₇ is impossible in experimental settings because it is an intrinsic property that cannot be modified by external factors,2023-11-01,,matteroffact,Refuted,"[{""bias"": ""Bias blind spot"", ""confidence"": 0.397}]",Refuted,
2409.07058v3_8_T,"Substituting transition metals in Fe₃C and Co₃C compounds generally does not improve their potential for permanent magnet applications, as any gains in magnetocrystalline anisotropy are typically offset by significant decreases in Curie temperature.",2024-09-01,,matteroffact,Supported,"[{""bias"": ""Whole only effect"", ""confidence"": 0.4631}]",Supported,
2311.15472v1_11_T,"During field evaporation of γ-TiAl, aluminum atoms simultaneously break both their in-plane Al-Al bonds and out-of-plane Ti-Al bonds at an electrostatic force threshold of approximately 2.2 eV/Å.",2023-11-01,,matteroffact,Supported,"[{""bias"": ""Outcome bias"", ""confidence"": 0.3742}]",Supported,
2502.20005v1_10_F,The spherical approximation correctly predicts the conduction electron spin polarization for all configurations of light excitation and strain direction in cubic semiconductors.,2025-02-01,,matteroffact,Refuted,"[{""bias"": ""clustering illusion"", ""confidence"": 0.3342}]",Refuted,
2310.03638v1_11_F,"In intermixed Pt/Co/Re interfaces, the DMI reduction occurs because the spin-orbit coupling of cobalt atoms increases, causing a phase shift that partially cancels the interfacial DMI.",2023-10-01,,matteroffact,Refuted,"[{""bias"": ""Omission bias"", ""confidence"": 0.4095}]",Supported,
2406.08682v2_4_T,"Crystal plasticity finite element simulations require over 100 CPU hours to calculate fatigue indicator parameters for a microstructure volume element with approximately 7,500 grains",2024-06-01,,matteroffact,Supported,,Supported,
2404.17584v1_13_T,Irreducible representations allow for systematic handling of tensors of various orders and their products by decomposing them into collections of vectors that transform properly under rotations.,2024-04-01,,matteroffact,Supported,"[{""bias"": ""clustering illusion"", ""confidence"": 0.5321}]",Supported,
2404.09806v1_13_T,"The kinetics of martensite decomposition in Ti-6Al-4V is primarily limited by the diffusion of vanadium, with transformation rates increasing at higher temperatures due to enhanced vanadium mobility.",2024-04-01,,matteroffact,Supported,,Supported,
2403.18743v1_9_F,The resonance frequency of silicon carbide metasurfaces supporting quasi-bound states in the continuum can be linearly tuned across the entire mid-infrared spectrum by adjusting the scaling factor of the unit cell.,2024-03-01,,matteroffact,Refuted,"[{""bias"": ""clustering illusion"", ""confidence"": 0.7698}]",Supported,
2404.02416v2_16_F,"Hydrogen absorption and desorption in palladium nanocrystals follow completely different pathways, with absorption proceeding via corner nucleation and desorption occurring through random nucleation at multiple surface sites.",2024-04-01,,matteroffact,Refuted,,Supported,
2403.04637v2_14_F,"The performance of amorphous silicon thin film solar cells is determined solely by the defect density of the active layer, independent of its thickness",2024-03-01,,matteroffact,Refuted,,Refuted,
2503.13725v1_10_T,"The shadow-defined junctions in Sn-InAs nanowires have a break length of approximately 50 nm in the Sn shell, with a sloped transition region of about 30 nm on each side.",2025-03-01,,matteroffact,Supported,,Supported,
2502.20261v1_4_T,"The magnitude of local polarization in CsPbBr₃ with nano-domains remains on the order of several tens of μC/cm² after averaging, despite the net polarization being close to zero.",2025-02-01,,matteroffact,Supported,,Supported,
2410.20744v1_8_T,"In the 2H phase of WSeH and WSH, the phonon bands consist of three acoustic branches and six optical branches, with the acoustic phonons occupying the frequency range of 0-15 meV and the optical modes divided into two sets at higher frequencies.",2024-10-01,,matteroffact,Supported,,Supported,
2503.17434v1_8_F,"As the magnetic field strength increases from 0.25 Tesla to 1 Tesla, the minimum effective cluster size required for paramagnetic manganese chloride (MnCl₂) capture increases from approximately 11.8 nm to 22.1 nm at 100 mM concentration.",2025-03-01,,matteroffact,Refuted,"[{""bias"": ""Time-saving bias"", ""confidence"": 0.8248}]",Supported,
2405.03680v2_7_F,"AtomGPT uses only 3D voxelized density maps of crystal structures as input, without any textual or chemical information.",2024-05-01,,matteroffact,Refuted,"[{""bias"": ""Bias blind spot"", ""confidence"": 0.6537}]",Refuted,
2408.01267v4_5_T,"The Jahn-Teller transition in NaNiO₂ differs from that in LaMnO₃, with NaNiO₂ showing a displacive transition while LaMnO₃ exhibits an order-disorder transition.",2024-08-01,,matteroffact,Supported,"[{""bias"": ""subadditivity effect"", ""confidence"": 0.3756}]",Supported,
2403.19614v1_1_F,The thin Dolan geometry for Josephson junctions achieves a reproducibility rate of 85% (23 out of 27 attempts) in 30 kV e-beam lithography fabrication.,2024-03-01,,matteroffact,Refuted,,Supported,
2502.03126v1_3_T,"In 5 keV collision cascade simulations of Niobium, the SNAP potential produces primary damage with predominantly <111> oriented single self-interstitial atom dumbbells, while EAM and FS potentials produce predominantly <110> oriented dumbbells.",2025-02-01,,matteroffact,Supported,,Supported,
2503.07460v1_14_T,"In potassium polyheptazine imide (K-PHI), localized excess charges can be stabilized over macroscopic time scales of several hours through K+ cation influx from the electrolyte.",2025-03-01,,matteroffact,Supported,,Supported,
2502.08872v1_13_F,"Experimental measurements of optical and vibrational properties of RuO2 provide strong evidence of altermagnetic order, confirming recent theoretical predictions that RuO2 hosts a novel form of collinear magnetic order.",2025-02-01,,matteroffact,Refuted,"[{""bias"": ""curse of knowledge"", ""confidence"": 0.3564}]",Supported,
2407.06148v1_17_T,Reducing the volume fraction of the binary eutectic phase in Zn-Al-Mg coatings is essential for improving their formability.,2024-07-01,,matteroffact,Supported,"[{""bias"": ""Pro-Innovation Bias"", ""confidence"": 0.4741}]",Supported,
2502.19772v1_13_F,"Entropic effects in CsPbBr3 promote the formation of a series of polar layers with aligned dipoles at the surface, creating long-range order that differs from the bulk material.",2025-02-01,,matteroffact,Refuted,,Supported,
2405.18946v3_3_T,"The lifting of Kramers degeneracy in the two-dimensional electron liquid on TiO₂-terminated SrTiO₃(001) is caused by polar distortions of Ti atoms combined with spin order, rather than by discrete quantum well states in the surface potential",2024-05-01,,matteroffact,Supported,"[{""bias"": ""curse of knowledge"", ""confidence"": 0.3298}]",Supported,
2405.03680v2_8_F,"AtomGPT is trained on the Materials Project dataset, which includes 150,000 materials for formation energies, 100,000 materials for bandgaps, and 5,000 materials for superconducting transition temperatures.",2024-05-01,,matteroffact,Refuted,"[{""bias"": ""clustering illusion"", ""confidence"": 0.3513}]",Supported,
2411.02053v1_1_T,Silicon jump frequency in Fe-Si alloys can be accurately estimated from thermodynamic simulations without requiring direct kinetic simulations when using an improved formula that accounts for local environment and migration energy variations,2024-11-01,,matteroffact,Supported,"[{""bias"": ""Bias blind spot"", ""confidence"": 0.7652}]",Supported,
2502.12144v1_14_T,"The interlayer hopping parameter t_z in finite-layer nickelates Nd₍ₙ₊₁₎Ni₍ₙ₎O₍₂ₙ₊₂₎ is relatively weak, with values around -0.02 to -0.03 eV, allowing the system to be effectively modeled as a two-dimensional Hubbard model.",2025-02-01,,matteroffact,Supported,"[{""bias"": ""Outcome bias"", ""confidence"": 0.308}]",Supported,
2503.13734v1_1_T,"Medium-entropy alloys and high-entropy alloys demonstrate exceptional low-temperature ductility with fracture elongation of approximately 60%, which is higher than that of steels (approximately 40%)",2025-03-01,,matteroffact,Supported,"[{""bias"": ""subadditivity effect"", ""confidence"": 0.3936}]",Supported,
2501.10954v5_9_F,"In the Li-CO2 battery electrolyte, Li+ ions are preferentially solvated by TFSI- anions rather than BF4- anions or DMSO molecules, with coordination numbers of approximately 4.4 for Li-O (TFSI-), 1.8 for Li-F (BF4-), and 1.0 for Li-O (DMSO).",2025-01-01,,matteroffact,Refuted,"[{""bias"": ""subadditivity effect"", ""confidence"": 0.5449}]",Supported,
2504.02054v1_9_T,"Oxygen hole polarons in NaMn₃O₇ migrate via a Grotthuss-type mechanism, where the split polaron configuration serves as both the initial and final states, while the localized polaron configuration acts as the transition state",2025-04-01,,matteroffact,Supported,,Supported,
2405.17550v1_15_F,"For large values of charge transmission, the probability distribution in quantum Hall-superconductor edges with N metallic puddles decays as a power law P_N(t_eh)∼|t_eh|^(-2N), regardless of the maximum transmission value of a single segment.",2024-05-01,,matteroffact,Refuted,,Supported,
2406.07144v1_8_F,Electron Cyclotron Resonance Ion Beam Deposition can only produce high-quality Diamond-Like Carbon coatings on conductive substrates that can be electrically biased during deposition.,2024-06-01,,matteroffact,Refuted,"[{""bias"": ""Pro-Innovation Bias"", ""confidence"": 0.3996}]",Refuted,
2407.20263v1_3_T,The near-equimolar NaCl-CaCl₂ electrolyte mixture used in Na-Zn cells undergoes a volume decrease greater than 9% when solidifying.,2024-07-01,,matteroffact,Supported,,Supported,
2404.19084v2_6_T,"Centrifugal disk finishing creates an anisotropic distribution of residual microscale strain in additively manufactured Inconel 718, with larger strain values perpendicular to the build direction compared to parallel to the build direction.",2024-04-01,,matteroffact,Supported,,Supported,
2408.08791v2_7_F,"The Dissipative Split-Charge Equilibration model predicts a damping coefficient of approximately 0.05 GHz for a lithium ion moving past a polarizable medium, corresponding to a slip time of 20 nanoseconds.",2024-08-01,,matteroffact,Refuted,"[{""bias"": ""Time-saving bias"", ""confidence"": 0.388}, {""bias"": ""Planning Fallacy"", ""confidence"": 0.3819}]",Supported,
2407.04788v1_13_F,"TPDH-graphene is similar to most other 2D carbon allotropes in combining semiconducting properties with a moderate theoretical lithium storage capacity, making it unremarkable among potential battery materials",2024-07-01,,matteroffact,Refuted,"[{""bias"": ""Pro-Innovation Bias"", ""confidence"": 0.4773}]",Supported,
2503.16705v1_0_F,The Peierls effect and Kohn anomaly require explicit inclusion of pairing fields in finite temperature multicomponent density functional theory (MCDFT) to be observed.,2025-03-01,,matteroffact,Refuted,"[{""bias"": ""Bias blind spot"", ""confidence"": 0.5656}]",Supported,
2405.18939v1_12_F,"Bulk 2H-NbSe₂ undergoes an incommensurate charge density wave transition at 105 K, while superconductivity emerges below 10 K and suppresses the charge density wave state.",2024-05-01,,matteroffact,Refuted,"[{""bias"": ""Outcome bias"", ""confidence"": 0.4457}]",Supported,
2408.09541v3_7_T,The relative topology of symmetry-protected BdG Dirac points in nodal Dirac superconductors can be determined by calculating the difference in refined symmetry indicators and BdG filling anomalies between two sides of a BdG Dirac point.,2024-08-01,,matteroffact,Supported,"[{""bias"": ""clustering illusion"", ""confidence"": 0.506}]",Supported,
2403.08679v1_13_T,NaFe₂PO₄(SO₄)₂ exhibits a deficiency of approximately 16% in sodium and 9% in oxygen content from the ideal stoichiometry.,2024-03-01,,matteroffact,Supported,,Supported,
2405.10644v1_15_F,"The tetragonal infinite-layer NdNiO₂ phase has lattice parameters of a = 0.381 nm and c = 0.328 nm, resulting in a lattice mismatch of approximately +2.5% with SrTiO₃ (a = 0.391 nm) and a perfect match with the perovskite NdNiO₃ precursor phase (pseudocubic lattice parameter of 0.381 nm).",2024-05-01,,matteroffact,Refuted,"[{""bias"": ""Time-saving bias"", ""confidence"": 0.5972}]",Supported,
2412.00421v1_7_T,"Fe adatoms in a rectangular lattice on Nb(110) form a ferromagnetic ground state in the yz plane that can host ferromagnetic domain walls, while Fe adatoms in a rhombic lattice form irregular antiferromagnetic spin alignments.",2024-12-01,,matteroffact,Supported,,Supported,
2310.03638v1_0_T,Pt/Co/Re thin films with perfect interfaces can achieve a micromagnetic DMI value of 9.25 mJ/m² at a cobalt thickness of 2 atomic layers.,2023-10-01,,matteroffact,Supported,"[{""bias"": ""Time-saving bias"", ""confidence"": 0.3124}]",Supported,
2502.17275v1_8_T,The average root mean squared error in the DFN model voltage response increases from 11.2 mV when varying three insensitive parameters to 17.0 mV with five parameters and 53.6 mV with seven parameters,2025-02-01,,matteroffact,Supported,"[{""bias"": ""Time-saving bias"", ""confidence"": 0.5669}]",Supported,
2311.12681v2_9_F,Parallel plate capacitor (PPC) resonators with a-SiC:H dielectric exhibit 3-5 dB lower frequency noise levels in the 1/f region compared to interdigitated capacitor (IDC) and coplanar waveguide (CPW) resonators fabricated on the same chip.,2023-11-01,,matteroffact,Refuted,,Supported,
2405.18946v3_2_F,Two-dimensional electron liquids on TiO₂-terminated and SrO-terminated SrTiO₃(001) surfaces exhibit identical Fermi surface patterns with the same number of rings and similar sharpness,2024-05-01,,matteroffact,Refuted,"[{""bias"": ""Distinction bias"", ""confidence"": 0.6016}]",Supported,
2412.10561v2_14_T,"The Borofloat glass simulation cell used for rt-TDDFT calculations contained approximately 200 atoms with a composition of 81% SiO₂, 13% B₂O₃, 4% Na₂O/K₂O, 3% Al₂O₃, and 1% OH molecules in mol-%.",2024-12-01,,matteroffact,Supported,"[{""bias"": ""subadditivity effect"", ""confidence"": 0.6648}]",Supported,
2401.04644v1_15_F,"The low-temperature conductivity of Eu₂Ir₂O₇ thin films can be described by a theoretical model based solely on phonon scattering mechanisms, with a temperature dependence proportional to T^5.",2024-01-01,,matteroffact,Refuted,,Refuted,
2408.06641v2_9_F,"Ge doping significantly increases the elastic anisotropy of Cr3Si, while Al and Ga doping maintain relatively isotropic mechanical behavior.",2024-08-01,,matteroffact,Refuted,,Supported,
2412.10561v2_14_F,"The Borofloat glass simulation cell used for rt-TDDFT calculations contained approximately 500 atoms with a composition of 75% SiO₂, 15% B₂O₃, 5% Na₂O/K₂O, 4% Al₂O₃, and 1% OH molecules in mol-%.",2024-12-01,,matteroffact,Refuted,"[{""bias"": ""subadditivity effect"", ""confidence"": 0.6343}]",Supported,
2412.00421v1_15_T,An in-plane ferromagnetic skyrmion with a size of 3.9 nm emerges in the rectangular Mn adatom lattice on Nb(110) when the magnetocrystalline anisotropy energy is modified to prefer in-plane spin alignment with a value of -0.5 meV.,2024-12-01,,matteroffact,Supported,,Supported,
2404.12191v1_14_T,"TMM-Sim assumes 100% internal quantum efficiency for BHJ devices, meaning each photon absorbed in the active layer contributes to the photocurrent.",2024-04-01,,matteroffact,Supported,,Refuted,
2411.08940v1_14_F,Void fraction measurements in alkaline water electrolyzers were performed with gap sizes ranging from 100 μm to 1000 μm,2024-11-01,,matteroffact,Refuted,,Supported,
2501.04840v2_4_F,Resonant inelastic X-ray scattering (RIXS) and electron energy loss spectroscopy (EELS) always probe fundamentally different electronic excitations in materials due to their different physical interaction mechanisms.,2025-01-01,,matteroffact,Refuted,,Supported,
2410.07660v1_11_F,Direct imaging of the spatial modulation of the superconducting gap using scanning tunneling microscopy is the only reliable method to detect the center-of-mass momentum in helical superconductors.,2024-10-01,,matteroffact,Refuted,"[{""bias"": ""curse of knowledge"", ""confidence"": 0.7535}]",Refuted,
2409.18344v1_5_T,"Li⁺ coordination increases the theoretical reduction potential of both DME and PFBS⁻, with the typical contact ion pair form of LiPFBS exhibiting a higher theoretical reduction potential than the aggregate form.",2024-09-01,,matteroffact,Supported,"[{""bias"": ""Distinction bias"", ""confidence"": 0.3077}]",Supported,
2503.14952v1_15_T,"The coexistence of hexagonal Ce2Ni7-type and rhombohedral Gd2Co7-type structures in La2Ni7 and La1.5Mg0.5Ni7 alloys is explained by their nearly identical formation energies, as confirmed by both experimental observations and theoretical calculations.",2025-03-01,,matteroffact,Supported,,Supported,
2501.04124v1_15_F,"The energy differences between different magnetic configurations in MnO calculated with SCDFT-BR89-CS range from 5 to 30 meV per formula unit, which is comparable to the energy corrections due to spin torque of about 20 meV per formula unit.",2025-01-01,,matteroffact,Refuted,"[{""bias"": ""Time-saving bias"", ""confidence"": 0.8921}]",Supported,
2311.15472v1_6_F,"During field evaporation of [001]-oriented γ-TiAl, titanium planes constitute the top layer of the surface, while aluminum planes evaporate more readily, creating a uniform surface morphology.",2023-11-01,,matteroffact,Refuted,,Supported,
2501.05312v1_3_F,Smaller grain sizes in Hf₀.₅Zr₀.₅O₂ films (below 10 nm) result in higher remanent polarization values (exceeding 0.3 C/m²) and lower coercive fields (below 1.0 MV/cm) compared to films with larger grains.,2025-01-01,,matteroffact,Refuted,"[{""bias"": ""Time-saving bias"", ""confidence"": 0.3046}]",Supported,
2403.13710v1_16_T,"NV center magnetometry can determine the winding numbers of magnetic skyrmions through quantitative analysis of static stray field imaging, providing information about topologically protected magnetic textures.",2024-03-01,,matteroffact,Supported,"[{""bias"": ""clustering illusion"", ""confidence"": 0.3482}]",Supported,
2504.04297v1_11_T,"Effective screening for BCS-type superconductors requires excluding compounds containing magnetic elements and f-electron elements, as well as verifying dynamical stability through phonon calculations.",2025-04-01,,matteroffact,Supported,,Supported,
2404.03579v2_9_T,Microstructures with intragranular orientation gradients in Al-7085 with a modified T7452 temper exhibit increased localization of stress compared to microstructures with homogenized grain orientations.,2024-04-01,,matteroffact,Supported,,Supported,
2405.18939v1_9_F,"In (LaSe)₁.₁₄(NbSe₂)₂, the phonon modes of the LaSe subunit are evenly distributed across the entire frequency range, with significant contributions above 250 cm⁻¹.",2024-05-01,,matteroffact,Refuted,"[{""bias"": ""subadditivity effect"", ""confidence"": 0.4901}]",Supported,
2411.08528v1_3_F,"Phonon screening reduces the exciton binding energy in Rb₂BX₆ (B = Si, Ge, Sn, Pt; X = Cl, Br, I) vacancy-ordered double perovskites by 15% to 25%.",2024-11-01,,matteroffact,Refuted,"[{""bias"": ""subadditivity effect"", ""confidence"": 0.4048}]",Supported,
2504.00309v1_11_T,The quasiparticle band structure of silicon calculated using the QSE-QSCI approach on a quantum device shows good agreement with results from exact diagonalization (FCI).,2025-04-01,,matteroffact,Supported,"[{""bias"": ""clustering illusion"", ""confidence"": 0.3226}]",Supported,
2404.00214v1_12_F,"Tensile-strained Sr3Ru2O7 films exhibit a paramagnetic ground state with metamagnetic transition at high fields, similar to bulk Sr3Ru2O7",2024-04-01,,matteroffact,Refuted,,Supported,
2405.17947v1_4_T,"NbS₂ experiences a volume expansion of 42% upon lithiation, which is significantly lower than silicon's volume expansion of approximately 300%.",2024-05-01,,matteroffact,Supported,,Supported,
2411.18843v1_2_F,Lattice distortion induced by THz laser excitation transforms tellurium from an indirect semiconductor to a direct semiconductor by raising the energy of the conduction band along the Γ-A direction above that at the H point.,2024-11-01,,matteroffact,Refuted,"[{""bias"": ""curse of knowledge"", ""confidence"": 0.4353}]",Supported,
2407.09880v1_15_F,"Among the three interfaces studied (FeSe/SrVO₃/SrTiO₃, FeSe/SrTiO₃, and FeSe/LaFeO₃), FeSe/SrVO₃/SrTiO₃ exhibits the largest superconducting gap (18 meV) and FeSe/LaFeO₃ the smallest (10 meV), correlating directly with their respective electron doping levels.",2024-07-01,,matteroffact,Refuted,"[{""bias"": ""subadditivity effect"", ""confidence"": 0.4212}]",Supported,
2502.19524v1_5_F,"In the platinum layer intercalated between graphene and buffer layer, platinum atoms are arranged in a hexagonal pattern with a platinum-platinum distance of approximately 0.300 nanometers, which is about 8% expanded compared to the platinum-platinum distance in bulk Pt(111).",2025-02-01,,matteroffact,Refuted,"[{""bias"": ""Outcome bias"", ""confidence"": 0.4051}]",Supported,
2502.08872v1_2_T,"The plasma frequencies of RuO2 in the nonmagnetic state are approximately 3.16 eV along the x-direction and 3.34 eV along the z-direction, which closely match experimental measurements.",2025-02-01,,matteroffact,Supported,,Supported,
2411.19257v1_4_T,"The formation enthalpies of antimonide-based dilute bismide alloys are approximately 10 times lower than those of arsenide-based alloys, with InSb₁₋ₓBiₓ having a formation enthalpy of 2.56 meV/2 atoms at 3.125% Bi compared to 10.82 meV/2 atoms for InAs₁₋ₓBiₓ.",2024-11-01,,matteroffact,Supported,"[{""bias"": ""Time-saving bias"", ""confidence"": 0.7308}]",Supported,
2311.01879v1_7_T,FeCrAl ODS steels with high Al content (around 9 wt%) and optimized Cr content can provide both good oxidation resistance and improved irradiation resistance for accident tolerant fuel cladding applications.,2023-11-01,,matteroffact,Supported,"[{""bias"": ""Pro-Innovation Bias"", ""confidence"": 0.5208}]",Supported,
2407.10282v1_10_T,Ultrasonic treatment during laser melting of Al6061 increases hot spatter ejection from the melt pool due to the molten metal droplets pinching off at peak vibration amplitudes.,2024-07-01,,matteroffact,Supported,,Supported,
2408.09541v3_16_T,The parameter condition for the occurrence of Dirac points along the high-symmetry line DT in Dirac semimetals is |M̃0+6M̃2| < 2|M̃1|.,2024-08-01,,matteroffact,Supported,"[{""bias"": ""subadditivity effect"", ""confidence"": 0.3081}]",Supported,
2502.20261v1_4_F,"The magnitude of local polarization in CsPbBr₃ with nano-domains decreases to less than 1 μC/cm² after averaging, with the net polarization approaching zero.",2025-02-01,,matteroffact,Refuted,,Supported,
2412.18712v1_6_F,"The extent of cooperative motion in glass-forming polymers, measured by S_c*/S_c(T_g), decreases with increasing molecular mass and chain stiffness, and increases with increasing cohesive interaction strength and pressure",2024-12-01,,matteroffact,Refuted,,Supported,
2503.11890v1_8_F,The biexciton binding energy in (F-PEA)₂PbI₄ estimated from photoluminescence spectroscopy at 15K is approximately 25 meV.,2025-03-01,,matteroffact,Refuted,,Supported,
2501.04289v1_10_F,"When the Duschinsky matrix and off-diagonal contributions are incorporated, the calculated hole capture coefficients for carbon substitutional defects in GaN still differ from experimental values by more than two orders of magnitude.",2025-01-01,,matteroffact,Refuted,"[{""bias"": ""Bias blind spot"", ""confidence"": 0.7415}]",Supported,
2503.14050v1_1_T,"Oxygen contamination on the Hf(0001) surface pushes the predicted surface state above the Fermi level, making it unobservable in occupied states ARPES measurements.",2025-03-01,,matteroffact,Supported,,Supported,
2503.03099v1_8_F,Twisted h-BN bilayers with twist angles around 30° show stronger out-of-plane corrugation than bilayers with smaller twist angles.,2025-03-01,,matteroffact,Refuted,,Supported,
2503.11890v1_2_F,Two-dimensional Ruddlesden-Popper metal halides host only a single type of biexciton state with uniform binding energy across all excitonic states.,2025-03-01,,matteroffact,Refuted,,Refuted,
2410.05384v2_9_F,"The superconducting gap in the chiral topological superconductor phase exhibits a (d+id)-wave symmetry, with both real and imaginary parts showing d-wave profiles.",2024-10-01,,matteroffact,Refuted,,Supported,
2502.20809v1_8_T,"The PFD workflow consists of three main stages: using a pre-trained universal model, fine-tuning it with a small dataset of DFT calculations, and distilling it into a simpler model for efficient simulation.",2025-02-01,,matteroffact,Supported,"[{""bias"": ""clustering illusion"", ""confidence"": 0.7339}]",Supported,
2410.09376v2_6_T,"Electroplastically drawn Cu-6wt%Ag alloy wires maintain excellent elastic performance without anomalous softening under the extreme conditions required for pulsed magnets, including ultra-high magnetic fields up to 50 Tesla and cryogenic temperatures down to 1.9K.",2024-10-01,,matteroffact,Supported,,Supported,
