claim_id,claim,claim_date,speaker,source,label,detected_biases,prediction,prediction_error
2202.00542v3_6_F,The sequential mechanism for water addition to CO on Pt catalysts has an activation barrier approximately 1 kcal/mol lower than the concerted mechanism involving simultaneous water dissociation and addition,2022-02-01,,matteroffact,Refuted,,Supported,
2211.05713v2_6_F,"Neural network potential-driven molecular dynamics simulations of LGPS are limited to timescales of 1 nanosecond with a 400-atom supercell, insufficient to accurately capture room-temperature ion diffusion behavior.",2022-11-01,,matteroffact,Refuted,,Supported,
2408.01267v4_1_T,"During the Jahn-Teller transition in NaNiO₂, the Ni-O bond length splitting decreases from approximately 0.243Å at 293K to approximately 0.041Å at 500K.",2024-08-01,,matteroffact,Supported,"[{""bias"": ""Time-saving bias"", ""confidence"": 0.8809}]",Refuted,
2405.19935v1_2_F,"In quantum anomalous Hall systems with atomically localized edge modes (b=10⁻¹⁰m), deviations from the universal Hall conductance value e²/h only become noticeable when the sample length L drops below the nanometer scale.",2024-05-01,,matteroffact,Refuted,,Supported,
2312.05174v1_10_T,The highest absorptivity powder does not necessarily produce the highest quality prints due to complex powder dynamics during laser scanning,2023-12-01,,matteroffact,Supported,"[{""bias"": ""Bias blind spot"", ""confidence"": 0.3882}]",Supported,
2307.02870v1_10_F,Hierarchically structured NMC111 electrodes with thickness of 46 μm deliver a specific capacity of approximately 155 mAh/g at 5C discharge rate and 130 mAh/g at 10C discharge rate,2023-07-01,,matteroffact,Refuted,"[{""bias"": ""Time-saving bias"", ""confidence"": 0.7315}]",Supported,
2311.15791v1_17_T,"Heating 1T-TaS₁.₂Se₀.₈ above 380 K resets the crystal to its initial state, allowing the mosaic phase to form again during subsequent cooling.",2023-11-01,,matteroffact,Supported,"[{""bias"": ""Outcome bias"", ""confidence"": 0.337}]",Supported,
2302.14072v1_1_F,The hybridization strength between the 1T and 1H layers in Ta-dichalcogenide bilayers is approximately 120 meV at an interlayer distance of 6.5 Å.,2023-02-01,,matteroffact,Refuted,"[{""bias"": ""Time-saving bias"", ""confidence"": 0.7501}]",Refuted,
2404.05398v1_8_F,Ultrafast reciprocal space mapping (URSM) can only provide information about the average properties of thin films and cannot resolve different morphological components or their spatial distribution within the film thickness.,2024-04-01,,matteroffact,Refuted,"[{""bias"": ""Bias blind spot"", ""confidence"": 0.6671}]",Refuted,
2311.05696v2_4_F,Both frictionless and frictional jamming volume fractions in bidisperse suspensions decrease monotonically as the mixing ratio changes from pure large particles to pure small particles.,2023-11-01,,matteroffact,Refuted,,Refuted,
2303.11122v1_4_F,"Oxide spinel cathodes exhibit volume changes of more than 10% upon Mg removal, which is higher than the ~5% volume change in commercial LiCoO2 cathodes after delithiation.",2023-03-01,,matteroffact,Refuted,"[{""bias"": ""subadditivity effect"", ""confidence"": 0.3075}]",Supported,
2205.05754v1_0_T,"The simplified continuum dislocation dynamics model avoids tracing dislocation curvature evolution explicitly, making it computationally more efficient than previous approaches",2022-05-01,,matteroffact,Supported,"[{""bias"": ""Bias blind spot"", ""confidence"": 0.5422}]",Supported,
2401.10832v1_4_T,"The r²SCAN functional provides more accurate lattice volume predictions for transition metal fluorides than SCAN, with mean errors of 0.9% for r²SCAN compared to 2.0% for SCAN",2024-01-01,,matteroffact,Supported,,Supported,
2401.06090v1_7_T,"The layered crystal structure of Li₃InCl₆, with Li-rich layers separated by In-rich layers, provides a structural basis for two-dimensional Li⁺ diffusion.",2024-01-01,,matteroffact,Supported,,Supported,
2405.09840v2_9_F,"Both the intrinsic and extrinsic anomalous thermal Hall effects in Weyl superconductors are equally sensitive to bulk nodal excitations, showing similar responses to the presence of line nodes.",2024-05-01,,matteroffact,Refuted,,Misleading,
2207.11317v1_15_T,"At the strain aging temperatures used for ultra-low carbon steel (150°C), recovery effects that would reduce dislocation density are minimal and can be ignored in the modeling approach.",2022-07-01,,matteroffact,Supported,"[{""bias"": ""Bias blind spot"", ""confidence"": 0.3427}]",Supported,
2203.10204v2_15_T,"The ResNet-50 v2 model reduces the dimensionality of microstructural patterns from 256×256 pixels to a 2048-dimensional latent vector, representing a 99% reduction in dimensionality",2022-03-01,,matteroffact,Supported,,Misleading,
2204.07318v3_3_T,The structural phase transitions of aluminum under high pressure are accompanied by volume discontinuities of -0.67% for the FCC to HCP transition and -0.90% for the HCP to BCC transition.,2022-04-01,,matteroffact,Supported,"[{""bias"": ""subadditivity effect"", ""confidence"": 0.6385}]",Supported,
2304.07224v2_10_F,"In high-temperature cuprate superconductors, the hyperplasmon type I (HP-I) is characterized by a steep zero-crossing of the real part of the dielectric function at a specific energy between two peaks in the imaginary part of the dielectric function.",2023-04-01,,matteroffact,Refuted,,Supported,
2404.02416v2_5_F,The phase transformation from α-PdHx to β-PdHx is accompanied by approximately 7.0% increase in the lattice constant of palladium nanocrystals.,2024-04-01,,matteroffact,Refuted,"[{""bias"": ""Pro-Innovation Bias"", ""confidence"": 0.3427}]",Misleading,
2311.15791v1_12_T,The optical conductivity of the incommensurate charge density wave (ICCDW) phase in 1T-TaS₂₋ₓSeₓ is characterized by a nearly frequency-independent free charge response.,2023-11-01,,matteroffact,Supported,,Supported,
2310.18245v3_16_T,The reduction in density of states in ultra-thin films of Nb₃Sn compared to bulk is caused by the smoothing of van Hove singularities when transitioning from three dimensions to two dimensions.,2023-10-01,,matteroffact,Supported,,Supported,
2306.02233v1_5_T,"Rocksaline MgWN2 is the only thermodynamically stable ternary compound in the Mg-W-N system, while all polymorphs of Mg3WN4 are slightly metastable",2023-06-01,,matteroffact,Supported,"[{""bias"": ""subadditivity effect"", ""confidence"": 0.408}]",Supported,
2211.06285v2_7_T,"The main plasmon resonances in V₂O₅ at 11 eV and 23 eV show high stability under structural distortions, with energy shifts limited to 0.5 eV and minor intensity reductions despite significant changes to the band structure.",2022-11-01,,matteroffact,Supported,"[{""bias"": ""Outcome bias"", ""confidence"": 0.3098}]",Supported,
2308.16621v1_6_T,Consolidation data is reported approximately three times more frequently than mechanical property data in metal additive manufacturing literature,2023-08-01,,matteroffact,Supported,,Misleading,
2311.15472v1_3_F,"Titanium and aluminum atoms in γ-TiAl follow identical launch trajectories during field evaporation, both departing at the same angle from the surface.",2023-11-01,,matteroffact,Refuted,,Refuted,
2309.14678v2_2_F,"Vacancy migration energies in Mg-stabilized β″ aluminas are similar for all alkali metals: 0.30 eV for Li, 0.28 eV for Na, and 0.25 eV for K.",2023-09-01,,matteroffact,Refuted,"[{""bias"": ""subadditivity effect"", ""confidence"": 0.367}, {""bias"": ""Time-saving bias"", ""confidence"": 0.3166}]",Misleading,
2301.11626v1_5_F,Voltage-controlled switching between ferromagnetic and antiferromagnetic RKKY coupling states enables complete 180-degree reversal of magnetization at zero magnetic field.,2023-01-01,,matteroffact,Refuted,,Misleading,
2304.07224v2_10_T,"In high-temperature cuprate superconductors, the hyperplasmon type I (HP-I) is characterized by a flat behavior of the real part of the dielectric function over an extended energy region between two peaks in the imaginary part of the dielectric function.",2023-04-01,,matteroffact,Supported,,Supported,
2204.07318v3_11_T,"The equation of state for aluminum determined by the Direct Integral Approach shows good agreement with experimental measurements, with deviations of approximately 3-4% from different experimental datasets.",2022-04-01,,matteroffact,Supported,,Supported,
2401.04713v1_16_T,RMn₆Sn₆ thin films grow with a specific in-plane epitaxial relationship of RMn₆Sn₆[1-100]‖Pt[110]‖Al₂O₃[11-20] on Pt(111) buffer layers on Al₂O₃(0001) substrates.,2024-01-01,,matteroffact,Supported,,Supported,
2309.07046v1_1_T,"In ternary ATB₄ borides, the α-phase consistently has lower energy than the β-phase, though the energy difference between the two phases is relatively small.",2023-09-01,,matteroffact,Supported,"[{""bias"": ""Whole only effect"", ""confidence"": 0.4368}]",Supported,
2406.12136v1_6_F,"CrI₃ has a bandgap of 0.5-0.7 eV, while CrBr₃ has a smaller bandgap of 0.3-0.5 eV, making both materials narrow-gap semiconducting 2D magnets with potential for infrared detection applications.",2024-06-01,,matteroffact,Refuted,"[{""bias"": ""Time-saving bias"", ""confidence"": 0.8158}]",Supported,
2403.14215v1_5_T,"The Curie temperature (TC) of Mn₅(Si_xGe_1-x)₃ thin films decreases from 310K at x=0 to 285K at x=1, with the most significant decrease occurring between x=0.4 (300K) and x=0.6 (296K)",2024-03-01,,matteroffact,Supported,"[{""bias"": ""Time-saving bias"", ""confidence"": 0.7779}]",Supported,
2311.14529v1_11_F,The in-situ scanning X-ray fluorescence study of precipitate formation in additively manufactured Al-Mn-Cr-Zr alloys was conducted at a heat treatment temperature of 425°C.,2023-11-01,,matteroffact,Refuted,"[{""bias"": ""curse of knowledge"", ""confidence"": 0.552}]",Misleading,
2206.14013v1_8_F,Sputtering Atomic Layer Augmented Deposition (SALAD) can only produce materials with optical properties that are a direct combination of the constituent materials' properties.,2022-06-01,,matteroffact,Refuted,"[{""bias"": ""Pro-Innovation Bias"", ""confidence"": 0.324}]",Refuted,
2212.09357v1_8_F,X-Ray Diffraction (XRD) provides more accurate measurements of plastic deformation in aluminum samples than Second Harmonic Generation (SHG),2022-12-01,,matteroffact,Refuted,"[{""bias"": ""curse of knowledge"", ""confidence"": 0.3898}]",Misleading,
2404.12191v1_6_T,"TMM-Sim offers advantages over existing TMM-based packages by providing bilayer device simulation capabilities, requiring no programming expertise, and being freely accessible without licensing fees.",2024-04-01,,matteroffact,Supported,"[{""bias"": ""Whole only effect"", ""confidence"": 0.3654}]",Supported,
2210.10242v2_0_T,"Multiple muon states are observed in MgH₂, including two paramagnetic states and two diamagnetic states, similar to those observed in wide-gap oxides.",2022-10-01,,matteroffact,Supported,,Misleading,
2304.04986v3_5_T,Disordered rocksalt Li₁.₃₃₃Mn₀.₆₆₇O₂ cathode material is predicted to have the highest initial discharge capacity (>320 mAh/g) but the lowest capacity after 30 cycles due to its reliance on oxygen redox for capacity.,2023-04-01,,matteroffact,Supported,,Supported,
2304.06457v1_6_F,The dominant crystal field parameter B₂₀ for Sm³⁺ becomes less negative (from -1068 K to -800 K) when Cu substitutes Co at the 3g sites in SmCo₅,2023-04-01,,matteroffact,Refuted,"[{""bias"": ""Outcome bias"", ""confidence"": 0.4352}]",Supported,
2311.07316v2_8_F,"The linearized gap equation calculations for La₃Ni₂O₇ use a Hund's coupling ratio of J_H = 0.5U, and the pairing symmetry changes from d_xy to s_± when the ratio is reduced to 0.3U",2023-11-01,,matteroffact,Refuted,,Misleading,
2312.05174v1_0_F,Nanotexturing copper powder through chemical etching decreases its absorptivity by up to 30% during laser powder bed fusion at 1070 nm wavelength,2023-12-01,,matteroffact,Refuted,,Misleading,
2406.09663v1_9_F,"The maximum Kullback-Leibler divergence values for geometric features of MA islands are 1.5 for composition distributions and 0.59 for temperature distributions, indicating significant differences across different processing conditions.",2024-06-01,,matteroffact,Refuted,,Misleading,
2301.06756v1_10_T,The hexagonal close-packed (hcp) crystal structure remains the ground state of solid helium even at extreme pressures of 100 terapascals.,2023-01-01,,matteroffact,Supported,,Refuted,
2303.07719v1_1_F,"The activation energy for Ag ion migration in α-AgI via four-membered rings is approximately 0.24 eV, which is twice the activation energy calculated from the conductivity Arrhenius plot.",2023-03-01,,matteroffact,Refuted,,Misleading,
2311.03271v1_2_T,Crystallographic orientation analysis can validate twin structures by confirming a rotation angle of approximately 60° around an axis normal to the twinning plane,2023-11-01,,matteroffact,Supported,"[{""bias"": ""clustering illusion"", ""confidence"": 0.3468}]",Supported,
2403.18743v1_9_F,The resonance frequency of silicon carbide metasurfaces supporting quasi-bound states in the continuum can be linearly tuned across the entire mid-infrared spectrum by adjusting the scaling factor of the unit cell.,2024-03-01,,matteroffact,Refuted,"[{""bias"": ""clustering illusion"", ""confidence"": 0.7698}]",Misleading,
2307.06904v3_10_F,The energy difference between ferromagnetic and antiferromagnetic ground states in LaVO3/KTaO3 heterostructures with equal numbers of LaVO3 and KTaO3 layers is greater than 1.0 eV.,2023-07-01,,matteroffact,Refuted,,Refuted,
2303.12924v1_16_F,"In the GPR model for Co-based superalloys, varying the gradient energy density coefficient from 0.607 to 1.834 n·J/m causes significant changes in the equilibrium γ'(L12) precipitate morphology, with higher values producing more spherical precipitates.",2023-03-01,,matteroffact,Refuted,"[{""bias"": ""Time-saving bias"", ""confidence"": 0.6157}]",Supported,
2208.13993v1_9_T,"SnSe thin films deposited on glass substrates are phase-pure, while films deposited on alumina substrates contain SnSe₂ impurity phases.",2022-08-01,,matteroffact,Supported,,Misleading,
2311.12681v2_2_T,The TLS-induced resonance frequency shift in a-SiC:H parallel plate capacitors decreases with increasing dielectric thickness.,2023-11-01,,matteroffact,Supported,,Supported,
2407.20599v1_3_T,"Film-substrate systems can be accurately modeled as parallel circuits, where the total linear response coefficient is a weighted sum of the individual layer coefficients, with weights proportional to the layer thicknesses.",2024-07-01,,matteroffact,Supported,"[{""bias"": ""clustering illusion"", ""confidence"": 0.6143}]",Supported,
2310.15331v2_17_T,"The experimental band structure of the surface layer of Sr2RuO4 is largely consistent with density functional theory predictions in terms of overall structure, despite requiring significant renormalization due to electron correlation effects.",2023-10-01,,matteroffact,Supported,"[{""bias"": ""Bias blind spot"", ""confidence"": 0.6619}]",Supported,
2310.18245v3_1_F,Spin-orbit coupling eliminates all band crossings at the R point in both Nb-based and Ta-based A15 compounds.,2023-10-01,,matteroffact,Refuted,,Misleading,
2404.05644v1_15_F,The solid-solid crystallization in CsPbI₃ follows a spinodal decomposition mechanism with uniform transformation throughout the material without requiring nucleation,2024-04-01,,matteroffact,Refuted,,Misleading,
2202.01652v1_0_F,Orthorhombic distortions in SrRuO₃ films are enhanced within 2-3 unit cells at the interface with SrTiO₃ substrates due to lattice mismatch strain.,2022-02-01,,matteroffact,Refuted,,Supported,
2212.03527v1_12_T,"The total volume fraction of particles in the cold-rolled and non-isothermally annealed Al-Mn alloy is approximately 2%, with constituent particles maintaining a relatively constant volume fraction during recovery and recrystallization.",2022-12-01,,matteroffact,Supported,,Supported,
2408.01267v4_15_F,"The Jahn-Teller transition in NaNiO₂ is a second-order phase transition, characterized by continuous changes in structural parameters with no mixed-phase region.",2024-08-01,,matteroffact,Refuted,"[{""bias"": ""Availability heuristic"", ""confidence"": 0.3299}]",Supported,
2212.06503v1_10_F,The enhanced bulk photovoltaic effect in BaTiO3 thin films compared to bulk materials is due solely to quantum confinement effects that increase the oscillator strength of optical transitions without any contribution from interface scattering.,2022-12-01,,matteroffact,Refuted,"[{""bias"": ""Bias blind spot"", ""confidence"": 0.3372}]",Misleading,
2405.07614v1_13_T,"Na-ion mobility is a significant limitation in transition metal oxyfluoride perovskites, with all pristine compositions exhibiting migration barriers above 1000 meV, potentially due to stronger ionic Na-F bonds compared to Na-O bonds, similar to observations in F-doped oxide-based disordered rocksalts.",2024-05-01,,matteroffact,Supported,"[{""bias"": ""Pro-Innovation Bias"", ""confidence"": 0.3186}]",Misleading,
2407.04126v2_16_T,"The three investigated grain boundaries in Li₆PS₅Cl exhibit distinct structural features: Σ3(1̄12)[110] forms voids at the GB plane, Σ3(1̄11)[110] preserves the cage structure, and Σ5(001)[001] develops an amorphous-like region",2024-07-01,,matteroffact,Supported,"[{""bias"": ""subadditivity effect"", ""confidence"": 0.5261}]",Supported,
2309.01755v1_14_T,"The magnetic moment of oxygen atoms in Pb₁₀(PO₄)₆O₄ is half of that of isolated oxygen molecules (2.0 μB), due to electron gain from lead atoms and inter-molecular electron hopping.",2023-09-01,,matteroffact,Supported,,Refuted,
2303.02540v1_8_F,Multi-component rare-earth disilicates offer no significant advantages over single-component disilicates for thermal and environmental barrier coating applications.,2023-03-01,,matteroffact,Refuted,,Refuted,
2302.14231v2_9_F,"Electronic entropy effects have negligible impact on the phase diagram of LixFePO4, which is primarily determined by Li+/vacancy configurational entropy.",2023-02-01,,matteroffact,Refuted,,Supported,
2302.07398v2_15_F,The longitudinal resistivity of Co₀.₄Fe₀.₄B₀.₂ thin films increases linearly with increasing film thickness,2023-02-01,,matteroffact,Refuted,"[{""bias"": ""subadditivity effect"", ""confidence"": 0.3299}]",Refuted,
2311.07943v2_16_F,"Single-crystalline CaFeAsF samples exhibit more pronounced annealing effects than polycrystalline samples, resulting in higher superconducting volume fractions and critical transition temperatures.",2023-11-01,,matteroffact,Refuted,"[{""bias"": ""Pro-Innovation Bias"", ""confidence"": 0.3068}]",Supported,
2206.11435v1_12_T,Coulombic interactions between mobile Li⁺ ions and between ions and the lattice play a crucial role in facilitating concerted multi-ion migration in cubic LLZO by creating a flatter energy landscape for ion transport.,2022-06-01,,matteroffact,Supported,,Supported,
2312.10313v1_8_T,Simulating superconductivity at low temperatures requires increased computational resources due to the need for finer k-point meshes to capture narrow peaky structures in the Brillouin zone.,2023-12-01,,matteroffact,Supported,"[{""bias"": ""curse of knowledge"", ""confidence"": 0.6376}]",Supported,
2408.09073v1_12_T,"The virgin curve of magnetic moment versus field for H₃S crosses zero at approximately 0.3 Tesla, which is inconsistent with superconductivity",2024-08-01,,matteroffact,Supported,,Refuted,
2206.01072v1_8_T,"The spin-spiral wavelength in Fe chains on Re(0001) surface determined by ab initio energy minimization is approximately 3.4 times the in-plane lattice constant, which is close to the experimental value of 4 times the in-plane lattice constant measured for a 40-atom chain.",2022-06-01,,matteroffact,Supported,,Misleading,
2206.01361v1_14_T,"The lattice network model can be adapted to understand failure mechanisms and crack evolution in various consolidated structures beyond lunar regolith, including other brittle porous materials.",2022-06-01,,matteroffact,Supported,"[{""bias"": ""Survivorship bias"", ""confidence"": 0.3311}]",Supported,
2404.19084v2_10_T,Bimodal media consistently produces higher surface disorder (higher spectral entropy) in additively manufactured Inconel 718 compared to unimodal media at equivalent processing times during centrifugal disk finishing.,2024-04-01,,matteroffact,Supported,,Misleading,
2303.11122v1_9_T,"In oxide spinels, the crystal field splitting divides the transition-metal d-orbitals at the octahedral B site into high-lying, doubly degenerate eg orbitals and low-lying triply degenerate t2g orbitals, with further splitting possible due to trigonal distortions.",2023-03-01,,matteroffact,Supported,,Supported,
2408.09541v3_13_F,"The symmetry indicator (mirror Chern number) for 2D planes in Dirac semimetals at kz=0 is z6=2, while at kz=π it is z6=0.",2024-08-01,,matteroffact,Refuted,"[{""bias"": ""Time-saving bias"", ""confidence"": 0.776}]",Supported,
2311.14529v1_6_F,"During heat treatment of additively manufactured Al-Mn-Cr-Zr alloys at 375°C, the aluminum matrix surrounding growing precipitates maintains a constant concentration of Mn throughout the entire heat treatment process.",2023-11-01,,matteroffact,Refuted,,Refuted,
2304.05231v1_9_F,"The gas gun system uses a complex electronic triggering mechanism that requires precise timing and specialized technical expertise to operate, limiting its accessibility for routine laboratory testing.",2023-04-01,,matteroffact,Refuted,,Supported,
2304.13959v2_12_F,"NbAs (001) thin films grown on GaAs (100) show completely random domain orientation without any preferred alignment direction, regardless of the GaAs surface reconstruction before growth.",2023-04-01,,matteroffact,Refuted,,Refuted,
2408.09073v1_3_F,The trapped magnetic flux measurements in hydride materials under high pressure provide conclusive evidence for superconductivity,2024-08-01,,matteroffact,Refuted,"[{""bias"": ""curse of knowledge"", ""confidence"": 0.667}]",Misleading,
2211.10404v1_1_F,Tensile-strained SrCoO₃ thin films maintain the same intermediate-spin state of Co ions across all strain values from 0% to 4%,2022-11-01,,matteroffact,Refuted,,Refuted,
2305.04262v3_15_T,The targeted inclusion of pinning centers along grain boundaries in high-temperature superconductors can potentially enhance their critical currents by inducing a similar weak-to-strong-link transformation as observed in FIB-patterned Nb films,2023-05-01,,matteroffact,Supported,"[{""bias"": ""curse of knowledge"", ""confidence"": 0.3381}]",Supported,
2304.08110v5_9_T,The QWZ model with m = -1.5 and dissipation term -iΓσ₀ (Γ = 0.2) at the y = 1 boundary exhibits corner skin modes with energy E ≈ 0.30 - 0.04i under open boundary conditions in both x and y directions,2023-04-01,,matteroffact,Supported,"[{""bias"": ""Time-saving bias"", ""confidence"": 0.4153}]",Supported,
2406.07144v1_8_F,Electron Cyclotron Resonance Ion Beam Deposition can only produce high-quality Diamond-Like Carbon coatings on conductive substrates that can be electrically biased during deposition.,2024-06-01,,matteroffact,Refuted,"[{""bias"": ""Pro-Innovation Bias"", ""confidence"": 0.3996}]",Refuted,
2310.05415v1_8_F,"Titanium atoms in copper grain boundaries deplete local charge density and promote ionic bonding with neighboring copper atoms, contributing to decreased grain boundary strength.",2023-10-01,,matteroffact,Refuted,,Misleading,
2407.01918v1_16_T,"The use of a Gaussian interaction potential between mobile ions and framework masses in solid electrolytes is a reasonable approximation because Gaussian functions are commonly used to describe orbitals in molecular simulations, and the approach can be extended to include multiple Gaussian functions for more complex interactions.",2024-07-01,,matteroffact,Supported,"[{""bias"": ""Bias blind spot"", ""confidence"": 0.4012}]",Supported,
2204.04525v1_9_T,"Only approximately 10% of known intercalation compounds undergo lattice-symmetry lowering transformations, which are necessary for forming twin boundaries and other crystallographic microstructures.",2022-04-01,,matteroffact,Supported,,Misleading,
2208.10911v1_6_F,"MoSeTe anode material exhibits approximately 75% Coulombic efficiency throughout cycling, contributing to its capacity fading.",2022-08-01,,matteroffact,Refuted,"[{""bias"": ""Omission bias"", ""confidence"": 0.3836}]",Misleading,
2309.05880v3_12_T,RhGe can support time-reversal symmetry broken topological superconductivity with mixed-parity pairing due to its lack of inversion symmetry and the presence of chiral Fermi pockets.,2023-09-01,,matteroffact,Supported,"[{""bias"": ""Pro-Innovation Bias"", ""confidence"": 0.4189}]",Supported,
2310.13945v1_0_F,The F4̄3m Sr₂B₅ structure exhibits a superconducting critical temperature of approximately 50 K at 40 GPa pressure.,2023-10-01,,matteroffact,Refuted,,Refuted,
2307.02870v1_7_T,"The influence of morphological features on battery performance depends on the intrinsic material properties, particularly electronic conductivity and diffusivity of the active material",2023-07-01,,matteroffact,Supported,,Supported,
2305.10582v2_4_F,The shear modulus of Cu₆Sn₅ intermetallic compound varies directionally with values ranging from 10 GPa to 40 GPa,2023-05-01,,matteroffact,Refuted,"[{""bias"": ""Time-saving bias"", ""confidence"": 0.5037}]",Misleading,
2406.04713v1_14_F,"Riemannian Flow Matching sacrifices stability performance to achieve computational efficiency, making it less suitable for materials discovery than diffusion-based methods",2024-06-01,,matteroffact,Refuted,,Misleading,
2205.01504v1_2_T,"Geometrically Necessary Dislocations (GNDs) predominantly accumulate at grain boundaries and triple junctions during plastic deformation, with their density being significantly higher at these interfaces compared to grain interiors.",2022-05-01,,matteroffact,Supported,,Supported,
2312.10284v1_14_F,"The standard SLME approach accurately predicts the photovoltaic efficiency of bulk TMDCs by correctly estimating the fraction of radiative recombination, while the Shockley-Queisser approach underestimates efficiency by overemphasizing non-radiative recombination",2023-12-01,,matteroffact,Refuted,"[{""bias"": ""Bias blind spot"", ""confidence"": 0.8106}]",Misleading,
2403.09609v1_10_F,"In the Ti-V system, a concentration of 0-5 at.% V leads to the formation of α' martensite, while a concentration of 5-15 at.% invokes α'' martensite.",2024-03-01,,matteroffact,Refuted,"[{""bias"": ""Time-saving bias"", ""confidence"": 0.5388}]",Supported,
2408.06128v1_15_F,"Superconductivity in strontium first appears at approximately 25 GPa when compressed at low temperatures, with a critical temperature (Tc(50%)) near 5 K.",2024-08-01,,matteroffact,Refuted,,Supported,
2403.19614v1_7_F,The optimal resist stack for 30 kV e-beam Josephson junction fabrication consists of a 500 nm PMMA layer (density 1.14 g/cm³) over a 230 nm MMA co-polymer layer (density 0.80 g/cm³) on a silicon substrate.,2024-03-01,,matteroffact,Refuted,"[{""bias"": ""Time-saving bias"", ""confidence"": 0.8468}]",Misleading,
2308.16621v1_12_T,"The CatBoost machine learning model accurately reflects the underlying science of process-property relationships in metal additive manufacturing, showing appropriate influence of process parameters on output properties",2023-08-01,,matteroffact,Supported,"[{""bias"": ""Bias blind spot"", ""confidence"": 0.9237}]",Misleading,
2202.00460v1_15_F,"The synthesis of nanographene structures on a superconducting substrate (Ag/Nb) offers no advantages over previous methods using noble metals or metal oxides, as it does not enable any new studies or applications.",2022-02-01,,matteroffact,Refuted,,Refuted,
2310.03080v2_7_F,All transition metal dichalcogenides with charge density wave phases show identical high harmonic generation signatures regardless of the magnitude of structural distortion.,2023-10-01,,matteroffact,Refuted,"[{""bias"": ""curse of knowledge"", ""confidence"": 0.3618}]",Refuted,
2304.01314v2_6_F,The small-cell trained machine-learned interatomic potential predicts the volume of the α phase of zirconium at a given temperature with an accuracy within 0.1% compared to the large-cell trained potential.,2023-04-01,,matteroffact,Refuted,"[{""bias"": ""Bias blind spot"", ""confidence"": 0.6751}]",Misleading,
2309.13514v2_12_F,"Under pressure of 5 GPa, the electronic structure of CsCr₃Sb₅ remains largely unchanged from its ambient pressure state, with no significant shifts in band positions or changes in Fermi surface topology.",2023-09-01,,matteroffact,Refuted,,Refuted,
2209.05554v2_12_F,The ALIGNN-FF model requires specialized simulation software and cannot be integrated with standard molecular dynamics packages,2022-09-01,,matteroffact,Refuted,,Refuted,
2302.04385v2_11_F,"Pr₂CuO₄ requires heating to temperatures above 500°C to achieve flash, making it similar to most other oxide materials studied in flash experiments.",2023-02-01,,matteroffact,Refuted,,Supported,
2303.00742v2_5_T,"Supporting graphene layers on a WSe2 substrate enhances superconductivity by breaking the 'spinless' time reversal symmetry between opposite valleys with the same spin, stabilizing electronic orders compatible with Cooper pairing.",2023-03-01,,matteroffact,Supported,"[{""bias"": ""curse of knowledge"", ""confidence"": 0.362}]",Supported,
2303.00742v2_16_T,Rashba spin-orbit coupling with a coupling constant as large as 2 meV has negligible effect on the critical temperature of superconductivity in Bernal bilayer graphene due to the sublattice polarization of electronic states near the Fermi level.,2023-03-01,,matteroffact,Supported,,Supported,
2303.09576v1_2_F,"Planar defects in the C36 Laves phase are identical regardless of the presence of Mg-rich precipitates, with both types of samples showing the same defect structure after deformation",2023-03-01,,matteroffact,Refuted,"[{""bias"": ""Distinction bias"", ""confidence"": 0.5805}]",Refuted,
2209.05554v2_1_T,The ALIGNN-FF model achieves a mean absolute error (MAE) of 0.047 eV/Å for force predictions on the test dataset,2022-09-01,,matteroffact,Supported,,Supported,
2405.03680v2_4_F,"AtomGPT achieves a normalized RMSE of 0.30 for the SuperConDB dataset in inverse design tasks, performing worse than CDVAE which achieves 0.24.",2024-05-01,,matteroffact,Refuted,,Supported,
2401.08834v1_6_F,"Inelastic neutron scattering measurements of copper-substituted lead oxyapatite reveal a magnetic excitation at approximately 5.5 meV at 5 K, which hardens significantly with increasing temperature and shows linear wave-vector dependence consistent with spin-wave behavior.",2024-01-01,,matteroffact,Refuted,"[{""bias"": ""Pro-Innovation Bias"", ""confidence"": 0.3114}]",Supported,
2305.11842v2_16_T,JARVIS ensures openness of data and tools to enhance reproducibility and transparency and to promote a healthy and collaborative scientific environment.,2023-05-01,,matteroffact,Supported,,Supported,
2203.14301v1_13_F,"For a 2D electron gas with C₃ᵥ symmetry, when the chemical potential is much larger than E*, the anomalous Hall conductance is approximately -δμ_B^2g^2B_∥^2sin(θ)/(8μλ^2)",2022-03-01,,matteroffact,Refuted,,Supported,
2212.04571v1_9_T,Defect-bound quantum dots in MoS₂ tunnel barriers can effectively couple to NbSe₂ to create a platform for studying the interplay between Kondo screening and superconductivity.,2022-12-01,,matteroffact,Supported,,Supported,
2211.14626v2_15_F,The observation of a spontaneous superconducting diode effect can only identify non-centrosymmetric superconductors and cannot detect time-reversal symmetry violation.,2022-11-01,,matteroffact,Refuted,"[{""bias"": ""Bias blind spot"", ""confidence"": 0.7748}]",Misleading,
2303.00185v1_12_T,"Magnetoanisotropic Andreev reflection (MAAR) can be viewed as the superconducting generalization of tunneling anisotropic magnetoresistance (TAMR), with TAMR recovered in the normal state of F/S junctions at large bias, high magnetic field, or high temperature.",2023-03-01,,matteroffact,Supported,"[{""bias"": ""Pro-Innovation Bias"", ""confidence"": 0.6132}]",Supported,
2308.07295v3_9_F,"Advanced methods beyond standard density functional theory, such as DFT+U or hybrid functionals, are necessary to predict the insulating nature of Cu-doped lead apatite due to strong electron correlation effects on the Cu d-orbitals.",2023-08-01,,matteroffact,Refuted,"[{""bias"": ""curse of knowledge"", ""confidence"": 0.4328}]",Supported,
2310.03080v2_6_T,Significant changes in the ground state electronic density of states of a material correlate with qualitative changes in its high harmonic generation spectra.,2023-10-01,,matteroffact,Supported,,Supported,
2303.01108v1_9_F,"The average cobalt valence in La₀.₅Sr₀.₅Co₁₋ₓNbₓO₃ increases from 3.5 for x=0 to approximately 3.7 for x=0.1, 3.8 for x=0.15, and 4.0 for x=0.25, as determined by XPS measurements.",2023-03-01,,matteroffact,Refuted,,Supported,
2205.05514v2_14_F,"In the recovered Al-Mn alloy, most subgrains at constituent particles have rolling texture orientations, with recrystallization texture components at constituent particles being predominantly Cube, while CubeND, Goss, and P subgrains are rarely found",2022-05-01,,matteroffact,Refuted,,Supported,
2307.00878v1_17_T,"Li₇P₃S₁₁ has a complex structure containing both PS₄ tetrahedral units and P₂S₇ ditetrahedral units, with a disordered Li sublattice comprising 15 distinct Li sites identified from combined X-ray diffraction, neutron diffraction, and ab-initio molecular dynamics studies.",2023-07-01,,matteroffact,Supported,,Supported,
2208.03296v2_17_T,Graph neural networks are particularly well-suited for dislocation dynamics simulations because dislocation line configurations are inherently graph objects with nodes and connecting segments.,2022-08-01,,matteroffact,Supported,"[{""bias"": ""curse of knowledge"", ""confidence"": 0.5836}]",Supported,
2404.13293v1_0_F,The energy barrier for ferroelectric switching via domain wall migration in a 4 nm thick GeTe thin film is 5.6 eV/nm².,2024-04-01,,matteroffact,Refuted,"[{""bias"": ""Time-saving bias"", ""confidence"": 0.6131}]",Refuted,
2206.11435v1_9_T,"In cubic LLZO, the partial occupation of high-energy sites by excess Li⁺ ions creates a flatter energy landscape that facilitates concerted multi-ion migration by allowing downhill migration of ions to offset the energy cost of uphill migration.",2022-06-01,,matteroffact,Supported,"[{""bias"": ""Omission bias"", ""confidence"": 0.6559}]",Supported,
2304.03740v1_0_T,"Quench-modified Al-Si eutectic structures exhibit isotropic branching behavior that is fundamentally different from impurity-modified structures, despite both appearing fibrous in two-dimensional images.",2023-04-01,,matteroffact,Supported,"[{""bias"": ""Bias blind spot"", ""confidence"": 0.4865}]",Supported,
2401.06090v1_13_F,"Li₃InCl₆ crystallizes in a cubic structure with Fm3m symmetry, featuring a three-dimensional network of Li and In atoms.",2024-01-01,,matteroffact,Refuted,,Supported,
2308.00800v1_4_T,The elastic properties (Young's modulus and Poisson's ratio) of AA2024-T351 aluminum sheets do not show significant dependence on the orientation relative to the rolling direction.,2023-08-01,,matteroffact,Supported,,Misleading,
2401.08834v1_0_T,"The copper-substituted lead oxyapatite Pb₁₀₋ₓCuₓ(PO₃.₉₂)₆O₀.₉₆ (x=0.94) crystallizes in a hexagonal structure with space group P6₃/m and lattice constants a=9.839 Å, c=7.428 Å at 300 K.",2024-01-01,,matteroffact,Supported,,Supported,
2210.01894v1_4_F,"The TDA-GMM method can only capture topological ordering in Al-Ni alloys but fails to identify chemical ordering, requiring supplementary analysis techniques to fully characterize nucleation pathways.",2022-10-01,,matteroffact,Refuted,"[{""bias"": ""Bias blind spot"", ""confidence"": 0.9551}]",Misleading,
2307.00878v1_4_F,"Li₇P₃S₁₁ becomes thermodynamically stable at temperatures above 500K, with its energy above hull reaching zero at this temperature.",2023-07-01,,matteroffact,Refuted,,Refuted,
2407.20263v1_10_F,Paste electrolytes comprising alumina or magnesia powder mixed with molten salt would be incompatible with Na-Zn cells due to chemical reactions between the ceramic particles and the zinc electrode.,2024-07-01,,matteroffact,Refuted,,Refuted,
2210.10242v2_11_F,"The nuclear dipolar linewidth (Δ_d) of the Mu_d component in MgH₂ is 0.37 MHz, which corresponds to a H-Mu distance of 0.15 nm.",2022-10-01,,matteroffact,Refuted,"[{""bias"": ""Time-saving bias"", ""confidence"": 0.855}]",Supported,
2308.03418v1_9_T,"Proton transport between TMDC layers is expected to have similar diffusion behavior to hydrogen atom transport, with only slightly higher energy barriers",2023-08-01,,matteroffact,Supported,"[{""bias"": ""Pro-Innovation Bias"", ""confidence"": 0.4148}]",Misleading,
2309.05880v3_9_T,"RhGe hosts Fermi arc surface states that span the entire surface Brillouin zone, connecting the projections of bulk Weyl nodes with opposite chiral charges.",2023-09-01,,matteroffact,Supported,,Supported,
2403.14215v1_10_F,"The magnetization of Mn₅(Si_xGe_1-x)₃ thin films measured at 1 Tesla increases with increasing temperature for all silicon concentrations, with the magnetization at 290K ranging from approximately 200 emu·cm⁻³ at x=0 to 500 emu·cm⁻³ at x=1",2024-03-01,,matteroffact,Refuted,"[{""bias"": ""Time-saving bias"", ""confidence"": 0.9228}]",Refuted,
2306.15502v1_0_T,"Scanning NV Magnetometry can distinguish the logical states of individual MRAM bits with diameters less than 60 nm, even through encapsulation layers",2023-06-01,,matteroffact,Supported,"[{""bias"": ""curse of knowledge"", ""confidence"": 0.5517}]",Supported,
2310.04841v1_14_F,"The ab initio calculations for metal vacancy structures in titanium carbide used a 64-site supercell, a plane-wave basis set with a cutoff energy of 300 eV, and a 3×3×3 Monkhorst-Pack mesh of k-points.",2023-10-01,,matteroffact,Refuted,"[{""bias"": ""clustering illusion"", ""confidence"": 0.352}]",Misleading,
2404.13293v1_7_F,"The Rashba effect in GeTe thin films is fixed and cannot be tuned through domain wall migration, as the strength of the Rashba effect is independent of domain size changes.",2024-04-01,,matteroffact,Refuted,"[{""bias"": ""Whole only effect"", ""confidence"": 0.314}]",Refuted,
2202.01918v2_3_F,"The band gap of amorphous GST-225 is approximately 0.2 eV, while crystalline rock-salt GST-225 has a band gap of approximately 0.68 eV, and hexagonal GST-225 has a band gap of approximately 1.0 eV.",2022-02-01,,matteroffact,Refuted,"[{""bias"": ""Time-saving bias"", ""confidence"": 0.4022}]",Supported,
2309.04053v2_2_F,"Carbon-carbon composites have densities between 2.5-3.0 g/cm³, coefficients of thermal expansion between 3.0 to 5.0 x 10⁻⁶/K, and elastic moduli of approximately 100 GPa.",2023-09-01,,matteroffact,Refuted,"[{""bias"": ""Time-saving bias"", ""confidence"": 0.4521}]",Misleading,
2203.04149v2_10_F,"Ultrasonic resonance can estimate the number of electrode layer pairs in a lithium-ion battery with approximately 80% accuracy, determining 38.4 layer pairs in a battery that actually contains 48 pairs based on destructive testing.",2022-03-01,,matteroffact,Refuted,"[{""bias"": ""Time-saving bias"", ""confidence"": 0.4119}]",Misleading,
2311.15620v1_6_T,"The universal exponential decay law governing the probability density function for the number of concerted mobile ions in solid-state electrolytes can be expressed as f(n) = 0.220 · exp(-0.252n), where n is the number of concerted ions.",2023-11-01,,matteroffact,Supported,,Refuted,
2204.05252v1_1_T,The contraction of rhombohedral HfO₂ slabs along the c-axis induces a decrease in polarization by approximately 33% (6.7 μC/cm²) compared to the c-relaxed bulk value.,2022-04-01,,matteroffact,Supported,"[{""bias"": ""Time-saving bias"", ""confidence"": 0.5425}]",Supported,
2309.14678v2_7_F,"The activation energies for interstitial migration in Li, Na, and K β-aluminas are 0.08 eV, 0.09 eV, and 0.17 eV respectively, increasing with increasing ionic radius.",2023-09-01,,matteroffact,Refuted,"[{""bias"": ""subadditivity effect"", ""confidence"": 0.3687}]",Supported,
2403.18441v1_2_T,"The dominance of thermal effects over mechanical effects at higher temperatures leads to tensile residual stresses near the surface in Inconel 718, while lower temperatures in Ti6Al4V machining allow mechanical effects to dominate, resulting in compressive residual stresses.",2024-03-01,,matteroffact,Supported,"[{""bias"": ""Omission bias"", ""confidence"": 0.7361}]",Supported,
2408.01267v4_15_T,"The Jahn-Teller transition in NaNiO₂ is a first-order phase transition, characterized by a mixed-phase region and a discontinuous change in unit cell volume.",2024-08-01,,matteroffact,Supported,,Supported,
2305.04262v3_3_T,"At specific intermediate magnetic field values during field reduction, the current density across the weak-link in FIB-patterned Nb films approaches that of the pristine regions, with the perpendicular current component Jy across the weak-link closely matching that in pristine regions",2023-05-01,,matteroffact,Supported,,Supported,
2304.06457v1_2_T,Cu substitution in SmCo₅ thin films causes increasing decoupling between the Sm 4f and Co 3d magnetic moments,2023-04-01,,matteroffact,Supported,,Supported,
2401.15420v1_8_T,"The NVP/C cathode material exhibits a NASICON-type crystal structure with a rhombohedral lattice, characterized by a three-dimensional open framework that facilitates high ionic conductivity.",2024-01-01,,matteroffact,Supported,,Supported,
2302.12868v1_16_F,"The stiffness matrix method and the transfer matrix method are completely unrelated mathematical approaches with no common formulation, and both methods exhibit identical numerical stability characteristics for all layer types.",2023-02-01,,matteroffact,Refuted,"[{""bias"": ""Distinction bias"", ""confidence"": 0.4329}]",Refuted,
2208.04658v1_5_F,Annealed SrFe₁₂O₁₉ films exhibit a saturation magnetization of 85 emu/g and a coercive field of 0.3 T when measured with an in-plane magnetic field configuration.,2022-08-01,,matteroffact,Refuted,"[{""bias"": ""Outcome bias"", ""confidence"": 0.3075}]",Misleading,
2305.01101v2_0_F,Natural language embeddings derived from language models can only represent compositional features but not structural features of materials for material discovery tasks.,2023-05-01,,matteroffact,Refuted,"[{""bias"": ""Bias blind spot"", ""confidence"": 0.7756}]",Refuted,
2308.04594v2_9_F,"Half cerium substitution (x=0.5) in strontium hexaferrite increases the bulk modulus from 167.461 GPa to 200.5 GPa and the shear modulus from 71.698 GPa to 90.2 GPa, making the material stiffer.",2023-08-01,,matteroffact,Refuted,"[{""bias"": ""Time-saving bias"", ""confidence"": 0.9505}]",Supported,
2209.05554v2_9_T,"The ALIGNN-FF model can correctly identify the relative stability of different polymorphs for the same chemical composition, including for silicon, SiO2, Ni3Al, and MoS2 systems",2022-09-01,,matteroffact,Supported,,Supported,
2307.02870v1_7_F,The influence of morphological features on battery performance is independent of the intrinsic material properties of the active material,2023-07-01,,matteroffact,Refuted,"[{""bias"": ""Whole only effect"", ""confidence"": 0.3416}]",Refuted,
2405.09345v1_10_T,The antiferroelectric properties in ZrO2 originate from electric field-induced structural phase transitions between the non-polar tetragonal phase and the polar orthorhombic phase,2024-05-01,,matteroffact,Supported,,Supported,
2406.07144v1_6_F,"Carbon atoms sputtered from a target using a 10 kV ion beam in Electron Cyclotron Resonance Ion Beam Deposition have energies ranging from 100 to 150 eV, with the highest flux occurring at approximately 125 eV in the middle of the sputtering plume.",2024-06-01,,matteroffact,Refuted,,Misleading,
2304.01314v2_13_F,"In the small-cell training approach, the number of DFT calculations required remains constant regardless of supercell size increases throughout the training process.",2023-04-01,,matteroffact,Refuted,,Refuted,
2402.12278v1_1_F,Plasticity in nanoporous tantalum under compression is primarily driven by diffusion-based mechanisms with minimal dislocation activity,2024-02-01,,matteroffact,Refuted,,Misleading,
2405.18946v3_0_T,The TiO₂-terminated SrTiO₃(001) surface hosts an intrinsic two-dimensional electron liquid that develops rapidly under synchrotron irradiation without requiring defect formation,2024-05-01,,matteroffact,Supported,,Supported,
2210.14343v3_12_T,"In BCC tantalum, the drag coefficient for screw dislocations is more than 100 times greater than that of edge dislocations, with values of 5.0×10⁻² Pa·s and 3.8×10⁻⁴ Pa·s respectively.",2022-10-01,,matteroffact,Supported,"[{""bias"": ""Time-saving bias"", ""confidence"": 0.4895}]",Supported,
2308.04594v2_7_T,Cerium substitution in strontium hexaferrite slightly reduces the Curie temperature from 893 K to 825.53 K (for x=1) and 777.74 K (for x=0.5) based on mean-field approximation calculations.,2023-08-01,,matteroffact,Supported,"[{""bias"": ""Time-saving bias"", ""confidence"": 0.884}]",Supported,
2304.08446v4_7_F,The ALIGNN deep learning model achieved a 75% success rate in identifying materials with DFT-computed critical temperatures above 5K from the CDVAE-generated structures.,2023-04-01,,matteroffact,Refuted,"[{""bias"": ""Bias blind spot"", ""confidence"": 0.4695}]",Supported,
2405.09840v2_8_T,"Line nodes in Weyl superconductors enhance longitudinal thermal conductivity but can suppress transverse thermal conductivity, creating opposing effects on different components of thermal transport.",2024-05-01,,matteroffact,Supported,,Supported,
2404.12822v1_5_F,A full cell battery using NaFe₁.₆V₀.₄(PO₄)(SO₄)₂@CNT cathode and hard carbon anode delivers a specific energy of approximately 200 Wh/kg at 0.2C rate.,2024-04-01,,matteroffact,Refuted,,Supported,
2405.17550v1_4_T,"In quantum Hall-superconductor junctions with metallic puddles, each puddle acts as a floating lead in the generalized Landauer-Büttiker formalism, modifying the effective charge transmission fractions.",2024-05-01,,matteroffact,Supported,,Supported,
2311.14529v1_5_F,"In additively manufactured Al-Mn-Cr-Zr alloys heat treated at 375°C, Mn-rich precipitates at grain boundaries continue to grow steadily throughout the entire 24-hour heat treatment period without reaching saturation.",2023-11-01,,matteroffact,Refuted,"[{""bias"": ""clustering illusion"", ""confidence"": 0.4429}]",Refuted,
2406.12136v1_14_T,"The integration of 2D magnets with superconductors enables the exploration of topological superconductivity, with experimental evidence showing signatures of one-dimensional Majorana edge modes in van der Waals superconductor/magnet heterostructures.",2024-06-01,,matteroffact,Supported,"[{""bias"": ""Pro-Innovation Bias"", ""confidence"": 0.4937}]",Supported,
2207.11317v1_2_F,The increase in yield strength of strain aged ultra-low carbon steel is primarily caused by the formation of precipitates that act as barriers to dislocation motion.,2022-07-01,,matteroffact,Refuted,,Misleading,
2203.11013v1_7_T,"The maximum driving force (MDF) can approximate two kinetically driven aspects of oxidation: the reaction rate of initial surface species formation and subsurface, depth-dependent scale formation",2022-03-01,,matteroffact,Supported,,Supported,
2303.00742v2_2_T,"Both superconducting states in Bernal bilayer graphene with spin-orbit coupling violate the paramagnetic limit in in-plane magnetic fields, but neither reaches the fields expected for pure Ising superconductors.",2023-03-01,,matteroffact,Supported,,Supported,
2407.04126v2_16_F,The three investigated grain boundaries in Li₆PS₅Cl all exhibit similar structural features characterized by minimal atomic rearrangement and preservation of the bulk crystal structure at the interface,2024-07-01,,matteroffact,Refuted,,Misleading,
2311.05696v2_6_T,"A combined model that integrates the Wyart and Cates approach for shear thickening with a geometric model for composition-dependent jamming can predict the rheology of bidisperse non-Brownian suspensions, including counterintuitive effects like viscosity reduction upon adding small particles to large ones.",2023-11-01,,matteroffact,Supported,"[{""bias"": ""Bias blind spot"", ""confidence"": 0.6015}]",Supported,
2311.13599v1_4_T,"For current plasma-sprayed gadolinium zirconate coatings with normalized scattering length of approximately 1 and normalized absorption length of approximately 0.01, the ratio of radiative to convective heat flux at the coating surface is approximately 1.",2023-11-01,,matteroffact,Supported,"[{""bias"": ""Time-saving bias"", ""confidence"": 0.6868}]",Misleading,
2202.00542v3_4_T,"Carbon monoxide adsorbed on Pt(111) acquires a partial positive charge of +0.098e on the carbon atom, making it susceptible to nucleophilic attack",2022-02-01,,matteroffact,Supported,,Supported,
2211.15972v1_8_F,Arsenic atoms preferentially substitute iodine at the I1 position (at the surface) in bilayer CrI3,2022-11-01,,matteroffact,Refuted,,Refuted,
2303.10621v4_10_F,"In fcc 4He at 38K, the second-order vertex coefficients computed with path-integral molecular dynamics (PIMD) have approximately twice the magnitude of those computed with Self-Consistent Harmonic Approximation (SCHA).",2023-03-01,,matteroffact,Refuted,,Misleading,
2301.06756v1_15_T,The superconducting critical temperature in metallic helium temporarily decreases in the pressure range of 20-30 terapascals before continuing to increase at higher pressures.,2023-01-01,,matteroffact,Supported,,Refuted,
2301.11626v1_4_F,RKKY coupling in the Co/Ru/Co system oscillates between antiferromagnetic and ferromagnetic coupling with a peak in antiferromagnetic coupling at approximately 2.1 nm Ru thickness and a ferromagnetic peak at approximately 1.2 nm Ru thickness.,2023-01-01,,matteroffact,Refuted,"[{""bias"": ""Time-saving bias"", ""confidence"": 0.5489}]",Supported,
2203.04149v2_6_T,"Ultrasonic resonance enables non-destructive characterization of multiple internal properties of lithium-ion batteries, including layer count, electrode thicknesses, internal layer imaging, and layer-resolved state of charge variations.",2022-03-01,,matteroffact,Supported,"[{""bias"": ""clustering illusion"", ""confidence"": 0.3803}]",Supported,
2310.14013v1_14_T,"The heterogeneity of powder packing structure at the particle level significantly influences subsequent processes in additive manufacturing, such as heat transfer and binder infiltration, making particle-scale characterization methods important for process optimization.",2023-10-01,,matteroffact,Supported,"[{""bias"": ""Pro-Innovation Bias"", ""confidence"": 0.4701}]",Supported,
2402.18588v2_14_T,"In LK-99 with spin-orbit coupling, the points w1 and w2 are topologically protected double Weyl points, while points s1 and s2 are accidental crossings without topological protection.",2024-02-01,,matteroffact,Supported,,Supported,
2205.06855v1_13_T,"The glass-rich basalt component in regolith, which has the lowest melting point among major mineral constituents, is primarily responsible for the glassy appearance and improved mechanical properties of samples sintered at 1200°C.",2022-05-01,,matteroffact,Supported,,Supported,
2312.10313v1_7_T,"The dimensionality of Nb structures affects superconductivity through confinement effects, allowing for the engineering of superconducting gap magnitudes that can be either smaller or larger than the bulk values.",2023-12-01,,matteroffact,Supported,,Supported,
2408.10146v2_11_F,Increasing La doping in BaSnO₃ causes band gap narrowing where the valence band edge moves to lower binding energies and the optical band gap shrinks due to enhanced electron-electron interactions,2024-08-01,,matteroffact,Refuted,,Supported,
2405.19935v1_12_T,Magnetically doped topological insulators provide a suitable experimental platform for systematically studying anomaly inflow physics by examining the dependence of anomalous Hall conductance on sample size and bulk gap.,2024-05-01,,matteroffact,Supported,"[{""bias"": ""curse of knowledge"", ""confidence"": 0.3612}]",Supported,
2407.10282v1_16_T,Ultrasonic treatment in laser-based additive manufacturing of Al6061 can be leveraged for both porosity reduction and controlled production of porous structures for biomedical applications through optimization of ultrasonic parameters.,2024-07-01,,matteroffact,Supported,"[{""bias"": ""Pro-Innovation Bias"", ""confidence"": 0.8726}]",Supported,
2309.04053v2_13_T,The oxidation resistance of ultra-high temperature ceramics containing SiC is limited above 1600°C due to active oxidation that generates gaseous oxidative products rather than protective solid oxides.,2023-09-01,,matteroffact,Supported,"[{""bias"": ""Omission bias"", ""confidence"": 0.3307}]",Supported,
2203.14301v1_2_F,2D electron gas with C₃ᵥ symmetry exhibits exactly quantized anomalous Hall conductance when the chemical potential is at the middle of the gap opened by in-plane magnetic field,2022-03-01,,matteroffact,Refuted,,Supported,
2408.08791v2_16_F,"In the Dissipative Split-Charge Equilibration model, the computational overhead associated with split charges is primarily related to computation speed rather than memory usage, with doubling the number of split charges increasing total computation time by more than 90%.",2024-08-01,,matteroffact,Refuted,"[{""bias"": ""Planning Fallacy"", ""confidence"": 0.3192}]",Misleading,
2402.12278v1_15_T,"In nanoporous tantalum, glissile dislocations with Burgers vectors (1/2)<111> can react at ligament junctions to form sessile dislocations with Burgers vectors a0<100>",2024-02-01,,matteroffact,Supported,,Supported,
2212.03990v2_11_T,"In 4.4 M KCl aqueous solutions, ion clusters with positive charges up to +7e form, with the majority of clusters being electrically neutral.",2022-12-01,,matteroffact,Supported,,Misleading,
2404.13293v1_0_T,The energy barrier for ferroelectric switching via domain wall migration in a 4 nm thick GeTe thin film is 66.8 meV/nm².,2024-04-01,,matteroffact,Supported,"[{""bias"": ""Time-saving bias"", ""confidence"": 0.6643}]",Refuted,
2407.04788v1_9_T,"The optimal number of lithium atoms that can be adsorbed on one side of TPDH-graphene is three, which provides the most energetically favorable configuration with an adsorption energy of approximately -1.0 eV",2024-07-01,,matteroffact,Supported,"[{""bias"": ""Time-saving bias"", ""confidence"": 0.4339}]",Misleading,
2402.07147v1_0_F,"Both a and c lattice parameters of titanium decrease with oxygen content, with the c parameter decreasing more rapidly than a.",2024-02-01,,matteroffact,Refuted,,Misleading,
2208.10980v2_2_T,A distance of at least 50 cm between the lightsail and payload is required to thermally isolate the payload and prevent mechanical instability during laser propulsion with a 10 GW laser.,2022-08-01,,matteroffact,Supported,"[{""bias"": ""Planning Fallacy"", ""confidence"": 0.4405}]",Misleading,
2401.11244v1_15_T,Machine-learning molecular dynamics simulations can enhance the design of novel solid-state ion conductors by providing accurate predictions of ion transport mechanisms at lower computational cost than ab initio methods,2024-01-01,,matteroffact,Supported,"[{""bias"": ""Pro-Innovation Bias"", ""confidence"": 0.5569}]",Supported,
2408.08791v2_2_T,"In the Dissipative Split-Charge Equilibration model simulation of a resistor-capacitor circuit, the charge relaxation time is 248.7 time units, which is within 2.5% of the correlation time of 242 time units observed in thermal noise simulations.",2024-08-01,,matteroffact,Supported,"[{""bias"": ""Time-saving bias"", ""confidence"": 0.3768}]",Supported,
2203.14301v1_8_T,"The required in-plane magnetic field strength to realize quantum anomalous Hall effect in Sb₂Te₃ thin films oscillates with film thickness and approaches zero at specific thickness values around 4 nm, 8 nm, and 11 nm",2022-03-01,,matteroffact,Supported,"[{""bias"": ""Outcome bias"", ""confidence"": 0.3453}]",Supported,
2208.10911v1_3_F,The charge transfer resistance of MoSeTe anode remains stable at approximately 50 Ω after 10 charge-discharge cycles.,2022-08-01,,matteroffact,Refuted,,Refuted,
2304.13336v2_1_T,"The magnitude of zinc segregation to iron grain boundaries increases with decreasing temperature, while the amount of zinc required in the bulk to trigger the segregation transition decreases with decreasing temperature.",2023-04-01,,matteroffact,Supported,,Supported,
2309.14678v2_13_F,"In all alkali metal β-aluminas, isolated interstitials at anti-Beevers-Ross sites are energetically favored over split-interstitial configurations.",2023-09-01,,matteroffact,Refuted,"[{""bias"": ""curse of knowledge"", ""confidence"": 0.3185}]",Misleading,
2212.06503v1_2_T,"The photocurrent in BaTiO3 thin films is generated by a combined mechanism of bulk photovoltaic effect and Schottky barrier filtering, where the asymmetry of the material creates excited carriers that are then partially filtered by the Schottky barriers at the electrode interfaces.",2022-12-01,,matteroffact,Supported,"[{""bias"": ""clustering illusion"", ""confidence"": 0.4376}]",Supported,
2404.05820v1_5_T,"Trigonal weberite fluorides containing chromium (CaxCr2F7) and manganese (CaxMn2F7) are promising calcium battery cathode candidates based on their thermodynamic stability, reasonable calcium migration barriers, and appropriate intercalation voltages.",2024-04-01,,matteroffact,Supported,,Supported,
2304.10279v2_11_F,"The symmetry of intergranular normal-stress distributions in isotropic linear-elastic polycrystals is controlled by the second deviatoric stress invariant J2, with J2=0 producing symmetric distributions.",2023-04-01,,matteroffact,Refuted,,Supported,
2311.05696v2_6_F,"A combined model that integrates the Wyart and Cates approach for shear thickening with a geometric model for composition-dependent jamming fails to predict any counterintuitive effects in bidisperse suspensions, showing only that viscosity always increases with volume fraction regardless of particle size distribution.",2023-11-01,,matteroffact,Refuted,"[{""bias"": ""Bias blind spot"", ""confidence"": 0.9578}]",Refuted,
2403.13323v1_6_T,"The longitudinal sound velocity of AgInSnPbBiTe5 high-entropy alloy is 2139±96 m/s in molecular dynamics simulations, which is about 22% lower than the experimental value of 2740 m/s.",2024-03-01,,matteroffact,Supported,,Supported,
2303.11122v1_10_F,"All studied oxide spinels exhibit trigonal distortion with anion parameter u values less than 0.375, with MgNi2O4 showing the lowest distortion (u = 0.3106) and MgRh2O4 showing the highest (u = 0.3370).",2023-03-01,,matteroffact,Refuted,"[{""bias"": ""subadditivity effect"", ""confidence"": 0.4957}]",Misleading,
2205.07726v2_16_T,"La-doped BaSnO₃ films grown on SrTiO₃ substrates exhibit a threading dislocation density of 10×10¹¹ cm⁻², while films grown on DyScO₃ or TbScO₃ substrates show a lower density of 5×10¹¹ cm⁻².",2022-05-01,,matteroffact,Supported,"[{""bias"": ""framing effect"", ""confidence"": 0.6949}]",Misleading,
2304.01314v2_14_F,The machine-learned interatomic potential developed for the Zr-H system can only model the relaxed states of different phases but fails to capture any dynamic properties such as phonon bandstructures or phase transitions.,2023-04-01,,matteroffact,Refuted,"[{""bias"": ""Bias blind spot"", ""confidence"": 0.8757}]",Misleading,
2401.15420v1_13_T,"Raman spectroscopy of NVP/C shows a D band at 1341.5 cm⁻¹ and a G band at 1589.5 cm⁻¹ with an intensity ratio (I_G/I_D) of 0.85, indicating a disordered carbon coating, along with signals at 805 cm⁻¹, 960 cm⁻¹, and 1035.5 cm⁻¹ attributed to PO₄ tetrahedra.",2024-01-01,,matteroffact,Supported,"[{""bias"": ""subadditivity effect"", ""confidence"": 0.5663}]",Supported,
2306.07746v1_6_F,A conventionally superconducting Lu-N-H structure exists that could explain the reported room-temperature superconductivity at near-ambient conditions.,2023-06-01,,matteroffact,Refuted,"[{""bias"": ""Pro-Innovation Bias"", ""confidence"": 0.4016}]",Refuted,
2401.16271v1_14_F,The stiffness tensor is the most relevant grain-level tensor property for modeling inelastic properties of polycrystals because it captures the plastic deformation behavior of individual grains.,2024-01-01,,matteroffact,Refuted,"[{""bias"": ""curse of knowledge"", ""confidence"": 0.6703}]",Refuted,
2405.11460v1_15_F,The shear deformation in the unit cell of Na₃₊ₓZr₂₋ₓPrₓSi₂PO₁₂ ceramics decreases with increasing Pr substitution concentration from x = 0.05 to 0.2 due to lattice contraction effects.,2024-05-01,,matteroffact,Refuted,,Misleading,
2210.17428v1_11_T,"EC-MOFs with larger organic linkers containing more benzene rings (such as TN) exhibit more negative formation energies than those with smaller linkers (such as B), due to the increased number of strong covalent bonds.",2022-10-01,,matteroffact,Supported,,Supported,
2206.11435v1_4_F,"In cubic LLZO, the occupancy of Li⁺ ions is distributed approximately 60% in tetrahedral sites and 40% in octahedral sites in their lowest potential energy configuration.",2022-06-01,,matteroffact,Refuted,"[{""bias"": ""subadditivity effect"", ""confidence"": 0.7404}]",Supported,
2204.05252v1_1_F,The contraction of rhombohedral HfO₂ slabs along the c-axis induces an increase in polarization by approximately 15% (3.0 μC/cm²) compared to the c-relaxed bulk value.,2022-04-01,,matteroffact,Refuted,"[{""bias"": ""Time-saving bias"", ""confidence"": 0.5306}]",Supported,
2212.03527v1_14_T,"In Al-Mn alloys, the relative density of dispersoids on grain boundaries changes with annealing temperature, with more dispersoids on low-angle grain boundaries in the as-deformed state, and more dispersoids on high-angle grain boundaries after partial recrystallization.",2022-12-01,,matteroffact,Supported,,Supported,
2403.08237v2_4_T,"The β-LZC polymorph achieves fast Li-ion diffusion with only partial Zr disorder, while α-LZC requires more extensive Zr disorder to achieve similar diffusion rates",2024-03-01,,matteroffact,Supported,,Supported,
2310.13945v1_4_F,"Among the newly predicted alkaline-earth metal borides other than F4̄3m Sr₂B₅, Ca₂B₅, Mg₃B₈, and Ca₃B₅ exhibit superconductivity with calculated critical temperatures of 25 K, 18 K, and 15 K at pressures of 30 GPa, 50 GPa, and 40 GPa, respectively.",2023-10-01,,matteroffact,Refuted,"[{""bias"": ""subadditivity effect"", ""confidence"": 0.8269}]",Supported,
2209.02018v1_1_F,The refractive index of TiO2:Ta2O5 amorphous coatings at 1064 nm decreases from approximately 2.4 to 2.05 as the Ti/(Ti+Ta) cation ratio increases from 0% to 96%,2022-09-01,,matteroffact,Refuted,"[{""bias"": ""Time-saving bias"", ""confidence"": 0.9525}]",Refuted,
2405.03680v2_12_T,"AtomGPT integrates with existing computational workflows, including JARVIS-DFT infrastructure and machine learning force-fields, to enable efficient screening and validation of generated materials.",2024-05-01,,matteroffact,Supported,,Misleading,
2402.05180v1_6_T,The same mechanism that stabilizes altermagnetism through coincident Van Hove singularities can also lead to inter-band d-wave superconductivity.,2024-02-01,,matteroffact,Supported,"[{""bias"": ""Pro-Innovation Bias"", ""confidence"": 0.4302}]",Misleading,
2403.08679v1_7_T,NaFe₂PO₄(SO₄)₂ exhibits a conventional magnetocaloric effect with a maximum magnetic entropy change of approximately -0.34 J/kg-K at 48 K under a 70 kOe field.,2024-03-01,,matteroffact,Supported,"[{""bias"": ""Pseudocertainty effect"", ""confidence"": 0.3061}]",Supported,
2403.13710v1_9_F,"NV centers can only detect static magnetic fields with high spatial resolution, making them functionally equivalent to scanning SQUID microscopy for condensed matter applications.",2024-03-01,,matteroffact,Refuted,,Misleading,
2401.06090v1_6_T,The apparent activation energy for Li⁺ diffusion in Li₃InCl₆ decreases from 247 meV to 208 meV when the NMR measurement frequency is increased from 116 MHz to 194 MHz.,2024-01-01,,matteroffact,Supported,"[{""bias"": ""Time-saving bias"", ""confidence"": 0.9543}]",Supported,
2306.13006v2_0_F,"In high-performing solar cells, nonradiative recombination significantly impacts voltage while having minimal effect on photocurrent, making it the primary limiting factor for photovoltaic efficiency.",2023-06-01,,matteroffact,Refuted,"[{""bias"": ""Omission bias"", ""confidence"": 0.3849}]",Supported,
2310.03638v1_1_T,The Pt/Co/Re multilayer system exhibits a higher DMI value than the prototype W/Co/Pt system.,2023-10-01,,matteroffact,Supported,,Misleading,
2304.02586v1_9_T,The electronic nematic order in Sr₂RuO₄ may explain the Fermi liquid crossover observed at approximately 40 K in various experimental techniques.,2023-04-01,,matteroffact,Supported,,Supported,
2203.11013v1_4_F,"Subsurface oxidation can only be modeled using uniform chemical potentials that remain constant throughout the depth of the alloy, regardless of oxygen concentration gradients",2022-03-01,,matteroffact,Refuted,"[{""bias"": ""clustering illusion"", ""confidence"": 0.3501}]",Refuted,
2405.03680v2_7_T,"AtomGPT uses a combination of chemical and structural text descriptions as input, including chemical formula, space group, bond distances, bond angles, and explicit fractional coordinates of materials.",2024-05-01,,matteroffact,Supported,"[{""bias"": ""clustering illusion"", ""confidence"": 0.662}]",Refuted,
2407.04788v1_15_T,"TPDH-graphene exhibits good mechanical and thermal stability up to 1000K, which are important properties for its application as a lithium-ion battery anode material",2024-07-01,,matteroffact,Supported,"[{""bias"": ""Pro-Innovation Bias"", ""confidence"": 0.3769}]",Supported,
2210.03397v3_11_T,"T-phase has a complex crystal structure with 162 atoms per unit cell, which contributes to its stability under irradiation",2022-10-01,,matteroffact,Supported,,Supported,
2206.15003v1_7_T,"Helium outperforms hydrogen as a driver gas in the implosion-driven launcher, with experimental tests showing helium-driven launchers achieving approximately 17% higher projectile velocities than comparable hydrogen-driven launchers.",2022-06-01,,matteroffact,Supported,"[{""bias"": ""curse of knowledge"", ""confidence"": 0.3163}]",Supported,
2312.10313v1_11_F,The tight-binding implementation of the Bogoliubov-de Gennes method is limited to qualitative predictions and cannot accurately reproduce the quantitative superconducting properties observed in experiments.,2023-12-01,,matteroffact,Refuted,"[{""bias"": ""Bias blind spot"", ""confidence"": 0.9414}]",Misleading,
2309.17090v2_16_T,"After thermalisation for 1 ns, nanocrystalline iron structures stabilize at approximately 150 grains at 300K, 56 grains at 500K, 35 grains at 800K, and 2 grains at 1000K.",2023-09-01,,matteroffact,Supported,"[{""bias"": ""subadditivity effect"", ""confidence"": 0.4329}]",Refuted,
2402.15199v1_6_T,The fundamental mechanism of ion reorientation during adsorption remains consistent across different applied potential differences between 1V and 4V,2024-02-01,,matteroffact,Supported,,Misleading,
2204.13789v2_9_T,The $\ell_0\ell_2$-norm regularized cluster expansion produces effective cluster interactions with improved physical meaning compared to the $\ell_1$-norm regularized cluster expansion.,2022-04-01,,matteroffact,Supported,,Misleading,
2307.13649v1_16_F,"Silver-doped copper oxide thin films annealed at 250°C exhibit a minimal decrease in resistance with temperature, dropping from 50 MΩ at room temperature to 40 MΩ at 100°C",2023-07-01,,matteroffact,Refuted,"[{""bias"": ""Time-saving bias"", ""confidence"": 0.9306}]",Misleading,
2311.07943v2_4_F,The oxygen introduced during air annealing affects approximately 500 nm from the surface of CaFeAsF single crystals.,2023-11-01,,matteroffact,Refuted,,Misleading,
2303.01108v1_5_F,"La₀.₅Sr₀.₅Co₁₋ₓNbₓO₃ maintains metallic conductivity across all Nb concentrations from x=0.025 to x=0.25, with resistivity decreasing as Nb concentration increases.",2023-03-01,,matteroffact,Refuted,"[{""bias"": ""subadditivity effect"", ""confidence"": 0.3013}]",Misleading,
2205.06324v2_12_T,Incorporating neighborhood effects through GNN models improves the accuracy of grain-scale elastic response predictions in polycrystalline materials compared to models that only consider individual grain properties.,2022-05-01,,matteroffact,Supported,"[{""bias"": ""Bias blind spot"", ""confidence"": 0.6363}]",Supported,
2305.01101v2_15_F,Multi-task learning decreases the predictive performance of Seebeck coefficient by 30% compared to single-task prediction.,2023-05-01,,matteroffact,Refuted,,Refuted,
2405.17947v1_5_F,"NbS₂-based anodes exhibit a first-cycle Coulombic efficiency of 95%, which decreases to between 75% and 80% in subsequent cycles.",2024-05-01,,matteroffact,Refuted,"[{""bias"": ""subadditivity effect"", ""confidence"": 0.6384}]",Misleading,
2305.02900v1_10_F,The energy distribution curves of the superconducting Fermi arcs in PtBi₂ exhibit broad peaks with full width at half maximum (FWHM) values of approximately 30 meV and peak-to-background ratios of about 10.,2023-05-01,,matteroffact,Refuted,,Supported,
2306.12034v1_0_F,"NiBi₃ films prepared by co-evaporation of Ni and Bi achieve a superconducting transition temperature of 5.2 K, which is higher than that of single crystal NiBi₃.",2023-06-01,,matteroffact,Refuted,,Misleading,
2203.09600v1_4_T,"ITO films with longer ENZ wavelengths exhibit larger nonlinear responses under NIR excitation, with the maximum differential transmittance change increasing as the ENZ wavelength increases from 1220 nm to 1500 nm.",2022-03-01,,matteroffact,Supported,,Supported,
2404.09806v1_2_F,Visible microstructural changes in heat-treated L-PBF Ti-6Al-4V occur at temperatures as low as 500°C.,2024-04-01,,matteroffact,Refuted,"[{""bias"": ""curse of knowledge"", ""confidence"": 0.3981}]",Supported,
2305.06798v1_5_F,The natural oscillation frequency of nanoribbons decreases with temperature according to ωo ∝ T^(-η/4) (where η ≈ 0.8) due to thermal softening of the bending rigidity.,2023-05-01,,matteroffact,Refuted,,Supported,
2305.11961v1_16_F,"The 4D Camera relies exclusively on proprietary, closed-source software that cannot be modified by users",2023-05-01,,matteroffact,Refuted,"[{""bias"": ""Bias blind spot"", ""confidence"": 0.3534}]",Misleading,
2303.11122v1_2_F,MgTi2O4 exhibits the highest open-circuit voltage of 3.848 V with respect to a Mg metal anode among the studied oxide spinels.,2023-03-01,,matteroffact,Refuted,"[{""bias"": ""Pro-Innovation Bias"", ""confidence"": 0.4053}]",Supported,
2404.19084v2_15_F,The combination of reduced surface roughness but increased surface disorder achieved through centrifugal disk finishing of additively manufactured Inconel 718 will degrade fatigue performance by creating new stress concentration sites despite the smoother overall surface.,2024-04-01,,matteroffact,Refuted,,Misleading,
2304.13336v2_1_F,"The magnitude of zinc segregation to iron grain boundaries decreases with decreasing temperature, while the amount of zinc required in the bulk to trigger the segregation transition increases with decreasing temperature.",2023-04-01,,matteroffact,Refuted,,Supported,
2311.02289v1_6_T,"In CsV3Sb5, symmetry-allowed band crossings can only occur along paths with C6v symmetry (Γ-A and K-H) that have multiple spinor irreducible representations, while paths with C2v symmetry cannot host such crossings.",2023-11-01,,matteroffact,Supported,"[{""bias"": ""subadditivity effect"", ""confidence"": 0.6266}]",Supported,
2407.01918v1_3_T,"In one-dimensional systems with harmonic confinement of framework masses, the dissipation experienced by slow-moving ions becomes exponentially suppressed due to the mismatch between the ion's transit time and the period of the slowest vibrational modes.",2024-07-01,,matteroffact,Supported,,Supported,
2405.18946v3_10_F,The LO₄ phonon mode in the two-dimensional electron liquid on TiO₂-terminated SrTiO₃(001) is blue-shifted by approximately 15 meV compared to undoped bulk SrTiO₃,2024-05-01,,matteroffact,Refuted,"[{""bias"": ""Outcome bias"", ""confidence"": 0.3058}]",Supported,
2407.16044v1_0_T,"Asymmetrical strain in monolayer graphene with 10% compression in one direction and 20% stretching in the perpendicular direction opens a bandgap of 0.39 eV, inducing a semimetal-insulator transition",2024-07-01,,matteroffact,Supported,"[{""bias"": ""Time-saving bias"", ""confidence"": 0.8276}]",Supported,
2407.16044v1_2_T,"Bilayer graphene with symmetrical strain of 1.9% exhibits a flat band at the Fermi level, indicating potential superconductivity with an estimated critical temperature of 0.53 K",2024-07-01,,matteroffact,Supported,,Supported,
2308.05532v1_12_T,"For metal matrix syntactic foams with known inner structure, effective density and specific heat can be reliably calculated from volume fractions of components, while effective thermal conductivity cannot be accurately determined due to interface thermal resistances.",2023-08-01,,matteroffact,Supported,"[{""bias"": ""Bias blind spot"", ""confidence"": 0.4917}]",Supported,
2204.13789v2_12_T,"In cluster expansion models for materials science, accurately predicting relative energy differences between configurations is more important than predicting absolute energies for capturing the correct physics of a system.",2022-04-01,,matteroffact,Supported,"[{""bias"": ""curse of knowledge"", ""confidence"": 0.3733}]",Supported,
2307.00878v1_1_T,Superionic conductors in the Li₂S-P₂S₅ system exhibit an inherent correlation between high lithium-ion conductivity and high configurational entropy.,2023-07-01,,matteroffact,Supported,,Supported,
2301.05024v1_8_T,The asymptotic approximation of the impedance function for non time-invariant electrochemical systems has a relative error of approximately 0.1% compared to the computed impedance.,2023-01-01,,matteroffact,Supported,,Misleading,
2203.11013v1_16_T,"The standard corrosion limit window used for calculating the maximum driving force (MDF) is defined as pH between 2.5 and 12.5, potential between -500 mV and 750 mV (vs. SHE), solute activity of 10⁻⁶, temperature of 25°C, and pressure of 1 atm",2022-03-01,,matteroffact,Supported,"[{""bias"": ""Time-saving bias"", ""confidence"": 0.4095}]",Misleading,
2209.06065v1_8_F,A mobile particle moving through a one-dimensional crystal under constant bias can only exhibit a single behavior: it will always accelerate indefinitely regardless of its initial speed or the nature of its interaction with the chain.,2022-09-01,,matteroffact,Refuted,,Refuted,
2206.01361v1_3_F,"MICP-consolidated space bricks with biopolymers can achieve compressive strengths of approximately 15 MPa, comparable to that of concrete.",2022-06-01,,matteroffact,Refuted,,Supported,
2407.20599v1_10_T,"Silicon with an impurity concentration of 3 × 10^14 cm^-3 is classified as lightly doped, while silicon with an impurity concentration of 1 × 10^17 cm^-3 is classified as heavily doped.",2024-07-01,,matteroffact,Supported,,Supported,
2208.04658v1_15_F,"Crystallization of strontium hexaferrite from as-grown films requires annealing at 600°C in vacuum for one hour, which is sufficient to transform the amorphous precursors into well-crystallized SrFe₁₂O₁₉.",2022-08-01,,matteroffact,Refuted,"[{""bias"": ""Outcome bias"", ""confidence"": 0.3111}]",Misleading,
2209.15522v1_11_T,"The strain hot spots along twin boundaries in TWIP steel disrupt the propagation of Shockley partial dislocations, leading to twins with irregular thicknesses despite their overall thin nature.",2022-09-01,,matteroffact,Supported,,Supported,
2305.11008v1_14_F,"Ultrashort pulse laser annealing of MoS₂ films produces highly inhomogeneous crystallization across the processed area, with a relative standard deviation of 23.5% in the A₁g Raman peak intensity.",2023-05-01,,matteroffact,Refuted,"[{""bias"": ""Outcome bias"", ""confidence"": 0.4497}]",Supported,
2408.08791v2_16_T,"In the Dissipative Split-Charge Equilibration model, the computational overhead associated with split charges is primarily related to memory usage rather than computation speed, with doubling the number of split charges increasing total computation time by only 15%.",2024-08-01,,matteroffact,Supported,"[{""bias"": ""Planning Fallacy"", ""confidence"": 0.4304}]",Misleading,
2405.09840v2_1_T,"The extrinsic anomalous thermal Hall effect in Weyl superconductors is enhanced when impurity bands form near the Fermi energy, creating a large slope in the density of states.",2024-05-01,,matteroffact,Supported,,Supported,
2309.14678v2_6_T,"The idealized Na β″ alumina phase (NaAl₅O₈) has a positive formation energy of 1.9 eV relative to Na β-alumina and α-alumina, while Mg-stabilized Na β″ alumina phases have negative formation energies.",2023-09-01,,matteroffact,Supported,,Refuted,
2203.04149v2_0_T,"Ultrasonic resonance in lithium-ion batteries forms primarily from reflections between metal current collector layers, with constructive interference occurring when reflections have a 2nπ phase difference between them.",2022-03-01,,matteroffact,Supported,"[{""bias"": ""Omission bias"", ""confidence"": 0.3529}]",Supported,
2305.04262v3_7_F,The field-induced weak-to-strong-link transformation in FIB-patterned Nb films requires a minimum ratio of weak-link to pristine region zero-field critical current density (Jc0^WL/Jc0) of approximately 25% according to thermomagnetic simulations,2023-05-01,,matteroffact,Refuted,,Supported,
2401.15420v1_10_T,"Hard carbon is advantageous as an anode material for sodium-ion batteries due to its lower operating potential, expanded interlayer spacing, and higher sodium ion storage capacity compared to graphite.",2024-01-01,,matteroffact,Supported,,Supported,
2306.07746v1_7_F,"The structure search examined 50 different stoichiometries at 1 GPa pressure, with an average of 100 different minima found for each stoichiometry and a total of 5,000 distinct local minima.",2023-06-01,,matteroffact,Refuted,"[{""bias"": ""clustering illusion"", ""confidence"": 0.6015}]",Supported,
2203.09600v1_2_T,"The non-parabolicity of the conduction band in ITO increases the effective mass of electrons during intraband transitions, leading to a decrease in plasma frequency.",2022-03-01,,matteroffact,Supported,,Supported,
2405.02186v1_6_F,"The oxygen K-edge EELS spectra in superconducting infinite-layer nickelate thin films are uniform throughout the film thickness, with identical pre-edge features in all regions from the interfaces to the middle.",2024-05-01,,matteroffact,Refuted,,Refuted,
2308.07295v3_1_F,"Cu-doped lead apatite maintains the high symmetry of the Cu ligand environment, preserving degenerate orbitals at the Fermi level without any significant structural distortion.",2023-08-01,,matteroffact,Refuted,,Misleading,
2406.13900v1_14_T,"The energy window for quasiparticle behavior in the Sr₂RuO₄ surface state is narrower than both the Sr₂RuO₄ bulk state and strongly correlated cuprates, indicating a higher degree of correlation in this Hund's metal surface state.",2024-06-01,,matteroffact,Supported,,Supported,
2303.02540v1_12_T,Rare-earth metal-oxide bond strength in disilicates decreases with increasing ionic radius for a given ionic charge state and coordination number.,2023-03-01,,matteroffact,Supported,,Supported,
2303.04621v2_6_F,"All rank-one connections between energy wells in cubic lattices must be either slips or twins, with no other possibilities existing.",2023-03-01,,matteroffact,Refuted,"[{""bias"": ""curse of knowledge"", ""confidence"": 0.3329}]",Refuted,
2210.03397v3_3_F,Void formation in the UFG AlMgZnCuAg crossover alloy occurs at radiation doses above 25 displacements-per-atom (dpa),2022-10-01,,matteroffact,Refuted,,Refuted,
2402.05283v3_9_F,The Carousel Phase Retrieval Algorithm maintains consistency between 2D projected objects by applying global 3D constraints that force all projections to conform to a single 3D model after each iteration.,2024-02-01,,matteroffact,Refuted,"[{""bias"": ""clustering illusion"", ""confidence"": 0.818}]",Supported,
2302.04385v2_12_T,The flash/quench technique modifies the local atomic structure of Pr₂CuO₄ through enhanced oxygen vacancy ordering while preserving the average long-range crystal structure.,2023-02-01,,matteroffact,Supported,"[{""bias"": ""Bias blind spot"", ""confidence"": 0.4872}]",Supported,
2403.09609v1_9_F,"The Ti-6Al-4V alloy transforms from β to α phase during cooling at 1150°C, which is its β-transus temperature.",2024-03-01,,matteroffact,Refuted,"[{""bias"": ""Outcome bias"", ""confidence"": 0.4483}]",Supported,
2210.10242v2_14_F,"Magnesium hydride (MgH₂) has a hydrogen storage capacity of 4.5 weight percent, which is too low for practical solid hydrogen storage applications.",2022-10-01,,matteroffact,Refuted,,Misleading,
2304.05231v1_2_T,"When using a single sabot instead of two sabots in the projectile impact framework, the kinetic energy efficiency drops to approximately 64% of the two-sabot configuration, resulting in an overall efficiency of about 45% compared to theoretical predictions.",2023-04-01,,matteroffact,Supported,,Misleading,
2208.03296v2_11_F,The hybrid DDD-GNN approach requires replacing all stages of the DDD simulation cycle with GNN models to achieve computational efficiency.,2022-08-01,,matteroffact,Refuted,,Refuted,
2306.03096v2_14_F,"LiCoO₂ is best classified as a negative charge transfer insulator rather than a mixed-valence material, based on the dominant role of oxygen 2p states in the valence band.",2023-06-01,,matteroffact,Refuted,,Misleading,
2306.03096v2_13_F,Conventional X-ray photoelectron spectroscopy (XPS) with an Al Kα source (1.5 keV) provides more reliable information about the bulk electronic structure of LiCoO₂ and CoO₂ than HAXPES by offering better energy resolution.,2023-06-01,,matteroffact,Refuted,,Misleading,
2312.03989v1_10_T,The rare event detection framework can detect changes in the incident X-ray beam flux during continuous loading experiments.,2023-12-01,,matteroffact,Supported,"[{""bias"": ""clustering illusion"", ""confidence"": 0.8513}]",Supported,
2207.11317v1_5_T,"Ultra-low carbon steel samples rolled, aged, and tested at 90° to the rolling direction exhibit early necking with the ultimate tensile strength occurring just after yielding, unlike samples tested at 0° and 45° to the rolling direction.",2022-07-01,,matteroffact,Supported,,Supported,
2404.11300v1_6_T,Numerical calculations within a constant relaxation-time approximation predict that the thermopower divided by temperature (S/T) in Sr₂RuO₄ is positively enhanced near the Van Hove singularity points,2024-04-01,,matteroffact,Supported,,Supported,
2406.11763v1_8_T,The photoluminescence signal in Hf0.5Zr0.5O2 thin films decreases exponentially with increasing laser dose over nearly two decades of dose variation.,2024-06-01,,matteroffact,Supported,,Supported,
2303.04621v2_8_T,"For body-centered cubic (bcc) and face-centered cubic (fcc) lattices, the squared shear magnitude |av|² for any rank-one connection must equal m/2 where m is a positive integer.",2023-03-01,,matteroffact,Supported,,Refuted,
2407.01918v1_2_F,"The dissipation behavior of mobile ions is identical in 1D and 3D systems: in both cases, dissipation is proportional to the ion's speed at low velocities, resulting in a conventional drag-like force.",2024-07-01,,matteroffact,Refuted,,Misleading,
2304.08110v5_3_T,The extended Nielsen-Ninomiya theorem establishes that the non-zero (d-1)-dimensional point-gap topological number in the proposed platform is equal to the d-dimensional bulk topological number of the original topological insulator or superconductor,2023-04-01,,matteroffact,Supported,,Supported,
2301.11689v3_9_F,"BERT-PSIE requires extensive training datasets with millions of labeled examples to achieve acceptable performance, making it impractical for most extraction tasks.",2023-01-01,,matteroffact,Refuted,"[{""bias"": ""Bias blind spot"", ""confidence"": 0.3017}]",Misleading,
2303.02540v1_7_F,Rare-earth disilicates with larger cation radii are more suitable for environmental barrier coatings due to their optimal combination of mechanical and thermal properties.,2023-03-01,,matteroffact,Refuted,"[{""bias"": ""Pro-Innovation Bias"", ""confidence"": 0.3743}]",Supported,
2206.11435v1_8_F,"The high ionic conductivity in cubic LLZO is primarily due to single-ion hopping between adjacent lattice sites, rather than concerted multi-ion migration.",2022-06-01,,matteroffact,Refuted,,Supported,
2404.19084v2_8_F,Centrifugal disk finishing of additively manufactured Inconel 718 creates severe residual tensile stresses near the surface that are detrimental for fatigue performance.,2024-04-01,,matteroffact,Refuted,,Supported,
2212.13877v1_3_F,"In sp²-bonded layered Boron Nitride polymorphs, the electron-phonon interaction contribution to the total energy is less than half of the van der Waals contribution.",2022-12-01,,matteroffact,Refuted,,Refuted,
2408.09073v1_4_F,The background signal in magnetic measurements of hydride materials under high pressure is small compared to the sample signal and remained consistent between experiments,2024-08-01,,matteroffact,Refuted,"[{""bias"": ""Bias blind spot"", ""confidence"": 0.371}]",Supported,
2303.12924v1_16_T,"In the GPR model for Co-based superalloys, varying the gradient energy density coefficient from 0.607 to 1.834 n·J/m has minimal influence on both the equilibrium γ'(L12) precipitate size and morphology compared to other phase-field parameters.",2023-03-01,,matteroffact,Supported,"[{""bias"": ""Time-saving bias"", ""confidence"": 0.8243}]",Supported,
2302.14072v1_4_F,"At the optimized interlayer distance of 5.8 Å in Ta-dichalcogenide bilayers, the flat bands of the 1T layer are partially filled and positioned at the Fermi energy.",2023-02-01,,matteroffact,Refuted,,Supported,
2305.11961v1_0_T,"The 4D Camera operates at 87,000 Hz, generating data at approximately 480 Gbit/s",2023-05-01,,matteroffact,Supported,,Refuted,
2204.05252v1_7_F,"Compressive strain of 5% enhances the soft character of the X₂₋ leading mode in rhombohedral HfO₂ by approximately 40 meV/f.u., while destabilizing the three-modes-coupled distortion by about 15 meV/f.u.",2022-04-01,,matteroffact,Refuted,"[{""bias"": ""Time-saving bias"", ""confidence"": 0.8588}]",Supported,
2402.15199v1_0_F,"During adsorption onto carbon electrodes, EMIM cations maintain a consistent perpendicular orientation to the electrode surface throughout the entire adsorption process",2024-02-01,,matteroffact,Refuted,,Refuted,
2203.08413v3_6_F,"In superconductor-magnetic insulator nanowire hybrid systems, the BCS charge (corresponding to the magnitude of non-local conductance) and the energy splitting of Majorana zero modes oscillate in phase with each other as the magnetic field increases.",2022-03-01,,matteroffact,Refuted,"[{""bias"": ""clustering illusion"", ""confidence"": 0.309}]",Supported,
2208.04658v1_15_T,"Crystallization of strontium hexaferrite from as-grown films requires annealing at 850°C in air for three hours, which transforms the nanocrystalline maghemite and amorphous strontium oxide into well-crystallized SrFe₁₂O₁₉.",2022-08-01,,matteroffact,Supported,,Supported,
2310.05415v1_11_T,"The strengthening effect of titanium in copper occurs through a mechanism where titanium atoms at grain boundaries increase the energy required for grain boundary sliding and dislocation emission, thereby reducing local deformation during tensile loading.",2023-10-01,,matteroffact,Supported,,Supported,
2408.09541v3_5_T,Higher-order topological Dirac superconducting (HOTDSC) states in nodal Dirac superconductors respecting Type-II Shubnikov space group P6/mmm1' can only occur in B1u or B2u pairing channels when the corresponding normal state is a higher-order Fermi-arc (HOFA) state.,2024-08-01,,matteroffact,Supported,,Supported,
2407.21071v2_0_F,"Graded lithium-ion battery pouch cells achieve a constant current density of 3500 A m^-2 across the plane, compared to uniform cells which show minimal variation with maximum values of 3600 A m^-2 at the tabs and minimum values of 3400 A m^-2 at the opposite end",2024-07-01,,matteroffact,Refuted,"[{""bias"": ""Time-saving bias"", ""confidence"": 0.8851}]",Misleading,
2408.10146v2_14_T,"La:BaSnO₃ maintains high optical transparency in the visible spectrum regardless of doping level, while its transparency in the near-infrared region decreases with increasing La doping due to free-carrier absorption",2024-08-01,,matteroffact,Supported,,Supported,
2310.20241v1_1_F,"Carbon vacancies in graphene inhibit lithium cluster formation by decreasing binding energy at defect sites, preventing dendrite nucleation.",2023-10-01,,matteroffact,Refuted,,Supported,
2211.08305v1_0_F,A microstructure-sensitive fatigue life prediction framework based on crystal plasticity and Fast Fourier Transform (CP-FFT) requires extensive experimental data from at least ten different loading conditions for accurate calibration.,2022-11-01,,matteroffact,Refuted,"[{""bias"": ""clustering illusion"", ""confidence"": 0.7865}]",Misleading,
2405.09345v1_0_T,Antiferroelectric ZrO2 thin films can achieve an energy storage density of 84 J/cm³ at an electric field of 4.0 MV/cm,2024-05-01,,matteroffact,Supported,"[{""bias"": ""Time-saving bias"", ""confidence"": 0.4012}, {""bias"": ""Planning Fallacy"", ""confidence"": 0.3611}]",Supported,
2407.01918v1_2_T,"The dissipation behavior of mobile ions differs fundamentally between 1D and 3D systems: in 1D systems without harmonic confinement, dissipation diverges at low speeds, while in 3D systems, dissipation is proportional to the ion's speed at low velocities.",2024-07-01,,matteroffact,Supported,,Supported,
2305.10582v2_3_F,The Poisson's ratio of Cu₆Sn₅ intermetallic compound varies directionally with magnitudes ranging from 0.1 to 0.5,2023-05-01,,matteroffact,Refuted,,Supported,
2403.18743v1_6_F,"In silicon carbide metasurfaces with elliptical perforations, quasi-bound states in the continuum are excited when the electric field polarization is parallel to the net dipole moment induced by the ellipse tilting.",2024-03-01,,matteroffact,Refuted,"[{""bias"": ""clustering illusion"", ""confidence"": 0.5274}]",Supported,
2405.11460v1_9_T,The electric modulus scaling analysis of Na₃₊ₓZr₂₋ₓPrₓSi₂PO₁₂ (x = 0.05-0.2) ceramics shows that all samples exhibit a similar type of relaxation mechanism that is temperature-independent.,2024-05-01,,matteroffact,Supported,,Misleading,
2205.05754v1_13_T,"The friction stress in Mg polycrystals scales with the square root of plastic strain and inversely with the square root of grain size, following τf ∝ μ(εᵖ b/d)^(1/2)",2022-05-01,,matteroffact,Supported,"[{""bias"": ""Planning Fallacy"", ""confidence"": 0.3368}]",Supported,
2309.17090v2_7_T,"During high shear strain of iron at 300K, the system temperature spikes to approximately 560K at γ = 0.3, coinciding with the onset of yielding and atomic reordering.",2023-09-01,,matteroffact,Supported,"[{""bias"": ""Outcome bias"", ""confidence"": 0.4533}]",Supported,
2406.07144v1_14_T,"In Electron Cyclotron Resonance Ion Beam Deposition, higher energy carbon atoms are preferentially sputtered at larger emission angles from the target, while lower energy atoms dominate in the center of the sputtering plume.",2024-06-01,,matteroffact,Supported,"[{""bias"": ""curse of knowledge"", ""confidence"": 0.3629}]",Supported,
2311.14529v1_3_F,"Precipitates at melt pool boundaries in additively manufactured Al-Mn-Cr-Zr alloys contain only Mn in the as-printed condition, with Cr diffusing into them during heat treatment.",2023-11-01,,matteroffact,Refuted,"[{""bias"": ""Bias blind spot"", ""confidence"": 0.4427}]",Misleading,
2403.03466v2_8_T,"The lowest energy excitation at the Γ-point in LiCoO2 is primarily a Mott-like d-d transition from Co-t2g to Co-eg states, with approximately 85% particle-hole character and 15% collective contribution.",2024-03-01,,matteroffact,Supported,"[{""bias"": ""subadditivity effect"", ""confidence"": 0.3683}]",Supported,
2303.02441v2_0_F,The ρ-CP framework uses a power law model to account for temperature and strain rate effects on crystallographic shearing rate during plastic deformation.,2023-03-01,,matteroffact,Refuted,"[{""bias"": ""clustering illusion"", ""confidence"": 0.5228}]",Supported,
2203.16766v2_4_F,The reflectance at Brewster's angle for silicon increases from 0% to approximately 10% when the incident light intensity increases from 10^9 W/cm² to 10^13 W/cm²,2022-03-01,,matteroffact,Refuted,"[{""bias"": ""Time-saving bias"", ""confidence"": 0.8705}]",Refuted,
2303.07504v1_5_F,"In Mg-Al-Ca alloys, the R3 planar defect dominates the defect formation process when the Al chemical potential is between -0.5 eV and -0.4 eV.",2023-03-01,,matteroffact,Refuted,"[{""bias"": ""Time-saving bias"", ""confidence"": 0.6448}]",Misleading,
2403.09609v1_10_T,"In the Ti-V system, a concentration of 0-10 at.% V leads to the formation of α' martensite, while a concentration of >10 at.% invokes α'' martensite.",2024-03-01,,matteroffact,Supported,"[{""bias"": ""Time-saving bias"", ""confidence"": 0.3152}]",Supported,
2206.11435v1_2_T,"The activation energy barrier for concerted multi-ion migration of Li⁺ ions in cubic LLZO is approximately 0.26 eV, which closely matches the experimental value of approximately 0.3 eV.",2022-06-01,,matteroffact,Supported,"[{""bias"": ""Time-saving bias"", ""confidence"": 0.3313}]",Supported,
2308.01135v4_4_T,"The hexagonal structure of LK-99 exhibits a remarkably large electron-phonon coupling, with certain phonon modes dramatically affecting the electronic structure by lifting the degeneracy of Cu d-bands at the Fermi level.",2023-08-01,,matteroffact,Supported,,Misleading,
2404.12822v1_0_F,NaFe₁.₆V₀.₄(PO₄)(SO₄)₂@CNT cathode delivers a specific discharge capacity of 130 mAh/g at 0.1C with an average working voltage of approximately 3.5V.,2024-04-01,,matteroffact,Refuted,,Supported,
2406.13070v1_6_T,"During out-of-phase thermomechanical fatigue testing of as-received NiAl-coated R125 superalloy, the maximum tensile stress increases from 500 MPa in the first cycle to 610 MPa by the 100th cycle.",2024-06-01,,matteroffact,Supported,,Refuted,
2304.07326v2_14_F,"The reflectivity minimum of hydrogen-deficient LuH1.750 occurs at 700 nm at ambient conditions, resulting in a blue color similar to that observed in pure LuH2.",2023-04-01,,matteroffact,Refuted,,Misleading,
2205.05157v1_15_T,"The accuracy of the electro-optic coefficient fitting procedure is estimated using the reduced χ² value, with values close to unity indicating reliable results within the given uncertainty.",2022-05-01,,matteroffact,Supported,"[{""bias"": ""Bias blind spot"", ""confidence"": 0.9389}]",Supported,
2203.04149v2_11_T,"The slurry model predicts ultrasonic wave speeds in lithium-ion battery electrodes to be between 1000-1500 m/s, while traditional porous solid models predict speeds exceeding 3000 m/s, with experimental measurements supporting the lower range predictions.",2022-03-01,,matteroffact,Supported,,Supported,
2404.12191v1_10_F,TMM-Sim calculates the absorbed fraction of incident light only for the active layer and cannot determine the fractions of light reflected by or transmitted through the device.,2024-04-01,,matteroffact,Refuted,"[{""bias"": ""Bias blind spot"", ""confidence"": 0.8806}]",Refuted,
2311.05696v2_7_F,There is no asymmetry in how particle size affects suspension rheology: adding either small particles to a suspension of large ones or large particles to a suspension of small ones always produces the same effect on viscosity under equivalent conditions.,2023-11-01,,matteroffact,Refuted,"[{""bias"": ""Distinction bias"", ""confidence"": 0.5647}]",Refuted,
2404.08651v1_3_F,The reverse saturation current density (J0) increases with reduced defect density in thin film silicon solar cells.,2024-04-01,,matteroffact,Refuted,"[{""bias"": ""Pro-Innovation Bias"", ""confidence"": 0.3641}]",Refuted,
2311.14529v1_3_T,Precipitates at melt pool boundaries in additively manufactured Al-Mn-Cr-Zr alloys contain both Mn and Cr in the as-printed condition.,2023-11-01,,matteroffact,Supported,,Supported,
2401.15420v1_4_T,"In the HC||NVP/C full cell sodium-ion battery, the diffusive contribution to the total current decreases from 68% to 32% for anodic peaks and from 85% to 56% for cathodic peaks as the scan rate increases from 0.05 mV/s to 1 mV/s.",2024-01-01,,matteroffact,Supported,"[{""bias"": ""Time-saving bias"", ""confidence"": 0.9012}]",Supported,
2408.15684v1_1_F,The insertion of graphene at the Mo foil/CZTSSe interface reduces the back contact barrier height from 0.42 eV to 0.15 eV,2024-08-01,,matteroffact,Refuted,"[{""bias"": ""Time-saving bias"", ""confidence"": 0.8744}]",Supported,
2408.00042v3_11_F,"The primary experimental signature of symmetry-enforced Z₂ supertopology is the presence of Weyl points at high-symmetry lines, which can be observed in materials with strong spin-orbit coupling where the Dirac nodal lines transform into isolated point degeneracies.",2024-08-01,,matteroffact,Refuted,,Supported,
2212.02899v1_10_T,"Superconductivity in LaRh₃B₂ is conventional and phonon-mediated, as evidenced by the agreement between the experimentally observed critical temperature and theoretical predictions based on electron-phonon coupling calculations.",2022-12-01,,matteroffact,Supported,"[{""bias"": ""Bias blind spot"", ""confidence"": 0.3489}]",Supported,
2210.05010v2_6_F,"Tungsten irradiated with lower momentum ions retains lower deuterium concentrations than tungsten irradiated with higher momentum ions, with deuterium concentrations ranging from approximately 2.5 at.% for high momentum ions to 0.5 at.% for low momentum ions.",2022-10-01,,matteroffact,Refuted,"[{""bias"": ""Time-saving bias"", ""confidence"": 0.7548}]",Supported,
2304.07224v2_17_T,"The superconducting gap in high-temperature cuprate superconductors is approximately 27 meV, which covers the energy region where hyperplasmons and quasi-one-dimensional plasmons are observed.",2023-04-01,,matteroffact,Supported,,Misleading,
2306.03096v2_1_F,"The electronic structure of cobalt in CoO₂ is accurately described as having a t₂g⁵eg⁰ configuration, corresponding to the Co⁴⁺ oxidation state.",2023-06-01,,matteroffact,Refuted,,Refuted,
2311.15791v1_7_F,The mosaic phase in 1T-TaS₁.₂Se₀.₈ exhibits complete insulating behavior at low temperatures due to the formation of a full gap in the electronic density of states.,2023-11-01,,matteroffact,Refuted,"[{""bias"": ""Outcome bias"", ""confidence"": 0.8322}]",Misleading,
2311.02289v1_12_T,"GW calculations for CsV3Sb5 require a total of 4000 bands and 100 frequency points, with convergence of quasiparticle energies to within 50 meV.",2023-11-01,,matteroffact,Supported,,Misleading,
2311.14529v1_0_F,"During heat treatment of additively manufactured Al-Mn-Cr-Zr alloys, Mn and Cr form a single combined precipitate type at grain boundaries.",2023-11-01,,matteroffact,Refuted,,Refuted,
2309.14678v2_9_T,"In Na-poor conditions defined by equilibrium with Na₂S₄ and S₈, vacancy formation energies in Na β and β″ aluminas are approximately 2 eV lower than in Na-rich conditions.",2023-09-01,,matteroffact,Supported,,Supported,
2302.14072v1_10_F,"In Ta-dichalcogenide bilayers, increasing the interlayer distance from 5.8 Å to 7.0 Å causes a transition from partial charge transfer with spin-split 1T flat bands to complete charge transfer with empty 1T flat bands.",2023-02-01,,matteroffact,Refuted,"[{""bias"": ""Time-saving bias"", ""confidence"": 0.8646}]",Supported,
2202.01918v2_2_F,"The maximum crystal growth velocity in GST-225 is approximately 5.0 m/s at around 300°C, which significantly exceeds the theoretical prediction of 2.5 m/s from density functional theory calculations.",2022-02-01,,matteroffact,Refuted,,Supported,
2212.13877v1_3_T,"In sp²-bonded layered Boron Nitride polymorphs, the electron-phonon interaction contribution to the total energy is 1.5 to 2 times greater than the van der Waals contribution.",2022-12-01,,matteroffact,Supported,,Misleading,
2408.01267v4_0_T,NaNiO₂ undergoes a displacive Jahn-Teller transition where local Jahn-Teller distortions disappear completely above the transition temperature.,2024-08-01,,matteroffact,Supported,,Misleading,
2309.17090v2_5_F,"In iron under high shear strain at 300K, dislocation density decreases continuously from γ = 0.27 to γ = 10, reaching a minimum value of 0.5 × 10⁻³/Å² at the end of the simulation.",2023-09-01,,matteroffact,Refuted,"[{""bias"": ""Time-saving bias"", ""confidence"": 0.6987}]",Refuted,
2304.13257v3_13_T,"Surface encapsulation of niobium with tantalum is compatible with industrial-level processes and scalable manufacturing, offering a practical pathway for delivering high-coherence superconducting qubits with median T1 times exceeding 300 microseconds.",2023-04-01,,matteroffact,Supported,"[{""bias"": ""Pro-Innovation Bias"", ""confidence"": 0.3601}]",Misleading,
2306.04157v1_6_T,Zirconium doping in LaNiO3 completely suppresses the Stoner enhanced maximum in magnetic susceptibility that is observed in the undoped compound.,2023-06-01,,matteroffact,Supported,"[{""bias"": ""Bias blind spot"", ""confidence"": 0.3311}]",Refuted,
2307.06904v3_0_F,Lifshitz transitions in LaVO3/KTaO3 heterostructures occur exclusively within the t2g manifold of the interfacial Ta atoms.,2023-07-01,,matteroffact,Refuted,,Misleading,
2408.03175v1_11_T,"The approach to stabilizing solid-state battery interfaces is inspired by morphogenesis in biological systems, such as the regulated growth of flat leaves that maintain their shape through feedback mechanisms.",2024-08-01,,matteroffact,Supported,"[{""bias"": ""curse of knowledge"", ""confidence"": 0.8587}]",Supported,
2401.17024v2_15_F,"The superconducting transition temperature (T_c) is solely determined by the electron-phonon coupling parameter (λ), with the logarithmic average frequency (ω_log) having negligible influence on the final T_c value.",2024-01-01,,matteroffact,Refuted,,Refuted,
2404.05398v1_7_F,The linear thermal expansion coefficient of HfN is 6.6 × 10^-6 per Kelvin.,2024-04-01,,matteroffact,Refuted,"[{""bias"": ""Planning Fallacy"", ""confidence"": 0.4392}]",Misleading,
2212.02899v1_4_F,"The normalized jump in electronic heat capacity at the superconducting transition in LaRh₃B₂ is approximately 2.0, indicating strong coupling superconductivity.",2022-12-01,,matteroffact,Refuted,,Supported,
2306.00139v1_11_F,Superionic AgI cannot be classified as an electronic plastic crystal because its lone pair electrons are fixed in orientation.,2023-06-01,,matteroffact,Refuted,,Refuted,
2203.08413v3_10_T,"In superconductor-magnetic insulator nanowire hybrid systems with a smoothly varying potential, longer nanowires are more susceptible to forming quasi-Majorana zero modes than shorter nanowires.",2022-03-01,,matteroffact,Supported,"[{""bias"": ""curse of knowledge"", ""confidence"": 0.5016}]",Supported,
2204.05252v1_8_F,"Ferroelectricity in rhombohedral HfO₂ is proper in nature, with polarization serving as the primary order parameter that drives the phase transition.",2022-04-01,,matteroffact,Refuted,,Supported,
2208.03296v2_8_T,"The DDD-GNN model remains stable and does not diverge from ground-truth simulations over long-term trajectories of up to 100,000 consecutive time-steps.",2022-08-01,,matteroffact,Supported,"[{""bias"": ""clustering illusion"", ""confidence"": 0.5678}]",Misleading,
2401.04713v1_0_F,Atomic layer molecular beam epitaxy requires temperatures above 200°C to successfully grow epitaxial RMn₆Sn₆ thin films.,2024-01-01,,matteroffact,Refuted,,Misleading,
2303.07504v1_12_F,Energy dispersive X-ray spectroscopy analysis shows that planar defects in Nb-rich Fe-Nb alloys have a similar Nb concentration to the surrounding bulk matrix.,2023-03-01,,matteroffact,Refuted,,Supported,
2306.00139v1_12_F,"In superionic AgI, a secondary coordination shell exists at 5-6 Å from silver cations, corresponding to lone pairs on iodide ions that are pointing away from the cation.",2023-06-01,,matteroffact,Refuted,,Misleading,
2408.15601v1_7_F,The voxel-to-particle decoder uses a single unified neural network that directly transforms the entire voxel array into a set of particle coordinates in one step.,2024-08-01,,matteroffact,Refuted,"[{""bias"": ""clustering illusion"", ""confidence"": 0.8056}]",Misleading,
2209.05554v2_10_T,The ALIGNN-FF model can successfully perform molecular dynamics simulations of heterogeneous interfaces such as MoS2-Al2O3 and Cu-TiN while maintaining structural integrity,2022-09-01,,matteroffact,Supported,,Supported,
2301.01139v1_12_F,"The yttrium superhydride YH9 exhibits superconductivity with a critical temperature of 220 K at approximately 180 GPa, lower than the critical temperature of H3S.",2023-01-01,,matteroffact,Refuted,,Misleading,
2404.05644v1_5_F,Higher temperatures reduce the growth rate of perovskite crystals in CsPbI₃ while improving crystal quality by minimizing defects,2024-04-01,,matteroffact,Refuted,,Misleading,
2407.11586v1_13_F,Nematic fluctuations are completely absent in FeSe/NdFeO3 and play no role in its superconducting properties.,2024-07-01,,matteroffact,Refuted,,Refuted,
2303.10621v4_7_T,"The Debye temperature of fcc 4He calculated using the frequency matrix is 174K, which is close to the indirect experimental estimation of 154K.",2023-03-01,,matteroffact,Supported,,Supported,
2309.04053v2_16_F,Computational modeling of hypersonic materials has reached maturity with comprehensive validated models that accurately predict material behavior across all relevant length and time scales.,2023-09-01,,matteroffact,Refuted,"[{""bias"": ""curse of knowledge"", ""confidence"": 0.4046}]",Misleading,
2301.00535v1_9_F,"The r²SCAN and r²SCAN+U functionals provide significantly lower accuracy than SCAN and SCAN+U for transition metal oxides, despite their computational efficiency advantage.",2023-01-01,,matteroffact,Refuted,"[{""bias"": ""Whole only effect"", ""confidence"": 0.3239}]",Supported,
2211.10404v1_12_T,"In the high-spin orbital-ordered state at 3% tensile strain, SrCoO₃ thin films exhibit varying magnetic moments at different oxygen sites, with values of 0.337 μB, 0.336 μB, and -0.032 μB",2022-11-01,,matteroffact,Supported,"[{""bias"": ""Time-saving bias"", ""confidence"": 0.8127}]",Supported,
2210.03397v3_12_T,The addition of both Cu and Ag to the AlMgZn crossover alloy increases the radiation survivability level of T-phase precipitates from 1 dpa to 24 dpa,2022-10-01,,matteroffact,Supported,"[{""bias"": ""Time-saving bias"", ""confidence"": 0.7517}]",Supported,
2203.10204v2_9_F,"In spinodal decomposition, when phase A is the majority phase (f > 0.5), the microstructural pattern is highly sensitive to phase B mobility and insensitive to phase A mobility",2022-03-01,,matteroffact,Refuted,,Misleading,
2202.07699v1_10_F,The effective thermal conductivity of metal powders in argon atmosphere is approximately 50% of the thermal conductivity in air atmosphere at equivalent porosity values,2022-02-01,,matteroffact,Refuted,,Misleading,
2401.15420v1_4_F,"In the HC||NVP/C full cell sodium-ion battery, the diffusive contribution to the total current increases from 30% to 70% for anodic peaks and from 40% to 80% for cathodic peaks as the scan rate increases from 0.05 mV/s to 1 mV/s.",2024-01-01,,matteroffact,Refuted,"[{""bias"": ""Time-saving bias"", ""confidence"": 0.8407}]",Supported,
2203.10204v2_8_T,"In physical vapor deposition, vertical-oriented microstructural patterns form at low normalized deposition rates (log(v^N) ~ -4), horizontal layer patterns form at higher rates (log(v^N) ~ -1), and random patterns form at very high rates (log(v^N) ~ -0.5)",2022-03-01,,matteroffact,Supported,"[{""bias"": ""Time-saving bias"", ""confidence"": 0.419}]",Supported,
2312.07341v1_9_T,"The evolution of the Ni-O-Ni bond angle in La₃Ni₂O₇ under pressure correlates with the increase in superconducting transition temperature, suggesting a possible relationship between structural parameters and superconducting properties.",2023-12-01,,matteroffact,Supported,,Supported,
2405.17550v1_5_F,The theoretical model of decoherent quantum Hall-superconductor edges with metallic puddles predicts oscillatory charge transmission patterns that contradict experimental observations in graphene.,2024-05-01,,matteroffact,Refuted,"[{""bias"": ""curse of knowledge"", ""confidence"": 0.4519}]",Refuted,
2407.04788v1_13_T,"TPDH-graphene is one of the few 2D carbon allotropes that combines metallic properties with a high theoretical lithium storage capacity, making it distinctive among potential battery materials",2024-07-01,,matteroffact,Supported,"[{""bias"": ""Pro-Innovation Bias"", ""confidence"": 0.4351}]",Supported,
2405.09345v1_13_F,"The electrical properties of fluorite-structured thin films are solely determined by their chemical composition, regardless of the deposition technique or parameters used",2024-05-01,,matteroffact,Refuted,,Refuted,
2208.07823v1_10_T,"First principles calculations indicate that the P-3m1 structure of Na2ZrCl6 is thermodynamically stable, while the P21/n structure is metastable and resides 17 meV atom-1 above the convex hull.",2022-08-01,,matteroffact,Supported,"[{""bias"": ""Outcome bias"", ""confidence"": 0.3583}]",Supported,
2406.09461v1_12_F,"The critical ω-Zr nucleus for transformation within the disordered grain boundary has a height of 0.25 nm and a radius of 1.20 nm, smaller than the lattice parameters of ω-Zr",2024-06-01,,matteroffact,Refuted,"[{""bias"": ""Time-saving bias"", ""confidence"": 0.7927}]",Supported,
2401.11244v1_7_T,"In Li₁₀GeP₂S₁₂, the highest correlation between PS₄ tetrahedra and Li ions occurs at P-S-Li angles between 80° and 95° and Li-S distances below 3 Å",2024-01-01,,matteroffact,Supported,"[{""bias"": ""subadditivity effect"", ""confidence"": 0.3642}]",Supported,
2312.05174v1_6_T,Pure copper can be printed with relative densities up to 92% using nanotextured powder at laser energy densities as low as 82 J/mm³,2023-12-01,,matteroffact,Supported,,Supported,
2212.06503v1_5_T,"The bulk photovoltaic effect in BaTiO3 thin films is significantly stronger than predicted by first-principles calculations for bulk materials, suggesting that additional mechanisms related to interface effects enhance the photocurrent in thin films.",2022-12-01,,matteroffact,Supported,"[{""bias"": ""Bias blind spot"", ""confidence"": 0.3792}]",Supported,
2211.14626v2_8_F,The superconducting diode effect in Nb/Ru/Sr₂RuO₄ junctions is unrelated to time-reversal symmetry breaking in Sr₂RuO₄ and is solely caused by structural asymmetries at the interface.,2022-11-01,,matteroffact,Refuted,"[{""bias"": ""subadditivity effect"", ""confidence"": 0.33}]",Refuted,
2401.11244v1_14_F,Machine-learning molecular dynamics fails to reproduce the spatiotemporal correlations in ion migration that are captured by the van Hove correlation functions in solid-state ion conductors,2024-01-01,,matteroffact,Refuted,"[{""bias"": ""Bias blind spot"", ""confidence"": 0.8931}]",Refuted,
2401.06319v2_12_T,"When Ag nanowires undergo surface Bain distortion (c/c₀=0.84), the electron density of states shows a smearing of the higher band edge, broadening of the peak at -3.0 eV, and appearance of a strong peak at -3.6 eV compared to the undistorted structure.",2024-01-01,,matteroffact,Supported,"[{""bias"": ""Time-saving bias"", ""confidence"": 0.6171}]",Supported,
2408.13419v1_4_F,"Lanthanum superhydrides synthesized at pressures between 95-168 GPa show an initial superconducting critical temperature (Tc) of 250K immediately after synthesis, which remains stable at this value for several weeks.",2024-08-01,,matteroffact,Refuted,,Misleading,
2407.21337v1_8_F,Finding the ground state structure of Li₃PS₄ in space group Pmn2₁(31) requires more than 10⁴ energy evaluations using the symmetry-oriented crystal structure prediction method.,2024-07-01,,matteroffact,Refuted,,Misleading,
2408.03175v1_6_T,"A morphogenic interface can be implemented using inclusions that undergo a diffusive phase transition when subjected to compression, sensing interface morphology and implementing feedback through diffusion of a morphogen signal.",2024-08-01,,matteroffact,Supported,"[{""bias"": ""clustering illusion"", ""confidence"": 0.462}]",Supported,
2310.18223v1_7_F,CELL can only be used with a single specific ab initio code and cannot interface with other computational chemistry or materials science software packages.,2023-10-01,,matteroffact,Refuted,,Refuted,
2206.01063v2_16_T,"The Heisenberg exchange constant in the mean-field resonating valence bond model is J = 4t²/U, where t is the hopping parameter and U is the onsite Coulomb interaction",2022-06-01,,matteroffact,Supported,,Supported,
2203.16766v2_2_T,"At the interface between a medium and vacuum, the X-component of the vector potential is continuous while the Z-component is discontinuous for oblique incidence of light",2022-03-01,,matteroffact,Supported,,Misleading,
2408.08791v2_11_F,"A unit charge moving through a capacitor simulated with the Dissipative Split-Charge Equilibration model experiences uniform repulsive forces throughout its trajectory, with no variation related to its position relative to the capacitor plates or the atomic lattice.",2024-08-01,,matteroffact,Refuted,"[{""bias"": ""clustering illusion"", ""confidence"": 0.5441}]",Refuted,
2401.17024v2_2_F,Mg₂IrH₆ exhibits a superconducting transition temperature of 45 K at ambient pressure with an electron-phonon coupling parameter λ of 2.56.,2024-01-01,,matteroffact,Refuted,,Refuted,
2311.14529v1_14_F,"The lamella prepared for in-situ scanning X-ray fluorescence measurements of the additively manufactured Al-Mn-Cr-Zr alloy was approximately 5 µm in height, 15 µm in width, and 0.5 µm in thickness.",2023-11-01,,matteroffact,Refuted,"[{""bias"": ""Time-saving bias"", ""confidence"": 0.4525}]",Supported,
2402.07147v1_6_F,"The variations of titanium lattice parameters with temperature and oxygen concentration cannot be factorized, with the increase rates of c parameter with oxygen concentration being approximately 0.250 for ordered structures and 0.050 for disordered structures.",2024-02-01,,matteroffact,Refuted,"[{""bias"": ""Time-saving bias"", ""confidence"": 0.3951}]",Misleading,
2311.01879v1_10_T,Fe12Cr9Al ODS steel exhibits an irradiation hardening of 1.45±0.27 GPa after Fe ion irradiation to 3 dpa at 300°C.,2023-11-01,,matteroffact,Supported,,Supported,
2407.11580v1_2_F,The microstructural evolution of LPBF AlSi10Mg during heat treatment occurs through a single continuous process without distinct stages or mechanisms.,2024-07-01,,matteroffact,Refuted,,Refuted,
2407.20263v1_3_F,The near-equimolar NaCl-CaCl₂ electrolyte mixture used in Na-Zn cells undergoes a volume decrease of approximately 3% when solidifying.,2024-07-01,,matteroffact,Refuted,,Misleading,
2202.01918v2_14_F,"Doping GST-225 with selenium degrades optical properties by increasing loss in the near-IR to mid-IR range and reducing refractive index contrast, while also decreasing crystallization temperature and accelerating the crystallization process.",2022-02-01,,matteroffact,Refuted,,Supported,
2404.12822v1_10_T,"Distribution of Relaxation Time analysis reveals that sodium-ion transport in NaFe₁.₆V₀.₄(PO₄)(SO₄)₂@CNT cathode involves multiple processes with distinct time constants, including SEI layer formation, charge transfer at interfaces, and solid-state diffusion.",2024-04-01,,matteroffact,Supported,,Supported,
2212.04571v1_14_F,The large-N expansion theoretical approach predicts that the Kondo effect in NbSe₂ should be strongest at zero magnetic field and gradually weaken with increasing field due to spin polarization.,2022-12-01,,matteroffact,Refuted,,Supported,
2405.02186v1_11_F,"The influence of both p-type and n-type interfaces on the electronic structure of infinite-layer nickelate thin films extends at least 5-6 unit cells into the film, with significant interface effects throughout most of the film thickness.",2024-05-01,,matteroffact,Refuted,,Supported,
2408.03175v1_14_T,The motion of the lithium interface in solid-state batteries is governed by an equation that combines the effects of plating/stripping (proportional to current density) and self-diffusion of lithium (proportional to the Laplacian of interface displacement).,2024-08-01,,matteroffact,Supported,,Supported,
2310.14013v1_3_F,The skewness of powder layer surface height remains consistently negative (below -0.5) across all Bond numbers from 0 to 272.3.,2023-10-01,,matteroffact,Refuted,"[{""bias"": ""subadditivity effect"", ""confidence"": 0.3814}]",Refuted,
2208.03296v2_13_F,"The calculation of long-range dislocation interactions is the most computationally expensive operation in traditional DDD simulations, accounting for more than 90% of the total computation time.",2022-08-01,,matteroffact,Refuted,,Supported,
2310.07816v2_13_T,Class activation maps and occlusion attribution techniques can effectively reveal which morphological features machine learning models use to classify MoS2 thin films by growth temperature.,2023-10-01,,matteroffact,Supported,"[{""bias"": ""Bias blind spot"", ""confidence"": 0.6213}]",Supported,
2202.01918v2_3_T,"The band gap of amorphous GST-225 is approximately 0.68 eV, while crystalline rock-salt GST-225 has a band gap of approximately 0.56 eV with an indirect component of 0.1 eV, and hexagonal GST-225 has a band gap of approximately 0.2 eV.",2022-02-01,,matteroffact,Supported,"[{""bias"": ""Time-saving bias"", ""confidence"": 0.3424}]",Supported,
2212.06503v1_4_F,"The photovoltaic responsivity of BaTiO3 thin films under 365 nm illumination follows a linear relationship with titanium displacement (D), where maximum responsivity occurs at maximum displacement values of D≈0.3Å.",2022-12-01,,matteroffact,Refuted,,Misleading,
2203.16766v2_11_F,The multiscale Maxwell-TDDFT method for oblique incidence remains stable and accurate even at incident angles approaching 90 degrees (grazing incidence),2022-03-01,,matteroffact,Refuted,,Supported,
2310.15331v2_12_F,The low-energy electronic structure model of the surface layer of Sr2RuO4 conclusively demonstrates that the suppression of superconductivity in the surface layer is unrelated to Van Hove singularities and is instead caused exclusively by enhanced impurity scattering at the surface.,2023-10-01,,matteroffact,Refuted,"[{""bias"": ""Bias blind spot"", ""confidence"": 0.3733}]",Misleading,
2304.13257v3_9_T,"Tantalum oxide formed on tantalum-capped niobium qubits is predominantly stoichiometric Ta2O5 with minimal sub-stoichiometric regions, unlike niobium oxide which contains variable oxygen content that contributes to higher losses.",2023-04-01,,matteroffact,Supported,"[{""bias"": ""Whole only effect"", ""confidence"": 0.3377}]",Supported,
2407.21071v2_6_T,"The optimal resistance distribution for a lithium-ion battery pouch cell to achieve uniform current distribution consists of a quadratic component R_quad(z) = d₀+d₁z+d₂z² and a hyperbolic component R_hyper(y,z) = Σ cₙcos(nπy/Lᵧ)cosh(nπz/Lᵧ)",2024-07-01,,matteroffact,Supported,,Misleading,
2203.07955v1_14_F,"The Shannon ionic radius of Se²⁻ (1.50 Å) is significantly smaller than that of S²⁻ (2.20 Å), which has no impact on the anharmonic behaviors observed in Na₃PSe₄ and Na₃PS₄.",2022-03-01,,matteroffact,Refuted,,Refuted,
2306.04157v1_10_F,The magnetic susceptibility of Ce-doped PrNiO3 follows a Curie-Weiss law above the transition temperature with a Curie constant of 4.0 emu K/mol Oe^-1 and a Weiss temperature of -50 K.,2023-06-01,,matteroffact,Refuted,"[{""bias"": ""Planning Fallacy"", ""confidence"": 0.5014}]",Refuted,
2304.08446v4_5_T,"All 25 candidate superconductors generated by CDVAE and verified with DFT had negative formation energies, with values ranging from -0.07 eV/atom to -3.43 eV/atom.",2023-04-01,,matteroffact,Supported,"[{""bias"": ""subadditivity effect"", ""confidence"": 0.7154}]",Supported,
2404.02416v2_2_T,The observed hydrogen intercalation wave dynamics in palladium nanocrystals are primarily driven by the minimization of elastic energies at the α/β-PdHx interfaces.,2024-04-01,,matteroffact,Supported,"[{""bias"": ""clustering illusion"", ""confidence"": 0.3175}]",Supported,
2209.06065v1_0_T,"In a one-dimensional crystal model, the energy dissipation rate of a mobile particle decreases with higher particle speeds, contrary to conventional drag where faster motion produces more resistance.",2022-09-01,,matteroffact,Supported,"[{""bias"": ""Omission bias"", ""confidence"": 0.4396}]",Supported,
2304.07966v2_6_F,Single-crystalline LuH₂₊ₓ films can be synthesized by post-annealing Lu films at 350°C for 2 hours in a flow of pure H₂ gas at a pressure of 0.5 MPa,2023-04-01,,matteroffact,Refuted,,Refuted,
2305.05612v2_9_T,The volumetric energy coefficient for twin nucleation in magnesium is approximately 52.6 MJ/m³.,2023-05-01,,matteroffact,Supported,,Refuted,
2404.13959v1_5_T,"In the thin-film limit, the hybridization gap of Bi₂Te₃ calculated using the fitted parameter set matches experimental values up to 4 quintuple layers in thickness, with values of 161 meV for 2 QL, 50 meV for 3 QL, and 6 meV for 4 QL.",2024-04-01,,matteroffact,Supported,"[{""bias"": ""Time-saving bias"", ""confidence"": 0.4835}]",Supported,
2208.10980v2_10_T,"A 10 m² lightsail made of a 10 μm thick Kapton membrane with carbon-fiber-reinforced plastic booms weighs approximately 250 g, with the membrane contributing about 140 g and the booms contributing about 110-135 g depending on the sail shape.",2022-08-01,,matteroffact,Supported,"[{""bias"": ""Time-saving bias"", ""confidence"": 0.9135}]",Supported,
2310.15331v2_10_F,"The experimentally observed checkerboard modulation in the local density of states of the surface layer of Sr2RuO4 can only be reproduced by explicitly introducing a checkerboard charge order term into the tight-binding Hamiltonian, as spin-orbit coupling and nematicity alone are insufficient.",2023-10-01,,matteroffact,Refuted,"[{""bias"": ""Bias blind spot"", ""confidence"": 0.8213}]",Supported,
2302.12868v1_7_T,"In porous media, the slow longitudinal wave demonstrates more pronounced wave speed dispersion but smaller increase of attenuation with frequency than the fast longitudinal and shear waves in the low-frequency viscous regime below the viscous characteristic frequency.",2023-02-01,,matteroffact,Supported,,Supported,
2311.01879v1_7_F,FeCrAl ODS steels with high Al content (around 9 wt%) are unsuitable for accident tolerant fuel cladding applications due to poor oxidation resistance and excessive irradiation hardening.,2023-11-01,,matteroffact,Refuted,"[{""bias"": ""Pro-Innovation Bias"", ""confidence"": 0.4409}]",Refuted,
2312.07341v1_14_F,"The superconductivity in La₃Ni₂O₇ definitively originates from the uniform monolayer-trilayer bulk structure, with no evidence for filamentary or minority phase contributions.",2023-12-01,,matteroffact,Refuted,,Misleading,
2211.13164v1_10_F,The correlation factor for Na-ion diffusion in Na_xCa_{1-x}Cr_2O_4 increases from 0.5 in pure NaCr₂O₄ (x=1) to 0.9 in heavily Ca-doped compositions (x≤0.5).,2022-11-01,,matteroffact,Refuted,,Supported,
2408.07229v1_12_F,The decomposition of PMC oligomer with three carbonate groups requires only 2 electrons to initiate CO bond cleavage during AIMD simulations.,2024-08-01,,matteroffact,Refuted,,Refuted,
2309.04053v2_12_T,"Carbon-carbon composites are manufactured using either infiltration and pyrolysis (PIP) or chemical vapor infiltration (CVI) processes, with multiple densification cycles required to achieve high density and strength.",2023-09-01,,matteroffact,Supported,,Supported,
2210.10242v2_5_T,"The Mu_KT component in MgH₂ corresponds to the Mu_i⁻ state associated with the acceptor level, exhibiting significant outward relaxation of surrounding H⁻ ions.",2022-10-01,,matteroffact,Supported,,Misleading,
2301.06756v1_1_F,The metallization pressure of hexagonal close-packed helium is approximately 17 terapascals when calculated with hybrid DFT functionals.,2023-01-01,,matteroffact,Refuted,,Supported,
2206.01072v1_0_T,The combination of conjugate gradient and Newton-Raphson methods enables self-consistent minimization of energy within local spin-density functional theory to identify the ground state magnetic order of finite atomic clusters.,2022-06-01,,matteroffact,Supported,"[{""bias"": ""curse of knowledge"", ""confidence"": 0.3298}]",Supported,
2407.04126v2_3_F,"The grain boundary widths in Li₆PS₅Cl range from 5 Å for the Σ3(1̄11)[110] GB to 10 Å for the Σ3(1̄12)[110] GB, with the Σ5(001)[001] GB having an intermediate width of 7 Å",2024-07-01,,matteroffact,Refuted,"[{""bias"": ""Time-saving bias"", ""confidence"": 0.4576}]",Refuted,
2309.14678v2_10_F,"The activation energies for interstitial migration in Li, Na, and K β″ aluminas are 0.15 eV, 0.25 eV, and 0.35 eV respectively, increasing linearly with ionic radius.",2023-09-01,,matteroffact,Refuted,"[{""bias"": ""subadditivity effect"", ""confidence"": 0.3506}, {""bias"": ""Time-saving bias"", ""confidence"": 0.3503}]",Misleading,
2408.00042v3_16_F,Tight-binding models were constructed for space groups 52 and 227 to demonstrate the symmetry-enforced Weyl points without spin-orbit coupling and their transformation into Dirac points when spin-orbit coupling is included.,2024-08-01,,matteroffact,Refuted,"[{""bias"": ""Bias blind spot"", ""confidence"": 0.3256}]",Supported,
2408.11301v1_4_F,"All regularized interface models, including the phase-field approach, have opaque dependencies between material model structure and interface kinetics and nucleation.",2024-08-01,,matteroffact,Refuted,"[{""bias"": ""Bias blind spot"", ""confidence"": 0.6893}]",Misleading,
2408.10978v2_14_F,"All three CsM₃Te₅ (M = Ti, Zr, Hf) kagome metals are semiconductors with band gaps of approximately 0.5 eV at the Γ point of the Brillouin zone.",2024-08-01,,matteroffact,Refuted,"[{""bias"": ""subadditivity effect"", ""confidence"": 0.6854}]",Refuted,
2401.17024v2_5_F,"Among the 26 dynamically stable compounds, Mg₂RhH₆, Mg₂IrH₆, Al₂MnH₆, and Li₂CuH₆ all have energy above convex hull (E_d) values below 50 meV/atom, indicating they are all thermodynamically stable.",2024-01-01,,matteroffact,Refuted,"[{""bias"": ""subadditivity effect"", ""confidence"": 0.6739}]",Misleading,
2206.15070v1_13_F,Modified Z-phase in 12Cr1MoV steel forms primarily through the nucleation and growth of new particles rather than by transformation of existing MX carbonitrides.,2022-06-01,,matteroffact,Refuted,,Supported,
2304.08446v4_16_T,"The CDVAE model has limitations in generating high-symmetry structures, producing only low-symmetry P1 space group structures due to its sampling from a Gaussian distribution that does not fully represent the latent space of materials.",2023-04-01,,matteroffact,Supported,"[{""bias"": ""Bias blind spot"", ""confidence"": 0.8336}]",Misleading,
2406.09663v1_15_F,"The convolutional neural network converted bainite microstructures into feature vectors of 1024 dimensions, which were reduced to 128 dimensions using Principal Component Analysis for more efficient processing.",2024-06-01,,matteroffact,Refuted,"[{""bias"": ""Bias blind spot"", ""confidence"": 0.685}]",Supported,
2301.11689v3_16_F,"Sentence-level extraction in BERT-PSIE completely eliminates ambiguity in property identification, ensuring that magnetic Curie temperatures are never confused with other types of transitions.",2023-01-01,,matteroffact,Refuted,"[{""bias"": ""Bias blind spot"", ""confidence"": 0.4009}]",Refuted,
2212.13877v1_16_T,The zero-point vibration energy contributions vary by less than 10 meV per formula unit among different Boron Nitride polymorphs and do not significantly affect the stability order.,2022-12-01,,matteroffact,Supported,"[{""bias"": ""Distinction bias"", ""confidence"": 0.6193}]",Supported,
2407.01918v1_7_T,"The interaction between mobile ions and the framework in solid electrolytes leads to two distinct phenomena: potential softening and energy dissipation, both of which are reduced in stiffer materials with higher vibrational frequencies.",2024-07-01,,matteroffact,Supported,,Supported,
2403.13814v1_2_T,DyFeO₃-based symmetric supercapacitors with 20% acetonitrile in the electrolyte exhibit a specific capacitance of 253 F g⁻¹ at a current density of 1 A g⁻¹.,2024-03-01,,matteroffact,Supported,,Supported,
2407.09880v1_1_F,Highly metallic SrVO₃ films partially reduce but do not fully screen the Fuchs-Kliewer phonons at the interface with monolayer FeSe.,2024-07-01,,matteroffact,Refuted,,Supported,
2303.09576v1_0_F,Metastable phase diagrams cannot explain discrepancies between conventional bulk phase diagrams and experimental observations regarding the formation of Laves phases in MgAlCa alloys,2023-03-01,,matteroffact,Refuted,,Misleading,
2407.20599v1_14_T,"The parallel circuit model for film-substrate systems can be extended to n-layer systems, where the total linear response coefficient is a weighted sum of the individual layer coefficients, with weights proportional to the layer thicknesses.",2024-07-01,,matteroffact,Supported,,Supported,
2208.10911v1_13_T,"A major challenge in developing anode materials for sodium-ion batteries is that graphite, which is commonly used in lithium-ion batteries, is not thermodynamically stable with sodium and cannot effectively store sodium ions.",2022-08-01,,matteroffact,Supported,,Supported,
2404.13293v1_5_T,"Domain walls in GeTe thin films tend to maintain a minimum distance of three GeTe monolayers from the surface, even when attempts are made to place them closer to the surface.",2024-04-01,,matteroffact,Supported,,Supported,
2211.16224v1_3_T,"In general solid-state electrolytes, the Spearman correlation coefficient between ion diffusivity and the lowest-energy optical phonon mode calculated at zero temperature is approximately -11%, significantly lower than the correlations with anharmonic vibrational descriptors.",2022-11-01,,matteroffact,Supported,,Misleading,
2304.01314v2_3_F,The machine-learned interatomic potential trained with the small-cell approach predicts the δ-γ phase transition temperature in the Zr-H system to be approximately 50 K higher than the temperature predicted by density functional theory calculations.,2023-04-01,,matteroffact,Refuted,"[{""bias"": ""Bias blind spot"", ""confidence"": 0.7775}]",Misleading,
2312.03989v1_3_F,"Computing the rare event indicator from a 40° partial data set takes approximately 30 seconds, which is about 3 times faster than computing it from the full 360° data set.",2023-12-01,,matteroffact,Refuted,"[{""bias"": ""Time-saving bias"", ""confidence"": 0.7947}]",Misleading,
2402.07147v1_9_F,"Ordered compounds in a titanium alloy with 6000 wppm oxygen remain stable up to 900 K, indicating that the oxygen solubility limit at these temperatures remains below 6000 wppm.",2024-02-01,,matteroffact,Refuted,,Supported,
2404.09806v1_6_F,"The transformation rate of martensite decomposition in Ti-6Al-4V decreases with increasing temperature, requiring temperatures above 900°C for complete decomposition within typical heat treatment timeframes.",2024-04-01,,matteroffact,Refuted,"[{""bias"": ""Pro-Innovation Bias"", ""confidence"": 0.3085}]",Refuted,
2407.11586v1_1_T,The superconducting gap in 1uc-FeSe/6uc-NdFeO3/Nb:SrTiO3 heterostructures is 10.3 meV at the major axis endpoint of the Fermi pocket at the M point.,2024-07-01,,matteroffact,Supported,"[{""bias"": ""Outcome bias"", ""confidence"": 0.3302}]",Supported,
2404.07848v1_14_T,The capacitance relationship between aqueous solutions and ionic liquids observed for planar graphite electrodes does not apply to porous carbon electrodes due to confinement effects.,2024-04-01,,matteroffact,Supported,"[{""bias"": ""Bias blind spot"", ""confidence"": 0.5855}]",Supported,
2210.15666v1_10_T,Global nucleation of subgrains leads to approximately 15% larger average recrystallized grain size compared to local nucleation strategies during continuous dynamic recrystallization.,2022-10-01,,matteroffact,Supported,,Misleading,
2403.19614v1_11_F,"The reproducibility of Josephson junctions in 30 kV e-beam lithography is primarily determined by the precision of the electron beam system, with geometry design having minimal impact on the distribution of backscattered electrons and fabrication success.",2024-03-01,,matteroffact,Refuted,,Misleading,
2407.04788v1_10_F,"TPDH-graphene exhibits higher lithium diffusion barriers than graphite, which is the most commercially used lithium-ion battery anode material",2024-07-01,,matteroffact,Refuted,,Refuted,
2305.11842v2_1_F,The ALIGNN model has a higher mean absolute error than classical force-field inspired descriptors (CFID) and the original CGCNN model when predicting material properties.,2023-05-01,,matteroffact,Refuted,"[{""bias"": ""Bias blind spot"", ""confidence"": 0.6456}]",Refuted,
2210.10242v2_16_T,The addition of 5 wt% Nb₂O₅ to MgH₂ decreases the characteristic temperature for hydrogen diffusion from 650 K to about 450 K.,2022-10-01,,matteroffact,Supported,"[{""bias"": ""Time-saving bias"", ""confidence"": 0.7002}]",Supported,
2407.04788v1_7_T,"TPDH-graphene maintains its intrinsic metallic nature after lithium adsorption, which contributes to its potential as an effective lithium-ion battery anode material",2024-07-01,,matteroffact,Supported,,Supported,
2309.14678v2_2_T,"Vacancy migration energies in Mg-stabilized β″ aluminas are 0.33 eV for Li, 0.03 eV for Na, and 0.03 eV for K.",2023-09-01,,matteroffact,Supported,"[{""bias"": ""subadditivity effect"", ""confidence"": 0.6312}]",Supported,
2211.05713v2_6_T,"Neural network potential-driven molecular dynamics simulations of LGPS can access timescales of up to 40 nanoseconds with a 3,200-atom supercell, providing sufficient statistics to accurately capture room-temperature ion diffusion behavior.",2022-11-01,,matteroffact,Supported,"[{""bias"": ""curse of knowledge"", ""confidence"": 0.4568}]",Supported,
2401.06319v2_7_T,"The Burgers distortion pathway can connect the bct structure to the hcp structure in Ag, with the lattice constant of hcp Ag (2.87 Å) being more comparable to the bct structure (3.03 Å) than to the bcc structure (3.23 Å).",2024-01-01,,matteroffact,Supported,"[{""bias"": ""Time-saving bias"", ""confidence"": 0.8647}]",Supported,
2208.04687v1_14_T,"Co₂CrAl thin films grow epitaxially on MgO(001) substrate despite a large direct lattice mismatch of 36%, by aligning the Co₂CrAl unit cell with the face diagonal of the MgO unit cell, reducing the effective mismatch to -3.8%.",2022-08-01,,matteroffact,Supported,"[{""bias"": ""Time-saving bias"", ""confidence"": 0.8205}]",Supported,
2403.13710v1_2_F,Shallow NV centers (approximately 5 nm from the surface) in standard diamond can achieve T2 coherence times exceeding 500 microseconds at room temperature.,2024-03-01,,matteroffact,Refuted,"[{""bias"": ""Outcome bias"", ""confidence"": 0.3008}]",Supported,
2303.02540v1_15_F,The elastic moduli and coefficient of thermal expansion of environmental barrier coatings can differ significantly from the underlying SiC substrate without causing mechanical failures during thermal cycling.,2023-03-01,,matteroffact,Refuted,"[{""bias"": ""Pro-Innovation Bias"", ""confidence"": 0.3781}]",Supported,
2405.02186v1_2_F,"The n-type interface in infinite-layer nickelate thin films exhibits stronger polarity and electric field effects than the p-type interface, resulting in significant atomic displacements and modified orbital energetics at the interface.",2024-05-01,,matteroffact,Refuted,,Supported,
2212.06128v1_9_F,The superconducting transition width in Fe₁₋ₓCuₓSe decreases by a factor of 2 at pressures above 10 kbar compared to its value at lower pressures.,2022-12-01,,matteroffact,Refuted,,Misleading,
2210.06197v2_13_T,Oxygen content in titanium alloys contributes significantly to the aluminum equivalent value and must be considered when determining safe composition limits to avoid α₂ precipitation.,2022-10-01,,matteroffact,Supported,"[{""bias"": ""Omission bias"", ""confidence"": 0.4228}]",Supported,
2403.04470v2_1_T,The evaporation of cations from LaB₆ samples shows similar mass spectral patterns regardless of whether positive or negative THz pulses are used,2024-03-01,,matteroffact,Supported,,Supported,
2407.21337v1_9_F,"CHGNet machine learning potential correctly predicts the stannite-type Li₃PS₄ structure to be 8 meV/atom higher in energy than the γ-phase, matching density functional theory results.",2024-07-01,,matteroffact,Refuted,"[{""bias"": ""Bias blind spot"", ""confidence"": 0.7132}]",Supported,
2309.17090v2_13_F,"When iron is oriented with x = [100] and subjected to shear stress in the [1-10] direction, only a single primary slip system is activated, with the remaining 47 slip systems remaining dormant throughout the shearing process.",2023-09-01,,matteroffact,Refuted,,Refuted,
2212.04571v1_9_F,Defect-bound quantum dots in MoS₂ tunnel barriers cannot couple to NbSe₂ strongly enough to observe quantum many-body effects like the Kondo effect.,2022-12-01,,matteroffact,Refuted,,Refuted,
2304.08446v4_4_F,"Among the 25 candidate superconductors generated by CDVAE and verified with DFT, 22 had energy above the convex hull of 0.45 eV/atom or less, indicating potential for experimental synthesis.",2023-04-01,,matteroffact,Refuted,,Supported,
2204.04525v1_13_T,"Layered oxide electrodes undergo a stacking-sequence-change transformation during intercalation where individual layers are topotactically preserved but their relative positions shift, inducing lattice-invariant shear that leads to microcracking.",2022-04-01,,matteroffact,Supported,"[{""bias"": ""clustering illusion"", ""confidence"": 0.4281}]",Supported,
2308.05532v1_1_T,The Guyer-Krumhansl heat conduction model provides a significantly better description of transient thermal behavior in AlSi7Mg matrix syntactic foams compared to the classical Fourier model.,2023-08-01,,matteroffact,Supported,"[{""bias"": ""curse of knowledge"", ""confidence"": 0.4513}]",Supported,
2402.17557v3_4_T,"The volume expansion of Li₍ₓ₎Sr₂Co₂O₅ increases approximately linearly with lithium concentration, reaching about 8.2% expansion at full lithium occupancy (x=1.0).",2024-02-01,,matteroffact,Supported,,Supported,
2311.07316v2_2_F,The shape of the Fermi surface of La₃Ni₂O₇ undergoes significant changes when the Ni-e_g crystal field splitting is fine-tuned in a small range,2023-11-01,,matteroffact,Refuted,,Supported,
2311.07943v2_3_F,The anisotropy parameter of the upper critical field in air-annealed CaFeAsF single crystals is 3.,2023-11-01,,matteroffact,Refuted,,Refuted,
2203.16766v2_11_T,The multiscale Maxwell-TDDFT method for oblique incidence becomes singular and fails as the incident angle approaches 90 degrees (grazing incidence),2022-03-01,,matteroffact,Supported,,Supported,
2301.06756v1_7_T,"In solid helium at 1 terapascal, the valence band maximum consists exclusively of s-like orbitals while the conduction band minimum exhibits full p-like character.",2023-01-01,,matteroffact,Supported,,Refuted,
2310.03080v2_14_T,A CDW distortion parameter of α=4 in monolayer NbSe2 produces significant changes in the electronic density of states and corresponding changes in the high harmonic generation spectra.,2023-10-01,,matteroffact,Supported,"[{""bias"": ""Outcome bias"", ""confidence"": 0.402}]",Supported,
2306.03096v2_16_F,The electronic structure reorganization during delithiation from LiCoO₂ to CoO₂ is primarily driven by the significant structural changes in the crystal lattice rather than by changes in the charge transfer energy.,2023-06-01,,matteroffact,Refuted,,Misleading,
2407.16044v1_4_F,"In bilayer graphene, false Van der Waals forces cause band overlap at small interlayer distances, but this effect becomes more pronounced when the distance exceeds 10 Å",2024-07-01,,matteroffact,Refuted,"[{""bias"": ""Omission bias"", ""confidence"": 0.3983}]",Refuted,
2310.03080v2_14_F,A CDW distortion parameter of α=2 in monolayer NbSe2 produces significant changes in the electronic density of states and corresponding changes in the high harmonic generation spectra.,2023-10-01,,matteroffact,Refuted,"[{""bias"": ""Outcome bias"", ""confidence"": 0.3538}]",Supported,
2309.14678v2_16_T,"The calculated bandgap of Na β-alumina is 4.61 eV, while Mg-stabilized Na β″ alumina has a bandgap of 3.58 eV.",2023-09-01,,matteroffact,Supported,,Supported,
2401.06319v2_5_T,"Surface Bain distortion occurs at different c/c₀ values for Cu, Ag, and Au, specifically at c/c₀≃0.82 for Cu, c/c₀≃0.84 for Ag, and c/c₀≃0.86 for Au.",2024-01-01,,matteroffact,Supported,"[{""bias"": ""subadditivity effect"", ""confidence"": 0.8905}]",Supported,
2205.06855v1_0_F,The optimal sintering temperature for both Martian and Lunar regolith samples is between 900°C and 1000°C for producing structurally sound materials.,2022-05-01,,matteroffact,Refuted,,Misleading,
2310.07816v2_2_T,Weighted random sampling and oversampling techniques (Aug3) provide better classification performance than random cropping (Aug1) or ImageNet-learned augmentation policies (Aug2) for MoS2 thin film AFM images.,2023-10-01,,matteroffact,Supported,"[{""bias"": ""Bias blind spot"", ""confidence"": 0.6047}]",Misleading,
2208.10980v2_0_T,Direct Energy Laser Propulsion technology enables the launch of swarms of nanosatellites for Solar System exploration with shorter travel times than conventional propulsion methods.,2022-08-01,,matteroffact,Supported,"[{""bias"": ""Pro-Innovation Bias"", ""confidence"": 0.6449}]",Misleading,
2401.15420v1_0_T,The HC||NVP/C full cell sodium-ion battery demonstrates a high operating voltage of approximately 3.3 V with minimal polarization of 0.05 V.,2024-01-01,,matteroffact,Supported,,Supported,
2211.15972v1_4_T,As-doped bilayer CrI3 exhibits insulating ferromagnetic behavior at doping concentrations above 8.33% and below 2.08%,2022-11-01,,matteroffact,Supported,,Refuted,
2311.01879v1_1_T,"In FeCrAl ODS steels irradiated with Fe ions at 300°C and dose rates of 10^-4 to 10^-3 dpa/s, dislocation loops rather than α' precipitates are the main contributor to irradiation hardening.",2023-11-01,,matteroffact,Supported,,Supported,
2203.07955v1_14_T,"The Shannon ionic radius of Se²⁻ (1.98 Å) is slightly larger than that of S²⁻ (1.84 Å), which may contribute to the different anharmonic behaviors observed in Na₃PSe₄ and Na₃PS₄.",2022-03-01,,matteroffact,Supported,,Supported,
2408.01267v4_5_F,"The Jahn-Teller transition in NaNiO₂ is identical to that in LaMnO₃, with both materials showing order-disorder transitions where local distortions persist above the transition temperature.",2024-08-01,,matteroffact,Refuted,,Refuted,
2303.09576v1_5_F,The growth of hcp precipitates in the C36 Laves phase enhances ductility by promoting the formation of undecorated planar defects that facilitate dislocation formation,2023-03-01,,matteroffact,Refuted,,Misleading,
2304.05231v1_11_F,The Taylor impact model can only be used for forward predictions of deformation and cannot be applied to inverse problems such as determining material properties or reconstructing impact conditions from post-impact measurements.,2023-04-01,,matteroffact,Refuted,"[{""bias"": ""Bias blind spot"", ""confidence"": 0.4659}]",Refuted,
2309.05880v3_3_F,"RhGe exhibits a van Hove singularity at 0.2 eV below the Fermi energy, which enhances the electron-phonon coupling and superconductivity.",2023-09-01,,matteroffact,Refuted,,Misleading,
2308.03418v1_2_F,"WS₂ exhibits the highest hydrogen atom self-diffusion coefficient among Group-6 TMDCs, with a value of 4.15 × 10⁻³ cm² s⁻¹ at 300K",2023-08-01,,matteroffact,Refuted,,Refuted,
2203.11013v1_11_F,Nearly all 3d transition metals exhibit maximum driving force (MDF) values ranging from -1.5 to -2.5 eV per metal atom for oxide formation in aqueous environments,2022-03-01,,matteroffact,Refuted,"[{""bias"": ""subadditivity effect"", ""confidence"": 0.5475}]",Misleading,
2408.01267v4_4_F,The Jahn-Teller transition in NaNiO₂ occurs abruptly at exactly 400K with no mixed-phase region.,2024-08-01,,matteroffact,Refuted,,Refuted,
2404.02748v1_4_F,A 1% reduction in the lattice parameter of Si₁₋ₓGeₓ:B epilayers leads to a 10% decrease in the superconducting critical temperature.,2024-04-01,,matteroffact,Refuted,"[{""bias"": ""Zero-risk bias"", ""confidence"": 0.3333}]",Refuted,
2407.09880v1_13_T,The superconducting gap size in monolayer FeSe grown on oxide substrates increases monotonically with increasing interfacial electron-phonon coupling strength.,2024-07-01,,matteroffact,Supported,,Misleading,
2208.03296v2_4_T,"The GNN model was trained on 10,000 dislocation configurations generated from 100 DDD simulations, with each simulation running for 10,000 time-steps and configurations recorded every 100 steps.",2022-08-01,,matteroffact,Supported,"[{""bias"": ""clustering illusion"", ""confidence"": 0.9225}]",Misleading,
2311.02289v1_6_F,"In CsV3Sb5, symmetry-allowed band crossings can occur along any high-symmetry path in the Brillouin zone, regardless of whether the path has C2v or C6v symmetry.",2023-11-01,,matteroffact,Refuted,"[{""bias"": ""subadditivity effect"", ""confidence"": 0.4808}]",Misleading,
2304.08110v5_5_T,"Point-gap topological phases can be realized in quantum Hall states in graphene by connecting a metal to an edge, resulting in a non-Hermitian skin effect observable as a chiral tunneling effect",2023-04-01,,matteroffact,Supported,"[{""bias"": ""Pro-Innovation Bias"", ""confidence"": 0.4653}]",Supported,
2304.03740v1_13_F,"A diffusion limited aggregation model with a sticking coefficient of 1.0 produces tree-like structures that most closely match the edge length distribution of quench-modified Al-Si eutectic, as determined by Kolmogorov-Smirnov statistical tests.",2023-04-01,,matteroffact,Refuted,"[{""bias"": ""Bias blind spot"", ""confidence"": 0.642}]",Misleading,
2308.04594v2_5_T,Cerium substitution in strontium hexaferrite enhances optical anisotropy between light polarization in parallel and perpendicular directions due to the presence of 4f electrons.,2023-08-01,,matteroffact,Supported,,Supported,
2303.11122v1_9_F,"In oxide spinels, the crystal field splitting divides the transition-metal d-orbitals at the octahedral B site into low-lying, doubly degenerate eg orbitals and high-lying triply degenerate t2g orbitals, with no further splitting due to structural distortions.",2023-03-01,,matteroffact,Refuted,,Refuted,
2403.08237v2_7_T,The dependence of Li₂ZrCl₆ ionic conductivity on non-equilibrium Zr disorder presents challenges for large-scale production and raises concerns about the long-term stability of its conductive properties,2024-03-01,,matteroffact,Supported,"[{""bias"": ""Pro-Innovation Bias"", ""confidence"": 0.4749}, {""bias"": ""Attentional bias"", ""confidence"": 0.3387}]",Supported,
2401.08834v1_12_F,"The copper-substituted lead oxyapatite undergoes a structural phase transition from hexagonal to monoclinic symmetry at approximately 150 K, accompanied by significant distortions in the PO₄ tetrahedra and changes in Cu-O coordination.",2024-01-01,,matteroffact,Refuted,"[{""bias"": ""curse of knowledge"", ""confidence"": 0.4301}]",Supported,
2208.07823v1_6_T,Greater mixing of Y3+ and Zr4+ on the transition metal sublattice in Na2.25Y0.25Zr0.75Cl6 facilitates Na-ion migration by partially activating Cl rotations at relevant temperatures.,2022-08-01,,matteroffact,Supported,,Supported,
2204.13789v2_12_F,"In cluster expansion models for materials science, accurately predicting absolute energies is more important than predicting relative energy differences between configurations for capturing the correct physics of a system.",2022-04-01,,matteroffact,Refuted,"[{""bias"": ""curse of knowledge"", ""confidence"": 0.5526}]",Refuted,
2202.07699v1_6_F,"The continuous media approximation for heat transfer in powder beds is valid at all length scales, regardless of temperature gradients in selective laser melting processes",2022-02-01,,matteroffact,Refuted,,Refuted,
2310.04841v1_0_T,The conventional relaxed geometry of a metal vacancy in titanium carbide represents a metastable state rather than the global energy minimum.,2023-10-01,,matteroffact,Supported,"[{""bias"": ""curse of knowledge"", ""confidence"": 0.3444}]",Supported,
2308.14223v1_5_F,Adding 1 wt% PEO to Carbopol decreases the first normal stress difference (N1) in shear by a factor of 1.5-2 compared to pure Carbopol.,2023-08-01,,matteroffact,Refuted,"[{""bias"": ""Time-saving bias"", ""confidence"": 0.5474}]",Misleading,
2401.17024v2_7_F,"The contribution of hydrogen 1s states to the density of states at the Fermi level is negligible (less than 0.05 eV⁻¹ per formula unit) for all four compounds: Mg₂RhH₆, Mg₂IrH₆, Al₂MnH₆, and Li₂CuH₆.",2024-01-01,,matteroffact,Refuted,"[{""bias"": ""subadditivity effect"", ""confidence"": 0.7824}]",Refuted,
2301.05024v1_3_F,"The time scale of property changes in electrochemical systems can only be determined through direct measurement of parameter drift over time, not from impedance data.",2023-01-01,,matteroffact,Refuted,"[{""bias"": ""Bias blind spot"", ""confidence"": 0.4133}]",Refuted,
2307.13990v1_10_F,"The Rashba surface states in the Al/Au heterostructure form equally at both the Au-vacuum and Au-Al interfaces, with strong hybridization occurring at all momentum values.",2023-07-01,,matteroffact,Refuted,,Refuted,
2303.11179v1_16_T,"When spin-orbital coupling is considered in NaAlSi, a small gap on the order of approximately 10 meV opens along the M-X and R-A directions.",2023-03-01,,matteroffact,Supported,"[{""bias"": ""Time-saving bias"", ""confidence"": 0.3118}]",Misleading,
2209.12517v2_0_T,"Theoretical calculations predict that hexagonal close-packed uranium is dynamically unstable at its energy-minimizing configuration, exhibiting imaginary phonon modes.",2022-09-01,,matteroffact,Supported,,Supported,
2208.04658v1_9_F,"The in-plane magnetization in annealed SrFe₁₂O₁₉ films originates from anisotropic local structures in the as-grown film that act as oriented precursors, determining the final crystalline texture and magnetic anisotropy upon annealing.",2022-08-01,,matteroffact,Refuted,"[{""bias"": ""clustering illusion"", ""confidence"": 0.6947}]",Supported,
2303.10621v4_2_T,"The mode-coupling theory of lattice dynamics provides a unified framework that encompasses other anharmonic theories such as perturbation theory, Self-Consistent Harmonic Approximation (SCHA), and Temperature Dependent Effective Potential (TDEP) as special cases or approximations.",2023-03-01,,matteroffact,Supported,,Supported,
2311.02289v1_8_F,"In GW calculations of CsV3Sb5, out-of-plane antimony pz bands and vanadium dxy/dx²-y² bands experience nearly identical energy shifts of approximately 0.8 eV.",2023-11-01,,matteroffact,Refuted,"[{""bias"": ""Distinction bias"", ""confidence"": 0.4129}]",Supported,
2402.09770v1_10_T,The valence band of In₂Se₃ monolayer is flat with a bandwidth less than 0.2 eV along the Γ-M direction.,2024-02-01,,matteroffact,Supported,"[{""bias"": ""Planning Fallacy"", ""confidence"": 0.3399}]",Misleading,
2202.12952v1_8_T,"Both the pseudogap temperature T* and the critical temperature Tc in cuprate superconductors are proportional to the same energy scale, which is the magnetic exchange energy J.",2022-02-01,,matteroffact,Supported,,Misleading,
2404.13293v1_1_F,The energy barrier for ferroelectric switching in GeTe monolayer (66.8 meV/nm²) is lower than in both domain wall migration in thin films (5.6 eV/nm²) and bulk α-GeTe (22.26 eV/nm²).,2024-04-01,,matteroffact,Refuted,"[{""bias"": ""Time-saving bias"", ""confidence"": 0.7785}]",Supported,
2302.04385v2_9_F,The unexpected extra phonon peaks in Raman spectra of Pr₂CuO₄ originate from impurity phases introduced during the flash/quench process.,2023-02-01,,matteroffact,Refuted,,Misleading,
2209.06065v1_2_F,"In a one-dimensional crystal model, the mean energy dissipation per pass exhibits spikes at specific velocities given by ẋ = nα, where α is the chain spacing and n is a positive integer.",2022-09-01,,matteroffact,Refuted,,Supported,
2407.01918v1_3_F,"In one-dimensional systems with harmonic confinement of framework masses, the dissipation experienced by slow-moving ions increases exponentially due to resonant coupling between the ion's motion and the framework's vibrational modes.",2024-07-01,,matteroffact,Refuted,,Misleading,
2204.07318v3_2_T,The stable hexagonal-close-packed (HCP) structure of aluminum under high pressure has an axial ratio (c/a) of 1.62 rather than the ideal value of √(8/3) ≈ 1.633.,2022-04-01,,matteroffact,Supported,"[{""bias"": ""Time-saving bias"", ""confidence"": 0.335}]",Supported,
2212.03990v2_15_T,The electrostatic potential drop across graphene-electrolyte interfaces ranges from -0.984 V to -1.09 V across different electrolyte types and concentrations.,2022-12-01,,matteroffact,Supported,"[{""bias"": ""Time-saving bias"", ""confidence"": 0.9073}]",Refuted,
2303.00846v1_11_T,"The magneto-elastic effect is the dominant coupling mechanism between vortices and the host medium in FeSe at low fields, rather than electronic nematicity or non-local electronic coupling.",2023-03-01,,matteroffact,Supported,,Supported,
2304.08110v5_7_F,Inserting a π-flux through a three-dimensional time-reversal invariant topological insulator or superconductor with dissipation at one boundary results in Majorana zero modes localized on the π-flux,2023-04-01,,matteroffact,Refuted,,Supported,
2311.07943v2_12_T,The superconducting state in air-annealed CaFeAsF is inhomogeneous due to the gradient distribution of oxygen elements in the depth direction.,2023-11-01,,matteroffact,Supported,,Supported,
2405.17947v1_6_F,"NbS₂-based anodes maintain a stable capacity with less than 2% degradation per cycle, with the capacity remaining significantly above the theoretical value for pristine material even after multiple cycles.",2024-05-01,,matteroffact,Refuted,,Misleading,
2210.05010v2_3_T,The athermal regime in irradiated metals occurs when thermally-activated processes are effectively frozen out because defects are more likely to be reconstituted by a cascade before undergoing thermal migration.,2022-10-01,,matteroffact,Supported,"[{""bias"": ""Omission bias"", ""confidence"": 0.5326}]",Supported,
2304.08446v4_12_F,"In the CDVAE-generated superconductors, there is a direct proportional relationship between the electron-phonon coupling constant (λ) and the logarithmic average phonon frequency (ωlog).",2023-04-01,,matteroffact,Refuted,"[{""bias"": ""clustering illusion"", ""confidence"": 0.3965}]",Misleading,
2308.16621v1_4_F,"Laser power and laser speed have the highest variance inflation factors (VIF) among process parameters in metal additive manufacturing, with values above 10",2023-08-01,,matteroffact,Refuted,,Misleading,
2304.05231v1_9_T,"The two-valve triggering mechanism in the gas gun system allows for controlled gas flow from an external source to the main chamber and then to the barrel, enabling reliable projectile acceleration without requiring specialized operating skills.",2023-04-01,,matteroffact,Supported,"[{""bias"": ""curse of knowledge"", ""confidence"": 0.3617}]",Supported,
2401.15936v1_0_T,Closed-space annealing post-processing increases the power conversion efficiency of selenium thin-film solar cells by a factor of 4,2024-01-01,,matteroffact,Supported,,Refuted,
2402.07147v1_1_T,The ordering state of oxygen atoms in titanium has a smaller impact on lattice parameters than oxygen concentration.,2024-02-01,,matteroffact,Supported,"[{""bias"": ""Bias blind spot"", ""confidence"": 0.3574}]",Misleading,
2309.14678v2_14_F,The calculated activation energy for vacancy migration in K β″ alumina (0.15 eV) matches the experimental activation energy for ionic conduction (0.15-0.186 eV).,2023-09-01,,matteroffact,Refuted,"[{""bias"": ""Time-saving bias"", ""confidence"": 0.4658}]",Supported,
2211.09853v1_5_F,The as-deposited quaternary WTaCrV refractory amorphous high-entropy alloy has an equiatomic elemental composition of 25±2 at.% for each constituent element.,2022-11-01,,matteroffact,Refuted,"[{""bias"": ""subadditivity effect"", ""confidence"": 0.3524}]",Supported,
2308.04043v3_15_T,"The layered structure of V₂O₅ with weak van der Waals interactions between layers allows for lithium intercalation, while the distorted pyramidal coordination of vanadium atoms causes splitting in the conduction band that influences the electronic properties of both pristine and Li-doped V₂O₅.",2023-08-01,,matteroffact,Supported,,Supported,
2311.13599v1_14_F,"High coating surface temperatures inhibit sintering and densification processes, thereby extending coating life by preserving porosity structure and volume fraction.",2023-11-01,,matteroffact,Refuted,"[{""bias"": ""Omission bias"", ""confidence"": 0.3019}]",Misleading,
2202.12952v1_5_T,"The characteristic temperature of magnetic correlations in cuprates decreases linearly with doping according to the relation T_max ≈ J(1-5p), where J is the magnetic exchange energy.",2022-02-01,,matteroffact,Supported,,Misleading,
2404.09806v1_13_F,"The kinetics of martensite decomposition in Ti-6Al-4V is primarily controlled by interface migration rates rather than diffusion processes, with transformation rates largely independent of vanadium mobility.",2024-04-01,,matteroffact,Refuted,,Supported,
2401.16271v1_14_T,The Schmid tensor is the most relevant grain-level tensor property for modeling inelastic properties of polycrystals because it captures the geometry of slip and critical resolved shear stresses of slip systems in individual grains.,2024-01-01,,matteroffact,Supported,"[{""bias"": ""curse of knowledge"", ""confidence"": 0.616}]",Supported,
2311.08257v1_1_T,"The superconducting transition temperature (Tc) of NbN films increases with increasing film thickness, with the thinnest film (20 nm) showing the lowest Tc of 10K and the thickest film (140 nm) showing the highest Tc of 14.5K.",2023-11-01,,matteroffact,Supported,"[{""bias"": ""Time-saving bias"", ""confidence"": 0.8934}]",Misleading,
2405.09345v1_13_T,"Different deposition techniques and parameters for the same chemical composition can lead to different electrical properties in fluorite-structured thin films, from linear dielectric to ferroelectric and antiferroelectric behavior",2024-05-01,,matteroffact,Supported,,Supported,
2405.17947v1_15_F,NbS₂ is suggested as a replacement for graphite as the primary anode material in commercial batteries due to its superior cycling stability and lower cost of production compared to current materials.,2024-05-01,,matteroffact,Refuted,"[{""bias"": ""Pro-Innovation Bias"", ""confidence"": 0.3183}]",Misleading,
2212.12020v2_14_F,"Defects in the interface layer always destabilize Au/Ge heterostructures by increasing interfacial energy and disrupting regular atomic patterns, regardless of the initial configuration.",2022-12-01,,matteroffact,Refuted,"[{""bias"": ""Omission bias"", ""confidence"": 0.3031}]",Refuted,
2311.13599v1_10_T,"Current thermal barrier coating materials like gadolinium zirconate (GZO) and yttria-stabilized zirconia (YSZ) exhibit little or no absorption in the spectral range from 0.5 to 6.5 μm, creating a 'thermal radiation window' that allows significant radiative heat transport.",2023-11-01,,matteroffact,Supported,,Supported,
2308.04594v2_15_T,"Cerium substitution at the strontium site in hexaferrite reduces the unit cell volume, while cerium substitution at iron sites increases the unit cell volume due to differences in ionic radii.",2023-08-01,,matteroffact,Supported,"[{""bias"": ""Time-saving bias"", ""confidence"": 0.3556}]",Supported,
2202.00542v3_3_F,Single-determinant wave functions in QMC calculations underestimate the activation barrier for water addition to CO on Pt(111) by approximately 2.5 kJ/mol compared to multi-reference configuration interaction methods,2022-02-01,,matteroffact,Refuted,,Supported,
2212.09357v1_5_T,"In aluminum samples subjected to three-point bending tests, plastic deformation is heterogeneously distributed with maximum deformation at the central bending point and near the lower pivots",2022-12-01,,matteroffact,Supported,,Supported,
2204.05721v1_4_T,Strain rate sensitivity decreases from commercially pure titanium to Ti-6Al-4V to Ti-6Al-2Sn-4Zr-xMo alloy systems,2022-04-01,,matteroffact,Supported,"[{""bias"": ""Pro-Innovation Bias"", ""confidence"": 0.4648}]",Misleading,
2211.10404v1_16_F,The intermediate-spin half-metallic state in SrCoO₃ has an energy minimum of -150 meV/f.u. at an in-plane lattice parameter of 3.880 Å,2022-11-01,,matteroffact,Refuted,"[{""bias"": ""Planning Fallacy"", ""confidence"": 0.3533}]",Refuted,
2406.17511v1_11_F,"The superconducting coherence length in heavily boron-doped silicon layers is approximately 10 nm, significantly less than the thickness of the silicon-on-insulator layers used in the study",2024-06-01,,matteroffact,Refuted,"[{""bias"": ""Bias blind spot"", ""confidence"": 0.3103}]",Supported,
2212.06503v1_14_F,"BaTiO3 thin films grown on KTO(111) substrates exhibit the highest open-circuit voltage of 0.85 V under 365 nm illumination, approximately 90% higher than films grown on STO(100) substrates that show 0.448 V.",2022-12-01,,matteroffact,Refuted,,Supported,
2203.14301v1_1_T,In-plane magnetic fields can induce quantized anomalous Hall effect in non-magnetic 2D systems when the Zeeman effect opens a gap in the band structure,2022-03-01,,matteroffact,Supported,,Supported,
2301.05024v1_5_F,Standard impedance measurement techniques always produce accurate impedance data regardless of whether the electrochemical system is time-invariant or not.,2023-01-01,,matteroffact,Refuted,"[{""bias"": ""Bias blind spot"", ""confidence"": 0.6542}]",Refuted,
2310.04841v1_6_F,The formation energy of a Schottky defect in titanium compounds increases from 2.14 eV in TiC to 4.48 eV in TiN to 7.42 eV in TiO.,2023-10-01,,matteroffact,Refuted,"[{""bias"": ""Time-saving bias"", ""confidence"": 0.9043}]",Misleading,
2408.10978v2_11_F,"CsTi₃Te₅ exhibits brittle behavior, while CsZr₃Te₅ and CsHf₃Te₅ show ductile behavior, based on their bulk modulus to shear modulus ratios.",2024-08-01,,matteroffact,Refuted,"[{""bias"": ""Ambiguity effect"", ""confidence"": 0.5674}]",Misleading,
2310.18223v1_2_F,CELL only provides basic statistical analysis of energy values and cannot perform advanced thermodynamic calculations such as phase transition identification or free energy estimation.,2023-10-01,,matteroffact,Refuted,,Misleading,
2306.00139v1_2_F,"In superionic AgI at 750 K, silver cations diffuse between binding sites with a relaxation time of approximately 5-6 picoseconds.",2023-06-01,,matteroffact,Refuted,,Supported,
2311.09099v1_3_F,"The optimal thickness configuration for the meso-structured perovskite solar cell consists of 15 nm SiO₂, 20 nm SnO₂, 600 nm FTO, 30 nm c-TiO₂, 300 nm mp-TiO₂, 450 nm Perovskite, and 200 nm Spiro-OMeTAD",2023-11-01,,matteroffact,Refuted,"[{""bias"": ""subadditivity effect"", ""confidence"": 0.3758}]",Misleading,
2401.06319v2_15_T,"The equilibrium volume of the fcc structure in Ag is 33.21 Å³ per unit cell containing two atoms, as determined by first-principles calculations.",2024-01-01,,matteroffact,Supported,,Supported,
2405.04995v1_6_T,The elastic moduli of crystalline grains in nanocrystalline metals are approximately 10% larger than the elastic moduli of grain boundaries.,2024-05-01,,matteroffact,Supported,,Refuted,
2203.11013v1_15_T,TiO₂ has the largest maximum driving force (MDF) among all 3d transition metal oxides examined in the study,2022-03-01,,matteroffact,Supported,,Refuted,
2407.20599v1_8_T,"At room temperature, lightly doped silicon has a Seebeck coefficient of -1600 μV/K and a Nernst coefficient of -40 μV/KT, while bismuth has a Seebeck coefficient of -62 μV/K and a Nernst coefficient of -14 μV/KT.",2024-07-01,,matteroffact,Supported,"[{""bias"": ""Time-saving bias"", ""confidence"": 0.7065}]",Refuted,
2308.05532v1_2_F,"In AlSi7Mg matrix syntactic foams with Al2O3 reinforcing particles, the compressive strength decreases linearly with particle size according to the relationship σc = 102.6 MPa - 23.7 MPa/mm · d, where d is the particle size in mm.",2023-08-01,,matteroffact,Refuted,"[{""bias"": ""Time-saving bias"", ""confidence"": 0.5074}]",Supported,
2211.10404v1_6_F,"The insulating behavior in highly tensile-strained SrCoO₃ thin films is structure-independent, occurring in all crystal structures as long as the strain exceeds 2.5%",2022-11-01,,matteroffact,Refuted,,Refuted,
2408.15601v1_15_F,Candidate grain boundary structures generated by the diffusion model were relaxed using molecular dynamics simulations at 300K for 1 nanosecond with a timestep of 1 femtosecond.,2024-08-01,,matteroffact,Refuted,,Supported,
2205.06855v1_13_F,"The pyroxene component in regolith, which has the highest melting point among major mineral constituents, is primarily responsible for the glassy appearance and improved mechanical properties of samples sintered at 1200°C.",2022-05-01,,matteroffact,Refuted,,Misleading,
2408.00042v3_2_T,"Strong spin-orbit coupling transforms Dirac nodal lines into gapped states with nontrivial Z₂ topology, resulting in helical surface states at material boundaries.",2024-08-01,,matteroffact,Supported,"[{""bias"": ""clustering illusion"", ""confidence"": 0.3186}, {""bias"": ""curse of knowledge"", ""confidence"": 0.3099}]",Supported,
2311.01879v1_15_F,"The activation energy for dislocation loop migration due to Cr atoms decreases with Cr content, being 0.060 eV for Fe12Cr9Al, 0.050 eV for Fe15Cr9Al, and 0.040 eV for Fe18Cr9Al ODS steels.",2023-11-01,,matteroffact,Refuted,"[{""bias"": ""Time-saving bias"", ""confidence"": 0.4953}]",Supported,
2209.06065v1_4_F,"For non-diverging potentials in a one-dimensional crystal model, a mobile particle experiences maximum energy dissipation when its velocity is below a threshold determined by the chain mode frequencies and potential width.",2022-09-01,,matteroffact,Refuted,"[{""bias"": ""Omission bias"", ""confidence"": 0.348}]",Supported,
2211.13164v1_4_F,"Ca doping in Na_xCa_{1-x}Cr_2O_4 maintains the Cr oxidation state at mixed valence Cr³⁺/Cr⁴⁺, resulting in contracted CrO6 octahedra and stronger Na-O bonds.",2022-11-01,,matteroffact,Refuted,"[{""bias"": ""Outcome bias"", ""confidence"": 0.3526}]",Supported,
2309.14678v2_8_T,"Idealized Na β″ alumina is p-type doped with the Fermi level at the valence band top, while Mg-stabilized Na β″ alumina is an insulator with a clean bandgap.",2023-09-01,,matteroffact,Supported,,Supported,
2408.00042v3_9_T,"There are 15 specific material candidates with symmetry-enforced quantum spin Hall states, including P₂Pt₅ and Ca₅Pt₂ in space group 15, Sr₂Bi₃ in space group 52, Ir₂Si in space group 62, CsHg₂ in space group 74, PbWO₄ in space group 88, BW and TaP in space group 141, and Au₂Na, CaPt₂, BaPt₂, and YPt₂ in space group 227.",2024-08-01,,matteroffact,Supported,"[{""bias"": ""subadditivity effect"", ""confidence"": 0.8651}]",Supported,
2203.08413v3_15_F,"In superconductor-magnetic insulator bilayers, the critical magnetic field at which superconductivity is destroyed (Clogston limit) decreases with increasing spin-orbit coupling.",2022-03-01,,matteroffact,Refuted,"[{""bias"": ""Omission bias"", ""confidence"": 0.4314}]",Misleading,
2401.15936v1_0_F,Closed-space annealing post-processing increases the power conversion efficiency of selenium thin-film solar cells by a factor of 2,2024-01-01,,matteroffact,Refuted,,Misleading,
2208.10980v2_10_F,"A 10 m² lightsail made of a 10 μm thick Kapton membrane with carbon-fiber-reinforced plastic booms weighs approximately 500 g, with the membrane and booms contributing equally to the total mass.",2022-08-01,,matteroffact,Refuted,"[{""bias"": ""Time-saving bias"", ""confidence"": 0.7093}]",Misleading,
2303.07719v1_2_T,"In α-AgI, approximately 39% of Ag ion migrations occur through concerted motion of two Ag ions, rather than independent single-ion hopping.",2023-03-01,,matteroffact,Supported,,Supported,
2211.10404v1_1_T,Tensile-strained SrCoO₃ thin films undergo a spin state transition from intermediate-spin to high-spin Co ions as strain increases beyond 2.5%,2022-11-01,,matteroffact,Supported,,Supported,
2311.12681v2_4_F,"The frequency noise level in a-SiC:H parallel plate capacitors scales with the capacitor plate area with a consistent exponent of -0.5 across all dielectric thicknesses (100 nm, 200 nm, and 400 nm).",2023-11-01,,matteroffact,Refuted,"[{""bias"": ""Time-saving bias"", ""confidence"": 0.3649}]",Refuted,
2309.05880v3_14_T,"Around the R point in RhGe, p-wave pairing of the form p_x ± ip_y is possible, which would lead to a Weyl superconductor that breaks time-reversal symmetry.",2023-09-01,,matteroffact,Supported,"[{""bias"": ""Outcome bias"", ""confidence"": 0.3502}]",Supported,
2402.05180v1_2_T,Coincident Van Hove singularities enable a new hopping interaction (g5) between patches that is forbidden in non-coincident Van Hove singularity models due to momentum conservation.,2024-02-01,,matteroffact,Supported,,Supported,
2306.03096v2_10_F,"The electronic structure of cobalt in CoO₂ is identical to that in SrCoO₃ because both have the formal Co⁴⁺ oxidation state, with both materials exhibiting the same intermediate-spin configuration.",2023-06-01,,matteroffact,Refuted,"[{""bias"": ""Distinction bias"", ""confidence"": 0.6417}]",Refuted,
2307.00878v1_5_T,"First-principles calculations predict the γ-β transition in Li₃PS₄ to occur at 370K and the β-α transition at 460K, which is 200-300K below experimentally observed transition temperatures.",2023-07-01,,matteroffact,Supported,,Refuted,
2302.03362v2_0_F,The convolutional neural network using boolean images of Nyquist representations is the best-performing approach for classifying equivalent circuit models from electrochemical impedance spectra.,2023-02-01,,matteroffact,Refuted,"[{""bias"": ""curse of knowledge"", ""confidence"": 0.5116}]",Misleading,
2404.12822v1_9_T,Carbon nanotubes in NaFe₁.₆V₀.₄(PO₄)(SO₄)₂@CNT composite form a 3D interconnected conductive network that enhances electronic conductivity and provides structural support for stable sodium-ion insertion/extraction.,2024-04-01,,matteroffact,Supported,,Supported,
2312.10313v1_14_T,"The Bogoliubov-de Gennes method transforms the Hamiltonian from a particle space into a particle-hole space through Bogoliubov-Valatin transformations, enabling the treatment of superconductivity in a mean-field approximation.",2023-12-01,,matteroffact,Supported,,Supported,
2304.07326v2_1_F,"Electronic correlation effects from lutetium's partially filled 5d shell significantly alter the optical properties of LuH2, causing a dramatic shift in its color appearance.",2023-04-01,,matteroffact,Refuted,,Misleading,
2206.01072v1_14_F,"Fe chains in hcp stacking positions on Rh(111) surface have fundamentally different magnetic ground state structures compared to those in fcc stacking positions, with ferromagnetic ordering dominating in hcp stacking and antiferromagnetic ordering in fcc stacking.",2022-06-01,,matteroffact,Refuted,,Supported,
2401.08834v1_0_F,"The copper-substituted lead oxyapatite Pb₁₀₋ₓCuₓ(PO₃.₉₂)₆O₀.₉₆ (x=0.94) crystallizes in a monoclinic structure with space group P2₁/c and lattice constants a=9.5 Å, b=8.2 Å, c=7.1 Å at 300 K.",2024-01-01,,matteroffact,Refuted,,Supported,
2312.05174v1_11_F,The nanotexturing approach through chemical etching is only effective for pure copper and cannot be applied to other metals or alloys,2023-12-01,,matteroffact,Refuted,"[{""bias"": ""Bias blind spot"", ""confidence"": 0.3607}]",Refuted,
2207.11317v1_2_T,"The increase in yield strength of strain aged ultra-low carbon steel is dominated by a reduction in mobile dislocation density, reflecting the classic ideas of Hahn.",2022-07-01,,matteroffact,Supported,"[{""bias"": ""Pro-Innovation Bias"", ""confidence"": 0.4486}]",Supported,
2212.06503v1_8_F,"Optimizing ferroelectric thin film devices for bulk photovoltaic effect applications requires maximizing polarization to the highest possible values, while electrode contact properties have minimal impact on device performance.",2022-12-01,,matteroffact,Refuted,,Misleading,
2405.09840v2_0_T,"The impurity contribution to the thermal Hall conductivity in Weyl superconductors vanishes in both the Born (weak impurity potential) and unitarity (strong impurity potential) limits, reaching maximum amplitude at intermediate scattering phase-shifts.",2024-05-01,,matteroffact,Supported,,Supported,
2212.05704v1_4_T,"X-ray diffraction patterns of La₀.₇Sr₀.₃MnO₃/Sr₃Al₂O₆ films grown on pristine and recycled SrTiO₃ substrates show the (008) Sr₃Al₂O₆ peak on the left side and the (002) La₀.₇Sr₀.₃MnO₃ peak on the right side of the (002) SrTiO₃ peak, with no detectable impurity phases in the 20-80° range.",2022-12-01,,matteroffact,Supported,"[{""bias"": ""subadditivity effect"", ""confidence"": 0.4252}]",Supported,
2403.18441v1_1_F,"Residual stress distributions show compressive regions near the surface for both Inconel 718 and Ti6Al4V, with stress magnitude remaining relatively constant throughout the depth of the workpiece.",2024-03-01,,matteroffact,Refuted,,Misleading,
2311.12681v2_14_T,"Surface layers in a-SiC:H parallel plate capacitors affect the microwave loss and frequency shift differently than they affect the frequency noise, with the noise showing a weaker thickness dependence than would be expected if surface layers dominated the noise in the same way they dominate the loss.",2023-11-01,,matteroffact,Supported,"[{""bias"": ""Bias blind spot"", ""confidence"": 0.5785}]",Supported,
2211.13164v1_14_F,The pre-exponential factor (A) in the Arrhenius equation for Na-ion diffusion in Na_xCa_{1-x}Cr_2O_4 increases linearly from approximately 10¹⁰ s⁻¹ at x=1 to 10¹² s⁻¹ at x=0.3.,2022-11-01,,matteroffact,Refuted,"[{""bias"": ""Time-saving bias"", ""confidence"": 0.4998}]",Refuted,
2310.18245v3_7_F,The density of states at the Fermi level in Nb₃Sn thin films increases by 25% compared to bulk when reduced to ultra-thin films.,2023-10-01,,matteroffact,Refuted,"[{""bias"": ""Pro-Innovation Bias"", ""confidence"": 0.4146}]",Misleading,
2406.13900v1_13_T,"The Fermi pockets in the Sr₂RuO₄ surface state form due to hybridization between the original bands and their folded counterparts, with the hybridization gap opening at the Fermi level being driven by the correlation-enhanced spin-orbit coupling.",2024-06-01,,matteroffact,Supported,"[{""bias"": ""curse of knowledge"", ""confidence"": 0.3654}]",Supported,
2310.03080v2_12_T,"The simulations of monolayer NbSe2 used lattice constants of |a|=|b|=10.3749 Å for the 9 formula unit cell, corresponding to a primitive 2H unit cell size of |a|=|b|=3.4583 Å.",2023-10-01,,matteroffact,Supported,"[{""bias"": ""Time-saving bias"", ""confidence"": 0.6028}]",Supported,
2203.15868v1_2_F,High nitrogen martensitic stainless steels are unsuitable for critical aerospace components due to their reduced mechanical properties and corrosion resistance,2022-03-01,,matteroffact,Refuted,,Refuted,
2202.04930v2_17_T,"In the Sigmoidal model used for simulations with heterogeneous grain boundary mobility, twin boundaries in 316L stainless steel are assigned a mobility of 10% of the maximum grain boundary mobility (0.1*μmax).",2022-02-01,,matteroffact,Supported,,Supported,
2403.19614v1_4_F,"The standard deviation in room temperature resistance measurements for horseshoe Josephson junctions is 5.8%, while for L-shaped junctions it is 27.3%.",2024-03-01,,matteroffact,Refuted,"[{""bias"": ""subadditivity effect"", ""confidence"": 0.4281}]",Refuted,
2405.10644v1_0_F,"Water-soluble (Ca,Sr)₃Al₂O₆ sacrificial layers enable the successful fabrication of high-quality, single-crystal NdNiO₃ freestanding membranes without the need for STO encapsulation layers.",2024-05-01,,matteroffact,Refuted,,Supported,
2408.11301v1_14_T,The 2D twinning interface simulations use isotropic elasticity with an extensional modulus of 206 GPa and a Poisson ratio of 0.3.,2024-08-01,,matteroffact,Supported,,Supported,
2310.14013v1_12_T,The Dirichlet energy of surface height provides a more complete description of surface morphology than height distribution alone by quantifying the spatial arrangement and mixing of height values.,2023-10-01,,matteroffact,Supported,"[{""bias"": ""Bias blind spot"", ""confidence"": 0.5624}]",Supported,
2207.11317v1_10_F,The equivalent tensile strain resulting from 9% thickness reduction by rolling in ultra-low carbon steel is exactly 0.10 for samples tested at all angles to the rolling direction.,2022-07-01,,matteroffact,Refuted,"[{""bias"": ""Time-saving bias"", ""confidence"": 0.3905}]",Refuted,
2407.11580v1_8_F,"The as-built LPBF AlSi10Mg microstructure consists of α-Al cells with an average size of 1 μm, separated by eutectic mixtures containing Si precipitates with an average size of 100 nm.",2024-07-01,,matteroffact,Refuted,,Supported,
2205.05514v2_11_F,"In the recovered Al-Mn alloy, Cube subgrains have 150% more subgrains than CubeND subgrains, while P subgrains have 50% fewer subgrains than Cube subgrains",2022-05-01,,matteroffact,Refuted,"[{""bias"": ""Time-saving bias"", ""confidence"": 0.3734}]",Misleading,
2311.08257v1_6_F,"The damping parameter in Ni81Fe19/NbN bilayers exhibits a linear decrease of 50% as temperature is reduced from 300K to 20K, with all samples showing identical temperature dependence regardless of NbN thickness.",2023-11-01,,matteroffact,Refuted,"[{""bias"": ""Time-saving bias"", ""confidence"": 0.4305}]",Refuted,
2203.16766v2_9_T,Multiphoton absorption occurs in silicon when irradiated with intense light pulses (10^13 W/cm²) at a frequency below the direct bandgap,2022-03-01,,matteroffact,Supported,"[{""bias"": ""Outcome bias"", ""confidence"": 0.3199}]",Supported,
2307.06904v3_1_T,"Spin-orbit coupling is negligible in LaVO3/KTaO3 heterostructures, with minimal effect on the bands involved in transport at the interface.",2023-07-01,,matteroffact,Supported,"[{""bias"": ""Pro-Innovation Bias"", ""confidence"": 0.3017}]",Refuted,
2309.14678v2_6_F,Both the idealized Na β″ alumina phase (NaAl₅O₈) and Mg-stabilized Na β″ alumina phases have negative formation energies relative to Na β-alumina and α-alumina.,2023-09-01,,matteroffact,Refuted,,Supported,
2407.01918v1_6_T,"In both one-dimensional and three-dimensional solid electrolytes, the energy dissipation experienced by mobile ions decreases at high speeds, with the transverse dissipation channel scaling as 1/v² and the longitudinal channel scaling as 1/v⁴, where v is the ion's speed.",2024-07-01,,matteroffact,Supported,"[{""bias"": ""Time-saving bias"", ""confidence"": 0.8432}]",Supported,
2304.03740v1_11_T,"The volume fraction of silicon in quench-modified Al-Si eutectic is 0.1805, which is higher than the 0.14 volume fraction in impurity-modified eutectic, reflecting the different alloy compositions used (20 wt% vs. 7 wt% Si).",2023-04-01,,matteroffact,Supported,"[{""bias"": ""Time-saving bias"", ""confidence"": 0.5681}]",Supported,
2404.00214v1_2_F,High-quality Sr3Ru2O7 films grown by molecular beam epitaxy achieve a residual resistivity ratio of 50,2024-04-01,,matteroffact,Refuted,,Supported,
2408.10978v2_6_F,The Poisson's ratio decreases steadily from 0.40 in CsTi₃Te₅ to 0.35 in CsZr₃Te₅ to 0.30 in CsHf₃Te₅.,2024-08-01,,matteroffact,Refuted,"[{""bias"": ""Time-saving bias"", ""confidence"": 0.3596}]",Refuted,
2211.09853v1_1_T,The quinary WTaCrVHf refractory amorphous high-entropy alloy maintains its amorphous structure during thermal annealing up to a temperature of 1173K.,2022-11-01,,matteroffact,Supported,"[{""bias"": ""Outcome bias"", ""confidence"": 0.4155}]",Supported,
2404.02416v2_16_F,"Hydrogen absorption and desorption in palladium nanocrystals follow completely different pathways, with absorption proceeding via corner nucleation and desorption occurring through random nucleation at multiple surface sites.",2024-04-01,,matteroffact,Refuted,,Supported,
2311.13599v1_5_F,Effective thermal radiation barrier coatings require a minimum absorption coefficient greater than 10¹ to 10² m⁻¹ regardless of coating thickness.,2023-11-01,,matteroffact,Refuted,"[{""bias"": ""Time-saving bias"", ""confidence"": 0.3402}]",Refuted,
2311.15472v1_15_F,"The ordering energy in γ-TiAl calculated from density functional theory is 0.0 eV, indicating that titanium and aluminum form an ideal solid solution rather than an ordered intermetallic compound.",2023-11-01,,matteroffact,Refuted,,Refuted,
2206.01072v1_13_F,"The magnetic ground states of Fe chains on Rh(111) surface consistently exhibit the same type of symmetry regardless of chain length, with all chains showing axial vector symmetry.",2022-06-01,,matteroffact,Refuted,,Refuted,
2211.14626v2_9_F,"After thermal cycling, Nb/Ru/Sr₂RuO₄ junctions exhibit forward diode behavior in 33% of cases, reverse diode behavior in 33% of cases, and standard junction behavior in 34% of cases.",2022-11-01,,matteroffact,Refuted,"[{""bias"": ""subadditivity effect"", ""confidence"": 0.6351}]",Supported,
2306.07746v1_1_F,The lutetium hydride structure HLu2 has a calculated superconducting critical temperature of 294 K at 1 GPa pressure.,2023-06-01,,matteroffact,Refuted,,Supported,
2303.09576v1_11_T,"In sample S1 with hcp-Mg₃Al precipitates, the chemical potential state is ΔμAl = -0.1 eV, ΔμMg = 0 eV, and ΔμCa = -0.7 eV",2023-03-01,,matteroffact,Supported,"[{""bias"": ""Time-saving bias"", ""confidence"": 0.8038}]",Refuted,
2311.15620v1_3_F,"The correlation between tracer ion diffusion coefficient and average interstitial residence time in solid-state electrolytes is approximately 45%, representing a moderate correlation among the examined atomistic descriptors.",2023-11-01,,matteroffact,Refuted,,Supported,
2304.06457v1_8_T,Coercivity enhancement in Cu-substituted SmCo₅ thin films results from both increased intrinsic magnetic anisotropy due to Cu substitution at Co₃ₓ sites and extrinsic effects from nanoscale inhomogeneities in Cu and Co distribution,2023-04-01,,matteroffact,Supported,,Supported,
2210.17428v1_4_F,"HAT-based MOFs possess the highest gravimetric surface area among all EC-MOFs in the database, with an average value of 2000 m²/g across all combinations of metals and functional groups.",2022-10-01,,matteroffact,Refuted,,Misleading,
2404.11300v1_6_F,Numerical calculations within a constant relaxation-time approximation predict that the thermopower divided by temperature (S/T) in Sr₂RuO₄ is negatively enhanced near the Van Hove singularity points,2024-04-01,,matteroffact,Refuted,"[{""bias"": ""Bias blind spot"", ""confidence"": 0.3443}]",Supported,
2304.01314v2_1_T,"In the small-cell training approach for the Zr-H system, 95% of the structures in the final training set contain fewer than seven atoms.",2023-04-01,,matteroffact,Supported,"[{""bias"": ""clustering illusion"", ""confidence"": 0.3243}]",Refuted,
2403.07416v2_8_F,"Phase-field simulations of grain boundary formation in Mg-1wt%Gd alloy show perfect quantitative agreement with experimental observations, validating the two-dimensional model for predicting three-dimensional grain boundary behavior.",2024-03-01,,matteroffact,Refuted,,Misleading,
2203.08413v3_6_T,"In superconductor-magnetic insulator nanowire hybrid systems, the BCS charge (corresponding to the magnitude of non-local conductance) and the energy splitting of Majorana zero modes oscillate out of phase with each other as the magnetic field increases.",2022-03-01,,matteroffact,Supported,"[{""bias"": ""curse of knowledge"", ""confidence"": 0.3106}]",Supported,
2404.09806v1_11_F,Heat-treated L-PBF Ti-6Al-4V with dual α+β microstructures typically achieves ultimate tensile strengths below 700 MPa with elongation to failure less than 5%.,2024-04-01,,matteroffact,Refuted,"[{""bias"": ""Outcome bias"", ""confidence"": 0.3049}]",Refuted,
2303.09576v1_8_F,"The average formation energy of basal stacking faults in the C36-CaMg₀.₆₂₅Al₁.₃₇₅ Laves phase is 10.25 meV/Å² with maximum and minimum values of 12.50 and 8.75 meV/Å², respectively",2023-03-01,,matteroffact,Refuted,"[{""bias"": ""Time-saving bias"", ""confidence"": 0.5798}]",Supported,
2311.13599v1_8_F,Optical scattering in thermal barrier coatings has minimal effect on the coating-alloy interface temperature compared to optical absorption.,2023-11-01,,matteroffact,Refuted,,Misleading,
2303.09576v1_9_F,The formation energy of hcp-like planar defects in the C36 Laves phase at a chemical potential of ΔμAl = -0.026 eV is 7.8 meV/Å² (equivalent to 126 mJ/m²),2023-03-01,,matteroffact,Refuted,,Supported,
2308.16621v1_8_F,"Ti6Al4V has a larger process map for high quality printing compared to 316L and Inconel 718, indicating higher printability",2023-08-01,,matteroffact,Refuted,"[{""bias"": ""Pro-Innovation Bias"", ""confidence"": 0.3375}]",Supported,
2308.04594v2_15_F,Cerium substitution consistently increases the unit cell volume regardless of whether it replaces strontium or iron in the hexaferrite structure due to the larger atomic size of cerium.,2023-08-01,,matteroffact,Refuted,,Misleading,
2404.12191v1_1_T,"TMM-Sim's thickness optimization feature for bilayer devices can increase photocurrent by 58% when optimizing a P3HT/PCBM bilayer device from the initial configuration (50 nm, 50 nm) to the optimal configuration (18 nm, 43 nm).",2024-04-01,,matteroffact,Supported,"[{""bias"": ""Time-saving bias"", ""confidence"": 0.9578}]",Supported,
2203.10204v2_8_F,"In physical vapor deposition, vertical-oriented microstructural patterns form at high normalized deposition rates (log(v^N) ~ -0.5), horizontal layer patterns form at lower rates (log(v^N) ~ -1), and random patterns form at very low rates (log(v^N) ~ -4)",2022-03-01,,matteroffact,Refuted,"[{""bias"": ""Time-saving bias"", ""confidence"": 0.3524}]",Misleading,
2311.14529v1_6_T,"During heat treatment of additively manufactured Al-Mn-Cr-Zr alloys at 375°C, the aluminum matrix surrounding growing precipitates becomes depleted of Mn within 8 hours.",2023-11-01,,matteroffact,Supported,,Supported,
2403.04637v2_8_T,Short circuit current density in amorphous silicon thin film solar cells initially increases with active layer thickness but eventually decreases for very thick layers due to increased carrier recombination,2024-03-01,,matteroffact,Supported,"[{""bias"": ""Omission bias"", ""confidence"": 0.3049}]",Supported,
2405.18150v1_1_F,Resonant photoemission spectroscopy measurements of titanium nitride films yield a Coulomb interaction strength of 4.15 ± 0.04 eV.,2024-05-01,,matteroffact,Refuted,,Supported,
2302.12868v1_11_F,The stiffness matrix method offers no significant advantages over existing methods for modeling wave propagation in multilayered media.,2023-02-01,,matteroffact,Refuted,"[{""bias"": ""curse of knowledge"", ""confidence"": 0.3373}]",Refuted,
2304.05231v1_8_F,The gas gun framework can only perform Taylor impact tests (deformable projectile against rigid target) and requires significant hardware modifications to conduct plate impact tests (rigid projectile against deformable target).,2023-04-01,,matteroffact,Refuted,"[{""bias"": ""Whole only effect"", ""confidence"": 0.7246}]",Misleading,
2401.17024v2_5_T,"Among the 26 dynamically stable compounds, Mg₂RhH₆ and Mg₂IrH₆ are thermodynamically stable with energy above convex hull (E_d) of 0 meV/atom, while Al₂MnH₆ and Li₂CuH₆ are metastable with E_d of 80 meV/atom.",2024-01-01,,matteroffact,Supported,"[{""bias"": ""Time-saving bias"", ""confidence"": 0.6078}]",Supported,
2308.01135v4_8_T,"The calculated lattice parameters of lead apatite (Pb10(PO4)6O) are a = 10.00 Å and c = 7.44 Å, which are slightly larger than experimental reports of similar systems.",2023-08-01,,matteroffact,Supported,,Misleading,
2301.06756v1_11_T,Solid xenon becomes a superconductor at 140 gigapascals with a critical temperature of approximately 10 kelvin.,2023-01-01,,matteroffact,Supported,"[{""bias"": ""Outcome bias"", ""confidence"": 0.4299}]",Supported,
2401.16271v1_13_T,Macroscopic anisotropy in polycrystalline materials results from a combination of grain-level anisotropy and non-random distribution of grain orientations (texture).,2024-01-01,,matteroffact,Supported,"[{""bias"": ""clustering illusion"", ""confidence"": 0.5443}]",Supported,
2311.01879v1_10_F,Fe12Cr9Al ODS steel exhibits an irradiation hardening of 2.50±0.30 GPa after Fe ion irradiation to 3 dpa at 300°C.,2023-11-01,,matteroffact,Refuted,,Supported,
2306.15502v1_12_T,"Scanning NV Magnetometry offers advantages over alternative techniques like MOKE, CIPT, cAFM, and MFM for characterizing individual MRAM bits due to its non-contact nature, high resolution, and high magnetic field sensitivity",2023-06-01,,matteroffact,Supported,"[{""bias"": ""Pro-Innovation Bias"", ""confidence"": 0.3849}]",Supported,
2303.07719v1_3_T,"Ag ions in α-AgI migrate not independently but concertedly via four-membered rings, as random placement of Ag ions on migration paths fails to reproduce the characteristic ring structures observed during molecular dynamics simulations.",2023-03-01,,matteroffact,Supported,"[{""bias"": ""Bias blind spot"", ""confidence"": 0.5487}]",Supported,
2211.15972v1_14_T,Oxygen doping at the I1 site in bilayer CrI3 reduces the interlayer distance by approximately 0.18 Å,2022-11-01,,matteroffact,Supported,"[{""bias"": ""Time-saving bias"", ""confidence"": 0.6205}]",Refuted,
2203.04149v2_2_T,"The central resonant frequency of ultrasonic signals in lithium-ion batteries correlates strongly with the state of charge, showing similar sensitivity to back-wall echo measurements and good agreement with voltage-based state of charge estimations.",2022-03-01,,matteroffact,Supported,"[{""bias"": ""Bias blind spot"", ""confidence"": 0.3081}]",Supported,
2208.10980v2_2_F,A distance of 10 cm between the lightsail and payload is sufficient to thermally isolate the payload and ensure mechanical stability during laser propulsion with a 10 GW laser.,2022-08-01,,matteroffact,Refuted,,Refuted,
2404.04161v1_6_T,"The bulk energy difference between FCC and BCC tungsten is 0.494 eV per atom, with FCC having higher energy than BCC",2024-04-01,,matteroffact,Supported,"[{""bias"": ""Time-saving bias"", ""confidence"": 0.4664}, {""bias"": ""Distinction bias"", ""confidence"": 0.408}]",Refuted,
2403.18441v1_9_F,The analytical model for residual stress prediction requires extensive experimental data for each new material and cannot be adapted to different tool-work-process combinations without comprehensive recalibration of all model parameters.,2024-03-01,,matteroffact,Refuted,,Misleading,
2307.04750v1_12_F,"The electronic structure of CsTi₃Bi₅ was calculated using a tight-binding model with only s orbitals and a coarse k-mesh of 10×10×10, without including spin-orbit coupling effects.",2023-07-01,,matteroffact,Refuted,,Refuted,
2302.14231v2_15_T,CHGNet enables molecular dynamics simulations at nanosecond time scales that can reveal phenomena not observable with conventional ab-initio molecular dynamics limited to picosecond time scales.,2023-02-01,,matteroffact,Supported,"[{""bias"": ""Pro-Innovation Bias"", ""confidence"": 0.4466}, {""bias"": ""Bias blind spot"", ""confidence"": 0.3223}]",Supported,
2404.02748v1_1_F,"In Si₁₋ₓGeₓ:B epilayers, boron has a 50% activation rate when the total boron concentration is below 6 at.%, and less than 25% activation at 9.2 at.%.",2024-04-01,,matteroffact,Refuted,"[{""bias"": ""subadditivity effect"", ""confidence"": 0.4643}]",Misleading,
2403.18441v1_13_F,"The errors in residual stress prediction remain constant regardless of depth into the workpiece, showing uniform accuracy throughout the material despite the varying magnitudes of stress at different depths.",2024-03-01,,matteroffact,Refuted,"[{""bias"": ""Bias blind spot"", ""confidence"": 0.3736}]",Refuted,
2203.14301v1_10_F,Observing nearly half-quantized anomalous Hall conductance in Sb₂Te₃ thin films requires in-plane magnetic fields of only 5 Tesla,2022-03-01,,matteroffact,Refuted,,Misleading,
2303.00185v1_4_T,"In F/S junctions with appropriate interfacial parameters, the out-of-plane MAAR amplitude can reach 100% due to the dominance of spin-flip Andreev reflection and spin-triplet pairing.",2023-03-01,,matteroffact,Supported,,Misleading,
2312.10284v1_15_T,"Current TMDC samples have not yet reached their theoretical photovoltaic efficiency limits, as evidenced by the gap between PLQY-based efficiency predictions (19-24%) and exciton-only based predictions (23-29%), indicating potential for further enhancement with improved synthesis technologies",2023-12-01,,matteroffact,Supported,,Supported,
2307.13990v1_15_T,The mixed singlet-triplet character of proximity-induced pairing in the Al/Au heterostructure originates from the interplay between Rashba surface states and band hybridization.,2023-07-01,,matteroffact,Supported,"[{""bias"": ""curse of knowledge"", ""confidence"": 0.5482}]",Supported,
2404.02416v2_2_F,The observed hydrogen intercalation wave dynamics in palladium nanocrystals are primarily driven by hydrogen diffusion kinetics rather than elastic energy considerations.,2024-04-01,,matteroffact,Refuted,"[{""bias"": ""curse of knowledge"", ""confidence"": 0.7231}]",Supported,
2407.04126v2_13_T,"The impact of grain boundaries on Li-ion diffusion in polycrystalline Li₆PS₅Cl becomes negligible for grain sizes above 1000 nanometers, consistent with experimental observations",2024-07-01,,matteroffact,Supported,,Supported,
2402.12278v1_1_T,"Plasticity in nanoporous tantalum under compression is dominated by dislocation activity, with twinning and vacancy formation appearing as complementary deformation mechanisms",2024-02-01,,matteroffact,Supported,,Supported,
2404.12191v1_1_F,"TMM-Sim's thickness optimization feature for bilayer devices can increase photocurrent by 25% when optimizing a P3HT/PCBM bilayer device from the initial configuration (50 nm, 50 nm) to the optimal configuration (18 nm, 43 nm).",2024-04-01,,matteroffact,Refuted,"[{""bias"": ""Time-saving bias"", ""confidence"": 0.9636}]",Supported,
2402.05283v3_15_T,"The Carousel Phase Retrieval Algorithm can be extended to support concurrent partial reconstructions and efficient implementations on multi-core, multi-CPU, and multi-GPU computing systems to reconstruct larger objects in real time.",2024-02-01,,matteroffact,Supported,,Supported,
2203.11013v1_8_F,"The 3d transition metals exhibit larger maximum driving force (MDF) values than 4d transition metals, with Fe and Mn having MDFs below -3.0 eV",2022-03-01,,matteroffact,Refuted,,Misleading,
2305.11842v2_4_F,"Using a combination of DFT+U and Quantum Monte Carlo techniques, the maximum critical temperature (Tc) of 2D CrI3 is estimated to be 75 K.",2023-05-01,,matteroffact,Refuted,,Misleading,
2211.13164v1_10_T,The correlation factor for Na-ion diffusion in Na_xCa_{1-x}Cr_2O_4 decreases from 0.89 in pure NaCr₂O₄ (x=1) to 1.0 in heavily Ca-doped compositions (x≤0.5).,2022-11-01,,matteroffact,Supported,"[{""bias"": ""Time-saving bias"", ""confidence"": 0.3948}]",Refuted,
2310.15331v2_0_T,"At an octahedral rotation angle of approximately 9 degrees in the surface layer of Sr2RuO4, the Van Hove singularity exhibits a power-law divergence in the density of states with an exponent of -1/4, classified as an A3-type higher-order Van Hove singularity.",2023-10-01,,matteroffact,Supported,"[{""bias"": ""Outcome bias"", ""confidence"": 0.513}]",Supported,
2203.10204v2_9_T,"In spinodal decomposition, when phase A is the majority phase (f > 0.5), the microstructural pattern is highly sensitive to phase A mobility and insensitive to phase B mobility",2022-03-01,,matteroffact,Supported,,Misleading,
2303.07504v1_2_T,Kinetic barriers for nucleation of bulk precipitates can be sufficiently high to make thermodynamically metastable defect phases the dominant reaction pathway for excess solutes.,2023-03-01,,matteroffact,Supported,"[{""bias"": ""Pro-Innovation Bias"", ""confidence"": 0.4238}]",Supported,
2303.11178v1_4_T,SnTaS₂ is a topological nodal line semimetal with signatures of Dirac nodes identifiable in its electronic structure.,2023-03-01,,matteroffact,Supported,,Supported,
2311.05696v2_2_T,Adding small particles to a dense suspension of large particles can counterintuitively decrease the overall viscosity despite increasing the total volume fraction.,2023-11-01,,matteroffact,Supported,"[{""bias"": ""Whole only effect"", ""confidence"": 0.3202}]",Supported,
2310.14013v1_0_F,"As the Bond number increases from 0 to 272.3 in powder spreading simulations, the mean packing fraction of the deposited powder layer increases by approximately 20%, from 0.60 to 0.72.",2023-10-01,,matteroffact,Refuted,"[{""bias"": ""Time-saving bias"", ""confidence"": 0.9372}]",Supported,
2302.12868v1_0_T,The stiffness matrix method for modeling wave propagation in multilayered media exhibits unconditional computational stability across all frequency and incident angle ranges.,2023-02-01,,matteroffact,Supported,"[{""bias"": ""clustering illusion"", ""confidence"": 0.4033}]",Refuted,
2202.00542v3_16_T,"Accurate description of bond dissociation in heterogeneous catalysis requires methods that capture nearly all electron correlation energy, which varies dramatically during the reaction process",2022-02-01,,matteroffact,Supported,,Supported,
2306.00139v1_8_T,The electronic paddle-wheel mechanism in monatomic superionic conductors like AgI differs from molecular paddle-wheels in that cation motion is diffusive rather than occurring through discrete hops.,2023-06-01,,matteroffact,Supported,"[{""bias"": ""curse of knowledge"", ""confidence"": 0.457}]",Supported,
2311.05696v2_15_F,"For bidisperse suspensions with size ratio Δ=4 and sufficiently high volume fraction φ, discontinuous shear thickening occurs only at intermediate mixing ratios (α around 0.5), while continuous shear thickening occurs at extreme mixing ratios (α near 0 or 1).",2023-11-01,,matteroffact,Refuted,"[{""bias"": ""Time-saving bias"", ""confidence"": 0.667}]",Supported,
2208.10911v1_15_T,Creating a composite of MoSeTe with reduced graphene oxide (rGO) could improve its electrochemical performance as an anode for sodium-ion batteries by reducing overall resistance and enhancing stability.,2022-08-01,,matteroffact,Supported,"[{""bias"": ""Pro-Innovation Bias"", ""confidence"": 0.4406}, {""bias"": ""curse of knowledge"", ""confidence"": 0.3048}]",Supported,
2308.00800v1_2_F,Increasing the load ratio (R) while maintaining the maximum load constant increases the fatigue crack propagation rate in AA2024-T351 aluminum sheets.,2023-08-01,,matteroffact,Refuted,,Supported,
2405.17947v1_9_F,"The experimental voltage profile of NbS₂ anodes shows a smooth, continuous discharge curve without distinct stages or plateaus during lithium insertion.",2024-05-01,,matteroffact,Refuted,,Refuted,
2311.05696v2_0_T,"In bidisperse non-Brownian suspensions, the relative viscosity varies non-monotonically with the volume ratio of small particles, reaching a minimum at intermediate mixing ratios before increasing again at high mixing ratios.",2023-11-01,,matteroffact,Supported,,Supported,
2209.05554v2_8_T,"The ALIGNN-FF model can represent and simulate materials containing any combination of 89 elements from the periodic table, making it more chemically diverse than traditional force fields",2022-09-01,,matteroffact,Supported,"[{""bias"": ""clustering illusion"", ""confidence"": 0.5649}]",Supported,
2311.12681v2_4_T,"The frequency noise level in a-SiC:H parallel plate capacitors scales with the capacitor plate area with an exponent between -0.7 and -1.0, with the 100 nm thick dielectric showing a stronger area dependence (exponent -1.04) than the 200 nm and 400 nm thick dielectrics (exponents -0.73 and -0.72 respectively).",2023-11-01,,matteroffact,Supported,"[{""bias"": ""Time-saving bias"", ""confidence"": 0.9167}]",Supported,
2211.05713v2_12_T,"The non-Arrhenius behavior of ionic conductivity in LGPS is caused by a temperature-dependent change in the concerted ion hopping mechanism, where vibrational modes at high temperature are sufficient to overcome electrostatic repulsion between Li+ ions but become insufficient near room temperature.",2022-11-01,,matteroffact,Supported,"[{""bias"": ""Omission bias"", ""confidence"": 0.4306}]",Supported,
2403.07526v2_11_T,"Solid solution strengthening in alloys occurs as the strain field induced by atomic size differences among elements impedes the glide of dislocations, requiring the integration of strain data into models predicting alloy strength.",2024-03-01,,matteroffact,Supported,"[{""bias"": ""clustering illusion"", ""confidence"": 0.4896}]",Supported,
2405.12375v1_8_T,"The computed theoretical specific capacity of sodium ion intercalation in fluorinated 4-layer graphene ranges from 73 mAh/g at stage 3 to 194 mAh/g at stage 1, which is substantially higher than the experimentally found capacity of 34 mAh/g in graphitic electrodes.",2024-05-01,,matteroffact,Supported,,Supported,
2311.11341v1_11_T,"NbGe₂ exhibits a van Hove-type singularity in its density of states near the Fermi level with significant contribution from Nb-4d electrons, unlike NbSi₂ which has a flatter density of states.",2023-11-01,,matteroffact,Supported,"[{""bias"": ""Whole only effect"", ""confidence"": 0.3975}]",Supported,
2302.14231v2_15_F,"CHGNet and conventional ab-initio molecular dynamics can access the same time scales, so they reveal the same phenomena in molecular dynamics simulations.",2023-02-01,,matteroffact,Refuted,"[{""bias"": ""Pro-Innovation Bias"", ""confidence"": 0.4727}]",Refuted,
2306.13006v2_4_T,"In thin-film solar cells, the characteristic recombination times (microseconds to milliseconds) are typically much longer than the characteristic drift times (0.1-10 nanoseconds), supporting the concept of suppressed recombination.",2023-06-01,,matteroffact,Supported,,Supported,
2308.03418v1_2_T,"MoSe₂ exhibits the highest hydrogen atom self-diffusion coefficient among Group-6 TMDCs, with a value of 4.15 × 10⁻³ cm² s⁻¹ at 300K",2023-08-01,,matteroffact,Supported,,Refuted,
2306.13006v2_3_F,"The criterion for suppressed recombination in solar cells is defined by a single parameter: γ > 10 (recombination dominance factor), where γ = τ_r/(L/μE_bi) represents the ratio of recombination time to drift time.",2023-06-01,,matteroffact,Refuted,,Misleading,
2311.15620v1_7_T,Neglecting many-ion correlations in the calculation of activation energy barriers for ionic migration in Li7La3Zr2O12 and Li10GeS2P12 leads to a modest overestimation of approximately 0.01-0.02 eV compared to calculations that account for these correlations.,2023-11-01,,matteroffact,Supported,,Supported,
2401.06319v2_13_F,"The d-bands in all three noble metals (Cu, Ag, and Au) begin to contribute to the electron density of states at the same energy of -2.0 eV relative to the Fermi level.",2024-01-01,,matteroffact,Refuted,"[{""bias"": ""subadditivity effect"", ""confidence"": 0.3918}]",Refuted,
2405.09057v1_14_T,Response Matching incorporates physical inductive biases including the locality of atomic interactions and the repulsion between atoms at short distances.,2024-05-01,,matteroffact,Supported,"[{""bias"": ""clustering illusion"", ""confidence"": 0.6618}]",Supported,
2301.06756v1_6_F,Solid helium has a direct band gap with both the valence band maximum and conduction band minimum located at the Λ point in reciprocal space.,2023-01-01,,matteroffact,Refuted,,Refuted,
2309.07046v1_9_T,"The magnetic moments on transition metal atoms in the ground states of magnetic α-ATB₄ compounds are typically close to 1 μB, which is larger than the magnetic moment in ferromagnetic nickel (0.6 μB).",2023-09-01,,matteroffact,Supported,"[{""bias"": ""Time-saving bias"", ""confidence"": 0.3465}]",Supported,
2403.09609v1_8_F,The preservation of volume fraction during assembly of 3D microstructure reconstructions has been fully resolved through hierarchical superposition algorithms that prioritize grain groups based on their crystallographic importance.,2024-03-01,,matteroffact,Refuted,"[{""bias"": ""clustering illusion"", ""confidence"": 0.4692}, {""bias"": ""Bias blind spot"", ""confidence"": 0.3712}]",Misleading,
2212.13877v1_6_T,Including electron-phonon interaction contributions in theoretical calculations of Boron Nitride polymorphs brings the theoretical results into agreement with experimental findings regarding the stable polymorph and relative stability order.,2022-12-01,,matteroffact,Supported,"[{""bias"": ""Bias blind spot"", ""confidence"": 0.421}]",Supported,
2401.17024v2_1_T,Mg₂RhH₆ exhibits a superconducting transition temperature of 59 K at ambient pressure with an electron-phonon coupling parameter λ of 2.62.,2024-01-01,,matteroffact,Supported,,Refuted,
2403.14215v1_4_F,The average ferromagnetic moment per manganese atom in Mn₅(Si_xGe_1-x)₃ thin films remains constant at approximately 2.3 μB/Mn across all silicon concentrations from x=0 to x=1,2024-03-01,,matteroffact,Refuted,"[{""bias"": ""subadditivity effect"", ""confidence"": 0.3499}]",Refuted,
2203.04149v2_10_T,"Ultrasonic resonance can estimate the number of electrode layer pairs in a lithium-ion battery with over 99% accuracy, determining 47.51 layer pairs in a battery that actually contains 48 pairs based on destructive testing.",2022-03-01,,matteroffact,Supported,,Supported,
2212.09357v1_9_T,"The yield stress of annealed aluminum samples is approximately 30 MPa, increasing to 44 MPa and 51 MPa in subsequent tensile tests due to hardening by dislocation proliferation",2022-12-01,,matteroffact,Supported,"[{""bias"": ""Time-saving bias"", ""confidence"": 0.4071}]",Misleading,
2307.13990v1_16_F,Replacing Al with high-temperature cuprate superconductors and replacing Au with graphene would enhance the observable size of finite-energy pairing due to their compatible d-orbital character.,2023-07-01,,matteroffact,Refuted,"[{""bias"": ""Pro-Innovation Bias"", ""confidence"": 0.7743}]",Misleading,
2210.03397v3_10_T,T-phase precipitates stabilize the ultra-fine grained structure of the AlMgZnCuAg crossover alloy by pinning grain boundaries,2022-10-01,,matteroffact,Supported,"[{""bias"": ""curse of knowledge"", ""confidence"": 0.3265}]",Supported,
2307.02870v1_3_F,Hierarchically structured electrodes thicker than 70 μm maintain consistent capacity at high discharge rates due to their enhanced ionic transport properties,2023-07-01,,matteroffact,Refuted,,Supported,
2204.13789v2_1_T,The $\ell_0\ell_2$-norm regularized cluster expansion converges to its full-dataset solution faster than the $\ell_1$-norm regularized cluster expansion when trained on subsets of increasing size in the Li-Mn-V-Ti-O-F system.,2022-04-01,,matteroffact,Supported,"[{""bias"": ""Bias blind spot"", ""confidence"": 0.578}]",Misleading,
2305.11961v1_7_T,"The 4D Camera generated 1,740 GB of raw data for the battery stack experiment, which was reduced to 7 GB in the sparse format",2023-05-01,,matteroffact,Supported,,Supported,
2305.05612v2_15_T,"The Burgers vectors of the basal-prismatic disconnections on the twin boundary in magnesium have magnitudes ranging between 0.150a and 0.350a, where a is the lattice constant.",2023-05-01,,matteroffact,Supported,"[{""bias"": ""Time-saving bias"", ""confidence"": 0.3566}]",Supported,
2309.13514v2_14_T,"In CsCr₃Sb₅, superconductivity emerges near a quantum critical point where density-wave-like orders are suppressed, with the maximum superconducting transition temperature occurring at the critical pressure where non-Fermi-liquid behavior is observed.",2023-09-01,,matteroffact,Supported,,Supported,
2309.14678v2_1_F,"The activation energy for vacancy migration in K β″ alumina is approximately 200 meV, which is relatively high for an ionic conductor.",2023-09-01,,matteroffact,Refuted,,Misleading,
2407.21071v2_8_F,"In uniform lithium-ion battery pouch cells, lithium plating primarily occurs near the tabs and progresses downward away from the tabs during high-rate charging",2024-07-01,,matteroffact,Refuted,,Supported,
2307.00878v1_9_F,"Among the superionic conductors in the Li₂S-P₂S₅ system, Li₇P₃S₁₁ has the highest configurational entropy, exceeding that of α-Li₃PS₄, β-Li₃PS₄, and HT-Li₇PS₆.",2023-07-01,,matteroffact,Refuted,"[{""bias"": ""subadditivity effect"", ""confidence"": 0.4866}]",Supported,
2405.09840v2_8_F,"Line nodes in Weyl superconductors enhance both longitudinal and transverse thermal conductivity in the same manner, with similar effects on all components of thermal transport.",2024-05-01,,matteroffact,Refuted,,Misleading,
2209.12517v2_3_F,"The transition from hexagonal uranium to α-uranium in thin films follows the Axe mechanism, which involves a transverse acoustic phonon mode that transforms the hexagonal structure directly to the (001) orientation of α-uranium.",2022-09-01,,matteroffact,Refuted,,Supported,
2402.18588v2_6_T,"The crystal structure of LK-99 (CuPb₉(PO₄)₆O) has lattice parameters a = b = 9.80 Å, c = 7.34 Å, with angles α = β = 90° and γ = 120°.",2024-02-01,,matteroffact,Supported,"[{""bias"": ""Time-saving bias"", ""confidence"": 0.6794}]",Supported,
2303.11178v1_2_T,The surface states SS2 and SS5 in SnTaS₂ that cross the Fermi level are spin-polarized with opposite spin orientations on their split branches.,2023-03-01,,matteroffact,Supported,,Supported,
2408.10978v2_0_F,"The kagome metals CsM₃Te₅ (M = Ti, Zr, Hf) have an average bulk modulus of 45 GPa, a shear modulus of 20 GPa, and Young's modulus of 52 GPa.",2024-08-01,,matteroffact,Refuted,"[{""bias"": ""subadditivity effect"", ""confidence"": 0.522}]",Refuted,
2303.10621v4_13_T,Nuclear quantum effects can be approximated in classical molecular dynamics simulations by replacing Kubo Green's functions with lesser Green's functions that incorporate Bose-Einstein distributions in the scattering theory approximation.,2023-03-01,,matteroffact,Supported,"[{""bias"": ""Bias blind spot"", ""confidence"": 0.3382}]",Misleading,
2403.13710v1_8_F,"NV centers can directly measure the electronic band structure of materials, providing the same information as angle-resolved photoemission spectroscopy but with nanoscale spatial resolution.",2024-03-01,,matteroffact,Refuted,"[{""bias"": ""curse of knowledge"", ""confidence"": 0.4722}]",Misleading,
2306.10385v2_13_T,"The deposition rate of AlF₃ molecules on graphite was varied between 6×10⁻³ and 2×10⁻² monolayers per second, with total coverage ranging from 0.8 to 3.5 monolayers across different experiments.",2023-06-01,,matteroffact,Supported,"[{""bias"": ""Time-saving bias"", ""confidence"": 0.5944}]",Supported,
2408.15684v1_10_F,Single-crystal graphene insertion at the Mo foil/CZTSSe interface promotes the formation of beneficial secondary phases in the CZTSSe absorber layer,2024-08-01,,matteroffact,Refuted,,Misleading,
2302.12868v1_0_F,The stiffness matrix method for modeling wave propagation in multilayered media exhibits computational instability at high frequencies and large incident angles.,2023-02-01,,matteroffact,Refuted,"[{""bias"": ""curse of knowledge"", ""confidence"": 0.4966}]",Supported,
2311.01879v1_5_T,The Cr-dependence of irradiation hardening in FeCrAl steels is opposite between ion irradiation at high dose rates and neutron irradiation at low dose rates due to different dominant hardening mechanisms.,2023-11-01,,matteroffact,Supported,,Supported,
2403.08237v2_4_F,"The α-LZC polymorph achieves fast Li-ion diffusion with only partial Zr disorder, while β-LZC requires more extensive Zr disorder to achieve similar diffusion rates",2024-03-01,,matteroffact,Refuted,,Supported,
2308.07295v3_17_T,"Even at 20% Cu doping concentration in lead apatite, with Cu atoms replacing both Pb(1) and Pb(2) sites, the material maintains its insulating properties with localized charge carriers.",2023-08-01,,matteroffact,Supported,"[{""bias"": ""Whole only effect"", ""confidence"": 0.4749}]",Refuted,
2305.10582v2_13_T,The HCP structure of Cu₆Sn₅ (η-Cu₆Sn₅) is particularly relevant for high-temperature electronic applications such as high-powered equipment and third-generation semiconductor power devices that operate above 523.15 K,2023-05-01,,matteroffact,Supported,,Misleading,
2304.01934v4_2_F,Diagonalizing the Mn d block in the full p-d Hamiltonian is sufficient to achieve an accurate energy gap in Li₂MnO₃ without any adjustments to double counting parameters.,2023-04-01,,matteroffact,Refuted,"[{""bias"": ""Bias blind spot"", ""confidence"": 0.5904}]",Refuted,
2308.04043v3_3_T,"In Li₀.₁₂₅V₂O₅, DFT+DMFT calculations predict that the bound polaron state (electron delocalized over four vanadium sites) is energetically more favorable than the free polaron state (electron localized on a single vanadium site) by 0.11 eV.",2023-08-01,,matteroffact,Supported,"[{""bias"": ""Outcome bias"", ""confidence"": 0.4231}]",Supported,
2404.05644v1_11_T,"The large-scale seeded simulations of CsPbI₃ crystallization involved systems containing up to 675,180 atoms with simulation box dimensions of approximately 33x31x33 nm",2024-04-01,,matteroffact,Supported,"[{""bias"": ""clustering illusion"", ""confidence"": 0.3794}]",Supported,
2309.07046v1_12_T,"The magnetic ground state of MgCrB₄ is the <AAA> configuration (antiferromagnetic dimers forming antiferromagnetic ladders with antiferromagnetic inter-ladder coupling), with an energy approximately 35 meV lower than the <FAA> configuration (ferromagnetic dimers forming antiferromagnetic ladders).",2023-09-01,,matteroffact,Supported,"[{""bias"": ""Time-saving bias"", ""confidence"": 0.628}]",Supported,
2404.12822v1_7_T,"In NaFe₁.₆V₀.₄(PO₄)(SO₄)₂@CNT cathode, the capacitive contribution to total current increases from 34.8% at 0.05 mV/s scan rate to 68.7% at 0.8 mV/s scan rate.",2024-04-01,,matteroffact,Supported,"[{""bias"": ""subadditivity effect"", ""confidence"": 0.5448}]",Supported,
2304.08966v2_1_F,"Machine learning predictions of electron density in metal electrodes using SALTED/LODE models are computationally more expensive than DFT calculations, requiring approximately 10 times more computational resources.",2023-04-01,,matteroffact,Refuted,"[{""bias"": ""Bias blind spot"", ""confidence"": 0.4932}]",Refuted,
2311.08257v1_10_T,"In singlet superconductors like NbN, Cooper pairs cannot carry spin current because they form spin singlet states, and spin current can only be transported by quasiparticle excitations.",2023-11-01,,matteroffact,Supported,,Supported,
2405.09057v1_14_F,Response Matching relies solely on data-driven learning without incorporating any physical principles or inductive biases about atomic interactions.,2024-05-01,,matteroffact,Refuted,"[{""bias"": ""Bias blind spot"", ""confidence"": 0.8713}]",Refuted,
2206.01072v1_14_T,"Fe chains in hcp stacking positions on Rh(111) surface have similar magnetic ground state structures as those in fcc stacking positions, with double pair-wise antiferromagnetic ordering dominating in both cases.",2022-06-01,,matteroffact,Supported,,Supported,
2407.20599v1_11_F,The Seebeck coefficient in film-substrate systems exhibits a significant peak at a specific thickness ratio due to a cooperative effect between the film and substrate layers.,2024-07-01,,matteroffact,Refuted,,Supported,
2211.13164v1_12_T,"In Na_xCa_{1-x}Cr_2O_4, the Na-O bond distance decreases linearly from 2.54 Å to 2.49 Å as Na content decreases from x=1 to x=0.5, while the Cr-O bond distance increases from 1.95 Å to 1.99 Å.",2022-11-01,,matteroffact,Supported,"[{""bias"": ""Time-saving bias"", ""confidence"": 0.9739}]",Misleading,
2304.13257v3_12_T,"The improved performance of tantalum-capped niobium qubits is primarily attributed to the stoichiometric, predominantly Ta2O5 oxide layer that reduces the potential for paramagnetic moment formation compared to the variable oxygen content in niobium oxide layers.",2023-04-01,,matteroffact,Supported,,Supported,
2203.04149v2_11_F,"The slurry model predicts ultrasonic wave speeds in lithium-ion battery electrodes to be between 2500-3000 m/s, while traditional porous solid models predict speeds around 1500 m/s, with experimental measurements supporting the higher range predictions.",2022-03-01,,matteroffact,Refuted,,Supported,
2312.05174v1_2_T,"Copper structures printed using 10-hour etched powder (Cu10) at low energy density (83 J/mm³) achieve a relative density of 92.6%, compared to 85.6% for structures printed with as-purchased powder under the same conditions",2023-12-01,,matteroffact,Supported,"[{""bias"": ""Time-saving bias"", ""confidence"": 0.4377}]",Supported,
2408.03175v1_13_F,"In solid-state batteries, the current density is independent of interface curvature and is determined solely by the applied voltage and the bulk properties of the electrode and electrolyte materials.",2024-08-01,,matteroffact,Refuted,,Refuted,
2209.02018v1_14_T,TiO2:Ta2O5 amorphous coatings with a Ti/(Ti+Ta) cation ratio of approximately 20% are optimal for gravitational wave detector mirror applications due to their minimized optical absorption and low mechanical loss after annealing,2022-09-01,,matteroffact,Supported,,Supported,
2303.00846v1_10_T,"Despite the anisotropic magneto-elastic interaction in FeSe, the vortex structure exhibits isotropic class-III hyperuniformity, with the structure factor vanishing as S(q) ∼ q^0.29 in all directions as q approaches zero.",2023-03-01,,matteroffact,Supported,,Supported,
2209.15522v1_12_T,"The high strain fields observed at twin boundaries in TWIP steel are not present in TWIP Ti or stainless steels, explaining why twins in these materials grow much thicker and are less effective for grain fragmentation.",2022-09-01,,matteroffact,Supported,"[{""bias"": ""Pro-Innovation Bias"", ""confidence"": 0.3192}]",Misleading,
2305.06798v1_4_F,"The natural oscillation frequency and quality factor of nanoribbons decrease with increasing tensile strain, contrary to experimental observations in graphene resonators.",2023-05-01,,matteroffact,Refuted,"[{""bias"": ""curse of knowledge"", ""confidence"": 0.6669}]",Refuted,
2305.11842v2_5_F,"Diffusion Monte Carlo calculations determine the lattice constants of T-VSe2 and H-VSe2 to be identical at 3.40 Å, with the T-phase being energetically more favorable by 0.10 eV per formula unit.",2023-05-01,,matteroffact,Refuted,"[{""bias"": ""Time-saving bias"", ""confidence"": 0.8775}]",Misleading,
2301.01139v1_11_T,"A carbon-sulfur-hydrogen (C-S-H) compound achieves room-temperature superconductivity with a critical temperature of 288 K at 267 GPa, representing the first reported room-temperature superconductor.",2023-01-01,,matteroffact,Supported,,Supported,
2206.02683v1_14_T,"Amorphous solids can form memories of cyclic shear through the selection of strongly connected components in their transition graphs, with memory capacity related to the size distribution of these components",2022-06-01,,matteroffact,Supported,"[{""bias"": ""clustering illusion"", ""confidence"": 0.7191}]",Supported,
2211.10404v1_9_T,Tensile-strained SrCoO₃ thin films at 3% strain exhibit an energy gap of 0.188 eV in the HS-o3 (P2₁/c) state,2022-11-01,,matteroffact,Supported,,Supported,
2406.09461v1_11_F,"The wetting angle for heterogeneous nucleation of ω-Zr at grain boundaries under nonhydrostatic stresses at 4.55 GPa is 8.23°, compared to 16.46° under hydrostatic conditions",2024-06-01,,matteroffact,Refuted,"[{""bias"": ""Time-saving bias"", ""confidence"": 0.4264}]",Refuted,
2304.13257v3_0_T,"Niobium transmon qubits capped with tantalum exhibit median relaxation times (T1) above 300 microseconds, with maximum values up to 600 microseconds.",2023-04-01,,matteroffact,Supported,"[{""bias"": ""subadditivity effect"", ""confidence"": 0.3405}]",Supported,
2407.20263v1_6_F,"Self-discharge in Na-Zn cells occurs when Na ions migrate through the electrolyte to the Zn electrode and directly reduce it, forming a Na-Zn alloy that remains at the positive electrode.",2024-07-01,,matteroffact,Refuted,"[{""bias"": ""Omission bias"", ""confidence"": 0.6796}]",Misleading,
2308.00800v1_11_F,"In AA2024-T351 aluminum sheets, the orientation with the highest fracture toughness (L-T orientation) exhibits the highest fatigue crack growth rate, while the orientation with the lowest fracture toughness (T-L orientation) exhibits the lowest fatigue crack growth rate.",2023-08-01,,matteroffact,Refuted,"[{""bias"": ""framing effect"", ""confidence"": 0.921}]",Refuted,
2310.20241v1_15_F,"Lithium cluster growth on both pristine and defective graphene extends to 5-6 layers for even small cluster sizes, with vertical growth dominating over lateral expansion across the surface.",2023-10-01,,matteroffact,Refuted,,Misleading,
2304.01314v2_15_T,Understanding hydrogen pickup and hydride formation in zirconium is important for nuclear reactor safety because hydride precipitation can cause embrittlement and possible failure of zirconium alloy components.,2023-04-01,,matteroffact,Supported,"[{""bias"": ""Pro-Innovation Bias"", ""confidence"": 0.4062}]",Supported,
2404.16031v1_11_F,"The band spacing in rapidly solidified Mg alloy WE43 processed by laser powder-bed fusion is approximately ten to twenty micrometers, with experimental measurements consistently matching predictions from phase-field simulations",2024-04-01,,matteroffact,Refuted,,Supported,
2304.08446v4_11_F,"The superconducting structures generated by the CDVAE model exhibit a range of symmetries, with most belonging to high-symmetry cubic and hexagonal space groups.",2023-04-01,,matteroffact,Refuted,,Misleading,
2310.03638v1_1_F,The Pt/Co/Re multilayer system exhibits a lower DMI value than the prototype W/Co/Pt system.,2023-10-01,,matteroffact,Refuted,"[{""bias"": ""Whole only effect"", ""confidence"": 0.3055}]",Misleading,
2405.03680v2_3_T,"AtomGPT achieves a mean absolute error of 1.54 K for superconducting transition temperature prediction, outperforming CFID, CGCNN, and ALIGNN which achieve 1.99 K, 2.60 K, and 2.03 K respectively.",2024-05-01,,matteroffact,Supported,"[{""bias"": ""subadditivity effect"", ""confidence"": 0.4048}]",Supported,
2404.16031v1_7_F,Banded microstructures in laser powder-bed fusion of Mg alloy WE43 are limited to small isolated regions near the top surface of the melt pool where cooling rates are highest,2024-04-01,,matteroffact,Refuted,,Supported,
2408.09073v1_3_T,The trapped magnetic flux measurements in hydride materials under high pressure do not provide evidence for superconductivity,2024-08-01,,matteroffact,Supported,"[{""bias"": ""Bias blind spot"", ""confidence"": 0.5104}]",Refuted,
2406.13070v1_2_T,"In thermally aged β-NiAl coatings, cracks propagate preferentially along β/γ' interfaces and exhibit more tortuous paths compared to as-received coatings.",2024-06-01,,matteroffact,Supported,,Supported,
2301.03473v1_6_F,Conductance fluctuation spectroscopy provides no advantages over conventional methods for identifying BKT transitions in van der Waals heterostructures,2023-01-01,,matteroffact,Refuted,,Refuted,
2311.01879v1_8_T,"In unirradiated FeCrAl ODS steels with 9 wt% Al, the nano-hardness increases linearly with Cr content from 12 wt% to 18 wt%.",2023-11-01,,matteroffact,Supported,,Misleading,
2403.04637v2_18_T,Removing the p-nc-SiO:H layer from the device structure of amorphous silicon thin film solar cells increases the power conversion efficiency from 8.99% to 9.41% for a 300 nm thick active layer,2024-03-01,,matteroffact,Supported,"[{""bias"": ""Time-saving bias"", ""confidence"": 0.8958}]",Refuted,
2311.14529v1_14_T,"The lamella prepared for in-situ scanning X-ray fluorescence measurements of the additively manufactured Al-Mn-Cr-Zr alloy was approximately 10 µm in height, 30 µm in width, and 1 µm in thickness.",2023-11-01,,matteroffact,Supported,"[{""bias"": ""Time-saving bias"", ""confidence"": 0.4402}]",Supported,
2403.18743v1_15_F,The vibrational strong coupling between silicon carbide metasurfaces and polyethylene glycol molecules fails to satisfy the criterion that the Rabi splitting must be larger than the sum of the linewidths of the qBIC and PEG resonances.,2024-03-01,,matteroffact,Refuted,,Refuted,
2205.05514v2_2_T,Subgrains at constituent particles in the recovered Al-Mn alloy have a growth advantage due to lower dislocation density and higher boundary misorientation angle compared to subgrains elsewhere in the microstructure,2022-05-01,,matteroffact,Supported,,Supported,
2311.07316v2_4_F,The critical value of Ni-e_g crystal field splitting for transitioning from d_xy to s_± pairing symmetry is 0.50 eV in both Wannier's model and Luo's model of La₃Ni₂O₇,2023-11-01,,matteroffact,Refuted,"[{""bias"": ""Outcome bias"", ""confidence"": 0.3895}]",Refuted,
2203.07340v1_4_T,The pull-out force of platinum-coated carbon nanotubes from a magnesium matrix (0.727 eV/Å) is approximately five times greater than the pull-out force of uncoated carbon nanotubes (0.175 eV/Å),2022-03-01,,matteroffact,Supported,"[{""bias"": ""Time-saving bias"", ""confidence"": 0.5342}]",Supported,
2402.07147v1_7_F,"Disordered solid solutions in titanium-oxygen alloys are more stable than ordered structures, with several intermediate compounds found below the convex hull linking pure titanium and Ti₆O.",2024-02-01,,matteroffact,Refuted,,Misleading,
2407.20263v1_3_T,The near-equimolar NaCl-CaCl₂ electrolyte mixture used in Na-Zn cells undergoes a volume decrease greater than 9% when solidifying.,2024-07-01,,matteroffact,Supported,,Refuted,
2408.11301v1_10_T,The anisotropic kinetics model uses a velocity function v̂ = κf(0.1 + |∇φ·a|/|∇φ|) where the anisotropy factor 0.1 controls the minimum kinetic response.,2024-08-01,,matteroffact,Supported,,Supported,
2303.09576v1_6_F,"The cubic C15 phase readily forms in hexagonal Mg and C36 phases due to low nucleation barriers, making it easy to observe in all Mg-based alloys with sufficient aluminum content",2023-03-01,,matteroffact,Refuted,"[{""bias"": ""Pro-Innovation Bias"", ""confidence"": 0.3611}]",Misleading,
2311.07943v2_13_T,Air-annealed CaFeAsF represents a new type of hole-doped superconductor in the 1111 system with a critical transition temperature exceeding previously reported hole-doped 1111 superconductors like La₁₋ₓSrₓFeAsO.,2023-11-01,,matteroffact,Supported,,Supported,
2307.04750v1_2_F,Quantum oscillation phases in CsTi₃Bi₅ show a purely 2D character consistent with its cylinder-like Fermi surface geometry.,2023-07-01,,matteroffact,Refuted,"[{""bias"": ""Pro-Innovation Bias"", ""confidence"": 0.4016}]",Supported,
2407.21071v2_6_F,"The optimal resistance distribution for a lithium-ion battery pouch cell to achieve uniform current distribution consists of a linear component R_lin(z) = a₀+a₁z and an exponential component R_exp(y,z) = Σ bₙexp(nπy/Lᵧ)exp(nπz/Lᵧ)",2024-07-01,,matteroffact,Refuted,,Misleading,
2202.02908v1_2_T,"In a polycrystalline material under simple shear loading, the stress-strain curve exhibits two distinct yield points: the first at approximately 0.01 strain corresponding to slip initiation, and the second at approximately 0.04 strain corresponding to twin nucleation.",2022-02-01,,matteroffact,Supported,"[{""bias"": ""Time-saving bias"", ""confidence"": 0.7123}]",Misleading,
2206.11435v1_15_T,"The commercialization of solid-state battery technology is hindered by challenges including low ionic conductivity, poor interfacial stability between the electrolyte and electrodes, small electrochemical windows, and sub-par mechanical properties.",2022-06-01,,matteroffact,Supported,"[{""bias"": ""Attentional bias"", ""confidence"": 0.5894}]",Supported,
2404.05398v1_7_T,The linear thermal expansion coefficient of HfN is 8 × 10^-6 per Kelvin.,2024-04-01,,matteroffact,Supported,"[{""bias"": ""Planning Fallacy"", ""confidence"": 0.4664}]",Misleading,
2407.01918v1_1_T,"In solid electrolytes, the dissipation experienced by mobile ions is lower in stiff, dense materials due to the inverse relationship between dissipation rate and both the cube of the speed of sound and the density of the crystal.",2024-07-01,,matteroffact,Supported,,Supported,
2406.12453v1_11_F,"Sr₃Ni₁.₇₅Al₀.₂₅O₇ exhibits conventional ferromagnetic ordering at low temperatures, characterized by a sharp magnetic transition and rapid saturation of magnetization in applied fields below 1 T.",2024-06-01,,matteroffact,Refuted,,Misleading,
2311.09099v1_13_F,"The permittivity of the mesoporous TiO₂ layer must be determined experimentally for each device, as theoretical approaches cannot account for the complex pore structure and interfacial effects that dominate its electrical properties",2023-11-01,,matteroffact,Refuted,"[{""bias"": ""Bias blind spot"", ""confidence"": 0.551}]",Supported,
2405.09057v1_11_F,Response Matching can only generate Li-S structures that were explicitly included in its training dataset.,2024-05-01,,matteroffact,Refuted,"[{""bias"": ""Bias blind spot"", ""confidence"": 0.855}]",Refuted,
2208.10980v2_11_F,A nanosatellite at a distance of 2 astronomical units from Earth requires at least a 1-meter diameter antenna and 10 W transmitting power to achieve any usable data transmission rate with Earth-based receivers.,2022-08-01,,matteroffact,Refuted,"[{""bias"": ""Planning Fallacy"", ""confidence"": 0.8608}]",Misleading,
2408.03175v1_9_F,"External pressure directly decreases the growth rate of interface undulations in solid-state batteries according to first-order linear stability analysis, making it a primary factor in interface stabilization.",2024-08-01,,matteroffact,Refuted,,Supported,
2304.01314v2_3_T,The machine-learned interatomic potential trained with the small-cell approach predicts the δ-γ phase transition temperature in the Zr-H system to be approximately 150 K higher than the temperature predicted by density functional theory calculations.,2023-04-01,,matteroffact,Supported,"[{""bias"": ""Bias blind spot"", ""confidence"": 0.7499}]",Misleading,
2303.07719v1_14_T,"The 4×4×4 supercell (256 ions) used for molecular dynamics simulations of α-AgI is sufficiently large to avoid finite size effects on diffusion coefficients, as previous studies have shown that such effects are negligibly small in AgI systems.",2023-03-01,,matteroffact,Supported,"[{""bias"": ""Bias blind spot"", ""confidence"": 0.3237}]",Supported,
2404.09806v1_5_F,"The equilibrium β phase volume fraction in Ti-6Al-4V decreases with increasing temperature, dropping to approximately 15% at 850°C.",2024-04-01,,matteroffact,Refuted,,Supported,
2404.05710v1_11_F,"The librational frequency of a magnetically-levitated superconducting rotor can be calculated as ωβ = √(Iy × (∂Ty/∂β|β→β₀)), where Iy is the moment of inertia about the y-axis and β₀ is the equilibrium angle.",2024-04-01,,matteroffact,Refuted,"[{""bias"": ""Planning Fallacy"", ""confidence"": 0.5105}]",Supported,
2209.06065v1_5_T,"For a Gaussian interaction potential in a one-dimensional crystal, the single-pass energy dissipation in the high-velocity limit scales as Δ_fast = 2π³(Φ₀²/ẋ²)(2πλ/ẋ)²(ω_fast² + 1), where Φ₀ is the potential amplitude, λ is the potential width, and ω_fast is the maximum frequency of the chain eigenmodes.",2022-09-01,,matteroffact,Supported,,Supported,
2401.17024v2_0_F,High-throughput screening of X₂MH₆ compounds identified 35 dynamically stable materials with strong electron-phonon coupling at ambient pressure.,2024-01-01,,matteroffact,Refuted,"[{""bias"": ""clustering illusion"", ""confidence"": 0.4539}]",Supported,
2210.06735v1_16_T,"The b-values derived from the relationship between peak current and scan rate for the Al-MoS₂@rGO electrode are 0.98 and 0.82 for anodic and cathodic peaks, respectively, indicating predominantly pseudo-capacitive charge storage behavior.",2022-10-01,,matteroffact,Supported,"[{""bias"": ""subadditivity effect"", ""confidence"": 0.3767}]",Supported,
2402.18588v2_13_F,Spin-orbit coupling in LK-99 has negligible effect on the band structure near the Fermi level and does not create any new band crossings or degenerate points.,2024-02-01,,matteroffact,Refuted,,Misleading,
2406.12453v1_8_F,"Similar to La₃Ni₂O₇, Sr₃Ni₁.₇₅Al₀.₂₅O₇ exhibits significant polymorphism with intergrowth of different phases that limits crystal quality.",2024-06-01,,matteroffact,Refuted,,Supported,
2304.08110v5_2_T,A two-dimensional Chern insulator with dissipation at one boundary exhibits a non-Hermitian skin effect when open boundary conditions are imposed in the direction parallel to the dissipative boundary,2023-04-01,,matteroffact,Supported,,Supported,
2203.00640v1_13_F,The Heisenberg model provides a complete and accurate description of magnetic interactions in itinerant magnetic materials like FeNi across all temperature ranges and magnetic configurations.,2022-03-01,,matteroffact,Refuted,,Refuted,
2401.15420v1_15_F,"Sodium-ion batteries are disadvantageous for energy storage applications due to the limited geographical availability of sodium and its high cost, making them less economical than lithium-ion batteries despite their higher energy density.",2024-01-01,,matteroffact,Refuted,"[{""bias"": ""Whole only effect"", ""confidence"": 0.3936}]",Refuted,
2404.12822v1_14_F,The superior electrochemical performance of NaFe₁.₆V₀.₄(PO₄)(SO₄)₂@CNT cathode primarily results from the formation of a protective surface layer by CNTs that prevents electrolyte decomposition and minimizes capacity loss during cycling.,2024-04-01,,matteroffact,Refuted,,Supported,
2305.02900v1_8_F,The topological Fermi arcs on the two different surface terminations of PtBi₂ become superconducting at the same critical temperature of 20±2K.,2023-05-01,,matteroffact,Refuted,,Refuted,
2310.04841v1_3_F,"In the ground state structure of a metal vacancy in titanium carbide, the carbon-carbon bonds have lengths of approximately 130-135 pm.",2023-10-01,,matteroffact,Refuted,"[{""bias"": ""curse of knowledge"", ""confidence"": 0.3026}]",Misleading,
2311.13599v1_9_T,The coating-alloy interface temperature is highly sensitive to the interfacial emissivity value in the low absorption regime (κ̄L < 1).,2023-11-01,,matteroffact,Supported,,Supported,
2311.15791v1_3_T,1T-TaS₁.₂Se₀.₈ undergoes a phase transition from the NCCDW phase to the mosaic phase at approximately 130 K during cooling.,2023-11-01,,matteroffact,Supported,,Supported,
2304.07224v2_0_T,"In high-temperature cuprate superconductors, a novel collective charge excitation called hyperplasmon type I (HP-I) exists with maximum spectral weight along the antinodal direction.",2023-04-01,,matteroffact,Supported,"[{""bias"": ""curse of knowledge"", ""confidence"": 0.5044}]",Supported,
2203.11013v1_13_T,"Among main group metals, In(OH)₃ exhibits the largest maximum driving force (MDF) at -0.62 eV per In atom, while hydrated Al₂O₃ has the smallest MDF at -0.19 eV per Al atom",2022-03-01,,matteroffact,Supported,"[{""bias"": ""framing effect"", ""confidence"": 0.521}]",Supported,
2308.00412v2_1_T,"The activation energy required for crystallization of yttrium iron garnet (YIG) thin films on gadolinium gallium garnet (GGG) substrates is approximately 3.98 eV, which is lower than the 5.08 eV reported for bulk YIG formation.",2023-08-01,,matteroffact,Supported,"[{""bias"": ""subadditivity effect"", ""confidence"": 0.3139}]",Supported,
2210.10242v2_5_F,"The Mu_KT component in MgH₂ corresponds to the Mu_i⁺ state associated with the donor level, with minimal lattice relaxation around the muon site.",2022-10-01,,matteroffact,Refuted,"[{""bias"": ""Outcome bias"", ""confidence"": 0.4223}]",Supported,
2401.04713v1_12_T,"The perpendicular magnetic anisotropy in TbMn₆Sn₆ thin films is important for opening gaps at Dirac cones, which is connected to the large intrinsic anomalous Hall effect observed in these materials.",2024-01-01,,matteroffact,Supported,,Supported,
2308.00800v1_3_T,"The fracture toughness of AA2024-T351 aluminum sheets varies with orientation, with the L-T orientation (90° to rolling direction) showing approximately 27% higher fracture toughness (44.1 MPa√m) than the T-L orientation (0° to rolling direction, 34.7 MPa√m).",2023-08-01,,matteroffact,Supported,"[{""bias"": ""Time-saving bias"", ""confidence"": 0.8746}]",Supported,
2404.05710v1_6_F,"For an ideal superconducting sphere (χ=-1), the external susceptibility tensor is S = -(1/3)I, where I is the identity matrix.",2024-04-01,,matteroffact,Refuted,,Supported,
2408.03175v1_6_F,A morphogenic interface can only be implemented using electronic sensors and actuators that require external power sources to detect interface morphology and implement feedback.,2024-08-01,,matteroffact,Refuted,"[{""bias"": ""Bias blind spot"", ""confidence"": 0.4001}]",Refuted,
2301.01139v1_2_F,"Noble gases maintain their chemical inertness under all pressure conditions, never forming stable compounds with other elements.",2023-01-01,,matteroffact,Refuted,,Refuted,
2310.03638v1_5_T,"Intermixing at the Pt/Co interface significantly reduces the DMI in Pt/Co/Re thin films, while intermixing at the Co/Re interface has minimal effect.",2023-10-01,,matteroffact,Supported,,Supported,
2402.17557v3_1_F,The room temperature lithium ion diffusivity in Li₍ₓ₎Sr₂Co₂O₅ ranges from 10⁻⁹ to 10⁻⁸ cm²/s depending on lithium concentration.,2024-02-01,,matteroffact,Refuted,,Supported,
2402.05283v3_11_T,"The Carousel Phase Retrieval Algorithm enables real-time 3D reconstruction during experiments by significantly reducing computational time and memory requirements compared to conventional methods, while maintaining or improving reconstruction quality.",2024-02-01,,matteroffact,Supported,"[{""bias"": ""Bias blind spot"", ""confidence"": 0.3908}]",Supported,
2401.08834v1_7_T,"Magnetic measurements of copper-substituted lead oxyapatite reveal a small coercive field of approximately 400 Oe at 2 K, indicating a very weak ferromagnetic component alongside the dominant diamagnetic behavior.",2024-01-01,,matteroffact,Supported,,Supported,
2406.04713v1_12_F,Adjusting the predicted velocity at inference time through anti-annealing is necessary for Riemannian Flow Matching to match the performance of diffusion models on crystal structure prediction,2024-06-01,,matteroffact,Refuted,"[{""bias"": ""Bias blind spot"", ""confidence"": 0.7335}]",Misleading,
2205.05157v1_12_F,"The electro-optic coefficient determination method can only be applied to bulk crystalline materials, not thin films.",2022-05-01,,matteroffact,Refuted,"[{""bias"": ""Bias blind spot"", ""confidence"": 0.4711}]",Refuted,
2305.11842v2_7_F,"Experimental measurements of layered materials show that 2H-NbSe2, 2H-NbS2, and FeSe all have identical superconducting critical temperatures of 10 K.",2023-05-01,,matteroffact,Refuted,,Refuted,
2408.13419v1_5_F,"The high mobility of hydrogen atoms in lanthanum superhydrides at high pressures enhances the stability of the superconducting state, leading to an increase in superconducting critical temperature over time.",2024-08-01,,matteroffact,Refuted,,Misleading,
2303.11179v1_0_T,NaAlSi hosts multiple high-dimension topological states including nodal surfaces and nodal rings that lie close to the Fermi level.,2023-03-01,,matteroffact,Supported,,Supported,
2405.18150v1_14_F,The strong electronic correlations in titanium nitride make it unsuitable for practical applications in quantum computing and superconducting devices due to increased decoherence and instability.,2024-05-01,,matteroffact,Refuted,,Misleading,
2408.15684v1_5_T,Inserting graphene at the Mo foil/CZTSSe interface increases the built-in potential of the solar cell from 0.41 V to 0.51 V,2024-08-01,,matteroffact,Supported,"[{""bias"": ""Time-saving bias"", ""confidence"": 0.9238}]",Supported,
2403.20138v1_5_T,"Na₂.₉W₀.₁Sb₀.₉S₄ exhibits correlated Na-ion diffusion with a Haven ratio of approximately 0.35 ± 0.1 in the cubic phase, indicating significant concerted motion of Na ions.",2024-03-01,,matteroffact,Supported,"[{""bias"": ""subadditivity effect"", ""confidence"": 0.4583}]",Supported,
2208.03296v2_1_F,The DDD-GNN model predicts stress values with a mean absolute error (MAE) of 0.5 MPa and root mean square error (RMSE) of 0.8 MPa in the drag-controlled regime.,2022-08-01,,matteroffact,Refuted,,Supported,
2405.11460v1_14_F,"The electric permittivity of Na₃₊ₓZr₂₋ₓPrₓSi₂PO₁₂ (x = 0.05-0.2) ceramics decreases linearly with temperature due to reduced polarizability of ions, with no frequency dependence in the temperature range of 90-400 K.",2024-05-01,,matteroffact,Refuted,"[{""bias"": ""Outcome bias"", ""confidence"": 0.307}]",Misleading,
2309.17090v2_3_T,The presence of carbon impurities at 100 appm concentration has little effect on nanograin formation in iron under high shear strain.,2023-09-01,,matteroffact,Supported,,Misleading,
2212.13877v1_0_F,"Including electron-phonon interaction contributions to the total energy establishes hexagonal Boron Nitride as the stable polymorph at ambient conditions, regardless of which van der Waals dispersion approximation is used.",2022-12-01,,matteroffact,Refuted,"[{""bias"": ""Bias blind spot"", ""confidence"": 0.5075}]",Supported,
2312.10313v1_12_F,"The BCS theory predicts that the superconducting gap at zero temperature is always exactly half of the critical temperature in energy units (Δ(T=0) = 0.5 kB Tc), with no variation across different materials.",2023-12-01,,matteroffact,Refuted,,Refuted,
2304.04986v3_13_F,"DRXNet learns that multi-elemental substitution in high-entropy disordered rocksalt cathodes increases electronic conductivity through band structure modification, leading to better rate capability.",2023-04-01,,matteroffact,Refuted,"[{""bias"": ""curse of knowledge"", ""confidence"": 0.401}]",Supported,
2401.17024v2_14_T,"The zone-center electron-phonon coupling strength (λ_Γ) serves as an effective descriptor for identifying conventional superconducting materials in hydrides, as demonstrated by the successful prediction of high-T_c compounds in this study.",2024-01-01,,matteroffact,Supported,,Supported,
2308.16621v1_11_F,"Quantitative microstructure data is abundant in metal additive manufacturing literature, enabling machine learning to fully capture process-microstructure-property relationships",2023-08-01,,matteroffact,Refuted,,Misleading,
2310.03638v1_2_T,The micromagnetic DMI in Pt/Co/Re thin films decreases from 9.25 mJ/m² to 1.39 mJ/m² as cobalt thickness increases from 2 to 10 atomic layers.,2023-10-01,,matteroffact,Supported,"[{""bias"": ""Time-saving bias"", ""confidence"": 0.9747}]",Refuted,
2208.10911v1_11_T,MoSeTe anode exhibits higher initial discharge capacity but poorer cycling stability compared to MoTe₂ anode materials for sodium-ion batteries.,2022-08-01,,matteroffact,Supported,"[{""bias"": ""Whole only effect"", ""confidence"": 0.4683}]",Supported,
2306.13006v2_6_F,"Lateral nonuniformities in solar cells primarily affect the photocurrent through recombination centers, with minimal impact on open circuit voltage, explaining current variations between nominally identical devices.",2023-06-01,,matteroffact,Refuted,"[{""bias"": ""Omission bias"", ""confidence"": 0.3668}]",Supported,
2309.14678v2_3_F,"In all β″ aluminas, correlated two-atom vacancy migration processes require significantly more energy than single-atom vacancy migration.",2023-09-01,,matteroffact,Refuted,,Misleading,
2207.11317v1_4_T,The strain aging kinetics of ultra-low carbon steel can be modeled using the Louat-Cottrell-Bilby equation with a maximum yield strength increase of 55 MPa and an activation energy of 85 kJ/mol for carbon diffusion in α-Fe.,2022-07-01,,matteroffact,Supported,,Supported,
2202.01652v1_0_T,Orthorhombic distortions in SrRuO₃ films are suppressed within 2-3 unit cells at the interface with SrTiO₃ substrates due to structural coupling with the cubic substrate.,2022-02-01,,matteroffact,Supported,,Supported,
2205.01504v1_14_T,"In metallic systems with strain gradient effects (kinematic hardening coefficient of 1.2), the maximum stress during tension (550 MPa) is approximately 4% higher than the absolute value of the minimum stress during compression (530 MPa) under cyclic loading.",2022-05-01,,matteroffact,Supported,,Supported,
2404.07848v1_14_F,The capacitance relationship between aqueous solutions and ionic liquids is identical for both planar graphite electrodes and porous carbon electrodes.,2024-04-01,,matteroffact,Refuted,,Refuted,
2305.11961v1_4_F,Implementation of the Single Side Band (SSB) algorithm for sparse 4D Camera data allows a 1024 by 1024 probe position 4D-STEM dataset to be processed by a GPU in less than 0.1 second,2023-05-01,,matteroffact,Refuted,,Misleading,
2408.00042v3_13_F,"BW in space group 141 (I4₁/amd) exhibits symmetry-enforced Z₂ topology but shows no superconducting transition down to 0.1 K, ruling it out as a candidate for topological superconductivity.",2024-08-01,,matteroffact,Refuted,,Supported,
2310.18245v3_0_T,"Nb₃X (X = Ge, Sn, Sb) and Ta₃Y (Y = As, Sb, Bi) A15 compounds host Dirac surface states related to a nontrivial Z₂ topological value.",2023-10-01,,matteroffact,Supported,,Supported,
2405.19082v1_1_T,"The latent space of the trained pVAE organizes microstructural features in a way that correlates with mechanical properties, particularly along the first and third principal components.",2024-05-01,,matteroffact,Supported,"[{""bias"": ""clustering illusion"", ""confidence"": 0.8835}]",Supported,
2303.07504v1_12_T,Energy dispersive X-ray spectroscopy analysis shows that planar defects in Nb-rich Fe-Nb alloys have a significantly higher Nb concentration than the surrounding bulk matrix.,2023-03-01,,matteroffact,Supported,"[{""bias"": ""curse of knowledge"", ""confidence"": 0.3934}]",Supported,
2203.09600v1_0_T,The nonlinear optical response in ITO thin films is dominated by two sub-picosecond processes: intraband transitions excited by sub-bandgap photons and interband transitions excited by high-energy photons.,2022-03-01,,matteroffact,Supported,"[{""bias"": ""curse of knowledge"", ""confidence"": 0.3332}]",Supported,
2301.06756v1_0_F,Solid helium transitions directly from a conventional insulator to a metal without passing through an excitonic insulator phase.,2023-01-01,,matteroffact,Refuted,"[{""bias"": ""curse of knowledge"", ""confidence"": 0.3698}]",Refuted,
2404.17584v1_9_F,Equivariant neural networks can only effectively represent homoanisotropic materials (composed of components with the same symmetry but different orientations) but fail to accurately model heteroanisotropic materials (composed of components with different symmetries).,2024-04-01,,matteroffact,Refuted,"[{""bias"": ""Bias blind spot"", ""confidence"": 0.6336}]",Refuted,
2311.14529v1_15_T,"The Mn-rich precipitates that form at grain boundaries in additively manufactured Al-Mn-Cr-Zr alloys during heat treatment are likely either Al₁₂Mn or Al₆Mn phases, consistent with theoretical predictions.",2023-11-01,,matteroffact,Supported,,Supported,
2210.17428v1_5_F,"Only 50% of bulk and 45% of mono-layer EC-MOF structures in the database have negative formation energies, indicating limited thermodynamic stability across the database.",2022-10-01,,matteroffact,Refuted,"[{""bias"": ""subadditivity effect"", ""confidence"": 0.3747}]",Supported,
2303.01108v1_9_T,"The average cobalt valence in La₀.₅Sr₀.₅Co₁₋ₓNbₓO₃ decreases from 3.5 for x=0 to approximately 3.32 for x=0.1, 3.28 for x=0.15, and 3.1 for x=0.25, as determined by XPS measurements.",2023-03-01,,matteroffact,Supported,"[{""bias"": ""Time-saving bias"", ""confidence"": 0.3807}]",Supported,
2311.07943v2_7_T,The slopes of the upper critical field versus temperature curves near Tc in air-annealed CaFeAsF single crystals are -2.53 T/K for H∥ab and -0.36 T/K for H∥c orientations.,2023-11-01,,matteroffact,Supported,"[{""bias"": ""Time-saving bias"", ""confidence"": 0.5284}]",Supported,
2407.20263v1_8_T,"BaCl₂ can reduce the volume change upon crystallization of the Na-Zn cell electrolyte to 4%, but its toxicity makes it an undesirable alternative to CaCl₂.",2024-07-01,,matteroffact,Supported,"[{""bias"": ""Whole only effect"", ""confidence"": 0.3734}]",Supported,
2303.02540v1_11_T,"The thermal conductivity of rare-earth disilicates decreases with increasing temperature, following the approximate relationship κ(T) ~ 1/T for single-component systems.",2023-03-01,,matteroffact,Supported,,Supported,
2311.02289v1_8_T,"In GW calculations of CsV3Sb5, out-of-plane antimony pz bands experience energy shifts of approximately 1.6 eV, while vanadium dxy/dx²-y² bands experience smaller shifts of approximately 0.65 eV.",2023-11-01,,matteroffact,Supported,"[{""bias"": ""Time-saving bias"", ""confidence"": 0.7298}]",Supported,
2402.08326v2_4_F,The stiffness constant c12 of Al/C60 nanocomposites decreases from 55.7 GPa to 53.5 GPa as the mass fraction of fullerenes increases from 0% to 2%.,2024-02-01,,matteroffact,Refuted,"[{""bias"": ""Time-saving bias"", ""confidence"": 0.9543}]",Supported,
2408.06641v2_11_T,"Doping Cr3Si with Ge, Ga, or Al does not transform the material from brittle to ductile, as indicated by B/G ratios and Poisson ratios that remain below the ductility thresholds.",2024-08-01,,matteroffact,Supported,"[{""bias"": ""Bias blind spot"", ""confidence"": 0.3471}]",Supported,
2402.08834v1_12_T,"The Li13Si4 bulk structure used for tensile stretch simulation consisted of approximately 100,000 atoms with dimensions of 106 Å × 126 Å × 120 Å.",2024-02-01,,matteroffact,Supported,"[{""bias"": ""Outcome bias"", ""confidence"": 0.3092}]",Supported,
2310.03080v2_8_T,Monolayer NbSe2 requires laser pulse intensities of at least 10^11 W/cm^2 to generate significant higher harmonics beyond the fundamental frequency.,2023-10-01,,matteroffact,Supported,"[{""bias"": ""Planning Fallacy"", ""confidence"": 0.352}]",Misleading,
2208.08336v1_3_T,The symmetric localization of Majorana bound states from both sides of a one-dimensional superconducting chain is disrupted by the presence of a half-smeared potential.,2022-08-01,,matteroffact,Supported,"[{""bias"": ""curse of knowledge"", ""confidence"": 0.3787}]",Misleading,
2405.09345v1_3_F,Ferroelectric HZO thin films exhibit an energy storage efficiency of approximately 75% at an electric field of 3.5 MV/cm,2024-05-01,,matteroffact,Refuted,,Misleading,
2301.01139v1_2_T,"Under high pressure, noble gases like xenon and helium form stable compounds with other elements, contradicting their characteristic inertness at ambient conditions.",2023-01-01,,matteroffact,Supported,,Supported,
2406.08682v2_16_T,Graph neural networks enable rapid calculation of statistically significant fatigue indicator parameter extreme value distributions in microstructures with large grain populations that are computationally prohibitive for direct crystal plasticity finite element simulations,2024-06-01,,matteroffact,Supported,"[{""bias"": ""Bias blind spot"", ""confidence"": 0.6988}]",Supported,
2309.13514v2_8_F,"The electronic structure of CsCr₃Sb₅ lacks the characteristic features of kagome lattices, with no flat bands or Dirac points near the Fermi level, which is positioned far (>0.5 eV) from any band edges or van Hove singularities.",2023-09-01,,matteroffact,Refuted,,Supported,
2206.14013v1_15_F,"The refractive index (n) spectra of AlOx-Cu nanocomposites with copper content (τ) greater than 0.48 change monotonically without any peaks, similar to the n spectra of pure aluminum oxide and copper.",2022-06-01,,matteroffact,Refuted,,Refuted,
2304.01934v4_2_T,"Diagonalizing the Mn d block in the full p-d Hamiltonian enhances the calculated energy gap in Li₂MnO₃, but additional adjustments to double counting parameters are necessary to match experimental values.",2023-04-01,,matteroffact,Supported,"[{""bias"": ""Bias blind spot"", ""confidence"": 0.9333}]",Supported,
2304.13927v1_0_T,NIMS-OS is a Python library designed to create a closed loop between artificial intelligence and robotic experiments for automated materials exploration without human intervention.,2023-04-01,,matteroffact,Supported,"[{""bias"": ""curse of knowledge"", ""confidence"": 0.4615}]",Supported,
2206.11435v1_16_T,"Garnet-type electrolytes are derived from ceramic orthosilicates with the general formula A₃B₂(SiO₄)₃, where lithium garnets are created by replacing silicon atoms with lithium, and stuffed lithium garnets with enhanced conductivity have the formula Li₇A₃³⁺B₂⁴⁺O₁₂.",2022-06-01,,matteroffact,Supported,"[{""bias"": ""Outcome bias"", ""confidence"": 0.3986}]",Refuted,
2403.13814v1_4_F,DyFeO₃-based symmetric supercapacitors with acetonitrile-modified electrolyte exhibit 150% capacitance retention at 75°C compared to their performance at 25°C.,2024-03-01,,matteroffact,Refuted,,Refuted,
2405.17947v1_3_T,"At 33.3% oxygen concentration, NbS₂ can theoretically achieve a lithium capacity of 1,459.8 mAh/g, which is more than four times the capacity of pristine NbS₂.",2024-05-01,,matteroffact,Supported,,Supported,
2211.15972v1_2_F,The interlayer ferromagnetic coupling in element-doped CrI3 is caused by the reduction in interlayer distance,2022-11-01,,matteroffact,Refuted,,Misleading,
2211.14626v2_10_T,"Nb/Ru/Sr₂RuO₄ junctions show zero resistance at 1.7 K, which is above the bulk superconducting transition temperature of 1.4 K for Sr₂RuO₄.",2022-11-01,,matteroffact,Supported,"[{""bias"": ""subadditivity effect"", ""confidence"": 0.3328}]",Supported,
2204.04525v1_8_T,"The Ti-Ni-Cu shape memory alloy undergoes approximately 8% lattice strains during phase transformation, which is comparable to the lattice strains experienced by common intercalation materials.",2022-04-01,,matteroffact,Supported,"[{""bias"": ""Outcome bias"", ""confidence"": 0.4004}]",Misleading,
2301.03473v1_3_T,The non-Gaussian resistance fluctuations in the MoS2/NbSe2 heterostructure are primarily caused by long-range correlations among vortices,2023-01-01,,matteroffact,Supported,"[{""bias"": ""curse of knowledge"", ""confidence"": 0.3075}]",Misleading,
2210.03397v3_13_T,The high radiation resistance of the UFG AlMgZnCuAg crossover alloy results from both the thermodynamic stability of T-phase precipitates and the ultra-fine grained structure's ability to absorb radiation-induced point defects,2022-10-01,,matteroffact,Supported,,Supported,
2408.06641v2_8_T,"Doping Cr3Si with Ge, Ga, or Al maintains the metallic character of the structure, with Cr d-orbitals continuing to dominate near the Fermi level.",2024-08-01,,matteroffact,Supported,,Supported,
2210.03397v3_14_F,T-phase precipitates in the UFG AlMgZnCuAg crossover alloy are susceptible to ballistic mixing-assisted dissolution due to their large size and complex interfaces with the aluminum matrix,2022-10-01,,matteroffact,Refuted,,Supported,
2404.17584v1_14_F,The homogenization problem for anisotropic aggregates requires solving the full boundary value problem for each new microstructure and cannot be approximated by neural networks without significant loss of accuracy.,2024-04-01,,matteroffact,Refuted,"[{""bias"": ""Bias blind spot"", ""confidence"": 0.4631}]",Misleading,
2405.09345v1_9_T,Antiferroelectric ZrO2 thin films offer an optimal balance between energy storage density and efficiency compared to ferroelectric and linear dielectric materials,2024-05-01,,matteroffact,Supported,,Misleading,
2210.10242v2_13_F,"The band gap of MgH₂ calculated using the generalized gradient approximation (GGA) is 5.2 eV, which is a direct gap.",2022-10-01,,matteroffact,Refuted,,Refuted,
2304.07326v2_0_F,Lutetium dihydride (LuH2) exhibits a green color at ambient conditions due to its reflectivity profile having a maximum in the green part of the visible spectrum.,2023-04-01,,matteroffact,Refuted,"[{""bias"": ""Pro-Innovation Bias"", ""confidence"": 0.3702}]",Refuted,
2206.15070v1_6_T,"The volumetric number density of modified Z-phase precipitates in 12Cr1MoV steel remains relatively constant at approximately 3 μm⁻³ throughout the creep testing period up to 139,000 hours.",2022-06-01,,matteroffact,Supported,,Supported,
2203.16766v2_6_T,The reflected light from silicon at oblique incidence contains 3rd and 5th harmonic components when the incident light intensity is 10^13 W/cm²,2022-03-01,,matteroffact,Supported,,Refuted,
2403.06305v1_2_T,The lattice mismatch between scandium trifluoride (ScF₃) and lithium fluoride (LiF) at room temperature is 0.355%.,2024-03-01,,matteroffact,Supported,,Refuted,
2304.10279v2_10_T,"In isotropic linear-elastic polycrystals with non-cubic crystal lattices, the intergranular normal-stress distribution under purely hydrostatic loading follows a normal (Gaussian) distribution.",2023-04-01,,matteroffact,Supported,"[{""bias"": ""curse of knowledge"", ""confidence"": 0.4057}]",Refuted,
2309.13514v2_14_F,"In CsCr₃Sb₅, superconductivity emerges independently of the density-wave-like orders, with the maximum superconducting transition temperature occurring at a pressure far from where the density-wave orders are suppressed and where conventional Fermi-liquid behavior persists.",2023-09-01,,matteroffact,Refuted,,Supported,
2307.13990v1_13_F,The predicted finite-energy pairing features in Al/Au heterostructures are too small to be detected with any current experimental techniques and would require at least a decade of technological advancement.,2023-07-01,,matteroffact,Refuted,,Misleading,
2303.01108v1_7_F,"In La₀.₅Sr₀.₅Co₁₋ₓNbₓO₃ with x>0.05, the activation energy decreases with increasing Nb concentration, while the density of states near the Fermi level increases.",2023-03-01,,matteroffact,Refuted,"[{""bias"": ""subadditivity effect"", ""confidence"": 0.4914}]",Misleading,
2402.17557v3_12_F,"In LiSr₂Co₂O₅, all cobalt ions maintain a uniform +3 valence state, similar to the parent compound Sr₂Co₂O₅.",2024-02-01,,matteroffact,Refuted,"[{""bias"": ""subadditivity effect"", ""confidence"": 0.4061}]",Refuted,
2312.05174v1_15_T,Ray tracing simulations show that absorptivity enhancement from nanotexturing increases more rapidly in powder beds with bimodal particle size distributions compared to uniform size distributions,2023-12-01,,matteroffact,Supported,"[{""bias"": ""Bias blind spot"", ""confidence"": 0.3069}]",Supported,
2307.04750v1_14_F,"The Maslov phase contribution to quantum oscillations varies between 0 and 2π for different orbits in CsTi₃Bi₅, with high-frequency orbits having larger Maslov phases than low-frequency orbits.",2023-07-01,,matteroffact,Refuted,,Misleading,
2304.08446v4_9_T,"The CDVAE model generated structures with greater chemical diversity than the training dataset, including materials with more atomic species per formula unit and different stoichiometric ratios.",2023-04-01,,matteroffact,Supported,"[{""bias"": ""clustering illusion"", ""confidence"": 0.3363}, {""bias"": ""Bias blind spot"", ""confidence"": 0.3169}]",Misleading,
2407.20263v1_9_T,"The extrapolated Zn²⁺ self-diffusion coefficient in molten salt at the Na-Zn cell's 600°C operating temperature is approximately 1.4×10⁻⁷ cm²/s, based on measurements in pure ZnCl₂ at lower temperatures.",2024-07-01,,matteroffact,Supported,,Misleading,
2312.10284v1_7_T,"Transition metal dichalcogenide monolayers have absorption coefficients per unit thickness one to two orders of magnitude greater than conventional semiconductors due to the localized nature of their electronic wave functions, which leads to van Hove singularities in the density of states",2023-12-01,,matteroffact,Supported,,Supported,
2305.04262v3_4_F,"During field reduction in FIB-patterned Nb films, magnetic flux is expelled more rapidly from the weak-link region than from pristine regions throughout the entire field reduction process",2023-05-01,,matteroffact,Refuted,"[{""bias"": ""clustering illusion"", ""confidence"": 0.3825}]",Refuted,
2211.09853v1_1_F,The quinary WTaCrVHf refractory amorphous high-entropy alloy crystallizes at a temperature of 600K during thermal annealing.,2022-11-01,,matteroffact,Refuted,"[{""bias"": ""Outcome bias"", ""confidence"": 0.3987}]",Refuted,
2309.07046v1_2_T,"The electronic structure of α-ATB₄ compounds is characterized by the formation of localized molecular-like states of 3d transition metal atom dimers, leading to numerous Van Hove singularities in the electronic spectrum.",2023-09-01,,matteroffact,Supported,,Supported,
2402.18588v2_9_T,"The Berry curvature dipole in LK-99 exhibits sharp peaks at the energy locations of Weyl points, which contribute significantly to the nonlinear Hall current.",2024-02-01,,matteroffact,Supported,,Supported,
2208.03296v2_16_T,The DDD-GNN framework has the potential to incorporate more complex dislocation motion behaviors that are difficult to model with traditional analytical approaches.,2022-08-01,,matteroffact,Supported,"[{""bias"": ""curse of knowledge"", ""confidence"": 0.5118}]",Supported,
2308.00800v1_9_F,"The fatigue degradation function in the phase-field model for AA2024-T351 aluminum is parameterized with α₀=0.01 and ξ=2000, values calibrated using experimental data from specimens with multiple orientations (0°, 45°, and 90°) and load ratios (R=0.1, 0.3, and 0.5).",2023-08-01,,matteroffact,Refuted,,Supported,
2309.13514v2_2_F,"Under high pressure, CsCr₃Sb₅ exhibits superconductivity in the pressure range of 1.0-15.0 GPa, with a maximum superconducting transition temperature of 10.2 K occurring at 7.5 GPa.",2023-09-01,,matteroffact,Refuted,"[{""bias"": ""subadditivity effect"", ""confidence"": 0.3878}]",Supported,
2305.11842v2_7_T,"Experimental measurements of layered materials show that 2H-NbSe2 has a superconducting critical temperature of 8.3 K, 2H-NbS2 has 7.1 K, and FeSe has 7.5 K.",2023-05-01,,matteroffact,Supported,"[{""bias"": ""subadditivity effect"", ""confidence"": 0.3121}]",Supported,
2308.01135v4_15_T,"The phonon band structure of LK-99 shows an absence of dispersive phonons, indicating that the system is constructed from molecular-like blocks rather than having strong lattice-wide vibrational modes.",2023-08-01,,matteroffact,Supported,,Misleading,
2303.11122v1_3_T,MgFe2O4 and MgRh2O4 are the most thermodynamically stable oxide spinels with energy above hull values of 0.000 eV/atom.,2023-03-01,,matteroffact,Supported,"[{""bias"": ""subadditivity effect"", ""confidence"": 0.3015}]",Refuted,
2305.11842v2_4_T,"Using a combination of DFT+U and Quantum Monte Carlo techniques, the maximum critical temperature (Tc) of 2D CrI3 is estimated to be 43.56 K.",2023-05-01,,matteroffact,Supported,,Misleading,
2303.12924v1_10_T,The γ'(L12) precipitate morphology in Co-based superalloys becomes more cubic with increasing double-well barrier height because higher barrier height increases the interfacial free energy between the γ and γ' phases.,2023-03-01,,matteroffact,Supported,"[{""bias"": ""Pro-Innovation Bias"", ""confidence"": 0.3646}]",Supported,
2403.04470v2_6_T,"Ionization plays a crucial role in atomic evaporation, with intense laser fields leading to increased ionization of the molecule, causing stronger Coulomb repulsion that pushes positively charged atoms away from the fixed part of the molecule",2024-03-01,,matteroffact,Supported,,Supported,
2312.07341v1_12_T,"La₃Ni₂O₇ single crystals exhibit occasional stacking faults and regions with deviating stacking orders, including sequences of trilayer blocks and monolayer-bilayer-monolayer sequences, despite the predominance of the monolayer-trilayer structure.",2023-12-01,,matteroffact,Supported,,Supported,
2408.00042v3_12_T,"Crystal symmetries not only lead to symmetry-related copies of topological band features but can themselves enforce certain nontrivial band topologies, such as Weyl points enforced by screw rotations and nodal lines enforced by glide mirrors.",2024-08-01,,matteroffact,Supported,,Supported,
2301.11689v3_3_T,"The sentence-level relevancy classifier for Curie temperature extraction achieves a precision of 0.83, a recall of 0.80, and an F1 score of 0.81 on the test set.",2023-01-01,,matteroffact,Supported,,Supported,
2407.20263v1_14_F,Increasing a Na-Zn cell diaphragm's thickness from 0.5 cm to 5 cm while maintaining the same porosity has no significant effect on the self-discharge rate.,2024-07-01,,matteroffact,Refuted,"[{""bias"": ""Time-saving bias"", ""confidence"": 0.9746}]",Refuted,
2207.07439v2_2_F,"In strain-controlled 3D discrete dislocation dynamics simulations of aluminum single crystals, the stress at a given plastic strain scales with the imposed strain rate according to a power law with an exponent of approximately 0.4",2022-07-01,,matteroffact,Refuted,,Supported,
2406.07144v1_10_T,The formation of high sp³ content in Diamond-Like Carbon coatings occurs through a subplantation mechanism where incoming carbon atoms must have sufficient energy to penetrate the surface but not so high as to cause thermal dissipation in the film.,2024-06-01,,matteroffact,Supported,"[{""bias"": ""Omission bias"", ""confidence"": 0.7096}]",Supported,
2212.03990v2_1_T,"In 4.4 M aqueous solutions, potassium chloride forms ion clusters containing up to 35 ions, while lithium chloride forms clusters containing at most 4 ions.",2022-12-01,,matteroffact,Supported,"[{""bias"": ""subadditivity effect"", ""confidence"": 0.3855}, {""bias"": ""Time-saving bias"", ""confidence"": 0.3365}]",Misleading,
2308.05437v1_5_T,The critical δ/r_o ratio that marks the transition from thin film to bulk behavior in thermal conductivity calculations for 10H-SiC is 0.4.,2023-08-01,,matteroffact,Supported,,Refuted,
2406.13070v1_5_F,"The as-received β-NiAl coating on R125 Ni-based superalloy exhibits a strain-to-failure of over 0.5% at room temperature, which decreases to less than 0.2% at temperatures above 700°C.",2024-06-01,,matteroffact,Refuted,,Supported,
2305.06798v1_4_T,"The natural oscillation frequency and quality factor of nanoribbons increase with increasing tensile strain, consistent with experimental observations in graphene resonators.",2023-05-01,,matteroffact,Supported,"[{""bias"": ""curse of knowledge"", ""confidence"": 0.5426}]",Supported,
2206.14013v1_3_F,Short-period AlOx-Cu multi-layered nanocomposites exhibit optical properties that are a simple combination of metallic and dielectric characteristics without any semiconductor-like features.,2022-06-01,,matteroffact,Refuted,,Refuted,
2407.20263v1_12_T,"Na-Zn cell technology remains at an early stage of development, with most cells constructed to date being unenclosed and operated inside argon-filled gloveboxes to prevent oxidation of their sodium electrodes.",2024-07-01,,matteroffact,Supported,"[{""bias"": ""curse of knowledge"", ""confidence"": 0.4101}]",Supported,
2405.18946v3_9_T,"The two-dimensional electron liquids on TiO₂-terminated and SrO-terminated SrTiO₃(001) surfaces have nearly identical carrier densities despite different defect concentrations, indicating that electrons originate from the bulk rather than from surface defects",2024-05-01,,matteroffact,Supported,,Supported,
2401.15936v1_3_F,The improved performance of selenium thin-film solar cells after closed-space annealing is primarily due to increased carrier mobility in the selenium absorber layer,2024-01-01,,matteroffact,Refuted,"[{""bias"": ""curse of knowledge"", ""confidence"": 0.3664}]",Misleading,
2303.01108v1_3_F,The maximum field-cooled magnetic susceptibility in La₀.₅Sr₀.₅Co₁₋ₓNbₓO₃ increases from approximately 20 emu/mole-Oe for x=0 to 30 emu/mole-Oe for x=0.1 when measured at 100 Oe.,2023-03-01,,matteroffact,Refuted,"[{""bias"": ""Time-saving bias"", ""confidence"": 0.4072}]",Supported,
2204.04525v1_5_F,"Inserting lithium into FePO4 increases all three lattice parameters (a, b, and c), resulting in a net volume increase of approximately 15%.",2022-04-01,,matteroffact,Refuted,,Supported,
2405.17947v1_2_T,The presence of oxygen defects in NbS₂ can double its theoretical lithium capacity from 340.8 mAh/g to 681.6 mAh/g at 16.7% oxygen concentration.,2024-05-01,,matteroffact,Supported,"[{""bias"": ""Time-saving bias"", ""confidence"": 0.6735}]",Supported,
2308.00412v2_13_T,"The mathematical model combining the Avrami and Arrhenius equations allows for the prediction of the time required to achieve fully crystalline yttrium iron garnet (YIG) thin films at any temperature, based on substrate-specific parameters.",2023-08-01,,matteroffact,Supported,"[{""bias"": ""Survivorship bias"", ""confidence"": 0.3793}]",Misleading,
2407.21071v2_0_T,"Graded lithium-ion battery pouch cells can achieve a constant current density of 2667 A m^-2 across the plane, compared to uniform cells which show significant variation with maximum values of 3925 A m^-2 at the tabs and minimum values of 2138 A m^-2 at the opposite end",2024-07-01,,matteroffact,Supported,"[{""bias"": ""Time-saving bias"", ""confidence"": 0.9216}]",Misleading,
2212.02899v1_12_T,"Electronic correlations play a reduced role in LaRh₃B₂ compared to AV₃Sb₅ materials, which can be attributed to the Rh 4d orbitals being less strongly correlated than V 3d orbitals.",2022-12-01,,matteroffact,Supported,"[{""bias"": ""Bias blind spot"", ""confidence"": 0.3214}]",Supported,
2404.16031v1_4_F,The banding instability in rapidly solidified Mg alloy originates primarily from thermal fluctuations at the solid-liquid interface that cause periodic changes in growth rate,2024-04-01,,matteroffact,Refuted,,Supported,
2408.06641v2_16_T,"The dopants (Ge, Ga, Al) contribute to the density of states of Cr3Si without significantly altering the overall electronic structure, maintaining the dominance of Cr d-orbitals near the Fermi level.",2024-08-01,,matteroffact,Supported,,Supported,
2209.06065v1_17_T,"The dynamics of a mobile particle in a one-dimensional crystal model are relevant to experimental systems such as molecular motion in carbon nanotubes, ionic conduction through anisotropic crystals, and motion of atoms or fullerenes in nanowires.",2022-09-01,,matteroffact,Supported,"[{""bias"": ""Pro-Innovation Bias"", ""confidence"": 0.3036}]",Supported,
2206.01072v1_0_F,The combination of conjugate gradient and Newton-Raphson methods requires higher-order spin-spin interactions to identify the ground state magnetic order of finite atomic clusters.,2022-06-01,,matteroffact,Refuted,"[{""bias"": ""clustering illusion"", ""confidence"": 0.3408}, {""bias"": ""curse of knowledge"", ""confidence"": 0.3078}]",Refuted,
2303.00742v2_15_F,"In the nematic N2,4 phase of Bernal bilayer graphene with spin-orbit coupling, Luttinger's theorem is satisfied with Fermi surface degeneracies k5=3 and k4=3, which is compatible with preserving the C3 point group symmetry.",2023-03-01,,matteroffact,Refuted,,Supported,
2211.14626v2_14_F,"Ru inclusions in the Nb/Ru/Sr₂RuO₄ junctions become intrinsically superconducting below 1.0 K, well before the superconducting diode effect reaches its maximum at 0.5 K.",2022-11-01,,matteroffact,Refuted,"[{""bias"": ""subadditivity effect"", ""confidence"": 0.3346}]",Supported,
2408.10146v2_6_T,All-perovskite field-effect transistors using La:BaSnO₃ as the channel and LaInO₃ as the gate dielectric achieve a field-effect mobility exceeding 90 cm²V⁻¹s⁻¹ with an on-off current ratio of 10⁷,2024-08-01,,matteroffact,Supported,,Refuted,
2406.07144v1_5_F,High-quality Diamond-Like Carbon coatings with sp³ content above 50% require elevated deposition temperatures or post-annealing when using Electron Cyclotron Resonance Ion Beam Deposition.,2024-06-01,,matteroffact,Refuted,,Supported,
2205.06855v1_3_T,"Martian regolith samples sintered at 1200°C exhibit a compression modulus of 67.80 MPa, which is approximately 22% higher than the 55.73 MPa compression modulus of Lunar regolith samples sintered under identical conditions.",2022-05-01,,matteroffact,Supported,,Misleading,
2305.06798v1_5_T,The natural oscillation frequency of nanoribbons increases with temperature according to ωo ∝ T^(η/4) (where η ≈ 0.8) due to thermal stiffening of the bending rigidity.,2023-05-01,,matteroffact,Supported,,Supported,
2303.00742v2_3_T,Orbital depairing arising from imperfect layer polarization of electron wavefunctions is the dominant mechanism limiting superconductivity in in-plane magnetic fields in Bernal bilayer graphene with spin-orbit coupling.,2023-03-01,,matteroffact,Supported,,Supported,
2305.11961v1_6_T,The 4D Camera sensor has 10 μm by 10 μm square pixels in a 576 by 576 pixel array,2023-05-01,,matteroffact,Supported,,Supported,
2310.14013v1_7_F,"The distribution of local structural anisotropy (Qk) maintains the same shape with a consistent slope throughout the range Qk < 0 for all Bond numbers from 0 to 272.3, showing no transition in slope at any specific Qk value.",2023-10-01,,matteroffact,Refuted,,Refuted,
2404.12191v1_10_T,"TMM-Sim calculates the absorbed fraction of incident light for each layer in the device, as well as the fractions of light reflected by and transmitted through the device.",2024-04-01,,matteroffact,Supported,"[{""bias"": ""clustering illusion"", ""confidence"": 0.7143}]",Supported,
2408.02909v1_0_T,Flexible polymer micro-lattice structures exhibit superior energy dissipation and structural integrity compared to rigid polymer micro-lattice structures under dynamic impact loading.,2024-08-01,,matteroffact,Supported,,Supported,
2212.02899v1_10_F,"Superconductivity in LaRh₃B₂ is unconventional and primarily driven by electronic correlations rather than phonons, as evidenced by significant discrepancies between the experimentally observed critical temperature and theoretical predictions based on electron-phonon coupling.",2022-12-01,,matteroffact,Refuted,"[{""bias"": ""Bias blind spot"", ""confidence"": 0.6519}]",Supported,
2306.15502v1_9_T,"Scanning NV Magnetometry enables early-stage monitoring of MRAM fabrication processes immediately after bit patterning, before electrical connections are made",2023-06-01,,matteroffact,Supported,"[{""bias"": ""clustering illusion"", ""confidence"": 0.5817}]",Supported,
2208.10911v1_5_T,MoSeTe has a hexagonal crystal structure with lattice parameters a=b=3.53 Å and c=13.882 Å.,2022-08-01,,matteroffact,Supported,"[{""bias"": ""Time-saving bias"", ""confidence"": 0.585}]",Supported,
2404.17584v1_8_F,Combining tensor basis operations with equivariant convolutions creates neural networks that require explicit symmetry constraints and additional regularization to approximate material symmetry properties for anisotropic materials.,2024-04-01,,matteroffact,Refuted,"[{""bias"": ""Bias blind spot"", ""confidence"": 0.6648}]",Misleading,
2404.16031v1_11_T,"The band spacing in rapidly solidified Mg alloy WE43 processed by laser powder-bed fusion is approximately one to two micrometers, with experimental measurements sometimes showing smaller spacings than predicted by phase-field simulations",2024-04-01,,matteroffact,Supported,,Supported,
2311.07316v2_6_T,The average inverse Fermi velocity on the γ Fermi sheet increases from 3.9 eV⁻¹ in Wannier's model to 4.2 eV⁻¹ in Luo's model of La₃Ni₂O₇ due to the larger crystal field splitting in Luo's model,2023-11-01,,matteroffact,Supported,,Supported,
2305.01101v2_15_T,"Multi-task learning enhances the predictive performance of Seebeck coefficient by 71% compared to single-task prediction, while maintaining similar performance for other thermoelectric properties.",2023-05-01,,matteroffact,Supported,,Misleading,
2405.18946v3_11_F,"The two-dimensional electron liquid on TiO₂-terminated SrTiO₃(001) is primarily derived from Ti 3d_{xy} orbitals, while on SrO-terminated surfaces it is primarily derived from O 2p orbitals",2024-05-01,,matteroffact,Refuted,"[{""bias"": ""subadditivity effect"", ""confidence"": 0.3085}]",Supported,
2405.09840v2_0_F,"The impurity contribution to the thermal Hall conductivity in Weyl superconductors increases monotonically with increasing impurity potential strength, reaching its maximum in the unitarity limit.",2024-05-01,,matteroffact,Refuted,,Refuted,
2401.04644v1_11_T,"In Eu₂Ir₂O₇ thin films, electron-electron interaction effects become increasingly dominant at lower temperatures, competing with and eventually overwhelming the weak antilocalization effects below 5 K.",2024-01-01,,matteroffact,Supported,"[{""bias"": ""Risk Compensation"", ""confidence"": 0.5994}]",Supported,
2205.05754v1_12_T,Internal stresses in Mg polycrystals are higher in grain interiors than at grain boundaries due to back stress from piled-up dislocations,2022-05-01,,matteroffact,Supported,"[{""bias"": ""curse of knowledge"", ""confidence"": 0.3059}]",Supported,
2311.13599v1_0_F,Thermal barrier coating materials with normalized absorption lengths less than 0.1 (κ̄L < 0.1) reduce the coating-alloy interface temperature by minimizing radiative heat absorption throughout the coating.,2023-11-01,,matteroffact,Refuted,,Supported,
2304.07326v2_12_T,"The electron-phonon coupling parameter (λ) for LuH1.750 ranges from 0.276 to 0.299 across pressures from 20 to 400 kbar, resulting in calculated superconducting critical temperatures below 0.1 K.",2023-04-01,,matteroffact,Supported,"[{""bias"": ""Time-saving bias"", ""confidence"": 0.4729}]",Supported,
2205.05157v1_10_T,The electro-optic coefficient determination software uses object-oriented programming methodology with a single class implementing core functionalities while remaining convertible to a procedural approach if needed.,2022-05-01,,matteroffact,Supported,"[{""bias"": ""Bias blind spot"", ""confidence"": 0.5358}]",Misleading,
2203.04149v2_7_F,"Conventional electrical methods for battery state estimation provide direct, accurate measurements without model dependencies, while X-ray techniques are widely deployed due to their low cost and absence of radiation concerns.",2022-03-01,,matteroffact,Refuted,,Refuted,
2407.11586v1_9_T,The FeSe/NdFeO3 interface enhances superconductivity in FeSe films compared to surface-doped FeSe films at similar electron doping levels.,2024-07-01,,matteroffact,Supported,,Supported,
2407.15258v1_4_F,"Anion-anion co-doping in Li7PS6 argyrodite has minimal effect on the concentration of each anion in the structure, similar to cation co-doping which generally does not affect anion dopant concentrations.",2024-07-01,,matteroffact,Refuted,,Misleading,
2203.04149v2_4_T,"Ultrasonic resonance can be consistently observed in different types of lithium-ion pouch cells regardless of capacity, with similar resonant frequency patterns appearing in cells ranging from 210 mAh to 7.5 Ah.",2022-03-01,,matteroffact,Supported,"[{""bias"": ""Distinction bias"", ""confidence"": 0.3279}]",Misleading,
2404.05710v1_9_F,"For a spheroid with a=b, the demagnetizing factors satisfy Nab = Nc/2, where Nab is the demagnetizing factor along the a and b axes, and Nc is the demagnetizing factor along the c axis.",2024-04-01,,matteroffact,Refuted,"[{""bias"": ""Time-saving bias"", ""confidence"": 0.3966}]",Supported,
2404.17584v1_8_T,Combining tensor basis operations with equivariant convolutions creates neural networks that inherently preserve material symmetry and equivariance principles for anisotropic materials.,2024-04-01,,matteroffact,Supported,,Supported,
2202.00542v3_0_F,The Quantum Monte Carlo calculated activation barrier for water addition to carbon monoxide adsorbed on Pt/Al(111) is 74.2 ± 1.5 kJ/mol,2022-02-01,,matteroffact,Refuted,"[{""bias"": ""Planning Fallacy"", ""confidence"": 0.4263}]",Supported,
2308.04594v2_8_T,Full cerium substitution in strontium hexaferrite reduces the indirect band gap from approximately 1.74 eV to 0.5 eV due to the formation of localized bands in the gap region.,2023-08-01,,matteroffact,Supported,"[{""bias"": ""Time-saving bias"", ""confidence"": 0.533}]",Misleading,
2303.00846v1_8_F,The hyperuniformity class of vortex matter is an intrinsic property that cannot be modified by selecting superconducting materials with different magneto-elastic coupling strengths.,2023-03-01,,matteroffact,Refuted,"[{""bias"": ""Bias blind spot"", ""confidence"": 0.3359}]",Refuted,
2307.13990v1_0_T,"In an Al/Au heterostructure, the proximity-induced superconducting gap in the Au Rashba surface state is approximately 40-50% of the superconducting gap in Al, with values of 114-153 μeV when the Al gap is 300 μeV.",2023-07-01,,matteroffact,Supported,"[{""bias"": ""Time-saving bias"", ""confidence"": 0.4607}]",Supported,
2304.13927v1_12_T,"The maximum possible discharge time in the electrolyte exploration experiment was 1800 seconds, as the current density during discharge was set to 0.1 mA.",2023-04-01,,matteroffact,Supported,"[{""bias"": ""Planning Fallacy"", ""confidence"": 0.4145}]",Misleading,
2406.13070v1_7_F,The as-received β-NiAl coating on R125 Ni-based superalloy consists of an outer layer with a thickness of 100 ± 5 µm and an interdiffusion zone with a thickness of 25 ± 2 µm.,2024-06-01,,matteroffact,Refuted,,Supported,
2208.04658v1_6_T,"The atomic Fe/O ratio in as-grown SrFe₁₂O₁₉ films is 0.66, while in annealed films it is 0.63, with the latter matching the theoretical value of 0.63 for pure strontium hexaferrite.",2022-08-01,,matteroffact,Supported,,Supported,
2308.04594v2_9_T,"Half cerium substitution (x=0.5) in strontium hexaferrite reduces the bulk modulus from 167.461 GPa to 134.603 GPa and the shear modulus from 71.698 GPa to 54.435 GPa, making the material less stiff.",2023-08-01,,matteroffact,Supported,"[{""bias"": ""Time-saving bias"", ""confidence"": 0.9663}]",Supported,
2203.04149v2_16_T,"The slurry model predicts an overall ultrasonic wave speed of 1360 m/s through the lithium-ion battery cell, which differs by only 3.1% from the experimentally measured value of 1404 m/s.",2022-03-01,,matteroffact,Supported,,Supported,
2310.18102v2_16_T,Moderately hydrogen-doped amorphous boron nitride (around 8 atomic percent) has potential applications in microelectronics as an interconnect material due to its improved thermal stability and mechanical properties,2023-10-01,,matteroffact,Supported,,Supported,
2302.12868v1_8_T,"The transmission coefficient through a porous layer exhibits a cyclic behavior below the critical angle of the fast longitudinal wave due to resonances of the three waves, predominantly the fast longitudinal wave, reverberating between the two boundaries of the layer.",2023-02-01,,matteroffact,Supported,,Supported,
2212.12020v2_5_F,"Introducing one Ge atom defect into the Au-fcc(011)/Ge(001) variant D interface reduces its interfacial energy from 0.437 J/m² to 0.343 J/m², making it energetically comparable to the optimal variant C configuration.",2022-12-01,,matteroffact,Refuted,"[{""bias"": ""Time-saving bias"", ""confidence"": 0.9111}]",Supported,
2303.07719v1_11_F,"At all temperatures from 360K to 1000K, α-AgI exhibits the same distribution of ring structures in the persistence diagram, with no significant changes correlating with the onset of superionic conductivity.",2023-03-01,,matteroffact,Refuted,,Refuted,
2206.11435v1_12_F,"Coulombic interactions between mobile Li⁺ ions and between ions and the lattice play a minimal role in ion migration in cubic LLZO, with van der Waals forces being the dominant factor in determining the energy landscape for ion transport.",2022-06-01,,matteroffact,Refuted,,Refuted,
2407.09880v1_15_F,"Among the three interfaces studied (FeSe/SrVO₃/SrTiO₃, FeSe/SrTiO₃, and FeSe/LaFeO₃), FeSe/SrVO₃/SrTiO₃ exhibits the largest superconducting gap (18 meV) and FeSe/LaFeO₃ the smallest (10 meV), correlating directly with their respective electron doping levels.",2024-07-01,,matteroffact,Refuted,"[{""bias"": ""subadditivity effect"", ""confidence"": 0.4212}]",Supported,
2211.09853v1_0_F,The quaternary WTaCrV refractory amorphous high-entropy alloy maintains its amorphous structure up to a temperature of 1000K during thermal annealing.,2022-11-01,,matteroffact,Refuted,,Supported,
2209.09561v2_9_F,"For AllCompLD carbon foam samples with 85-90% porosity, Fourier's law accurately describes the entire thermal response including the initial transient period following a heat pulse, making the Guyer-Krumhansl equation unnecessary for modeling these materials.",2022-09-01,,matteroffact,Refuted,"[{""bias"": ""Bias blind spot"", ""confidence"": 0.4118}]",Refuted,
2402.09770v1_12_T,Ferroelectricity in In₂Se₃ monolayer is preserved under hole doping up to 1.0 holes per formula unit.,2024-02-01,,matteroffact,Supported,"[{""bias"": ""Outcome bias"", ""confidence"": 0.3735}]",Refuted,
2404.00214v1_11_F,The ferromagnetic ground state in tensile-strained Sr3Ru2O7 films is primarily induced by the suppression of RuO6 octahedral rotation in the ab-plane,2024-04-01,,matteroffact,Refuted,,Misleading,
2307.02870v1_13_T,NMC111 electrodes with smaller secondary particles (3.6 μm radius) and primary particles (0.072 μm radius) deliver approximately 20% higher specific capacity at 5C discharge rate compared to electrodes with larger secondary particles (4.8 μm radius) and primary particles (0.156 μm radius),2023-07-01,,matteroffact,Supported,"[{""bias"": ""Time-saving bias"", ""confidence"": 0.9276}]",Supported,
2208.08336v1_2_F,A half-smeared potential increases the local energy gap in a one-dimensional topological superconductor.,2022-08-01,,matteroffact,Refuted,"[{""bias"": ""curse of knowledge"", ""confidence"": 0.3531}]",Supported,
2206.01072v1_4_T,"The magnetic moments of Fe atoms in chains on Rh(111) surface are approximately 3.17-3.18 μB for interior atoms and 3.26-3.27 μB for edge atoms, while the induced magnetic moments in neighboring Rh atoms are around 0.2 μB.",2022-06-01,,matteroffact,Supported,"[{""bias"": ""Time-saving bias"", ""confidence"": 0.6639}]",Supported,
2309.05880v3_9_F,"RhGe hosts Fermi arc surface states that are confined to small regions of the surface Brillouin zone, connecting projections of bulk Weyl nodes with the same chiral charge.",2023-09-01,,matteroffact,Refuted,,Supported,
2204.07318v3_8_F,"The Direct Integral Approach is limited to harmonic lattice motions and requires additional approximations to account for anharmonic effects, making it less accurate than full phonon calculations.",2022-04-01,,matteroffact,Refuted,"[{""bias"": ""Whole only effect"", ""confidence"": 0.523}, {""bias"": ""Bias blind spot"", ""confidence"": 0.3355}]",Supported,
2309.04053v2_2_T,"Carbon-carbon composites have densities between 1.60-1.98 g/cm³, coefficients of thermal expansion between -0.85 to 1.1 x 10⁻⁶/K, and elastic moduli of approximately 200 GPa.",2023-09-01,,matteroffact,Supported,"[{""bias"": ""Time-saving bias"", ""confidence"": 0.4081}]",Misleading,
2301.06756v1_16_T,The average electron-phonon coupling strength parameter (λ) in metallic helium at 50 terapascals is approximately 0.52.,2023-01-01,,matteroffact,Supported,,Refuted,
2304.10279v2_11_T,"The symmetry of intergranular normal-stress distributions in isotropic linear-elastic polycrystals is controlled by the third deviatoric stress invariant J3, with J3=0 producing symmetric distributions.",2023-04-01,,matteroffact,Supported,,Supported,
2302.12868v1_4_T,"At low frequencies where the wavelength is substantially larger than the sample thickness, the transmission coefficient through a thin solid layer approaches unity, indicating nearly complete energy transmission regardless of incident angle.",2023-02-01,,matteroffact,Supported,,Supported,
2305.11842v2_16_F,"JARVIS restricts access to its data and tools, requiring paid subscriptions and limiting reproducibility by not sharing raw input and output files.",2023-05-01,,matteroffact,Refuted,"[{""bias"": ""Bias blind spot"", ""confidence"": 0.3596}]",Refuted,
2304.08966v2_1_T,Machine learning predictions of electron density in metal electrodes using SALTED/LODE models achieve a speedup of approximately 3000 times compared to DFT calculations.,2023-04-01,,matteroffact,Supported,"[{""bias"": ""Pro-Innovation Bias"", ""confidence"": 0.3321}, {""bias"": ""Bias blind spot"", ""confidence"": 0.3242}]",Supported,
2303.02441v2_7_F,The ρ-CP framework can only simulate idealized cubic grain structures and cannot handle experimentally measured microstructures.,2023-03-01,,matteroffact,Refuted,"[{""bias"": ""Bias blind spot"", ""confidence"": 0.5583}]",Refuted,
2407.04126v2_13_F,"The impact of grain boundaries on Li-ion diffusion in polycrystalline Li₆PS₅Cl remains significant even for grain sizes above 5000 nanometers, contradicting experimental observations",2024-07-01,,matteroffact,Refuted,,Refuted,
2403.13710v1_16_F,"NV center magnetometry can directly visualize the quantum spin Hall edge states in topological insulators, revealing their helical spin structure with nanometer resolution.",2024-03-01,,matteroffact,Refuted,"[{""bias"": ""curse of knowledge"", ""confidence"": 0.5057}]",Misleading,
2311.07943v2_6_T,The diffraction peak shift caused by air annealing is 0.016° in single-crystalline CaFeAsF samples and 0.070° in polycrystalline samples.,2023-11-01,,matteroffact,Supported,"[{""bias"": ""Time-saving bias"", ""confidence"": 0.5337}]",Supported,
2405.07614v1_7_T,"The calculated or estimated Na-ion migration barriers in transition metal oxyfluoride perovskites under 5% homogeneous tensile strain are 636 meV for TiOF2, 417 meV for NaTiOF2, 888 meV for VOF2, 553 meV for NaVOF2, 957 meV for CrOF2, and 607 meV for NaMnOF2, all below the 1000 meV threshold.",2024-05-01,,matteroffact,Supported,"[{""bias"": ""subadditivity effect"", ""confidence"": 0.9106}]",Supported,
2205.05754v1_10_T,The dislocation glide velocity in the model follows a thermally activated process described by vᵛ = v₀exp(-Q/kT)sinh(Va/kT τeffᵛ) where τeffᵛ is the effective resolved shear stress,2022-05-01,,matteroffact,Supported,,Supported,
2309.04053v2_6_T,"The refractory multi-principal element alloy MoNbTaVW has a yield strength of 1246 MPa and a density of 12.4 g/cm³, while NbMoTiVZr has a yield strength of 1785 MPa and a density of 7.1 g/cm³.",2023-09-01,,matteroffact,Supported,"[{""bias"": ""Time-saving bias"", ""confidence"": 0.499}]",Misleading,
2203.08413v3_5_F,"In superconductor-magnetic insulator nanowire hybrid systems, finite low-bias non-local conductance emerges before the topological phase transition in clean nanowires.",2022-03-01,,matteroffact,Refuted,"[{""bias"": ""curse of knowledge"", ""confidence"": 0.5289}]",Supported,
2309.07046v1_7_T,"MgFeB₄ is thermodynamically stable over an extensive temperature range, but its synthesis is hindered by kinetic factors including the formation of intermediate phases that consume reaction energy.",2023-09-01,,matteroffact,Supported,"[{""bias"": ""Whole only effect"", ""confidence"": 0.3068}]",Supported,
2407.20263v1_15_F,"Na-Zn cells have a relatively low open-circuit voltage of 0.9V, which arises from the small difference between the decomposition potentials of NaCl and ZnCl₂.",2024-07-01,,matteroffact,Refuted,,Supported,
2308.16621v1_13_F,"Consolidation is the most important and sufficient quality indicator for metal additive manufacturing builds, superseding mechanical properties in importance",2023-08-01,,matteroffact,Refuted,,Refuted,
2202.12952v1_5_F,"The characteristic temperature of magnetic correlations in cuprates decreases linearly with doping according to the relation T_max ≈ J(1-3p), where J is the magnetic exchange energy.",2022-02-01,,matteroffact,Refuted,,Misleading,
2404.11300v1_12_T,"In a skewed non-Fermi liquid state, the inelastic scattering rate has the form 1/τ_in ∝ (πT)ᵛ g(ω/T), where g(x) becomes asymmetric when the asymmetry parameter α is non-zero",2024-04-01,,matteroffact,Supported,,Supported,
2407.11586v1_15_F,The FeSe/NdFeO3 interface is unsuitable for studying magnetism because NdFeO3 lacks any magnetic ordered states.,2024-07-01,,matteroffact,Refuted,,Refuted,
2310.03638v1_2_F,The micromagnetic DMI in Pt/Co/Re thin films increases from 9.25 mJ/m² to 15.5 mJ/m² as cobalt thickness increases from 2 to 10 atomic layers.,2023-10-01,,matteroffact,Refuted,"[{""bias"": ""Time-saving bias"", ""confidence"": 0.9671}]",Supported,
2405.18939v1_15_T,"The Raman spectra of (LaSe)₁.₁₄(NbSe₂)₂ show distinct polarization dependence, with modes at 42.6, 153, and 269 cm⁻¹ appearing primarily in crossed polarization, while modes at 99.0, 148, 229, 267, and 320 cm⁻¹ appear primarily in parallel polarization.",2024-05-01,,matteroffact,Supported,"[{""bias"": ""subadditivity effect"", ""confidence"": 0.572}]",Supported,
2210.01894v1_3_F,"The single-step nucleation pathway in Al₅₀Ni₅₀ is primarily determined by the two-step nucleation behavior of pure Ni, while the nucleation pathway in Al₂₅Ni₇₅ is independent of pure element nucleation behaviors.",2022-10-01,,matteroffact,Refuted,"[{""bias"": ""Whole only effect"", ""confidence"": 0.3332}, {""bias"": ""Bias blind spot"", ""confidence"": 0.3134}]",Refuted,
2305.11008v1_11_T,"During ultrashort pulse laser annealing of MoS₂ films, direct absorption in the MoS₂ layer is the main mechanism for heat development, while substrate heating effects can be neglected.",2023-05-01,,matteroffact,Supported,"[{""bias"": ""Omission bias"", ""confidence"": 0.3379}]",Misleading,
2408.01267v4_9_T,"NaNiO₂ exhibits positive thermal expansion through the Jahn-Teller transition, which is consistent with a displacive transition mechanism.",2024-08-01,,matteroffact,Supported,,Refuted,
2312.05174v1_12_T,Nanotextured powders enable printing of pure copper at energy densities comparable to those used for readily printable materials like stainless steel and titanium alloys,2023-12-01,,matteroffact,Supported,"[{""bias"": ""curse of knowledge"", ""confidence"": 0.4701}]",Supported,
2205.07413v1_0_T,"Vacancy formation energy distributions in Nb-Mo-Ta-W alloys have tails that extend into negative values, leading to spontaneous vacancy formation at edge dislocation cores.",2022-05-01,,matteroffact,Supported,,Supported,
2407.21337v1_17_T,Combining rigid blocks with space group symmetry reduces the dimensionality of the phase space for Li₃PS₄ from 48 to 11 dimensions in space group Pmn2₁(31).,2024-07-01,,matteroffact,Supported,"[{""bias"": ""Time-saving bias"", ""confidence"": 0.3204}, {""bias"": ""Outcome bias"", ""confidence"": 0.3042}]",Supported,
2405.18946v3_3_F,The lifting of Kramers degeneracy in the two-dimensional electron liquid on TiO₂-terminated SrTiO₃(001) is primarily caused by strong spin-orbit coupling through the Rashba effect,2024-05-01,,matteroffact,Refuted,,Misleading,
2304.03740v1_9_T,"Increased kinetic undercooling at high growth rates can lead to fully coupled growth of aluminum and silicon phases, causing the silicon phase to lose its faceted growth characteristics and adopt a more isotropic morphology.",2023-04-01,,matteroffact,Supported,"[{""bias"": ""Omission bias"", ""confidence"": 0.3078}]",Supported,
2404.09806v1_6_T,"The transformation rate of martensite decomposition in Ti-6Al-4V increases with temperature, with complete decomposition achievable at 800°C within the timeframe of typical heat treatments.",2024-04-01,,matteroffact,Supported,"[{""bias"": ""Pro-Innovation Bias"", ""confidence"": 0.5943}]",Misleading,
2306.00139v1_8_F,"The electronic paddle-wheel mechanism in monatomic superionic conductors like AgI is identical to molecular paddle-wheels, with cation motion occurring through discrete hopping events in both cases.",2023-06-01,,matteroffact,Refuted,,Misleading,
2403.08237v2_2_T,The Li/vacancy order-disorder transition in Li₂ZrCl₆ with ordered Zr occurs at approximately 500 K,2024-03-01,,matteroffact,Supported,,Supported,
2401.06319v2_13_T,"The d-bands in Cu and Au begin to contribute to the electron density of states below -1.5 eV relative to the Fermi level, while in Ag they start contributing below -2.75 eV.",2024-01-01,,matteroffact,Supported,"[{""bias"": ""Time-saving bias"", ""confidence"": 0.348}]",Supported,
2310.13945v1_12_T,The F4̄3m Sr₂B₅ structure could potentially be synthesized using large-volume press techniques at moderate pressures (34-65 GPa) and high temperatures (up to 2000 K).,2023-10-01,,matteroffact,Supported,,Supported,
2310.15331v2_7_T,"The quasiparticle interference data from the surface layer of Sr2RuO4 exhibits a small nematic term breaking the four-fold rotation symmetry by approximately 1 meV, which can be modeled by a 0.5% anisotropy in the nearest-neighbor hopping parameters.",2023-10-01,,matteroffact,Supported,"[{""bias"": ""Time-saving bias"", ""confidence"": 0.5223}]",Supported,
2404.05644v1_1_F,Solid-solid crystallization in CsPbI₃ occurs uniformly throughout the material regardless of initial nucleus size,2024-04-01,,matteroffact,Refuted,,Refuted,
2202.12952v1_11_F,"The pseudogap phase in cuprate superconductors is characterized by the presence of preformed Cooper pairs with d-wave symmetry, similar to those in the superconducting state but lacking phase coherence.",2022-02-01,,matteroffact,Refuted,"[{""bias"": ""curse of knowledge"", ""confidence"": 0.3232}]",Supported,
2306.00139v1_1_T,"In superionic AgI at 750 K, iodide lone pair electrons rotate with a relaxation time of approximately 0.4-0.5 picoseconds.",2023-06-01,,matteroffact,Supported,,Supported,
2310.14013v1_0_T,"As the Bond number increases from 0 to 272.3 in powder spreading simulations, the mean packing fraction of the deposited powder layer decreases by nearly 60%, from approximately 0.60 to 0.25.",2023-10-01,,matteroffact,Supported,"[{""bias"": ""Time-saving bias"", ""confidence"": 0.952}]",Supported,
2402.05283v3_15_F,"The Carousel Phase Retrieval Algorithm is fundamentally limited to single-processor implementations and cannot be effectively parallelized across multi-core, multi-CPU, or multi-GPU systems due to its sequential carousel approach.",2024-02-01,,matteroffact,Refuted,"[{""bias"": ""Bias blind spot"", ""confidence"": 0.3036}]",Refuted,
2404.05820v1_12_T,"Introducing oxygen substitution at fluorine sites in weberite structures could potentially increase calcium content, lower migration barriers, and enable voltage tuning due to the weaker calcium-oxygen bonds compared to calcium-fluorine bonds.",2024-04-01,,matteroffact,Supported,"[{""bias"": ""Pro-Innovation Bias"", ""confidence"": 0.6774}]",Supported,
2308.05437v1_8_T,"As the δ/r_o ratio increases from 0.01 to 0.4, the relationship between apparent thermal conductivity (K_app) and film thermal conductivity (K_f) transitions from highly concave to linear, with 0.4 marking the critical transition from thin film to bulk behavior.",2023-08-01,,matteroffact,Supported,,Supported,
2302.04385v2_13_T,"The flash/quench technique opens a new avenue for electric field/quench control of structure and properties in layered perovskite oxides, potentially leading to new functionality.",2023-02-01,,matteroffact,Supported,"[{""bias"": ""Pro-Innovation Bias"", ""confidence"": 0.9025}]",Supported,
2204.04525v1_12_F,"Electrochemical insertion of lithium into cubic LiMn2O4 maintains the cubic structure while slightly expanding the unit cell dimensions, resulting in a fully reversible transformation.",2022-04-01,,matteroffact,Refuted,,Supported,
2203.16766v2_3_T,A smearing method at the interface between vacuum and medium is effective for achieving numerical stability in simulations of light propagation at oblique incidence,2022-03-01,,matteroffact,Supported,"[{""bias"": ""curse of knowledge"", ""confidence"": 0.4526}]",Supported,
2402.08326v2_6_F,"The shear modulus of fullerene C60 calculated using different methods (analytical model, DFT, and Tersoff potential) falls within the range of 20-25 GPa, which is comparable to that of aluminum (26 GPa).",2024-02-01,,matteroffact,Refuted,,Misleading,
2304.05231v1_1_F,"For a given initial pressure p₀ and projectile mass m, the theoretical kinetic energy can be estimated as Ep = λp₀ (where λ = 20.9 J/bar), and the actual output kinetic energy is approximately 90% of this value when using two sabots.",2023-04-01,,matteroffact,Refuted,"[{""bias"": ""Time-saving bias"", ""confidence"": 0.3434}]",Misleading,
2203.09600v1_5_T,"The magnitude of nonlinearity in ITO films increases as the non-parabolicity parameter Eg decreases from 2.8 eV to 2.0 eV, with smaller Eg values representing larger non-parabolicity.",2022-03-01,,matteroffact,Supported,"[{""bias"": ""Time-saving bias"", ""confidence"": 0.7966}]",Supported,
2212.03527v1_12_F,"The total volume fraction of particles in the cold-rolled and non-isothermally annealed Al-Mn alloy increases from approximately 1% to 5% during recovery and recrystallization, with constituent particles showing a significant increase in volume fraction.",2022-12-01,,matteroffact,Refuted,,Supported,
2309.01755v1_8_F,"The conduction bands of Pb₁₀(PO₄)₆O₄ at the k_z=0 plane exhibit a wide band width of 500 meV, while the valence bands show a band width of approximately 300 meV.",2023-09-01,,matteroffact,Refuted,"[{""bias"": ""Time-saving bias"", ""confidence"": 0.4559}]",Refuted,
2304.07224v2_9_F,"In high-temperature cuprate superconductors, the quasi-one-dimensional plasmon (1DP) emerges only over a narrow momentum region with q_x between 0.4π and 0.5π along the antinodal direction.",2023-04-01,,matteroffact,Refuted,"[{""bias"": ""subadditivity effect"", ""confidence"": 0.5464}]",Supported,
2405.19082v1_10_F,The variance in mechanical properties of AlSi10Mg stochastic volume elements (SVEs) increases linearly with SVE size.,2024-05-01,,matteroffact,Refuted,,Refuted,
2303.04621v2_7_F,"All Type 1 and Type 2 twins in cubic lattices must be compound twins, meaning every Type 1 twin is also a Type 2 twin and vice versa.",2023-03-01,,matteroffact,Refuted,,Refuted,
2408.15684v1_6_F,Inserting graphene at the Mo foil/CZTSSe interface increases the recombination resistance of the solar cell from 3.53 kΩ to 5.25 kΩ,2024-08-01,,matteroffact,Refuted,"[{""bias"": ""Time-saving bias"", ""confidence"": 0.9663}]",Supported,
2308.05532v1_13_T,The addition of reinforcing particles to the AlSi7Mg matrix in metal matrix syntactic foams increases the compressive strength of the material.,2023-08-01,,matteroffact,Supported,"[{""bias"": ""Bias blind spot"", ""confidence"": 0.4031}]",Supported,
2406.09461v1_9_F,The thermodynamic driving force for α→ω phase transformation in zirconium at 4.55 GPa is 36.34 MPa (36.34×10^6 J/m^3 or 508.40 J/mol),2024-06-01,,matteroffact,Refuted,"[{""bias"": ""Planning Fallacy"", ""confidence"": 0.385}]",Refuted,
2212.06128v1_5_T,"Cu impurities in FeSe at high pressures lead to phase separation between superconducting and magnetic phases, with the magnetic phase becoming glassy rather than exhibiting long-range order.",2022-12-01,,matteroffact,Supported,"[{""bias"": ""Omission bias"", ""confidence"": 0.5124}]",Supported,
2405.17947v1_10_F,"During lithiation, NbS₂ undergoes complete structural transformation even at low lithium content, with no distinction between intercalation and conversion reaction phases regardless of defect presence.",2024-05-01,,matteroffact,Refuted,,Refuted,
2304.02586v1_0_T,Sr₂RuO₄ exhibits electronic nematic order in its normal state that spontaneously breaks the four-fold rotational symmetry of the crystal.,2023-04-01,,matteroffact,Supported,,Supported,
2403.13323v1_1_F,"In high-entropy alloys, the size of cations plays a more dominant role than their charge in the formation of Frenkel defects.",2024-03-01,,matteroffact,Refuted,"[{""bias"": ""curse of knowledge"", ""confidence"": 0.5858}]",Misleading,
2408.03175v1_12_F,"The morphogenic interface (MINT) concept involves creating a thick, rigid barrier between the electrode and electrolyte that physically prevents any deformation or movement of the interface during battery operation.",2024-08-01,,matteroffact,Refuted,,Refuted,
2311.07943v2_15_F,"In air-annealed CaFeAsF, the structural transition characteristic of pristine CaFeAsF is completely suppressed when superconductivity emerges.",2023-11-01,,matteroffact,Refuted,,Misleading,
2306.02233v1_14_T,"Density functional theory calculations predict that rocksalt Mg3WN4 is 0.031 eV/atom above the convex hull, hexagonal boron nitride Mg3WN4 is 0.034 eV/atom above the hull, and wurtzite Mg3WN4 is 0.063 eV/atom above the hull",2023-06-01,,matteroffact,Supported,"[{""bias"": ""Time-saving bias"", ""confidence"": 0.3128}]",Supported,
2212.12020v2_5_T,"Introducing three Ge atom defects into the Au-fcc(011)/Ge(001) variant D interface reduces its interfacial energy from 0.437 J/m² to 0.343 J/m², making it energetically comparable to the optimal variant C configuration.",2022-12-01,,matteroffact,Supported,"[{""bias"": ""Time-saving bias"", ""confidence"": 0.7674}]",Supported,
2310.03080v2_3_T,The experimentally observed charge density wave (CDW) distortion in monolayer NbSe2 does not significantly alter its high harmonic generation spectrum compared to the pristine 2H phase.,2023-10-01,,matteroffact,Supported,"[{""bias"": ""Bias blind spot"", ""confidence"": 0.5121}]",Misleading,
2206.14013v1_6_T,"AlOx-Cu multi-layered nanocomposites display a broad peak in spectral reflectance located in the energy range from 2.2 eV to 5.6 eV, with the onset of this peak shifting to lower energies as copper content (τ) increases.",2022-06-01,,matteroffact,Supported,,Supported,
2311.13599v1_11_T,The 'black GZO' material exhibits integrated absorption over the measured spectral band that is nearly sixty times larger than the absorption of Yb₂Zr₂O₇.,2023-11-01,,matteroffact,Supported,,Refuted,
2406.11763v1_6_F,"Photon absorption in Hf0.5Zr0.5O2 thin films creates new oxygen vacancies through direct photolysis of the metal-oxygen bonds, increasing the overall vacancy concentration in the material.",2024-06-01,,matteroffact,Refuted,,Misleading,
2204.07318v3_8_T,"The Direct Integral Approach naturally includes both harmonic and anharmonic lattice motions in its calculations, providing more accurate thermodynamic properties than methods based on quasi-harmonic approximations.",2022-04-01,,matteroffact,Supported,"[{""bias"": ""Bias blind spot"", ""confidence"": 0.7386}]",Supported,
2309.04053v2_5_T,ZrB₂-SiC and HfB₂-SiC ceramics can maintain specific strengths greater than 460 MPa at temperatures of 2500°C with densities of 5.5 g/cm³ and exhibit superior oxidation resistance up to approximately 1650°C.,2023-09-01,,matteroffact,Supported,,Supported,
2407.09880v1_11_T,"The Fermi surface of monolayer FeSe/SrVO₃/SrTiO₃ consists of two elliptical electron pockets at the Brillouin zone corner with no hole pocket at the zone center, indicating heavy electron doping similar to FeSe/SrTiO₃ and FeSe/LaFeO₃.",2024-07-01,,matteroffact,Supported,,Supported,
2311.07943v2_12_F,The superconducting state in air-annealed CaFeAsF is homogeneous throughout the entire sample volume regardless of the oxygen distribution.,2023-11-01,,matteroffact,Refuted,,Refuted,
2405.18939v1_11_T,"In (LaSe)₁.₁₄(NbSe₂)₂, the A₁g modes from the NbSe₂ subunit are primarily active in parallel polarization, while the Eg modes are active in both parallel and crossed polarizations.",2024-05-01,,matteroffact,Supported,"[{""bias"": ""subadditivity effect"", ""confidence"": 0.4336}]",Supported,
2402.08326v2_6_T,"The shear modulus of fullerene C60 calculated using different methods (analytical model, DFT, and Tersoff potential) falls within the range of 97-138 GPa, which is lower than that of diamond but higher than that of aluminum (26 GPa).",2024-02-01,,matteroffact,Supported,,Supported,
2404.11300v1_12_F,"In a skewed non-Fermi liquid state, the inelastic scattering rate has the form 1/τ_in ∝ (πT)ᵛ g(ω/T), where g(x) remains symmetric regardless of the value of the asymmetry parameter α",2024-04-01,,matteroffact,Refuted,,Refuted,
2311.08257v1_15_F,"The spin mixing conductance in Ni81Fe19/NbN bilayers is independent of NbN thickness, with all samples showing identical values and temperature dependence regardless of the NbN layer thickness.",2023-11-01,,matteroffact,Refuted,,Refuted,
2202.12952v1_11_T,"The pseudogap phase in cuprate superconductors is characterized by the presence of incoherent pairons, which are bound pairs of holes formed in the local antiferromagnetic environment.",2022-02-01,,matteroffact,Supported,"[{""bias"": ""curse of knowledge"", ""confidence"": 0.3592}]",Misleading,
2311.12681v2_14_F,"Surface layers in a-SiC:H parallel plate capacitors affect the microwave loss, frequency shift, and frequency noise in exactly the same way, with all three properties showing identical thickness dependencies that are significantly stronger than expected for a uniform dielectric.",2023-11-01,,matteroffact,Refuted,"[{""bias"": ""Distinction bias"", ""confidence"": 0.3079}]",Refuted,
2307.06904v3_0_T,"Lifshitz transitions in LaVO3/KTaO3 heterostructures occur between the interfacial Ta 5d_xy band and the V 3d_xz,yz bands near the interface, rather than within the t2g manifold of the interfacial transition metal.",2023-07-01,,matteroffact,Supported,,Supported,
2407.20263v1_4_T,"For thermal neutrons with a mean energy of 25 meV, chlorine has the highest neutron attenuation coefficient (1.33 cm⁻¹) among the main elements in Na-Zn cells, while sodium has a much lower coefficient (0.09 cm⁻¹).",2024-07-01,,matteroffact,Supported,"[{""bias"": ""Time-saving bias"", ""confidence"": 0.7466}]",Supported,
2303.07504v1_14_T,"Ca columns in C15-like planar defects in Mg-Al-Ca alloys are prone to electron beam damage, with bright contrast at Ca column positions disappearing after prolonged imaging.",2023-03-01,,matteroffact,Supported,,Supported,
2405.09840v2_1_F,The extrinsic anomalous thermal Hall effect in Weyl superconductors is primarily determined by the total density of states at the Fermi energy rather than the slope of the density of states.,2024-05-01,,matteroffact,Refuted,,Supported,
2405.19935v1_7_T,"In magnetically doped topological insulators, the bulk gap of the quantum anomalous Hall system can be tuned by tilting the external magnetic field away from the perpendicular direction, providing an experimental knob to control the non-universal corrections to Hall conductance.",2024-05-01,,matteroffact,Supported,"[{""bias"": ""clustering illusion"", ""confidence"": 0.3758}, {""bias"": ""Bias blind spot"", ""confidence"": 0.3057}]",Supported,
2403.18743v1_1_F,Silicon carbide metasurfaces supporting quasi-bound states in the continuum exhibit resonance frequencies that shift significantly with changes in the incident angle of illumination.,2024-03-01,,matteroffact,Refuted,"[{""bias"": ""clustering illusion"", ""confidence"": 0.4121}, {""bias"": ""curse of knowledge"", ""confidence"": 0.3258}]",Supported,
2306.10385v2_14_F,"Molecular dynamics simulations of AlF₃ intercalation in graphite were performed with molecular densities of 0.5 and 1.0 AlF₃/nm² per layer, chosen to maximize computational efficiency rather than match experimental observations.",2023-06-01,,matteroffact,Refuted,"[{""bias"": ""Bias blind spot"", ""confidence"": 0.8487}]",Supported,
2404.05710v1_6_T,"For an ideal superconducting sphere (χ=-1), the external susceptibility tensor is S = -(3/2)I, where I is the identity matrix.",2024-04-01,,matteroffact,Supported,,Supported,
2302.14231v2_6_F,The CHGNet model contains over 1 million trainable parameters.,2023-02-01,,matteroffact,Refuted,"[{""bias"": ""clustering illusion"", ""confidence"": 0.4713}]",Refuted,
2202.02908v1_15_F,"Elastic anisotropy in polycrystalline materials has minimal influence on the nucleation and evolution of twinning and slip deformation, which are primarily determined by the critical resolved shear stress.",2022-02-01,,matteroffact,Refuted,,Misleading,
2212.09357v1_6_T,The nonlinear acoustic parameter β' in annealed aluminum samples has a mean value of 1.0×10^-5 m V^-1 with a dispersion of 0.1×10^-5 m V^-1,2022-12-01,,matteroffact,Supported,"[{""bias"": ""Time-saving bias"", ""confidence"": 0.7062}]",Refuted,
2310.18102v2_16_F,Highly hydrogen-doped amorphous boron nitride (above 15 atomic percent) has potential applications in microelectronics as an interconnect material due to its improved thermal stability and mechanical properties,2023-10-01,,matteroffact,Refuted,"[{""bias"": ""Pro-Innovation Bias"", ""confidence"": 0.3059}]",Supported,
2203.16766v2_0_T,The computational cost of simulating light propagation at oblique incidence using the multiscale Maxwell-TDDFT method is similar to that of simulating light propagation at normal incidence,2022-03-01,,matteroffact,Supported,,Refuted,
2211.06285v2_3_F,"The screened Coulomb interaction in V₂O₅ changes substantially under structural distortions, requiring recalculation for each distorted structure to obtain accurate results.",2022-11-01,,matteroffact,Refuted,"[{""bias"": ""Bias blind spot"", ""confidence"": 0.7571}]",Supported,
2404.17584v1_15_T,"Polycrystalline materials can be represented as aggregates of subdomains with different material symmetries, where each subdomain has a constant structure tensor that characterizes its anisotropy.",2024-04-01,,matteroffact,Supported,"[{""bias"": ""clustering illusion"", ""confidence"": 0.5726}]",Supported,
2301.11689v3_6_T,"A random forest model trained on the combined BERT-PSIE and ChemDataExtractor Curie temperature dataset achieves an R² of 0.69 and a mean absolute error (MAE) of 118 K, outperforming models trained on either dataset individually.",2023-01-01,,matteroffact,Supported,,Supported,
2303.09576v1_14_T,Both experimental samples S1 and S2 have a nominal composition close to Mg-5Al-3Ca (wt.%) with only slight differences between them,2023-03-01,,matteroffact,Supported,"[{""bias"": ""Distinction bias"", ""confidence"": 0.8693}]",Misleading,
2304.06457v1_12_T,Cu substitution at the 2c site in SmCo₅ is energetically favored over the 3g site by approximately 7 meV/atom according to density functional theory calculations,2023-04-01,,matteroffact,Supported,,Supported,
2305.11842v2_3_T,"The ALIGNN model predicts superconducting critical temperature (Tc) with a mean absolute error of 1.84 K using direct prediction, and 1.39 K when using the Eliashberg function, representing a 24% improvement.",2023-05-01,,matteroffact,Supported,,Supported,
2404.05710v1_11_T,"The librational frequency of a magnetically-levitated superconducting rotor can be calculated as ωβ = √(1/Iy × (-∂Ty/∂β|β→β₀)), where Iy is the moment of inertia about the y-axis and β₀ is the equilibrium angle.",2024-04-01,,matteroffact,Supported,"[{""bias"": ""Planning Fallacy"", ""confidence"": 0.4827}]",Supported,
2408.15601v1_8_F,Particle-based diffusion models can successfully generate ordered simple cubic structures when initialized with up to 40% Gaussian displacements and only fail when initial noise exceeds 60%.,2024-08-01,,matteroffact,Refuted,"[{""bias"": ""sunk cost fallacy"", ""confidence"": 0.3741}]",Misleading,
2408.07229v1_9_T,"The reorganization energy for the reduction of PMC monomer near lithium ions is approximately 0.09 eV, indicating a high electron transfer rate and high likelihood of decomposition.",2024-08-01,,matteroffact,Supported,"[{""bias"": ""Outcome bias"", ""confidence"": 0.6385}]",Misleading,
2311.01879v1_6_T,Oxide particles in FeCrAl ODS steels contribute to irradiation resistance by acting as defect sinks for point defects such as interstitials and vacancies.,2023-11-01,,matteroffact,Supported,,Supported,
2304.13336v2_2_T,The segregation transition in the Fe-Zn system originates from the low cohesive energy of zinc and a miscibility gap in Fe-Zn grain boundaries arising from magnetic ordering effects.,2023-04-01,,matteroffact,Supported,,Misleading,
2404.02748v1_13_F,"In Si₁₋ₓGeₓ:B layers created by nanosecond laser annealing, both boron and germanium distribute uniformly throughout the layer due to their similar diffusion and segregation coefficients in liquid silicon.",2024-04-01,,matteroffact,Refuted,,Misleading,
2408.10146v2_14_F,"La:BaSnO₃ shows a significant decrease in visible light transparency with increasing La doping, dropping from 95% to below 60% transparency when doping exceeds 5%, due to increased free-carrier absorption across all wavelengths",2024-08-01,,matteroffact,Refuted,,Misleading,
2311.14529v1_0_T,"During heat treatment of additively manufactured Al-Mn-Cr-Zr alloys, separate Mn-rich and Cr-rich precipitates form at grain boundaries.",2023-11-01,,matteroffact,Supported,"[{""bias"": ""curse of knowledge"", ""confidence"": 0.302}]",Supported,
2311.02289v1_13_F,"For CsV3Sb5, partially self-consistent eigenvalue GW₀ calculations require fifteen steps for convergence, though results in the study were taken after twenty steps.",2023-11-01,,matteroffact,Refuted,,Misleading,
2308.16621v1_3_F,Machine learning models trained on metal additive manufacturing literature data can explain 70% of the variance in consolidation prediction,2023-08-01,,matteroffact,Refuted,"[{""bias"": ""Bias blind spot"", ""confidence"": 0.5311}]",Misleading,
2407.20599v1_13_T,"The anomalous Nernst effect in film-substrate systems exhibits the same thickness ratio dependence as the ordinary Nernst effect, with significant peaks due to the cooperative effect between layers.",2024-07-01,,matteroffact,Supported,,Refuted,
2404.05820v1_6_F,Weberite fluorides can only exist in a single orthorhombic structure with a uniform stacking pattern regardless of the transition metal composition.,2024-04-01,,matteroffact,Refuted,,Refuted,
2404.16031v1_6_F,"During the banding instability in rapidly solidified Mg-Nd alloy, solute trapping occurs only after the complete transition to planar growth, not during the dendritic growth phase",2024-04-01,,matteroffact,Refuted,,Refuted,
2408.10978v2_0_T,"The kagome metals CsM₃Te₅ (M = Ti, Zr, Hf) have an average bulk modulus of 27 GPa, a shear modulus of 11 GPa, and Young's modulus of 29 GPa.",2024-08-01,,matteroffact,Supported,"[{""bias"": ""subadditivity effect"", ""confidence"": 0.5248}]",Refuted,
2304.06457v1_2_F,Cu substitution in SmCo₅ thin films strengthens the coupling between the Sm 4f and Co 3d magnetic moments,2023-04-01,,matteroffact,Refuted,,Supported,
2209.02018v1_15_F,A universal annealing protocol of 500°C for 10 hours in air is optimal for minimizing both optical absorption and mechanical loss in all TiO2:Ta2O5 amorphous coatings regardless of cation mixing ratio,2022-09-01,,matteroffact,Refuted,,Refuted,
2403.04470v2_11_F,"In TDDFT simulations, a positive THz field with a peak amplitude of 27.5 V/nm can evaporate hydrogen without a static external field, while a higher amplitude of 41.1 V/nm is required when combined with a 10 V/nm static field",2024-03-01,,matteroffact,Refuted,"[{""bias"": ""Time-saving bias"", ""confidence"": 0.7453}]",Misleading,
2303.09576v1_11_F,"In sample S1 with hcp-Mg₃Al precipitates, the chemical potential state is ΔμAl = -0.5 eV, ΔμMg = 0 eV, and ΔμCa = -0.3 eV",2023-03-01,,matteroffact,Refuted,"[{""bias"": ""Time-saving bias"", ""confidence"": 0.7932}]",Refuted,
2408.02909v1_4_T,"The stiffness score of polymer micro-lattice structures varies widely from 3.6% to 87.7% depending on the pattern, compactness, and material flexibility.",2024-08-01,,matteroffact,Supported,"[{""bias"": ""Time-saving bias"", ""confidence"": 0.4291}]",Misleading,
2401.17024v2_12_T,"Unlike previously discovered high-T_c superconducting hydrides such as H₃S, LaH₁₀, and YH₆ that require extremely high pressures, the X₂MH₆ compounds identified in this study can maintain superconductivity at ambient pressure.",2024-01-01,,matteroffact,Supported,,Misleading,
2311.12681v2_0_F,"Hydrogenated amorphous silicon carbide (a-SiC:H) parallel plate capacitors exhibit thickness-independent microwave loss, with all dielectric thicknesses showing identical TLS-induced loss tangent values.",2023-11-01,,matteroffact,Refuted,,Refuted,
2407.10282v1_10_F,Ultrasonic treatment during laser melting of Al6061 reduces hot spatter ejection from the melt pool by stabilizing the melt pool surface and dampening surface oscillations.,2024-07-01,,matteroffact,Refuted,,Supported,
2407.04126v2_6_T,"The machine-learning interatomic potential approach enables molecular dynamics simulations of Li₆PS₅Cl with more than 16,000 atoms for 5 nanoseconds, which is significantly larger and longer than previous ab initio molecular dynamics studies limited to 52 atoms for up to 0.3 nanoseconds",2024-07-01,,matteroffact,Supported,,Supported,
2406.09461v1_12_T,"The critical ω-Zr nucleus for transformation within the disordered grain boundary has a height of 0.62 nm and a radius of 2.50 nm, exceeding the lattice parameters of ω-Zr",2024-06-01,,matteroffact,Supported,"[{""bias"": ""Time-saving bias"", ""confidence"": 0.5194}]",Supported,
2302.01465v1_5_T,The molecular dynamics simulations and data analysis were performed at a national laboratory facility.,2023-02-01,,matteroffact,Supported,"[{""bias"": ""clustering illusion"", ""confidence"": 0.3377}]",Misleading,
2405.18939v1_13_T,"The vibrational properties of (LaSe)₁.₁₄(NbSe₂)₂ can be accurately modeled by treating the two subunits separately and accounting for charge transfer, without needing to model the full incommensurate structure.",2024-05-01,,matteroffact,Supported,,Misleading,
2311.15620v1_1_T,"In lithium-based solid-state electrolytes, the average number of correlated mobile ions in diffusive events is 10 ± 5, and this value remains practically independent of temperature.",2023-11-01,,matteroffact,Supported,,Misleading,
2203.09600v1_2_F,"The non-parabolicity of the conduction band in ITO decreases the effective mass of electrons during intraband transitions, leading to an increase in plasma frequency.",2022-03-01,,matteroffact,Refuted,,Supported,
2308.03418v1_10_F,TMDC materials are unsuitable for hydrogen transport applications due to their high free energy barriers and low diffusion coefficients regardless of composition or stacking,2023-08-01,,matteroffact,Refuted,,Refuted,
2304.10279v2_4_F,"The optimal parameters for reconstructing intergranular normal-stress distributions from central moments are approximately K≥20 (number of moments), P≥12 (Padé approximant order), and λ/Σ_mis≥1.5 (scaling parameter).",2023-04-01,,matteroffact,Refuted,,Supported,
2404.07848v1_0_F,The density of states of graphite near the Fermi level can be incorporated into classical molecular dynamics simulations by using a fixed Gaussian width parameter regardless of the applied potential.,2024-04-01,,matteroffact,Refuted,"[{""bias"": ""clustering illusion"", ""confidence"": 0.5996}]",Refuted,
2304.02909v1_15_T,Al0.74Sc0.26N films are compatible with CMOS technology due to their ability to be sputter-deposited at back-end-of-line compatible temperatures on silicon substrates while maintaining ferroelectric functionality.,2023-04-01,,matteroffact,Supported,"[{""bias"": ""Pro-Innovation Bias"", ""confidence"": 0.3176}]",Supported,
2408.07229v1_1_T,The addition of an OH ending group to carbonate-based polymer electrolyte monomers improves their stability against reduction in environments with balanced lithium and TFSI ion concentrations.,2024-08-01,,matteroffact,Supported,"[{""bias"": ""Bias blind spot"", ""confidence"": 0.3077}]",Supported,
2305.11842v2_11_T,"ChemNLP can perform text classification, named entity recognition, abstractive summarization, and text generation for materials science literature.",2023-05-01,,matteroffact,Supported,"[{""bias"": ""Survivorship bias"", ""confidence"": 0.3063}]",Supported,
2403.14215v1_4_T,"The average ferromagnetic moment per manganese atom in Mn₅(Si_xGe_1-x)₃ thin films decreases from 2.33 μB/Mn at x=0 to 0.05 μB/Mn at x=1, with a significant drop occurring at silicon concentrations above x=0.4",2024-03-01,,matteroffact,Supported,"[{""bias"": ""Time-saving bias"", ""confidence"": 0.6376}]",Supported,
2311.15472v1_12_T,"During field evaporation of γ-TiAl, the velocity of titanium atoms begins to increase linearly with electrostatic force at a threshold of approximately 1.8 eV/Å, while aluminum atoms show this transition at a higher threshold of approximately 2.2 eV/Å.",2023-11-01,,matteroffact,Supported,"[{""bias"": ""Time-saving bias"", ""confidence"": 0.3454}]",Supported,
2210.01894v1_3_T,"The two-step nucleation pathway observed in Al₂₅Ni₇₅ is influenced by the nucleation behavior of pure Ni, while the single-step nucleation in Al₅₀Ni₅₀ is not explained by the nucleation behaviors of pure Al or Ni.",2022-10-01,,matteroffact,Supported,"[{""bias"": ""Whole only effect"", ""confidence"": 0.3008}]",Supported,
2404.07848v1_5_F,Na+ and Cl- ions in aqueous solutions strongly adsorb in the first liquid layer at the graphite electrode interface at low potentials.,2024-04-01,,matteroffact,Refuted,"[{""bias"": ""curse of knowledge"", ""confidence"": 0.6442}]",Supported,
2404.03579v2_7_T,Microstructures with intragranular orientation gradients in Al-7085 with a modified T7452 temper are likely to have higher fatigue life compared to microstructures with homogenized grain orientations due to lower fatigue indicator parameter values.,2024-04-01,,matteroffact,Supported,"[{""bias"": ""Bias blind spot"", ""confidence"": 0.4796}]",Supported,
2203.16766v2_14_T,The nonlinear change in silicon's refractive index at high light intensities is caused by multiphoton excitation of free carriers,2022-03-01,,matteroffact,Supported,"[{""bias"": ""curse of knowledge"", ""confidence"": 0.5972}]",Supported,
2311.13599v1_15_F,"Radiative and conductive thermal shocks propagate through thermal barrier coatings at similar rates, both following diffusion processes with characteristic times proportional to coating thickness.",2023-11-01,,matteroffact,Refuted,,Misleading,
2403.08679v1_13_F,NaFe₂PO₄(SO₄)₂ exhibits a deficiency of approximately 35% in sodium and 25% in oxygen content from the ideal stoichiometry.,2024-03-01,,matteroffact,Refuted,,Refuted,
2311.15620v1_1_F,"In lithium-based solid-state electrolytes, the average number of correlated mobile ions in diffusive events is 25 ± 5, and this value significantly decreases with increasing temperature.",2023-11-01,,matteroffact,Refuted,,Misleading,
2206.11435v1_5_F,"The cubic phase of Li₇La₃Zr₂O₁₂ contains 48 Li⁺ ions in each unit cell, with these ions distributed across tetrahedral and octahedral sites in a disordered arrangement.",2022-06-01,,matteroffact,Refuted,,Supported,
2309.13514v2_17_T,"CsCr₃Sb₅ crystallizes in a hexagonal lattice with space group P6/mmm at room temperature, with lattice parameters a = 5.4909(3) Å and c = 9.2417(5) Å, featuring a two-dimensional kagome net of Cr atoms.",2023-09-01,,matteroffact,Supported,,Supported,
2203.11013v1_13_F,"Among main group metals, Al₂O₃ exhibits the largest maximum driving force (MDF) at -1.2 eV per Al atom, while In(OH)₃ has the smallest MDF at -0.1 eV per In atom",2022-03-01,,matteroffact,Refuted,"[{""bias"": ""framing effect"", ""confidence"": 0.6859}]",Refuted,
2303.01108v1_6_F,"In La₀.₅Sr₀.₅Co₁₋ₓNbₓO₃ with x>0.05, the conduction mechanism follows a single power-law dependence across the entire temperature range (2-320K) with no transition between different conduction mechanisms.",2023-03-01,,matteroffact,Refuted,"[{""bias"": ""Outcome bias"", ""confidence"": 0.4252}]",Refuted,
2405.18939v1_16_T,"The Raman-active modes of NbSe₂ in the (LaSe)₁.₁₄(NbSe₂)₂ misfit compound show similarities to those of isolated 2L-NbSe₂, but with shifts in frequencies due to electron doping from the LaSe subunit.",2024-05-01,,matteroffact,Supported,"[{""bias"": ""Bias blind spot"", ""confidence"": 0.4134}]",Supported,
2308.07295v3_7_T,"Doping lead apatite with Cu at both Pb(1) and Pb(2) sites simultaneously can induce non-relativistic spin splitting due to the different local symmetries of the two Cu sites, potentially enabling individual control of localized spins.",2023-08-01,,matteroffact,Supported,,Supported,
2307.03717v1_14_F,"For accurate modeling of disordered rocksalt cathodes, an ensemble of at least 100 structures with 240 atoms per supercell (Li78Mn24Nb18O96F24) is necessary to capture the variance in local chemical environments and produce reliable voltage profiles.",2023-07-01,,matteroffact,Refuted,"[{""bias"": ""clustering illusion"", ""confidence"": 0.4643}]",Misleading,
2304.10279v2_2_T,"For isotropic linear-elastic polycrystals with cubic crystal lattices, only two input INS distributions evaluated at two specific loading conditions are sufficient to accurately extend the INS distributions to arbitrary loading conditions.",2023-04-01,,matteroffact,Supported,"[{""bias"": ""clustering illusion"", ""confidence"": 0.4709}]",Supported,
2401.04644v1_3_F,"Eu₂Ir₂O₇ thin films exhibit a paramagnetic to antiferromagnetic phase transition at approximately 150 K, marked by a sharp peak in the temperature-dependent resistivity curve.",2024-01-01,,matteroffact,Refuted,,Supported,
2408.06641v2_6_T,"The lattice parameter of undoped Cr3Si calculated using GGA is 4.50 Å, which is closer to the experimental value of 4.57 Å than the HSE calculation of 4.43 Å.",2024-08-01,,matteroffact,Supported,,Supported,
2401.08834v1_16_T,"The absence of predicted structural distortions in copper-substituted lead oxyapatite can be explained by the preferential substitution of copper at the Pb1 (6h) site rather than the Pb2 (4f) site, contrary to the assumptions made in theoretical predictions.",2024-01-01,,matteroffact,Supported,,Supported,
2211.13164v1_3_F,"Wider quasi-1D diffusion channels in Ca-doped variants of NaCr₂O₄ enhance Na-ion mobility compared to narrower channels in pure NaCr₂O₄, following the same pattern observed in Li-ion battery materials.",2022-11-01,,matteroffact,Refuted,"[{""bias"": ""Pro-Innovation Bias"", ""confidence"": 0.4031}]",Supported,
2302.14072v1_6_F,The Hubbard interaction parameter (U) for the correlated electrons in the 1T layer of Ta-dichalcogenide bilayers is approximately 500 meV.,2023-02-01,,matteroffact,Refuted,,Misleading,
2402.07147v1_11_F,"Oxygen diffusion in titanium at 723 K for 3600 seconds results in a mean square displacement of approximately 600 nm, which is sufficient for significant compositional changes in ordered compounds.",2024-02-01,,matteroffact,Refuted,"[{""bias"": ""Outcome bias"", ""confidence"": 0.5671}]",Misleading,
2212.06128v1_14_F,The room temperature resistivity of Fe₁₋ₓCuₓSe continuously decreases with increasing pressure up to 20 kbar without any trend reversal.,2022-12-01,,matteroffact,Refuted,,Misleading,
2402.17557v3_9_T,"Li₍ₓ₎Sr₂Co₂O₅ has higher room temperature ionic conductivity than most perovskite-type, garnet-type, and sulfide Li-ion solid-state electrolytes.",2024-02-01,,matteroffact,Supported,,Supported,
2203.16766v2_10_F,The multiscale Maxwell-TDDFT method is limited to describing only linear optical phenomena and cannot handle nonlinear light-matter interactions,2022-03-01,,matteroffact,Refuted,"[{""bias"": ""Bias blind spot"", ""confidence"": 0.5119}]",Refuted,
2204.04525v1_2_F,Crystallographic design of intercalation materials is limited to theoretical modeling and cannot practically influence structural transformations or mechanical properties in real-world battery materials.,2022-04-01,,matteroffact,Refuted,"[{""bias"": ""Pro-Innovation Bias"", ""confidence"": 0.3172}]",Refuted,
2408.00042v3_14_T,"The material search focused on compounds with fewer than four different elements, at least one heavy element with atomic number Z > 54 to ensure strong spin-orbit coupling, and a non-trivial gap close to the Fermi level, while excluding compounds with f-electrons near the Fermi level to avoid electron correlation effects.",2024-08-01,,matteroffact,Supported,,Supported,
2210.10242v2_4_F,Dehydrogenation in MgH₂ primarily creates hydrogen vacancies that destabilize the material structure without affecting the electronic state of remaining hydrogen atoms.,2022-10-01,,matteroffact,Refuted,"[{""bias"": ""Omission bias"", ""confidence"": 0.3657}]",Misleading,
2407.21337v1_3_F,Symmetry-oriented crystal structure prediction methods perform worse than genetic algorithm-based methods in identifying metastable structures while both approaches successfully predict the same lowest energy structures.,2024-07-01,,matteroffact,Refuted,"[{""bias"": ""Bias blind spot"", ""confidence"": 0.4755}]",Misleading,
2312.05681v2_12_T,"The coordination number between lithium ions and PEO oxygen atoms decreases from approximately 6 to 1 as the ionic concentration increases from low values to Li:PEO ratio of 5, indicating a transition from PEO-dominated to ion pair-dominated coordination.",2023-12-01,,matteroffact,Supported,,Supported,
2405.09345v1_10_F,The antiferroelectric properties in ZrO2 originate from anti-parallel dipole moment arrangements similar to traditional antiferroelectric materials,2024-05-01,,matteroffact,Refuted,"[{""bias"": ""curse of knowledge"", ""confidence"": 0.3693}]",Refuted,
2306.10385v2_10_F,"The average distance between aligned AlF₃-induced blisters on the graphite surface is approximately 10 nm, with experimental STM images showing significantly larger spacing than predicted by molecular dynamics simulations.",2023-06-01,,matteroffact,Refuted,"[{""bias"": ""Bias blind spot"", ""confidence"": 0.5656}]",Misleading,
2206.11435v1_9_F,"In cubic LLZO, the partial occupation of high-energy sites by excess Li⁺ ions creates steeper energy barriers that hinder ion migration by increasing the overall activation energy required for ion transport.",2022-06-01,,matteroffact,Refuted,"[{""bias"": ""Omission bias"", ""confidence"": 0.3419}]",Supported,
2312.03989v1_3_T,"Computing the rare event indicator from a 40° partial data set takes approximately 8.41 seconds, which is about 9 times faster than computing it from the full 360° data set.",2023-12-01,,matteroffact,Supported,"[{""bias"": ""Time-saving bias"", ""confidence"": 0.7671}]",Misleading,
2303.00185v1_16_F,"In F/2DEG junctions, Fermi contour matching between lead and barrier regions has no effect on conductance, which is solely determined by the resonant transmission conditions regardless of the value of Δxc relative to V0.",2023-03-01,,matteroffact,Refuted,,Refuted,
2301.11626v1_7_T,Stepping the voltage between -2V and +2V in the solid-state Li ion device produces peak currents that are two orders of magnitude larger than those in slow cyclic voltammetry and decay with a time constant under one second.,2023-01-01,,matteroffact,Supported,"[{""bias"": ""Time-saving bias"", ""confidence"": 0.8262}]",Misleading,
2309.07046v1_15_F,"In-situ powder X-ray diffraction studies of the 1.3MgH₂ + Fe + 4B reaction revealed the formation of crystalline MgFeB₄ at 950°C, which remained stable upon cooling to room temperature, demonstrating successful synthesis of the target compound at temperatures above 900°C.",2023-09-01,,matteroffact,Refuted,,Supported,
2309.13514v2_10_F,"CsCr₃Sb₅ shows minimal magnetic frustration with a frustration index of approximately 1-2, indicating that magnetic ordering occurs at a temperature close to the Curie-Weiss temperature.",2023-09-01,,matteroffact,Refuted,,Supported,
2405.18939v1_14_F,Misfit layer compounds are ineffective for studying doped transition metal dichalcogenides because they provide lower electron doping levels than conventional field-effect transistors.,2024-05-01,,matteroffact,Refuted,,Misleading,
2405.18939v1_16_F,"The Raman-active modes of NbSe₂ in the (LaSe)₁.₁₄(NbSe₂)₂ misfit compound are completely different from those of isolated 2L-NbSe₂, indicating a fundamental restructuring of the NbSe₂ layers within the misfit.",2024-05-01,,matteroffact,Refuted,,Misleading,
2208.07823v1_15_T,"In Na2.25Y0.25Zr0.75Cl6, DFT calculations indicate that Na preferentially occupies prismatic sites over octahedral sites, although the energy penalty for octahedral site occupation is relatively small (5-25 meV atom-1).",2022-08-01,,matteroffact,Supported,,Supported,
2407.15258v1_11_F,"The room temperature electronic conductivity of all synthesized Mg-Cl doped Li7PS6 argyrodite samples is greater than 10^-6 S/cm, indicating they have significant electronic conductivity in addition to ionic conductivity.",2024-07-01,,matteroffact,Refuted,"[{""bias"": ""Pro-Innovation Bias"", ""confidence"": 0.48}]",Misleading,
2310.18245v3_9_T,Nb₃Ge represents a potential Z₂ topological metal with the highest superconducting critical temperature ever recorded among A15 compounds.,2023-10-01,,matteroffact,Supported,,Misleading,
2212.03527v1_13_F,"After recovery at 300°C in the Al-Mn alloy, dispersoids on P subgrain boundaries are significantly finer than dispersoids on boundaries of other orientations, with P subgrain boundaries accommodating the smallest dispersoids.",2022-12-01,,matteroffact,Refuted,,Supported,
2301.05024v1_10_T,"In a simulated non time-invariant Voigt element with a time scale of property changes τ=600s, the frequency at which the imaginary part of the impedance crosses zero corresponds to a period of approximately 610s.",2023-01-01,,matteroffact,Supported,"[{""bias"": ""Time-saving bias"", ""confidence"": 0.3672}]",Supported,
2403.13814v1_6_F,DyFeO₃-based symmetric supercapacitors with acetonitrile-modified electrolyte maintain an energy density of 80 Wh kg⁻¹ at a high power density of 15500 W kg⁻¹.,2024-03-01,,matteroffact,Refuted,"[{""bias"": ""Outcome bias"", ""confidence"": 0.3215}]",Misleading,
2305.11842v2_2_T,ALIGNN-FF is over 100 times faster than DFT methods for atomic structure calculations.,2023-05-01,,matteroffact,Supported,"[{""bias"": ""Pro-Innovation Bias"", ""confidence"": 0.3382}]",Misleading,
2311.15472v1_9_T,"In γ-TiAl, the bond strengths calculated from density functional theory are -0.58 eV for Al-Al bonds, -0.86 eV for Ti-Al bonds, and -0.91 eV for Ti-Ti bonds.",2023-11-01,,matteroffact,Supported,"[{""bias"": ""Time-saving bias"", ""confidence"": 0.5127}, {""bias"": ""subadditivity effect"", ""confidence"": 0.3076}]",Misleading,
2311.08257v1_8_F,"Spin pumping occurs when a non-magnetic metal interfaces with a magnetic material, resulting in the transfer of electric charge from the precessing magnetization to the interface, which generates an electric current in the non-magnetic layer.",2023-11-01,,matteroffact,Refuted,,Supported,
2310.13945v1_5_F,The predicted superconducting critical temperature of F4̄3m Sr₂B₅ at 40 GPa (105 K) is approximately 1.2 times higher than the experimental critical temperature of MgB₂ (39 K).,2023-10-01,,matteroffact,Refuted,,Supported,
2402.07147v1_9_T,"Ordered compounds in a titanium alloy with 6000 wppm oxygen begin to dissolve at temperatures above 723 K, indicating that the oxygen solubility limit at these temperatures exceeds 6000 wppm.",2024-02-01,,matteroffact,Supported,,Supported,
2407.04788v1_7_F,"TPDH-graphene transitions from a metallic to a semiconducting state after lithium adsorption, which limits its effectiveness as a lithium-ion battery anode material",2024-07-01,,matteroffact,Refuted,,Supported,
2408.06641v2_10_T,"Doping Cr3Si with Ge, Ga, or Al reduces the Debye temperature and wave velocities, indicating a softer lattice and diminished thermal conductivity.",2024-08-01,,matteroffact,Supported,"[{""bias"": ""Bias blind spot"", ""confidence"": 0.4311}]",Supported,
2402.08834v1_12_F,"The Li13Si4 bulk structure used for tensile stretch simulation consisted of approximately 50,000 atoms with dimensions of 80 Å × 80 Å × 80 Å.",2024-02-01,,matteroffact,Refuted,,Misleading,
2309.07046v1_5_T,"The electronic density of states in α-ATB₄ compounds follows a rigid band behavior, where changing the transition metal element effectively shifts the Fermi level while maintaining the overall shape of the electronic spectrum.",2023-09-01,,matteroffact,Supported,,Supported,
2308.16621v1_2_T,Machine learning models trained on metal additive manufacturing literature data can predict yield stress with a coefficient of determination (R²) of 0.91,2023-08-01,,matteroffact,Supported,"[{""bias"": ""Bias blind spot"", ""confidence"": 0.5504}]",Supported,
2305.11842v2_12_F,The Three-Body Tight Binding model only considers pair interactions between atoms and cannot accurately predict properties of surfaces or vacancies outside its training dataset.,2023-05-01,,matteroffact,Refuted,"[{""bias"": ""Bias blind spot"", ""confidence"": 0.9378}]",Misleading,
2311.03271v1_1_F,Machine learning classification algorithms can automatically connect related twin boundaries across different crystal structures without using geometric relations,2023-11-01,,matteroffact,Refuted,"[{""bias"": ""clustering illusion"", ""confidence"": 0.6547}]",Refuted,
2406.12453v1_14_F,The stabilization of Ni⁴⁺ in Sr₃Ni₁.₇₅Al₀.₂₅O₇ through aluminum substitution has no relevance to battery applications and offers no insights for stabilizing other metastable phases.,2024-06-01,,matteroffact,Refuted,"[{""bias"": ""Pro-Innovation Bias"", ""confidence"": 0.4834}]",Refuted,
2303.02441v2_4_T,The ρ-CP framework successfully predicts the anisotropic mechanical response of single and polycrystalline hexagonal close packed (hcp) magnesium under plane strain compression.,2023-03-01,,matteroffact,Supported,"[{""bias"": ""curse of knowledge"", ""confidence"": 0.3576}]",Supported,
2212.12020v2_13_T,"Hexagonal close-packed gold nanostructures form on germanium substrates with specific crystallographic orientations, where the Au-hcp(010) plane aligns parallel to the Ge(111) plane.",2022-12-01,,matteroffact,Supported,,Supported,
2212.10977v3_10_T,The bulk modulus (B) of Ti_x(HfNbTaZr)_(1-x)/4 alloys in the bcc phase decreases monotonically as Ti content increases from x = 0 to x = 0.4,2022-12-01,,matteroffact,Supported,,Refuted,
2211.15972v1_10_F,"In As-doped bilayer CrI3, the critical doping concentration range for insulator-metal transition is between 5% and 10%",2022-11-01,,matteroffact,Refuted,"[{""bias"": ""subadditivity effect"", ""confidence"": 0.4333}]",Misleading,
2405.18946v3_3_T,"The lifting of Kramers degeneracy in the two-dimensional electron liquid on TiO₂-terminated SrTiO₃(001) is caused by polar distortions of Ti atoms combined with spin order, rather than by discrete quantum well states in the surface potential",2024-05-01,,matteroffact,Supported,"[{""bias"": ""curse of knowledge"", ""confidence"": 0.3298}]",Supported,
2302.03362v2_1_T,The random forest model using raw spectral data is the second-best performing approach for classifying equivalent circuit models from electrochemical impedance spectra.,2023-02-01,,matteroffact,Supported,"[{""bias"": ""curse of knowledge"", ""confidence"": 0.4082}]",Misleading,
2303.09576v1_1_T,The C36 Laves phase in the CaMgₓAl₂₋ₓ system becomes thermodynamically stable at high temperatures due to configurational entropy contributions,2023-03-01,,matteroffact,Supported,,Supported,
2310.13945v1_12_F,"The F4̄3m Sr₂B₅ structure requires extreme pressures above 100 GPa for synthesis, making it experimentally inaccessible with current high-pressure techniques.",2023-10-01,,matteroffact,Refuted,,Refuted,
2306.00139v1_7_F,"In superionic AgI, direct coordination of silver cations by iodide lone pairs involves bent I⁻-lone pair-Ag+ arrangements with lone pair-Ag+ distances of approximately 4 Å.",2023-06-01,,matteroffact,Refuted,"[{""bias"": ""Outcome bias"", ""confidence"": 0.3008}]",Supported,
2312.05174v1_13_T,"Nanotexturing metal powders improves absorptivity and printability without altering the chemical composition of the feedstock, unlike approaches that use additives or alloying",2023-12-01,,matteroffact,Supported,"[{""bias"": ""curse of knowledge"", ""confidence"": 0.387}]",Supported,
2208.08336v1_5_F,"The transition from trivial to topological phase in a one-dimensional superconducting chain occurs at a critical magnetic field h_c = Δ/μ̃, where Δ is the superconducting gap and μ̃ is the chemical potential measured from the bottom of the band.",2022-08-01,,matteroffact,Refuted,,Supported,
2408.08791v2_0_T,The Dissipative Split-Charge Equilibration (D-SQE) model can mimic complex-valued frequency-dependent dielectric permittivities or conductivities of dielectrics and metals at non-zero frequencies.,2024-08-01,,matteroffact,Supported,"[{""bias"": ""curse of knowledge"", ""confidence"": 0.3004}]",Supported,
2311.03271v1_8_F,Crystallographic orientation analysis of twin boundaries in face-centered cubic materials reveals rotation angles between 45° and 50° around axes with approximately 15° deviation from the normal vector,2023-11-01,,matteroffact,Refuted,,Misleading,
2408.03175v1_3_F,Increasing the surface diffusion coefficient of lithium increases the maximum growth rate of interface undulations and changes the slope of the growth rate curve at small wavenumbers.,2024-08-01,,matteroffact,Refuted,,Supported,
2212.06503v1_9_F,"The photovoltaic responsivity of BaTiO3 thin films decreases by a factor of 2-5 when the illumination wavelength increases from 365 nm to 405 nm, with a gradual linear decrease across all wavelengths.",2022-12-01,,matteroffact,Refuted,,Misleading,
2311.09099v1_3_T,"The optimal thickness configuration for the meso-structured perovskite solar cell consists of 11 nm SiO₂, 16 nm SnO₂, 565 nm FTO, 24 nm c-TiO₂, 240 nm mp-TiO₂, 500 nm Perovskite, and 250 nm Spiro-OMeTAD",2023-11-01,,matteroffact,Supported,"[{""bias"": ""subadditivity effect"", ""confidence"": 0.3957}]",Refuted,
2203.16766v2_14_F,The nonlinear change in silicon's refractive index at high light intensities is primarily caused by the Kerr effect rather than free carrier generation,2022-03-01,,matteroffact,Refuted,"[{""bias"": ""curse of knowledge"", ""confidence"": 0.3936}]",Supported,
2306.15502v1_5_F,"In repetitive switching experiments, Process 1 MRAM bits show a variance of 10.7 in switching events, while Process 2 bits show a reduced variance of 5.2, both higher than the binomial distribution variance of 2.5",2023-06-01,,matteroffact,Refuted,"[{""bias"": ""Time-saving bias"", ""confidence"": 0.6459}]",Supported,
2405.18150v1_1_T,Resonant photoemission spectroscopy measurements of titanium nitride films yield a Coulomb interaction strength of 6.26 ± 0.04 eV.,2024-05-01,,matteroffact,Supported,,Supported,
2408.10978v2_8_F,"In CsM₃Te₅ kagome metals, the lowest frequency optical phonon branch corresponds to in-plane vibrations of Te atoms, while the highest frequency optical mode involves only out-of-plane vibrations of Cs atoms.",2024-08-01,,matteroffact,Refuted,"[{""bias"": ""subadditivity effect"", ""confidence"": 0.4322}]",Misleading,
2311.15791v1_12_F,The optical conductivity of the incommensurate charge density wave (ICCDW) phase in 1T-TaS₂₋ₓSeₓ is characterized by a strong frequency dependence with a pronounced minimum at low energies.,2023-11-01,,matteroffact,Refuted,,Supported,
2401.17024v2_8_T,"The four high-T_c compounds (Mg₂RhH₆, Mg₂IrH₆, Al₂MnH₆, and Li₂CuH₆) all exhibit a van Hove singularity at the Fermi level, contributing to their high superconducting transition temperatures.",2024-01-01,,matteroffact,Supported,"[{""bias"": ""subadditivity effect"", ""confidence"": 0.8459}]",Misleading,
2402.18588v2_14_F,"In LK-99 with spin-orbit coupling, all four degenerate points (w1, w2, s1, and s2) are topologically protected Weyl points with well-defined Chern numbers.",2024-02-01,,matteroffact,Refuted,"[{""bias"": ""subadditivity effect"", ""confidence"": 0.6343}]",Misleading,
2203.07955v1_6_F,"The cubic phase of Na₃PS₄ maintains perfect cubic symmetry at both the average and local instantaneous structure levels, with no dynamic sampling of different tetrahedral configurations.",2022-03-01,,matteroffact,Refuted,"[{""bias"": ""clustering illusion"", ""confidence"": 0.3892}]",Refuted,
2310.18245v3_3_T,The electronic and topological properties of A15 compounds can be described by a minimal tight-binding model based on three coupled Su-Schrieffer-Heeger chains with t₂g orbitals.,2023-10-01,,matteroffact,Supported,,Misleading,
2311.01879v1_12_T,"The volume fractions of oxide particles in unirradiated Fe12Cr9Al, Fe15Cr9Al, and Fe18Cr9Al ODS steels are 0.51%, 0.62%, and 0.64%, respectively.",2023-11-01,,matteroffact,Supported,"[{""bias"": ""subadditivity effect"", ""confidence"": 0.923}]",Refuted,
2405.17947v1_14_F,"Hydrogen defects in NbS₂ decrease its lithium capacity by blocking potential lithium intercalation sites, with hydrogen atoms remaining firmly bonded to sulfur atoms throughout the lithiation process.",2024-05-01,,matteroffact,Refuted,"[{""bias"": ""Omission bias"", ""confidence"": 0.455}]",Supported,
2301.06756v1_9_F,The elastic constants of solid helium maintain a consistent exponential dependence on pressure across both the insulating and metallic phases.,2023-01-01,,matteroffact,Refuted,,Refuted,
2210.10242v2_9_F,The spin/charge exchange rate (ν_p) for the Mu_p component in MgH₂ decreases linearly from 500 MHz to 50 MHz as temperature increases from 50 K to 150 K.,2022-10-01,,matteroffact,Refuted,"[{""bias"": ""Time-saving bias"", ""confidence"": 0.9561}]",Refuted,
2203.07955v1_2_T,"In Na₃PSe₄, the soft modes disappear in the cubic phase, while in Na₃PS₄, the soft modes persist into the cubic phase, violating Raman selection rules.",2022-03-01,,matteroffact,Supported,,Misleading,
2306.00139v1_12_T,"In superionic AgI, a secondary coordination shell exists at 3-4 Å from silver cations, corresponding to lone pairs on iodide ions that are pointing away from the cation.",2023-06-01,,matteroffact,Supported,,Misleading,
2209.05554v2_6_T,"The ALIGNN-FF model predicts lattice constants of materials in the Crystallography Open Database (COD) with mean absolute errors of 0.20 Å, 0.20 Å, and 0.23 Å for the a, b, and c lattice parameters, respectively",2022-09-01,,matteroffact,Supported,"[{""bias"": ""subadditivity effect"", ""confidence"": 0.4786}]",Supported,
2302.04385v2_1_F,The flash/quench technique decreases the magnetic susceptibility of Pr₂CuO₄ by nearly a factor of two at low temperatures in both parallel and perpendicular directions to the c-axis.,2023-02-01,,matteroffact,Refuted,,Supported,
2301.11626v1_4_T,RKKY coupling in the Co/Ru/Co system oscillates between antiferromagnetic and ferromagnetic coupling with a peak in antiferromagnetic coupling at approximately 1.2 nm Ru thickness and a ferromagnetic peak at approximately 2.1 nm Ru thickness.,2023-01-01,,matteroffact,Supported,"[{""bias"": ""Time-saving bias"", ""confidence"": 0.561}]",Supported,
2401.06319v2_6_F,"The maximum energy increase during surface Bain distortion is identical for all three noble metals (Cu, Ag, and Au), showing no metal-specific differences in transformation energetics.",2024-01-01,,matteroffact,Refuted,,Refuted,
2206.01072v1_12_F,The Dzyaloshinky-Moriya interaction transforms the magnetic ground state of Fe chains on Rh(111) surface from non-collinear to collinear configurations.,2022-06-01,,matteroffact,Refuted,"[{""bias"": ""curse of knowledge"", ""confidence"": 0.5187}]",Refuted,
2307.13990v1_11_F,The proximity-induced spin-orbit coupling in Al quantum well states arises from direct transfer of d-orbital electrons from Au to Al without requiring band hybridization.,2023-07-01,,matteroffact,Refuted,,Refuted,
2303.09576v1_8_T,"The average formation energy of basal stacking faults in the C36-CaMg₀.₆₂₅Al₁.₃₇₅ Laves phase is 4.00 meV/Å² with maximum and minimum values of 6.22 and 5.14 meV/Å², respectively",2023-03-01,,matteroffact,Supported,"[{""bias"": ""Time-saving bias"", ""confidence"": 0.5372}]",Refuted,
2308.00800v1_8_F,"The phase-field fatigue model accurately predicts the fatigue crack growth rate in AA2024-T351 aluminum sheets throughout the entire crack propagation process, including the transition to unstable fracture at approximately 50 mm crack length near the specimen boundary.",2023-08-01,,matteroffact,Refuted,,Misleading,
2311.03271v1_10_F,Deformation twins in copper single crystals begin to form after 5 ps of simulation time when sheared at 100 m/s (strain rate of approximately 0.4 ps⁻¹),2023-11-01,,matteroffact,Refuted,"[{""bias"": ""Time-saving bias"", ""confidence"": 0.848}]",Refuted,
2208.10980v2_0_F,Direct Energy Laser Propulsion technology requires relativistic speeds to be effective for Solar System exploration missions.,2022-08-01,,matteroffact,Refuted,"[{""bias"": ""Pro-Innovation Bias"", ""confidence"": 0.8285}]",Refuted,
2408.01267v4_12_T,"The NaO₆ octahedra in NaNiO₂ show continuous thermal expansion with increasing temperature, unlike the NiO₆ octahedra which show discontinuous changes at the Jahn-Teller transition.",2024-08-01,,matteroffact,Supported,,Supported,
2209.06065v1_15_F,"In a one-dimensional crystal model, the energy dissipation of a mobile particle is inversely proportional to the interaction potential amplitude, with stronger interactions resulting in slower dissipation rates.",2022-09-01,,matteroffact,Refuted,"[{""bias"": ""Omission bias"", ""confidence"": 0.4365}]",Misleading,
2308.00800v1_14_T,"In phase-field modeling of thin sheets, fracture toughness (Gc) can be viewed either as a universal material parameter determined from thick specimens approximating plane strain conditions, or as a thickness-dependent structural parameter that must be calibrated for specific specimen geometries.",2023-08-01,,matteroffact,Supported,"[{""bias"": ""Bias blind spot"", ""confidence"": 0.6692}]",Supported,
2406.08682v2_16_F,Graph neural networks and crystal plasticity finite element simulations are equally capable of calculating statistically significant fatigue indicator parameter extreme value distributions in microstructures with large grain populations,2024-06-01,,matteroffact,Refuted,"[{""bias"": ""Bias blind spot"", ""confidence"": 0.6748}]",Misleading,
2204.05252v1_4_T,"The coupling of the X₅₋ mode with the X₂₋ order parameter in rhombohedral HfO₂ enhances the soft character of the leading mode, providing an energy gain of 54 meV/f.u. compared to just 7 meV/f.u. for the coupling with polarization.",2022-04-01,,matteroffact,Supported,"[{""bias"": ""Time-saving bias"", ""confidence"": 0.8572}]",Supported,
2304.01314v2_8_T,Small-cell training for machine-learned interatomic potentials can be effectively integrated with various active learning approaches beyond the moment tensor potential framework.,2023-04-01,,matteroffact,Supported,"[{""bias"": ""Pro-Innovation Bias"", ""confidence"": 0.3605}, {""bias"": ""curse of knowledge"", ""confidence"": 0.332}]",Supported,
2207.11317v1_10_T,"The equivalent tensile strain resulting from 9% thickness reduction by rolling in ultra-low carbon steel is approximately 0.14 for samples tested at 0° and 90° to the rolling direction, and 0.16 for samples tested at 45° to the rolling direction.",2022-07-01,,matteroffact,Supported,"[{""bias"": ""Time-saving bias"", ""confidence"": 0.8048}]",Supported,
2204.05252v1_5_T,"When all four dominant distortion modes in rhombohedral HfO₂ are coupled, they provide an energy gain of 128 meV/f.u. below the high symmetry phase, with the full relaxation adding only 20 meV/f.u. more.",2022-04-01,,matteroffact,Supported,"[{""bias"": ""Time-saving bias"", ""confidence"": 0.8522}]",Supported,
2405.17550v1_3_T,The number of metallic puddles along a quantum Hall-superconductor edge increases linearly with both magnetic field and temperature.,2024-05-01,,matteroffact,Supported,,Refuted,
2303.02441v2_15_T,"The ρ-CP framework for magnesium considers 24 possible deformation modes: 3 basal slip systems, 3 prismatic slip systems, 6 pyramidal <a> slip systems, 6 pyramidal <c+a> slip systems, and 6 tensile twinning systems.",2023-03-01,,matteroffact,Supported,,Supported,
2308.00800v1_15_F,"The phase-field fatigue model for aluminum sheets incorporates a comprehensive elastic-plastic material model that fully captures all effects of the plastic zone on crack closure and growth rate across all stress intensity ranges, eliminating the need for further refinement of the plasticity model.",2023-08-01,,matteroffact,Refuted,"[{""bias"": ""Bias blind spot"", ""confidence"": 0.6332}]",Misleading,
2302.03362v2_9_F,The parameter ranges for synthetic electrochemical impedance spectra are derived from publicly available literature on lithium-ion batteries.,2023-02-01,,matteroffact,Refuted,"[{""bias"": ""Survivorship bias"", ""confidence"": 0.4073}]",Misleading,
2408.13419v1_5_T,The high mobility of hydrogen atoms in lanthanum superhydrides at high pressures leads to a gradual dehydrogenation process that causes a significant decrease in superconducting critical temperature over time.,2024-08-01,,matteroffact,Supported,"[{""bias"": ""Omission bias"", ""confidence"": 0.5629}]",Refuted,
2404.17584v1_13_F,Irreducible representations increase the complexity of tensor operations by requiring separate handling of each tensor component without providing any systematic framework for transformations under rotations.,2024-04-01,,matteroffact,Refuted,,Misleading,
2404.02416v2_17_F,The elastic Ising model developed for palladium hydride is only applicable to face-centered cubic metals with hydrogen intercalation and cannot be extended to other materials systems or intercalation processes.,2024-04-01,,matteroffact,Refuted,"[{""bias"": ""Bias blind spot"", ""confidence"": 0.6218}]",Misleading,
2203.14615v3_8_T,"Aging Ti-7Al-0.25O alloy to produce Ti₃Al precipitates increases its yield strength to approximately 700 MPa, which is significantly higher than the yield strength of about 550 MPa for the aged Ti-7Al-0.05O alloy.",2022-03-01,,matteroffact,Supported,,Supported,
2310.05415v1_13_T,"Cu-Ti alloys possess high strength and electrical conductivity, as well as improved corrosion resistance compared to pure Cu, even at titanium concentrations less than 5 atomic percent.",2023-10-01,,matteroffact,Supported,,Supported,
2403.18743v1_9_T,"The resonance frequency of silicon carbide metasurfaces supporting quasi-bound states in the continuum can be tuned by adjusting the scaling factor of the unit cell, but is constrained to remain within the Reststrahlen band of the material.",2024-03-01,,matteroffact,Supported,"[{""bias"": ""Bias blind spot"", ""confidence"": 0.3279}]",Supported,
2311.13599v1_17_F,Coating-alloy interface temperatures have minimal impact on alloy oxidation rates and internal cooling requirements in gas turbine engines.,2023-11-01,,matteroffact,Refuted,,Refuted,
2311.07316v2_17_F,"DFT calculations show that oxygen octahedral rotations in La₃Ni₂O₇ are enhanced under 30 GPa, resulting in a monoclinic structure with space group P21/c",2023-11-01,,matteroffact,Refuted,,Supported,
2204.07318v3_1_T,The transition pressure for aluminum's FCC to HCP phase change increases by 23 GPa (from 171 GPa to 194 GPa) when thermal effects at room temperature (300K) are included compared to zero Kelvin calculations.,2022-04-01,,matteroffact,Supported,"[{""bias"": ""Time-saving bias"", ""confidence"": 0.5936}]",Supported,
2311.14529v1_10_F,"The additively manufactured Al-Mn-Cr-Zr alloy samples were produced using a laser power of 250 W, laser speed of 900 mm/s, hatch distance of 0.10 mm, and layer thickness of 0.05 mm.",2023-11-01,,matteroffact,Refuted,"[{""bias"": ""Time-saving bias"", ""confidence"": 0.6282}]",Supported,
2405.03680v2_14_F,"AtomGPT requires full fine-tuning of all parameters in its large language models, making it computationally prohibitive for most research applications.",2024-05-01,,matteroffact,Refuted,,Misleading,
2306.10385v2_1_F,Intercalated AlF₃ molecules distribute uniformly as a continuous layer beneath the graphite surface without forming any visible surface structures.,2023-06-01,,matteroffact,Refuted,,Misleading,
2309.07046v1_11_F,"The density of states at the Fermi level of transition metal atoms in non-magnetic MgCoB₄ is 1.843 states/eV/spin/T, which is significantly higher than in other compositions such as MgCrB₄ (0.512 states/eV/spin/T) and MgVB₄ (0.667 states/eV/spin/T).",2023-09-01,,matteroffact,Refuted,"[{""bias"": ""subadditivity effect"", ""confidence"": 0.3272}]",Supported,
2403.08679v1_1_F,NaFe₂PO₄(SO₄)₂ undergoes antiferromagnetic ordering at approximately 25 K.,2024-03-01,,matteroffact,Refuted,,Supported,
2407.15258v1_13_T,The synthesis of Mg-Cl doped Li7PS6 argyrodite involves ball milling precursors at 500 RPM for 2 hours followed by heating to 500°C at 5°C/min in a nitrogen atmosphere for 12 hours.,2024-07-01,,matteroffact,Supported,,Misleading,
2302.14231v2_6_T,"The CHGNet model contains 400,438 trainable parameters.",2023-02-01,,matteroffact,Supported,"[{""bias"": ""clustering illusion"", ""confidence"": 0.4698}]",Supported,
2308.04043v3_13_F,"DFT+U provides a more accurate description of the electronic properties of V₂O₅ and Li-doped V₂O₅ than DFT+DMFT, simultaneously reproducing experimental values of band gap, conduction band gap, and d-electron count, while correctly predicting both types of polarons observed experimentally.",2023-08-01,,matteroffact,Refuted,"[{""bias"": ""Bias blind spot"", ""confidence"": 0.3996}]",Misleading,
2307.12651v1_8_T,"The structural domain engineering demonstrated in SrRuO₃ thin films through coupling to ferroelastic domains in adjacent PbTiO₃ layers provides a pathway for magnetic domain engineering, given the established one-to-one correspondence between structural and magnetic domains in SrRuO₃.",2023-07-01,,matteroffact,Supported,"[{""bias"": ""Bias blind spot"", ""confidence"": 0.5977}]",Supported,
2303.00846v1_3_T,The orientational correlation function of the vortex structure in FeSe exhibits a two-step exponential decay with characteristic distances of approximately 1 and 70 times the average vortex spacing.,2023-03-01,,matteroffact,Supported,,Supported,
2303.02441v2_7_T,The ρ-CP framework can simulate experimentally measured Electron Back Scatter Diffraction (EBSD) microstructures and predict misorientation development during deformation.,2023-03-01,,matteroffact,Supported,"[{""bias"": ""clustering illusion"", ""confidence"": 0.335}]",Supported,
2308.16621v1_11_T,"Quantitative microstructure data in metal additive manufacturing literature is rare, limiting the ability of machine learning to learn process-microstructure-property relationships",2023-08-01,,matteroffact,Supported,,Supported,
2212.03527v1_9_F,"In Al-Mn alloys after recovery, dispersoid density is higher on <011>-oriented boundaries than on <001>-oriented boundaries, and much higher than on <111>-oriented boundaries, indicating preferential precipitation or reduced boundary mobility.",2022-12-01,,matteroffact,Refuted,,Supported,
2312.10313v1_15_T,"The simulation procedure for superconductivity involves first converging the electronic structure in the normal metallic phase, then incorporating Cooper pairing and repeating computational runs until self-consistency is achieved.",2023-12-01,,matteroffact,Supported,"[{""bias"": ""clustering illusion"", ""confidence"": 0.586}]",Supported,
2304.08446v4_10_T,"The CDVAE-generated structures have different density and packing fraction distributions compared to the training dataset, with a tendency toward lower density and packing fraction values.",2023-04-01,,matteroffact,Supported,"[{""bias"": ""Bias blind spot"", ""confidence"": 0.716}]",Supported,
2211.10404v1_16_T,The intermediate-spin half-metallic state in SrCoO₃ has an energy minimum of -350 meV/f.u. at an in-plane lattice parameter of 3.880 Å,2022-11-01,,matteroffact,Supported,"[{""bias"": ""Planning Fallacy"", ""confidence"": 0.3337}]",Misleading,
2308.00800v1_13_F,"The 2D phase-field model for fatigue crack growth in aluminum sheets can fully capture all relevant fracture phenomena, including three-dimensional effects such as crack tunneling and slant crack growth, making 3D modeling unnecessary for accurate prediction of fatigue crack behavior.",2023-08-01,,matteroffact,Refuted,"[{""bias"": ""Bias blind spot"", ""confidence"": 0.5816}]",Refuted,
2304.01934v4_15_T,"With U(Mn)=2 eV, the antiferromagnetic Γ₂ᵤ phase of Li₂MnO₃ is more stable than the ferromagnetic and Γ₃ₘ phases by 1.8 meV and 0.8 meV respectively, consistent with the low Néel temperature of 36 K.",2023-04-01,,matteroffact,Supported,"[{""bias"": ""Time-saving bias"", ""confidence"": 0.846}]",Supported,
2308.00412v2_13_F,"The crystallization time for yttrium iron garnet (YIG) thin films can only be determined experimentally for each specific temperature and substrate combination, with no mathematical model capable of predicting crystallization behavior across different conditions.",2023-08-01,,matteroffact,Refuted,"[{""bias"": ""Bias blind spot"", ""confidence"": 0.5843}]",Misleading,
2406.13070v1_1_T,The brittle-to-ductile transition temperature of β-NiAl coatings remains relatively unchanged despite microstructural changes from thermal aging.,2024-06-01,,matteroffact,Supported,,Misleading,
2407.04788v1_11_T,"The combination of tetragonal, pentagonal, decagonal, and hexagonal carbon rings in TPDH-graphene creates a structure that facilitates lithium adsorption and diffusion for battery applications",2024-07-01,,matteroffact,Supported,"[{""bias"": ""curse of knowledge"", ""confidence"": 0.3628}]",Supported,
2304.13927v1_13_T,"In the electrolyte exploration experiment, the anode-free type microplate based electrochemical cells were subjected to a charging process with a capacity limitation of 0.05 mAh.",2023-04-01,,matteroffact,Supported,"[{""bias"": ""Outcome bias"", ""confidence"": 0.3173}]",Misleading,
2304.03740v1_3_T,"The edge length distribution of quench-modified Al-Si eutectic structures is statistically similar to that of random fractals produced by diffusion limited aggregation with a sticking coefficient of 0.4, indicating similar branching behavior despite different formation mechanisms.",2023-04-01,,matteroffact,Supported,"[{""bias"": ""Bias blind spot"", ""confidence"": 0.307}]",Supported,
2401.08834v1_16_F,"The absence of predicted structural distortions in copper-substituted lead oxyapatite can be explained by strong covalent bonding between copper and oxygen atoms that prevents local lattice deformations, despite copper substituting at the theoretically predicted Pb2 (4f) site.",2024-01-01,,matteroffact,Refuted,"[{""bias"": ""Bias blind spot"", ""confidence"": 0.4896}]",Supported,
2407.01918v1_15_T,The time-local formula for dissipation in solid electrolytes is applicable to systems with multiple mobile ions as long as they are sufficiently separated so that their direct and framework-mediated interactions can be neglected.,2024-07-01,,matteroffact,Supported,,Misleading,
2211.16224v1_3_F,"In general solid-state electrolytes, the Spearman correlation coefficient between ion diffusivity and the lowest-energy optical phonon mode calculated at zero temperature is approximately -40%, comparable to the correlations with anharmonic vibrational descriptors.",2022-11-01,,matteroffact,Refuted,,Misleading,
2403.18743v1_2_F,Silicon carbide metasurfaces supporting quasi-bound states in the continuum achieve approximately five times the maximum field enhancement at resonance compared to dielectric metasurfaces.,2024-03-01,,matteroffact,Refuted,,Misleading,
2303.07719v1_16_T,"In topological data analysis of α-AgI, a sphere with common radius is placed at each atomic coordinate, and as the radius increases, ring structures form when atoms connect and later disappear when filled by the spheres, with these birth-death events recorded as coordinates in a persistence diagram.",2023-03-01,,matteroffact,Supported,"[{""bias"": ""clustering illusion"", ""confidence"": 0.9068}]",Supported,
2404.05710v1_9_T,"For a spheroid with a=b, the demagnetizing factors satisfy Nab = (1-Nc)/2, where Nab is the demagnetizing factor along the a and b axes, and Nc is the demagnetizing factor along the c axis.",2024-04-01,,matteroffact,Supported,,Supported,
2304.05231v1_0_T,The low-velocity projectile impact framework can achieve projectile velocities of approximately 100 m/s using only compressed air as the propellant gas.,2023-04-01,,matteroffact,Supported,"[{""bias"": ""curse of knowledge"", ""confidence"": 0.366}]",Supported,
2408.06641v2_4_T,The Debye temperature of Cr3Si decreases from 720 K for undoped Cr3Si to 700 K for Ge-doped Cr3Si at 50% doping concentration.,2024-08-01,,matteroffact,Supported,,Refuted,
2304.10279v2_2_F,"For isotropic linear-elastic polycrystals with cubic crystal lattices, at least five input INS distributions evaluated at different loading conditions are required to accurately extend the INS distributions to arbitrary loading conditions.",2023-04-01,,matteroffact,Refuted,"[{""bias"": ""clustering illusion"", ""confidence"": 0.7}]",Misleading,
2203.08413v3_12_T,"In superconductor-magnetic insulator bilayers, the critical magnetic field at which the superconducting gap vanishes (Clogston limit) decreases as spin-flip scattering increases.",2022-03-01,,matteroffact,Supported,"[{""bias"": ""Omission bias"", ""confidence"": 0.3751}]",Supported,
2408.09073v1_10_T,The lower critical field (Hp) of H₃S at 100K is reported to be 67 mT based on magnetic moment measurements,2024-08-01,,matteroffact,Supported,,Supported,
2304.06457v1_3_T,Cu substitution at the Co₃ₓ sites in SmCo₅ increases the single-ion anisotropy constant K₁ from 21 meV to 24 meV,2023-04-01,,matteroffact,Supported,"[{""bias"": ""Time-saving bias"", ""confidence"": 0.6051}]",Supported,
2303.11179v1_13_T,The crossing of the α flat band with the γ band along Γ-X in NaAlSi forms a Dirac structure that is characteristic of the type-III Dirac point.,2023-03-01,,matteroffact,Supported,,Supported,
2405.10644v1_14_F,"NdNiO₃ thin films grown on SrTiO₃ substrates exhibit a resistivity at 300 K lower than 0.5 mΩ·cm, which is lower than the resistivity of films grown on LaAlO₃ substrates.",2024-05-01,,matteroffact,Refuted,,Misleading,
2303.10621v4_3_F,The Lorentzian approximation of vibrational lineshapes is completely invalid for describing the dynamics of nuclei in crystals.,2023-03-01,,matteroffact,Refuted,,Refuted,
2206.15003v1_16_F,"Increasing the chambrage ratio in the implosion-driven launcher always improves performance linearly, with higher ratios consistently providing greater projectile velocities without any practical limitations or diminishing returns.",2022-06-01,,matteroffact,Refuted,,Refuted,
2306.10385v2_15_F,"The intercalation mechanism of AlF₃ in graphite involves uniform molecular distribution without clustering, leading to minimal elastic deformation of graphite layers and consequently negligible impact on anode material expansion in rechargeable batteries.",2023-06-01,,matteroffact,Refuted,,Misleading,
2309.07046v1_10_F,"The zone-center electron-phonon coupling strength (λΓ) in non-magnetic α-ATB₄ compounds with T = Ni and Co exceeds that of the known superconductor MgB₂, indicating that these materials are likely to exhibit strong electron-phonon mediated superconductivity.",2023-09-01,,matteroffact,Refuted,"[{""bias"": ""Pro-Innovation Bias"", ""confidence"": 0.3174}]",Misleading,
2209.06065v1_4_T,"For non-diverging potentials in a one-dimensional crystal model, a mobile particle experiences essentially no energy dissipation when its velocity is below a threshold determined by the chain mode frequencies and potential width.",2022-09-01,,matteroffact,Supported,"[{""bias"": ""Omission bias"", ""confidence"": 0.3214}]",Supported,
2302.07398v2_1_T,"The polarity of terahertz emission from Co₀.₄Fe₀.₄B₀.₂ thin films reverses when the magnetization direction is reversed, confirming its magnetic origin",2023-02-01,,matteroffact,Supported,,Supported,
2205.01504v1_4_F,"The Hall-Petch coefficient for metallic systems scales exponentially with the square root of applied strain, with values ranging from 50 MPa√μm to 250 MPa√μm at different applied strains when using a kinematic hardening coefficient of 1.2.",2022-05-01,,matteroffact,Refuted,"[{""bias"": ""Time-saving bias"", ""confidence"": 0.4991}]",Refuted,
2206.01072v1_15_T,"The ab initio energy minimization scheme combining conjugate gradient and Newton-Raphson methods converges more effectively for complex magnetic structures than simple iterative approaches that simultaneously update magnetization direction, effective potential, and exchange-correlation field.",2022-06-01,,matteroffact,Supported,"[{""bias"": ""Bias blind spot"", ""confidence"": 0.5711}]",Supported,
2310.14013v1_4_T,"The standard deviation of the local structural anisotropy (Qk) distribution increases monotonically with the Bond number, while the skewness decreases monotonically with the Bond number.",2023-10-01,,matteroffact,Supported,,Misleading,
2308.01135v4_11_F,Including a Hubbard-like term U = 2.0 eV in the DFT calculations of LK-99 with stacking A results in the non-magnetic state being 0.05 eV per formula unit lower in energy than the ferromagnetic state.,2023-08-01,,matteroffact,Refuted,"[{""bias"": ""Planning Fallacy"", ""confidence"": 0.3851}]",Refuted,
2212.04571v1_16_F,Defect-bound quantum dots in van der Waals heterostructures are limited to studying conventional s-wave superconductors and cannot probe exotic superconducting states.,2022-12-01,,matteroffact,Refuted,"[{""bias"": ""Bias blind spot"", ""confidence"": 0.3276}]",Refuted,
2402.09770v1_9_F,In₂Se₃ monolayer is a semiconductor with a band gap of approximately 1.2 eV without spin-orbit coupling.,2024-02-01,,matteroffact,Refuted,"[{""bias"": ""Pro-Innovation Bias"", ""confidence"": 0.3555}]",Refuted,
2303.09576v1_3_F,"The chemical potential of calcium determines which type of planar defect is dominant in the C36 Laves phase, with hcp-like planar defects becoming dominant at higher Ca chemical potentials and basal stacking faults dominant at lower Ca chemical potentials",2023-03-01,,matteroffact,Refuted,,Supported,
2310.03080v2_11_T,The time-dependent simulations of monolayer NbSe2 were performed for a total of 31 femtoseconds using a time step of 1.935 attoseconds.,2023-10-01,,matteroffact,Supported,"[{""bias"": ""Planning Fallacy"", ""confidence"": 0.3668}]",Supported,
2212.03527v1_13_T,"After recovery at 300°C in the Al-Mn alloy, dispersoids on P subgrain boundaries are significantly coarser than dispersoids on boundaries of other orientations, with P subgrain boundaries accommodating the largest dispersoids.",2022-12-01,,matteroffact,Supported,,Supported,
2205.07413v1_4_T,"The analytical model for edge dislocation strength in Nb-Mo-Ta-W alloys shows excellent agreement with experimental measurements at temperatures above 800K, with nearly exact matches at high temperatures.",2022-05-01,,matteroffact,Supported,"[{""bias"": ""Bias blind spot"", ""confidence"": 0.3075}]",Misleading,
2406.13900v1_14_F,"The energy window for quasiparticle behavior in the Sr₂RuO₄ surface state is broader than both the Sr₂RuO₄ bulk state and strongly correlated cuprates, indicating a lower degree of correlation in this Hund's metal surface state.",2024-06-01,,matteroffact,Refuted,,Supported,
2210.05010v2_2_F,"In the athermal regime, irradiated metals continuously accumulate defects without reaching a steady state, regardless of the energy of incident particles.",2022-10-01,,matteroffact,Refuted,,Refuted,
2311.11899v1_1_F,"The lattice constant c of Bi₁₋ₓSbₓ thin films shows an exponential relationship with the percentage of Sb (x), deviating significantly from Vegard's law, with alloy films having widely varying lattice constants.",2023-11-01,,matteroffact,Refuted,,Misleading,
2404.05644v1_12_F,The LDA exchange-correlation functional provides the most accurate representation of relative energies between different polymorphs of CsPbI₃ compared to reference RPA+HF calculations,2024-04-01,,matteroffact,Refuted,"[{""bias"": ""Bias blind spot"", ""confidence"": 0.3166}]",Refuted,
2403.13814v1_3_F,DyFeO₃-based aqueous symmetric supercapacitors retain 99% of their initial capacitance after 5000 charge-discharge cycles in 0.5 M Na₂SO₄ aqueous electrolyte.,2024-03-01,,matteroffact,Refuted,"[{""bias"": ""Outcome bias"", ""confidence"": 0.3417}]",Refuted,
2310.07816v2_1_T,ResNet18 pretrained on ImageNet provides at least 9% better performance than ResNet18 pretrained on MicroNet for classifying MoS2 thin film AFM images.,2023-10-01,,matteroffact,Supported,,Refuted,
2403.08679v1_2_F,NaFe₂PO₄(SO₄)₂ exhibits a G-type antiferromagnetic structure where each magnetic moment is antiparallel to all its nearest neighbors.,2024-03-01,,matteroffact,Refuted,,Supported,
2309.05880v3_14_F,"Around the R point in RhGe, only d-wave pairing is possible, which would lead to a nodal-line superconductor that preserves time-reversal symmetry.",2023-09-01,,matteroffact,Refuted,,Misleading,
2402.07147v1_13_F,Ordered compounds in titanium-oxygen alloys can only be imaged in transmission electron microscopy using energy-filtered techniques that directly map the oxygen concentration differences.,2024-02-01,,matteroffact,Refuted,"[{""bias"": ""clustering illusion"", ""confidence"": 0.7583}]",Misleading,
2307.13990v1_6_F,"The Fermi surface of the Al/Au heterostructure consists of two circular rings with Fermi momenta at 0.15 and 0.25 Å^-1, where the inner ring is primarily composed of Au states and the outer ring of Al states.",2023-07-01,,matteroffact,Refuted,"[{""bias"": ""Time-saving bias"", ""confidence"": 0.4017}]",Misleading,
2303.07504v1_10_T,The orientation relationship between C15-like planar defects and the Mg matrix is Al2Ca(111) // Mg(0002) and Al2Ca[11-20] // Mg[1-100].,2023-03-01,,matteroffact,Supported,"[{""bias"": ""Time-saving bias"", ""confidence"": 0.3533}]",Supported,
2405.18939v1_10_T,The (LaSe)₁.₁₄(NbSe₂)₂ misfit layer compound has an incommensurate structure with a lattice parameter mismatch ratio of approximately 7/4 (≈1.75) along one of the in-plane directions.,2024-05-01,,matteroffact,Supported,"[{""bias"": ""subadditivity effect"", ""confidence"": 0.4982}]",Supported,
2204.07318v3_4_F,"The thermal contributions to the Gibbs free energy of aluminum at room temperature (300K) are negligible, amounting to less than 50 meV/atom across the entire pressure range studied.",2022-04-01,,matteroffact,Refuted,,Supported,
2303.00742v2_5_F,Supporting graphene layers on a WSe2 substrate suppresses superconductivity by enhancing competing magnetic orders that destabilize Cooper pairing.,2023-03-01,,matteroffact,Refuted,,Supported,
2311.08257v1_15_T,"The spin mixing conductance in Ni81Fe19/NbN bilayers varies with NbN thickness, with the thickest NbN layer (140 nm) showing the highest spin mixing conductance and the most pronounced temperature dependence.",2023-11-01,,matteroffact,Supported,,Misleading,
2211.09853v1_0_T,The quaternary WTaCrV refractory amorphous high-entropy alloy undergoes complete crystallization at a temperature of 430K during thermal annealing.,2022-11-01,,matteroffact,Supported,"[{""bias"": ""Outcome bias"", ""confidence"": 0.3738}]",Refuted,
2405.07614v1_4_T,"The calculated average Na (de)intercalation voltages for F-rich perovskite oxyfluorides (MOF2 ↔ NaMOF2) range from 2.21 V for Ti to 4.78 V for Ni, with intermediate values of 2.95 V for V, 3.33 V for Cr, 3.71 V for Mn, 4.08 V for Fe, and 4.45 V for Co.",2024-05-01,,matteroffact,Supported,"[{""bias"": ""subadditivity effect"", ""confidence"": 0.6856}]",Supported,
2404.13293v1_15_F,"Experimental measurement of the Rashba effect in GeTe thin films with domain walls is straightforward because ARPES can easily distinguish between bands from different layers, and transport measurements directly reveal the individual Rashba coefficients.",2024-04-01,,matteroffact,Refuted,"[{""bias"": ""Bias blind spot"", ""confidence"": 0.3307}]",Misleading,
2408.08791v2_4_F,The asymptotic charge value of 35.0 in the Dissipative Split-Charge Equilibration model simulation of a resistor-capacitor circuit differs by more than 30% from the predicted value of 26.4.,2024-08-01,,matteroffact,Refuted,,Supported,
2309.07046v1_6_F,"The Fermi surface of MgCoB₄ forms isotropic spheres with uniform distribution in all crystallographic directions, exhibiting three-dimensional electronic behavior unlike the anisotropic characteristics of superconducting materials like MgB₂ and cuprates.",2023-09-01,,matteroffact,Refuted,,Supported,
2303.11179v1_15_T,"The optimized lattice parameters for NaAlSi are a=b=4.139 Å and c=7.310 Å, which were used in the band structure calculations.",2023-03-01,,matteroffact,Supported,,Supported,
2402.07147v1_10_F,"In Ti₆O ordered compounds, the AVAV stacking of oxygen-enriched basal layers along the <c> axis is energetically more favorable than AVBV stacking, with an energy difference of approximately 14.72 meV per site.",2024-02-01,,matteroffact,Refuted,"[{""bias"": ""Time-saving bias"", ""confidence"": 0.6608}]",Refuted,
2304.07966v2_9_T,"The XRD peaks of cubic LuH₂₊ₓ films appear at approximately 30.478° and 63.398°, corresponding to the (111) and (222) diffraction planes",2023-04-01,,matteroffact,Supported,"[{""bias"": ""subadditivity effect"", ""confidence"": 0.7444}]",Supported,
2204.07318v3_4_T,The thermal contributions to the Gibbs free energy of aluminum at room temperature (300K) exceed 200 meV/atom and increase monotonically to approximately 350 meV/atom at 600 GPa.,2022-04-01,,matteroffact,Supported,"[{""bias"": ""Planning Fallacy"", ""confidence"": 0.355}]",Refuted,
2202.01652v1_6_T,"The strong perpendicular magnetic anisotropy in SrRuO₃ films grown on SrTiO₃ is related to the orthorhombic distortions that persist even in films as thin as 8 unit cells, particularly at low temperatures where magnetic properties are typically measured.",2022-02-01,,matteroffact,Supported,,Supported,
2212.10977v3_10_F,The bulk modulus (B) of Ti_x(HfNbTaZr)_(1-x)/4 alloys in the bcc phase increases monotonically as Ti content increases from x = 0 to x = 0.4,2022-12-01,,matteroffact,Refuted,,Misleading,
2404.08651v1_10_F,"On flat surfaces, SiH3 radicals arrive at varied angles to the growth surface, causing inefficient removal of surface hydrogen and formation of defect-rich thin film silicon.",2024-04-01,,matteroffact,Refuted,"[{""bias"": ""Omission bias"", ""confidence"": 0.7379}]",Supported,
2205.05157v1_13_T,"The electro-optic coefficient determination software is organized into three functional blocks: data input methods, calculation/fitting methods, and plotting/report methods.",2022-05-01,,matteroffact,Supported,,Supported,
2209.06065v1_3_T,"A mobile particle moving through a one-dimensional crystal experiences velocity fluctuations near each chain mass, with attractive potentials causing velocity increases and repulsive potentials causing velocity decreases.",2022-09-01,,matteroffact,Supported,"[{""bias"": ""clustering illusion"", ""confidence"": 0.5618}]",Misleading,
2312.10284v1_14_T,"The standard SLME approach underestimates the photovoltaic efficiency of bulk TMDCs due to its overly small estimate of the fraction of radiative recombination, while the Shockley-Queisser approach overestimates efficiency by ignoring non-radiative recombination",2023-12-01,,matteroffact,Supported,"[{""bias"": ""Bias blind spot"", ""confidence"": 0.7864}]",Supported,
2407.06148v1_18_T,A Zn-Al-Mg coating with a more refined microstructure would have better mechanical performance due to more grain boundaries acting as barriers to crack propagation and limited twinning occurrence.,2024-07-01,,matteroffact,Supported,"[{""bias"": ""Pro-Innovation Bias"", ""confidence"": 0.3459}]",Supported,
2205.07413v1_4_F,"The analytical model for edge dislocation strength in Nb-Mo-Ta-W alloys shows poor agreement with experimental measurements across all temperature ranges, with discrepancies exceeding 500 MPa at all temperatures.",2022-05-01,,matteroffact,Refuted,,Refuted,
2306.03096v2_10_T,"The electronic structure of cobalt in CoO₂ differs from that in SrCoO₃ despite both having formal Co⁴⁺ oxidation states, with CoO₂ exhibiting a low-spin configuration while SrCoO₃ has been predicted to have an intermediate-spin configuration.",2023-06-01,,matteroffact,Supported,,Supported,
2407.15258v1_3_T,"Silicon co-doping significantly increases the concentration of anion dopants in Li7PS6 argyrodite, potentially enabling the synthesis of fluorine-doped argyrodite, while other cation co-dopants generally do not significantly affect anion dopant concentrations.",2024-07-01,,matteroffact,Supported,"[{""bias"": ""Whole only effect"", ""confidence"": 0.5829}]",Supported,
2206.15070v1_6_F,"The volumetric number density of modified Z-phase precipitates in 12Cr1MoV steel increases significantly from 3 μm⁻³ to 15 μm⁻³ during the creep testing period up to 139,000 hours.",2022-06-01,,matteroffact,Refuted,"[{""bias"": ""Time-saving bias"", ""confidence"": 0.4232}]",Supported,
2302.14072v1_4_T,"At the optimized interlayer distance of 5.8 Å in Ta-dichalcogenide bilayers, the flat bands of the 1T layer are completely empty and positioned approximately 0.1 eV above the Fermi energy.",2023-02-01,,matteroffact,Supported,"[{""bias"": ""Outcome bias"", ""confidence"": 0.4291}]",Misleading,
2304.10279v2_5_T,"In isotropic linear-elastic polycrystals, the variance of the intergranular normal-stress distribution scales linearly with the second deviatoric stress invariant J2.",2023-04-01,,matteroffact,Supported,,Misleading,
2310.18245v3_15_T,"Nb₃Sn exhibits anomalous vibrational properties with soft modes in the Γ→X→M directions in momentum space, contributing to its high electron-phonon coupling coefficient of 2.03 and superconducting critical temperature of 15.66 K.",2023-10-01,,matteroffact,Supported,"[{""bias"": ""Outcome bias"", ""confidence"": 0.4234}]",Supported,
2208.10980v2_9_F,"A nanosatellite for Solar System exploration requires a minimum mass of 5 kg to accommodate all necessary subsystems including sensors, communications, attitude control, power systems, and structural components.",2022-08-01,,matteroffact,Refuted,"[{""bias"": ""Planning Fallacy"", ""confidence"": 0.763}]",Misleading,
2211.15972v1_12_T,As-doping in bilayer CrI3 significantly alters the charge distribution in the interlayer space,2022-11-01,,matteroffact,Supported,,Supported,
2304.07224v2_1_T,"In high-temperature cuprate superconductors, a novel collective charge excitation called hyperplasmon type II (HP-II) exists with maximum spectral weight along the nodal direction.",2023-04-01,,matteroffact,Supported,"[{""bias"": ""curse of knowledge"", ""confidence"": 0.6358}]",Supported,
2402.08834v1_14_T,"During deformation of Li13Si4 bulk structures, shear bands initially form in separate regions and then merge to create longer bands, with the meeting areas being wider than the rest of the band.",2024-02-01,,matteroffact,Supported,,Supported,
2406.11763v1_8_F,The photoluminescence signal in Hf0.5Zr0.5O2 thin films increases linearly with increasing laser dose over the entire range of doses tested.,2024-06-01,,matteroffact,Refuted,,Misleading,
2212.13877v1_6_F,Including electron-phonon interaction contributions in theoretical calculations of Boron Nitride polymorphs increases the discrepancy between theoretical results and experimental findings regarding the stable polymorph and relative stability order.,2022-12-01,,matteroffact,Refuted,"[{""bias"": ""Bias blind spot"", ""confidence"": 0.6774}]",Refuted,
2308.05532v1_11_T,"Metal matrix syntactic foams with ceramic hollow spheres exhibit complex thermal behavior involving multiple heat transfer mechanisms including conduction, convection, and radiation due to their heterogeneous structure with air-filled cavities.",2023-08-01,,matteroffact,Supported,"[{""bias"": ""curse of knowledge"", ""confidence"": 0.4757}]",Supported,
2311.02289v1_14_T,"DFT calculations for CsV3Sb5 used an 11 × 11 × 5 Γ-centered k-point mesh, while GW calculations used a reduced 4 × 4 × 2 k-point grid due to computational cost.",2023-11-01,,matteroffact,Supported,"[{""bias"": ""Time-saving bias"", ""confidence"": 0.6671}]",Supported,
2312.05174v1_2_F,"Copper structures printed using 5-hour etched powder (Cu05) at low energy density (83 J/mm³) achieve a relative density of 97.0%, compared to 85.6% for structures printed with as-purchased powder under the same conditions",2023-12-01,,matteroffact,Refuted,"[{""bias"": ""Time-saving bias"", ""confidence"": 0.4357}]",Supported,
2303.10621v4_9_T,"The static quasiparticle frequencies in the mode-coupling theory do not necessarily align with peaks in the spectral functions, but are related through a sum rule where the frequency equals the first moment of the spectral function.",2023-03-01,,matteroffact,Supported,"[{""bias"": ""clustering illusion"", ""confidence"": 0.3621}]",Supported,
2407.16044v1_1_T,Symmetrical strain distribution in monolayer graphene preserves the zero bandgap at the K point while reducing the Fermi velocity,2024-07-01,,matteroffact,Supported,,Supported,
2311.05696v2_13_T,"In bidisperse suspensions, the onset stress for shear thickening (σ_0) increases monotonically with the volume ratio of small particles (α), scaling with the inverse square of particle size as σ_0∼1/a^2.",2023-11-01,,matteroffact,Supported,,Misleading,
2304.13336v2_4_T,The work of separation of a Σ5 grain boundary in iron decreases by approximately 50% when zinc coverage reaches 50% of the grain boundary.,2023-04-01,,matteroffact,Supported,"[{""bias"": ""Time-saving bias"", ""confidence"": 0.5117}]",Misleading,
2205.05157v1_9_F,The electro-optic coefficient determination software requires a complex installation procedure involving compilation of C++ extensions before it can be used.,2022-05-01,,matteroffact,Refuted,"[{""bias"": ""Bias blind spot"", ""confidence"": 0.3859}]",Misleading,
2306.10385v2_0_F,"Aluminum fluoride (AlF₃) molecules intercalate into graphite through the basal plane, forming strong covalent bonds with carbon atoms in the process.",2023-06-01,,matteroffact,Refuted,,Refuted,
2303.00185v1_10_T,"In Fe0.29TaS2/NbN junctions at T=2K, the differential conductance exhibits peaks near |eV|=Δ≈2.7 meV, reflecting the superconducting gap, and the inclusion of Rashba SOC (λ=1.5) enhances the low-bias conductance compared to the case without SOC (λ=0).",2023-03-01,,matteroffact,Supported,"[{""bias"": ""Time-saving bias"", ""confidence"": 0.6706}]",Supported,
2309.01755v1_8_T,"The conduction bands of Pb₁₀(PO₄)₆O₄ at the k_z=0 plane exhibit an extremely narrow band width of 5 meV, while the valence bands show a band width of approximately 60 meV.",2023-09-01,,matteroffact,Supported,"[{""bias"": ""Time-saving bias"", ""confidence"": 0.3912}]",Supported,
2205.07413v1_11_F,"The extra strengthening of Nb-Mo-Ta-W alloys relative to pure bcc metals is solely due to lattice fluctuation interactions (local solute interactions), with no significant contribution from super-jog mechanisms.",2022-05-01,,matteroffact,Refuted,"[{""bias"": ""Whole only effect"", ""confidence"": 0.4092}, {""bias"": ""Bias blind spot"", ""confidence"": 0.317}]",Refuted,
2403.09609v1_14_F,"The habit plane normal of α-grain groups in Ti-6Al-4V can only be determined through direct 3D observation using transmission electron microscopy, as theoretical crystallographic relationships cannot predict the actual growth direction.",2024-03-01,,matteroffact,Refuted,"[{""bias"": ""Bias blind spot"", ""confidence"": 0.5189}]",Misleading,
2310.15331v2_17_F,"The experimental band structure of the surface layer of Sr2RuO4 shows fundamental qualitative differences from density functional theory predictions, with entirely different band topologies and orbital characters that cannot be reconciled through renormalization.",2023-10-01,,matteroffact,Refuted,"[{""bias"": ""Bias blind spot"", ""confidence"": 0.4536}]",Supported,
2311.14529v1_5_T,"In additively manufactured Al-Mn-Cr-Zr alloys heat treated at 375°C, Mn-rich precipitates at grain boundaries reach saturation after approximately 6 hours.",2023-11-01,,matteroffact,Supported,,Misleading,
2212.03990v2_15_F,The electrostatic potential drop across graphene-electrolyte interfaces ranges from -0.5 V to -2.0 V across different electrolyte types and concentrations.,2022-12-01,,matteroffact,Refuted,"[{""bias"": ""Time-saving bias"", ""confidence"": 0.8848}]",Misleading,
2303.07504v1_6_T,"In the Mg-Al-Ca system, the chemical potential of the nucleation barrier for the bulk Al2Ca-C15 Laves phase is -0.014 eV, which is substantially higher than the equilibrium chemical potential of -0.30 eV.",2023-03-01,,matteroffact,Supported,"[{""bias"": ""Time-saving bias"", ""confidence"": 0.5903}]",Refuted,
2407.16044v1_6_F,"Relaxation strain is less effective than twisting for inducing superconductivity in graphene systems, as it produces weaker electron correlation effects and offers limited tunability",2024-07-01,,matteroffact,Refuted,,Supported,
2305.02900v1_11_F,PtBi₂ is a type-I Weyl semimetal with Weyl points located at 100 meV below the Fermi level.,2023-05-01,,matteroffact,Refuted,,Misleading,
2306.00139v1_10_F,Electronic paddle-wheels are unique to AgI and have no implications for designing other superionic conductors or solid-state electrolytes.,2023-06-01,,matteroffact,Refuted,"[{""bias"": ""Pro-Innovation Bias"", ""confidence"": 0.4263}]",Refuted,
2205.07726v2_12_T,"The surface of La-doped BaSnO₃ films contains a higher proportion of Ba (20-25%) compared to Sn (13-16%), with oxygen comprising 60-64% of the surface atomic composition.",2022-05-01,,matteroffact,Supported,"[{""bias"": ""subadditivity effect"", ""confidence"": 0.595}]",Supported,
2405.07614v1_0_F,O-rich perovskite oxyfluorides exhibit higher average Na (de)intercalation voltages compared to F-rich perovskite oxyfluorides due to the greater inductive effect of O2- compared to F-.,2024-05-01,,matteroffact,Refuted,,Misleading,
2305.04262v3_0_F,FIB-patterned Nb films undergo a magnetic field-induced transformation from weak-link to strong-link behavior when the applied field is increased from zero to specific intermediate values,2023-05-01,,matteroffact,Refuted,,Supported,
2304.10279v2_12_T,The method for extending intergranular normal-stress distributions is applicable to predicting the onset of grain boundary damage in materials where failure begins in the elastic regime.,2023-04-01,,matteroffact,Supported,"[{""bias"": ""curse of knowledge"", ""confidence"": 0.6357}]",Supported,
2312.07341v1_1_F,La₃Ni₂O₇ exhibits a maximum superconducting transition temperature (Tc) of approximately 120 K at pressures above 12 GPa.,2023-12-01,,matteroffact,Refuted,,Refuted,
2311.01879v1_9_T,Dislocation loops in Fe12Cr9Al ODS steel irradiated to 3 dpa at 300°C have an average diameter of 11.6±2.0 nm and a number density of 2.26±0.34×10^22/m^3.,2023-11-01,,matteroffact,Supported,,Supported,
2405.11460v1_15_T,The shear deformation in the unit cell of Na₃₊ₓZr₂₋ₓPrₓSi₂PO₁₂ ceramics increases with increasing Pr substitution concentration from x = 0.05 to 0.2 due to the larger ionic radius of Pr³⁺ (113 pm) compared to Zr⁴⁺ (72 pm).,2024-05-01,,matteroffact,Supported,"[{""bias"": ""Time-saving bias"", ""confidence"": 0.4087}]",Supported,
2301.01139v1_6_F,"Under high pressure, elements maintain the same oxidation states as observed at ambient conditions, with cesium always forming cations and mercury only using its 6s electrons for bonding.",2023-01-01,,matteroffact,Refuted,,Refuted,
2401.11244v1_2_F,Machine-learning molecular dynamics accurately predicts the vibrational band center of mobile ions in solid-state ion conductors within 0.1 cm⁻¹ of ab initio molecular dynamics results,2024-01-01,,matteroffact,Refuted,"[{""bias"": ""Bias blind spot"", ""confidence"": 0.6847}]",Supported,
2405.09057v1_0_T,"Response Matching leverages the fact that stable materials and molecules exist at the minimum of their potential energy surface, using the response to perturbations to drive structures back to equilibrium.",2024-05-01,,matteroffact,Supported,"[{""bias"": ""clustering illusion"", ""confidence"": 0.5197}]",Supported,
2407.04788v1_13_F,"TPDH-graphene is similar to most other 2D carbon allotropes in combining semiconducting properties with a moderate theoretical lithium storage capacity, making it unremarkable among potential battery materials",2024-07-01,,matteroffact,Refuted,"[{""bias"": ""Pro-Innovation Bias"", ""confidence"": 0.4773}]",Misleading,
2208.10980v2_6_F,"For a fixed laser irradiance of 1 GW/m², a nanosatellite with an area-to-mass ratio of 50 m²/kg requires approximately the same time to achieve a velocity gain of 5 km/s as one with an area-to-mass ratio of 10 m²/kg.",2022-08-01,,matteroffact,Refuted,"[{""bias"": ""Time-saving bias"", ""confidence"": 0.9778}]",Refuted,
2304.06457v1_12_F,Cu substitution at the 3g site in SmCo₅ is energetically favored over the 2c site by approximately 50 meV/atom according to density functional theory calculations,2023-04-01,,matteroffact,Refuted,,Supported,
2401.06090v1_3_T,Li⁺ ions in Li₃InCl₆ undergo two-dimensional diffusion within the Li-rich layers of the crystal structure.,2024-01-01,,matteroffact,Supported,,Supported,
2304.01934v4_11_F,"DFT+DMFT calculations with a diagonalized Hamiltonian, U=7 eV, and double counting parameter α=0.8 yield an energy gap of 1.2 eV for Li₂MnO₃, which is significantly smaller than the experimental gap of 2.1-2.17 eV.",2023-04-01,,matteroffact,Refuted,"[{""bias"": ""Time-saving bias"", ""confidence"": 0.5818}]",Supported,
2208.07823v1_12_T,"The twice ball milled Na3YCl6 sample exhibits an ionic conductivity of 9.5×10-8 S cm-1 at 25°C, which is over three orders of magnitude higher than the quenched sample's conductivity of 1.6×10-11 S cm-1 at 60°C.",2022-08-01,,matteroffact,Supported,,Supported,
2302.12868v1_6_F,"In a porous medium of sintered glass beads saturated with water, the slow longitudinal wave has a wave speed faster than that of water (1483 m/s) and exhibits approximately the same attenuation as the fast longitudinal and shear waves.",2023-02-01,,matteroffact,Refuted,,Misleading,
2405.07614v1_11_F,"Based on combined voltage, stability, and mobility criteria, Fe-, Co-, and Ni-based oxyfluoride perovskites are identified as the most promising compositions for experimental exploration as NIB electrodes, particularly in bulk form for high-energy density applications.",2024-05-01,,matteroffact,Refuted,"[{""bias"": ""Pro-Innovation Bias"", ""confidence"": 0.4624}]",Supported,
2311.13599v1_16_F,"At a gas temperature of 2500 K, the blackbody spectral emissive power peaks in the wavelength range where current thermal barrier coatings like gadolinium zirconate exhibit strong absorption (7-10 μm).",2023-11-01,,matteroffact,Refuted,,Supported,
2406.09663v1_5_F,Incomplete transformation in non-isothermally treated bainite steels prevents the formation of secondary phases and results in uniform microstructures regardless of alloying elements.,2024-06-01,,matteroffact,Refuted,,Refuted,
2401.06090v1_9_F,Phase-pure Li₃InCl₆ can only be synthesized through a high-temperature solid-state reaction at temperatures above 500°C in an inert atmosphere.,2024-01-01,,matteroffact,Refuted,,Misleading,
2202.02908v1_12_T,"In polycrystalline materials subjected to forward-reverse loading, slip-induced deformation pins twins in place, preventing complete detwinning during load reversal.",2022-02-01,,matteroffact,Supported,"[{""bias"": ""clustering illusion"", ""confidence"": 0.3169}]",Supported,
2309.17090v2_4_T,"A higher damping parameter (68.75 eV fs Å⁻²) in iron simulations initially yields more small grains than a lower damping parameter (6.875 eV fs Å⁻²), but the grain count subsequently reduces and becomes lower at approximately γ = 1.5.",2023-09-01,,matteroffact,Supported,"[{""bias"": ""Time-saving bias"", ""confidence"": 0.8015}]",Supported,
2203.11013v1_16_F,"The standard corrosion limit window used for calculating the maximum driving force (MDF) is defined as pH between 0 and 14, potential between -1000 mV and 1500 mV (vs. SHE), solute activity of 10⁻³, temperature of 50°C, and pressure of 2 atm",2022-03-01,,matteroffact,Refuted,"[{""bias"": ""Time-saving bias"", ""confidence"": 0.354}]",Misleading,
2404.12191v1_2_T,"TMM-Sim can quantify parasitic absorption losses in a glass/ITO/PEDOT/P3HT:PCBM/Ca/Al BHJ solar cell, identifying 8.09 mA/cm² lost to reflection, 0.75 mA/cm² to ITO, 1.06 mA/cm² to PEDOT, 1.51 mA/cm² to Ca, and 1.79 mA/cm² to Al.",2024-04-01,,matteroffact,Supported,"[{""bias"": ""subadditivity effect"", ""confidence"": 0.4893}]",Supported,
2407.04126v2_0_F,"The three investigated grain boundaries in Li₆PS₅Cl (Σ3(1̄12)[110], Σ3(1̄11)[110], and Σ5(001)[001]) exhibit high formation energies exceeding 50 meV/Å²",2024-07-01,,matteroffact,Refuted,"[{""bias"": ""subadditivity effect"", ""confidence"": 0.7379}]",Refuted,
2401.17024v2_11_F,The high-T_c superconducting ternary hydrides identified in the study require layered structures with alternating MH₂ and X₂H₄ planes to achieve superconductivity at ambient pressure.,2024-01-01,,matteroffact,Refuted,,Refuted,
2401.16271v1_15_F,"The microstructure dataset used for training and testing the AnisoGNN models consisted of 100 unique microstructure volume elements, each containing approximately 500 grains in a 64×64×64 voxel volume.",2024-01-01,,matteroffact,Refuted,"[{""bias"": ""clustering illusion"", ""confidence"": 0.8852}]",Supported,
2308.16621v1_9_T,Laser power and laser speed are the most influential process parameters affecting yield stress in metal additive manufacturing due to their control of cooling rate and cellular spacing,2023-08-01,,matteroffact,Supported,,Supported,
2408.06641v2_12_T,"Ge is the most suitable dopant for Cr3Si in applications requiring balanced mechanical and thermal properties, as it preserves isotropic mechanical behavior while introducing beneficial effects such as thermal stability.",2024-08-01,,matteroffact,Supported,,Misleading,
2406.07144v1_2_F,"The optimal energy of carbon atoms sputtered from a target for achieving the highest sp³ fraction in Diamond-Like Carbon coatings is approximately 125 eV, corresponding to a 16 kV ion beam in Electron Cyclotron Resonance Ion Beam Deposition.",2024-06-01,,matteroffact,Refuted,,Supported,
2302.14072v1_10_T,"In Ta-dichalcogenide bilayers, increasing the interlayer distance from 5.8 Å to 7.0 Å causes a systematic evolution from complete charge transfer with empty 1T flat bands to partial charge transfer with spin-split partially filled 1T flat bands.",2023-02-01,,matteroffact,Supported,"[{""bias"": ""Time-saving bias"", ""confidence"": 0.7095}]",Supported,
2203.03167v2_13_F,Discrete interface methods make it more difficult to represent varying grain boundary properties such as energies and mobilities compared to diffuse interface methods.,2022-03-01,,matteroffact,Refuted,,Supported,
2206.01072v1_1_F,The magnetic ground state of Fe chains on Rh(111) surface exhibits a uniform ferromagnetic alignment regardless of the number of atoms in the chain.,2022-06-01,,matteroffact,Refuted,,Refuted,
2210.10242v2_1_F,The electronic states of muons in MgH₂ are primarily determined by band structure effects and cannot be explained by donor/acceptor levels or the ambipolarity model.,2022-10-01,,matteroffact,Refuted,"[{""bias"": ""Bias blind spot"", ""confidence"": 0.5351}]",Supported,
2311.02289v1_1_T,The GW approximation eliminates the symmetry-allowed band crossing along Γ-A in CsV3Sb5 due to significant energy shifts of bands with varying degrees of interlayer character.,2023-11-01,,matteroffact,Supported,"[{""bias"": ""Bias blind spot"", ""confidence"": 0.6177}]",Supported,
2307.00878v1_7_T,"The α-Li₃PS₄ polymorph has a significantly smaller standard deviation of normalized Li site energies (8 meV) compared to β-Li₃PS₄ (41 meV), contributing to its higher configurational entropy.",2023-07-01,,matteroffact,Supported,,Supported,
2203.11013v1_0_F,The maximum driving force (MDF) parameter fails to distinguish between different oxide formation behaviors in aqueous environments,2022-03-01,,matteroffact,Refuted,"[{""bias"": ""Bias blind spot"", ""confidence"": 0.582}]",Misleading,
2202.01918v2_16_T,"During the phase transition from crystalline to amorphous GST-225, germanium atoms change from a 6-fold coordination in octahedral sites to a 4-fold coordination in tetrahedral sites, which is confirmed by XANES spectroscopy measurements.",2022-02-01,,matteroffact,Supported,,Supported,
2206.14013v1_13_T,AlOx-Cu nanocomposites with copper content (τ) equal to or greater than 0.48 exhibit an absorption edge below 3.0 eV that resembles optical bandgaps in semiconductors.,2022-06-01,,matteroffact,Supported,"[{""bias"": ""Outcome bias"", ""confidence"": 0.3582}]",Supported,
2306.04157v1_5_T,"Zirconium in La0.95Zr0.05NiO3 exists in a mixed valence state with lower oxidation than the expected Zr4+, potentially explaining why it does not effectively electron-dope the nickelate system.",2023-06-01,,matteroffact,Supported,"[{""bias"": ""Pro-Innovation Bias"", ""confidence"": 0.3719}]",Supported,
2311.02289v1_12_F,"GW calculations for CsV3Sb5 require a total of 2000 bands and 50 frequency points, with convergence of quasiparticle energies to within 10 meV.",2023-11-01,,matteroffact,Refuted,,Misleading,
2303.12924v1_11_T,Bayesian Optimization is particularly valuable for phase-field modeling of Co-based superalloys because each 3-D simulation can take up to one week of computation time with 144 cores.,2023-03-01,,matteroffact,Supported,,Supported,
2408.10978v2_4_T,"The DFT-optimized lattice parameters for CsTi₃Te₅ are a = b = 5.973 Å and c = 8.372 Å, while for CsZr₃Te₅ they are a = b = 6.280 Å and c = 8.493 Å, and for CsHf₃Te₅ they are a = b = 6.229 Å and c = 8.443 Å.",2024-08-01,,matteroffact,Supported,"[{""bias"": ""Time-saving bias"", ""confidence"": 0.6972}]",Supported,
2212.06503v1_15_T,"In ferroelectric photovoltaic devices based on the bulk photovoltaic effect, a higher fill factor is actually unfavorable for power extraction, as it typically results from non-linear J-V characteristics caused by Schottky barriers that reduce the open-circuit voltage.",2022-12-01,,matteroffact,Supported,"[{""bias"": ""Omission bias"", ""confidence"": 0.5509}]",Supported,
2207.13900v2_5_T,FeRh under high compressive strain shows Jahn-Teller instability due to a peak just below the Fermi energy in the majority spin channel.,2022-07-01,,matteroffact,Supported,,Supported,
2211.10404v1_11_F,"In the intermediate-spin half-metallic state at 3% tensile strain, SrCoO₃ thin films exhibit negligible magnetic moments at the oxygen sites, with values below 0.1 μB",2022-11-01,,matteroffact,Refuted,,Supported,
2311.03271v1_11_T,Automated twin tracking tools offer advantages over standard planar defect identification methods by detecting deformation twins with out-of-plane shapes and validating findings through orientation analysis,2023-11-01,,matteroffact,Supported,"[{""bias"": ""Bias blind spot"", ""confidence"": 0.4414}, {""bias"": ""clustering illusion"", ""confidence"": 0.3182}]",Supported,
2312.10313v1_4_T,"In a Nb(110) monolayer at 4.56 K, the superconducting gap varies significantly across different orbitals, with the pz orbital showing the smallest gap due to its out-of-plane orientation limiting in-plane interactions.",2023-12-01,,matteroffact,Supported,,Supported,
2206.14013v1_10_T,The interfaces between aluminum oxide and copper layers in SALAD-produced nanocomposites likely exhibit significant roughness and chemical diffusion that affect their optical properties.,2022-06-01,,matteroffact,Supported,"[{""bias"": ""clustering illusion"", ""confidence"": 0.3706}]",Supported,
2309.07046v1_0_F,"Ternary borides with the formula ATB₄ (where A = Sr, Ba, Ga, Zn and T = V, Cr, Mn, Fe, Ni, Co) form a family of structurally stable or nearly stable materials in the α-phase crystal structure.",2023-09-01,,matteroffact,Refuted,"[{""bias"": ""subadditivity effect"", ""confidence"": 0.5275}]",Supported,
2303.09576v1_13_F,Planar defects in the C36 Laves phase form after application of 5% uniaxial strain at 300°C (573K),2023-03-01,,matteroffact,Refuted,"[{""bias"": ""Outcome bias"", ""confidence"": 0.4341}]",Refuted,
2404.13293v1_5_F,"Domain walls in GeTe thin films can be positioned at any arbitrary distance from the surface, including directly adjacent to the first GeTe monolayer at the surface.",2024-04-01,,matteroffact,Refuted,,Misleading,
2408.08791v2_7_F,"The Dissipative Split-Charge Equilibration model predicts a damping coefficient of approximately 0.05 GHz for a lithium ion moving past a polarizable medium, corresponding to a slip time of 20 nanoseconds.",2024-08-01,,matteroffact,Refuted,"[{""bias"": ""Time-saving bias"", ""confidence"": 0.388}, {""bias"": ""Planning Fallacy"", ""confidence"": 0.3819}]",Supported,
2305.02900v1_7_T,The topological superconductivity at the surface of PtBi₂ should generate Majorana states at the edges of the material.,2023-05-01,,matteroffact,Supported,,Misleading,
2211.10404v1_14_T,"The energy of the intermediate-spin half-metallic state in SrCoO₃ is lowered by approximately 20 meV/f.u. when octahedral tilting is included, changing from the P4/mmm to the Imma structure",2022-11-01,,matteroffact,Supported,"[{""bias"": ""Time-saving bias"", ""confidence"": 0.6666}]",Supported,
2311.07316v2_13_T,Tuning the Ni-e_g crystal field splitting in La₃Ni₂O₇ is experimentally feasible because it is directly coupled to the NiO₆ oxygen octahedra environment,2023-11-01,,matteroffact,Supported,,Supported,
2205.06324v2_18_F,"The GNN surrogate model architecture for predicting grain-scale elastic response uses three hidden graph layers, each containing 32 features per node, and 12 Gaussian kernels for the convolution operator.",2022-05-01,,matteroffact,Refuted,"[{""bias"": ""clustering illusion"", ""confidence"": 0.5739}]",Supported,
2303.00846v1_2_T,The magneto-elastic coupling between vortices and the host medium in FeSe weakens the hyperuniformity from class-II to class-III by introducing an anisotropic long-range interaction term.,2023-03-01,,matteroffact,Supported,,Supported,
2403.07416v2_4_F,Converging grain boundaries with grains growing in the same lateral direction (α1×α2>0) exhibit the highest stochastic variability in orientation during directional solidification of hcp alloys.,2024-03-01,,matteroffact,Refuted,,Misleading,
2301.11626v1_3_T,Extensive voltage cycling increases the voltage-induced change in RKKY coupling from approximately 1 mT initially to around 3 mT after 2000 cycles.,2023-01-01,,matteroffact,Supported,"[{""bias"": ""Time-saving bias"", ""confidence"": 0.7858}]",Supported,
2202.00542v3_1_F,The activation barrier for water addition to CO is approximately 2 kJ/mol higher on a thin film of Pt on Al(111) compared to pure Pt(111),2022-02-01,,matteroffact,Refuted,"[{""bias"": ""Omission bias"", ""confidence"": 0.3572}]",Misleading,
2212.06503v1_12_F,Thinner ferroelectric films exhibit more linear current-voltage characteristics and lower photocurrent due to decreased bulk photovoltaic effect contribution and reduced carrier generation volume.,2022-12-01,,matteroffact,Refuted,,Supported,
2407.15258v1_9_T,"The highest lithium-ion conductivity in Mg-Cl and Si-Cl co-doped Li7PS6 argyrodite is achieved with high chlorine content (approaching 1.5 per formula unit) and low magnesium or silicon content, as demonstrated by both computational predictions and experimental measurements.",2024-07-01,,matteroffact,Supported,,Supported,
2312.10284v1_7_F,"Transition metal dichalcogenide monolayers have absorption coefficients per unit thickness comparable to conventional semiconductors due to the delocalized nature of their electronic wave functions, which leads to a smooth density of states",2023-12-01,,matteroffact,Refuted,,Misleading,
2209.09561v2_0_F,ERG carbon foam samples with 97% porosity exhibit significant non-Fourier heat conduction behavior during flash experiments.,2022-09-01,,matteroffact,Refuted,"[{""bias"": ""Pro-Innovation Bias"", ""confidence"": 0.6113}]",Supported,
2408.06641v2_8_F,"Doping Cr3Si with Ge, Ga, or Al transforms the electronic structure from metallic to semiconducting, with a band gap opening at the Fermi level.",2024-08-01,,matteroffact,Refuted,,Supported,
2208.08336v1_15_F,The maximally smeared potential in the studied one-dimensional superconducting chain corresponds to a smearing parameter value of approximately a ≈ 25×10^-3.,2022-08-01,,matteroffact,Refuted,,Supported,
2408.03175v1_2_F,"Increasing the bending rigidity of the morphogenic interface (MINT) increases the maximum growth rate of interface undulations in solid-state batteries, reducing interface stability.",2024-08-01,,matteroffact,Refuted,,Supported,
2403.18441v1_15_F,"Residual stresses are calculated directly from the temperature distribution without considering mechanical stress components, and no relaxation process is applied since the stresses are assumed to remain constant after the cutting process is complete.",2024-03-01,,matteroffact,Refuted,"[{""bias"": ""Bias blind spot"", ""confidence"": 0.6579}]",Refuted,
2305.10582v2_8_T,Cu₆Sn₅ intermetallic compound undergoes a structural transformation from monoclinic (η'-Cu₆Sn₅) to hexagonal closed packed (η-Cu₆Sn₅) structure as temperature increases,2023-05-01,,matteroffact,Supported,"[{""bias"": ""subadditivity effect"", ""confidence"": 0.3819}]",Supported,
2209.12517v2_6_T,"The theoretical phonon spectrum of hexagonal uranium shows a stiffening of the phonon mode at the M point as the c/a ratio increases, with a crossover to positive (real) phonon energies occurring between c/a ratios of 1.84 and 1.95.",2022-09-01,,matteroffact,Supported,"[{""bias"": ""subadditivity effect"", ""confidence"": 0.3015}]",Supported,
2404.12191v1_12_T,TMM-Sim automatically identifies the overlapping wavelength range from user-supplied refractive index spectra and performs calculations within that common range.,2024-04-01,,matteroffact,Supported,"[{""bias"": ""clustering illusion"", ""confidence"": 0.5699}]",Supported,
2407.20263v1_14_T,Increasing a Na-Zn cell diaphragm's thickness from 0.5 cm to 5 cm while maintaining the same porosity can reduce the self-discharge rate by approximately a factor of 10.,2024-07-01,,matteroffact,Supported,"[{""bias"": ""Time-saving bias"", ""confidence"": 0.9677}]",Misleading,
2208.10911v1_5_F,MoSeTe has a cubic crystal structure with lattice parameters a=b=c=5.42 Å.,2022-08-01,,matteroffact,Refuted,,Refuted,
2306.04157v1_12_F,Undoped LaNiO3 crystallizes in a rhombohedral structure with space group R-3c and lattice parameters a = 5.50 Å and c = 13.25 Å.,2023-06-01,,matteroffact,Refuted,"[{""bias"": ""Time-saving bias"", ""confidence"": 0.3359}]",Supported,
2403.13814v1_4_T,DyFeO₃-based symmetric supercapacitors with acetonitrile-modified electrolyte exhibit 135% capacitance retention at 55°C compared to their performance at 25°C.,2024-03-01,,matteroffact,Supported,,Refuted,
2403.18743v1_1_T,Silicon carbide metasurfaces supporting quasi-bound states in the continuum exhibit resonance frequencies that remain stable regardless of the incident angle of illumination.,2024-03-01,,matteroffact,Supported,"[{""bias"": ""clustering illusion"", ""confidence"": 0.3731}]",Misleading,
2202.04930v2_1_T,Heterogeneous grain boundary mobility has minimal impact on the evolution of mean values in grain growth simulations when orientations are randomly generated with a Mackenzie-like disorientation distribution.,2022-02-01,,matteroffact,Supported,"[{""bias"": ""Bias blind spot"", ""confidence"": 0.7642}]",Misleading,
2206.14013v1_2_F,The dispersion method reconstructs the complex refractive index of both copper and aluminum oxide with equal accuracy across all energy ranges.,2022-06-01,,matteroffact,Refuted,,Refuted,
2205.07413v1_15_T,"The super-jog strengthening mechanism in Nb-Mo-Ta-W alloys is reminiscent of the high-temperature behavior of Ni-based superalloys, where strength results from a balance between formation and dissolution of Kear-Wilsdorf locks.",2022-05-01,,matteroffact,Supported,,Misleading,
2303.11178v1_15_T,The ARPES measurements on SnTaS₂ were performed at a temperature of 18 K with an energy resolution of approximately 17 meV and an angular resolution of approximately 0.3 degrees.,2023-03-01,,matteroffact,Supported,"[{""bias"": ""Time-saving bias"", ""confidence"": 0.3808}]",Supported,
2309.05880v3_15_T,The presence of time-reversal-symmetry-broken topological superconductivity in RhGe can be verified through magnetic optical Kerr and μ-SR experiments.,2023-09-01,,matteroffact,Supported,"[{""bias"": ""curse of knowledge"", ""confidence"": 0.4378}]",Supported,
2403.04470v2_8_F,"The Si²⁺ and Si⁺ peaks in silica mass spectra obtained with positive THz pulses exhibit a signal-to-noise ratio of more than 10³ and a mass resolution at 10% of the peak maximum of 146 and 140, respectively",2024-03-01,,matteroffact,Refuted,"[{""bias"": ""subadditivity effect"", ""confidence"": 0.6296}]",Supported,
2304.01314v2_16_T,"In the Zr-H system, the relative stability of the δ and γ hydride phases is finely balanced, with small changes in conditions sufficient to favor one phase over the other.",2023-04-01,,matteroffact,Supported,"[{""bias"": ""Distinction bias"", ""confidence"": 0.4967}]",Supported,
2408.08791v2_9_T,"When the split-charge resistance is set to zero in the Dissipative Split-Charge Equilibration model, the circuit behaves as an LC element exhibiting oscillatory charging dynamics dominated by the slowest eigenmode.",2024-08-01,,matteroffact,Supported,,Supported,
2403.04470v2_9_T,"Positive THz pulses induce primarily thermal evaporation in silica samples, while negative THz pulses induce primarily field evaporation with less thermal contribution",2024-03-01,,matteroffact,Supported,,Supported,
2408.08791v2_8_F,"The Dissipative Split-Charge Equilibration simulation of 200,000 time steps with 2,825 split charges took approximately 5 minutes on a two-year old MacBook Pro, with computation time increasing by over 100% when the number of split charges was doubled to 5,533.",2024-08-01,,matteroffact,Refuted,"[{""bias"": ""Time-saving bias"", ""confidence"": 0.3874}, {""bias"": ""Planning Fallacy"", ""confidence"": 0.3696}]",Misleading,
2407.11586v1_9_F,The FeSe/NdFeO3 interface suppresses superconductivity in FeSe films compared to surface-doped FeSe films at similar electron doping levels.,2024-07-01,,matteroffact,Refuted,,Supported,
2302.04385v2_10_F,"The flash/quench technique disrupts oxygen vacancy ordering in Pr₂CuO₄, leading to increased disorder, broader phonon peaks, and weaker superlattice diffraction.",2023-02-01,,matteroffact,Refuted,,Supported,
2402.07147v1_7_T,"Ordered structures in titanium-oxygen alloys are more stable than disordered solid solutions, with no intermediate compound found below the convex hull linking pure titanium and Ti₆O.",2024-02-01,,matteroffact,Supported,,Misleading,
2212.06503v1_6_T,"Schottky barriers at the ferroelectric-electrode interfaces significantly reduce photocurrent collection in BaTiO3 thin films, with higher polarization leading to higher Schottky barriers and consequently lower photocurrent despite stronger bulk photovoltaic effect generation.",2022-12-01,,matteroffact,Supported,"[{""bias"": ""Omission bias"", ""confidence"": 0.8074}]",Supported,
2205.01504v1_5_F,The introduction of an anisotropy factor in J₂ plasticity models fails to capture any meaningful heterogeneous deformation between grains and cannot reproduce the differential hardening observed in crystal plasticity models.,2022-05-01,,matteroffact,Refuted,"[{""bias"": ""Bias blind spot"", ""confidence"": 0.8901}]",Misleading,
2212.03990v2_4_F,"The electrostatic potential profile at graphene-electrolyte interfaces follows the exponential decay predicted by Gouy-Chapman theory, with minimal influence from the type or concentration of electrolyte.",2022-12-01,,matteroffact,Refuted,"[{""bias"": ""Bias blind spot"", ""confidence"": 0.3529}]",Misleading,
2308.05437v1_8_F,"As the δ/r_o ratio increases from 0.01 to 0.4, the relationship between apparent thermal conductivity (K_app) and film thermal conductivity (K_f) transitions from linear to highly concave, with 0.2 marking the critical transition from thin film to bulk behavior.",2023-08-01,,matteroffact,Refuted,"[{""bias"": ""Time-saving bias"", ""confidence"": 0.3022}]",Misleading,
2203.08413v3_1_T,Majorana zero modes in superconductor-magnetic insulator nanowire hybrid systems become more localized at the ends of the nanowire as the nanowire length increases.,2022-03-01,,matteroffact,Supported,"[{""bias"": ""curse of knowledge"", ""confidence"": 0.6051}]",Supported,
2208.10911v1_8_F,Sodium storage in MoSeTe anode occurs exclusively through surface adsorption mechanisms without any structural changes or conversion reactions during the discharge process.,2022-08-01,,matteroffact,Refuted,,Refuted,
2210.03397v3_13_F,"The high radiation resistance of the UFG AlMgZnCuAg crossover alloy is primarily due to its chemical composition, with microstructural features playing a minor role",2022-10-01,,matteroffact,Refuted,"[{""bias"": ""Whole only effect"", ""confidence"": 0.4241}]",Misleading,
2304.02586v1_3_F,"The temperature dependence of optical dichroism in Sr₂RuO₄ follows a linear relationship, suggesting a gradual structural distortion rather than a phase transition.",2023-04-01,,matteroffact,Refuted,,Misleading,
2304.08110v5_12_T,"The point-gap topological table for insulators and superconductors with dissipation at xd=1 is obtained by replacing the space dimension d-1 with δ=(d-1)-D, where D is the dimension of a sphere surrounding a topological defect",2023-04-01,,matteroffact,Supported,,Supported,
2310.18223v1_7_T,"CELL can be interfaced with virtually any ab initio package, total-energy codes based on interatomic potentials, and other computational tools through the Atomic Simulation Environment.",2023-10-01,,matteroffact,Supported,,Supported,
2307.00878v1_2_T,Vibrational entropy is essential for stabilizing the β-Li₃PS₄ polymorph relative to γ-Li₃PS₄ at elevated temperatures.,2023-07-01,,matteroffact,Supported,,Supported,
2403.18441v1_2_F,"The dominance of mechanical effects over thermal effects at higher temperatures leads to compressive residual stresses near the surface in Inconel 718, while higher temperatures in Ti6Al4V machining cause thermal effects to dominate, resulting in tensile residual stresses.",2024-03-01,,matteroffact,Refuted,"[{""bias"": ""Omission bias"", ""confidence"": 0.6207}]",Misleading,
2403.04470v2_13_F,THz-assisted APT consistently produces lower quality mass spectra than UV laser-assisted APT regardless of pulse polarity or sample material,2024-03-01,,matteroffact,Refuted,"[{""bias"": ""Bias blind spot"", ""confidence"": 0.3382}]",Refuted,
2211.15972v1_9_F,Element doping of CrI3 with any non-magnetic element requires formation energies below 1.0 eV to be experimentally feasible,2022-11-01,,matteroffact,Refuted,"[{""bias"": ""Pro-Innovation Bias"", ""confidence"": 0.8027}]",Refuted,
2304.01934v4_10_T,"DFT+DMFT calculations with a diagonalized Mn d block Hamiltonian yield an energy gap of 0.8 eV for Li₂MnO₃, which is larger than with local coordinates but still smaller than the experimental gap of 2.1-2.17 eV.",2023-04-01,,matteroffact,Supported,"[{""bias"": ""Time-saving bias"", ""confidence"": 0.641}]",Misleading,
2310.04841v1_11_T,A combinatorial approach with systematic enumeration of possible atomic configurations successfully identifies the ground state and metastable structures of metal vacancies in cubic carbides.,2023-10-01,,matteroffact,Supported,"[{""bias"": ""clustering illusion"", ""confidence"": 0.6873}]",Supported,
2408.01267v4_14_T,"The Jahn-Teller transition temperature in NaNiO₂ increases with increasing pressure, which is characteristic of displacive transitions.",2024-08-01,,matteroffact,Supported,,Supported,
2310.03638v1_5_F,"Intermixing at the Co/Re interface significantly reduces the DMI in Pt/Co/Re thin films, while intermixing at the Pt/Co interface has minimal effect.",2023-10-01,,matteroffact,Refuted,,Supported,
2204.07318v3_3_F,The structural phase transitions of aluminum under high pressure are accompanied by volume discontinuities of -3.2% for the FCC to HCP transition and -2.7% for the HCP to BCC transition.,2022-04-01,,matteroffact,Refuted,"[{""bias"": ""subadditivity effect"", ""confidence"": 0.43}]",Supported,
2309.13514v2_7_F,"CsCr₃Sb₅ and CsV₃Sb₅ exhibit nearly identical electronic and magnetic properties, with both materials showing weak electron correlations, no local magnetic moments, and similar superconducting behavior at ambient pressure.",2023-09-01,,matteroffact,Refuted,"[{""bias"": ""Distinction bias"", ""confidence"": 0.5247}]",Misleading,
2206.11435v1_4_T,"In cubic LLZO, the occupancy of Li⁺ ions is distributed approximately 40% in tetrahedral sites and 60% in octahedral sites in their lowest potential energy configuration.",2022-06-01,,matteroffact,Supported,"[{""bias"": ""subadditivity effect"", ""confidence"": 0.7394}]",Supported,
2305.01101v2_0_T,Natural language embeddings derived from language models can effectively represent both compositional and structural features of materials for material discovery tasks.,2023-05-01,,matteroffact,Supported,"[{""bias"": ""clustering illusion"", ""confidence"": 0.4071}]",Supported,
2404.08651v1_2_T,Reducing the p-type window layer thickness from 15 nm to 3 nm increases the short circuit current density from 16.4 mA/cm^2 to 20.96 mA/cm^2.,2024-04-01,,matteroffact,Supported,"[{""bias"": ""Time-saving bias"", ""confidence"": 0.9818}]",Supported,
2408.13419v1_4_T,"Lanthanum superhydrides synthesized at pressures between 95-168 GPa show an initial superconducting critical temperature (Tc) up to 160K immediately after synthesis, which decreases significantly over time, eventually stabilizing at values between 70-85K after several weeks.",2024-08-01,,matteroffact,Supported,"[{""bias"": ""Time-saving bias"", ""confidence"": 0.369}]",Misleading,
2304.13336v2_7_F,Liquid metal embrittlement in the Fe-Zn system is an inevitable consequence of zinc coating and cannot be mitigated through alloy design or processing strategies.,2023-04-01,,matteroffact,Refuted,"[{""bias"": ""Omission bias"", ""confidence"": 0.58}]",Refuted,
2312.14311v2_0_F,Fine-tuned ResNet18 models achieve an R² value of 0.85 on held-out test sets when predicting WSe2 thin film crystal coverage from AFM micrographs.,2023-12-01,,matteroffact,Refuted,"[{""bias"": ""Bias blind spot"", ""confidence"": 0.8009}]",Misleading,
2202.04930v2_9_F,The arithmetic mean grain radius in 316L stainless steel increases from approximately 15 μm to 40 μm during 2 hours of annealing at 1050°C when twin boundaries are excluded from the analysis.,2022-02-01,,matteroffact,Refuted,"[{""bias"": ""Time-saving bias"", ""confidence"": 0.3163}]",Supported,
2203.11013v1_3_F,"The primary surface oxide that forms on nickel films is independent of pH, with Ni(OH)₂ consistently forming at the surface across all pH values from 4 to 14",2022-03-01,,matteroffact,Refuted,,Refuted,
2402.05283v3_9_T,"The Carousel Phase Retrieval Algorithm maintains consistency between 2D projected objects by using weighted combinations of adjacent projections from previous iterations, with weights decreasing as the angular distance increases.",2024-02-01,,matteroffact,Supported,"[{""bias"": ""clustering illusion"", ""confidence"": 0.7714}]",Supported,
2308.14223v1_10_F,"Both pure Carbopol and Carbopol+PEO mixtures strictly follow the von Mises yield criterion, showing a consistent relationship between yield stress in shear and extension regardless of PEO content.",2023-08-01,,matteroffact,Refuted,,Refuted,
2306.00139v1_15_F,The electronic paddle-wheel mechanism is fundamentally incompatible with molecular paddle-wheel concepts and cannot be used to create a unified understanding of superionic conductors.,2023-06-01,,matteroffact,Refuted,"[{""bias"": ""Pro-Innovation Bias"", ""confidence"": 0.4417}]",Refuted,
2403.08679v1_3_F,The ordered magnetic moment of Fe³⁺ ions in NaFe₂PO₄(SO₄)₂ is 5.9 μB per Fe³⁺ at 5 K.,2024-03-01,,matteroffact,Refuted,,Refuted,
2203.04149v2_14_T,"Ultrasonic signals in lithium-ion batteries can reliably detect the first 10-15 metal layers from one side of the battery, with deeper layers becoming increasingly difficult to distinguish due to signal attenuation.",2022-03-01,,matteroffact,Supported,,Supported,
2302.14072v1_7_T,"In Ta-dichalcogenide bilayers, the screening of local moments in the 1T layer is primarily driven by hole doping within the 1T layer itself rather than by hybridization with the 1H layer.",2023-02-01,,matteroffact,Supported,"[{""bias"": ""Bias blind spot"", ""confidence"": 0.4154}]",Supported,
2401.11244v1_7_F,"In Li₁₀GeP₂S₁₂, the highest correlation between PS₄ tetrahedra and Li ions occurs at P-S-Li angles between 120° and 150° and Li-S distances between 4 and 6 Å",2024-01-01,,matteroffact,Refuted,"[{""bias"": ""subadditivity effect"", ""confidence"": 0.3988}]",Supported,
2310.13945v1_6_F,"F4̄3m Sr₂B₅ exhibits a lower density of states at the Fermi level compared to MgB₂, with metal atoms contributing more significantly than boron atoms to the electronic states.",2023-10-01,,matteroffact,Refuted,,Misleading,
2210.03397v3_9_F,The UFG AlMgZnCuAg crossover alloy exhibits moderate irradiation-induced grain growth at radiation doses above 50 dpa,2022-10-01,,matteroffact,Refuted,,Supported,
2301.05024v1_0_T,"Inductive loops in electrochemical impedance spectroscopy can be explained by the failure of time-invariance assumption in the modeling of electrochemical systems, without requiring negative resistances or capacitances in equivalent circuit models.",2023-01-01,,matteroffact,Supported,"[{""bias"": ""Bias blind spot"", ""confidence"": 0.4476}]",Supported,
2408.06128v1_3_T,"At low temperatures, strontium transitions from the Sr-III (β-tin) phase to the Sr-IV (monoclinic) phase at approximately 39 GPa, which is higher than the transition pressure of 35 GPa observed at room temperature.",2024-08-01,,matteroffact,Supported,"[{""bias"": ""subadditivity effect"", ""confidence"": 0.316}]",Supported,
2208.10980v2_8_F,"Laser Electric Propulsion is more suitable than Direct Energy Laser Propulsion for launching swarms of nanosatellites due to its higher energy efficiency, despite requiring each satellite to carry its own propulsion system.",2022-08-01,,matteroffact,Refuted,"[{""bias"": ""Whole only effect"", ""confidence"": 0.413}]",Misleading,
2311.02289v1_9_T,"In CsV3Sb5, GW calculations show that antimony bands along Γ-A have a maximum deviation of 12% in dispersion compared to DFT, while vanadium bands show a much larger deviation of up to 48%.",2023-11-01,,matteroffact,Supported,,Supported,
2405.07614v1_13_F,"Na-ion mobility is excellent in transition metal oxyfluoride perovskites, with most pristine compositions exhibiting migration barriers below 800 meV, due to the expanded lattice parameters caused by the larger ionic radius of F- compared to O2-.",2024-05-01,,matteroffact,Refuted,,Supported,
2309.05880v3_10_F,"The surface states in RhGe exhibit no spin polarization due to negligible spin-orbit coupling, with the spin degeneracy preserved across the surface Brillouin zone.",2023-09-01,,matteroffact,Refuted,,Refuted,
2301.01139v1_13_T,"The calcium superhydride CaH6 exhibits superconductivity with a critical temperature exceeding 200 K at 160-170 GPa, confirming theoretical predictions.",2023-01-01,,matteroffact,Supported,"[{""bias"": ""Pro-Innovation Bias"", ""confidence"": 0.4052}]",Supported,
2202.04930v2_15_F,"The initial microstructure of 316L stainless steel consists of equiaxed grains with an arithmetic mean radius of 30 μm, with some larger grains having radii around 100 μm.",2022-02-01,,matteroffact,Refuted,,Misleading,
2404.03579v2_9_F,Microstructures with intragranular orientation gradients in Al-7085 with a modified T7452 temper exhibit decreased localization of stress compared to microstructures with homogenized grain orientations.,2024-04-01,,matteroffact,Refuted,"[{""bias"": ""Bias blind spot"", ""confidence"": 0.3242}]",Supported,
2312.03989v1_0_F,The machine learning-based rare event detection technique is at least 200 times faster computationally than traditional approaches for analyzing high-energy X-ray microscopy data.,2023-12-01,,matteroffact,Refuted,"[{""bias"": ""curse of knowledge"", ""confidence"": 0.6073}]",Misleading,
2303.02540v1_14_F,The reduced thermal conductivity in multi-component rare-earth disilicates is primarily due to increased porosity and microstructural defects rather than configurational disorder in interatomic force constants.,2023-03-01,,matteroffact,Refuted,"[{""bias"": ""Bias blind spot"", ""confidence"": 0.3477}]",Misleading,
2308.05532v1_5_T,"The heat flux relaxation time (τq) for AlSi7Mg matrix syntactic foams with ceramic hollow sphere fillers ranges from 0.18 to 0.37 seconds, with an average value of approximately 0.26 seconds.",2023-08-01,,matteroffact,Supported,"[{""bias"": ""Time-saving bias"", ""confidence"": 0.3444}]",Supported,
2209.12462v1_13_F,"The temperature dependence of solid solution strengthening in high entropy alloys follows a simple Arrhenius law, with material parameters such as elastic constants, equilibrium volume, and misfit volumes remaining constant with temperature.",2022-09-01,,matteroffact,Refuted,,Refuted,
2408.03175v1_16_T,"The mechanical force balance at the solid-state battery interface includes contributions from MINT bending, surface tension, and normal pressures from both the electrode and electrolyte, with the latter two being non-local functions of interface curvature.",2024-08-01,,matteroffact,Supported,,Supported,
2301.11689v3_5_F,"A random forest model trained on the BERT-PSIE Curie temperature dataset achieves a mean absolute error (MAE) of 60 K, which is comparable to the MAE of 57 K achieved by models trained on manually curated datasets.",2023-01-01,,matteroffact,Refuted,,Misleading,
2303.02441v2_3_F,The ρ-CP framework is implemented and integrated with the commercial finite element solver ABAQUS.,2023-03-01,,matteroffact,Refuted,,Misleading,
2303.04621v2_0_F,Rank-one connections between energy wells for the dual of a Bravais lattice must be calculated independently and cannot be derived from the connections of the original lattice.,2023-03-01,,matteroffact,Refuted,"[{""bias"": ""Bias blind spot"", ""confidence"": 0.7515}]",Misleading,
2307.13990v1_1_F,"The magnitude of inter-orbital Cooper pairing at finite energies in the Al/Au heterostructure ranges from 75% to 90% of the Al superconducting gap, increasing at larger momentum values.",2023-07-01,,matteroffact,Refuted,,Refuted,
2211.15972v1_12_F,As-doping in bilayer CrI3 has minimal effect on the charge distribution in the interlayer space,2022-11-01,,matteroffact,Refuted,"[{""bias"": ""Bias blind spot"", ""confidence"": 0.4908}]",Refuted,
2311.08257v1_13_F,"NbN is disadvantageous as a superconductor due to its lower critical temperature (approximately 10K) compared to Nb, small superconducting energy gap of 1.0 meV, and small penetration depth of about 50 nm.",2023-11-01,,matteroffact,Refuted,,Misleading,
2407.01918v1_16_F,The use of a Gaussian interaction potential between mobile ions and framework masses in solid electrolytes is fundamentally flawed because it allows for unphysical zero separation between ions and cannot capture the complex electronic structure effects that dominate real ion-framework interactions.,2024-07-01,,matteroffact,Refuted,"[{""bias"": ""Bias blind spot"", ""confidence"": 0.5835}]",Misleading,
2309.04053v2_10_F,"Thermal protection systems for hypersonic vehicles are primarily categorized based on their material composition rather than their heat dissipation mechanisms, with metallic systems being the most effective for all flight conditions.",2023-09-01,,matteroffact,Refuted,"[{""bias"": ""curse of knowledge"", ""confidence"": 0.3911}]",Refuted,
2202.01918v2_0_F,"The melting temperature of Ge2Sb2Te5 is approximately 450°C, while its glass transition temperature ranges from 200°C to 250°C.",2022-02-01,,matteroffact,Refuted,"[{""bias"": ""subadditivity effect"", ""confidence"": 0.303}]",Supported,
2408.03175v1_16_F,"The mechanical force balance at the solid-state battery interface depends only on local elastic deformation of the materials, with no contributions from surface tension or non-local effects related to interface curvature.",2024-08-01,,matteroffact,Refuted,"[{""bias"": ""Bias blind spot"", ""confidence"": 0.4287}]",Refuted,
2208.10980v2_15_F,The lightsail must remain attached to the payload throughout the entire mission to provide course corrections and attitude control during the journey and at the target destination.,2022-08-01,,matteroffact,Refuted,,Misleading,
2407.21071v2_10_T,Optimal electrode grading for lithium-ion battery pouch cells requires decreasing the electrode resistance away from the tabs to encourage current to flow along the current collectors rather than directly through the electrodes,2024-07-01,,matteroffact,Supported,,Supported,
2304.13927v1_7_T,"The NAREE system comprises a liquid-handling dispenser, an electrochemical measurement unit, and a robotic arm that uses microplate-based electrochemical cells for high-throughput evaluation of electrolytes.",2023-04-01,,matteroffact,Supported,,Supported,
2310.18468v1_5_F,"A Totimorphic Unit Cell (TUC) requires 6 distinct components: a beam, two ball joints, a lever, and two variable-length springs.",2023-10-01,,matteroffact,Refuted,,Refuted,
2304.07966v2_4_T,"LuH₂₊ₓ single-crystalline films exhibit Raman peaks at approximately 260 cm⁻¹ and 1226 cm⁻¹, which are blue-shifted compared to the peaks at 248 cm⁻¹ and 1200 cm⁻¹ observed in LuH₂ powders",2023-04-01,,matteroffact,Supported,,Supported,
2401.04644v1_11_F,"In Eu₂Ir₂O₇ thin films, electron-electron interaction effects remain negligible at all temperatures, allowing weak antilocalization effects to dominate the transport properties down to the lowest measured temperature of 2 K.",2024-01-01,,matteroffact,Refuted,"[{""bias"": ""Risk Compensation"", ""confidence"": 0.395}]",Refuted,
2307.02870v1_3_T,Hierarchically structured electrodes thicker than 107 μm experience severe capacity loss at high discharge rates due to electrolyte depletion near the current collector,2023-07-01,,matteroffact,Supported,,Supported,
2207.11317v1_3_T,The change in work hardening behavior of strain aged ultra-low carbon steel arises from the different role played by solute 'loaded' dislocations compared to dislocations generated by straining after aging.,2022-07-01,,matteroffact,Supported,,Supported,
2303.10621v4_15_T,"In the scattering approximation of mode-coupling theory, the linewidth Γ_λ(ω) is proportional to the sum over modes μ and ν of the squared vertex |Ψ(-λ,μ,ν)|² multiplied by delta functions that enforce energy conservation for phonon creation and annihilation processes.",2023-03-01,,matteroffact,Supported,,Supported,
2407.06148v1_2_T,The bath composition used to produce the Zn-Al-Mg coating contains 1.2% aluminum and 1.2% magnesium by weight.,2024-07-01,,matteroffact,Supported,"[{""bias"": ""subadditivity effect"", ""confidence"": 0.5923}]",Refuted,
2304.13257v3_14_T,"The systematic comparison of different oxide surfaces on niobium qubits provides definitive evidence that niobium oxides host a higher density of two-level systems than tantalum, aluminum, or titanium nitride oxides, advancing the microscopic understanding of decoherence sources in superconducting qubits.",2023-04-01,,matteroffact,Supported,"[{""bias"": ""curse of knowledge"", ""confidence"": 0.4918}]",Supported,
2408.00042v3_16_T,Tight-binding models were constructed for space groups 15 and 135 to demonstrate the symmetry-enforced nodal lines without spin-orbit coupling and their transformation into gapped states with helical surface states when spin-orbit coupling is included.,2024-08-01,,matteroffact,Supported,,Supported,
2404.13293v1_2_T,The energy barrier for local domain wall migration in GeTe thin film decreases from 4 meV per unit cell for the first two migrations to 2 meV per unit cell for the last two migrations.,2024-04-01,,matteroffact,Supported,"[{""bias"": ""Time-saving bias"", ""confidence"": 0.927}]",Refuted,
2310.03080v2_13_T,The high harmonic generation simulations of monolayer NbSe2 required a k-mesh of size 8×8×1 and a real-space grid density of 2 points per bohr to achieve convergence.,2023-10-01,,matteroffact,Supported,,Misleading,
2408.08791v2_11_T,"A unit charge moving through a capacitor simulated with the Dissipative Split-Charge Equilibration model experiences attractive forces before entering and after exiting the capacitor, with smaller forces while between the plates that show oscillations corresponding to the atomic lattice spacing.",2024-08-01,,matteroffact,Supported,"[{""bias"": ""clustering illusion"", ""confidence"": 0.5213}]",Misleading,
2401.05568v1_5_F,"In large-scale molecular dynamics simulations, the B19' to B2 phase transition in equiatomic NiTi occurs at approximately 500 K for all four machine learning models (LDA, PBE, PBEsol, and SCAN).",2024-01-01,,matteroffact,Refuted,"[{""bias"": ""subadditivity effect"", ""confidence"": 0.342}]",Misleading,
2311.15620v1_3_T,"The correlation between tracer ion diffusion coefficient and average interstitial residence time in solid-state electrolytes is approximately 5%, representing the smallest correlation among the examined atomistic descriptors.",2023-11-01,,matteroffact,Supported,,Misleading,
2209.05554v2_3_F,The ALIGNN-FF model predicts lattice constants of materials in the JARVIS-DFT database with mean absolute errors below 0.05 Å for all lattice parameters,2022-09-01,,matteroffact,Refuted,"[{""bias"": ""clustering illusion"", ""confidence"": 0.5525}]",Misleading,
2310.18245v3_0_F,Dirac surface states in A15 compounds are primarily derived from p-orbital contributions of the non-transition metal elements.,2023-10-01,,matteroffact,Refuted,"[{""bias"": ""curse of knowledge"", ""confidence"": 0.3099}]",Supported,
2304.06457v1_14_T,Cu substitution in SmCo₅ thin films reduces the saturation magnetization due to the replacement of magnetic Co atoms with non-magnetic Cu atoms,2023-04-01,,matteroffact,Supported,,Supported,
2211.15972v1_4_F,As-doped bilayer CrI3 exhibits insulating ferromagnetic behavior at all doping concentrations between 1% and 10%,2022-11-01,,matteroffact,Refuted,,Refuted,
2310.20241v1_4_T,"The binding energy of a single lithium atom at a carbon vacancy in graphene is -3.3 eV, significantly stronger than the -0.45 eV/atom binding energy on pristine graphene.",2023-10-01,,matteroffact,Supported,"[{""bias"": ""Time-saving bias"", ""confidence"": 0.7238}]",Supported,
2301.06756v1_7_F,"In solid helium at 1 terapascal, the valence band maximum consists of p-like orbitals while the conduction band minimum exhibits full s-like character.",2023-01-01,,matteroffact,Refuted,,Refuted,
2207.11317v1_0_F,Strain aging in ultra-low carbon steel only affects the yield strength without changing the work hardening rate of the material.,2022-07-01,,matteroffact,Refuted,"[{""bias"": ""Omission bias"", ""confidence"": 0.3317}]",Refuted,
2310.05415v1_3_F,"The addition of titanium to polycrystalline copper decreases its Young's modulus, with values ranging from 60-85 GPa for Cu-Ti alloys compared to pure copper at similar grain sizes.",2023-10-01,,matteroffact,Refuted,,Supported,
2303.04621v2_2_T,The minimum squared shear magnitude |av|² for Type 1 and Type 2 twins is 1 for simple cubic lattices and 1/2 for both body-centered cubic (bcc) and face-centered cubic (fcc) lattices.,2023-03-01,,matteroffact,Supported,"[{""bias"": ""Pseudocertainty effect"", ""confidence"": 0.3991}]",Supported,
2204.07318v3_5_F,"In aluminum at room temperature, the entropy term contributes 150-190 meV/atom at lower pressures (<200 GPa) and increases to approximately 230 meV/atom at higher pressures, dominating the total thermal contribution to Gibbs free energy.",2022-04-01,,matteroffact,Refuted,"[{""bias"": ""Time-saving bias"", ""confidence"": 0.3191}]",Misleading,
2405.09345v1_4_F,Ferroelectric HZO thin films exhibit a remnant polarization of 35-40 μC/cm² after 10³ cycles,2024-05-01,,matteroffact,Refuted,,Misleading,
2311.07316v2_4_T,The critical value of Ni-e_g crystal field splitting for transitioning from d_xy to s_± pairing symmetry is 0.37 eV in Wannier's model and 0.30 eV in Luo's model of La₃Ni₂O₇,2023-11-01,,matteroffact,Supported,,Misleading,
2403.04470v2_10_F,"In TDDFT simulations of Si(OH)₄, both hydrogen and oxygen atoms evaporate with variable charge states ranging from neutral to +2 regardless of the laser amplitude or THz pulse polarity",2024-03-01,,matteroffact,Refuted,,Refuted,
2311.15791v1_2_F,The CCDW phase in 1T-TaS₁.₂Se₀.₈ exhibits a full optical gap of approximately 300 meV.,2023-11-01,,matteroffact,Refuted,,Refuted,
2311.03271v1_12_F,High computational demands make twin tracking algorithms unsuitable for analyzing large-scale simulations with millions of atoms,2023-11-01,,matteroffact,Refuted,,Misleading,
2403.19614v1_15_F,"The variability in dose distribution across the junction area has minimal impact on Josephson junction fabrication success in 30 kV e-beam lithography, with process temperature and development time being the primary factors affecting reproducibility.",2024-03-01,,matteroffact,Refuted,,Misleading,
2403.08237v2_5_T,Non-equilibrium synthesis methods like ball milling are necessary to achieve high Li-ion conductivity in Li₂ZrCl₆ because they induce the Zr disorder that cannot be achieved through equilibrium thermal processes,2024-03-01,,matteroffact,Supported,,Supported,
2312.10313v1_13_F,"The electron-phonon coupling parameter in Nb is uniform across all dimensions and layers, with a constant value of 2.72 eV regardless of whether it is bulk, surface, or thin film.",2023-12-01,,matteroffact,Refuted,,Refuted,
2208.10980v2_12_T,A 30 cm diameter mesh reflector antenna operating in X-band has a -3 dB beam-width of 8.3 degrees and can tolerate a maximum pointing error of 0.75 degrees with only 0.1 dB power loss.,2022-08-01,,matteroffact,Supported,"[{""bias"": ""Time-saving bias"", ""confidence"": 0.7759}]",Supported,
2403.06305v1_0_T,Epitaxial scandium trifluoride (ScF₃) thin films can be successfully grown on lithium fluoride (LiF) substrates using pulsed laser deposition.,2024-03-01,,matteroffact,Supported,"[{""bias"": ""Pro-Innovation Bias"", ""confidence"": 0.4494}]",Supported,
2212.09357v1_0_T,The nonlinear acoustic parameter measured by Second Harmonic Generation is sensitive enough to detect different zones of von Mises stress and effective plastic strain in centimeter-size aluminum pieces,2022-12-01,,matteroffact,Supported,"[{""bias"": ""clustering illusion"", ""confidence"": 0.4839}]",Supported,
2208.10980v2_13_T,"Swarms of laser-propelled nanosatellites can be used for mapping the heliospheric environment, creating communication networks around planets, and exploring the outer Solar System beyond the heliopause.",2022-08-01,,matteroffact,Supported,"[{""bias"": ""curse of knowledge"", ""confidence"": 0.3872}]",Supported,
2303.00742v2_9_F,The critical perpendicular magnetic field for SC2 in Bernal bilayer graphene with spin-orbit coupling is approximately 100 mT.,2023-03-01,,matteroffact,Refuted,"[{""bias"": ""Planning Fallacy"", ""confidence"": 0.3091}]",Misleading,
2401.08834v1_6_T,"Inelastic neutron scattering measurements of copper-substituted lead oxyapatite reveal a lattice excitation at approximately 5.5 meV at 5 K, which softens slightly with increasing temperature and shows quadratic wave-vector dependence consistent with phonon behavior.",2024-01-01,,matteroffact,Supported,,Supported,
2309.07046v1_1_F,"In ternary ATB₄ borides, the β-phase consistently has lower energy than the α-phase, though the energy difference between the two phases is relatively small.",2023-09-01,,matteroffact,Refuted,"[{""bias"": ""Whole only effect"", ""confidence"": 0.4845}]",Supported,
2401.17024v2_9_F,"In Mg₂RhH₆, Mg₂IrH₆, and Li₂CuH₆, the low-frequency metal (Rh, Ir, Cu) vibrational modes significantly contribute to the electron-phonon coupling and superconductivity.",2024-01-01,,matteroffact,Refuted,"[{""bias"": ""subadditivity effect"", ""confidence"": 0.7173}]",Supported,
2310.05415v1_0_F,"Substitutional Ti atoms in Cu grain boundaries have positive segregation energies of approximately +0.25 eV at the most favorable sites, indicating Ti preferentially remains in the bulk rather than segregating to grain boundaries.",2023-10-01,,matteroffact,Refuted,,Refuted,
2408.03175v1_13_T,"In solid-state batteries, the current density is modified by interface curvature through both mechanical and electrochemical overpotentials, with the electrochemical overpotential having a non-local dependence on interface curvature.",2024-08-01,,matteroffact,Supported,,Supported,
2305.10582v2_6_T,"For loading in the [001] direction with a strain of 5.0E-5, the average magnitude of Second Piola-Kirchoff stress for the pyramidal deformation mode in Cu₆Sn₅ (above 4 MPa) is higher than that for the basal mode (2.5 MPa)",2023-05-01,,matteroffact,Supported,,Supported,
2310.18223v1_8_T,CELL's cluster expansion model for the Si-Ge alloy accurately predicts the negative bowing of the lattice constant with a value close to the experimental measurement of approximately -0.026 Å at a Ge concentration of 51.3%.,2023-10-01,,matteroffact,Supported,,Supported,
2406.12453v1_4_F,Sr₃Ni₁.₇₅Al₀.₂₅O₇ exhibits a magnetic transition at approximately 30 K with an effective magnetic moment of 4.9 μB and a Weiss temperature of +20 K.,2024-06-01,,matteroffact,Refuted,,Supported,
2406.11763v1_3_F,"Laser exposure of Hf0.5Zr0.5O2 thin films increases hysteresis loop pinching and decreases piezoresponse, contrary to the wake-up process observed in HfO2-based devices.",2024-06-01,,matteroffact,Refuted,"[{""bias"": ""Bias blind spot"", ""confidence"": 0.4735}]",Supported,
2308.05532v1_13_F,The addition of reinforcing particles to the AlSi7Mg matrix in metal matrix syntactic foams decreases the compressive strength of the material.,2023-08-01,,matteroffact,Refuted,"[{""bias"": ""Bias blind spot"", ""confidence"": 0.5556}]",Refuted,
2304.07966v2_6_T,Single-crystalline LuH₂₊ₓ films can be synthesized by post-annealing Lu films at 280°C for 4 hours in a flow of H₂/Ar mixture gas with 8% H₂ at a pressure of 0.14 MPa,2023-04-01,,matteroffact,Supported,,Supported,
2212.06503v1_6_F,"Schottky barriers at the ferroelectric-electrode interfaces have minimal impact on photocurrent collection in BaTiO3 thin films, with the observed photocurrent variations being primarily determined by the strength of the bulk photovoltaic effect generation.",2022-12-01,,matteroffact,Refuted,"[{""bias"": ""Bias blind spot"", ""confidence"": 0.3941}]",Supported,
2305.11961v1_3_T,A 1024 by 1024 probe position 4D-STEM dataset can be reduced from 700 GB to less than 10 GB in under ten minutes using the 4D Camera processing system,2023-05-01,,matteroffact,Supported,"[{""bias"": ""Time-saving bias"", ""confidence"": 0.5077}]",Misleading,
2205.06855v1_12_T,A regolith-to-binder ratio of 3.5:1 by volume produces stable green parts for both Martian and Lunar regolith when using a 6.25% salt-water solution as the binder material.,2022-05-01,,matteroffact,Supported,,Misleading,
2308.00800v1_8_T,"The phase-field fatigue model accurately predicts the fatigue crack growth rate in AA2024-T351 aluminum sheets for the first two-thirds of crack propagation, but fails to capture the transition to unstable fracture at approximately 50 mm crack length near the specimen boundary.",2023-08-01,,matteroffact,Supported,"[{""bias"": ""Bias blind spot"", ""confidence"": 0.4568}]",Supported,
2305.05612v2_10_F,Twin nucleation in magnesium occurs randomly at grain boundaries regardless of whether twinning can transform an asymmetrically-tilted grain boundary into a symmetrically-tilted grain boundary.,2023-05-01,,matteroffact,Refuted,,Refuted,
2309.05880v3_10_T,"The surface states in RhGe exhibit strong spin polarization due to large spin-orbit coupling, with the spin polarization direction varying across the surface Brillouin zone.",2023-09-01,,matteroffact,Supported,,Supported,
2303.02441v2_5_F,The ρ-CP framework predicts that temperature has no effect on the yield stress of body centered cubic (bcc) tantalum.,2023-03-01,,matteroffact,Refuted,,Refuted,
2307.13990v1_4_F,"In the Al/Au heterostructure, the ratio of triplet to singlet components in the proximity-induced pairing exceeds 2 at high momenta, with Al-dominated states exhibiting the largest triplet contribution.",2023-07-01,,matteroffact,Refuted,,Supported,
2402.18588v2_7_T,The density functional theory calculations for LK-99 used a k-mesh subdivision of 8 × 8 × 10 with energy convergence criteria of 10⁻⁵ Ha and charge density convergence criteria of 10⁻⁴ e/(Bohr radii)³.,2024-02-01,,matteroffact,Supported,,Refuted,
2408.06641v2_6_F,"The lattice parameter of undoped Cr3Si calculated using HSE is 4.50 Å, which is closer to the experimental value of 4.57 Å than the GGA calculation of 4.43 Å.",2024-08-01,,matteroffact,Refuted,,Supported,
2403.07526v2_5_T,"For screw dislocations in bcc Fe {110}⟨111⟩, the Physics-Transfer model achieves a prediction error of 7.63% compared to MLFF simulations, while EAM predictions show a higher error of 15.01%.",2024-03-01,,matteroffact,Supported,"[{""bias"": ""Planning Fallacy"", ""confidence"": 0.3042}]",Supported,
2311.15791v1_17_F,"Heating 1T-TaS₁.₂Se₀.₈ above 200 K permanently transforms the crystal structure, preventing the formation of the mosaic phase in all subsequent cooling cycles.",2023-11-01,,matteroffact,Refuted,"[{""bias"": ""Outcome bias"", ""confidence"": 0.3073}]",Refuted,
2311.07943v2_5_F,The critical transition temperature of 30.7 K in air-annealed CaFeAsF is approximately 5 K lower than that observed in Co-doped CaFeAsF.,2023-11-01,,matteroffact,Refuted,,Supported,
2304.08110v5_8_T,"When a chiral edge mode with group velocity v > 0 acquires a decay constant Γ > 0 due to dissipation, its energy spectrum h_edge(kx) = vkx - iΓ immediately develops a non-zero spectral winding number",2023-04-01,,matteroffact,Supported,,Refuted,
2310.04841v1_4_F,Reconstructed metal vacancies in titanium carbide maintain the same electronic structure as the unreconstructed vacancies without creating any new states in the forbidden energy regions.,2023-10-01,,matteroffact,Refuted,"[{""bias"": ""Bias blind spot"", ""confidence"": 0.3789}]",Refuted,
2407.09880v1_6_T,Dimensionality has minimal influence on the superconducting pairing temperature in FeSe-based systems compared to the effect of interfacial electron-phonon coupling.,2024-07-01,,matteroffact,Supported,"[{""bias"": ""Bias blind spot"", ""confidence"": 0.3018}]",Misleading,
2311.13599v1_14_T,"High coating surface temperatures promote sintering and densification processes that are detrimental to coating life by leading to cracking, coarsening of porosity, and reduction in porosity volume fraction.",2023-11-01,,matteroffact,Supported,"[{""bias"": ""Omission bias"", ""confidence"": 0.8746}]",Supported,
2206.15070v1_10_T,Modified Z-phase precipitates in 12Cr1MoV steel exhibit both cubic and tetragonal crystal structures simultaneously in the same particle.,2022-06-01,,matteroffact,Supported,,Refuted,
2209.06065v1_5_F,"For a Gaussian interaction potential in a one-dimensional crystal, the single-pass energy dissipation in the high-velocity limit scales as Δ_fast = 2π³(Φ₀²/ẋ²)(2πλ/ẋ)²(ω_fast² - 1), where Φ₀ is the potential amplitude, λ is the potential width, and ω_fast is the maximum frequency of the chain eigenmodes.",2022-09-01,,matteroffact,Refuted,,Refuted,
2202.04242v1_1_F,"The optimized structure of 2D Cu-Au has a chemical formula of Cu₈Au₈, with equal numbers of Cu and Au atoms in the unit cell, showing a formation energy of -90 meV/atom.",2022-02-01,,matteroffact,Refuted,"[{""bias"": ""Time-saving bias"", ""confidence"": 0.4488}]",Refuted,
2401.04644v1_10_T,"The magnetoresistance of Eu₂Ir₂O₇ thin films transitions from positive and quadratic at higher temperatures (around 60 K) to negative at lower temperatures, with a characteristic cusp feature near zero field at 2 K.",2024-01-01,,matteroffact,Supported,,Supported,
2310.07816v2_9_F,Machine learning models for MoS2 thin film classification rely primarily on image brightness and contrast as key features for identifying samples grown at different temperatures.,2023-10-01,,matteroffact,Refuted,"[{""bias"": ""curse of knowledge"", ""confidence"": 0.614}]",Misleading,
2309.04053v2_13_F,"Ultra-high temperature ceramics containing SiC maintain their oxidation resistance up to 2500°C due to the formation of a stable, protective silicon dioxide layer that prevents further oxygen penetration.",2023-09-01,,matteroffact,Refuted,,Supported,
2305.11961v1_12_T,"The 4D Camera sensor is mounted in a retractable Gatan K3 camera housing, making it immediately deployable on any transmission electron microscope",2023-05-01,,matteroffact,Supported,,Misleading,
2406.08682v2_13_F,The driving force for crack initiation in polycrystalline materials requires equal contributions from all twelve possible slip systems in aluminum to be accurately predicted,2024-06-01,,matteroffact,Refuted,"[{""bias"": ""curse of knowledge"", ""confidence"": 0.3196}]",Refuted,
2404.05398v1_0_T,HfN thin films exhibit a twofold morphology with slab-like crystallites near the substrate and columnar crystallites throughout the film thickness.,2024-04-01,,matteroffact,Supported,,Supported,
2205.05157v1_10_F,The electro-optic coefficient determination software uses a microservices architecture with multiple specialized classes communicating through a message queue system.,2022-05-01,,matteroffact,Refuted,"[{""bias"": ""clustering illusion"", ""confidence"": 0.4566}]",Misleading,
2206.01063v2_16_F,"The Heisenberg exchange constant in the mean-field resonating valence bond model is J = 2t²/U, where t is the hopping parameter and U is the onsite Coulomb interaction",2022-06-01,,matteroffact,Refuted,,Supported,
2301.03473v1_6_T,Conductance fluctuation spectroscopy is an effective technique for identifying BKT transitions in van der Waals heterostructures where conventional methods are challenging to apply,2023-01-01,,matteroffact,Supported,"[{""bias"": ""Pro-Innovation Bias"", ""confidence"": 0.4023}]",Supported,
2303.07504v1_1_F,The chemical potential of solute species is irrelevant for understanding defect formation and only the total concentration of solutes determines which phases form.,2023-03-01,,matteroffact,Refuted,,Refuted,
2407.11586v1_2_T,"The energy splitting between electron bands γ1 and γ2 at the M point in 1uc-FeSe/6uc-NdFeO3/Nb:SrTiO3 heterostructures is 0 meV, indicating the absence of nematicity.",2024-07-01,,matteroffact,Supported,,Refuted,
2208.10911v1_13_F,"The primary challenge in developing anode materials for sodium-ion batteries is the high cost of sodium extraction compared to lithium, which necessitates the use of expensive catalyst materials to make the batteries economically viable.",2022-08-01,,matteroffact,Refuted,,Refuted,
2401.06319v2_1_F,"The lattice parameters of the bct Ag structure formed during surface Bain distortion at c/c₀=0.84 are a=3.23 Å, b=3.23 Å, and c=3.23 Å.",2024-01-01,,matteroffact,Refuted,"[{""bias"": ""Time-saving bias"", ""confidence"": 0.8701}]",Refuted,
2211.13164v1_15_T,"The upper value for Na-ion diffusion length within the muon mean lifetime (2.2 μs) in pure NaCr₂O₄ at 475K is approximately 1.5 Å, which is shorter than the unit cell length along the diffusion direction (2.91 Å).",2022-11-01,,matteroffact,Supported,"[{""bias"": ""Time-saving bias"", ""confidence"": 0.894}]",Supported,
2311.07943v2_4_T,The oxygen introduced during air annealing affects approximately 150 nm from the surface of CaFeAsF single crystals.,2023-11-01,,matteroffact,Supported,,Supported,
2404.13293v1_11_T,"Domain walls in GeTe thin films can vary in thickness, ranging from triple to quintuple atomic layers, with a maximum Ge-Te bond length of 3 Å.",2024-04-01,,matteroffact,Supported,"[{""bias"": ""Outcome bias"", ""confidence"": 0.4113}]",Supported,
2312.05174v1_14_F,Increasing etching time from 1 to 10 hours results in a continuous and linear increase in surface roughness on copper powder without any qualitative changes in surface morphology,2023-12-01,,matteroffact,Refuted,"[{""bias"": ""Time-saving bias"", ""confidence"": 0.8291}]",Refuted,
2304.02909v1_9_T,"Inversion domain boundaries in partially switched Al0.74Sc0.26N films have a significant horizontal component, creating polarization discontinuities that require a charge compensation mechanism.",2023-04-01,,matteroffact,Supported,,Supported,
2308.14223v1_15_F,"Carbopol forms a crystalline network structure through attractive interactions between microgel particles, exhibiting brittle fracture under stress rather than a yield-stress fluid transition.",2023-08-01,,matteroffact,Refuted,,Misleading,
2407.11580v1_1_F,Enhanced diffusion by quenched-in excess vacancies has negligible impact on the microstructural evolution in LPBF AlSi10Mg alloy during heat treatment.,2024-07-01,,matteroffact,Refuted,,Refuted,
2208.08336v1_5_T,"The transition from trivial to topological phase in a one-dimensional superconducting chain occurs at a critical magnetic field h_c = √(Δ² + μ̃²), where Δ is the superconducting gap and μ̃ is the chemical potential measured from the bottom of the band.",2022-08-01,,matteroffact,Supported,,Supported,
2205.05615v1_9_F,Copper oxide thin films deposited at higher temperatures are unsuitable for optoelectronic applications due to deteriorating optical transparency and decreasing electrical conductivity,2022-05-01,,matteroffact,Refuted,,Supported,
2403.08237v2_10_F,Aliovalent substitution and lithium stuffing in the fcc framework of halide solid electrolytes can achieve conductivities of at most 0.5 mS/cm in solid-state heated materials,2024-03-01,,matteroffact,Refuted,,Misleading,
2304.05231v1_15_T,"In plate impact tests, the radial strain component (εᵣᵣ) dominates the deformation field, with other strain components (εθθ and εᵣθ) measuring less than 10% of the maximum radial strain, validating the radial symmetry assumption used in theoretical models.",2023-04-01,,matteroffact,Supported,,Misleading,
2404.16031v1_8_T,"The diffusion velocity through the solid-liquid interface in Mg-3wt%Nd alloy is approximately 4.06 m/s, which determines the onset of significant solute trapping effects",2024-04-01,,matteroffact,Supported,"[{""bias"": ""Outcome bias"", ""confidence"": 0.4556}]",Refuted,
2206.11435v1_13_T,"Inserting mobile Li⁺ ions into high-energy sites and adding heavier, less mobile dopant atoms are effective strategies for manipulating the energy landscape of solid-state electrolytes to enhance ionic conductivity by promoting concerted multi-ion migration.",2022-06-01,,matteroffact,Supported,,Supported,
2405.18150v1_6_T,"In titanium nitride, increasing the Hubbard interaction parameter from 0 to 8.5 eV in calculations primarily affects the top of the valence bands while leaving the bottom of the conduction bands almost unchanged.",2024-05-01,,matteroffact,Supported,"[{""bias"": ""Time-saving bias"", ""confidence"": 0.7752}]",Supported,
2202.04930v2_15_T,"The initial microstructure of 316L stainless steel consists of equiaxed grains with an arithmetic mean radius of 15 μm, with some larger grains having radii around 60 μm.",2022-02-01,,matteroffact,Supported,,Misleading,
2311.07943v2_5_T,The critical transition temperature of 30.7 K in air-annealed CaFeAsF is approximately 10 K higher than that observed in Co-doped CaFeAsF.,2023-11-01,,matteroffact,Supported,,Misleading,
2405.19082v1_7_F,Traditional multiscale methods that assume scale separation between microstructure and deformation gradients remain accurate even when geometry and loading produce deformation gradients comparable to microstructural features.,2024-05-01,,matteroffact,Refuted,"[{""bias"": ""Bias blind spot"", ""confidence"": 0.8356}]",Refuted,
2304.02586v1_9_F,"The electronic nematic order in Sr₂RuO₄ is unrelated to the Fermi liquid crossover observed at approximately 40 K, as they arise from separate physical mechanisms.",2023-04-01,,matteroffact,Refuted,"[{""bias"": ""Outcome bias"", ""confidence"": 0.6998}]",Misleading,
2309.07046v1_13_F,"In the crystal structure of ATB₄ compounds, the intradimer distance between transition metal atoms is approximately 3.8-4.2 Å, while the second nearest distance between interlayer dimers is about 20% shorter, and the third nearest distance between dimers in the plane is approximately 5 Å.",2023-09-01,,matteroffact,Refuted,"[{""bias"": ""Time-saving bias"", ""confidence"": 0.8833}]",Supported,
2407.09880v1_14_F,The FeSe/SrVO₃ interface is unsuitable for studying interfacial superconductivity due to its complex surface reconstruction and the presence of an intermediate layer between FeSe and SrVO₃.,2024-07-01,,matteroffact,Refuted,"[{""bias"": ""Whole only effect"", ""confidence"": 0.4667}]",Misleading,
2403.03466v2_6_F,"The Γ-point excitation in LiCoO2 is entirely collective in nature, with no significant particle-hole character observed in the analysis of the difference density matrix.",2024-03-01,,matteroffact,Refuted,"[{""bias"": ""Bias blind spot"", ""confidence"": 0.3176}]",Misleading,
2405.18150v1_15_T,"High-quality single-crystalline titanium nitride films can be successfully synthesized using magnetron sputtering on sapphire substrates, as evidenced by sharp diffraction patterns, thickness fringes, and superconducting properties.",2024-05-01,,matteroffact,Supported,"[{""bias"": ""curse of knowledge"", ""confidence"": 0.4684}]",Supported,
2205.06855v1_12_F,A regolith-to-binder ratio of 1:1 by volume produces stable green parts for both Martian and Lunar regolith when using a 6.25% salt-water solution as the binder material.,2022-05-01,,matteroffact,Refuted,,Misleading,
2303.07504v1_7_F,"In Mg-Al-Ca alloys, solid solutions with approximately 10 to 12 atomic percent Al near their melting temperature provide the optimal chemical potential window for the formation of R3 planar defects.",2023-03-01,,matteroffact,Refuted,,Misleading,
2210.06735v1_2_F,"The Al-MoS₂@rGO anode material demonstrates capacity retentions of 95% and 85% at current densities of 0.1 and 0.3 A/g, respectively, over 200 cycles with a Coulombic efficiency of nearly 100%.",2022-10-01,,matteroffact,Refuted,"[{""bias"": ""subadditivity effect"", ""confidence"": 0.7431}]",Supported,
2210.06735v1_9_T,"The Al-MoS₂@rGO composite exhibits a 3D flower-like morphology with interconnected MoS₂ nanosheets supported on rGO, creating a porous structure that facilitates sodium-ion transport and accommodates volume changes during cycling.",2022-10-01,,matteroffact,Supported,,Supported,
2304.01314v2_4_T,"The machine-learned interatomic potential for the Zr-H system predicts lattice parameters for the α, δ, ε, and γ phases with less than 1% relative error compared to density functional theory calculations.",2023-04-01,,matteroffact,Supported,"[{""bias"": ""Bias blind spot"", ""confidence"": 0.3983}]",Supported,
2302.14072v1_5_F,"The nearest-neighbor hopping parameter in the 1T layer of Ta-dichalcogenide bilayers is approximately 20 meV, which is about 7.5 times smaller than the nearest-neighbor hopping in the 1H layer (150 meV).",2023-02-01,,matteroffact,Refuted,"[{""bias"": ""Time-saving bias"", ""confidence"": 0.5272}]",Supported,
2309.07046v1_17_T,"When iron was replaced with nickel in synthesis attempts, a known ternary MgNi₃B₂ phase was successfully formed, demonstrating that the miscibility of magnesium and nickel facilitates the formation of ternary magnesium-nickel borides.",2023-09-01,,matteroffact,Supported,"[{""bias"": ""Pro-Innovation Bias"", ""confidence"": 0.3085}]",Supported,
2403.04470v2_16_T,"The evaporation field for silica samples is 20 V/nm, which is achieved with a DC voltage of 7.5 kV applied to the sample",2024-03-01,,matteroffact,Supported,"[{""bias"": ""Time-saving bias"", ""confidence"": 0.6494}]",Misleading,
2309.17090v2_13_T,"When iron is oriented with x = [100] and subjected to shear stress in the [1-10] direction, multiple slip systems are simultaneously activated, with 20 out of 48 possible slip systems being engaged.",2023-09-01,,matteroffact,Supported,,Supported,
2408.00042v3_11_T,"The primary experimental signature of symmetry-enforced Z₂ supertopology is the presence of helical surface states at material boundaries, which can be observed in materials with strong spin-orbit coupling where the Dirac nodal lines are gapped out.",2024-08-01,,matteroffact,Supported,"[{""bias"": ""curse of knowledge"", ""confidence"": 0.3498}]",Supported,
2210.10242v2_10_F,"The hyperfine parameter (ω_p2) of the Mu_p2 component in MgH₂ is constant at 500 MHz across all temperatures, representing about 11% of the vacuum value for muonium.",2022-10-01,,matteroffact,Refuted,,Refuted,
2402.08326v2_13_F,"In Al/C60 nanocomposites, the interphase layer between aluminum and fullerene has a bulk modulus of approximately 20 GPa and a shear modulus of 15 GPa, which explains the observed increase in effective shear modulus with increasing fullerene concentration.",2024-02-01,,matteroffact,Refuted,,Misleading,
2306.12034v1_0_T,"NiBi₃ films prepared by co-evaporation of Ni and Bi achieve a superconducting transition temperature of 4.4 K, which is higher than that of single crystal NiBi₃.",2023-06-01,,matteroffact,Supported,,Misleading,
2204.05252v1_4_F,"The coupling of the X₅₋ mode with the X₂₋ order parameter in rhombohedral HfO₂ provides an energy gain of 10 meV/f.u., which is less than the 30 meV/f.u. gained from coupling with polarization.",2022-04-01,,matteroffact,Refuted,"[{""bias"": ""Time-saving bias"", ""confidence"": 0.8033}]",Supported,
2407.15258v1_11_T,"The room temperature electronic conductivity of all synthesized Mg-Cl doped Li7PS6 argyrodite samples is smaller than 10^-8 S/cm, indicating they are primarily ionic conductors with negligible electronic conductivity.",2024-07-01,,matteroffact,Supported,,Refuted,
2405.09345v1_8_T,"Antiferroelectric ZrO2 thin films exhibit a wake-up effect similar to ferroelectric HZO, characterized by the displacement of current peaks during cycling",2024-05-01,,matteroffact,Supported,,Supported,
2308.16621v1_6_F,Mechanical property data is reported more frequently than consolidation data in metal additive manufacturing literature,2023-08-01,,matteroffact,Refuted,"[{""bias"": ""curse of knowledge"", ""confidence"": 0.323}]",Supported,
2304.13336v2_4_F,The work of separation of a Σ5 grain boundary in iron increases by approximately 20% when zinc coverage reaches 50% of the grain boundary.,2023-04-01,,matteroffact,Refuted,"[{""bias"": ""Time-saving bias"", ""confidence"": 0.4657}, {""bias"": ""Planning Fallacy"", ""confidence"": 0.3583}]",Refuted,
2311.13599v1_11_F,The 'black GZO' material exhibits integrated absorption over the measured spectral band that is approximately five times larger than the absorption of Yb₂Zr₂O₇.,2023-11-01,,matteroffact,Refuted,,Misleading,
2303.07504v1_5_T,"In Mg-Al-Ca alloys, the R3 planar defect dominates the defect formation process when the Al chemical potential is between -0.315 eV and -0.16 eV.",2023-03-01,,matteroffact,Supported,"[{""bias"": ""Time-saving bias"", ""confidence"": 0.6444}]",Supported,
2402.05283v3_17_F,"The Carousel Phase Retrieval Algorithm is only available as proprietary software with restricted access, requiring specialized hardware configurations and custom compilation for each specific application.",2024-02-01,,matteroffact,Refuted,"[{""bias"": ""Whole only effect"", ""confidence"": 0.5786}]",Refuted,
2302.14231v2_8_T,CHGNet enables charge-informed molecular dynamics simulations that can capture the coupling between electronic degrees of freedom and ionic rearrangements.,2023-02-01,,matteroffact,Supported,"[{""bias"": ""clustering illusion"", ""confidence"": 0.4662}, {""bias"": ""curse of knowledge"", ""confidence"": 0.3124}]",Supported,
2209.06065v1_7_F,"When a mobile particle interacts with a one-dimensional crystal, the disturbance in the chain propagates instantaneously to all chain masses regardless of their distance from the interaction point.",2022-09-01,,matteroffact,Refuted,"[{""bias"": ""clustering illusion"", ""confidence"": 0.456}]",Refuted,
2305.02900v1_11_T,PtBi₂ is a type-I Weyl semimetal with Weyl points located at 47 meV above the Fermi level.,2023-05-01,,matteroffact,Supported,,Misleading,
2405.09345v1_15_F,Fluorite-structured thin films show improved energy storage properties with increasing thickness due to enhanced crystallinity,2024-05-01,,matteroffact,Refuted,"[{""bias"": ""curse of knowledge"", ""confidence"": 0.5394}]",Misleading,
2407.20599v1_9_T,"At room temperature, lightly doped silicon has an electrical conductivity of 5 × 10^-6 μΩ^-1m^-1 and a Hall coefficient of -0.05 m^3/C, while heavily doped silicon has an electrical conductivity of 0.005 μΩ^-1m^-1 and a Hall coefficient of -10^-4 m^3/C.",2024-07-01,,matteroffact,Supported,"[{""bias"": ""Time-saving bias"", ""confidence"": 0.4049}]",Refuted,
2310.18223v1_3_T,"CELL's Wang-Landau module can be executed in parallel, enabling simulations of very large supercells with thousands of atoms.",2023-10-01,,matteroffact,Supported,"[{""bias"": ""curse of knowledge"", ""confidence"": 0.6483}]",Supported,
2206.01063v2_6_T,"The self-consistency condition for the singlet order parameter in the mean-field resonating valence bond model is |Δ| = 4/π² - (1/2N)⟨∑|cos(k_xa) + cos(k_ya)|γᵏ_k,s γ_k,s⟩",2022-06-01,,matteroffact,Supported,,Refuted,
2311.05696v2_3_T,"Adding large particles to a suspension of small particles always increases the suspension viscosity, unlike the reverse case of adding small particles to large ones.",2023-11-01,,matteroffact,Supported,"[{""bias"": ""Omission bias"", ""confidence"": 0.4398}]",Refuted,
2305.11961v1_11_T,"The 4D Camera enables phase contrast imaging techniques such as differential phase contrast (DPC) and ptychography, which can simultaneously image weakly and strongly scattering atoms in materials",2023-05-01,,matteroffact,Supported,"[{""bias"": ""curse of knowledge"", ""confidence"": 0.7487}]",Supported,
2305.01101v2_3_F,Material recommendation frameworks can only identify candidates with the same crystal structure as the query material.,2023-05-01,,matteroffact,Refuted,"[{""bias"": ""clustering illusion"", ""confidence"": 0.3882}]",Refuted,
2310.18245v3_9_F,"Nb₃Ge exhibits topological properties only at temperatures below 5K, limiting its practical applications in topological superconductivity.",2023-10-01,,matteroffact,Refuted,"[{""bias"": ""Whole only effect"", ""confidence"": 0.3702}]",Misleading,
2304.10279v2_13_F,The method for extending intergranular normal-stress distributions can only be applied to random grain boundaries and cannot provide information about special grain boundaries with specific crystallographic orientations.,2023-04-01,,matteroffact,Refuted,"[{""bias"": ""Bias blind spot"", ""confidence"": 0.9154}]",Refuted,
2404.02416v2_12_F,The elastic Ising model for palladium hydride uses spring constants K1 = 5.0 eV/Å² and K2 = 3.5 eV/Å² derived from theoretical calculations to simulate the hydrogen intercalation process.,2024-04-01,,matteroffact,Refuted,,Misleading,
2401.06319v2_12_F,"When Ag nanowires undergo surface Bain distortion (c/c₀=0.84), the electron density of states remains unchanged compared to the undistorted structure, showing no shifts in peak positions or changes in peak intensities.",2024-01-01,,matteroffact,Refuted,,Refuted,
2210.17428v1_0_F,"The EC-MOF/Phase-I database contains 2,500 bulk and mono-layer structures of electrically conductive metal-organic frameworks.",2022-10-01,,matteroffact,Refuted,,Supported,
2208.13993v1_9_F,"SnSe thin films deposited on alumina substrates are phase-pure, while films deposited on glass substrates contain SnSe₂ impurity phases.",2022-08-01,,matteroffact,Refuted,,Misleading,
2406.13900v1_7_F,The enhanced spin-orbit coupling due to octahedral rotation in perovskite oxides facilitates the realization of orbital-selective Mott transitions by reinforcing the orbital-isolating effects of Hund's coupling.,2024-06-01,,matteroffact,Refuted,,Supported,
2207.11317v1_15_F,"At the strain aging temperatures used for ultra-low carbon steel (150°C), recovery effects significantly reduce dislocation density and must be explicitly accounted for in the modeling approach.",2022-07-01,,matteroffact,Refuted,,Supported,
2308.07295v3_1_T,"A Jahn-Teller distortion in Cu-doped lead apatite breaks the symmetry of the Cu ligand environment, opening an energy gap and creating a localized, spin-polarized empty flatband within the band gap.",2023-08-01,,matteroffact,Supported,"[{""bias"": ""clustering illusion"", ""confidence"": 0.3047}]",Supported,
2403.13814v1_10_F,"Adding 20% acetonitrile to 0.5 M Na₂SO₄ aqueous electrolyte increases the activity of free water molecules and promotes water decomposition, thereby expanding the electrochemical stability window.",2024-03-01,,matteroffact,Refuted,,Supported,
2304.05231v1_0_F,The low-velocity projectile impact framework can achieve projectile velocities of approximately 250 m/s using only compressed air as the propellant gas.,2023-04-01,,matteroffact,Refuted,"[{""bias"": ""curse of knowledge"", ""confidence"": 0.3501}]",Supported,
2304.01934v4_10_F,"DFT+DMFT calculations with a diagonalized Mn d block Hamiltonian yield an energy gap of 1.9 eV for Li₂MnO₃, which is very close to the experimental gap of 2.1-2.17 eV.",2023-04-01,,matteroffact,Refuted,"[{""bias"": ""Time-saving bias"", ""confidence"": 0.4033}]",Supported,
2311.12681v2_12_F,"The frequency noise level of a-SiC:H parallel plate capacitor resonators at their maximum internal power is approximately 10 dB lower than that of optical-to-near-IR energy-resolving KIDs based on interdigitated capacitors, and comparable to ultra-sensitive far-infrared KIDs based on wide planar structures.",2023-11-01,,matteroffact,Refuted,,Misleading,
2403.13814v1_15_F,"The pore sizes of 10-45 nm in DyFeO₃ nanoparticles hinder ion diffusion because they are smaller than the hydrated ion size of the electrolyte, limiting charge transport during electrochemical processes.",2024-03-01,,matteroffact,Refuted,,Supported,
2303.12924v1_13_F,"The k_cubic parameter used to characterize γ'(L12) precipitate morphology in Co-based superalloys provides a complete and accurate representation of all precipitate shapes, including those with irregular features.",2023-03-01,,matteroffact,Refuted,"[{""bias"": ""clustering illusion"", ""confidence"": 0.3274}]",Refuted,
2304.01934v4_5_T,"The antiferromagnetic ground state Γ₂ᵤ in Li₂MnO₃ is stable with Hubbard U values less than or equal to 2 eV, which is significantly smaller than the widely used value of 5 eV in previous studies.",2023-04-01,,matteroffact,Supported,"[{""bias"": ""Pro-Innovation Bias"", ""confidence"": 0.3122}]",Misleading,
2302.03362v2_2_F,"A convolutional neural network using time-domain signal processing provides an alternative approach for classifying equivalent circuit models, though it achieves lower accuracy than tree-based methods.",2023-02-01,,matteroffact,Refuted,"[{""bias"": ""Bias blind spot"", ""confidence"": 0.6101}]",Misleading,
2404.12822v1_8_F,"Vanadium doping in NaFe₁.₆V₀.₄(PO₄)(SO₄)₂@CNT participates directly in the redox reactions, providing additional capacity through V⁵⁺/V⁴⁺ redox couples during sodium-ion insertion/extraction.",2024-04-01,,matteroffact,Refuted,,Supported,
2401.16271v1_13_F,"Macroscopic anisotropy in polycrystalline materials results solely from the shapes and sizes of grains, independent of their crystallographic orientations.",2024-01-01,,matteroffact,Refuted,"[{""bias"": ""clustering illusion"", ""confidence"": 0.3789}]",Refuted,
2312.10313v1_4_F,"In a Nb(110) monolayer at 4.56 K, all orbitals exhibit identical superconducting gap values of 1.4 meV when the Cooper pair coupling parameter is set to 1.37 eV.",2023-12-01,,matteroffact,Refuted,"[{""bias"": ""Time-saving bias"", ""confidence"": 0.7252}]",Refuted,
2202.01652v1_12_F,The 44 unit cell thick SrRuO₃ film on SrTiO₃ exhibits a tetragonal distortion with a c/a ratio of 1.01 and lattice parameters a=b=3.905Å and c=3.948Å.,2022-02-01,,matteroffact,Refuted,"[{""bias"": ""Time-saving bias"", ""confidence"": 0.3698}]",Supported,
2202.00460v1_13_T,The combination of atomically precise nanographene structures with proximity-induced superconductivity provides a promising platform for exploring topological superconductivity and the interplay between carbon magnetism and superconductivity.,2022-02-01,,matteroffact,Supported,"[{""bias"": ""Pro-Innovation Bias"", ""confidence"": 0.7619}]",Supported,
2401.11967v1_8_T,Support Vector Regression can predict alpha-p volume fraction from VAE fingerprints with an average percentage error of 1.83% ± 0.03 for lamellar microstructures and 2.50% ± 0.03 for bimodal microstructures.,2024-01-01,,matteroffact,Supported,"[{""bias"": ""subadditivity effect"", ""confidence"": 0.3977}]",Supported,
2407.21337v1_17_F,Combining rigid blocks with space group symmetry reduces the dimensionality of the phase space for Li₃PS₄ from 48 to 25 dimensions in space group Pmn2₁(31).,2024-07-01,,matteroffact,Refuted,"[{""bias"": ""Time-saving bias"", ""confidence"": 0.3293}]",Supported,
2302.14072v1_7_F,"In Ta-dichalcogenide bilayers, the screening of local moments in the 1T layer is primarily driven by Kondo-type hybridization with conduction electrons in the 1H layer.",2023-02-01,,matteroffact,Refuted,"[{""bias"": ""curse of knowledge"", ""confidence"": 0.3658}]",Supported,
2308.07295v3_4_F,"When Cu replaces Pb in lead apatite, it maintains a six-fold coordination with oxygen atoms when doped at the Pb(1) site and a four-fold coordination when doped at the Pb(2) site after full structural relaxation.",2023-08-01,,matteroffact,Refuted,,Supported,
2405.03680v2_13_T,"AtomGPT can be extended beyond superconductor design to other materials classes such as alloys, semiconductors, thermoelectrics, dielectrics, piezoelectrics, and solar cells.",2024-05-01,,matteroffact,Supported,"[{""bias"": ""Pro-Innovation Bias"", ""confidence"": 0.7301}]",Misleading,
2203.04149v2_6_F,"Ultrasonic resonance can only characterize the overall state of charge of lithium-ion batteries, being unable to provide information about internal layer structures, electrode thicknesses, or layer-specific properties.",2022-03-01,,matteroffact,Refuted,"[{""bias"": ""Bias blind spot"", ""confidence"": 0.4114}]",Misleading,
2405.18939v1_1_F,Each NbSe₂ monolayer in the (LaSe)₁.₁₄(NbSe₂)₂ misfit layer compound receives approximately 0.2 electrons per niobium atom from the LaSe subunit.,2024-05-01,,matteroffact,Refuted,"[{""bias"": ""subadditivity effect"", ""confidence"": 0.3397}]",Supported,
2310.03080v2_5_F,The high harmonic generation in monolayer NbSe2 can be used to directly detect the charge density wave phase transition temperature of 33K.,2023-10-01,,matteroffact,Refuted,"[{""bias"": ""curse of knowledge"", ""confidence"": 0.387}]",Misleading,
2301.06756v1_11_F,Solid xenon becomes a superconductor at 140 gigapascals with a critical temperature of approximately 30 kelvin.,2023-01-01,,matteroffact,Refuted,"[{""bias"": ""Outcome bias"", ""confidence"": 0.4181}]",Supported,
2404.12191v1_7_T,TMM-Sim can simulate devices with up to 10 stacked layers in both bilayer and bulk heterojunction structures.,2024-04-01,,matteroffact,Supported,,Supported,
2307.13990v1_9_F,All electron-hole band crossings in the Al/Au heterostructure are unprotected by symmetry and naturally develop pairing gaps without requiring external fields.,2023-07-01,,matteroffact,Refuted,,Refuted,
2306.10385v2_9_F,"The apparent height of AlF₃-induced blisters on the graphite surface reaches 1.5 nm according to DFT and MD calculations, which is consistently lower than experimental measurements due to limitations in the theoretical models.",2023-06-01,,matteroffact,Refuted,"[{""bias"": ""Bias blind spot"", ""confidence"": 0.6718}]",Supported,
2303.00846v1_15_F,"The superconducting transition temperature of the FeSe crystals studied is 15.2 ± 0.5 K, with a structural transition from tetragonal to orthorhombic symmetry occurring at approximately 120 K.",2023-03-01,,matteroffact,Refuted,"[{""bias"": ""subadditivity effect"", ""confidence"": 0.3748}]",Supported,
2303.02540v1_0_T,"Young's modulus of rare-earth disilicates decreases linearly with increasing rare-earth cation radius, following the equation E = 362 - 198r_i for single-component systems, with a relative RMS deviation of 0.07.",2023-03-01,,matteroffact,Supported,,Supported,
2203.08413v3_16_T,The topological gap protocol for detecting Majorana zero modes requires observing a sign change in non-local conductance at the point where the non-local conductance gap closes.,2022-03-01,,matteroffact,Supported,"[{""bias"": ""clustering illusion"", ""confidence"": 0.8862}]",Supported,
2211.06285v2_9_T,"In V₂O₅, changes in the effective gap and electron-hole interaction under structural distortions exhibit significant cancellation effects, with the bright exciton's effective gap decreasing by 1.5 eV while its electron-hole interaction decreases by 0.7 eV, resulting in a net binding energy change of only 0.2 eV.",2022-11-01,,matteroffact,Supported,"[{""bias"": ""Time-saving bias"", ""confidence"": 0.9612}]",Supported,
2303.00185v1_16_T,"In F/2DEG junctions, the maximum conductance occurs when there is optimal matching between the Fermi contours in the lead and barrier regions, which happens near Δxc=V0 for small Rashba SOC.",2023-03-01,,matteroffact,Supported,"[{""bias"": ""Outcome bias"", ""confidence"": 0.3343}]",Supported,
2309.07046v1_17_F,"When iron was replaced with vanadium in synthesis attempts, a new ternary MgV₂B₄ phase was successfully formed, demonstrating that the high melting point of vanadium facilitates the formation of ternary magnesium-vanadium borides.",2023-09-01,,matteroffact,Refuted,"[{""bias"": ""curse of knowledge"", ""confidence"": 0.4418}]",Supported,
2401.05568v1_4_F,The MEAM model for NiTi accurately predicts all thirteen B19' elastic constants with errors less than 50 GPa compared to PBE DFT.,2024-01-01,,matteroffact,Refuted,,Misleading,
2308.14223v1_8_T,"Carbopol+PEO mixtures allow for independent control of extensional properties while maintaining similar shear properties, enabling applications that exploit orthogonal modulation of these material properties.",2023-08-01,,matteroffact,Supported,,Supported,
2210.14343v3_0_T,Dislocation network nodes with non-coplanar glide plane normals (sticky nodes) can move conservatively through zipping and unzipping mechanisms that involve changing the glide planes of participating dislocations.,2022-10-01,,matteroffact,Supported,,Supported,
2309.13514v2_11_F,"CsCr₃Sb₅ under pressure exhibits characteristics of conventional phonon-mediated superconductivity, including emergence from a non-magnetic state, absence of quantum criticality, Fermi-liquid behavior at all pressures, and an upper critical field well below the Pauli limit.",2023-09-01,,matteroffact,Refuted,,Supported,
2311.05696v2_11_T,"For bidisperse suspensions with friction coefficient μ=1, the frictionless jamming volume fraction is approximately 0.75 and the frictional jamming volume fraction is approximately 0.65, with these values varying based on the mixing ratio and size ratio of particles.",2023-11-01,,matteroffact,Supported,"[{""bias"": ""Time-saving bias"", ""confidence"": 0.6205}]",Supported,
2308.01135v4_0_T,"The hexagonal lattice structure of LK-99 (CuPb9(PO4)6O) is vibrationally unstable, exhibiting imaginary phonon frequencies in its phonon band structure.",2023-08-01,,matteroffact,Supported,"[{""bias"": ""Pro-Innovation Bias"", ""confidence"": 0.3708}]",Supported,
2403.13710v1_7_F,NV centers can achieve temperature sensitivity of approximately 0.1 millikelvin per square root hertz in bulk diamond at room temperature.,2024-03-01,,matteroffact,Refuted,,Supported,
2308.00412v2_10_F,"The crystallization diagram developed for sputtered yttrium iron garnet (YIG) thin films is not applicable to YIG films produced by pulsed laser deposition (PLD), requiring entirely different temperature-time combinations for full crystallization depending on the deposition method.",2023-08-01,,matteroffact,Refuted,"[{""bias"": ""Whole only effect"", ""confidence"": 0.3622}]",Supported,
2310.07816v2_6_T,Kernel Ridge regression achieves the lowest root mean square error (26±1°C) among all regression models for predicting MoS2 thin film growth temperature from AFM images.,2023-10-01,,matteroffact,Supported,,Refuted,
2405.11460v1_13_T,"The dielectric loss (tan δ) peaks in Na₃₊ₓZr₂₋ₓPrₓSi₂PO₁₂ (x = 0.05-0.2) ceramics shift toward higher temperatures with increasing frequency, exhibiting Arrhenius-type thermally activated relaxation.",2024-05-01,,matteroffact,Supported,,Supported,
2407.06148v1_5_F,The elongation of the steel substrate used for the Zn-Al-Mg coating is 35% when measured with a gauge length of 80 mm.,2024-07-01,,matteroffact,Refuted,"[{""bias"": ""Time-saving bias"", ""confidence"": 0.6917}]",Refuted,
2212.06503v1_13_F,Ferroelectric photovoltaic devices based on the bulk photovoltaic effect are fundamentally limited to power conversion efficiencies below 5% due to inherently low responsivity values that cannot exceed 10^-3 A/W even with optimal interface engineering.,2022-12-01,,matteroffact,Refuted,"[{""bias"": ""Pro-Innovation Bias"", ""confidence"": 0.3332}]",Refuted,
2209.05554v2_8_F,The ALIGNN-FF model can only represent and simulate materials containing elements that were well-represented in its training dataset,2022-09-01,,matteroffact,Refuted,"[{""bias"": ""Bias blind spot"", ""confidence"": 0.5856}]",Supported,
2404.13959v1_0_T,Fitting the four-band k·p bulk model Hamiltonian to ab initio band structures around the Γ point provides a more accurate description of low-energy bulk and surface states than the perturbative approach for 3D topological insulators in the Bi₂Se₃ family.,2024-04-01,,matteroffact,Supported,"[{""bias"": ""Bias blind spot"", ""confidence"": 0.5941}]",Supported,
2304.13257v3_5_F,"The standard deviation of T1 relaxation times in superconducting qubits scales linearly with the average T1, contradicting the theoretical prediction for qubits limited by two-level systems.",2023-04-01,,matteroffact,Refuted,,Refuted,
2209.06065v1_6_T,"For a Gaussian interaction potential in a one-dimensional crystal, the single-pass energy dissipation in the low-velocity limit is exponentially suppressed and given by Δ_slow = 4π³(Φ₀²/ẋ²)(2πλ/ẋ)e^(-(2πλ/ẋ)²)/√(π(ω_fast² - 1)).",2022-09-01,,matteroffact,Supported,,Supported,
2403.07416v2_0_T,"Selection mechanisms and scaling laws derived for cubic (fcc, bcc) crystals also apply to hexagonal close-packed (hcp) materials within their basal plane, provided parameters are re-estimated and re-scaled to account for the sixfold symmetry.",2024-03-01,,matteroffact,Supported,"[{""bias"": ""Bias blind spot"", ""confidence"": 0.602}]",Supported,
2305.05612v2_10_T,Twin nucleation in magnesium preferentially occurs at grain boundaries where twinning can transform an asymmetrically-tilted grain boundary into a symmetrically-tilted grain boundary.,2023-05-01,,matteroffact,Supported,,Supported,
2406.16398v2_6_F,The nematic orbital flux phase in AV3Sb5 Kagome metals breaks all relevant symmetries and therefore exhibits strong anomalous Hall effect similar to the tri-hexagonal phase.,2024-06-01,,matteroffact,Refuted,,Misleading,
2405.17550v1_5_T,The theoretical model of decoherent quantum Hall-superconductor edges with metallic puddles agrees with experimental observations of charge transmission distributions in graphene with superconducting proximity.,2024-05-01,,matteroffact,Supported,"[{""bias"": ""curse of knowledge"", ""confidence"": 0.502}]",Supported,
2301.00535v1_5_T,"The r²SCAN functional typically predicts smaller on-site magnetic moments than SCAN for transition metal oxides, and adding Hubbard U correction increases the calculated magnetic moments for both functionals.",2023-01-01,,matteroffact,Supported,"[{""bias"": ""Bias blind spot"", ""confidence"": 0.7823}]",Supported,
2405.18939v1_10_F,The (LaSe)₁.₁₄(NbSe₂)₂ misfit layer compound has a perfectly commensurate structure with a lattice parameter ratio of exactly 2/1 along all crystallographic directions.,2024-05-01,,matteroffact,Refuted,"[{""bias"": ""Outcome bias"", ""confidence"": 0.4225}]",Refuted,
2205.05754v1_15_T,Spatial derivatives in the model are calculated efficiently using double Fourier transform with a Gaussian low-pass filter to avoid spurious oscillations,2022-05-01,,matteroffact,Supported,"[{""bias"": ""clustering illusion"", ""confidence"": 0.6029}]",Supported,
2211.14626v2_15_T,The observation of a spontaneous superconducting diode effect can serve as a diagnostic tool to detect time-reversal symmetry violating superconductors.,2022-11-01,,matteroffact,Supported,"[{""bias"": ""curse of knowledge"", ""confidence"": 0.6434}]",Supported,
2306.10385v2_3_T,Some AlF₃-induced blisters on the graphite surface align locally along straight lines with random orientations that do not follow any preferential crystallographic direction of the graphite.,2023-06-01,,matteroffact,Supported,"[{""bias"": ""curse of knowledge"", ""confidence"": 0.342}]",Supported,
2303.12924v1_8_T,"The GPR model sensitivity analysis for precipitate size in Co-based superalloys agrees with previous bi-linear fit sensitivity analysis, both identifying initial Co concentration as the dominant parameter.",2023-03-01,,matteroffact,Supported,"[{""bias"": ""Bias blind spot"", ""confidence"": 0.9067}]",Supported,
2402.07147v1_13_T,Ordered compounds in titanium-oxygen alloys can be imaged in transmission electron microscopy both in dark-field mode using superlattice diffraction and in bright-field mode through their elastic strain fields.,2024-02-01,,matteroffact,Supported,"[{""bias"": ""curse of knowledge"", ""confidence"": 0.3424}]",Supported,
2404.05710v1_8_F,"Translational frequencies of magnetically-levitated superconducting particles increase when more of the particle's volume is located farther from the z=0 plane and the z-axis, suggesting that a dumbbell shape with mass concentrated at the poles would be optimal for maximizing trapping frequencies.",2024-04-01,,matteroffact,Refuted,"[{""bias"": ""curse of knowledge"", ""confidence"": 0.3024}]",Supported,
2304.05231v1_3_F,"The low-velocity impact framework is capable of generating strain rates in the range of 10⁶ to 10⁸ per second in test materials, making it suitable for evaluating material deformation under hypervelocity impact conditions.",2023-04-01,,matteroffact,Refuted,"[{""bias"": ""Pro-Innovation Bias"", ""confidence"": 0.4172}]",Refuted,
2303.02540v1_9_F,The correlation between thermal conductivity and rare-earth cation mass in disilicates is stronger than the correlation between thermal conductivity and rare-earth cation radius.,2023-03-01,,matteroffact,Refuted,,Misleading,
2303.02540v1_6_T,Multi-component rare-earth disilicates can stabilize in the β-phase even when some component elements would not naturally form stable β-phase structures as single-component disilicates.,2023-03-01,,matteroffact,Supported,"[{""bias"": ""Whole only effect"", ""confidence"": 0.3727}, {""bias"": ""Bias blind spot"", ""confidence"": 0.302}]",Supported,
2211.16224v1_2_T,"Li-based solid-state electrolytes exhibit different key ion diffusivity descriptors compared to the average solid-state electrolyte, with mechanical-elastic descriptors like Pugh's modulus ratio and Poisson's ratio showing stronger correlations with ion diffusivity in Li-based materials.",2022-11-01,,matteroffact,Supported,,Supported,
2310.14013v1_10_F,Higher cohesion in powder spreading leads to both a narrower distribution of surface heights and greater local height fluctuation at the particle scale.,2023-10-01,,matteroffact,Refuted,,Misleading,
2208.10911v1_10_F,"The capacity fading in MoSeTe anode is primarily caused by electrolyte decomposition and the formation of thick SEI layers that trap sodium ions, with minimal contribution from structural changes or resistance increase.",2022-08-01,,matteroffact,Refuted,"[{""bias"": ""Omission bias"", ""confidence"": 0.3073}]",Misleading,
2306.02233v1_8_F,Density functional theory calculations predict that rocksaline MgWN2 has a direct bandgap of 2.4 eV,2023-06-01,,matteroffact,Refuted,,Supported,
2403.13710v1_16_T,"NV center magnetometry can determine the winding numbers of magnetic skyrmions through quantitative analysis of static stray field imaging, providing information about topologically protected magnetic textures.",2024-03-01,,matteroffact,Supported,"[{""bias"": ""clustering illusion"", ""confidence"": 0.3482}]",Supported,
2405.17947v1_4_F,"NbS₂ experiences a volume expansion of 150% upon lithiation, which is approximately half of silicon's volume expansion of 300%.",2024-05-01,,matteroffact,Refuted,"[{""bias"": ""Planning Fallacy"", ""confidence"": 0.4967}]",Misleading,
2206.14013v1_0_F,Short-period AlOx-Cu multi-layered nanocomposites display spectral reflectance that can be accurately predicted by averaging the optical properties of aluminum oxide and copper across all wavelength ranges.,2022-06-01,,matteroffact,Refuted,"[{""bias"": ""clustering illusion"", ""confidence"": 0.4579}]",Refuted,
2303.00185v1_8_F,"Both normal-state TAMR and superconducting MAAR exhibit strictly monotonic trends with respect to barrier strength, Rashba SOC strength, and exchange splitting, always increasing with these parameters.",2023-03-01,,matteroffact,Refuted,,Refuted,
2408.09541v3_5_F,"Higher-order topological Dirac superconducting (HOTDSC) states in nodal Dirac superconductors respecting Type-II Shubnikov space group P6/mmm1' can occur in all pairing channels including A1g, A2g, A1u, A2u, B1g, and B2g.",2024-08-01,,matteroffact,Refuted,"[{""bias"": ""subadditivity effect"", ""confidence"": 0.6013}]",Supported,
2306.10385v2_15_T,"The intercalation mechanism of AlF₃ in graphite, involving molecule clustering and elastic deformation of graphite layers, has implications for understanding the relationship between molecular mobility, clustering, and anode material expansion in rechargeable batteries.",2023-06-01,,matteroffact,Supported,"[{""bias"": ""Pro-Innovation Bias"", ""confidence"": 0.5324}]",Supported,
2406.11763v1_5_T,"Photoinduced oxygen vacancy tailoring provides a spatially prescriptive, post-synthesis, and low-entry method to modify phase in HfO2-based materials without requiring additional electrode materials or high-temperature processing.",2024-06-01,,matteroffact,Supported,,Supported,
2212.02899v1_11_F,"LaRh₃B₂ exhibits charge density wave instabilities at low temperatures, which compete with superconductivity and can be attributed to van Hove singularities located near the Fermi energy.",2022-12-01,,matteroffact,Refuted,,Supported,
2405.11460v1_2_F,The dielectric relaxation activation energy for Na₃₊ₓZr₂₋ₓPrₓSi₂PO₁₂ (x = 0.05-0.2) ceramics varies significantly from 0.1 eV to 0.8 eV depending on the Pr concentration.,2024-05-01,,matteroffact,Refuted,"[{""bias"": ""Time-saving bias"", ""confidence"": 0.6611}]",Misleading,
2302.14072v1_11_T,"In Ta-dichalcogenide bilayers, the primary role of the 1H layer is to act as a charge reservoir that accepts electrons from the 1T layer, rather than to provide direct screening of local moments through hybridization.",2023-02-01,,matteroffact,Supported,,Supported,
2408.08791v2_10_T,"In the Dissipative Split-Charge Equilibration model simulation of a resistor-capacitor circuit, there is a noticeable delay between circuit completion and the onset of capacitor charging, caused by the finite propagation time of information from the battery to the capacitor.",2024-08-01,,matteroffact,Supported,"[{""bias"": ""Bias blind spot"", ""confidence"": 0.3699}]",Misleading,
2303.11179v1_14_T,The nodal rings in NaAlSi are protected by two sets of symmetries: the simultaneous presence of time-reversal and inversion symmetries or mirror symmetry.,2023-03-01,,matteroffact,Supported,,Supported,
2306.15502v1_0_F,Scanning NV Magnetometry requires direct contact with MRAM bits to distinguish their logical states,2023-06-01,,matteroffact,Refuted,"[{""bias"": ""clustering illusion"", ""confidence"": 0.4928}]",Refuted,
2202.01652v1_7_T,"The formation of multiple rotational domains in SrRuO₃ films is influenced by the miscut angle and direction of the SrTiO₃ substrate, with more tilted terraces promoting the formation of different crystallographic domains.",2022-02-01,,matteroffact,Supported,,Supported,
2305.01101v2_3_T,Material recommendation frameworks can identify structurally diverse candidates that share similar functional properties with a query material.,2023-05-01,,matteroffact,Supported,"[{""bias"": ""clustering illusion"", ""confidence"": 0.5577}]",Supported,
2301.01139v1_11_F,"The highest critical temperature achieved in any carbon-sulfur-hydrogen (C-S-H) compound is 250 K at 267 GPa, still below room temperature.",2023-01-01,,matteroffact,Refuted,"[{""bias"": ""subadditivity effect"", ""confidence"": 0.3567}]",Supported,
2205.06324v2_12_F,Incorporating neighborhood effects through GNN models does not significantly improve the accuracy of grain-scale elastic response predictions in polycrystalline materials compared to models that only consider individual grain properties.,2022-05-01,,matteroffact,Refuted,"[{""bias"": ""Bias blind spot"", ""confidence"": 0.8003}]",Refuted,
2310.14013v1_7_T,"The distribution of local structural anisotropy (Qk) for highly cohesive powders (high Bond numbers) shows a distinct transition in slope at Qk = -1, with an exponential-like tail for Qk < -1, while low cohesion powders show a consistent slope throughout the range Qk < 0.",2023-10-01,,matteroffact,Supported,,Supported,
2408.06128v1_3_F,"At low temperatures, strontium transitions from the Sr-III (β-tin) phase to the Sr-IV (monoclinic) phase at approximately 30 GPa, which is lower than the transition pressure of 35 GPa observed at room temperature.",2024-08-01,,matteroffact,Refuted,"[{""bias"": ""Time-saving bias"", ""confidence"": 0.3227}]",Supported,
2311.03271v1_8_T,Crystallographic orientation analysis of twin boundaries in face-centered cubic materials reveals rotation angles between 59.89° and 60.40° around axes with less than 3° deviation from the normal vector,2023-11-01,,matteroffact,Supported,,Supported,
2405.17550v1_11_F,"In quantum Hall-superconductor junctions with metallic puddles, the effective charge transmission fractions are given by t_eh^(u) = (1/N^(u)) ∑_(n=1)^(N^(u)) t_(eh,n) and t_eh^(l) = (1/N^(l)) ∑_(n=1)^(N^(l)) t_(eh,n), where t_(eh,n) is the transmission fraction of each coherent segment.",2024-05-01,,matteroffact,Refuted,,Supported,
2408.06641v2_0_T,Doping Cr3Si with Ge increases the lattice constant from 4.50 Å for undoped Cr3Si to 4.51-4.53 Å as doping concentrations increase from 12.5% to 50%.,2024-08-01,,matteroffact,Supported,"[{""bias"": ""Time-saving bias"", ""confidence"": 0.9816}]",Supported,
2408.02909v1_2_F,Face-Centered Cubic and Gyroid micro-lattice patterns are more effective at distributing loads and absorbing energy during compression tests compared to Diamond and Kelvin patterns.,2024-08-01,,matteroffact,Refuted,,Misleading,
2308.07295v3_3_T,"Cu doping in lead apatite (Pb₁₀(PO₄)₆O) causes a unit cell volume contraction of approximately 0.9-1.3% regardless of which Pb site is doped, when the structures are fully relaxed to their low-symmetry states.",2023-08-01,,matteroffact,Supported,,Misleading,
2304.02909v1_10_F,"In Al0.74Sc0.26N films, the nucleation of polar inversion domains switching from N-polarity to M-polarity initiates simultaneously throughout the film thickness.",2023-04-01,,matteroffact,Refuted,"[{""bias"": ""subadditivity effect"", ""confidence"": 0.3522}]",Refuted,
2203.07955v1_6_T,"The cubic phase of Na₃PS₄ is only cubic on average, with the instantaneous local structure exhibiting lower symmetry due to dynamic sampling of different tetrahedral tilting configurations.",2022-03-01,,matteroffact,Supported,"[{""bias"": ""Bias blind spot"", ""confidence"": 0.5397}]",Supported,
2404.17584v1_9_T,Equivariant neural networks can effectively represent both homoanisotropic materials (composed of components with the same symmetry but different orientations) and heteroanisotropic materials (composed of components with different symmetries).,2024-04-01,,matteroffact,Supported,"[{""bias"": ""Unit Bias"", ""confidence"": 0.5494}]",Supported,
2301.06756v1_13_T,The exciton binding energy in solid helium calculated with many-body perturbation GW theory is approximately 0.4 electronvolts.,2023-01-01,,matteroffact,Supported,,Refuted,
2204.04525v1_5_T,"Inserting lithium into FePO4 increases its a and b lattice parameters while decreasing the c parameter, resulting in a net volume increase of approximately 6%.",2022-04-01,,matteroffact,Supported,"[{""bias"": ""Planning Fallacy"", ""confidence"": 0.3386}]",Supported,
2209.12462v1_17_F,The computational demands of the coherent potential approximation combined with exchange-correlation pressure correction make it impractical for high-throughput screening or adaptive learning workflows aimed at optimal design of high entropy alloys.,2022-09-01,,matteroffact,Refuted,,Supported,
2209.15522v1_9_F,"The formation of thick twins in TWIP steel reduces grain fragmentation, limiting the dynamic Hall-Petch effect and resulting in lower strain hardening rates and reduced elongation properties.",2022-09-01,,matteroffact,Refuted,"[{""bias"": ""Omission bias"", ""confidence"": 0.5863}]",Supported,
2208.10911v1_6_T,MoSeTe anode material exhibits approximately 100% Coulombic efficiency after the first cycle despite significant capacity fading.,2022-08-01,,matteroffact,Supported,,Misleading,
2301.00535v1_11_T,"For the LiNiO₂-NiO₂ system, r²SCAN underestimates the experimental average voltage by 8%, while r²SCAN+U improves the agreement to within 1.8% of the experimental value.",2023-01-01,,matteroffact,Supported,,Supported,
2302.14072v1_3_F,"In Ta-dichalcogenide bilayers with 50% charge transfer and a hybridization strength of 60 meV, the screening temperature is approximately 5 K.",2023-02-01,,matteroffact,Refuted,"[{""bias"": ""subadditivity effect"", ""confidence"": 0.3274}]",Refuted,
2311.12681v2_7_F,"The frequency noise in a-SiC:H parallel plate capacitors decreases monotonically with increasing temperature in the strong field regime, following a simple power law relationship across all temperature ranges.",2023-11-01,,matteroffact,Refuted,,Misleading,
2312.05174v1_11_T,"The nanotexturing approach through chemical etching is effective for multiple metal types including copper, copper-silver alloy, and tungsten",2023-12-01,,matteroffact,Supported,"[{""bias"": ""curse of knowledge"", ""confidence"": 0.3349}]",Supported,
2310.18468v1_0_F,Totimorphic structures require increasing their thickness during deployment to achieve different configurations.,2023-10-01,,matteroffact,Refuted,,Refuted,
2405.03680v2_5_T,"Nb2B, a novel superconductor discovered using AtomGPT, has a predicted superconducting transition temperature of 4.76 K, a formation energy of -0.13 eV/atom, and an energy above the convex hull of 0.3 eV.",2024-05-01,,matteroffact,Supported,,Refuted,
2308.04594v2_10_F,Full cerium substitution in strontium hexaferrite decreases the maximum energy product (BHmax) from 72.42 kJ/m³ to 60.5 kJ/m³ due to reduced saturation magnetization.,2023-08-01,,matteroffact,Refuted,"[{""bias"": ""Time-saving bias"", ""confidence"": 0.8216}]",Supported,
2403.04470v2_5_F,The absolute value of the peak time-dependent field required for evaporation with negative THz pulses is approximately half the peak required with positive THz pulses in TDDFT simulations of Si(OH)₄,2024-03-01,,matteroffact,Refuted,,Supported,
2309.04053v2_0_T,Hypersonic vehicles experience heat fluxes that are 3-7 orders of magnitude greater than the 1.4 kW/m² heat flux from the sun.,2023-09-01,,matteroffact,Supported,,Supported,
2308.04594v2_3_T,Full cerium substitution in strontium hexaferrite increases the net magnetic moment from 20 μB to approximately 21 μB per formula unit due to the large orbital moment contribution from Ce³⁺.,2023-08-01,,matteroffact,Supported,,Misleading,
2404.05398v1_0_F,HfN thin films exhibit a uniform morphology with columnar crystallites of consistent size throughout the entire film thickness.,2024-04-01,,matteroffact,Refuted,,Misleading,
2311.12681v2_6_T,The frequency noise level in a-SiC:H parallel plate capacitors scales inversely with the electric field strength (S_f ∝ |E|^-1) in the strong field regime.,2023-11-01,,matteroffact,Supported,,Supported,
2403.04470v2_7_F,"The simplified theoretical model explains the different behaviors of silica and LaB₆ samples by attributing them to differences in thermal conductivity, with heat dissipation being the primary factor determining evaporation efficiency",2024-03-01,,matteroffact,Refuted,,Misleading,
2203.14301v1_6_T,The hexagonal warping term in spin-orbit coupling is essential for opening a gap at the band crossing point and enabling both quantized and half-quantized anomalous Hall effect in systems with in-plane magnetic fields,2022-03-01,,matteroffact,Supported,,Supported,
2403.04637v2_14_T,"The performance of amorphous silicon thin film solar cells is determined by the total number of defects encountered by photo-generated carriers, not just the defect density",2024-03-01,,matteroffact,Supported,,Supported,
2303.11178v1_14_T,The electronic structure calculations for SnTaS₂ were performed using density functional theory with the Perdew-Burke-Ernzerhof generalized gradient approximation and a plane-wave cutoff energy of 420 eV.,2023-03-01,,matteroffact,Supported,,Supported,
2312.07341v1_14_T,"The superconductivity in La₃Ni₂O₇ may originate from filamentary channels within or in close contact with the monolayer-trilayer bulk structure, rather than from a uniform bulk phase.",2023-12-01,,matteroffact,Supported,,Supported,
2309.05880v3_1_T,The electron-phonon coupling strength in RhGe increases from 0.17 at the Fermi level to 0.78 at the van Hove singularity energy.,2023-09-01,,matteroffact,Supported,,Supported,
2303.01108v1_4_F,"The coercivity and remanence in La₀.₅Sr₀.₅Co₁₋ₓNbₓO₃ increase with increasing Nb concentration, with coercivity values of 2.2, 3.2, and 3.8 kOe and remanence values of 31, 80, and 86 emu/mole for x=0.125, 0.15, and 0.25 samples, respectively.",2023-03-01,,matteroffact,Refuted,"[{""bias"": ""subadditivity effect"", ""confidence"": 0.6816}]",Supported,
2309.05880v3_15_F,The presence of time-reversal-symmetry-broken topological superconductivity in RhGe can only be verified through angle-resolved photoemission spectroscopy and scanning tunneling microscopy experiments.,2023-09-01,,matteroffact,Refuted,"[{""bias"": ""curse of knowledge"", ""confidence"": 0.681}]",Misleading,
2402.07147v1_3_T,"For the same oxygen concentration, ordered titanium-oxygen compounds have a smaller a lattice parameter than disordered solid solutions.",2024-02-01,,matteroffact,Supported,"[{""bias"": ""Distinction bias"", ""confidence"": 0.579}]",Supported,
2210.17428v1_4_T,"TC-based MOFs possess the highest gravimetric surface area among all EC-MOFs in the database, with an average value of 1711 m²/g across all combinations of metals and functional groups.",2022-10-01,,matteroffact,Supported,,Misleading,
2401.04713v1_0_T,Atomic layer molecular beam epitaxy can successfully grow epitaxial ErMn₆Sn₆ and TbMn₆Sn₆ thin films on Pt(111) buffer layers on Al₂O₃(0001) substrates.,2024-01-01,,matteroffact,Supported,,Supported,
2307.04750v1_8_T,"CsTi₃Bi₅ has a Fermi surface consisting of five pieces from four bands, with most pieces having a quasi-2D cylindrical shape despite exhibiting 3D electronic behavior in quantum oscillations.",2023-07-01,,matteroffact,Supported,,Supported,
2303.07504v1_3_T,"In Nb-rich Fe-Nb alloys, excess Nb atoms form planar defects rather than the μ-phase precipitates predicted by the equilibrium phase diagram due to kinetic limitations.",2023-03-01,,matteroffact,Supported,,Supported,
2211.13164v1_4_T,"Ca doping in Na_xCa_{1-x}Cr_2O_4 changes the Cr oxidation state from mixed valence Cr³⁺/Cr⁴⁺ toward pure Cr³⁺, resulting in expanded CrO6 octahedra and weaker Na-O bonds.",2022-11-01,,matteroffact,Supported,"[{""bias"": ""Outcome bias"", ""confidence"": 0.3204}]",Supported,
2407.21071v2_12_F,"As lithium-ion battery pouch cells age and their internal resistance increases, the variation in current distribution across the cell is likely to increase",2024-07-01,,matteroffact,Refuted,,Supported,
2203.11013v1_7_F,The maximum driving force (MDF) cannot provide any information about kinetic aspects of oxidation and is strictly limited to equilibrium thermodynamic predictions,2022-03-01,,matteroffact,Refuted,"[{""bias"": ""Bias blind spot"", ""confidence"": 0.7783}]",Misleading,
2305.05612v2_6_T,The interaction energy coefficient between defects bounding I₁ stacking faults in {10-12} twins in magnesium is approximately 0.058 eV/Å.,2023-05-01,,matteroffact,Supported,,Supported,
2403.18743v1_8_F,Silicon carbide metasurfaces offer high field enhancement similar to plasmonic platforms but cannot achieve the high quality factors characteristic of dielectric platforms due to inherent material absorption.,2024-03-01,,matteroffact,Refuted,"[{""bias"": ""Bias blind spot"", ""confidence"": 0.3453}]",Misleading,
2311.15791v1_13_F,"1T-TaS₂₋ₓSeₓ crystals exhibit two distinct interband transitions at 0.5 eV and 3.0 eV, with significantly smaller interband conductivity above 1 eV compared to pristine 1T-TaS₂.",2023-11-01,,matteroffact,Refuted,,Supported,
2302.12868v1_5_F,Wave transmission through a thin solid layer remains minimal at all incident angles beyond the critical angles regardless of the frequency.,2023-02-01,,matteroffact,Refuted,"[{""bias"": ""Outcome bias"", ""confidence"": 0.3338}]",Refuted,
2303.12924v1_6_F,"The GPR model for precipitate morphology in Co-based superalloys achieves higher accuracy than the GPR model for precipitate size, with both models having similar noise tolerance requirements.",2023-03-01,,matteroffact,Refuted,"[{""bias"": ""Distinction bias"", ""confidence"": 0.4202}]",Misleading,
2305.11961v1_6_F,The 4D Camera sensor has 5 μm by 5 μm square pixels in a 1024 by 1024 pixel array,2023-05-01,,matteroffact,Refuted,,Refuted,
2303.12924v1_0_T,"In ternary Co-based superalloys, increasing the initial Co concentration leads to a decrease in the equilibrium γ'(L12) precipitate size.",2023-03-01,,matteroffact,Supported,,Misleading,
2304.07326v2_0_T,Lutetium dihydride (LuH2) exhibits a blue color at ambient conditions due to its reflectivity profile having a minimum in the red part of the visible spectrum.,2023-04-01,,matteroffact,Supported,,Refuted,
2303.07504v1_13_T,"HAADF-STEM imaging reveals that C15-like planar defects in Mg-Al-Ca alloys have a symmetric structure with alternating brighter and weaker contrast, corresponding to atomic columns with double Al and single Al occupancy.",2023-03-01,,matteroffact,Supported,"[{""bias"": ""curse of knowledge"", ""confidence"": 0.385}]",Supported,
2303.10621v4_9_F,The static quasiparticle frequencies in the mode-coupling theory always align perfectly with peaks in the spectral functions regardless of the lineshape.,2023-03-01,,matteroffact,Refuted,"[{""bias"": ""clustering illusion"", ""confidence"": 0.3635}]",Refuted,
2306.12034v1_15_F,The amorphous bismuth cap observed at the tip of NiBi₃ nanowires forms because bismuth preferentially segregates to the surface of pre-existing NiBi₃ crystals due to surface energy minimization during the cooling process after deposition.,2023-06-01,,matteroffact,Refuted,,Supported,
2406.04713v1_15_F,"Generative models for materials discovery are capable of exploring regions far outside the training distribution, enabling the discovery of revolutionary new materials with unprecedented properties",2024-06-01,,matteroffact,Refuted,"[{""bias"": ""curse of knowledge"", ""confidence"": 0.5303}]",Misleading,
2204.04525v1_7_T,"Antisite defects in LiFePO4 can increase lithium mobility along certain crystallographic directions, contributing to an order-of-magnitude (10x) improvement in phase transformation kinetics.",2022-04-01,,matteroffact,Supported,"[{""bias"": ""Pro-Innovation Bias"", ""confidence"": 0.7344}]",Supported,
2408.10146v2_3_F,High-temperature grown SrZrO₃ buffer layers increase threading dislocation density in La:BaSnO₃ heterostructures from 5×10¹¹ cm⁻² to 8×10¹² cm⁻² compared to BaSnO₃ buffer layers,2024-08-01,,matteroffact,Refuted,,Refuted,
2210.10242v2_17_T,"The calculated lattice parameters for MgH₂ using the QUANTUM ESPRESSO code are c = 0.301 nm, c/a = 0.668, and u = 0.304, which agree well with experimental values.",2022-10-01,,matteroffact,Supported,,Misleading,
2303.11122v1_10_T,"All studied oxide spinels exhibit trigonal distortion with anion parameter u values greater than 0.375, with MgNi2O4 showing the highest distortion (u = 0.4106) and MgRh2O4 showing the lowest (u = 0.4070).",2023-03-01,,matteroffact,Supported,"[{""bias"": ""subadditivity effect"", ""confidence"": 0.4895}]",Misleading,
2301.06756v1_9_T,The elastic constants of solid helium show a linear dependence on pressure in the insulating phase but deviate from this behavior in the metallic phase.,2023-01-01,,matteroffact,Supported,,Supported,
2407.01918v1_9_T,"For slow-moving ions in solid electrolytes, the phonon spectrum can be linearized because only low-frequency, long-wavelength modes contribute significantly to dissipation, making the actual dispersion of high-frequency modes irrelevant.",2024-07-01,,matteroffact,Supported,"[{""bias"": ""Bias blind spot"", ""confidence"": 0.4241}]",Supported,
2306.10385v2_3_F,AlF₃-induced blisters on the graphite surface always arrange in a hexagonal pattern that follows the underlying crystallographic structure of the graphite lattice.,2023-06-01,,matteroffact,Refuted,,Misleading,
2301.01139v1_15_F,"Lithium's superconducting critical temperature decreases from approximately 20 K at ambient pressure to nearly zero under high pressure, due to phonon hardening and reduced electron-phonon coupling.",2023-01-01,,matteroffact,Refuted,,Supported,
2403.04637v2_4_T,"The open circuit voltage of amorphous silicon thin film solar cells decreases with increasing thickness of the active layer, with a 20 nm active layer achieving approximately 1.05V compared to 0.84V for a 300 nm layer",2024-03-01,,matteroffact,Supported,"[{""bias"": ""Time-saving bias"", ""confidence"": 0.9363}]",Supported,
2408.08791v2_5_T,The effective resistance value of 9.09 derived from the relaxation time in the Dissipative Split-Charge Equilibration model simulation differs by only 0.1% from the estimated value of 9.1.,2024-08-01,,matteroffact,Supported,,Supported,
2311.07316v2_1_F,The pairing symmetry of La₃Ni₂O₇ remains unchanged regardless of variations in the crystal field splitting between Ni-e_g orbitals,2023-11-01,,matteroffact,Refuted,,Refuted,
2408.00042v3_6_T,"In space group 135 (P4₂/mbc), the time-reversal invariant momenta R₁(π,0,π), R₂(0,π,π), X₁(π,0,0), and X₂(0,π,0) have fourfold degeneracies with δ = -1, while the M(π,π,0) point has fourfold degeneracy with δ = 1.",2024-08-01,,matteroffact,Supported,"[{""bias"": ""Time-saving bias"", ""confidence"": 0.3024}]",Supported,
2309.04053v2_7_F,Carbon-carbon composites retain their mechanical properties up to approximately 3000°C in inert environments and have thermal conductivities between 50-100 W/mK.,2023-09-01,,matteroffact,Refuted,,Supported,
2307.06904v3_4_T,LaVO3/KTaO3 heterostructures with ferromagnetic ordering exhibit half-metallic behavior when they contain four or more layers of LaVO3.,2023-07-01,,matteroffact,Supported,,Supported,
2303.07504v1_15_T,"In Mg-Al-Ca alloys, C15-like planar defects can form exothermically when the Al chemical potential is within a specific range, even though bulk C15 precipitates would be thermodynamically preferred.",2023-03-01,,matteroffact,Supported,"[{""bias"": ""Omission bias"", ""confidence"": 0.4018}]",Supported,
2406.04713v1_11_F,"Riemannian Flow Matching requires separate modeling frameworks for each component of crystal structures, similar to diffusion-based approaches",2024-06-01,,matteroffact,Refuted,"[{""bias"": ""curse of knowledge"", ""confidence"": 0.4164}]",Refuted,
2403.08679v1_9_T,"The Curie-Weiss temperature of NaFe₂PO₄(SO₄)₂ is approximately -98 K, indicating dominant antiferromagnetic interactions.",2024-03-01,,matteroffact,Supported,,Supported,
2304.05231v1_12_F,The low-velocity impact framework is primarily designed for evaluating the performance of terrestrial construction materials and has limited applicability to space-grade materials or space mission scenarios.,2023-04-01,,matteroffact,Refuted,,Misleading,
2406.13070v1_6_F,"During out-of-phase thermomechanical fatigue testing of as-received NiAl-coated R125 superalloy, the maximum tensile stress decreases from 610 MPa in the first cycle to 500 MPa by the 100th cycle.",2024-06-01,,matteroffact,Refuted,"[{""bias"": ""Time-saving bias"", ""confidence"": 0.4088}]",Refuted,
2402.05180v1_3_T,Altermagnetism can be stabilized through a BCS-like weak coupling mechanism rather than requiring strong on-site Coulomb interactions or Fermi surface nesting.,2024-02-01,,matteroffact,Supported,,Misleading,
2210.05010v2_8_T,The saturated vacancy concentration in irradiated metals can be predicted by the ratio of the number of vacancies generated in a cascade to the number of atoms in the molten region of the cascade.,2022-10-01,,matteroffact,Supported,"[{""bias"": ""clustering illusion"", ""confidence"": 0.4972}]",Misleading,
2402.05180v1_5_F,The organic material κ-(ET)2Cu[N(CN)2]Cl (κ-Cl) exhibits altermagnetism that can only be explained by strong on-site Coulomb interactions.,2024-02-01,,matteroffact,Refuted,"[{""bias"": ""Pro-Innovation Bias"", ""confidence"": 0.5884}]",Misleading,
2304.13927v1_8_T,"In the electrolyte exploration experiment using NIMS-OS and NAREE, the best electrolyte composition was discovered in the 7th experimental cycle and contained 100 mM LiPF6, 100 mM LiTFSI, 2 vol.% PC, 2 vol.% FEC, and 2 vol.% VC, exhibiting a discharge time of 1439.09 seconds.",2023-04-01,,matteroffact,Supported,"[{""bias"": ""Time-saving bias"", ""confidence"": 0.3483}]",Supported,
2203.11013v1_14_F,"Noble metals such as Ag and Cd have maximum driving force (MDF) values less than 0.5 eV, indicating moderate susceptibility to oxidation despite having zero free energy of formation",2022-03-01,,matteroffact,Refuted,,Refuted,
2306.13006v2_7_F,"SCAPS modeling of various photovoltaic technologies shows that defect-caused relative losses in voltage are 5-10 times greater than losses in current, with current losses of 1-3% corresponding to voltage losses of 10-25%.",2023-06-01,,matteroffact,Refuted,"[{""bias"": ""Time-saving bias"", ""confidence"": 0.852}]",Misleading,
2403.13710v1_13_F,"NV center magnetometry can directly image the Néel vector orientation throughout the bulk of antiferromagnetic materials, providing complete three-dimensional maps of antiferromagnetic order.",2024-03-01,,matteroffact,Refuted,"[{""bias"": ""clustering illusion"", ""confidence"": 0.4976}]",Misleading,
2404.13959v1_16_F,"According to experimental measurements and GW calculations, Bi₂Se₃ thin films are expected to be quantum spin Hall insulators rather than normal insulators in the thin-film limit.",2024-04-01,,matteroffact,Refuted,"[{""bias"": ""Pro-Innovation Bias"", ""confidence"": 0.4552}]",Supported,
2309.01755v1_16_T,"At the k_z=π plane in Pb₁₀(PO₄)₆O₄, the four bands near the Fermi level become intertwined in pairs and display weak dispersion with a band width of approximately 23 meV.",2023-09-01,,matteroffact,Supported,"[{""bias"": ""Outcome bias"", ""confidence"": 0.3639}]",Supported,
2206.02683v1_13_F,"Aging in amorphous materials leads to a homogenization of the disorder landscape, creating a continuous spectrum of accessible states with uniformly distributed plastic strains",2022-06-01,,matteroffact,Refuted,"[{""bias"": ""curse of knowledge"", ""confidence"": 0.3301}]",Misleading,
2404.07848v1_0_T,The density of states of graphite near the Fermi level can be incorporated into classical molecular dynamics simulations by tuning the Gaussian width parameter based on the applied potential.,2024-04-01,,matteroffact,Supported,"[{""bias"": ""clustering illusion"", ""confidence"": 0.7301}]",Misleading,
2209.06065v1_3_F,"A mobile particle moving through a one-dimensional crystal maintains a constant velocity regardless of its proximity to chain masses, with no fluctuations caused by either attractive or repulsive potentials.",2022-09-01,,matteroffact,Refuted,"[{""bias"": ""clustering illusion"", ""confidence"": 0.5903}]",Refuted,
2304.02586v1_6_F,"After optical pumping, the nematic order parameter in Sr₂RuO₄ shows a slow recovery with a characteristic time constant of 5 picoseconds.",2023-04-01,,matteroffact,Refuted,"[{""bias"": ""Outcome bias"", ""confidence"": 0.3441}]",Refuted,
2306.00139v1_3_T,Silver cation motion in superionic AgI is diffusive rather than occurring through discrete hopping events.,2023-06-01,,matteroffact,Supported,"[{""bias"": ""curse of knowledge"", ""confidence"": 0.4084}]",Misleading,
2401.08834v1_12_T,"The copper-substituted lead oxyapatite maintains its hexagonal crystal structure with space group P6₃/m across the temperature range of 10-300 K, with no evidence of structural phase transitions or significant structural distortions.",2024-01-01,,matteroffact,Supported,,Supported,
2211.14626v2_6_F,The superconducting diode effect in Nb/Ru/Sr₂RuO₄ junctions originates from Rashba spin-orbit coupling at the interface.,2022-11-01,,matteroffact,Refuted,"[{""bias"": ""Outcome bias"", ""confidence"": 0.3503}]",Misleading,
2406.11763v1_5_F,"Photoinduced oxygen vacancy tailoring requires complex equipment, high-temperature processing, and additional electrode materials, making it impractical for post-synthesis phase modification in HfO2-based materials.",2024-06-01,,matteroffact,Refuted,"[{""bias"": ""Pro-Innovation Bias"", ""confidence"": 0.4311}]",Misleading,
2208.08336v1_15_T,The maximally smeared potential in the studied one-dimensional superconducting chain corresponds to a smearing parameter value of approximately a ≈ 25×10^-7.,2022-08-01,,matteroffact,Supported,,Refuted,
2307.06904v3_1_F,"Spin-orbit coupling is strong in LaVO3/KTaO3 heterostructures, significantly affecting the bands involved in transport at the interface.",2023-07-01,,matteroffact,Refuted,"[{""bias"": ""Pro-Innovation Bias"", ""confidence"": 0.4512}]",Supported,
2405.18939v1_5_F,The NbSe₂ layers in (LaSe)₁.₁₄(NbSe₂)₂ lose their two-dimensional character and exhibit fully three-dimensional lattice dynamics due to strong coupling with the LaSe layers.,2024-05-01,,matteroffact,Refuted,,Refuted,
2407.15258v1_3_F,"Magnesium co-doping significantly increases the concentration of anion dopants in Li7PS6 argyrodite, potentially enabling the synthesis of fluorine-doped argyrodite, while silicon co-doping generally does not affect anion dopant concentrations.",2024-07-01,,matteroffact,Refuted,"[{""bias"": ""Whole only effect"", ""confidence"": 0.6801}]",Supported,
2304.08446v4_9_F,"The CDVAE model generated structures with less chemical diversity than the training dataset, primarily producing materials with similar atomic species and stoichiometric ratios.",2023-04-01,,matteroffact,Refuted,"[{""bias"": ""Bias blind spot"", ""confidence"": 0.7062}]",Supported,
2302.04385v2_8_F,"The flash/quench technique uniformly modifies both the Pr-O layers and CuO₂ planes in Pr₂CuO₄, affecting all structural and electronic properties equally.",2023-02-01,,matteroffact,Refuted,,Refuted,
2310.18245v3_14_T,"A15 compound surfaces provide a platform for exploring exotic topological superconductivity due to the interplay between Z₂ topology, orbital texture, broken inversion symmetry, and BCS superconductivity.",2023-10-01,,matteroffact,Supported,,Supported,
2403.14215v1_12_F,"The magnetization of Mn₅(Si_xGe_1-x)₃ thin films at 20K and 1 Tesla field decreases linearly with increasing silicon concentration, with a constant rate of decline of approximately 900 emu·cm⁻³ per unit change in x",2024-03-01,,matteroffact,Refuted,"[{""bias"": ""Time-saving bias"", ""confidence"": 0.4751}]",Misleading,
2310.03080v2_11_F,The time-dependent simulations of monolayer NbSe2 were performed for a total of 50 femtoseconds using a time step of 0.5 attoseconds.,2023-10-01,,matteroffact,Refuted,,Supported,
2202.07699v1_10_T,The effective thermal conductivity of metal powders in argon atmosphere is approximately 73% of the thermal conductivity in air atmosphere at equivalent porosity values,2022-02-01,,matteroffact,Supported,,Misleading,
2310.18102v2_7_F,Hydrogen atoms in amorphous boron nitride primarily form H-H bonds at hydrogen concentrations above 10 atomic percent,2023-10-01,,matteroffact,Refuted,,Refuted,
2405.18939v1_9_F,"In (LaSe)₁.₁₄(NbSe₂)₂, the phonon modes of the LaSe subunit are evenly distributed across the entire frequency range, with significant contributions above 250 cm⁻¹.",2024-05-01,,matteroffact,Refuted,"[{""bias"": ""subadditivity effect"", ""confidence"": 0.4901}]",Refuted,
2402.05180v1_7_F,Spin-orbit coupling always destroys coincident Van Hove singularities in all 2D space groups.,2024-02-01,,matteroffact,Refuted,,Refuted,
2408.03175v1_15_T,"In solid-state batteries, temperature variations along the interface arise from joule heating proportional to the product of current density and overpotential, and are governed by an equation that includes thermal diffusion and Newtonian cooling.",2024-08-01,,matteroffact,Supported,,Supported,
2404.13959v1_12_F,"In the thin-film model for 3D topological insulators, the condition |D|>|B| is required to ensure a band gap at large momenta, and the sign of ΔB determines whether the system is in a trivial (ΔB>0) or nontrivial inverted (ΔB<0) regime.",2024-04-01,,matteroffact,Refuted,,Supported,
2203.07340v1_16_T,"Platinum exhibits higher adhesion energy to sp² bonded carbon compared to aluminum and magnesium, contributing to its effectiveness as a coating material for carbon nanotubes in metal matrix composites",2022-03-01,,matteroffact,Supported,,Supported,
2403.08237v2_3_F,The activation energy for Li-ion diffusion in Li₂ZrCl₆ increases from 0.3 eV to 0.6 eV in both α-LZC and β-LZC when Zr transitions from ordered to fully disordered states,2024-03-01,,matteroffact,Refuted,"[{""bias"": ""Time-saving bias"", ""confidence"": 0.5327}]",Refuted,
2304.08966v2_0_T,"Long-range equivariant (LODE) representations accurately capture the non-local charge-density response in metal electrodes, enabling precise prediction of electronic polarization at increasing electrode thicknesses.",2023-04-01,,matteroffact,Supported,"[{""bias"": ""clustering illusion"", ""confidence"": 0.353}]",Supported,
2403.08679v1_14_T,"NaFe₂PO₄(SO₄)₂ exhibits a crossover from inverse to conventional magnetocaloric effect with increasing magnetic field, with the crossover occurring at approximately 45 kOe.",2024-03-01,,matteroffact,Supported,"[{""bias"": ""Outcome bias"", ""confidence"": 0.3601}]",Supported,
2401.04644v1_14_F,"During the fabrication of Eu₂Ir₂O₇ thin films by reactive solid phase epitaxy, the optimal number of laser pulses is 100 for IrO₂ and 80 for Eu₂O₃ layers, with a laser fluence of approximately 2.5 J/cm² at a fixed repetition rate of 5 Hz.",2024-01-01,,matteroffact,Refuted,"[{""bias"": ""Time-saving bias"", ""confidence"": 0.4213}]",Misleading,
2309.04053v2_10_T,"Thermal protection systems for hypersonic vehicles are categorized as passive, semi-passive, or active, with each type designed for specific heat flux scenarios and flight durations.",2023-09-01,,matteroffact,Supported,"[{""bias"": ""Unit Bias"", ""confidence"": 0.3371}]",Supported,
2206.01072v1_8_F,"The spin-spiral wavelength in Fe chains on Re(0001) surface determined by ab initio energy minimization is approximately 6.8 times the in-plane lattice constant, which is significantly longer than the experimental value of 4 times the in-plane lattice constant measured for a 40-atom chain.",2022-06-01,,matteroffact,Refuted,,Misleading,
2401.15936v1_14_T,"Closed-space annealing improves electrical contact between functional layers in selenium solar cells by allowing the absorber to recrystallize, providing carrier-selective contact films with a second chance to properly adhere to the absorber",2024-01-01,,matteroffact,Supported,,Supported,
2404.12822v1_14_T,"The superior electrochemical performance of NaFe₁.₆V₀.₄(PO₄)(SO₄)₂@CNT cathode results from synergistic effects of vanadium doping creating vacancy defects, CNT network enhancing electronic conductivity, and NASICON-type framework providing stable sodium-ion channels.",2024-04-01,,matteroffact,Supported,"[{""bias"": ""Pro-Innovation Bias"", ""confidence"": 0.3861}]",Supported,
2211.13164v1_12_F,"In Na_xCa_{1-x}Cr_2O_4, both the Na-O and Cr-O bond distances increase linearly as Na content decreases from x=1 to x=0.5, with Na-O expanding from 2.49 Å to 2.54 Å and Cr-O from 1.95 Å to 1.99 Å.",2022-11-01,,matteroffact,Refuted,"[{""bias"": ""Time-saving bias"", ""confidence"": 0.9534}]",Misleading,
2403.19614v1_3_T,"In the horseshoe and L-shaped Josephson junction designs, the contribution of backscattered electrons is at least twice as much as the dose deposited by incident electrons in the central part of the bridge region.",2024-03-01,,matteroffact,Supported,,Refuted,
2408.15601v1_8_T,"Particle-based diffusion models can successfully generate ordered simple cubic structures when initialized with up to 20% Gaussian displacements, but develop structural defects at 30% noise and completely fail at 50% or more initial noise.",2024-08-01,,matteroffact,Supported,,Supported,
2407.16044v1_3_F,"Asymmetrically strained bilayer graphene with strain values of εx = -0.15 and εy = 0.15 exhibits a bandgap of 0.15 eV, which is comparable to the bandgap achievable in monolayer graphene",2024-07-01,,matteroffact,Refuted,"[{""bias"": ""Time-saving bias"", ""confidence"": 0.8115}]",Refuted,
2210.05010v2_1_F,The vacancy content in irradiated metals in the athermal regime is permanently fixed by the initial irradiation conditions and cannot be significantly altered by subsequent irradiation with different recoil energies.,2022-10-01,,matteroffact,Refuted,"[{""bias"": ""Omission bias"", ""confidence"": 0.3022}]",Refuted,
2302.14072v1_16_F,"The theoretical model of Ta-dichalcogenide bilayers with interlayer distances of 6.3-7.0 Å has limited relevance to experimentally fabricated bilayers, which typically have interlayer separations close to the optimum spacing of 5.8 Å.",2023-02-01,,matteroffact,Refuted,,Supported,
2307.13990v1_17_T,The energy at which inter-orbital pairing occurs in superconductor-normal metal heterostructures can be tuned by adjusting the doping level or film thickness of the superconductor.,2023-07-01,,matteroffact,Supported,"[{""bias"": ""clustering illusion"", ""confidence"": 0.3097}]",Supported,
2204.13789v2_9_F,The $\ell_1$-norm regularized cluster expansion produces effective cluster interactions with better physical meaning than the $\ell_0\ell_2$-norm regularized cluster expansion.,2022-04-01,,matteroffact,Refuted,,Misleading,
2212.13877v1_15_T,"The electron-phonon interaction contribution to the total energy can be approximated as the sum of electron-phonon interaction corrections to individual electronic eigenenergies, with reasonable accuracy for energy differences between polymorphs.",2022-12-01,,matteroffact,Supported,,Supported,
2311.14529v1_12_F,"The powder bed fusion-laser beam process for aluminum alloys entails a moderate cooling rate of 10^1-10^2 K/s, enabling only slight supersaturation of certain alloying elements.",2023-11-01,,matteroffact,Refuted,,Misleading,
2308.01135v4_1_T,The hexagonal lattice structure of LK-99 features metallic half-filled and spin-split bands with a nesting of the Fermi surface.,2023-08-01,,matteroffact,Supported,,Misleading,
2208.04658v1_10_T,"Mössbauer spectroscopy of as-grown SrFe₁₂O₁₉ films at room temperature shows a paramagnetic doublet with an isomer shift of 0.34 mm/s and a quadrupole splitting of 0.80 mm/s, characteristic of high spin Fe³⁺.",2022-08-01,,matteroffact,Supported,,Supported,
2306.10385v2_8_T,"AlF₃ intercalation in graphite follows a mixed staging model where different stages coexist simultaneously, with local superstructures exhibiting combinations of stages III and IV at lower molecular densities and stages IV and V at higher densities.",2023-06-01,,matteroffact,Supported,,Supported,
2206.15003v1_12_T,"The implosion-driven launcher is a single-use device where the driver is consumed by high explosives during operation, but its simple design using stock components results in modest per-shot costs.",2022-06-01,,matteroffact,Supported,"[{""bias"": ""Whole only effect"", ""confidence"": 0.6557}]",Supported,
2310.04841v1_2_T,The ground state structure of a metal vacancy in titanium carbide is 3.5 eV lower in energy than the conventional unreconstructed vacancy geometry.,2023-10-01,,matteroffact,Supported,,Refuted,
2311.08257v1_0_T,"The spin Hall angle in NbN increases as temperature decreases, reaching values three times higher than previously reported values in the temperature range of 20-300K.",2023-11-01,,matteroffact,Supported,"[{""bias"": ""Pro-Innovation Bias"", ""confidence"": 0.4648}]",Misleading,
2309.05880v3_13_F,"Around the Γ point in RhGe, only s-wave pairing is possible due to the high symmetry of the point, and this pairing preserves time-reversal symmetry, leading to a fully gapped conventional superconducting state.",2023-09-01,,matteroffact,Refuted,"[{""bias"": ""Omission bias"", ""confidence"": 0.3049}]",Supported,
2401.06319v2_8_T,"In Cu bulk, the electron density of states for bct and bcc structures are indistinguishable because the bct structure relaxes to the bcc structure.",2024-01-01,,matteroffact,Supported,,Misleading,
2210.03397v3_16_F,T-phase in the AlMgZnCuAg crossover alloy has a fixed stoichiometric composition of Mg₃₂Zn₄₉ that cannot accommodate additional elements,2022-10-01,,matteroffact,Refuted,,Refuted,
2407.01918v1_9_F,"For slow-moving ions in solid electrolytes, the entire phonon spectrum must be considered in its full complexity because both high-frequency and low-frequency modes contribute equally to dissipation, making linearization an invalid approximation.",2024-07-01,,matteroffact,Refuted,"[{""bias"": ""Bias blind spot"", ""confidence"": 0.3962}]",Misleading,
2403.18743v1_13_F,"Quasi-bound states in the continuum in silicon carbide metasurfaces with elliptical perforations are polarization-independent, appearing for both x-polarized and y-polarized incident light.",2024-03-01,,matteroffact,Refuted,"[{""bias"": ""curse of knowledge"", ""confidence"": 0.3344}]",Supported,
2308.01135v4_11_T,Including a Hubbard-like term U = 2.0 eV in the DFT calculations of LK-99 with stacking A results in the non-magnetic state being 0.18 eV per formula unit higher in energy than the ferromagnetic state.,2023-08-01,,matteroffact,Supported,"[{""bias"": ""Planning Fallacy"", ""confidence"": 0.329}]",Refuted,
2406.13900v1_8_F,"In Sr₂RuO₄, Hund's coupling and spin-orbit coupling have complementary effects on orbital character, with both interactions promoting stronger orbital mixing between d-orbitals.",2024-06-01,,matteroffact,Refuted,,Supported,
2304.07326v2_13_T,The logarithmic averaged frequency (ωlog) for hydrogen-deficient LuH1.875 ranges from 243.6 to 258.0 K across pressures from 20 to 400 kbar.,2023-04-01,,matteroffact,Supported,"[{""bias"": ""Time-saving bias"", ""confidence"": 0.4935}]",Supported,
2403.07526v2_1_T,"The computational time for statistical inference in the Physics-Transfer approach is within milliseconds on a laptop, significantly lower than simulations based on DFT, MLFFs, and EAM.",2024-03-01,,matteroffact,Supported,"[{""bias"": ""Bias blind spot"", ""confidence"": 0.667}]",Misleading,
2408.03175v1_2_T,"Increasing the bending rigidity of the morphogenic interface (MINT) reduces the maximum growth rate of interface undulations in solid-state batteries, enhancing interface stability.",2024-08-01,,matteroffact,Supported,,Supported,
2402.05180v1_1_F,Non-symmorphic symmetries in all two-dimensional space groups generically lead to coincident Van Hove singularities in both energy and momentum when spin-orbit coupling is neglected.,2024-02-01,,matteroffact,Refuted,,Supported,
2308.01135v4_15_F,"The phonon band structure of LK-99 shows highly dispersive phonon modes, indicating strong lattice-wide coupling of vibrational modes throughout the crystal structure.",2023-08-01,,matteroffact,Refuted,,Misleading,
2203.14301v1_3_F,Sb₂Te₃ thin films can exhibit both quantized and nearly half-quantized anomalous Hall effect under weak in-plane magnetic fields at room temperature,2022-03-01,,matteroffact,Refuted,,Supported,
2211.10404v1_11_T,"In the intermediate-spin half-metallic state at 3% tensile strain, SrCoO₃ thin films exhibit significant negative local magnetic moments at the oxygen sites, with values of -0.303 μB and -0.504 μB",2022-11-01,,matteroffact,Supported,"[{""bias"": ""Time-saving bias"", ""confidence"": 0.6251}]",Supported,
2405.02186v1_10_F,"In total reflection hard X-ray photoemission spectroscopy of superconducting infinite-layer nickelate thin films, the hole-doped component of the Ni 2p₃/₂ spectrum shows stronger relative intensity at incidence angles above 0.6 degrees compared to lower angles.",2024-05-01,,matteroffact,Refuted,,Supported,
2304.02586v1_14_F,"The electronic nematic order in the normal state of Sr₂RuO₄ has no bearing on its superconducting properties, as these phenomena occur in separate temperature regimes with no causal connection.",2023-04-01,,matteroffact,Refuted,,Refuted,
2302.14231v2_2_T,CHGNet achieves a mean absolute error of 0.032 Bohr magnetons for magnetic moment prediction on the Materials Project test set.,2023-02-01,,matteroffact,Supported,,Supported,
2301.01139v1_12_T,"The yttrium superhydride YH9 exhibits superconductivity with a critical temperature of 262 K at approximately 180 GPa, higher than the critical temperature of H3S.",2023-01-01,,matteroffact,Supported,,Supported,
2403.19614v1_2_F,"In 30 kV e-beam lithography, backscattered electrons exhibit a most probable scattering angle of approximately 65 ± 10 degrees, with energy distribution following an exponential decay described by E(r) = 2.5 × 10⁻³ · e⁻⁰·⁰⁵ʳ.",2024-03-01,,matteroffact,Refuted,,Misleading,
2203.07955v1_13_T,"Density functional theory calculations of phonon properties for Na₃PS₄ and Na₃PSe₄ were performed using a plane-wave energy cutoff of 350 eV, with phonon frequencies and eigenvectors obtained using a finite-displacement method with a supercell size of 128 atoms.",2022-03-01,,matteroffact,Supported,,Supported,
2204.05721v1_8_F,The percentage of stress relaxed in commercially pure titanium gradually decreases when temperature rises from room temperature to 75°C,2022-04-01,,matteroffact,Refuted,,Supported,
2202.04242v1_13_F,"In the binary Lennard-Jones model, the transition from phase separation to mixed structures occurs at interatomic interaction energies (εXY) between 2.5 and 3.0, with the Cu₉Au₇-type structure becoming stable at εXY=2.8 and the zigzag2 structure becoming stable at εXY=3.0.",2022-02-01,,matteroffact,Refuted,"[{""bias"": ""Time-saving bias"", ""confidence"": 0.689}]",Supported,
2304.02586v1_12_T,"After optical pumping, the nematic electron temperature in Sr₂RuO₄ rises to approximately 50% of the maximum calculated increase over a timescale of about 0.5 picoseconds.",2023-04-01,,matteroffact,Supported,,Misleading,
2302.14072v1_8_F,Ta-dichalcogenide bilayers with interlayer distances of 6.3-7.0 Å behave as heavy fermion systems with strong Kondo coupling between localized moments in the 1T layer and conduction electrons in the 1H layer.,2023-02-01,,matteroffact,Refuted,,Supported,
2402.18588v2_9_F,The Berry curvature dipole in LK-99 is uniformly distributed throughout the Brillouin zone and shows no correlation with the locations of Weyl points.,2024-02-01,,matteroffact,Refuted,,Refuted,
2205.05514v2_11_T,"In the recovered Al-Mn alloy, CubeND subgrains have 214% more subgrains than Cube subgrains, while P subgrains have 326% more subgrains than Cube subgrains",2022-05-01,,matteroffact,Supported,"[{""bias"": ""Time-saving bias"", ""confidence"": 0.3119}]",Refuted,
2307.13990v1_10_T,The Rashba surface states in the Al/Au heterostructure are localized at the Au-vacuum interface and hybridize with Al-derived states only at larger momentum values.,2023-07-01,,matteroffact,Supported,,Misleading,
2407.11580v1_2_T,"The microstructural evolution of LPBF AlSi10Mg during heat treatment progresses through three distinct stages: matrix desaturation, precipitate growth, and precipitate coalescence.",2024-07-01,,matteroffact,Supported,,Supported,
2402.08834v1_0_T,"The Young's modulus of amorphous Li13Si4 bulk structure is 45.04 GPa, which closely matches experimental measurements.",2024-02-01,,matteroffact,Supported,,Misleading,
2408.10146v2_9_T,"The high electron mobility in La:BaSnO₃ originates from the highly dispersive Sn 5s orbitals in the conduction band, which results in a small electron effective mass",2024-08-01,,matteroffact,Supported,,Supported,
2403.18743v1_2_T,Silicon carbide metasurfaces supporting quasi-bound states in the continuum achieve approximately twice the maximum field enhancement at resonance compared to dielectric metasurfaces.,2024-03-01,,matteroffact,Supported,,Misleading,
2404.13293v1_8_F,"Domain walls in GeTe thin films have a rhombohedral structure with different Ge-Te bond lengths on each side, creating a gradual transition between top and bottom layers with parallel electric dipoles.",2024-04-01,,matteroffact,Refuted,"[{""bias"": ""curse of knowledge"", ""confidence"": 0.4239}]",Misleading,
2206.14013v1_3_T,Short-period AlOx-Cu multi-layered nanocomposites exhibit semiconductor-like optical properties despite being composed of a metal and a dielectric material.,2022-06-01,,matteroffact,Supported,"[{""bias"": ""curse of knowledge"", ""confidence"": 0.3267}]",Supported,
2408.07229v1_5_F,The conformational state of TFSI anions has no significant impact on the reduction potentials of polymer electrolyte monomers.,2024-08-01,,matteroffact,Refuted,,Refuted,
2211.16224v1_5_F,"In principal component analysis of solid-state electrolytes, the first three principal components account for approximately one-third of the total variance, with the first component having a dominant ion-mobility character, the second a compositional character, and the third an electronic character.",2022-11-01,,matteroffact,Refuted,"[{""bias"": ""subadditivity effect"", ""confidence"": 0.6853}]",Misleading,
2301.01139v1_4_F,"Elements that are immiscible at ambient pressure remain immiscible under all high-pressure conditions, never forming stable compounds.",2023-01-01,,matteroffact,Refuted,"[{""bias"": ""Omission bias"", ""confidence"": 0.3169}]",Refuted,
2308.04043v3_14_F,"The ground state of V₂O₅ is dominated by the nominal 3d⁰ configuration, with DFT+DMFT calculations showing it contributing over 60% to the ground state, while configurations with d-electron character such as 3d¹L¹ and 3d²L² contribute less than 30% combined.",2023-08-01,,matteroffact,Refuted,,Supported,
2404.02748v1_15_F,"The dependence of critical temperature on lattice parameter in Si₁₋ₓGeₓ:B is unique among superconductors, showing a much weaker relationship than conventional superconductors where carrier density is the dominant factor affecting superconductivity.",2024-04-01,,matteroffact,Refuted,,Supported,
2212.13877v1_0_T,"Including electron-phonon interaction contributions to the total energy establishes cubic Boron Nitride as the stable polymorph at ambient conditions, regardless of which van der Waals dispersion approximation is used.",2022-12-01,,matteroffact,Supported,"[{""bias"": ""Bias blind spot"", ""confidence"": 0.4971}]",Supported,
2304.08110v5_15_F,"AZ symmetry in the total Hermitian Hamiltonian is completely broken in the effective non-Hermitian Hamiltonian, placing all dissipative systems in symmetry class A",2023-04-01,,matteroffact,Refuted,,Misleading,
2309.04053v2_16_T,"Computational modeling of hypersonic materials is hindered by limited experimental data at extreme conditions, the complex multi-scale nature of mass and heat transfer phenomena, and the inaccessibility of existing data in unstructured formats.",2023-09-01,,matteroffact,Supported,,Supported,
2404.07848v1_2_F,Pure ionic liquid exhibits a higher capacitance than aqueous NaCl solution when in contact with graphite electrodes due to its higher ionic concentration.,2024-04-01,,matteroffact,Refuted,"[{""bias"": ""curse of knowledge"", ""confidence"": 0.321}]",Supported,
2404.09806v1_16_T,"During heat treatment of L-PBF Ti-6Al-4V, β phase regions develop a distinctive stepped topography visible in secondary electron micrographs at temperatures of 850°C and above.",2024-04-01,,matteroffact,Supported,"[{""bias"": ""curse of knowledge"", ""confidence"": 0.3532}]",Supported,
2402.08834v1_16_F,"The fracture surface in stacked Li-Si nanoparticles is perfectly flat and uniform, with shear bands penetrating through the cross-section at identical rates regardless of composition.",2024-02-01,,matteroffact,Refuted,,Refuted,
2402.05180v1_5_T,The organic material κ-(ET)2Cu[N(CN)2]Cl (κ-Cl) exhibits altermagnetism that can be explained by the coincident Van Hove singularity mechanism.,2024-02-01,,matteroffact,Supported,"[{""bias"": ""Pro-Innovation Bias"", ""confidence"": 0.5896}]",Supported,
2304.06457v1_1_F,Cu substitution in SmCo₅ thin films promotes the formation of the 2:17 phase and suppresses the 1:5 phase,2023-04-01,,matteroffact,Refuted,,Supported,
2307.06904v3_13_F,Structural and magnetic symmetry breaking alone is sufficient to stabilize the insulating phase in LaVO3/KTaO3 heterostructures without requiring electron-electron correlation effects.,2023-07-01,,matteroffact,Refuted,,Refuted,
2212.06128v1_11_T,The carrier density in Fe₁₋ₓCuₓSe increases significantly in the high-pressure phase above 10 kbar compared to the low-pressure nematic phase.,2022-12-01,,matteroffact,Supported,"[{""bias"": ""Pro-Innovation Bias"", ""confidence"": 0.3005}]",Supported,
2203.04149v2_8_F,The physical model for ultrasonic resonance in lithium-ion batteries predicts resonant frequencies with approximately 15% error compared to experimental measurements across different states of charge.,2022-03-01,,matteroffact,Refuted,"[{""bias"": ""Bias blind spot"", ""confidence"": 0.6212}]",Misleading,
2309.05880v3_2_F,The fully relaxed lattice parameter of RhGe is 5.23 Å with internal parameters of u_Rh = 0.212 and u_Ge = 0.765.,2023-09-01,,matteroffact,Refuted,"[{""bias"": ""Time-saving bias"", ""confidence"": 0.567}]",Refuted,
2304.13927v1_7_F,"The NAREE system consists of a mass spectrometer, X-ray diffractometer, and scanning electron microscope for comprehensive materials characterization.",2023-04-01,,matteroffact,Refuted,"[{""bias"": ""curse of knowledge"", ""confidence"": 0.3717}]",Supported,
2203.07955v1_12_T,"In both Na₃PS₄ and Na₃PSe₄, the peaks of group 3 gradually merge as temperature increases toward the phase transition, while the peaks of groups 1 and 2 show very little change with temperature.",2022-03-01,,matteroffact,Supported,"[{""bias"": ""subadditivity effect"", ""confidence"": 0.4148}]",Misleading,
2303.04621v2_5_F,"In cubic lattices, any slip with squared shear magnitude |av|²=3/2 has a conjugate that is also a slip with the same shear magnitude.",2023-03-01,,matteroffact,Refuted,"[{""bias"": ""Time-saving bias"", ""confidence"": 0.5321}]",Supported,
2308.14223v1_9_T,"The elastic properties of Carbopol+PEO mixtures are primarily determined by the jammed microstructure of Carbopol microgel particles, while the extensional properties are enhanced by the added PEO polymer chains.",2023-08-01,,matteroffact,Supported,,Supported,
2303.01108v1_5_T,"La₀.₅Sr₀.₅Co₁₋ₓNbₓO₃ exhibits a resistivity minimum and metal-insulator transition for x=0.025 and 0.05 samples, while samples with x>0.05 show semiconducting behavior with increasing resistivity as Nb concentration increases.",2023-03-01,,matteroffact,Supported,,Supported,
2304.04986v3_12_F,"DRXNet can effectively predict cycling performance of new disordered rocksalt cathode materials without any material-specific training data, eliminating the need for initial electrochemical testing.",2023-04-01,,matteroffact,Refuted,"[{""bias"": ""Bias blind spot"", ""confidence"": 0.5051}]",Misleading,
2304.04986v3_2_T,The high-entropy disordered rocksalt material Li₁.₂Mn₀.₁Mg₀.₁Cr₀.₃Ti₀.₂Nb₀.₁O₁.₈F₀.₂ is predicted to retain 71% of its low-rate capacity (196 mAh/g out of 276 mAh/g) when discharged at a high current rate of 1000 mA/g.,2023-04-01,,matteroffact,Supported,,Supported,
2308.14223v1_0_F,Adding 1 wt% PEO to Carbopol decreases the extensional strain-to-break by 50-70% compared to pure Carbopol samples.,2023-08-01,,matteroffact,Refuted,,Refuted,
2405.10644v1_15_T,"The tetragonal infinite-layer NdNiO₂ phase has lattice parameters of a = 0.392 nm and c = 0.328 nm, resulting in a lattice mismatch of approximately -0.4% with SrTiO₃ (a = 0.391 nm) and a much larger mismatch of approximately +2.5% with the perovskite NdNiO₃ precursor phase (pseudocubic lattice parameter of 0.381 nm).",2024-05-01,,matteroffact,Supported,"[{""bias"": ""Time-saving bias"", ""confidence"": 0.7879}]",Supported,
2305.11842v2_8_T,"The JARVIS infrastructure integrates multiple computational approaches including electronic structure methods, classical force-fields, machine learning techniques, quantum computation algorithms, and experimental validation.",2023-05-01,,matteroffact,Supported,"[{""bias"": ""curse of knowledge"", ""confidence"": 0.3881}]",Supported,
2403.08679v1_0_F,NaFe₂PO₄(SO₄)₂ crystallizes in a monoclinic structure with the C2/c space group.,2024-03-01,,matteroffact,Refuted,,Supported,
2211.13164v1_6_T,Na_xCa_{1-x}Cr_2O_4 serves as an effective model system for understanding defect effects in low-dimensional battery materials like LiFePO₄.,2022-11-01,,matteroffact,Supported,,Supported,
2205.06324v2_19_T,GNN surrogate models for predicting micromechanical response can be embedded into larger-scale simulations to enable microstructurally-sensitive predictions of material failure in component-scale simulations.,2022-05-01,,matteroffact,Supported,,Supported,
2211.15972v1_13_T,"The spin-polarized states in As-doped CrI3 arise from hybridization among As p-orbital, bonded Cr d-orbital, and I p-orbital",2022-11-01,,matteroffact,Supported,,Supported,
2403.04637v2_17_T,The total recombination of photo-generated carriers in amorphous silicon thin film solar cells is directly proportional to the thickness of the active layer when defect density remains constant,2024-03-01,,matteroffact,Supported,,Misleading,
2202.04242v1_13_T,"In the binary Lennard-Jones model, the transition from phase separation to mixed structures occurs at interatomic interaction energies (εXY) between 1.3 and 2.1, with the Cu₉Au₇-type structure becoming stable at εXY=1.3 and the zigzag2 structure becoming stable at εXY=2.1.",2022-02-01,,matteroffact,Supported,"[{""bias"": ""Time-saving bias"", ""confidence"": 0.6622}]",Supported,
2302.12868v1_9_F,"In porous-solid-porous battery anodes, ultrasonic waves are completely blocked at all frequencies and incident angles due to the complex multilayered structure, preventing any guided wave modes from being excited.",2023-02-01,,matteroffact,Refuted,,Refuted,
2308.03418v1_10_T,TMDC materials with optimized compositions and stacking arrangements can serve as effective transport channels for hydrogen in energy applications such as fuel cells,2023-08-01,,matteroffact,Supported,"[{""bias"": ""Pro-Innovation Bias"", ""confidence"": 0.8647}]",Supported,
2404.03579v2_18_T,"At 20% macroscopic engineering strain in Al-7085 with a modified T7452 temper, approximately 41.5% of the material volume in the gradient microstructure and 40.5% in the homogenized microstructure exhibit extreme plastic strain values.",2024-04-01,,matteroffact,Supported,"[{""bias"": ""subadditivity effect"", ""confidence"": 0.4438}]",Misleading,
2303.11179v1_2_T,"NaAlSi exhibits superconductivity at approximately 7 K, potentially with an unconventional pairing mechanism.",2023-03-01,,matteroffact,Supported,,Supported,
2210.17428v1_13_T,Mono-layer EC-MOFs generally exhibit wider band gaps and a higher proportion of semiconductor behavior compared to their bulk counterparts due to the absence of inter-layer charge transport pathways.,2022-10-01,,matteroffact,Supported,,Supported,
2405.09057v1_2_F,Response Matching requires explicit symmetrization operations to handle rotation and translation invariances in molecular structures.,2024-05-01,,matteroffact,Refuted,"[{""bias"": ""Bias blind spot"", ""confidence"": 0.3071}]",Misleading,
2404.12822v1_11_T,"Increasing temperature from 25°C to 55°C reduces charge transfer resistance at interfaces in NaFe₁.₆V₀.₄(PO₄)(SO₄)₂@CNT cathode, enhancing sodium-ion kinetics, while excessive temperature (55°C) can cause electrolyte degradation and capacity fluctuations.",2024-04-01,,matteroffact,Supported,"[{""bias"": ""Time-saving bias"", ""confidence"": 0.3922}]",Supported,
2308.00800v1_10_F,"In AA2024-T351 aluminum sheets, fatigue crack growth rates are lower in the T-L direction (parallel to grain elongation) because the elongated grain structure creates stronger barriers to crack propagation in this direction, while the L-T direction offers preferential slip systems that facilitate faster crack growth.",2023-08-01,,matteroffact,Refuted,,Supported,
2309.07046v1_8_F,"The energy of the magnetic ground states in α-ATB₄ compounds with T = Cr, Mn, and Fe is approximately 150-200 meV per transition metal atom lower than the non-magnetic state, significantly higher than the magnetic stabilization energy in ferromagnetic nickel (60 meV/Ni).",2023-09-01,,matteroffact,Refuted,,Supported,
2304.13257v3_4_T,"Among three different qubit geometries tested with tantalum-capped niobium, Geometry B yields the highest T1 relaxation times with a median value of 324 microseconds and maximum measurements exceeding 550 microseconds.",2023-04-01,,matteroffact,Supported,,Supported,
2308.00800v1_9_T,"The fatigue degradation function in the phase-field model for AA2024-T351 aluminum is parameterized with α₀=0.001 and ξ=1450, values calibrated using experimental data from a specimen with 0° orientation and R=0.1 load ratio.",2023-08-01,,matteroffact,Supported,,Supported,
2203.04149v2_0_F,"Ultrasonic resonance in lithium-ion batteries forms primarily from reverberations within the electrode and separator layers, with constructive interference occurring when these reverberations align in phase.",2022-03-01,,matteroffact,Refuted,"[{""bias"": ""clustering illusion"", ""confidence"": 0.3374}]",Misleading,
2301.11689v3_15_F,"Rule-based and rule-free extraction methods have redundant strengths, as evidenced by the extensive overlap between BERT-PSIE and ChemDataExtractor databases and the degraded performance when combining them.",2023-01-01,,matteroffact,Refuted,"[{""bias"": ""Pro-Innovation Bias"", ""confidence"": 0.3199}]",Refuted,
2407.10282v1_4_T,The acoustic intensity threshold for cavitation in laser-generated Al6061 melt pools is approximately 10 W/cm² which is significantly lower than the established 100 W/cm² threshold for light metal alloys in casting processes.,2024-07-01,,matteroffact,Supported,,Misleading,
2206.01361v1_6_F,"The mean active pore size in bioconsolidated space bricks decreases during the fracture process for all porosity values, with the highest rate of decrease observed at 10% porosity.",2022-06-01,,matteroffact,Refuted,,Refuted,
2406.09461v1_9_T,The thermodynamic driving force for α→ω phase transformation in zirconium at 4.55 GPa is 18.17 MPa (18.17×10^6 J/m^3 or 254.20 J/mol),2024-06-01,,matteroffact,Supported,"[{""bias"": ""Planning Fallacy"", ""confidence"": 0.3577}]",Refuted,
2305.01101v2_12_F,"All materials recommended by the framework exhibit high thermal conductivity at room temperature, with values above 5 W/mK.",2023-05-01,,matteroffact,Refuted,,Refuted,
2402.08326v2_9_T,Analytical models that incorporate interphase layer effects can accurately predict the effective density of Al/C60 nanocomposites but underestimate the bulk modulus by approximately 40% compared to molecular dynamics simulations.,2024-02-01,,matteroffact,Supported,"[{""bias"": ""Bias blind spot"", ""confidence"": 0.5081}]",Misleading,
2304.06457v1_7_F,"The remanent magnetization of SmCo₅-xCux thin films increases with increasing Cu content, from 0.6 T for the lowest Cu concentration to 0.9 T for the highest Cu concentration",2023-04-01,,matteroffact,Refuted,"[{""bias"": ""Time-saving bias"", ""confidence"": 0.7637}]",Misleading,
2308.07295v3_7_F,"Doping lead apatite with Cu at both Pb(1) and Pb(2) sites simultaneously creates a metallic state with extended bands that cross the Fermi level, eliminating the possibility of non-relativistic spin splitting.",2023-08-01,,matteroffact,Refuted,,Misleading,
2312.10313v1_0_T,"In bulk Nb, a Cooper pair coupling parameter of 5.44 eV produces a self-consistent superconducting gap of 0.497 eV at a thermal broadening of 43 meV.",2023-12-01,,matteroffact,Supported,"[{""bias"": ""Time-saving bias"", ""confidence"": 0.8212}]",Supported,
2210.17428v1_0_T,"The EC-MOF/Phase-I database contains 1,061 bulk and mono-layer structures of electrically conductive metal-organic frameworks.",2022-10-01,,matteroffact,Supported,,Supported,
2308.14223v1_13_T,"Extensible yield-stress fluids like Carbopol+PEO mixtures are beneficial for applications such as direct-ink writing and spray coatings, where a combination of yield stress and extensibility is advantageous.",2023-08-01,,matteroffact,Supported,"[{""bias"": ""curse of knowledge"", ""confidence"": 0.3822}]",Supported,
2304.04986v3_14_F,DRXNet can effectively guide compositional design of disordered rocksalt cathodes by accurately predicting the optimal synthesis temperature and pressure for each composition.,2023-04-01,,matteroffact,Refuted,,Misleading,
2211.15972v1_5_T,Nitrogen substitution at the I1 site in CrI3 has a formation energy range of approximately -0.6 to 0.2 eV across accessible host element chemical potentials,2022-11-01,,matteroffact,Supported,,Supported,
2202.01918v2_16_F,"During the phase transition from crystalline to amorphous GST-225, germanium atoms maintain their 6-fold coordination and octahedral positioning, with only minor distortions in bond angles but no fundamental change in coordination geometry.",2022-02-01,,matteroffact,Refuted,,Refuted,
2204.07318v3_15_F,The Direct Integral Approach is too specialized for aluminum and cannot be applied to study phase behaviors of other condensed-matter materials under extreme conditions.,2022-04-01,,matteroffact,Refuted,"[{""bias"": ""Bias blind spot"", ""confidence"": 0.3517}]",Refuted,
2210.05010v2_13_T,"In irradiated tungsten in the athermal regime, vacancies and vacancy clusters remain effectively immobile between successive cascade impacts, while some interstitial-type defects can migrate driven by fluctuating stress fields.",2022-10-01,,matteroffact,Supported,,Supported,
2306.07746v1_3_T,"Structure search results for the Lu-N-H system are consistent across independent methodologies, with the exception of identifying HLu2 as a stable structure on the convex hull.",2023-06-01,,matteroffact,Supported,,Misleading,
2304.10279v2_10_F,"In isotropic linear-elastic polycrystals with non-cubic crystal lattices, the intergranular normal-stress distribution under purely hydrostatic loading follows a bimodal distribution with two distinct peaks.",2023-04-01,,matteroffact,Refuted,"[{""bias"": ""curse of knowledge"", ""confidence"": 0.3685}]",Misleading,
2401.06090v1_11_T,Li₃InCl₆ has potential applications as a solid electrolyte in lithium-ion batteries due to its two-dimensional Li⁺ diffusion properties.,2024-01-01,,matteroffact,Supported,"[{""bias"": ""Pro-Innovation Bias"", ""confidence"": 0.8822}]",Supported,
2312.09133v1_6_T,Deep learning with ICCD image sequences of plasma plumes can be used for both real-time anomaly detection during PLD synthesis and pre-screening of growth conditions to accelerate materials optimization.,2023-12-01,,matteroffact,Supported,,Supported,
2210.10242v2_1_T,The electronic states of muons in MgH₂ can be attributed to relaxed-excited states associated with donor/acceptor levels predicted by the ambipolarity model.,2022-10-01,,matteroffact,Supported,"[{""bias"": ""curse of knowledge"", ""confidence"": 0.4626}]",Misleading,
2211.05713v2_1_F,"In LGPS, Li+ ion motion becomes more correlated at lower temperatures, with Haven ratios significantly below 1 near room temperature.",2022-11-01,,matteroffact,Refuted,,Supported,
2305.10582v2_12_T,"The HCP crystal of Cu₆Sn₅ has multiple slip systems including basal {0001}<11-20>, prismatic {10-10}<11-20>, pyramidal <a> {10-11}<11-20>, and pyramidal <c+a> {10-11}<11-23> and {10-22}<11-23>",2023-05-01,,matteroffact,Supported,,Supported,
2306.07746v1_9_T,"The 20 lowest energy minima within 50 meV per atom of the ground state for each stoichiometry were selected for high-accuracy recalculation, resulting in 1600 structures for further processing.",2023-06-01,,matteroffact,Supported,"[{""bias"": ""clustering illusion"", ""confidence"": 0.3228}]",Supported,
2310.18245v3_16_F,The reduction in density of states in ultra-thin films of Nb₃Sn compared to bulk is caused by increased electron-electron scattering at the film surfaces.,2023-10-01,,matteroffact,Refuted,,Misleading,
2403.14215v1_0_F,Mn₅(Si_xGe_1-x)₃ thin films undergo a structural phase transition from hexagonal to orthorhombic crystal structure as silicon concentration increases from x=0.5 to x=1 when grown on Ge(111) substrates,2024-03-01,,matteroffact,Refuted,"[{""bias"": ""subadditivity effect"", ""confidence"": 0.4384}]",Supported,
2309.05880v3_4_F,"In RhGe, the chiral charges of the Weyl nodes at the Γ and R points are +2 and -2, respectively.",2023-09-01,,matteroffact,Refuted,"[{""bias"": ""subadditivity effect"", ""confidence"": 0.5378}]",Supported,
2401.06319v2_9_T,"Surface Bain distortion in noble metal nanowires ultimately leads to a reorientation of the fcc structure, where the (110) surface transforms into the (001) surface through lateral compression.",2024-01-01,,matteroffact,Supported,,Supported,
2310.18245v3_2_F,Coulomb interaction reduces the spin Hall conductivity in all A15 compounds by suppressing band anticrossings.,2023-10-01,,matteroffact,Refuted,,Misleading,
2405.03680v2_14_T,AtomGPT uses parameter-efficient fine-tuning techniques like LoRA to reduce computational requirements while maintaining high performance for materials design tasks.,2024-05-01,,matteroffact,Supported,,Misleading,
2408.00042v3_5_F,TaP in space group 141 (I4₁/amd) exhibits symmetry-enforced Z₂ topology with helical surface states appearing in every bulk gap when a slab geometry with termination in the z direction is created.,2024-08-01,,matteroffact,Refuted,,Supported,
2310.14013v1_5_T,The total Dirichlet energy and the exponential distribution parameter λ of the local squared spatial gradient of surface height both decrease with increasing Bond number.,2023-10-01,,matteroffact,Supported,,Misleading,
2406.08682v2_4_T,"Crystal plasticity finite element simulations require over 100 CPU hours to calculate fatigue indicator parameters for a microstructure volume element with approximately 7,500 grains",2024-06-01,,matteroffact,Supported,,Misleading,
2404.12191v1_11_T,"TMM-Sim calculates the external quantum efficiency (EQE) and photocurrent using the equation EQE(%) = 1240 × (J_Photo)/(λ × S_0), where J_Photo is the photocurrent in mA/cm² and S_0 is the irradiance.",2024-04-01,,matteroffact,Supported,,Misleading,
2204.05252v1_5_F,"When all four dominant distortion modes in rhombohedral HfO₂ are coupled, they provide an energy gain of 50 meV/f.u. below the high symmetry phase, with the full relaxation adding 100 meV/f.u. more.",2022-04-01,,matteroffact,Refuted,"[{""bias"": ""Time-saving bias"", ""confidence"": 0.7873}]",Supported,
2311.11341v1_12_T,The distinct differences in electrical resistivity and thermoelectric power between NbGe₂ and NbSi₂ arise from the van Hove-type singularity in the density of states of NbGe₂.,2023-11-01,,matteroffact,Supported,"[{""bias"": ""Distinction bias"", ""confidence"": 0.471}]",Supported,
2311.12681v2_1_F,The TLS contribution to microwave loss in a-SiC:H parallel plate capacitors decreases significantly as the capacitor plate area increases.,2023-11-01,,matteroffact,Refuted,,Misleading,
2310.18245v3_10_T,"In Ta₃As and Ta₃Bi compounds, the Dirac surface states are obscured by hybridization with the 6s band, making them difficult to detect experimentally.",2023-10-01,,matteroffact,Supported,,Supported,
2206.01072v1_10_F,"In 7-atom Fe chains with hcp stacking on Rh(111) surface, the metastable state with polar vector symmetry is 5.7 meV lower in energy than the ground state with axial vector symmetry.",2022-06-01,,matteroffact,Refuted,"[{""bias"": ""Time-saving bias"", ""confidence"": 0.854}]",Refuted,
2306.04157v1_12_T,Undoped LaNiO3 crystallizes in a rhombohedral structure with space group R-3c and lattice parameters a = 5.45408 Å and c = 13.1255 Å.,2023-06-01,,matteroffact,Supported,,Supported,
2311.15472v1_1_T,"Titanium atoms in γ-TiAl undergo a step-wise bond breaking process during field evaporation, with out-of-plane Ti-Al bonds breaking before in-plane Ti-Ti bonds.",2023-11-01,,matteroffact,Supported,"[{""bias"": ""clustering illusion"", ""confidence"": 0.348}]",Supported,
2304.04986v3_16_T,The inclusion of both first-cycle and Nth-cycle capacity terms in DRXNet's loss function enhances model expressibility and prevents underfitting compared to using only Nth-cycle capacity terms.,2023-04-01,,matteroffact,Supported,"[{""bias"": ""Whole only effect"", ""confidence"": 0.391}, {""bias"": ""Bias blind spot"", ""confidence"": 0.3579}]",Supported,
2304.03740v1_1_F,"Laser rapid solidification produces Al-Si eutectic structures with Si fibers having an average radius of 500 nm and spacing of 2 μm, which is comparable to impurity-modified structures.",2023-04-01,,matteroffact,Refuted,,Misleading,
2304.05231v1_5_T,"The three independent velocity measurement methods employed in the projectile impact framework (IR sensors with microcontroller, oscilloscope measurements, and high-speed camera imaging) provide consistent projectile velocity measurements with variations of less than 1% between methods.",2023-04-01,,matteroffact,Supported,,Supported,
2306.03096v2_0_T,"During lithium de-intercalation from LiCoO₂ to CoO₂, the material transitions from a positive charge transfer regime to a negative charge transfer regime, with electrons being withdrawn from t₂g states while electron density flows back from oxygen 2p to the eg states.",2023-06-01,,matteroffact,Supported,"[{""bias"": ""Outcome bias"", ""confidence"": 0.356}]",Supported,
2310.18245v3_6_T,Nb₃Sn has the strongest electron-phonon coupling among the studied A15 compounds with a coupling coefficient of 2.03.,2023-10-01,,matteroffact,Supported,,Supported,
2405.17947v1_6_T,"NbS₂-based anodes exhibit a systematic capacity decay of approximately 10% per cycle after the first discharge, with the capacity approaching the theoretical value for pristine material after multiple cycles.",2024-05-01,,matteroffact,Supported,,Refuted,
2212.13877v1_9_F,The electron-phonon interaction correction to the total energy in Boron Nitride polymorphs shows chaotic behavior with no convergence as q-point grid density increases in the Brillouin Zone.,2022-12-01,,matteroffact,Refuted,"[{""bias"": ""Bias blind spot"", ""confidence"": 0.5019}]",Refuted,
2406.13900v1_6_F,"At the enhanced spin-orbit coupling value of 250 meV in Sr₂RuO₄ surface state, the orbital mixing ratio remains below 30% around most of the Fermi pocket, preserving strong orbital selectivity similar to the DFT-predicted SOC value of 100 meV.",2024-06-01,,matteroffact,Refuted,"[{""bias"": ""Pseudocertainty effect"", ""confidence"": 0.3316}]",Supported,
2408.00042v3_15_F,"The band structures and topological properties of material candidates were computed using the VASP software package, with a slab geometry of 20 unit cells for TaP to demonstrate the presence of helical surface states in every bulk gap.",2024-08-01,,matteroffact,Refuted,"[{""bias"": ""clustering illusion"", ""confidence"": 0.7476}]",Supported,
2309.17090v2_3_F,"The presence of carbon impurities at 100 appm concentration dramatically alters the nanograin formation process in iron under high shear strain, preventing the disordered state transition.",2023-09-01,,matteroffact,Refuted,,Misleading,
2408.08791v2_7_T,"The Dissipative Split-Charge Equilibration model predicts a damping coefficient of approximately 4.11 GHz for a lithium ion moving past a polarizable medium, corresponding to a slip time of 0.243 nanoseconds.",2024-08-01,,matteroffact,Supported,"[{""bias"": ""Time-saving bias"", ""confidence"": 0.4734}]",Supported,
2210.05010v2_7_F,"For vacancy migration in tungsten with an activation energy of 1.52 eV, the thermal factor is greater than 10 at room temperature under ion irradiation dose rates of approximately 1 dpa/hour.",2022-10-01,,matteroffact,Refuted,"[{""bias"": ""Planning Fallacy"", ""confidence"": 0.4294}]",Refuted,
2404.07848v1_3_T,"In ionic liquid electrolytes, ions form a well-organized adsorbed layer on graphite electrodes with imidazolium rings lying flat on the surface at zero applied potential.",2024-04-01,,matteroffact,Supported,"[{""bias"": ""clustering illusion"", ""confidence"": 0.4778}]",Misleading,
2406.13070v1_7_T,The as-received β-NiAl coating on R125 Ni-based superalloy consists of an outer layer with a thickness of 58 ± 10 µm and an interdiffusion zone with a thickness of 54 ± 3 µm.,2024-06-01,,matteroffact,Supported,,Supported,
2408.15601v1_6_F,The fraction of grain boundary atoms is calculated by counting the number of atoms within a fixed distance from the geometric boundary plane and dividing by the total number of atoms in the system.,2024-08-01,,matteroffact,Refuted,"[{""bias"": ""clustering illusion"", ""confidence"": 0.5126}]",Misleading,
2404.03579v2_7_F,Microstructures with intragranular orientation gradients in Al-7085 with a modified T7452 temper are likely to have lower fatigue life compared to microstructures with homogenized grain orientations due to higher stress concentrations.,2024-04-01,,matteroffact,Refuted,"[{""bias"": ""Bias blind spot"", ""confidence"": 0.3848}]",Supported,
2302.14072v1_15_F,"In Ta-dichalcogenide bilayers with interlayer distances greater than 6.0 Å, the partially filled flat bands in the 1T layer remain spin-degenerate, with both spin channels equally occupied.",2023-02-01,,matteroffact,Refuted,,Misleading,
2304.02909v1_9_F,"Inversion domain boundaries in partially switched Al0.74Sc0.26N films are exclusively vertical, aligning with the c-axis to minimize polarization discontinuities.",2023-04-01,,matteroffact,Refuted,"[{""bias"": ""Risk Compensation"", ""confidence"": 0.3009}]",Misleading,
2406.13900v1_4_F,"The hybridization gap in the Sr₂RuO₄ surface state remains constant at 10 meV up to temperatures of 150K, with the gap closing coinciding with a reduction in the octahedral rotation angle.",2024-06-01,,matteroffact,Refuted,"[{""bias"": ""Outcome bias"", ""confidence"": 0.3145}]",Misleading,
2406.07144v1_3_T,Electron Cyclotron Resonance Ion Beam Deposition produces Diamond-Like Carbon coatings with higher sp³ content than other conventional sputtering techniques without requiring substrate bias voltage.,2024-06-01,,matteroffact,Supported,"[{""bias"": ""Pro-Innovation Bias"", ""confidence"": 0.3696}]",Supported,
2203.10204v2_2_T,Changes in sensitivity scores of predicting process parameters from microstructures can identify transitions between different microstructural pattern regimes,2022-03-01,,matteroffact,Supported,"[{""bias"": ""clustering illusion"", ""confidence"": 0.325}]",Supported,
2304.07326v2_11_F,"Pure LuH2 undergoes a structural phase transition at 250 kbar from the cubic Fm3̄m space group to a phase with R3̄m space group, accompanied by a color change to bright red.",2023-04-01,,matteroffact,Refuted,"[{""bias"": ""Outcome bias"", ""confidence"": 0.4478}]",Supported,
2303.02540v1_13_F,"Si-O tetrahedra are the primary contributors to thermal expansion in rare-earth disilicate materials, with rare-earth metal-oxygen bonding having minimal influence on expansion behavior.",2023-03-01,,matteroffact,Refuted,,Misleading,
2308.14223v1_4_T,"For a given Carbopol concentration, the ultimate tensile stress in extension increases when 1 wt% PEO is added to the Carbopol suspension.",2023-08-01,,matteroffact,Supported,"[{""bias"": ""Planning Fallacy"", ""confidence"": 0.3463}]",Misleading,
2307.12651v1_8_F,The structural domain engineering demonstrated in SrRuO₃ thin films through coupling to ferroelastic domains in adjacent PbTiO₃ layers has no implications for magnetic properties because structural and magnetic domains in SrRuO₃ are completely independent of each other.,2023-07-01,,matteroffact,Refuted,"[{""bias"": ""Bias blind spot"", ""confidence"": 0.7261}]",Refuted,
2207.11317v1_4_F,The strain aging kinetics of ultra-low carbon steel can be modeled using the Louat-Cottrell-Bilby equation with a maximum yield strength increase of 75 MPa and an activation energy of 65 kJ/mol for carbon diffusion in α-Fe.,2022-07-01,,matteroffact,Refuted,,Supported,
2304.10279v2_7_F,"In polycrystalline materials with non-cubic crystal lattice symmetry, hydrostatic loading has no effect on the shape of intergranular normal-stress distributions.",2023-04-01,,matteroffact,Refuted,,Refuted,
2310.03080v2_5_T,The polarization-dependent even harmonic response in monolayer NbSe2 could be exploited for femtosecond optical switching in opto-electronic devices.,2023-10-01,,matteroffact,Supported,"[{""bias"": ""Pro-Innovation Bias"", ""confidence"": 0.6098}]",Supported,
2211.06285v2_7_F,"The main plasmon resonances in V₂O₅ at 11 eV and 23 eV show significant instability under structural distortions, with energy shifts exceeding 2 eV and major intensity reductions comparable to the changes observed in optical absorption spectra.",2022-11-01,,matteroffact,Refuted,"[{""bias"": ""Outcome bias"", ""confidence"": 0.3864}]",Misleading,
2401.06319v2_11_F,"In Ag nanowires, the 4d bands contribute to the electron density of states in the energy range from -1.5 to -4.0 eV below the Fermi level when c/c₀=1.0.",2024-01-01,,matteroffact,Refuted,"[{""bias"": ""subadditivity effect"", ""confidence"": 0.3292}, {""bias"": ""Time-saving bias"", ""confidence"": 0.312}]",Supported,
2307.00878v1_6_F,"At 0K, the ground state of α-Li₃PS₄ is 1.0 meV/atom (8 meV/f.u.) lower in energy than β-Li₃PS₄, and 2.5 meV/atom (20 meV/f.u.) lower than γ-Li₃PS₄.",2023-07-01,,matteroffact,Refuted,"[{""bias"": ""Time-saving bias"", ""confidence"": 0.7172}]",Supported,
2407.20263v1_15_T,"Na-Zn cells have a relatively high open-circuit voltage of 1.8V, which arises from the large difference between the decomposition potentials of NaCl and ZnCl₂.",2024-07-01,,matteroffact,Supported,,Supported,
2406.09663v1_5_T,"Incomplete transformation in non-isothermally treated bainite steels leads to the introduction of secondary phases including martensite-austenite islands, with the nature of these phases dictated by alloying elements.",2024-06-01,,matteroffact,Supported,"[{""bias"": ""Bias blind spot"", ""confidence"": 0.3846}]",Supported,
2205.05754v1_13_F,"The friction stress in Mg polycrystals is independent of grain size and scales linearly with plastic strain, following τf ∝ μbεᵖ",2022-05-01,,matteroffact,Refuted,,Misleading,
2311.08257v1_9_T,"The inverse spin Hall effect converts spin currents into charge currents, providing a method for electrical detection of magnon spin currents in spintronic devices.",2023-11-01,,matteroffact,Supported,"[{""bias"": ""curse of knowledge"", ""confidence"": 0.4287}]",Supported,
2307.02870v1_1_T,Smaller secondary particles in hierarchically structured electrodes improve rate capability by shortening electronic transport paths within the particles,2023-07-01,,matteroffact,Supported,"[{""bias"": ""curse of knowledge"", ""confidence"": 0.3617}]",Supported,
2306.10385v2_4_T,"During intercalation in graphite, AlF₃ molecules receive up to 2.63 electrons from the graphite, creating transverse dipoles between the molecules and the graphite layers.",2023-06-01,,matteroffact,Supported,"[{""bias"": ""curse of knowledge"", ""confidence"": 0.385}]",Supported,
2303.11178v1_6_T,The Sn-terminated surface states in SnTaS₂ originate from a strong surface electric field created by a perfect Sn-terminated cleaving surface.,2023-03-01,,matteroffact,Supported,,Misleading,
2303.11179v1_16_F,"When spin-orbital coupling is considered in NaAlSi, a large gap on the order of approximately 100 meV opens uniformly across all directions in the Brillouin zone.",2023-03-01,,matteroffact,Refuted,,Refuted,
2311.15472v1_1_F,"Titanium atoms in γ-TiAl undergo a simultaneous bond breaking process during field evaporation, with all bonds breaking at the same electrostatic force threshold.",2023-11-01,,matteroffact,Refuted,,Refuted,
2204.04525v1_11_T,Stabilizing a fast ion-conducting surface phase on LiFePO4 particles increases its power rate by two orders of magnitude.,2022-04-01,,matteroffact,Supported,"[{""bias"": ""Pro-Innovation Bias"", ""confidence"": 0.5749}]",Supported,
2403.07526v2_16_T,"The accuracy of Physics-Transfer learning is constrained by the fidelity of digital libraries, with MLFFs offering more accurate physics than EAM or MEAM despite their higher computational cost and incomplete database coverage for all metal alloys.",2024-03-01,,matteroffact,Supported,"[{""bias"": ""Bias blind spot"", ""confidence"": 0.7672}]",Misleading,
2403.11080v2_16_T,Higher thermal gradients in rapidly solidified Fe-Cr alloys lead to more non-uniform solidification fronts due to enhanced competitive advantage of favorably oriented grains,2024-03-01,,matteroffact,Supported,"[{""bias"": ""Pro-Innovation Bias"", ""confidence"": 0.3225}]",Supported,
2203.08413v3_1_F,Majorana zero modes in superconductor-magnetic insulator nanowire hybrid systems become less localized at the ends of the nanowire as the nanowire length increases.,2022-03-01,,matteroffact,Refuted,"[{""bias"": ""curse of knowledge"", ""confidence"": 0.5515}]",Supported,
2304.13336v2_5_T,The massive zinc segregation resulting from the segregation transition significantly reduces both compositional and energetic barriers for the formation of liquid phase at iron grain boundaries.,2023-04-01,,matteroffact,Supported,,Supported,
2404.19084v2_15_T,"The combination of reduced surface roughness, moderate case-hardening, and preserved bulk crystallographic texture achieved through centrifugal disk finishing of additively manufactured Inconel 718 can enhance fatigue performance by reducing stress concentrations while maintaining beneficial microstructural properties.",2024-04-01,,matteroffact,Supported,,Supported,
2311.15791v1_1_F,The mosaic phase in 1T-TaS₁.₂Se₀.₈ exhibits a complete optical gap of approximately 200 meV at the lowest temperatures.,2023-11-01,,matteroffact,Refuted,,Misleading,
2306.10385v2_13_F,"The deposition rate of AlF₃ molecules on graphite was maintained at a constant 5×10⁻⁹ monolayers per second, with total coverage limited to a maximum of 1.0 monolayer in all experiments.",2023-06-01,,matteroffact,Refuted,"[{""bias"": ""subadditivity effect"", ""confidence"": 0.4909}]",Supported,
2305.11961v1_15_T,"The 4D Camera system is directly connected to the National Energy Research Computing Center (NERSC) by 100 Gbit fiber, providing extra computational and storage capabilities for large datasets",2023-05-01,,matteroffact,Supported,"[{""bias"": ""curse of knowledge"", ""confidence"": 0.3664}]",Misleading,
2407.10282v1_10_T,Ultrasonic treatment during laser melting of Al6061 increases hot spatter ejection from the melt pool due to the molten metal droplets pinching off at peak vibration amplitudes.,2024-07-01,,matteroffact,Supported,,Supported,
2209.05554v2_13_T,"The ALIGNN-FF model is trained on a subset of the JARVIS-DFT dataset containing 307,113 energy-force data points from a variety of atomic structures and chemical compositions",2022-09-01,,matteroffact,Supported,"[{""bias"": ""clustering illusion"", ""confidence"": 0.8286}]",Supported,
2404.05398v1_5_F,The longitudinal speed of sound in HfN thin films is 11.1 nm/ps.,2024-04-01,,matteroffact,Refuted,"[{""bias"": ""Time-saving bias"", ""confidence"": 0.374}]",Refuted,
2408.09541v3_1_F,Three-dimensional nodal Dirac superconductors respecting Type-II Shubnikov space group P6/mmm1' can host higher-order Majorana-arc (HOMA) states along the high-symmetry line DT.,2024-08-01,,matteroffact,Refuted,,Supported,
2408.08791v2_1_T,An all-atom representation of a resistor-capacitor circuit simulated using the Dissipative Split-Charge Equilibration model successfully reproduces the expected charging process and Nyquist noise.,2024-08-01,,matteroffact,Supported,"[{""bias"": ""Bias blind spot"", ""confidence"": 0.552}]",Supported,
2403.18441v1_9_T,"The analytical model for residual stress prediction demonstrates adaptability for different tool-work-process combinations with limited data availability, making it suitable for industrial applications where experimental data may be scarce.",2024-03-01,,matteroffact,Supported,"[{""bias"": ""Bias blind spot"", ""confidence"": 0.4587}]",Supported,
2407.21337v1_7_F,Crystal structure prediction methods that restrict atoms to designated Wyckoff positions can identify all possible crystal structures regardless of Wyckoff position transitions.,2024-07-01,,matteroffact,Refuted,"[{""bias"": ""clustering illusion"", ""confidence"": 0.4692}, {""bias"": ""Bias blind spot"", ""confidence"": 0.3696}]",Refuted,
2208.07823v1_3_F,"Slow cooling Na3YCl6 from 500°C to room temperature over 48 hours results in the formation of a single P21/n phase, while quenching or ball milling produces a mixture of R-3 and P21/n phases.",2022-08-01,,matteroffact,Refuted,,Supported,
2307.00878v1_5_F,"First-principles calculations predict the γ-β transition in Li₃PS₄ to occur at 570K and the β-α transition at 740K, matching the experimentally observed transition temperatures.",2023-07-01,,matteroffact,Refuted,,Misleading,
2308.05532v1_10_T,Standard laser flash apparatus (LFA) techniques for measuring thermal diffusivity are limited when applied to heterogeneous materials like metal matrix syntactic foams due to sample size constraints and inability to capture multiple time scale effects.,2023-08-01,,matteroffact,Supported,"[{""bias"": ""Bias blind spot"", ""confidence"": 0.6069}]",Supported,
2406.07144v1_10_F,The formation of high sp³ content in Diamond-Like Carbon coatings occurs primarily through surface adsorption mechanisms where incoming carbon atoms with minimal kinetic energy bond to the surface without penetration.,2024-06-01,,matteroffact,Refuted,,Misleading,
2401.04713v1_14_F,"The rare earth element R in RMn₆Sn₆ compounds has minimal effect on the magnetic properties, with all rare earth elements producing similar ferromagnetic coupling of Mn spins.",2024-01-01,,matteroffact,Refuted,,Refuted,
2311.07943v2_16_T,"Polycrystalline CaFeAsF samples exhibit more pronounced annealing effects than single-crystalline samples due to their structural characteristics, resulting in higher superconducting volume fractions.",2023-11-01,,matteroffact,Supported,,Supported,
2212.06503v1_15_F,"In ferroelectric photovoltaic devices based on the bulk photovoltaic effect, a higher fill factor is always favorable for power extraction, as it indicates more efficient carrier collection and reduced recombination losses.",2022-12-01,,matteroffact,Refuted,,Supported,
2303.11178v1_15_F,The ARPES measurements on SnTaS₂ were performed at room temperature (300 K) with an energy resolution of approximately 50 meV and an angular resolution of approximately 1.0 degree.,2023-03-01,,matteroffact,Refuted,,Misleading,
2306.07746v1_12_T,"Despite large energy differences between pseudopotential and all-electron calculations, the pseudopotential calculations correctly predicted the ground state structures of Lu-N-H compounds.",2023-06-01,,matteroffact,Supported,,Supported,
2203.11013v1_5_F,"Titanium, vanadium, chromium, and zinc exhibit simple, single-phase oxidation behavior during electrochemical oxidation due to having only one oxide with a significant maximum driving force",2022-03-01,,matteroffact,Refuted,,Refuted,
2408.01267v4_2_T,"The bond length distortion index (BLDI) for NiO₆ octahedra in NaNiO₂ decreases from 0.0575 at 450K to 0.0458 at 500K, indicating the disappearance of local Jahn-Teller distortions.",2024-08-01,,matteroffact,Supported,"[{""bias"": ""Time-saving bias"", ""confidence"": 0.5536}]",Refuted,
2408.06641v2_5_F,"The elastic constants of undoped Cr3Si calculated using VASP-PBE are C11 = 490.2 GPa, C12 = 127.9 GPa, and C44 = 145.6 GPa.",2024-08-01,,matteroffact,Refuted,"[{""bias"": ""subadditivity effect"", ""confidence"": 0.3649}, {""bias"": ""Time-saving bias"", ""confidence"": 0.3258}]",Supported,
2303.10621v4_16_F,The frequency matrix in mode-coupling theory must be computed using perturbation theory from the harmonic force constants and cannot be directly obtained from molecular dynamics simulations.,2023-03-01,,matteroffact,Refuted,"[{""bias"": ""Bias blind spot"", ""confidence"": 0.6229}]",Misleading,
2311.07943v2_14_T,"Superconductivity in air-annealed CaFeAsF persists after subsequent vacuum annealing, with similar transition temperature and diamagnetic signal strength.",2023-11-01,,matteroffact,Supported,"[{""bias"": ""Pro-Innovation Bias"", ""confidence"": 0.3294}]",Supported,
2303.00742v2_1_T,"The normal state of SC1 in Bernal bilayer graphene with spin-orbit coupling is consistent with the single-particle band structure, while SC2 emerges from a nematic normal state with broken rotational symmetry.",2023-03-01,,matteroffact,Supported,,Supported,
2404.00214v1_7_F,"The ferromagnetic transition temperature in tensile-strained Sr3Ru2O7 films increases linearly with increasing strain, reaching 56 K at 0.8% in-plane tensile strain",2024-04-01,,matteroffact,Refuted,,Misleading,
2303.02540v1_2_T,"The coefficient of thermal expansion (CTE) of rare-earth disilicates increases with increasing rare-earth cation radius, following the equation CTE = -13.3 + 21.85r_i with a relative RMS deviation of 0.068.",2023-03-01,,matteroffact,Supported,,Supported,
2311.14529v1_16_T,"Chromium plays an active role in the precipitation kinetics of additively manufactured Al-Mn-Cr-Zr alloys, forming distinct Cr-rich precipitates adjacent to Mn-rich precipitates at grain boundaries.",2023-11-01,,matteroffact,Supported,,Supported,
2305.05612v2_6_F,The interaction energy coefficient between defects bounding I₁ stacking faults in {10-12} twins in magnesium is approximately 0.2 eV/Å.,2023-05-01,,matteroffact,Refuted,,Refuted,
2407.11580v1_7_F,The DSC measurements and corresponding simulations for LPBF AlSi10Mg were conducted with a heating rate of 5 K/min.,2024-07-01,,matteroffact,Refuted,,Misleading,
2306.03096v2_9_F,"The Co 2p XPS spectra of LiCoO₂ show a main line and satellite peak structure, while CoO₂ exhibits a new distinct satellite peak at higher binding energy due to the dominant d⁵ electronic configuration.",2023-06-01,,matteroffact,Refuted,"[{""bias"": ""Bias blind spot"", ""confidence"": 0.5394}]",Misleading,
2311.15472v1_6_T,"During field evaporation of [001]-oriented γ-TiAl, aluminum planes constitute the top layer of the surface, while titanium planes evaporate more readily, creating a characteristic bilayer surface morphology.",2023-11-01,,matteroffact,Supported,,Supported,
2312.14311v2_7_F,The average intersection over union (IoU) accuracy of segmentation models increases from 86% on WSe2 image patches to 92% when applied to full AFM micrographs.,2023-12-01,,matteroffact,Refuted,,Misleading,
2303.07504v1_11_F,"Nb-rich Fe-Nb alloys with 35 at.% Nb show a similar density of planar defects compared to stoichiometric alloys with 33 at.% Nb, with both compositions primarily containing isolated dislocations.",2023-03-01,,matteroffact,Refuted,"[{""bias"": ""Distinction bias"", ""confidence"": 0.5132}]",Misleading,
2308.01135v4_9_T,Lead apatite (Pb10(PO4)6O) has a calculated band gap of approximately 3.8 eV when using the HSE06 hybrid exchange-correlation functional.,2023-08-01,,matteroffact,Supported,,Supported,
2404.00214v1_10_T,"High-quality Sr3Ru2O7 films grown by molecular beam epitaxy contain limited intergrowth of other Ruddlesden-Popper phases, primarily as isolated single unit layers of Sr4Ru3O10 or Sr2RuO4",2024-04-01,,matteroffact,Supported,"[{""bias"": ""Bias blind spot"", ""confidence"": 0.3498}]",Supported,
2307.00878v1_11_T,Superionic Li₃PS₄ polymorphs (α and β) exhibit distinctly greater density of low-frequency sulfur vibrational modes and more equal contributions of Li and S modes at 5-8 THz compared to the poorly conducting γ polymorph.,2023-07-01,,matteroffact,Supported,"[{""bias"": ""subadditivity effect"", ""confidence"": 0.321}]",Supported,
2405.17947v1_9_T,"The experimental voltage profile of NbS₂ anodes shows multiple distinct stages, with particularly prominent transitions at 1.69V and 0.14V corresponding to the formation of LiNbS₂ and Li₂NbS₂ phases.",2024-05-01,,matteroffact,Supported,"[{""bias"": ""subadditivity effect"", ""confidence"": 0.6819}]",Supported,
2304.06457v1_7_T,"The remanent magnetization of SmCo₅-xCux thin films decreases with increasing Cu content, from 0.6 T for the lowest Cu concentration to lower values for higher Cu concentrations",2023-04-01,,matteroffact,Supported,"[{""bias"": ""Time-saving bias"", ""confidence"": 0.4065}]",Supported,
2404.09806v1_3_F,Heat treatment of L-PBF Ti-6Al-4V below the β-transus temperature causes significant recrystallization and restructuring of the prior-β grain boundaries.,2024-04-01,,matteroffact,Refuted,,Misleading,
2308.07295v3_15_T,Cu-doped lead apatite remains transparent with a purple color due to the localized Cu²⁺ states acting as color centers within the wide bandgap of the host material.,2023-08-01,,matteroffact,Supported,,Supported,
2301.00535v1_4_T,"The r²SCAN functional typically calculates smaller band gaps than SCAN for transition metal oxides, with r²SCAN+U and SCAN+U both underestimating experimental band gaps in wide gap materials.",2023-01-01,,matteroffact,Supported,"[{""bias"": ""Bias blind spot"", ""confidence"": 0.8077}]",Supported,
2302.14072v1_14_T,The screening mechanism in Ta-dichalcogenide bilayers is fundamentally different from conventional heavy fermion systems because the screening occurs primarily through hole doping rather than through the Kondo effect.,2023-02-01,,matteroffact,Supported,,Supported,
2304.13927v1_10_F,"In the NAREE system, 32 parallel electrochemical experiments can be performed in 30 minutes, and the fully automated experiment for electrolyte exploration was continuously conducted for 24 hours without human intervention.",2023-04-01,,matteroffact,Refuted,,Supported,
2303.02441v2_10_T,The ρ-CP framework accurately predicts the temperature-dependent yield stress of tantalum across a temperature range from 22 K to 791 K.,2023-03-01,,matteroffact,Supported,"[{""bias"": ""clustering illusion"", ""confidence"": 0.4065}]",Supported,
2304.10279v2_0_F,The m-th central moment of intergranular normal-stress distribution in isotropic linear-elastic polycrystalline materials with cubic crystal lattice symmetry can be expressed as a function of all three principal stresses independently.,2023-04-01,,matteroffact,Refuted,,Supported,
2306.12034v1_11_F,Increasing the evaporation rate of bismuth during co-evaporation inhibits the formation of NiBi₃ compound and decreases the surface roughness of the resulting films.,2023-06-01,,matteroffact,Refuted,,Supported,
2303.09576v1_2_T,"Different types of planar defects form in the C36 Laves phase depending on the presence of Mg-rich precipitates, with Mg-rich hcp-like planar defects forming in samples with precipitates and stoichiometric basal stacking faults forming in samples without precipitates",2023-03-01,,matteroffact,Supported,,Supported,
2405.02186v1_0_F,Only n-type interfaces can form in superconducting infinite-layer nickelate thin films grown on SrTiO₃ substrates.,2024-05-01,,matteroffact,Refuted,,Refuted,
2206.01063v2_0_F,The mean-field resonating valence bond model describes gapped charge pair excitations throughout the entire spinon Brillouin zone,2022-06-01,,matteroffact,Refuted,"[{""bias"": ""clustering illusion"", ""confidence"": 0.3352}]",Misleading,
2401.11967v1_8_F,Support Vector Regression can predict alpha-p volume fraction from VAE fingerprints with an average percentage error of 10% ± 2 for lamellar microstructures and 15% ± 2 for bimodal microstructures.,2024-01-01,,matteroffact,Refuted,"[{""bias"": ""subadditivity effect"", ""confidence"": 0.3737}]",Supported,
2405.18150v1_14_T,"The combination of resilient surface properties and strong correlated electronic states makes titanium nitride an ideal material for applications in superconducting qubits, topological qubits, and superconducting spintronics.",2024-05-01,,matteroffact,Supported,,Supported,
2311.01879v1_13_F,Fe15Cr9Al ODS steel exhibits an irradiation hardening of 2.00±0.30 GPa after Fe ion irradiation to 3 dpa at 300°C.,2023-11-01,,matteroffact,Refuted,,Supported,
2405.19082v1_7_T,"Traditional multiscale methods that assume scale separation between microstructure and deformation gradients fail to be predictive when these scales interact, such as when geometry and loading produce deformation gradients comparable to microstructural features.",2024-05-01,,matteroffact,Supported,"[{""bias"": ""Bias blind spot"", ""confidence"": 0.7941}]",Supported,
2211.14626v2_10_F,"Nb/Ru/Sr₂RuO₄ junctions show zero resistance only below 1.4 K, coinciding with the bulk superconducting transition temperature of Sr₂RuO₄.",2022-11-01,,matteroffact,Refuted,"[{""bias"": ""subadditivity effect"", ""confidence"": 0.3971}]",Supported,
2308.04594v2_6_F,Full cerium substitution in strontium hexaferrite decreases the anisotropy field (Ha) from 14.58 kOe to 7.29 kOe and the magnetic hardness parameter (κ) from 1.13 to 0.56.,2023-08-01,,matteroffact,Refuted,"[{""bias"": ""Time-saving bias"", ""confidence"": 0.9008}]",Supported,
2209.12462v1_3_F,The critical resolved shear stress of FeNiCoCr increases from 25 MPa at 77K to 77 MPa at room temperature due to temperature-dependent changes in material parameters including elastic constants and misfit volumes.,2022-09-01,,matteroffact,Refuted,"[{""bias"": ""Time-saving bias"", ""confidence"": 0.4401}]",Supported,
2308.16621v1_14_T,"Interactions between process parameters significantly affect quality variables in metal additive manufacturing, with hatch spacing showing stronger effects through interactions than through its individual influence",2023-08-01,,matteroffact,Supported,"[{""bias"": ""Bias blind spot"", ""confidence"": 0.539}]",Supported,
2406.12136v1_13_T,"A significant challenge in 2D magnet development is achieving stable magnetic properties at the nanoscale, as factors like layer thickness, defects, and strain significantly impact magnetic anisotropy and coercivity, requiring precise control during fabrication.",2024-06-01,,matteroffact,Supported,,Supported,
2312.05174v1_13_F,"Nanotexturing metal powders requires adding chemical dopants to the powder surface, similar to other approaches that use additives to improve printability",2023-12-01,,matteroffact,Refuted,"[{""bias"": ""curse of knowledge"", ""confidence"": 0.4477}]",Misleading,
2402.05180v1_4_T,"Coincident Van Hove singularities can lead to multiple competing instabilities including altermagnetism, nematicity, inter-band d-wave superconductivity, and orbital altermagnetic order.",2024-02-01,,matteroffact,Supported,"[{""bias"": ""Pro-Innovation Bias"", ""confidence"": 0.7041}]",Supported,
2303.09576v1_9_T,The formation energy of hcp-like planar defects in the C36 Laves phase at a chemical potential of ΔμAl = -0.026 eV is 3.9 meV/Å² (equivalent to 63 mJ/m²),2023-03-01,,matteroffact,Supported,,Supported,
2405.18939v1_15_F,"The Raman spectra of (LaSe)₁.₁₄(NbSe₂)₂ show no polarization dependence, with all modes appearing with equal intensity in both crossed and parallel polarization configurations.",2024-05-01,,matteroffact,Refuted,,Refuted,
2208.03296v2_11_T,"The hybrid DDD-GNN approach, which replaces only the time-integration stage with a GNN model while retaining traditional DDD methods for other simulation aspects, contributes to the stability of long-term simulations.",2022-08-01,,matteroffact,Supported,"[{""bias"": ""Whole only effect"", ""confidence"": 0.5298}]",Supported,
2305.01101v2_4_F,Language-based material recommendation frameworks can only identify already well-studied material spaces and cannot discover under-explored areas with potential for high thermoelectric performance.,2023-05-01,,matteroffact,Refuted,"[{""bias"": ""Bias blind spot"", ""confidence"": 0.8777}]",Refuted,
2305.11842v2_5_T,"Diffusion Monte Carlo calculations determine the lattice constants of T-VSe2 and H-VSe2 to be 3.414 Å and 3.335 Å respectively, with the H-phase being energetically more favorable by 0.06 eV per formula unit.",2023-05-01,,matteroffact,Supported,"[{""bias"": ""Time-saving bias"", ""confidence"": 0.9214}]",Supported,
2404.02748v1_15_T,"The strong dependence of critical temperature on lattice parameter in Si₁₋ₓGeₓ:B is similar to that observed in other covalent superconductors such as boron-doped diamond and fullerenes, where lattice deformation significantly affects the electron-phonon coupling.",2024-04-01,,matteroffact,Supported,,Supported,
2307.13990v1_3_T,Experimental detection of finite-energy pairing in Al/Au heterostructures requires an energy resolution of approximately 10-20 μeV and operating temperatures of 30-60 mK.,2023-07-01,,matteroffact,Supported,"[{""bias"": ""Time-saving bias"", ""confidence"": 0.388}]",Supported,
2404.12822v1_7_F,"In NaFe₁.₆V₀.₄(PO₄)(SO₄)₂@CNT cathode, the capacitive contribution to total current decreases from 65.2% at 0.05 mV/s scan rate to 31.3% at 0.8 mV/s scan rate.",2024-04-01,,matteroffact,Refuted,"[{""bias"": ""subadditivity effect"", ""confidence"": 0.3742}]",Supported,
2305.11842v2_10_F,AtomVision is limited to analyzing experimental microscopy images and cannot generate synthetic images or perform advanced image processing tasks like atom localization.,2023-05-01,,matteroffact,Refuted,"[{""bias"": ""Bias blind spot"", ""confidence"": 0.4099}]",Refuted,
2206.11435v1_14_T,"Solid-state lithium-ion batteries offer advantages over conventional liquid electrolyte batteries including improved safety, simpler composition, easier and cheaper manufacturing, and higher theoretical gravimetric and volumetric energy density.",2022-06-01,,matteroffact,Supported,"[{""bias"": ""Pro-Innovation Bias"", ""confidence"": 0.4515}]",Supported,
2203.16766v2_1_T,Maxwell equations for light propagation at oblique incidence on a flat surface can be transformed into one-dimensional wave equations,2022-03-01,,matteroffact,Supported,,Supported,
2301.01139v1_6_T,"Under high pressure, elements can adopt unusual oxidation states that are not observed at ambient conditions, such as cesium forming anions and mercury using its semicore 5d electrons for bonding.",2023-01-01,,matteroffact,Supported,"[{""bias"": ""curse of knowledge"", ""confidence"": 0.7351}]",Supported,
2303.12924v1_13_T,The k_cubic parameter used to characterize γ'(L12) precipitate morphology in Co-based superalloys has limitations in capturing irregular features such as concave sides on cuboidal precipitates.,2023-03-01,,matteroffact,Supported,"[{""bias"": ""Bias blind spot"", ""confidence"": 0.7085}]",Supported,
2306.03096v2_3_F,The average hole concentration on oxygen atoms decreases from 0.20 in LiCoO₂ to 0.05 in CoO₂ per oxygen atom during the delithiation process.,2023-06-01,,matteroffact,Refuted,"[{""bias"": ""Time-saving bias"", ""confidence"": 0.748}]",Supported,
2305.11842v2_8_F,"The JARVIS infrastructure is limited to density functional theory calculations and does not incorporate machine learning, quantum computation, or experimental validation.",2023-05-01,,matteroffact,Refuted,"[{""bias"": ""Bias blind spot"", ""confidence"": 0.5766}]",Refuted,
2402.09770v1_1_T,"In₂Se₃ monolayer transitions from a normal insulator to a topologically nontrivial state when the Fermi level is shifted into the spin-orbit gap, exhibiting gapless edge states.",2024-02-01,,matteroffact,Supported,"[{""bias"": ""curse of knowledge"", ""confidence"": 0.5995}]",Supported,
2209.05554v2_3_T,"The ALIGNN-FF model predicts lattice constants of materials in the JARVIS-DFT database with mean absolute errors of 0.11 Å, 0.11 Å, and 0.13 Å for the a, b, and c lattice parameters, respectively",2022-09-01,,matteroffact,Supported,"[{""bias"": ""subadditivity effect"", ""confidence"": 0.5386}]",Supported,
2404.19084v2_2_F,"Centrifugal disk finishing imparts approximately 100% higher residual microscale strain at 20 μm depth from the surface compared to 120 μm depth in additively manufactured Inconel 718, as evidenced by diffraction peak width measurements.",2024-04-01,,matteroffact,Refuted,,Supported,
2304.01314v2_16_F,"In the Zr-H system, the δ hydride phase is always significantly more stable than the γ phase under all conditions and hydrogen concentrations.",2023-04-01,,matteroffact,Refuted,,Refuted,
2311.07316v2_8_T,"The linearized gap equation calculations for La₃Ni₂O₇ use a Hund's coupling ratio of J_H = 0.15U, and the key results do not change if other physically reasonable ratios between 0.1U and 0.2U are used",2023-11-01,,matteroffact,Supported,"[{""bias"": ""Bias blind spot"", ""confidence"": 0.7016}]",Supported,
2303.04621v2_0_T,"All rank-one connections between energy wells for the dual of a Bravais lattice can be obtained explicitly from those for the original lattice, allowing rank-one connections for face-centered cubic (fcc) lattices to be derived from those for body-centered cubic (bcc) lattices.",2023-03-01,,matteroffact,Supported,,Refuted,
2405.18946v3_8_F,"The two-dimensional electron liquid on TiO₂-terminated SrTiO₃(001) develops within 15 seconds of synchrotron irradiation, while on SrO-terminated surfaces it requires approximately 5 minutes",2024-05-01,,matteroffact,Refuted,"[{""bias"": ""Time-saving bias"", ""confidence"": 0.326}]",Supported,
2406.11763v1_12_T,"Laser doses between 0.14-0.29 mJ/μm² promote the ferroelectric orthorhombic phase in Hf0.5Zr0.5O2 thin films, while higher doses of approximately 0.77 mJ/μm² promote the monoclinic phase.",2024-06-01,,matteroffact,Supported,"[{""bias"": ""Time-saving bias"", ""confidence"": 0.6867}]",Supported,
2303.07504v1_7_T,"In Mg-Al-Ca alloys, solid solutions with approximately 4 to 5 atomic percent Al near their melting temperature provide the optimal chemical potential window for the formation of R3 planar defects.",2023-03-01,,matteroffact,Supported,,Misleading,
2303.00742v2_13_F,Supporting Bernal bilayer graphene on a WSe2 substrate decreases the maximum superconducting transition temperature by approximately 50% compared to hexagonal boron nitride supported Bernal bilayer graphene.,2023-03-01,,matteroffact,Refuted,,Refuted,
2203.14301v1_5_T,The nearly half-quantized anomalous Hall conductance arises from an asymmetric 2D Dirac model with a small mass term near the anti-crossing point in the band structure,2022-03-01,,matteroffact,Supported,,Supported,
2206.01072v1_3_T,The wavelength of spin-spiral states in Fe chains on Re(0001) surface determined by ab initio energy minimization is in good agreement with scanning tunneling microscopy experimental measurements.,2022-06-01,,matteroffact,Supported,"[{""bias"": ""Bias blind spot"", ""confidence"": 0.3772}]",Supported,
2407.06148v1_9_F,"Cracks in Zn-Al-Mg coatings propagate primarily through the zinc dendrites, which offer the least resistance to crack growth.",2024-07-01,,matteroffact,Refuted,,Supported,
2306.03096v2_2_F,The total electron occupation of the cobalt 3d shell decreases significantly from approximately 7.0 to 5.0 electrons during the transition from LiCoO₂ to CoO₂.,2023-06-01,,matteroffact,Refuted,"[{""bias"": ""Time-saving bias"", ""confidence"": 0.6623}]",Refuted,
2403.04470v2_17_F,Multi-cycle pulses in the UV range exhibit the same polarity dependence as single-cycle THz pulses when evaporating cations from non-conductive samples,2024-03-01,,matteroffact,Refuted,,Misleading,
2307.00878v1_9_T,"Among the superionic conductors in the Li₂S-P₂S₅ system, Li₇P₃S₁₁ has greater configurational entropy than β-Li₃PS₄ but less than α-Li₃PS₄ and HT-Li₇PS₆.",2023-07-01,,matteroffact,Supported,,Supported,
2305.11842v2_10_T,"AtomVision can generate synthetic microscopy images, perform atom position localization, create graph representations of images, and reconstruct images from low-dimensional representations using autoencoders.",2023-05-01,,matteroffact,Supported,"[{""bias"": ""Survivorship bias"", ""confidence"": 0.3438}]",Supported,
2311.15472v1_2_T,"Aluminum atoms in γ-TiAl undergo a simultaneous bond breaking process during field evaporation, with both in-plane and out-of-plane bonds breaking at approximately the same electrostatic force threshold.",2023-11-01,,matteroffact,Supported,,Supported,
2403.19614v1_10_F,"The proposed X junction geometry for Josephson junctions produces a lower ratio of backscattered to incident electrons in the bridge area compared to horseshoe and L-shaped geometries, resulting in less precise control over the undercut formation process.",2024-03-01,,matteroffact,Refuted,,Refuted,
2304.13257v3_4_F,"Among three different qubit geometries tested with tantalum-capped niobium, Geometry A yields the highest T1 relaxation times with a median value of 324 microseconds and maximum measurements exceeding 550 microseconds.",2023-04-01,,matteroffact,Refuted,,Supported,
2309.17090v2_4_F,A higher damping parameter (68.75 eV fs Å⁻²) in iron simulations consistently produces fewer grains than a lower damping parameter (6.875 eV fs Å⁻²) throughout the entire shearing process.,2023-09-01,,matteroffact,Refuted,"[{""bias"": ""Time-saving bias"", ""confidence"": 0.914}]",Misleading,
2301.05024v1_12_T,"For accurate impedance measurements at low frequencies, the measurement time must be at least one full period of the input sinusoid.",2023-01-01,,matteroffact,Supported,,Misleading,
2304.13959v2_12_T,"NbAs (001) thin films grown on GaAs (100) show a preferred direction of domain alignment, likely due to the 2×4 surface reconstruction of GaAs achieved before growth.",2023-04-01,,matteroffact,Supported,"[{""bias"": ""Pro-Innovation Bias"", ""confidence"": 0.4801}]",Supported,
2308.04594v2_10_T,Full cerium substitution in strontium hexaferrite increases the maximum energy product (BHmax) from 72.42 kJ/m³ to 81.12 kJ/m³ due to enhanced saturation magnetization.,2023-08-01,,matteroffact,Supported,"[{""bias"": ""Time-saving bias"", ""confidence"": 0.6348}]",Misleading,
2212.04571v1_8_T,The maximum zero-bias conductance of the Kondo peak in the NbSe₂-based quantum dot system reaches 11.1 μS (0.14 e²/h) at the base temperature of 28 mK.,2022-12-01,,matteroffact,Supported,"[{""bias"": ""Time-saving bias"", ""confidence"": 0.3323}]",Supported,
2404.13293v1_7_T,"The net Rashba effect in GeTe thin films is tunable through domain wall migration, as the strength of the Rashba effect increases in a domain when it expands upon domain wall motion.",2024-04-01,,matteroffact,Supported,,Supported,
2311.07943v2_0_T,Air-annealed CaFeAsF exhibits superconductivity with a critical transition temperature up to 30.7 K.,2023-11-01,,matteroffact,Supported,,Supported,
2212.04571v1_8_F,The maximum zero-bias conductance of the Kondo peak in the NbSe₂-based quantum dot system reaches 25 μS (0.32 e²/h) at the base temperature of 28 mK.,2022-12-01,,matteroffact,Refuted,,Supported,
2210.01894v1_4_T,"The extended TDA-GMM method successfully captures both chemical and topological ordering in Al-Ni alloys during nucleation, enabling the identification of nucleation pathways without prior knowledge of the structures.",2022-10-01,,matteroffact,Supported,"[{""bias"": ""Bias blind spot"", ""confidence"": 0.6929}]",Supported,
2304.08110v5_13_F,"The three-dimensional chiral symmetric topological insulator H_CSTI(k) has an additional mirror reflection symmetry My H_CSTI(k) My† = H(kx,-ky,kz) with My = σyτy, which causes the in-gap boundary modes to have four-fold degeneracy",2023-04-01,,matteroffact,Refuted,,Supported,
2403.11080v2_5_T,Higher thermal gradients (10^7 K/m) in rapidly solidified Fe-Cr alloys lead to more pronounced chromium segregation at identical grain boundaries compared to lower thermal gradients (10^5-10^6 K/m),2024-03-01,,matteroffact,Supported,"[{""bias"": ""Time-saving bias"", ""confidence"": 0.5652}]",Supported,
2404.05644v1_6_T,Utilizing (100)-faceted seeded crystallization could offer a promising path for manufacturing high-performance and stable perovskite solar cells,2024-04-01,,matteroffact,Supported,"[{""bias"": ""Pro-Innovation Bias"", ""confidence"": 0.8589}]",Supported,
2405.11460v1_12_F,"The AC conductivity of Na₃₊ₓZr₂₋ₓPrₓSi₂PO₁₂ (x = 0.05-0.2) ceramics follows a modified power law with the exponent parameter 's' decreasing with temperature, confirming quantum mechanical tunneling conduction.",2024-05-01,,matteroffact,Refuted,,Supported,
2303.09576v1_0_T,Metastable phase diagrams can resolve discrepancies between conventional bulk phase diagrams and experimental observations regarding the formation of Mg-rich C14 and Al-rich C15 Laves phases in MgAlCa alloys at moderate temperatures,2023-03-01,,matteroffact,Supported,,Supported,
2210.06197v2_13_F,Oxygen content in titanium alloys has a negligible effect on the aluminum equivalent value and can be disregarded when determining safe composition limits to avoid α₂ precipitation.,2022-10-01,,matteroffact,Refuted,"[{""bias"": ""Bias blind spot"", ""confidence"": 0.4611}]",Refuted,
2406.11763v1_6_T,"Photon absorption in Hf0.5Zr0.5O2 thin films alters the local chemical potential and modifies oxygen-containing adsorbates on the surface, promoting the incorporation of oxygen into the lattice and reducing vacancy concentration.",2024-06-01,,matteroffact,Supported,,Supported,
2408.01267v4_12_F,The NaO₆ octahedra in NaNiO₂ show discontinuous changes at the Jahn-Teller transition similar to those observed in the NiO₆ octahedra.,2024-08-01,,matteroffact,Refuted,"[{""bias"": ""Availability heuristic"", ""confidence"": 0.4399}]",Misleading,
2302.14072v1_11_F,"In Ta-dichalcogenide bilayers, the primary role of the 1H layer is to provide direct screening of local moments in the 1T layer through Kondo-type hybridization between the layers.",2023-02-01,,matteroffact,Refuted,,Misleading,
2407.04126v2_6_F,"The machine-learning interatomic potential approach enables molecular dynamics simulations of Li₆PS₅Cl with up to 1,000 atoms for 1 nanosecond, which is comparable to previous ab initio molecular dynamics studies of 500 atoms for 1 nanosecond",2024-07-01,,matteroffact,Refuted,,Misleading,
2403.04637v2_14_F,"The performance of amorphous silicon thin film solar cells is determined solely by the defect density of the active layer, independent of its thickness",2024-03-01,,matteroffact,Refuted,,Refuted,
2310.03080v2_8_F,Monolayer NbSe2 generates significant higher harmonics at laser pulse intensities as low as 10^9 W/cm^2.,2023-10-01,,matteroffact,Refuted,"[{""bias"": ""Pro-Innovation Bias"", ""confidence"": 0.4022}]",Supported,
2405.09057v1_5_F,Response Matching successfully recovers all 15 ground truth structures when tested on a set of binary and ternary compounds from the Materials Project test set.,2024-05-01,,matteroffact,Refuted,"[{""bias"": ""Bias blind spot"", ""confidence"": 0.4733}]",Supported,
2205.06324v2_9_F,A single-hidden-layer GNN architecture is sufficient for learning the non-linear relationship between lattice orientation and directional stiffness for predicting elastic response in polycrystalline materials.,2022-05-01,,matteroffact,Refuted,"[{""bias"": ""clustering illusion"", ""confidence"": 0.3154}, {""bias"": ""curse of knowledge"", ""confidence"": 0.3034}]",Misleading,
2309.14678v2_14_T,The calculated activation energy for vacancy migration in K β″ alumina (0.02-0.03 eV) is significantly lower than the experimental activation energy for ionic conduction (0.15-0.186 eV).,2023-09-01,,matteroffact,Supported,,Supported,
2308.05532v1_14_F,"The small size of metal matrix syntactic foam specimens used in thermal diffusivity measurements has no effect on measurement consistency, with identical thermal parameters always obtained for samples of the same type.",2023-08-01,,matteroffact,Refuted,"[{""bias"": ""Distinction bias"", ""confidence"": 0.3577}]",Refuted,
2303.09576v1_14_F,Experimental sample S1 has a nominal composition of Mg-5Al-3Ca (wt.%) while sample S2 has a significantly different composition of Mg-8Al-1Ca (wt.%),2023-03-01,,matteroffact,Refuted,"[{""bias"": ""framing effect"", ""confidence"": 0.763}]",Supported,
2302.03362v2_9_T,The parameter ranges for synthetic electrochemical impedance spectra are informed by the research and development work of QuantumScape.,2023-02-01,,matteroffact,Supported,"[{""bias"": ""clustering illusion"", ""confidence"": 0.3409}]",Misleading,
2203.14301v1_7_T,"Vertical mirror symmetry excludes anomalous Hall effect, requiring in-plane magnetic fields to be applied along directions that break this symmetry",2022-03-01,,matteroffact,Supported,"[{""bias"": ""Omission bias"", ""confidence"": 0.4007}]",Supported,
2303.11179v1_12_T,"The α band in NaAlSi is flat over a wide momentum space along the Γ-X direction, which can cause strong electron correlation and singularity of density of states close to the Fermi level.",2023-03-01,,matteroffact,Supported,,Supported,
2305.11842v2_1_T,The ALIGNN model outperforms classical force-field inspired descriptors (CFID) and the original CGCNN model by yielding a lower mean absolute error for predictions of material properties.,2023-05-01,,matteroffact,Supported,"[{""bias"": ""Bias blind spot"", ""confidence"": 0.7051}]",Supported,
2403.08679v1_3_T,The ordered magnetic moment of Fe³⁺ ions in NaFe₂PO₄(SO₄)₂ is 3.8 μB per Fe³⁺ at 5 K.,2024-03-01,,matteroffact,Supported,,Refuted,
2202.01652v1_7_F,"The formation of rotational domains in SrRuO₃ films is solely determined by film thickness, with no influence from the substrate miscut angle or terrace orientation, as thicker films always develop a single-domain structure regardless of substrate properties.",2022-02-01,,matteroffact,Refuted,"[{""bias"": ""Bias blind spot"", ""confidence"": 0.3611}]",Refuted,
2405.02186v1_16_T,"The in-situ aluminum reduction of nickelate thin films was performed by depositing 3.5 nm of aluminum at 380°C and a pressure of 6 × 10⁻⁴ mbar, followed by annealing at the same temperature for 2 hours.",2024-05-01,,matteroffact,Supported,,Supported,
2308.00800v1_12_T,"The phase-field method can effectively model fatigue crack growth in anisotropic materials by incorporating a structural tensor in the regularized crack surface density, allowing for the simulation of direction-dependent crack paths and growth rates without prior knowledge of the crack trajectory.",2023-08-01,,matteroffact,Supported,"[{""bias"": ""clustering illusion"", ""confidence"": 0.8113}]",Supported,
2301.01139v1_5_T,"High pressure can cause hydrogen bonds to symmetrize, transforming asymmetric O-H···O bonds in water ice into symmetric O-H-O arrangements where all O-H distances are equal.",2023-01-01,,matteroffact,Supported,,Supported,
2306.13006v2_5_F,"The Meyer-Neldel rule reduces voltage deficit in solar cells by compensating for thermal activation barriers, explaining the strong correlation between voltage deficit and optical gap observed across different materials.",2023-06-01,,matteroffact,Refuted,,Misleading,
2304.07326v2_10_T,"The reflectivity minimum of pure LuH2 occurs at 710 nm at ambient conditions, while in hydrogen-deficient LuH1.875 it occurs at a shorter wavelength of 600 nm.",2023-04-01,,matteroffact,Supported,"[{""bias"": ""Time-saving bias"", ""confidence"": 0.5917}]",Refuted,
2403.07416v2_1_F,"During directional solidification of hcp alloys, an increase in temperature gradient within the dendritic regime causes a transition from favorably oriented grain limit to geometrical limit behavior in grain growth competition.",2024-03-01,,matteroffact,Refuted,,Supported,
2306.02233v1_16_T,The wurtzite-derived phase of Mg3WN4 has a predicted bandgap of approximately 5 eV,2023-06-01,,matteroffact,Supported,,Supported,
2401.06319v2_2_F,"In Ag bulk, the bct structure is 12 meV/atom lower in energy than the fcc structure and 18 meV/atom lower than the bcc structure.",2024-01-01,,matteroffact,Refuted,"[{""bias"": ""Time-saving bias"", ""confidence"": 0.9416}]",Refuted,
2307.04750v1_9_F,CsTi₃Bi₅ has a simple band structure with no topological features and only parabolic bands crossing the Fermi level.,2023-07-01,,matteroffact,Refuted,,Refuted,
2402.08834v1_11_F,"The stacked nanoparticle models were constructed with either 100 or 150 particles in total, each composed of particles with three sizes (radius = 5, 10, and 20 Å).",2024-02-01,,matteroffact,Refuted,,Supported,
2406.09461v1_1_F,"During α→ω phase transformation in zirconium, phase interfaces and grain boundaries move independently through separate thermodynamic processes",2024-06-01,,matteroffact,Refuted,,Supported,
2401.17024v2_8_F,"The four high-T_c compounds (Mg₂RhH₆, Mg₂IrH₆, Al₂MnH₆, and Li₂CuH₆) all exhibit a band gap at the Fermi level, contributing to their high superconducting transition temperatures.",2024-01-01,,matteroffact,Refuted,"[{""bias"": ""subadditivity effect"", ""confidence"": 0.7876}]",Refuted,
2306.12034v1_5_F,"The orthorhombic NiBi₃ crystal structure has lattice parameters a=9.125 Å, b=4.325 Å, c=11.750 Å with α=β=γ=90°.",2023-06-01,,matteroffact,Refuted,"[{""bias"": ""Time-saving bias"", ""confidence"": 0.6436}]",Supported,
2403.08237v2_0_T,"Zr disorder in Li₂ZrCl₆ enables facile Li/vacancy disorder at room temperature, which is necessary for fast Li-ion conductivity",2024-03-01,,matteroffact,Supported,"[{""bias"": ""Pro-Innovation Bias"", ""confidence"": 0.3473}]",Supported,
2310.03080v2_9_F,"When monolayer NbSe2 is excited along the zigzag direction at 10^11 W/cm^2, the second harmonic in the transverse current response is less than 10% the strength of the third harmonic in the longitudinal response.",2023-10-01,,matteroffact,Refuted,"[{""bias"": ""Planning Fallacy"", ""confidence"": 0.4158}, {""bias"": ""Time-saving bias"", ""confidence"": 0.31}]",Refuted,
2303.12924v1_6_T,"The GPR model for precipitate size in Co-based superalloys achieves higher accuracy than the GPR model for precipitate morphology, with the latter requiring higher noise tolerance to avoid overfitting.",2023-03-01,,matteroffact,Supported,"[{""bias"": ""Whole only effect"", ""confidence"": 0.5108}, {""bias"": ""Bias blind spot"", ""confidence"": 0.3943}]",Supported,
2405.18150v1_15_F,"High-quality single-crystalline titanium nitride films can only be synthesized using molecular beam epitaxy, as magnetron sputtering produces films with poor crystallinity and degraded superconducting properties.",2024-05-01,,matteroffact,Refuted,,Refuted,
2401.05568v1_14_T,"The M2 phase of NiTi predicted by LDA, PBE, and PBEsol models may be stable at high pressures and could potentially be observed in high-pressure experiments.",2024-01-01,,matteroffact,Supported,"[{""bias"": ""Pro-Innovation Bias"", ""confidence"": 0.6836}]",Supported,
2306.04157v1_14_F,"Single crystals of LaNiO3 grown by optical floating zone technique can achieve a phase purity of 85 weight percent, with the remaining 15 weight percent being NiO impurity.",2023-06-01,,matteroffact,Refuted,,Misleading,
2204.07318v3_13_F,"Previous methods for studying phase transitions in materials under extreme conditions accurately accounted for thermal effects, producing theoretical predictions that consistently matched experimental measurements.",2022-04-01,,matteroffact,Refuted,,Refuted,
2403.13814v1_14_F,"In acetonitrile-modified Na₂SO₄ aqueous electrolytes, anion-cation aggregates (AGG) are the predominant solvation structures due to the dilute electrolyte and high dielectric constant of water.",2024-03-01,,matteroffact,Refuted,,Misleading,
2403.19614v1_8_T,"The horseshoe and L-shaped Josephson junction geometries produce a more homogeneous backscattered electron distribution across the bridge area compared to the thin Dolan geometry, resulting in improved fabrication reproducibility.",2024-03-01,,matteroffact,Supported,,Supported,
2407.09880v1_11_F,"The Fermi surface of monolayer FeSe/SrVO₃/SrTiO₃ consists of both electron pockets at the Brillouin zone corner and a hole pocket at the zone center, indicating moderate electron doping different from FeSe/SrTiO₃ and FeSe/LaFeO₃.",2024-07-01,,matteroffact,Refuted,,Supported,
2204.13789v2_2_T,"The $\ell_0\ell_2$-norm regularized cluster expansion predicts only 4 spurious ground states in the Li-Mn-Ti-O phase diagram, while the $\ell_1$-norm regularized cluster expansion predicts 12 spurious ground states.",2022-04-01,,matteroffact,Supported,,Supported,
2308.14223v1_14_F,"Carbopol microgel particles and PEO molecules exist at similar length scales, with both having diameters of approximately 1 μm, allowing for direct structural integration in the material network.",2023-08-01,,matteroffact,Refuted,"[{""bias"": ""Distinction bias"", ""confidence"": 0.3853}]",Misleading,
2303.00185v1_14_T,"For positive helicity, Rashba SOC enhances the effective barrier strength to Z+eff = Z + λk∥/(2kF), while for negative helicity it reduces the effective barrier to Z-eff = Z - λk∥/(2kF), creating open channels at k∥open = (2Z/λ)kF.",2023-03-01,,matteroffact,Supported,"[{""bias"": ""Time-saving bias"", ""confidence"": 0.806}]",Supported,
2408.10146v2_6_F,All-perovskite field-effect transistors using La:BaSnO₃ as the channel and LaInO₃ as the gate dielectric achieve a field-effect mobility of 200 cm²V⁻¹s⁻¹ with an on-off current ratio of 10⁹,2024-08-01,,matteroffact,Refuted,,Refuted,
2309.04053v2_1_F,Hypersonic vehicles experience thermal gradients changing from -50°C to 1000°C across distances of approximately 1 cm.,2023-09-01,,matteroffact,Refuted,"[{""bias"": ""Time-saving bias"", ""confidence"": 0.3207}]",Supported,
2406.07144v1_15_T,A 45-degree incidence angle of argon ions relative to the carbon target normal produces an optimal energy distribution of sputtered carbon atoms for achieving high sp³ content in Diamond-Like Carbon coatings using Electron Cyclotron Resonance Ion Beam Deposition.,2024-06-01,,matteroffact,Supported,"[{""bias"": ""curse of knowledge"", ""confidence"": 0.3381}]",Supported,
2306.15502v1_11_F,MRAM bits at the edges of arrays show identical magnetic properties and switching behavior to bits in the interior of the arrays,2023-06-01,,matteroffact,Refuted,,Refuted,
2302.03362v2_12_F,Automatic identification of equivalent circuit models significantly reduces the accuracy of analysis for large sets of electrochemical impedance spectroscopy data.,2023-02-01,,matteroffact,Refuted,"[{""bias"": ""Bias blind spot"", ""confidence"": 0.7085}]",Refuted,
2301.06756v1_2_F,Metallic helium remains a normal conductor at all pressures beyond the metallization point without exhibiting superconductivity.,2023-01-01,,matteroffact,Refuted,,Refuted,
2308.04043v3_12_F,"In DFT+DMFT calculations of charge-transfer insulators like V₂O₅, the double counting parameter λ has minimal impact on the calculated band gap, as the gap is primarily determined by the on-site Coulomb interaction parameter U.",2023-08-01,,matteroffact,Refuted,"[{""bias"": ""Bias blind spot"", ""confidence"": 0.4514}]",Misleading,
2208.04687v1_14_F,"Co₂CrAl thin films grow epitaxially on MgO(001) substrate by directly matching their unit cell parameters, with the small lattice mismatch of 5% allowing for coherent growth without any rotational alignment between the film and substrate lattices.",2022-08-01,,matteroffact,Refuted,,Misleading,
2303.09576v1_12_T,"The estimated chemical potential of aluminum in sample S2 during deformation is -0.12 eV, calculated using the solution enthalpy of Al in Mg and the deformation temperature",2023-03-01,,matteroffact,Supported,,Supported,
2205.06855v1_15_T,"Regolith samples sintered at 1200°C develop a distinctly different color and surface appearance compared to samples sintered at lower temperatures, with a glassy, smooth surface texture that is visibly different from the more granular texture of samples sintered at 1000°C and 1100°C.",2022-05-01,,matteroffact,Supported,,Supported,
2303.00846v1_0_T,The vortex structure in FeSe at low magnetic fields exhibits class-III hyperuniformity with an algebraic decay exponent α = 0.29 ± 0.04 in the structure factor as q approaches zero.,2023-03-01,,matteroffact,Supported,,Supported,
2311.15620v1_6_F,"The universal exponential decay law governing the probability density function for the number of concerted mobile ions in solid-state electrolytes can be expressed as f(n) = 0.500 · exp(-0.125n), where n is the number of concerted ions.",2023-11-01,,matteroffact,Refuted,,Refuted,
2307.06904v3_16_T,Bulk cubic LaVO3 is a ferromagnetic half-metal with a band gap of approximately 4 eV in the spin-down channel and finite density of states at the Fermi level in the spin-up channel.,2023-07-01,,matteroffact,Supported,"[{""bias"": ""Outcome bias"", ""confidence"": 0.3191}]",Supported,
2404.13293v1_1_T,The energy barrier for ferroelectric switching in GeTe monolayer (22.26 eV/nm²) is significantly higher than in both domain wall migration in thin films (66.8 meV/nm²) and bulk α-GeTe (5.6 eV/nm²).,2024-04-01,,matteroffact,Supported,"[{""bias"": ""Time-saving bias"", ""confidence"": 0.7326}]",Supported,
2304.02586v1_4_T,"The critical temperature for spontaneous electronic nematic order in Sr₂RuO₄ is approximately 50 K, as determined by fitting the optical dichroism data to an Ising model.",2023-04-01,,matteroffact,Supported,"[{""bias"": ""Bias blind spot"", ""confidence"": 0.3978}]",Misleading,
2308.01135v4_12_F,"A frozen phonon distortion in hexagonal LK-99 with an amplitude of 0.04 Å causes one of the Cu d-bands to be shifted approximately 0.1 eV below the Fermi level, maintaining the material's metallic character.",2023-08-01,,matteroffact,Refuted,"[{""bias"": ""Outcome bias"", ""confidence"": 0.3849}]",Refuted,
2408.15684v1_1_T,The insertion of graphene at the Mo foil/CZTSSe interface reduces the back contact barrier height from 0.42 eV to 0.32 eV,2024-08-01,,matteroffact,Supported,"[{""bias"": ""Time-saving bias"", ""confidence"": 0.8927}]",Supported,
2406.08682v2_10_T,The highest fatigue indicator parameter values predicted by graph neural networks for polycrystalline microstructures fit well to Gumbel extreme value distributions with Pearson correlation coefficients exceeding 0.97,2024-06-01,,matteroffact,Supported,"[{""bias"": ""Bias blind spot"", ""confidence"": 0.5134}]",Supported,
2308.16621v1_12_F,"The XGBoost machine learning model accurately reflects the underlying science of process-property relationships in metal additive manufacturing, showing appropriate influence of process parameters on output properties",2023-08-01,,matteroffact,Refuted,"[{""bias"": ""Bias blind spot"", ""confidence"": 0.907}]",Misleading,
2403.18743v1_14_F,The unit cell size of silicon carbide metasurfaces supporting quasi-bound states in the continuum at 11 micrometers is approximately the same as that of gold metasurfaces and only 10 times smaller than that of silicon metasurfaces resonating at the same wavelength.,2024-03-01,,matteroffact,Refuted,"[{""bias"": ""Time-saving bias"", ""confidence"": 0.5288}]",Misleading,
2308.07295v3_2_T,The low-symmetry Cu-doped Pb(1) site in lead apatite is energetically favored by approximately 127 meV over the Cu-doped Pb(2) site at U=0 eV in density functional theory calculations.,2023-08-01,,matteroffact,Supported,,Supported,
2305.06798v1_8_T,The dynamics of a doubly clamped nanoribbon can be effectively modeled as a Brownian particle in a nonlinear potential that transitions from a single well to a double well as compression increases beyond the Euler buckling point.,2023-05-01,,matteroffact,Supported,,Supported,
2408.07229v1_15_F,The energy difference for breaking the ester group in DEO-EA monomer after adding two electrons is approximately -1.50 eV relative to the neutral undecomposed system.,2024-08-01,,matteroffact,Refuted,"[{""bias"": ""Time-saving bias"", ""confidence"": 0.4289}]",Refuted,
2212.12020v2_13_F,"Hexagonal close-packed gold nanostructures form on germanium substrates with random crystallographic orientations, showing no preferred alignment between specific crystal planes.",2022-12-01,,matteroffact,Refuted,"[{""bias"": ""clustering illusion"", ""confidence"": 0.3534}]",Refuted,
2311.07316v2_11_T,"In the d_xy pairing symmetry of La₃Ni₂O₇, the gap function exhibits a sign difference between the α Fermi sheet and the β/γ Fermi sheets",2023-11-01,,matteroffact,Supported,"[{""bias"": ""Bias blind spot"", ""confidence"": 0.364}]",Supported,
2407.09880v1_7_F,"The three-dimensional carrier density in SrVO₃ films is approximately 5 × 10²⁰ carriers per cubic centimeter, which is insufficient to screen the dipolar field of Fuchs-Kliewer phonons.",2024-07-01,,matteroffact,Refuted,"[{""bias"": ""Outcome bias"", ""confidence"": 0.3818}]",Misleading,
2405.18946v3_4_T,"The two-dimensional electron liquid on TiO₂-terminated SrTiO₃(001) exhibits an electron-phonon coupling parameter λ of 0.63, with strong coupling to phonon modes at 56 meV, 69 meV, and 84 meV",2024-05-01,,matteroffact,Supported,"[{""bias"": ""subadditivity effect"", ""confidence"": 0.5317}]",Supported,
2212.12020v2_10_T,"At Au/Ge interfaces, charge accumulation occurs between interfacial germanium and gold atoms, forming asymmetrical bonds with charge density comparable to Ge-Ge covalent bonds.",2022-12-01,,matteroffact,Supported,,Misleading,
2205.05157v1_0_T,"PyEOC determines the r13 electro-optic coefficient of SBN thin films to be 8.69 pm/V, which is within the published uncertainty range of 8.5 ± 1.3 pm/V.",2022-05-01,,matteroffact,Supported,,Supported,
2311.05696v2_9_F,"In bidisperse suspensions with size ratio Δ=4 at high stress (σ/σ_0=100), large-small particle contacts contribute at most 40% of the overall viscosity and are never the dominant contributor to viscosity at any mixing ratio.",2023-11-01,,matteroffact,Refuted,"[{""bias"": ""Outcome bias"", ""confidence"": 0.3187}]",Supported,
2308.04043v3_1_F,"DFT+U calculations with U values between 0-6 eV yield a d-electron count (N_d) of approximately 2.0 for vanadium in pristine V₂O₅, matching experimental measurements.",2023-08-01,,matteroffact,Refuted,,Supported,
2309.14678v2_9_F,"In Na-poor conditions defined by equilibrium with Na₂S₄ and S₈, vacancy formation energies in Na β and β″ aluminas are approximately 0.5 eV lower than in Na-rich conditions.",2023-09-01,,matteroffact,Refuted,,Supported,
2405.09057v1_3_T,Response Matching is the first model to handle both molecules and bulk materials under the same framework.,2024-05-01,,matteroffact,Supported,"[{""bias"": ""curse of knowledge"", ""confidence"": 0.4868}]",Misleading,
2304.13336v2_0_F,"In the Fe-Zn system, a segregation transition occurs where up to 30 atomic percent zinc can segregate to iron grain boundaries when only about 8 atomic percent zinc is present in the bulk alloy at 623 K.",2023-04-01,,matteroffact,Refuted,,Supported,
2305.04262v3_2_F,The discontinuity lines in the magnetic flux distribution of FIB-patterned Nb films remain stationary as the applied magnetic field is reduced from full penetration,2023-05-01,,matteroffact,Refuted,,Refuted,
2312.10284v1_12_F,"Experimental single-layer TMDC solar cells have achieved photovoltaic efficiencies of 15-20%, approaching the theoretical predictions, due to recent advances in interface engineering and defect passivation techniques",2023-12-01,,matteroffact,Refuted,"[{""bias"": ""Pro-Innovation Bias"", ""confidence"": 0.5926}]",Supported,
2312.10284v1_12_T,"Despite theoretical predictions of high photovoltaic efficiency, experimental single-layer TMDC solar cells have typically not exceeded 2% efficiency due to Fermi-level pinning at metal-semiconductor interfaces and high carrier recombination caused by defective surfaces",2023-12-01,,matteroffact,Supported,"[{""bias"": ""Attentional bias"", ""confidence"": 0.5662}]",Supported,
2306.10385v2_10_T,"The average distance between aligned AlF₃-induced blisters on the graphite surface is approximately 4 nm, as observed in both experimental STM images and molecular dynamics simulations.",2023-06-01,,matteroffact,Supported,,Supported,
2406.12136v1_1_T,The Bi₂Te₃/Fe₃GeTe₂ heterostructure demonstrates a high spin-orbit torque efficiency of approximately 2.69 at room temperature with a low switching current density of ~2.2×10⁶ A/cm².,2024-06-01,,matteroffact,Supported,,Supported,
2403.08237v2_5_F,Equilibrium synthesis methods like solid-state annealing are sufficient to achieve high Li-ion conductivity in Li₂ZrCl₆ because they can induce the necessary Zr disorder through thermal processes,2024-03-01,,matteroffact,Refuted,,Misleading,
2408.11301v1_2_F,Isotropic kinetics is sufficient for the formation of needle-like twins during twin growth.,2024-08-01,,matteroffact,Refuted,,Refuted,
2206.01072v1_6_T,"The spin-spiral wavelength in 10-atom Fe chains on Nb(110) surface is 2.90 times the distance between subsequent iron atoms, which is approximately 15% shorter than the wavelength of 3.39 obtained from previous spin-model calculations.",2022-06-01,,matteroffact,Supported,"[{""bias"": ""Time-saving bias"", ""confidence"": 0.3538}]",Supported,
2304.02586v1_5_F,Optical pumping of Sr₂RuO₄ induces a coherent oscillation of the nematic order parameter amplitude mode with a frequency of 2.5 THz.,2023-04-01,,matteroffact,Refuted,"[{""bias"": ""Outcome bias"", ""confidence"": 0.3614}]",Misleading,
2401.06319v2_9_F,Surface Bain distortion in noble metal nanowires leads to a permanent bct structure without any subsequent reorientation of the crystal structure.,2024-01-01,,matteroffact,Refuted,,Refuted,
2310.03080v2_6_F,The high harmonic generation spectra of a material are primarily determined by its crystal symmetry rather than its electronic structure.,2023-10-01,,matteroffact,Refuted,"[{""bias"": ""curse of knowledge"", ""confidence"": 0.4689}]",Misleading,
2401.17024v2_7_T,"The contribution of hydrogen 1s states to the density of states at the Fermi level is approximately 0.30, 0.28, 0.21, and 0.40 eV⁻¹ per formula unit for Mg₂RhH₆, Mg₂IrH₆, Al₂MnH₆, and Li₂CuH₆, respectively.",2024-01-01,,matteroffact,Supported,"[{""bias"": ""subadditivity effect"", ""confidence"": 0.6753}]",Refuted,
2403.07416v2_0_F,"Selection mechanisms and scaling laws derived for cubic (fcc, bcc) crystals fundamentally differ from those applicable to hexagonal close-packed (hcp) materials, requiring entirely new theoretical frameworks.",2024-03-01,,matteroffact,Refuted,,Misleading,
2205.07726v2_15_T,"The valence band structure of La-doped BaSnO₃ films exhibits three main features: hybridized Sn 5s and O 2p states at 10.6 eV, hybridized Sn 5p and O 2p states at 8.3 eV, and O 2p bonding or anti-bonding states between 4 and 6 eV.",2022-05-01,,matteroffact,Supported,"[{""bias"": ""subadditivity effect"", ""confidence"": 0.5614}]",Supported,
2303.07504v1_11_T,"Nb-rich Fe-Nb alloys with 35 at.% Nb show a significantly higher density of planar defects compared to stoichiometric alloys with 33 at.% Nb, which primarily contain isolated dislocations.",2023-03-01,,matteroffact,Supported,,Supported,
2302.14072v1_17_F,"The bandwidth of the flat bands in the 1T layer of Ta-dichalcogenide bilayers is approximately 40 meV, which is about 4 times smaller than the bandwidth of the conduction band in the 1H layer.",2023-02-01,,matteroffact,Refuted,"[{""bias"": ""Time-saving bias"", ""confidence"": 0.5759}]",Misleading,
2303.10621v4_14_T,"In the mode-coupling theory, the vertex Ψ(λ,μ,ν) is proportional to the square root of the ratio of the frequency of mode λ to the product of frequencies of modes μ and ν, multiplied by a sum over atomic indices of polarization vectors and third-order force constants.",2023-03-01,,matteroffact,Supported,"[{""bias"": ""clustering illusion"", ""confidence"": 0.4197}]",Misleading,
2212.13877v1_14_F,The van der Waals contribution to the total energy is approximately 50 meV per formula unit lower in sp³-bonded Boron Nitride polymorphs compared to sp²-bonded polymorphs.,2022-12-01,,matteroffact,Refuted,,Misleading,
2311.14529v1_10_T,"The additively manufactured Al-Mn-Cr-Zr alloy samples were produced using a laser power of 370 W, laser speed of 1300 mm/s, hatch distance of 0.13 mm, and layer thickness of 0.03 mm.",2023-11-01,,matteroffact,Supported,"[{""bias"": ""Time-saving bias"", ""confidence"": 0.5991}]",Supported,
2206.01361v1_3_T,"MICP-consolidated space bricks with biopolymers can achieve compressive strengths of approximately 5 MPa, comparable to that of ice.",2022-06-01,,matteroffact,Supported,"[{""bias"": ""Pro-Innovation Bias"", ""confidence"": 0.3495}]",Misleading,
2304.07326v2_5_T,"Hydrogen-deficient LuH2 is the phase responsible for the experimentally observed color changes in lutetium hydride, but calculations show it is not a high-temperature phonon-mediated superconductor.",2023-04-01,,matteroffact,Supported,"[{""bias"": ""Bias blind spot"", ""confidence"": 0.3112}]",Supported,
2406.07144v1_4_T,Raman spectroscopy provides qualitative estimates of sp³ content in Diamond-Like Carbon coatings that are consistently lower than direct measurements obtained through X-ray Photoelectron Spectroscopy.,2024-06-01,,matteroffact,Supported,"[{""bias"": ""Bias blind spot"", ""confidence"": 0.3476}]",Misleading,
2306.03096v2_1_T,The electronic structure of cobalt in CoO₂ is better described as having a t₂g⁵eg¹ configuration rather than the commonly assumed t₂g⁵eg⁰ (Co⁴⁺) configuration.,2023-06-01,,matteroffact,Supported,,Supported,
2203.14615v3_8_F,"Aging Ti-7Al-0.25O alloy to produce Ti₃Al precipitates decreases its yield strength to approximately 450 MPa, which is significantly lower than the yield strength of about 550 MPa for the aged Ti-7Al-0.05O alloy.",2022-03-01,,matteroffact,Refuted,,Misleading,
2305.02900v1_2_T,Superconductivity in PtBi₂ occurs exclusively at the surface rather than in the bulk material.,2023-05-01,,matteroffact,Supported,,Misleading,
2401.11244v1_2_T,Machine-learning molecular dynamics accurately predicts the vibrational band center of mobile ions in solid-state ion conductors within 1 cm⁻¹ of ab initio molecular dynamics results,2024-01-01,,matteroffact,Supported,"[{""bias"": ""clustering illusion"", ""confidence"": 0.456}, {""bias"": ""Bias blind spot"", ""confidence"": 0.3397}]",Supported,
2406.11763v1_11_T,"X-ray diffraction analysis of the as-deposited Hf0.5Zr0.5O2 thin films reveals a monoclinic phase fraction of approximately 14%, with the remainder primarily composed of metastable phases including the polar orthorhombic, antipolar orthorhombic, and tetragonal phases.",2024-06-01,,matteroffact,Supported,"[{""bias"": ""subadditivity effect"", ""confidence"": 0.3051}]",Supported,
2303.00185v1_7_T,The measured out-of-plane magnetoresistance in Fe0.29TaS2/NbN junctions can reach approximately 100% at T=2K and B=9T for intermediate barrier thickness.,2023-03-01,,matteroffact,Supported,,Supported,
2309.14678v2_4_T,"The calculated migration barriers for Na β and β″ aluminas are lower than the experimental activation energies for ionic conduction, suggesting potential for optimization of these materials.",2023-09-01,,matteroffact,Supported,,Supported,
2307.13990v1_15_F,The mixed singlet-triplet character of proximity-induced pairing in the Al/Au heterostructure originates solely from the intrinsic d-wave component of superconductivity in Al.,2023-07-01,,matteroffact,Refuted,,Refuted,
2407.21337v1_13_F,Rigid bodies can occupy any Wyckoff position in a crystal structure regardless of the relationship between the symmetry group of the rigid body and the site symmetry of the Wyckoff position.,2024-07-01,,matteroffact,Refuted,"[{""bias"": ""clustering illusion"", ""confidence"": 0.3363}]",Refuted,
2205.06324v2_14_F,"When applied to experimentally measured microstructures, GNN surrogate models predict grain stresses in LSHR with a mean error of 5.0% compared to far-field HEDM measurements.",2022-05-01,,matteroffact,Refuted,"[{""bias"": ""Bias blind spot"", ""confidence"": 0.809}]",Supported,
2305.11961v1_15_F,"The 4D Camera system operates as a standalone unit with no connection to external computing resources, requiring all data processing to be performed locally",2023-05-01,,matteroffact,Refuted,"[{""bias"": ""Whole only effect"", ""confidence"": 0.4672}]",Refuted,
2303.02540v1_12_F,Rare-earth metal-oxide bond strength in disilicates increases with increasing ionic radius for a given ionic charge state and coordination number.,2023-03-01,,matteroffact,Refuted,,Supported,
2405.03680v2_16_F,"AtomGPT generates crystal structures with chemical prototypes and density distributions that are fundamentally different from those in its training dataset, showing its ability to explore novel structural spaces.",2024-05-01,,matteroffact,Refuted,"[{""bias"": ""Bias blind spot"", ""confidence"": 0.364}]",Misleading,
2406.04713v1_5_F,"Riemannian Flow Matching requires approximately 100,000 integration steps to find a stable, unique, and novel crystal material, compared to approximately 83,333 steps for diffusion-based methods",2024-06-01,,matteroffact,Refuted,,Misleading,
2211.05713v2_13_F,"LGPS transitions from three-dimensional ion conduction at low temperatures to quasi-one-dimensional ion conduction along the c-channel at elevated temperatures above 400 K, as the ab-plane diffusivity decreases significantly.",2022-11-01,,matteroffact,Refuted,"[{""bias"": ""curse of knowledge"", ""confidence"": 0.3622}]",Supported,
2205.07726v2_8_T,"The plasmon model is applicable to the analysis of Sn 3d core XPS spectra in La-doped BaSnO₃ films, with the asymmetry in core photoemission spectra arising from intrinsic plasmon excitations associated with the creation of the core hole.",2022-05-01,,matteroffact,Supported,,Supported,
2405.17550v1_10_F,"The non-local differential resistance in a quantum Hall-superconductor junction is given by R_d = (h/2e²) × (1-t_eh^(l))/(1+t_eh^(u)), where h is Planck's constant, e is the electron charge, and t_eh^(u) and t_eh^(l) are the charge transmission fractions of the upper and lower edges.",2024-05-01,,matteroffact,Refuted,,Misleading,
2209.06065v1_16_T,"In the steady-state limit of a one-dimensional crystal model, only the chain modes with frequencies satisfying ω(xₛ) = √(1 + (ω_fast² - 1)sin²(πxₛ)) = -xₛẋ/α absorb energy from the mobile particle, while the net energy exchange with all other modes vanishes.",2022-09-01,,matteroffact,Supported,,Misleading,
2310.03080v2_0_F,Monolayer NbSe2 cannot generate even harmonics due to its hexagonal crystal structure.,2023-10-01,,matteroffact,Refuted,,Refuted,
2308.16621v1_1_T,"The highest Spearman's correlation coefficient between any process parameter and output property in metal additive manufacturing literature data is 0.31, occurring between laser power and elongation",2023-08-01,,matteroffact,Supported,"[{""bias"": ""subadditivity effect"", ""confidence"": 0.3973}]",Refuted,
2405.09345v1_15_T,Fluorite-structured thin films have limited energy storage scaling properties due to the increase of the monoclinic phase proportion at large thicknesses,2024-05-01,,matteroffact,Supported,"[{""bias"": ""Pro-Innovation Bias"", ""confidence"": 0.3449}]",Supported,
2309.07046v1_2_F,"The electronic structure of α-ATB₄ compounds is characterized by delocalized metallic states with uniform electron distribution across all atoms, resulting in a smooth electronic density of states without significant singularities.",2023-09-01,,matteroffact,Refuted,,Misleading,
2408.08791v2_3_T,"The capacitance value derived from thermal noise simulations using the Dissipative Split-Charge Equilibration model is 28.37, which is within 4% of the directly measured capacitance value.",2024-08-01,,matteroffact,Supported,,Supported,
2205.06324v2_18_T,"The GNN surrogate model architecture for predicting grain-scale elastic response uses two hidden graph layers, each containing 16 features per node, and 7 Gaussian kernels for the convolution operator.",2022-05-01,,matteroffact,Supported,"[{""bias"": ""clustering illusion"", ""confidence"": 0.5125}]",Supported,
2310.14013v1_14_F,"The heterogeneity of powder packing structure has minimal influence on subsequent processes in additive manufacturing, making bulk-averaged characterization methods sufficient for process optimization.",2023-10-01,,matteroffact,Refuted,"[{""bias"": ""Pro-Innovation Bias"", ""confidence"": 0.4216}]",Refuted,
2210.05010v2_16_F,"A collision cascade in a metal proceeds through a single continuous phase lasting approximately 1 ps, with no distinct ballistic, heat spike, or cooling phases.",2022-10-01,,matteroffact,Refuted,"[{""bias"": ""Outcome bias"", ""confidence"": 0.3188}]",Refuted,
2408.03175v1_1_F,"Local feedback mechanisms alone are sufficient to achieve complete interface stability in solid-state batteries, eliminating the formation of rough interfaces.",2024-08-01,,matteroffact,Refuted,,Refuted,
2203.14301v1_3_T,Sb₂Te₃ thin films can exhibit both quantized and nearly half-quantized anomalous Hall effect under strong in-plane magnetic fields,2022-03-01,,matteroffact,Supported,,Supported,
2308.03418v1_9_F,"Proton transport between TMDC layers follows completely different pathways and mechanisms compared to hydrogen atom transport, with substantially lower energy barriers",2023-08-01,,matteroffact,Refuted,,Misleading,
2204.04525v1_6_F,Topochemical synthesis techniques can tailor the lattice parameters of V2O5 cathode compounds with a precision of approximately 0.5Å through selective doping with elements such as Molybdenum.,2022-04-01,,matteroffact,Refuted,,Supported,
2203.14301v1_5_F,The nearly half-quantized anomalous Hall conductance arises from the quantum spin Hall effect combined with spin polarization from the in-plane magnetic field,2022-03-01,,matteroffact,Refuted,"[{""bias"": ""curse of knowledge"", ""confidence"": 0.4265}]",Misleading,
2202.00542v3_8_F,The water-gas shift reaction on Pt catalysts proceeds primarily through a redox mechanism where the platinum catalyst undergoes oxidation state changes,2022-02-01,,matteroffact,Refuted,,Refuted,
2209.12462v1_14_F,"The coherent potential approximation is unsuitable for modeling disordered solid solutions due to its inability to account for local lattice relaxations, making it incompatible with the Varvenne-Curtin model of solid solution strengthening.",2022-09-01,,matteroffact,Refuted,"[{""bias"": ""Bias blind spot"", ""confidence"": 0.4877}]",Misleading,
2211.14626v2_6_T,The superconducting diode effect in Nb/Ru/Sr₂RuO₄ junctions originates from the depinning of a spontaneous vortex at the Ru/Sr₂RuO₄ interface with an asymmetric pinning potential.,2022-11-01,,matteroffact,Supported,,Supported,
2302.12868v1_10_T,"At low frequencies where the wavelength is substantially larger than the thickness of a multilayered structure, the wave perceives the structure as transparent regardless of its composition, with transmission coefficients approaching unity irrespective of incident angle.",2023-02-01,,matteroffact,Supported,"[{""bias"": ""Outcome bias"", ""confidence"": 0.323}]",Misleading,
2303.00742v2_15_T,"In the nematic N2,4 phase of Bernal bilayer graphene with spin-orbit coupling, Luttinger's theorem is satisfied with Fermi surface degeneracies k5=2 and k4=4, which is incompatible with preserving the C3 point group symmetry.",2023-03-01,,matteroffact,Supported,,Refuted,
2206.11435v1_3_T,"The activation energy barrier for single-ion hopping in cubic LLZO is approximately 0.58 eV, which is more than twice the barrier for concerted multi-ion migration (0.26 eV).",2022-06-01,,matteroffact,Supported,,Supported,
2408.09541v3_15_T,"The tight-binding model for Dirac semimetals uses parameter values M̃0=4, M̃1=-1.5, M̃2=-1, Ã=1, and B̃=5, while the superconducting model adds parameters μ̃=0.6, Δ̃1=0.5, and Δ̃2=0.5.",2024-08-01,,matteroffact,Supported,"[{""bias"": ""subadditivity effect"", ""confidence"": 0.5031}]",Misleading,
2311.09099v1_12_T,Statistical averaging of experimental data combined with optoelectronic modeling provides a comprehensive approach for analyzing perovskite solar cell performance and optimizing device design,2023-11-01,,matteroffact,Supported,,Supported,
2311.01879v1_12_F,"The volume fractions of oxide particles in unirradiated Fe12Cr9Al, Fe15Cr9Al, and Fe18Cr9Al ODS steels are 0.30%, 0.40%, and 0.50%, respectively.",2023-11-01,,matteroffact,Refuted,"[{""bias"": ""subadditivity effect"", ""confidence"": 0.93}]",Refuted,
2305.02900v1_5_F,PtBi₂ is a conventional centrosymmetric metal without topological Fermi arcs or Weyl points in its band structure.,2023-05-01,,matteroffact,Refuted,,Supported,
2310.14013v1_12_F,The Dirichlet energy of surface height provides no additional information about surface morphology beyond what is already captured by height distribution statistics.,2023-10-01,,matteroffact,Refuted,"[{""bias"": ""Bias blind spot"", ""confidence"": 0.8064}]",Refuted,
2209.15522v1_0_T,The average elastic strain around deformation twins in TWIP steel reaches approximately 6% in directions both parallel and perpendicular to the twinning direction.,2022-09-01,,matteroffact,Supported,,Supported,
2303.07719v1_11_T,"At low temperatures (360K and 400K) where ionic conductivity is low, α-AgI exhibits primarily two types of ring structures distributed around specific birth-death coordinates in the persistence diagram, while at high temperatures (550K and 1000K), additional ring structures emerge along a characteristic distribution line.",2023-03-01,,matteroffact,Supported,,Supported,
2404.07848v1_5_T,Na+ and Cl- ions in aqueous solutions do not adsorb in the first liquid layer at the graphite electrode interface at low potentials.,2024-04-01,,matteroffact,Supported,,Refuted,
2206.14013v1_15_T,"The refractive index (n) spectra of AlOx-Cu nanocomposites with copper content (τ) greater than 0.48 exhibit peaks that shift in position depending on τ, unlike the monotonically changing n spectra of pure aluminum oxide and copper.",2022-06-01,,matteroffact,Supported,,Supported,
2405.17550v1_7_T,"In coherent quantum Hall-superconductor edges without metallic puddles, the charge transmission fraction t_eh takes the form A_0 + A_1 cos(φ), where A_0 and A_1 are constants and φ is a phase angle dependent on edge length and gate voltage.",2024-05-01,,matteroffact,Supported,,Supported,
2405.17550v1_10_T,"The non-local differential resistance in a quantum Hall-superconductor junction is given by R_d = (h/Ce²) × (t_eh^(l))/(1-t_eh^(u)t_eh^(l)), where h is Planck's constant, e is the electron charge, C is the Chern number, and t_eh^(u) and t_eh^(l) are the charge transmission fractions of the upper and lower edges.",2024-05-01,,matteroffact,Supported,,Supported,
2303.11122v1_13_F,"Both 3d and 4d/5d transition metal oxide spinels exhibit identical magnetic ordering, with all compounds showing strong antiferromagnetic configurations regardless of the transition metal type.",2023-03-01,,matteroffact,Refuted,,Refuted,
2401.17024v2_12_F,"Similar to previously discovered high-T_c superconducting hydrides such as H₃S, LaH₁₀, and YH₆, the X₂MH₆ compounds identified in this study also require extremely high pressures to achieve superconductivity.",2024-01-01,,matteroffact,Refuted,,Supported,
2212.04571v1_10_F,Discrete jumps in zero-bias conductance with increasing out-of-plane magnetic field in NbSe₂-based tunnel junctions are caused by sequential breakdown of Cooper pairs at the quantum dot site.,2022-12-01,,matteroffact,Refuted,"[{""bias"": ""clustering illusion"", ""confidence"": 0.337}]",Supported,
2312.10313v1_2_F,The superconducting gap Δ in Nb increases linearly with the Cooper pair coupling parameter λ at a rate of 0.1 eV per 1 eV increase in λ.,2023-12-01,,matteroffact,Refuted,"[{""bias"": ""Time-saving bias"", ""confidence"": 0.781}]",Refuted,
2401.11967v1_5_F,Extracting patches with random rotations and reflections from a small set of titanium alloy micrographs creates artifacts that prevent effective VAE training.,2024-01-01,,matteroffact,Refuted,"[{""bias"": ""Bias blind spot"", ""confidence"": 0.4707}]",Misleading,
2311.03271v1_10_T,Deformation twins in copper single crystals begin to form after 12 ps of simulation time when sheared at 100 m/s (strain rate of approximately 0.4 ps⁻¹),2023-11-01,,matteroffact,Supported,"[{""bias"": ""Time-saving bias"", ""confidence"": 0.8514}]",Refuted,
2303.07719v1_2_F,"In α-AgI, approximately 75% of Ag ion migrations occur through concerted motion of two Ag ions, rather than independent single-ion hopping.",2023-03-01,,matteroffact,Refuted,,Supported,
2404.17584v1_11_T,Reusing weights across all edges in the graph for equivariant convolutions reduces the number of parameters without sacrificing accuracy in homogenization tasks.,2024-04-01,,matteroffact,Supported,,Supported,
2301.06756v1_5_T,The excitonic insulator phase in solid helium exists over a pressure range of approximately 600 gigapascals before metallization according to GW calculations.,2023-01-01,,matteroffact,Supported,"[{""bias"": ""Outcome bias"", ""confidence"": 0.3784}]",Refuted,
2407.21071v2_12_T,"As lithium-ion battery pouch cells age and their internal resistance increases, the variation in current distribution across the cell is likely to decrease",2024-07-01,,matteroffact,Supported,,Refuted,
2407.10282v1_4_F,The acoustic intensity threshold for cavitation in laser-generated Al6061 melt pools is approximately 200 W/cm² which is twice the established 100 W/cm² threshold for light metal alloys in casting processes.,2024-07-01,,matteroffact,Refuted,,Misleading,
2305.11008v1_10_T,"In the ultrashort pulse laser annealing of 40 nm MoS₂ films, approximately 70% of the incident light is absorbed by the MoS₂ layer through linear 1-photon absorption, while nonlinear absorption is negligible.",2023-05-01,,matteroffact,Supported,,Misleading,
2210.06735v1_3_T,"The Al-MoS₂@rGO anode material delivers a first discharge specific capacity of 703 mAh/g at 50 mA/g, which exceeds the theoretical specific capacity of MoS₂ (670 mAh/g).",2022-10-01,,matteroffact,Supported,,Supported,
2208.04687v1_4_F,"Co₂CrAl thin films exhibit metallic behavior in electrical resistivity measurements, with resistivity decreasing as temperature decreases, consistent with the behavior expected in perfectly ordered L2₁ structure.",2022-08-01,,matteroffact,Refuted,,Supported,
2407.20263v1_12_F,"Na-Zn cell technology has advanced to pilot-scale demonstration, with most cells now being fully enclosed and operated outside laboratory environments in grid-connected installations.",2024-07-01,,matteroffact,Refuted,"[{""bias"": ""curse of knowledge"", ""confidence"": 0.4092}, {""bias"": ""Pro-Innovation Bias"", ""confidence"": 0.3691}]",Misleading,
2204.05721v1_11_T,Higher strain rate sensitivity in titanium alloys leads to greater plastic strain accumulation during stress relaxation,2022-04-01,,matteroffact,Supported,,Supported,
2310.03080v2_15_F,Spin-orbit coupling effects are essential for accurately simulating high harmonic generation in transition metal dichalcogenide monolayers.,2023-10-01,,matteroffact,Refuted,"[{""bias"": ""curse of knowledge"", ""confidence"": 0.4695}]",Supported,
2304.07224v2_4_T,"The existence of hyperplasmons in high-temperature cuprate superconductors is caused by the peculiar shape of the Fermi surface and the distribution of carrier velocities, resulting in multiple peaks in the imaginary part of the dielectric function.",2023-04-01,,matteroffact,Supported,"[{""bias"": ""curse of knowledge"", ""confidence"": 0.3559}]",Supported,
2304.08446v4_10_F,"The CDVAE-generated structures have similar density and packing fraction distributions compared to the training dataset, with a tendency toward higher density and packing fraction values.",2023-04-01,,matteroffact,Refuted,"[{""bias"": ""Bias blind spot"", ""confidence"": 0.6264}]",Misleading,
2408.10978v2_2_T,"The Debye temperatures for CsTi₃Te₅, CsZr₃Te₅, and CsHf₃Te₅ are 168.5 K, 122.5 K, and 115.8 K, respectively.",2024-08-01,,matteroffact,Supported,"[{""bias"": ""subadditivity effect"", ""confidence"": 0.5289}]",Refuted,
2208.08336v1_7_F,The smeared potential in a one-dimensional superconducting chain effectively decreases the number of occupied sites from 400 to approximately 100 for maximally smeared potential.,2022-08-01,,matteroffact,Refuted,"[{""bias"": ""Time-saving bias"", ""confidence"": 0.7832}]",Misleading,
2308.05532v1_3_F,"In AlSi7Mg matrix syntactic foams with Al2O3 reinforcing particles, the structural stiffness increases linearly with particle size according to the relationship k = 51.6 MPa + 8.2 MPa/mm · d, where d is the particle size in mm.",2023-08-01,,matteroffact,Refuted,"[{""bias"": ""Time-saving bias"", ""confidence"": 0.4539}]",Refuted,
2405.19082v1_1_F,"The latent space of the trained pVAE organizes microstructural features primarily along the second principal component, which shows the strongest correlation with mechanical properties.",2024-05-01,,matteroffact,Refuted,"[{""bias"": ""clustering illusion"", ""confidence"": 0.4989}]",Misleading,
2211.05713v2_8_T,"Molecular dynamics simulations of LGPS using smaller supercells (400 atoms) overestimate the Li+ diffusivity below 500 K compared to simulations with larger supercells (3,200 atoms).",2022-11-01,,matteroffact,Supported,,Supported,
2408.00042v3_0_T,"In non-magnetic centrosymmetric materials, crystal symmetries can enforce all bands to have nontrivial Z₂ topological properties, with weak spin-orbit coupling enforcing Dirac nodal lines and strong spin-orbit coupling enforcing nontrivial weak Z₂ topologies in 2D subplanes of the 3D Brillouin zone.",2024-08-01,,matteroffact,Supported,,Supported,
2306.12034v1_12_T,"Elevated substrate temperatures during NiBi₃ film deposition promote recrystallization, resulting in increased crystallite size and decreased full width at half maximum (FWHM) of NiBi₃ diffraction peaks.",2023-06-01,,matteroffact,Supported,,Supported,
2408.10146v2_3_T,"High-temperature grown SrZrO₃ buffer layers reduce threading dislocation density in La:BaSnO₃ heterostructures by two orders of magnitude, from 5×10¹¹ cm⁻² to 4.9×10⁹ cm⁻² compared to BaSnO₃ buffer layers",2024-08-01,,matteroffact,Supported,"[{""bias"": ""Time-saving bias"", ""confidence"": 0.7384}]",Supported,
2305.05612v2_14_F,"During nucleation and growth, {10-12} tension twins in magnesium form as a single nucleus that gradually expands along the grain boundary before growing into the grain interior.",2023-05-01,,matteroffact,Refuted,,Misleading,
2406.13070v1_4_F,Pre-aging of NiAl-coated Ni-based superalloys through thermal cycling reduces their thermomechanical fatigue life compared to as-received condition.,2024-06-01,,matteroffact,Refuted,,Supported,
2311.14529v1_17_T,In-situ scanning X-ray fluorescence microscopy enables direct imaging of sub-micrometer scale precipitation in additively manufactured aluminum alloys with high temporal and spatial resolution.,2023-11-01,,matteroffact,Supported,"[{""bias"": ""curse of knowledge"", ""confidence"": 0.5422}]",Supported,
2304.08110v5_5_F,"Point-gap topological phases can be realized in quantum Hall states in graphene by applying a magnetic field gradient, resulting in a non-Hermitian skin effect observable as a chiral tunneling effect",2023-04-01,,matteroffact,Refuted,"[{""bias"": ""Pro-Innovation Bias"", ""confidence"": 0.4657}]",Supported,
2404.12822v1_0_T,NaFe₁.₆V₀.₄(PO₄)(SO₄)₂@CNT cathode delivers a specific discharge capacity of 104 mAh/g at 0.1C with an average working voltage of approximately 3V.,2024-04-01,,matteroffact,Supported,,Supported,
2212.13877v1_9_T,The electron-phonon interaction correction to the total energy in Boron Nitride polymorphs converges with increasing q-point grid density in the Brillouin Zone.,2022-12-01,,matteroffact,Supported,,Supported,
2405.02186v1_2_T,"The p-type interface in infinite-layer nickelate thin films exhibits stronger polarity and electric field effects than the n-type interface, resulting in significant atomic displacements and modified orbital energetics at the interface.",2024-05-01,,matteroffact,Supported,,Supported,
2311.11341v1_9_F,The enhancement of effective mass in NbGe₂ is primarily due to strong electronic correlations arising from d-electron interactions rather than electron-phonon coupling.,2023-11-01,,matteroffact,Refuted,,Supported,
2403.18743v1_4_F,The radiative quality factor of silicon carbide metasurfaces supporting quasi-bound states in the continuum is inversely proportional to the tilting angle θ of the elliptical holes.,2024-03-01,,matteroffact,Refuted,,Misleading,
2408.13419v1_2_T,"The ¹H-NMR resonance line-width in lanthanum superhydride (LaH₁₀.₅) at 170 GPa is approximately 1.35 kHz FWHM, which is significantly narrower than the expected Pake-like line-width of 90-120 kHz for static hydrogen atoms at the calculated interatomic distances.",2024-08-01,,matteroffact,Supported,,Supported,
2208.10980v2_4_T,A laser source shift of 2.8 mm with a power of 10 GW causes a 120° rotation of the lightsail.,2022-08-01,,matteroffact,Supported,"[{""bias"": ""Time-saving bias"", ""confidence"": 0.4822}]",Refuted,
2405.18939v1_2_F,The vibrational properties of (LaSe)₁.₁₄(NbSe₂)₂ are dominated by hybrid modes that cannot be attributed to either of its individual subunits.,2024-05-01,,matteroffact,Refuted,,Supported,
2310.14013v1_2_T,The arithmetic mean height (Sa) of powder layer surface roughness increases almost linearly with the Bond number up to values of Bo = 217.9.,2023-10-01,,matteroffact,Supported,,Misleading,
2204.04525v1_9_F,"Approximately 50% of known intercalation compounds undergo lattice-symmetry lowering transformations, which are necessary for forming twin boundaries and other crystallographic microstructures.",2022-04-01,,matteroffact,Refuted,,Misleading,
2309.04053v2_4_T,"Ultra-high temperature ceramics have melting points above 4000°C, densities between 4.5-12.5 g/cm³, thermal conductivities greater than 140 W/mK, and coefficients of thermal expansion between 6.3 to 8.6 x 10⁻⁶/K.",2023-09-01,,matteroffact,Supported,"[{""bias"": ""subadditivity effect"", ""confidence"": 0.3918}]",Misleading,
2405.18939v1_12_F,"Bulk 2H-NbSe₂ undergoes an incommensurate charge density wave transition at 105 K, while superconductivity emerges below 10 K and suppresses the charge density wave state.",2024-05-01,,matteroffact,Refuted,"[{""bias"": ""Outcome bias"", ""confidence"": 0.4457}]",Supported,
2405.17947v1_11_F,"During lithiation, NbS₂ maintains its original AA' stacking arrangement regardless of lithium content, with no structural rearrangement needed to accommodate lithium atoms even at high concentrations.",2024-05-01,,matteroffact,Refuted,,Refuted,
2311.14529v1_16_F,"Chromium remains primarily in solid solution during heat treatment of additively manufactured Al-Mn-Cr-Zr alloys, with minimal participation in precipitation reactions.",2023-11-01,,matteroffact,Refuted,,Misleading,
2406.07144v1_12_T,High-purity Highly Oriented Pyrolytic Graphite is an effective target material for producing high-quality Diamond-Like Carbon coatings with sp³ content up to 85% using Electron Cyclotron Resonance Ion Beam Deposition.,2024-06-01,,matteroffact,Supported,"[{""bias"": ""Pro-Innovation Bias"", ""confidence"": 0.6929}]",Supported,
2208.04658v1_2_T,Annealing at 850°C transforms the nanocrystalline maghemite and amorphous strontium oxide in as-grown films into well-crystallized strontium hexaferrite with the c-axis oriented in the sample plane.,2022-08-01,,matteroffact,Supported,,Supported,
2202.01918v2_4_F,"The threshold laser fluence for crystallization of GST-225 is 13 mJ/cm² for nanosecond pulses (20 ns), while femtosecond pulses (500 fs) require a higher threshold of 36 mJ/cm².",2022-02-01,,matteroffact,Refuted,"[{""bias"": ""Time-saving bias"", ""confidence"": 0.7241}]",Supported,
2208.07823v1_14_T,"DFT calculations show that in Na2.25Y0.25Zr0.75Cl6, the layered transition metal arrangement is the lowest energy structure, but the mixed transition metal ordering is only slightly higher in energy by approximately 5-10 meV atom-1.",2022-08-01,,matteroffact,Supported,"[{""bias"": ""Time-saving bias"", ""confidence"": 0.3794}]",Supported,
2208.04687v1_7_T,"Co₂CrAl thin films exhibit a high residual resistivity of approximately 311 μΩ-cm at 2 K, which is consistent with the half-metallic nature of Heusler alloys that typically show high residual resistivity values.",2022-08-01,,matteroffact,Supported,,Supported,
2310.13945v1_9_F,"In F4̄3m Sr₂B₅, the high superconducting temperature is primarily due to strong coupling between π electronic bands and T₂ phonon modes associated with stretching of B-B bonds.",2023-10-01,,matteroffact,Refuted,,Misleading,
2312.10313v1_10_F,Surface layers in Nb films exhibit larger superconducting gaps than inner layers due to enhanced electron-phonon coupling at the surface.,2023-12-01,,matteroffact,Refuted,,Supported,
2311.14529v1_4_T,"During heat treatment of additively manufactured Al-Mn-Cr-Zr alloys at 375°C, Mn-rich precipitates at grain boundaries begin forming within the first hour, while Cr-rich precipitates begin forming after approximately 2 hours.",2023-11-01,,matteroffact,Supported,"[{""bias"": ""Time-saving bias"", ""confidence"": 0.3515}]",Supported,
2312.14311v2_7_T,The average intersection over union (IoU) accuracy of segmentation models decreases from 92% on WSe2 image patches to 86% when applied to full AFM micrographs.,2023-12-01,,matteroffact,Supported,,Misleading,
2204.07318v3_13_T,"Previous methods for studying phase transitions in materials under extreme conditions were limited by their inability to accurately include thermal effects, leading to discrepancies between theoretical predictions and experimental measurements.",2022-04-01,,matteroffact,Supported,,Supported,
2408.01267v4_4_T,"The Jahn-Teller transition in NaNiO₂ begins at approximately 460K and completes at approximately 505K, with a mixed-phase region between these temperatures.",2024-08-01,,matteroffact,Supported,"[{""bias"": ""subadditivity effect"", ""confidence"": 0.4857}]",Supported,
2404.19084v2_3_F,"Centrifugal disk finishing removes approximately 50 μm of material from the surface of additively manufactured Inconel 718, partially preserving the surface {111} fiber texture while altering the bulk cube texture.",2024-04-01,,matteroffact,Refuted,,Misleading,
2311.11341v1_3_T,The interband electron-phonon scattering coefficient (K) in NbGe₂ is approximately one order of magnitude larger than in NbSi₂ and has the opposite sign.,2023-11-01,,matteroffact,Supported,,Misleading,
2210.05010v2_13_F,"In irradiated tungsten in the athermal regime, both vacancies and interstitials are highly mobile between cascade impacts, with vacancies exhibiting greater mobility than interstitials.",2022-10-01,,matteroffact,Refuted,,Supported,
2202.04930v2_9_T,The arithmetic mean grain radius in 316L stainless steel increases from approximately 15 μm to 25 μm during 2 hours of annealing at 1050°C when twin boundaries are excluded from the analysis.,2022-02-01,,matteroffact,Supported,,Supported,
2304.02909v1_15_F,Al0.74Sc0.26N films require high-temperature epitaxial growth conditions incompatible with CMOS technology to maintain their ferroelectric functionality.,2023-04-01,,matteroffact,Refuted,,Misleading,
2211.14626v2_12_F,The superconducting diode effect in Nb/Ru/Sr₂RuO₄ junctions operates through the same Rashba spin-orbit coupling mechanism as in non-centrosymmetric superconductors.,2022-11-01,,matteroffact,Refuted,,Misleading,
2304.13927v1_9_F,"The electrolyte exploration demonstration using NIMS-OS and NAREE performed a total of 500 experiments across 20 experimental cycles, with 25 parallel experiments conducted in each cycle.",2023-04-01,,matteroffact,Refuted,,Supported,
2405.04995v1_6_F,The elastic moduli of crystalline grains in nanocrystalline metals are approximately 50% larger than the elastic moduli of grain boundaries.,2024-05-01,,matteroffact,Refuted,,Refuted,
2406.13900v1_13_F,"The Fermi pockets in the Sr₂RuO₄ surface state form primarily due to charge density wave ordering, with the pocket size and shape being largely independent of the spin-orbit coupling strength.",2024-06-01,,matteroffact,Refuted,,Refuted,
2308.05532v1_6_F,Standard estimation methods for effective thermal conductivity provide accurate predictions that closely match the measured values in AlSi7Mg matrix syntactic foams.,2023-08-01,,matteroffact,Refuted,"[{""bias"": ""Bias blind spot"", ""confidence"": 0.5759}]",Misleading,
2309.14678v2_11_T,"In both β and β″ aluminas, alkali metal vacancies are negatively charged and interstitials are positively charged across most of the bandgap.",2023-09-01,,matteroffact,Supported,,Supported,
2211.05713v2_0_T,"LGPS solid electrolyte undergoes a Li+ sublattice phase transition around 400 K, below which the ab-plane diffusivity is drastically reduced while c-channel diffusivity remains comparatively high.",2022-11-01,,matteroffact,Supported,,Supported,
2406.09461v1_7_F,"ω-Zr grains maintain isotropic growth throughout the entire transformation process, even after coming into contact with other grains",2024-06-01,,matteroffact,Refuted,,Refuted,
2304.03740v1_14_T,The ultrafine and highly interconnected silicon fiber network in quench-modified Al-Si eutectic is expected to enhance mechanical properties such as strength and ductility compared to conventional eutectic structures with coarse silicon flakes.,2023-04-01,,matteroffact,Supported,"[{""bias"": ""curse of knowledge"", ""confidence"": 0.6082}]",Supported,
2307.02870v1_1_F,Larger secondary particles in hierarchically structured electrodes improve rate capability by providing more stable structural integrity during cycling,2023-07-01,,matteroffact,Refuted,"[{""bias"": ""clustering illusion"", ""confidence"": 0.3151}]",Supported,
2304.06457v1_6_T,The dominant crystal field parameter B₂₀ for Sm³⁺ becomes more negative (from -1068 K to -1380 K) when Cu substitutes Co at the 3g sites in SmCo₅,2023-04-01,,matteroffact,Supported,"[{""bias"": ""Outcome bias"", ""confidence"": 0.4458}]",Refuted,
2310.18102v2_6_T,Moderate hydrogen doping (8 atomic percent) improves the mechanical properties of amorphous boron nitride by approximately 20 percent,2023-10-01,,matteroffact,Supported,"[{""bias"": ""Time-saving bias"", ""confidence"": 0.5995}]",Misleading,
2401.11967v1_14_T,The ResNet18 VAE preserves primary grain structures and boundaries in titanium alloy microstructures while losing fine-scale features such as alpha-s laths during reconstruction.,2024-01-01,,matteroffact,Supported,,Misleading,
2407.11580v1_8_T,"The as-built LPBF AlSi10Mg microstructure consists of α-Al cells with an average size of 360 nm, separated by eutectic mixtures containing Si precipitates with an average size of 20 nm.",2024-07-01,,matteroffact,Supported,,Supported,
2402.08326v2_14_T,"For Al/C60 nanocomposites, an analytical model incorporating the interphase layer underestimates the bulk modulus by approximately 40%, while a two-phase model without an interphase layer overestimates it by 4.5 times compared to molecular dynamics simulations.",2024-02-01,,matteroffact,Supported,"[{""bias"": ""Planning Fallacy"", ""confidence"": 0.3565}]",Supported,
2406.12453v1_4_T,Sr₃Ni₁.₇₅Al₀.₂₅O₇ exhibits a magnetic transition at approximately 12.5 K with an effective magnetic moment of 3.87 μB and a Weiss temperature of -50 K.,2024-06-01,,matteroffact,Supported,,Supported,
2211.15972v1_0_F,Doping bilayer CrI3 with C or N atoms can transform the interlayer magnetic coupling from antiferromagnetic to ferromagnetic,2022-11-01,,matteroffact,Refuted,"[{""bias"": ""curse of knowledge"", ""confidence"": 0.4121}]",Supported,
2205.06324v2_19_F,GNN surrogate models for predicting micromechanical response are too computationally intensive to be embedded into larger-scale simulations for component-scale failure predictions.,2022-05-01,,matteroffact,Refuted,"[{""bias"": ""Bias blind spot"", ""confidence"": 0.8266}]",Misleading,
2406.17511v1_14_T,"Nanosecond laser annealing of boron-implanted silicon layers can achieve superconducting critical temperatures comparable to those obtained by Gas Immersion Laser Doping, despite the different dopant incorporation methods",2024-06-01,,matteroffact,Supported,"[{""bias"": ""Bias blind spot"", ""confidence"": 0.4385}]",Supported,
2303.00846v1_15_T,"The superconducting transition temperature of the FeSe crystals studied is 9.6 ± 0.2 K, with a structural transition from tetragonal to orthorhombic symmetry occurring at approximately 90 K.",2023-03-01,,matteroffact,Supported,"[{""bias"": ""subadditivity effect"", ""confidence"": 0.4143}]",Supported,
2308.00800v1_13_T,"The 2D phase-field model for fatigue crack growth in aluminum sheets cannot capture three-dimensional effects such as crack tunneling, slant crack growth, and variations in the crack front, which affect crack closure behavior and crack propagation rates.",2023-08-01,,matteroffact,Supported,"[{""bias"": ""Bias blind spot"", ""confidence"": 0.7789}]",Supported,
2306.10385v2_5_F,"The internal pressure of AlF₃-induced blisters in graphite increases with increasing cluster size, with calculated values of 2.0, 4.5, and 7.0 GPa for blisters containing one, two, and three AlF₃ molecules, respectively.",2023-06-01,,matteroffact,Refuted,,Supported,
2308.01135v4_9_F,Lead apatite (Pb10(PO4)6O) has a calculated band gap of approximately 2.1 eV when using the HSE06 hybrid exchange-correlation functional.,2023-08-01,,matteroffact,Refuted,,Supported,
2310.15331v2_14_T,"Higher-order Van Hove singularities with power-law divergences in the density of states can significantly enhance the effects of even weak electron-electron interactions, potentially leading to novel quantum phases and unconventional thermodynamic and transport properties in two-dimensional materials.",2023-10-01,,matteroffact,Supported,"[{""bias"": ""Pro-Innovation Bias"", ""confidence"": 0.6965}]",Supported,
2208.13993v1_2_T,"Energy Dispersive Spectroscopy (EDS) analysis reveals that SnSe thin films deposited on glass substrates have a Sn:Se ratio of approximately 0.6:1, while films on alumina substrates have a higher Sn:Se ratio of approximately 2.05:1.",2022-08-01,,matteroffact,Supported,"[{""bias"": ""Planning Fallacy"", ""confidence"": 0.4553}]",Misleading,
2211.06285v2_9_F,"In V₂O₅, changes in the effective gap and electron-hole interaction under structural distortions are cumulative rather than cancelling, with the bright exciton's effective gap decreasing by 0.7 eV and its electron-hole interaction increasing by 0.5 eV, resulting in a large binding energy change of 1.2 eV.",2022-11-01,,matteroffact,Refuted,"[{""bias"": ""Time-saving bias"", ""confidence"": 0.9779}]",Supported,
2303.04621v2_3_F,"Slip systems always have lower shear magnitude than twin systems in cubic lattices, making them energetically preferred deformation mechanisms.",2023-03-01,,matteroffact,Refuted,,Misleading,
2407.21071v2_8_T,"In uniform lithium-ion battery pouch cells, lithium plating primarily occurs at the end opposite to the tabs and progresses upward toward the tabs during high-rate charging",2024-07-01,,matteroffact,Supported,,Supported,
2307.13990v1_6_T,"The Fermi surface of the Al/Au heterostructure consists of four circular rings with Fermi momenta at 0.124, 0.141, 0.278, and 0.308 Å^-1, where the inner rings are primarily composed of Al states and the outer rings of Au states.",2023-07-01,,matteroffact,Supported,"[{""bias"": ""subadditivity effect"", ""confidence"": 0.5064}]",Supported,
2310.13945v1_6_T,"F4̄3m Sr₂B₅ exhibits the highest density of states at the Fermi level among the studied metal borides, with boron atoms contributing approximately twice as much as they do in MgB₂.",2023-10-01,,matteroffact,Supported,,Misleading,
2303.07504v1_6_F,"In the Mg-Al-Ca system, the chemical potential of the nucleation barrier for the bulk Al2Ca-C15 Laves phase is -0.35 eV, which is lower than the equilibrium chemical potential of -0.30 eV.",2023-03-01,,matteroffact,Refuted,"[{""bias"": ""Time-saving bias"", ""confidence"": 0.7536}]",Refuted,
2209.12517v2_6_F,"The theoretical phonon spectrum of hexagonal uranium shows a softening of the phonon mode at the M point as the c/a ratio increases, with a crossover to negative (imaginary) phonon energies occurring between c/a ratios of 1.84 and 1.95.",2022-09-01,,matteroffact,Refuted,"[{""bias"": ""subadditivity effect"", ""confidence"": 0.3391}]",Supported,
2202.01918v2_2_T,"The maximum crystal growth velocity in GST-225 is approximately 1.7 m/s at around 427°C, which closely matches the theoretical prediction of 1.5 m/s from density functional theory calculations.",2022-02-01,,matteroffact,Supported,,Supported,
2204.07318v3_15_T,The high efficiency and precision of the Direct Integral Approach make it suitable for studying phase behaviors of various condensed-matter materials under extreme conditions in future research.,2022-04-01,,matteroffact,Supported,"[{""bias"": ""Pro-Innovation Bias"", ""confidence"": 0.3965}, {""bias"": ""curse of knowledge"", ""confidence"": 0.3084}]",Supported,
2404.09806v1_14_T,"The phase-field model predicts β phase volume fractions at 850°C of 28-29% in simulations, which agrees within 3-10 percentage points with experimental measurements of 18-26%.",2024-04-01,,matteroffact,Supported,"[{""bias"": ""subadditivity effect"", ""confidence"": 0.5801}]",Supported,
2305.05612v2_12_F,"The equilibrium excess surface energies of coherent twin boundaries (CTB), basal-prismatic/prismatic-basal boundaries (PB), and I₁ stacking faults (SF) in magnesium are 100, 100, and 50 mJ/m² respectively.",2023-05-01,,matteroffact,Refuted,"[{""bias"": ""subadditivity effect"", ""confidence"": 0.4807}]",Refuted,
2305.05612v2_15_F,"The Burgers vectors of the basal-prismatic disconnections on the twin boundary in magnesium have uniform magnitudes of exactly 0.5a, where a is the lattice constant.",2023-05-01,,matteroffact,Refuted,"[{""bias"": ""Outcome bias"", ""confidence"": 0.3479}]",Refuted,
2306.15502v1_5_T,"In repetitive switching experiments, Process 1 MRAM bits show a variance of 10.7 in switching events, while Process 2 bits show a reduced variance of 9.3, both significantly higher than the binomial distribution variance of 2.5",2023-06-01,,matteroffact,Supported,"[{""bias"": ""Time-saving bias"", ""confidence"": 0.4193}]",Supported,
2406.07144v1_7_T,"The sp³ content in Diamond-Like Carbon coatings produced by Electron Cyclotron Resonance Ion Beam Deposition follows a non-linear relationship with ion beam energy, peaking at 85% with 10 kV and decreasing to approximately 45-50% at both 4 kV and 16 kV.",2024-06-01,,matteroffact,Supported,"[{""bias"": ""subadditivity effect"", ""confidence"": 0.3941}, {""bias"": ""Time-saving bias"", ""confidence"": 0.3551}]",Supported,
2403.09609v1_9_T,"The Ti-6Al-4V alloy transforms from β to α phase during cooling at 995°C, which is its β-transus temperature.",2024-03-01,,matteroffact,Supported,"[{""bias"": ""Outcome bias"", ""confidence"": 0.4564}]",Supported,
2212.05704v1_4_F,"X-ray diffraction patterns of La₀.₇Sr₀.₃MnO₃/Sr₃Al₂O₆ films grown on pristine and recycled SrTiO₃ substrates show the (008) Sr₃Al₂O₆ peak on the right side and the (002) La₀.₇Sr₀.₃MnO₃ peak on the left side of the (002) SrTiO₃ peak, with several impurity phases detected in the 20-80° range.",2022-12-01,,matteroffact,Refuted,"[{""bias"": ""subadditivity effect"", ""confidence"": 0.5365}]",Misleading,
2405.18939v1_11_F,"In (LaSe)₁.₁₄(NbSe₂)₂, the A₁g modes from the NbSe₂ subunit are primarily active in crossed polarization, while the Eg modes are exclusively active in parallel polarization.",2024-05-01,,matteroffact,Refuted,"[{""bias"": ""subadditivity effect"", ""confidence"": 0.4084}]",Supported,
2306.04157v1_15_F,High-quality single crystals of LaNiO3 can only be grown using the optical floating zone technique under oxygen pressures exceeding 200 bar.,2023-06-01,,matteroffact,Refuted,"[{""bias"": ""curse of knowledge"", ""confidence"": 0.3809}]",Refuted,
2311.14529v1_7_F,"The powder bed fusion-laser beam process enables Al-Mn-Cr-Zr alloys to incorporate Mn, Cr, and Zr in solid solution at amounts approximately equal to equilibrium in the as-printed state.",2023-11-01,,matteroffact,Refuted,,Misleading,
2304.03740v1_9_F,"The isotropic growth in quench-modified Al-Si eutectic is primarily due to the formation of amorphous silicon during rapid solidification, which lacks crystallographic growth constraints.",2023-04-01,,matteroffact,Refuted,,Misleading,
2211.14626v2_7_F,"The superconducting diode effect in Nb/Ru/Sr₂RuO₄ junctions appears at 2.2 K, coinciding with the onset of the 3-K phase at the Ru/Sr₂RuO₄ interface.",2022-11-01,,matteroffact,Refuted,"[{""bias"": ""subadditivity effect"", ""confidence"": 0.586}]",Supported,
2202.00460v1_15_T,"The synthesis of nanographene structures on a superconducting substrate (Ag/Nb) represents a significant advance over previous methods limited to noble metals or metal oxides, enabling the study of proximity-induced superconductivity in atomically precise carbon nanostructures.",2022-02-01,,matteroffact,Supported,"[{""bias"": ""curse of knowledge"", ""confidence"": 0.3892}, {""bias"": ""Pro-Innovation Bias"", ""confidence"": 0.3544}]",Supported,
2202.01918v2_9_T,"Vacancies in GST-225 are an intrinsically important part of the crystal structure, primarily forming at sites that would have been occupied by germanium atoms, and are necessary for maintaining long-range order and crystal stability.",2022-02-01,,matteroffact,Supported,,Supported,
2405.18946v3_9_F,"The two-dimensional electron liquids on TiO₂-terminated and SrO-terminated SrTiO₃(001) surfaces have significantly different carrier densities, with electrons originating primarily from their respective surface defects",2024-05-01,,matteroffact,Refuted,"[{""bias"": ""Distinction bias"", ""confidence"": 0.6625}]",Supported,
2405.03680v2_1_T,"AtomGPT achieves a mean absolute error of 0.139 eV for OptB88vdW bandgap prediction, outperforming ALIGNN which achieves 0.142 eV.",2024-05-01,,matteroffact,Supported,"[{""bias"": ""Time-saving bias"", ""confidence"": 0.6569}]",Supported,
2404.00214v1_13_F,"The magnetism in Ruddlesden-Popper ruthenates Sr(n+1)Ru(n)O(3n+1) is primarily determined by the in-plane Ru-O-Ru bond angle, with ferromagnetism favored by larger bond angles",2024-04-01,,matteroffact,Refuted,"[{""bias"": ""subadditivity effect"", ""confidence"": 0.4186}]",Supported,
2212.02899v1_4_T,"The normalized jump in electronic heat capacity at the superconducting transition in LaRh₃B₂ is approximately 1.44, close to the BCS value for weak coupling superconductors.",2022-12-01,,matteroffact,Supported,,Supported,
2405.11460v1_9_F,The electric modulus scaling analysis of Na₃₊ₓZr₂₋ₓPrₓSi₂PO₁₂ (x = 0.05-0.2) ceramics shows that different samples exhibit distinct relaxation mechanisms that vary significantly with temperature.,2024-05-01,,matteroffact,Refuted,,Supported,
2205.05514v2_16_F,The thin plate spline transformation function requires a minimum of 100 control points evenly distributed across the image to effectively correct distortions in EBSD maps,2022-05-01,,matteroffact,Refuted,"[{""bias"": ""clustering illusion"", ""confidence"": 0.4002}]",Misleading,
2408.10978v2_12_T,"The inclusion of spin-orbit coupling (SOC) effects does not significantly alter the elastic constants of CsM₃Te₅ (M = Ti, Zr, Hf) kagome metals.",2024-08-01,,matteroffact,Supported,,Misleading,
2205.05514v2_16_T,The thin plate spline transformation function effectively corrects distortions in EBSD maps by modeling the deformation as a plate of infinite extent bending under point loads at control points,2022-05-01,,matteroffact,Supported,"[{""bias"": ""Bias blind spot"", ""confidence"": 0.4763}, {""bias"": ""clustering illusion"", ""confidence"": 0.3405}]",Supported,
2304.03740v1_1_T,"Laser rapid solidification produces Al-Si eutectic structures with Si fibers having an average radius of 22.5 nm and spacing of 91.0 nm, which is approximately 24 times finer than impurity-modified structures with 550 nm radius and 2 μm spacing.",2023-04-01,,matteroffact,Supported,"[{""bias"": ""Time-saving bias"", ""confidence"": 0.5974}]",Supported,
2309.01755v1_5_F,"Pb₁₀(PO₄)₆O₄ exhibits an antiferromagnetic ground state with a total magnetic moment of 0 μB, primarily originating from lead atoms at 6h Wyckoff positions.",2023-09-01,,matteroffact,Refuted,,Refuted,
2311.13599v1_12_F,"Current thermal barrier coating thicknesses are standardized at approximately 500 μm for all gas turbine engine components, requiring uniform absorption coefficients across all applications.",2023-11-01,,matteroffact,Refuted,,Refuted,
2404.05398v1_5_T,The longitudinal speed of sound in HfN thin films is 5.4 nm/ps.,2024-04-01,,matteroffact,Supported,"[{""bias"": ""Time-saving bias"", ""confidence"": 0.3938}]",Refuted,
2304.04986v3_15_T,Training DRXNet on data from materials with three transition metals is necessary to accurately predict the performance of high-entropy disordered rocksalt cathodes with more than three transition metals.,2023-04-01,,matteroffact,Supported,"[{""bias"": ""Bias blind spot"", ""confidence"": 0.4092}]",Misleading,
2208.07823v1_12_F,"The quenched Na3YCl6 sample exhibits an ionic conductivity of 9.5×10-8 S cm-1 at 25°C, which is over three orders of magnitude higher than the twice ball milled sample's conductivity of 1.6×10-11 S cm-1 at 60°C.",2022-08-01,,matteroffact,Refuted,,Misleading,
2301.06756v1_15_F,The superconducting critical temperature in metallic helium steadily increases throughout the entire pressure range from metallization to 100 terapascals.,2023-01-01,,matteroffact,Refuted,,Refuted,
2402.18588v2_11_F,"LK-99 exhibits dispersive bands near the Fermi level primarily contributed by Pb-6p orbitals, with minimal contribution from Cu-3d orbitals.",2024-02-01,,matteroffact,Refuted,,Supported,
2403.07416v2_11_T,"In experimental observations of directionally solidified Mg-1wt%Gd alloy, grain boundaries between grains with opposite growth directions can exhibit orientation discrepancies of up to 10° compared to phase-field predictions.",2024-03-01,,matteroffact,Supported,,Supported,
2312.05681v2_2_T,"The lithium transference number in LiTFSI-PEO electrolytes reaches a minimum value at the ionic concentration where conductivity is maximum (Li:PEO ratio of 3.2), and increases at higher concentrations.",2023-12-01,,matteroffact,Supported,"[{""bias"": ""Pro-Innovation Bias"", ""confidence"": 0.3392}]",Supported,
2310.15331v2_8_F,The Hellman-Feynman theorem is fundamentally limited to first-order derivatives and cannot be extended to evaluate higher-order derivatives needed for detecting higher-order Van Hove singularities in complex electronic structures.,2023-10-01,,matteroffact,Refuted,"[{""bias"": ""Bias blind spot"", ""confidence"": 0.6513}]",Refuted,
2212.06128v1_3_F,"At low pressures, Cu impurities enhance the nematic phase while suppressing the superconducting phase of FeSe, indicating separate origins for these phases.",2022-12-01,,matteroffact,Refuted,,Supported,
2403.18441v1_14_F,"The temperature distribution in the workpiece during machining is modeled using only a single heat source from the primary shear zone, without accounting for tool-chip interface friction or coolant effects.",2024-03-01,,matteroffact,Refuted,"[{""bias"": ""Bias blind spot"", ""confidence"": 0.7174}]",Misleading,
2208.10980v2_6_T,"For a fixed laser irradiance of 1 GW/m², a nanosatellite with an area-to-mass ratio of 50 m²/kg achieves a velocity gain of 5 km/s in approximately 15 seconds, while one with an area-to-mass ratio of 10 m²/kg requires approximately 75 seconds.",2022-08-01,,matteroffact,Supported,"[{""bias"": ""Time-saving bias"", ""confidence"": 0.9609}]",Supported,
2312.10313v1_11_T,"The tight-binding implementation of the Bogoliubov-de Gennes method allows for a realistic description of superconductivity with parameters obtained from density functional theory, enabling the study of superconducting properties across different dimensions.",2023-12-01,,matteroffact,Supported,"[{""bias"": ""curse of knowledge"", ""confidence"": 0.3879}]",Supported,
2312.03989v1_4_F,Changes in X-ray beam flux produce approximately 2 times larger changes in the rare event indicator compared to changes in the starting rotation angle.,2023-12-01,,matteroffact,Refuted,,Misleading,
2203.11013v1_11_T,Nearly all 3d transition metals exhibit maximum driving force (MDF) values ranging from -0.25 to -0.75 eV per metal atom for oxide formation in aqueous environments,2022-03-01,,matteroffact,Supported,"[{""bias"": ""subadditivity effect"", ""confidence"": 0.6427}]",Misleading,
2407.20263v1_8_F,"LiCl can reduce the volume change upon crystallization of the Na-Zn cell electrolyte to 4%, making it an ideal alternative to CaCl₂ due to its low toxicity and electrochemical stability.",2024-07-01,,matteroffact,Refuted,,Misleading,
2203.16766v2_3_F,Numerical simulations of light propagation at oblique incidence are stable without any special treatment at the interface between vacuum and medium,2022-03-01,,matteroffact,Refuted,"[{""bias"": ""Bias blind spot"", ""confidence"": 0.3836}]",Refuted,
2207.13900v2_5_F,FeRh under high compressive strain shows enhanced structural stability due to the absence of peaks near the Fermi energy.,2022-07-01,,matteroffact,Refuted,,Supported,
2408.01267v4_9_F,"NaNiO₂ exhibits negative thermal expansion through the Jahn-Teller transition, which is consistent with an order-disorder transition mechanism.",2024-08-01,,matteroffact,Refuted,,Misleading,
2309.07046v1_15_T,"In-situ powder X-ray diffraction studies of the 1.3MgH₂ + Fe + 4B reaction revealed the formation of unknown phases at specific temperature ranges: an α-phase appearing at 560°C and persisting until 760°C, and a β-phase forming at 690°C and disappearing at 820°C.",2023-09-01,,matteroffact,Supported,"[{""bias"": ""subadditivity effect"", ""confidence"": 0.5661}]",Supported,
2404.11300v1_0_F,"In electron-doped Sr₂₋ᵧLaᵧRuO₄, the low-temperature thermopower becomes positive only near the Van Hove singularity point at y ≈ 0.2",2024-04-01,,matteroffact,Refuted,"[{""bias"": ""subadditivity effect"", ""confidence"": 0.3523}]",Supported,
2204.04525v1_14_T,"The layered structure of V2O5 undergoes an unfolding type of structural transformation during deintercalation, where VO5 pyramids that form puckered layers unfold, with deep discharge leading to an increasingly disordered or amorphous phase.",2022-04-01,,matteroffact,Supported,"[{""bias"": ""curse of knowledge"", ""confidence"": 0.5103}]",Supported,
2210.10242v2_3_F,Muon spin rotation (μSR) cannot provide reliable information about hydrogen states in MgH₂ due to fundamental differences between muon and hydrogen behavior.,2022-10-01,,matteroffact,Refuted,"[{""bias"": ""Bias blind spot"", ""confidence"": 0.5523}]",Misleading,
2310.13945v1_9_T,"In F4̄3m Sr₂B₅, the high superconducting temperature is primarily due to strong coupling between σ electronic bands and E phonon modes associated with rocking vibrations of B₄ units.",2023-10-01,,matteroffact,Supported,,Misleading,
