id,text,image,date,author,label,review
0,"'Cow farts [methane emissions from cattle] are blamed for climate change, but there are bigger issues like people burning millions of tires in the deserts of Kuwait.'",,2024-11-23 00:00:00+00:00,social media posts,refuted,"[{'comment': None, 'languageCode': 'en', 'publisher': {'name': 'Climate Feedback', 'site': 'climatefeedback.org'}, 'reviewDate': '2024-11-23T00:00:00Z', 'textualRating': 'Inaccurate', 'title': 'Tire fires in Kuwait have a much smaller climate influence than methane emissions from cows, contrary to claims', 'url': 'https://climatefeedback.org/claimreview/tire-fires-in-kuwait-have-a-much-smaller-climate-influence-than-methane-emissions-from-cows-contrary-to-claims/'}]"
1,'New study shows that climate change is greatly overestimated because oceans are cooling Earth far more than we thought.',,2024-11-23 00:00:00+00:00,Social media users,refuted,"[{'comment': None, 'languageCode': 'en', 'publisher': {'name': 'Science Feedback', 'site': 'science.feedback.org'}, 'reviewDate': '2025-01-06T00:00:00Z', 'textualRating': 'Inaccurate', 'title': 'Tire fires in Kuwait have a much smaller climate influence than methane emissions from cows, contrary to claims', 'url': 'https://science.feedback.org/review/tire-fires-in-kuwait-have-a-much-smaller-climate-influence-than-methane-emissions-from-cows-contrary-to-claims/'}]"
2,'Climate change has only had 'positive effects' on global food production.',,2024-10-20 00:00:00+00:00,Facebook user,refuted,"[{'comment': None, 'languageCode': 'en', 'publisher': {'name': 'USA Today', 'site': 'usatoday.com'}, 'reviewDate': '2024-12-02T21:34:48Z', 'textualRating': 'False', 'title': 'False claim climate change only positive for crops | Fact check', 'url': 'https://www.usatoday.com/story/news/factcheck/2024/12/02/climate-change-effect-crops-fact-check/76211021007/'}]"
3,'Cows' burps are a non-existent problem for climate change',,,Nikolaj Kristensen,refuted,"[{'comment': None, 'languageCode': 'en', 'publisher': {'name': 'Logically Facts', 'site': 'logicallyfacts.com'}, 'reviewDate': '2024-11-27T00:00:00Z', 'textualRating': 'False', 'title': ""Cow burps are not a 'non-existent problem' for the climate"", 'url': 'https://www.logicallyfacts.com/en/fact-check/cow-burps-are-not-a-non-existent-problem-for-the-climate'}]"
4,'The UK government is to fund “Bill Gates’ geoengineering experiments” to explore combatting global warming by cooling the earth.',,2024-11-24 00:00:00+00:00,facebook user,misleading,"[{'comment': None, 'languageCode': 'en', 'publisher': {'name': 'Full Fact', 'site': 'fullfact.org'}, 'reviewDate': '2024-11-29T00:00:00Z', 'textualRating': 'This isn’t quite right. The Advanced Research and Intervention Agency (ARIA), a non-departmental public body which funds scientific or technological research, has confirmed Bill Gates is not involved in funding or developing the programme.', 'title': 'UK has not agreed to fund ‘Bill Gates’ geoengineering experiments’ – Full Fact', 'url': 'https://fullfact.org/environment/bill-gates-geoengineering-uk-government-funding/'}]"
5,'First-ever snowfall on record in the Al-Jouf (or Al-Jawf) desert in Saudi Arabia occurred in early November 2024.',,2024-11-03 00:00:00+00:00,Social media user,refuted,"[{'comment': None, 'languageCode': 'en', 'publisher': {'name': 'Science Feedback', 'site': 'science.feedback.org'}, 'reviewDate': '2024-11-22T00:00:00Z', 'textualRating': 'Incorrect.', 'title': 'Hailstorm in Saudi Arabian desert mistaken for snow, sparking misleading climate claims online', 'url': 'https://science.feedback.org/hailstorm-in-saudi-arabian-desert-mistaken-for-snow-sparking-misleading-climate-claims-online/'}]"
6,'A staggering $41 billion has gone missing from the globalist World Bank’s Climate Change fund under the watch of Ajay Banga.',,2024-10-28 00:00:00+00:00,Viral Social Media Post,refuted,"[{'comment': None, 'languageCode': 'en', 'publisher': {'name': 'DigitEye India', 'site': 'digiteye.in'}, 'reviewDate': '2024-11-06T00:00:00Z', 'textualRating': ""Totally False. Oxfam’s Climate Finance Unchecked report covered the 2017/18 to 2022/23 financial years, much before Ajay Banga's tenure started at the World Bank."", 'title': 'Has $41 billion climate fund gone missing from World Bank under Ajay Banga? Fact Check', 'url': 'https://digiteye.in/has-41-billion-climate-fund-gone-missing-from-world-bank-under-ajay-banga-fact-check/'}]"
7,'Impact of human-induced CO2 is insignificant when compared to natural climate variations.',,2024-11-10 00:00:00+00:00,Facebook users,refuted,"[{'comment': None, 'languageCode': 'en', 'publisher': {'name': 'AFP Fact Check', 'site': 'factcheck.afp.com'}, 'reviewDate': '2024-11-25T21:54:00Z', 'textualRating': 'False', 'title': 'Paleoclimate graph misused to deny global warming', 'url': 'https://factcheck.afp.com/doc.afp.com.36N447C'}]"
8,'Rising CO2 and temperatures are behind the global boost in grain production over the last 60 years.',,2024-10-28 00:00:00+00:00,Social media posts,misleading,"[{'comment': None, 'languageCode': 'en', 'publisher': {'name': 'Australian Associated Press', 'site': 'aap.com.au'}, 'reviewDate': '2024-11-25T00:00:00Z', 'textualRating': 'Misleading. Research reveals the increase in grain production is despite the combined impact of CO2 and temperatures, not because of it.', 'title': 'Grain production graph misleads on climate change impact', 'url': 'https://www.aap.com.au/factcheck/grain-production-graph-misleads-on-climate-change-impact/'}]"
9,'A study into global warming proves it is a hoax.',,2024-10-15 00:00:00+00:00,Facebook users,refuted,"[{'comment': None, 'languageCode': 'en', 'publisher': {'name': 'Australian Associated Press', 'site': 'aap.com.au'}, 'reviewDate': '2024-10-23T00:00:00Z', 'textualRating': 'False. The study detected no change in the rate of temperatures rises, but it found the globe has indeed been warming for decades.', 'title': 'False claims global warming is a hoax due to failure to understand research', 'url': 'https://www.aap.com.au/factcheck/false-claims-global-warming-is-a-hoax-due-to-failure-to-understand-research/'}]"
10,"'HAARP is responsible for recent floods in Spain, New Mexico, and elsewhere.'",,2024-10-30 00:00:00+00:00,Viral social media post,refuted,"[{'comment': None, 'languageCode': 'en', 'publisher': {'name': 'Science Feedback', 'site': 'science.feedback.org'}, 'reviewDate': '2024-11-08T00:00:00Z', 'textualRating': 'Incorrect', 'title': 'No, HAARP can’t create floods, climate change can make heavy ...', 'url': 'https://science.feedback.org/review/haarp-cant-create-floods-climate-change-can-make-heavy-rainfall-more-extreme/'}]"
11,'The World Economic Forum (WEF) demanded a ban on homegrown plants to check global warming.',,2024-10-09 08:02:12+00:00,Twitter users,refuted,"[{'comment': None, 'languageCode': 'en', 'publisher': {'name': 'TeluguPost', 'site': 'telugupost.com'}, 'reviewDate': '2024-10-09T08:02:12Z', 'textualRating': 'False', 'title': 'Fact Check: WEF did not caution govts on banning homegrown plants to check global warming | WEF did not caution govts on banning homegrown plants to check global warming', 'url': 'https://www.telugupost.com/english-factcheck/wef-did-not-caution-govts-on-banning-homegrown-plants-to-check-global-warming-1554183'}]"
12,'There were no hurricanes this season even despite forecasts for a high activity; it has been a light hurricane season.',,2024-09-09 00:00:00+00:00,"Matt Walsh, Ben Shapiro",misleading,"[{'comment': None, 'languageCode': 'en', 'publisher': {'name': 'Science Feedback', 'site': 'science.feedback.org'}, 'reviewDate': '2024-09-27T00:00:00Z', 'textualRating': 'Factually inaccurate', 'title': 'Hurricane predictions aren’t perfect, but that does not ‘invalidate climate change theory’, contrary to Daily Wire claims', 'url': 'https://science.feedback.org/review/hurricane-predictions-arent-perfect-but-does-not-invalidate-climate-change-contrary-daily-wire-matt-walsh-ben-shapiro/'}]"
13,'A Centers for Disease Control and Prevention study finds children who received the Pfizer covid vaccine are more likely to get covid infection than unvaccinated.',,2025-01-03 00:44:34+00:00,instagram.com,refuted,"[{'comment': None, 'languageCode': 'en', 'publisher': {'name': 'Lead Stories', 'site': 'leadstories.com'}, 'reviewDate': '2025-01-03T00:44:34Z', 'textualRating': 'No Difference', 'title': 'Fact Check: CDC Study Does NOT Prove Pfizer COVID Vaccine Increases Infection Risk In Young Children', 'url': 'https://leadstories.com/hoax-alert/2025/01/fact-check-cdc-study-does-not-prove-pfizer-covid-vaccine-increases-infection-risk-in-young-children.html'}]"
14,'Japan named COVID-19 mRNA vaccine the 'deadliest drug in history'',,2024-11-12 00:00:00+00:00,X users,refuted,"[{'comment': None, 'languageCode': 'en', 'publisher': {'name': 'AFP Fact Check', 'site': 'factcheck.afp.com'}, 'reviewDate': '2025-01-03T03:31:00Z', 'textualRating': 'False', 'title': ""Social media posts falsely claim Japan named Covid vaccine 'deadliest drug'"", 'url': 'https://factcheck.afp.com/doc.afp.com.36Q79YW'}]"
15,"'The CEO of BioNTech, which developed a COVID-19 vaccine with Pfizer, did not get vaccinated.'",,2024-12-19 00:00:00+00:00,Social media users,refuted,"[{'comment': None, 'languageCode': 'en', 'publisher': {'name': 'Australian Associated Press', 'site': 'aap.com.au'}, 'reviewDate': '2024-12-30T00:00:00Z', 'textualRating': ""False: CEO Ugur Sahin was vaccinated in January 2021 and claims he was unvaccinated stem from an interview conducted when he wasn't eligible."", 'title': 'Claims vaccine company CEO didn’t get the COVID jab are false', 'url': 'https://www.aap.com.au/factcheck/claims-vaccine-company-ceo-didnt-get-the-covid-jab-are-false/'}]"
16,'Australian officials have warned that vaccine-linked turbo cancers will kill billions.',,2024-12-13 00:00:00+00:00,social media users,refuted,"[{'comment': None, 'languageCode': 'en', 'publisher': {'name': 'Australian Associated Press', 'site': 'aap.com.au'}, 'reviewDate': '2024-12-23T00:00:00Z', 'textualRating': 'False. No official Australian source has issued such a warning.', 'title': 'No truth in COVID vaccine-related ‘turbo cancer’ warning', 'url': 'https://www.aap.com.au/factcheck/no-truth-in-covid-vaccine-related-turbo-cancer-warning/'}]"
17,"“Ivermectin is a treatment after Covid and after vaccination, it is an effective medicine in all phases of Covid 19.”",,2024-12-10 00:00:00+00:00,Facebook posts,refuted,"[{'comment': None, 'languageCode': 'en', 'publisher': {'name': 'PolitiFact', 'site': 'politifact.com'}, 'reviewDate': '2024-12-19T00:00:00Z', 'textualRating': 'False', 'title': 'No, ivermectin still isn’t an effective COVID-19 treatment', 'url': 'https://www.politifact.com/factchecks/2024/dec/19/facebook-posts/no-ivermectin-still-isnt-an-effective-covid-19-tre/'}]"
18,'RFK Jr's only statement on vaccines is that they need to be studied.',,2024-12-10 00:00:00+00:00,Instagram user,refuted,"[{'comment': None, 'languageCode': 'en', 'publisher': {'name': 'USA Today', 'site': 'usatoday.com'}, 'reviewDate': '2024-12-18T21:44:32Z', 'textualRating': 'False', 'title': ""No, RFK Jr. didn't just say vaccines 'should be studied' | Fact check"", 'url': 'https://www.usatoday.com/story/news/factcheck/2024/12/18/rfk-jr-vaccines-misinformation-fact-check/76943652007/'}]"
19,'Vaccine researcher warned ‘multiple viruses will be unleashed’ in January',,2024-12-04 00:00:00+00:00,Instagram users,refuted,"[{'comment': None, 'languageCode': 'en', 'publisher': {'name': 'USA Today', 'site': 'usatoday.com'}, 'reviewDate': '2024-12-12T19:54:10Z', 'textualRating': 'False', 'title': 'Post misleads on comments about public health threats | Fact check', 'url': 'https://www.usatoday.com/story/news/factcheck/2024/12/12/viruses-trump-public-health-fact-check/76920994007/'}]"
20,'South African trauma surgeon Dr Vicky Jennings die after suffering a sudden heart attack due to COVID19 vaccine',,2024-12-12 21:48:00+00:00,facebook.com,refuted,"[{'comment': None, 'languageCode': 'en', 'publisher': {'name': 'Lead Stories', 'site': 'leadstories.com'}, 'reviewDate': '2024-12-12T21:48:00Z', 'textualRating': 'No Vax Link', 'title': ""Fact Check: 'Pro-Vaccine' Surgeon Did NOT Die Of COVID-19 Vaccine-Related Heart Attack"", 'url': 'https://leadstories.com/hoax-alert/2024/12/fact-check-pro-vaccine-surgeon-did-not-die-of-covid19-vaccine-related-heart-attack.html'}]"
21,“79.4% of babies who die of SIDS had a vaccine the same day”,,2024-12-12 00:00:00+00:00,Jodie Meschuk,refuted,"[{'comment': None, 'languageCode': 'en', 'publisher': {'name': 'Science Feedback', 'site': 'science.feedback.org'}, 'reviewDate': '2024-12-03T00:00:00Z', 'textualRating': 'Inaccurate', 'title': 'Claim that 79.4% of SIDS deaths occurred on same day as vaccination misinterprets CDC study', 'url': 'https://science.feedback.org/review/claim-79-4-sids-deaths-occurred-same-day-vaccination-misinterprets-cdc-study/'}]"
22,'Kelly Powers died from 'turbo cancer' caused by the Covid-19 vaccine',,2024-04-12 00:00:00+00:00,The People's Voice,refuted,"[{'comment': None, 'languageCode': 'en', 'publisher': {'name': 'AFP Fact Check', 'site': 'factcheck.afp.com'}, 'reviewDate': '2024-12-12T18:19:00Z', 'textualRating': 'False', 'title': ""Fox News commentator did not die of 'turbo cancer'"", 'url': 'https://factcheck.afp.com/doc.afp.com.36Q69EN'}]"
23,'Recurring ear infections in children are a vaccine side effect.',,2024-11-27 00:00:00+00:00,Instagram users,refuted,"[{'comment': None, 'languageCode': 'en', 'publisher': {'name': 'AFP Fact Check', 'site': 'factcheck.afp.com'}, 'reviewDate': '2024-12-10T21:26:00Z', 'textualRating': 'False', 'title': 'No evidence linking chronic ear infections to vaccination', 'url': 'https://factcheck.afp.com/doc.afp.com.36PA7H3'}]"
24,'Dr. Anthony Fauci said that 72 mandatory childhood vaccines were never safety tested.',,2024-12-06 01:41:00+00:00,thepeoplesvoice.tv,refuted,"[{'comment': None, 'languageCode': 'en', 'publisher': {'name': 'Lead Stories', 'site': 'leadstories.com'}, 'reviewDate': '2024-12-06T01:41:00Z', 'textualRating': 'Fake Quote', 'title': ""Fact Check: Fauci Did NOT Say '72 Mandatory Childrens Vaccines' Were Never Safety Tested"", 'url': 'https://leadstories.com/hoax-alert/2024/12/fact-check-fauci-did-not-say-72-mandatory-childrens-vaccines-were-never-safety-tested.html'}]"
25,"'Now Fauci admits that COVID vaccines cause MYOCARDlTlS, particularly in young men.'",,,Facebook users,refuted,"[{'comment': None, 'languageCode': 'en', 'publisher': {'name': 'Logically Facts', 'site': 'logicallyfacts.com'}, 'reviewDate': '2024-11-08T00:00:00Z', 'textualRating': 'False', 'title': ""Fauci hasn't just now acknowledged vaccine risk of myocarditis"", 'url': 'https://www.logicallyfacts.com/en/fact-check/dr-fauci-has-not-only-just-acknowledged-risk-of-myocarditis-from-vaccines'}]"
26,'Zimbabwe's economic grew a steady 3-6%.',,2024-11-02 00:00:00+00:00,Patrick Chinamasa,refuted,"[{'comment': None, 'languageCode': 'en', 'publisher': {'name': 'FactCheckZW', 'site': 'factcheckzw.org'}, 'reviewDate': '2024-11-13T00:00:00Z', 'textualRating': ""False Contrary to Chinamasa's claim that ‘over the past five years, Zimbabwe’s economy has grown at an average rate of 3-6%’, the economic growth has not always been at an average rate of 3-6%. It has been at -6.3% in 2019; -7.8% in 2020; 8.5% in 2021; 6.1% in 2022 and 5.3% in 2023. For 2024, it is projected to be 2%. These figures do not give an average rate of 3-6%. It is an average of 1.16% over the 5 year period."", 'title': ""False narrative: Zimbabwe's economic growth fluctuated, not a steady 3-6%"", 'url': 'https://factcheckzw.org/false-narrative-zimbabwes-economic-growth-fluctuated-not-a-steady-3-6/'}]"
27,'Kamala Harris “destroyed our economy.”',,2024-10-19 00:00:00+00:00,Donald Trump,refuted,"[{'comment': None, 'languageCode': 'en', 'publisher': {'name': 'FactCheck.org', 'site': 'factcheck.org'}, 'reviewDate': '2024-11-01T01:06:08Z', 'textualRating': 'False', 'title': ""Donald Trump's Closing Arguments"", 'url': 'https://www.factcheck.org/2024/10/donald-trumps-closing-arguments/'}]"
28,"'A viral claim on X suggests that 159 out of 195 countries are to join a new BRICS settlement system, implying a significant shift toward BRICS dominance in the global economy and a movement away from the U.S. dollar.'",,2024-10-23 00:00:00+00:00,Anna,refuted,"[{'comment': None, 'languageCode': 'en', 'publisher': {'name': 'Check Your Fact', 'site': 'checkyourfact.com'}, 'reviewDate': '2024-10-28T14:03:16Z', 'textualRating': 'False', 'title': 'FACT CHECK: Are Over 75% of the World’s Countries Adopting the New BRICS Payment System?', 'url': 'https://checkyourfact.com/2024/10/28/fact-check-are-over-75-of-the-worlds-countries-adopting-the-new-brics-payment-system/'}]"
29,'There’s a £22 billion black hole in the economy.',,2024-10-09 00:00:00+00:00,Keir Starmer,misleading,"[{'comment': None, 'languageCode': 'en', 'publisher': {'name': 'Full Fact', 'site': 'fullfact.org'}, 'reviewDate': '2024-10-09T00:00:00Z', 'textualRating': 'This figure comes from a Treasury Public Spending Audit released in July, which found a forecast overspend on departmental spending in the current year, beyond the totals set under the Spring Budget. The Institute for Fiscal Studies said many of the challenges Labour outlined were “entirely predictable”, but also that the financial pressures faced by the government do “genuinely appear to be greater than could be discerned from the outside”.', 'title': 'Prime Minister’s Questions 9 October 2024: fact checked – Full Fact', 'url': 'https://fullfact.org/news/pmqs-09102024/'}]"
30,"'Within one year, our government has eliminated Boko Haram and bandit commanders faster than ever, over 300 as of the last count.'",,2024-10-01 12:00:00+00:00,Nigerian president Bola Tinubu,not enough information,"[{'comment': None, 'languageCode': 'en', 'publisher': {'name': 'Africa Check', 'site': 'africacheck.org'}, 'reviewDate': '2024-10-03T08:59:29Z', 'textualRating': 'Unproven', 'title': ""Fact-checking president Tinubu's claims about Nigeria's economic ..."", 'url': 'https://africacheck.org/fact-checks/reports/fact-checking-president-tinubus-claims-about-nigerias-economic-successes-his'}]"
31,'We have managed to keep our foreign reserves at $37 billion.',imgs/2025-01-18_31.png,2024-10-01 12:00:00+00:00,Nigerian president Bola Tinubu,supported,"[{'comment': None, 'languageCode': 'en', 'publisher': {'name': 'Africa Check', 'site': 'africacheck.org'}, 'reviewDate': '2024-10-03T08:59:34Z', 'textualRating': 'Understated/exaggerated', 'title': ""Fact-checking president Tinubu's claims about Nigeria's economic ..."", 'url': 'https://africacheck.org/fact-checks/reports/fact-checking-president-tinubus-claims-about-nigerias-economic-successes-his'}]"
32,'We have reduced the debt service ratio from 97 % to 68 %.',,2024-10-01 12:00:00+00:00,Nigerian president Bola Tinubu,not enough information,"[{'comment': None, 'languageCode': 'en', 'publisher': {'name': 'Africa Check', 'site': 'africacheck.org'}, 'reviewDate': '2024-10-03T08:59:33Z', 'textualRating': 'Unproven', 'title': ""Fact-checking president Tinubu's claims about Nigeria's economic ..."", 'url': 'https://africacheck.org/fact-checks/reports/fact-checking-president-tinubus-claims-about-nigerias-economic-successes-his'}]"
33,'We inherited a reserve of over $33 billion 16 months ago.',,2024-10-01 12:00:00+00:00,Nigerian president Bola Tinubu,refuted,"[{'comment': None, 'languageCode': 'en', 'publisher': {'name': 'Africa Check', 'site': 'africacheck.org'}, 'reviewDate': '2024-10-03T08:59:31Z', 'textualRating': 'Incorrect', 'title': ""Fact-checking president Tinubu's claims about Nigeria's economic ..."", 'url': 'https://africacheck.org/fact-checks/reports/fact-checking-president-tinubus-claims-about-nigerias-economic-successes-his'}]"
34,'Our country attracted foreign direct investments worth more than US$30 billion in the last year.',,2024-10-01 12:00:00+00:00,Nigerian president Bola Tinubu,refuted,"[{'comment': None, 'languageCode': 'en', 'publisher': {'name': 'Africa Check', 'site': 'africacheck.org'}, 'reviewDate': '2024-10-03T08:59:30Z', 'textualRating': 'Incorrect', 'title': ""Fact-checking president Tinubu's claims about Nigeria's economic ..."", 'url': 'https://africacheck.org/fact-checks/reports/fact-checking-president-tinubus-claims-about-nigerias-economic-successes-his'}]"
35,'Our young people … constitute more than 60% of our population.',,2024-10-01 12:00:00+00:00,Nigerian president Bola Tinubu,refuted,"[{'comment': None, 'languageCode': 'en', 'publisher': {'name': 'Africa Check', 'site': 'africacheck.org'}, 'reviewDate': '2024-10-03T08:59:34Z', 'textualRating': 'Incorrect', 'title': ""Fact-checking president Tinubu's claims about Nigeria's economic ..."", 'url': 'https://africacheck.org/fact-checks/reports/fact-checking-president-tinubus-claims-about-nigerias-economic-successes-his'}]"
36,'The Prime Minister inherited the fastest growing economy in the G7.',,2024-09-04 00:00:00+00:00,Rishi Sunak,misleading,"[{'comment': None, 'languageCode': 'en', 'publisher': {'name': 'Full Fact', 'site': 'fullfact.org'}, 'reviewDate': '2024-09-04T00:00:00Z', 'textualRating': 'This is correct in terms of GDP growth in the first half of 2024, though the UK’s annual growth last year was among the worst in the G7.', 'title': 'Prime Minister’s Questions fact checked: 4 September 2024 – Full Fact', 'url': 'https://fullfact.org/news/pmqs-04092024/'}]"
37,"'22 states failed to upload their Electoral College certifications, which are needed to certify election results on January 6, 2025.'",,2025-01-06 21:41:40+00:00,threads.net,refuted,"[{'comment': None, 'languageCode': 'en', 'publisher': {'name': 'Lead Stories', 'site': 'leadstories.com'}, 'reviewDate': '2025-01-06T21:41:40Z', 'textualRating': 'In The System', 'title': 'Fact Check: All 50 States, DC, DID Submit Electoral College Certificates For 2024 Election', 'url': 'https://leadstories.com/hoax-alert/2025/01/fact-check-all-50-states-and-dc-submitted-electoral-college-certificates-for-the-2024-election.html'}]"
38,'S. Korea's National Election Commission's falsehoods were revealed in court',,2024-12-20 00:00:00+00:00,News and Post,refuted,"[{'comment': None, 'languageCode': 'en', 'publisher': {'name': 'AFP Fact Check', 'site': 'factcheck.afp.com'}, 'reviewDate': '2025-01-02T05:32:00Z', 'textualRating': 'False', 'title': ""Unsubstantiated election fraud claims resurface after S.Korea president's martial law attempt"", 'url': 'https://factcheck.afp.com/doc.afp.com.36RG6PF'}]"
39,'Clip shows Hasina congratulating Trump after 2024 US election',imgs/2025-01-18_39.png,2024-11-11 00:00:00+00:00,Facebook users,refuted,"[{'comment': None, 'languageCode': 'en', 'publisher': {'name': 'AFP Fact Check', 'site': 'factcheck.afp.com'}, 'reviewDate': '2024-12-24T09:22:00Z', 'textualRating': 'False', 'title': 'Video shows ousted Bangladesh leader Sheikh Hasina with Donald Trump in 2017, not 2024', 'url': 'https://factcheck.afp.com/doc.afp.com.36QJ8MG'}]"
40,'Michelle Obama has urged Congress to recount election votes saying that the 2024 presidential election result was influenced by ‘Russian disinformation’.',,2024-12-13 00:00:00+00:00,threads user,refuted,"[{'comment': None, 'languageCode': 'en', 'publisher': {'name': 'Full Fact', 'site': 'fullfact.org'}, 'reviewDate': '2024-12-20T00:00:00Z', 'textualRating': 'There is no evidence that the former First Lady ever said this.', 'title': 'No evidence Michelle Obama asked Congress for vote recount – Full Fact', 'url': 'https://fullfact.org/online/michelle-obama-election-russian-disinformation-fake-quote/'}]"
41,'ABP Opinion poll states BJP will win in the upcoming Delhi election.',,2024-12-19 11:23:35+00:00,"Facebook,Twitter",refuted,"[{'comment': None, 'languageCode': 'en', 'publisher': {'name': 'The Quint', 'site': 'thequint.com'}, 'reviewDate': '2024-12-19T11:23:35Z', 'textualRating': 'False', 'title': 'Fact-Check: Fake ABP Opinion Poll Predicting BJP Win in Delhi Goes Viral', 'url': 'https://www.thequint.com/news/webqoof/fake-abp-opinion-poll-delhi-election-bjp-win-fact-check'}]"
42,'‘One Nation One Election’ Bill got Lok Sabha nod',imgs/2025-01-18_42.png,2024-12-19 13:12:49+00:00,Unknown,refuted,"[{'comment': None, 'languageCode': 'en', 'publisher': {'name': 'Press Trust of India', 'site': 'ptinews.com'}, 'reviewDate': None, 'textualRating': 'False', 'title': 'PTI Fact Check: Social media posts claiming ‘One Nation One Election’ Bill got Lok Sabha nod are false; Details inside', 'url': 'https://www.ptinews.com/fact-detail/pti-fact-check-social-media-posts-claiming-one-nation-one-election-bill-got-lok-sabha-nod-are-false-details-inside/2109774'}]"
43,"'A letter dated 7 October 2024, from the Swapo Party secretary general Sophia Shaningwa, reads that the party was ""fully relying"" on Electoral Commission of Namibia (ECN) chief legal officer, Heidi Jacobs, to ""once again deliver this election by whatever means necessary”. The letter goes on to state that the Swapo Party would pay Jacobs N$2 million to ""deliver"" the elections for the party.'",imgs/2025-01-18_43.jpg,,Viral social media post,refuted,"[{'comment': None, 'languageCode': 'en', 'publisher': {'name': 'Namibia Fact Check', 'site': 'namibiafactcheck.org.na'}, 'reviewDate': '2024-12-16T00:00:00Z', 'textualRating': 'FALSE The Electoral Commission of Namibia (ECN) issued a statement on 11 October 2024: “We wish to categorically state that these allegations are not only malicious and baseless but are also intended to undermine the integrity and credibility of the Commission ahead of the upcoming 2024 November elections. The letter in circulation, which falsely implicates our senior official, appears to be a deliberate act of impersonation and misinformation.""', 'title': 'POST-ELECTION CHECK #1: Fake Swapo letter to ECN keeps circulating', 'url': 'https://namibiafactcheck.org.na/report/post-election-check-1-fake-swapo-letter-to-ecn-keeps-circulating/'}]"
44,'North Maluku politician will give out financial aid after winning election.',,2024-12-03 00:00:00+00:00,"Felix NATHANIEL, AFP Indonesia",refuted,"[{'comment': None, 'languageCode': 'en', 'publisher': {'name': 'AFP Fact Check', 'site': 'factcheck.afp.com'}, 'reviewDate': '2024-12-17T11:02:00Z', 'textualRating': 'False', 'title': ""Indonesia politician did not 'promise cash handout' to celebrate poll win: campaign"", 'url': 'https://factcheck.afp.com/doc.afp.com.36PY94X'}]"
45,'Oprah Winfrey Said She Is Leaving The US Over The 2024 Presidential Election Results',,2024-12-13 01:06:00+00:00,facebook.com,refuted,"[{'comment': None, 'languageCode': 'en', 'publisher': {'name': 'Lead Stories', 'site': 'leadstories.com'}, 'reviewDate': '2024-12-13T01:06:00Z', 'textualRating': 'No Evidence', 'title': 'Fact Check: NO Evidence Oprah Winfrey Said She Is Leaving US Over 2024 Presidential Election Results', 'url': 'https://leadstories.com/hoax-alert/2024/12/fact-check-no-evidence-oprah-winfrey-said-she-is-leaving-us-over-2024-presidential-election-results.html'}]"
46,'Indian election commission said opposition candidate got 0 votes',,2024-11-25 00:00:00+00:00,Varsha Eknath Gaikwad,refuted,"[{'comment': None, 'languageCode': 'en', 'publisher': {'name': 'AFP Fact Check', 'site': 'factcheck.afp.com'}, 'reviewDate': '2024-12-10T10:14:00Z', 'textualRating': 'False', 'title': 'Indian election commission did not say opposition candidate received no votes in state polls', 'url': 'https://factcheck.afp.com/doc.afp.com.36PA7K7'}]"
47,"'India Today magazine's cover dated Nov 23 featured Rahul Gandhi with a title: ""Maha-Raja of Mishap"" after Congress defeat in Maharashtra elections.'",,2024-11-25 00:00:00+00:00,Viral Social Media Post,refuted,"[{'comment': None, 'languageCode': 'en', 'publisher': {'name': 'DigitEye India', 'site': 'digiteye.in'}, 'reviewDate': '2024-12-10T00:00:00Z', 'textualRating': 'Totally False. India Today never issued any such edition with Rahul Gandhi on its cover, dated November 23, 2024.', 'title': 'Did India Today cover feature Rahul Gandhi as ""Maha-Raja of Mishap"" post-Maharashtra poll? Fact Check', 'url': 'https://digiteye.in/did-india-today-cover-feature-rahul-gandhi-as-maha-raja-of-mishap-post-maharashtra-poll-fact-check/'}]"
48,'Kurt Russell quote saying Biden cheated election',,2024-12-05 19:40:06+00:00,TrumpRealDaily (X user),refuted,"[{'comment': None, 'languageCode': 'en', 'publisher': {'name': 'Newsweek', 'site': 'newsweek.com'}, 'reviewDate': '2024-12-05T19:40:06Z', 'textualRating': 'False', 'title': 'Fact Check: Bogus Kurt Russell Quote Saying Biden Cheated Election', 'url': 'https://www.newsweek.com/fact-check-kurt-russell-quote-biden-cheated-election-1996323'}]"
49,'Jason Momoa Said He Is Leaving the U.S. In Response To The 2024 U.S. Presidential Election Results',,2024-12-05 21:31:00+00:00,facebook.com,refuted,"[{'comment': None, 'languageCode': 'en', 'publisher': {'name': 'Lead Stories', 'site': 'leadstories.com'}, 'reviewDate': '2024-12-05T21:31:00Z', 'textualRating': 'No Evidence', 'title': 'Fact Check: NO Evidence Jason Momoa Said He Is Leaving US Over 2024 Presidential Election Results', 'url': 'https://leadstories.com/hoax-alert/2024/12/fact-check-no-evidence-jason-momoa-said-he-is-leaving-us-over-2024-presidential-election-results.html'}]"
50,'Cristiano Ronaldo has converted to Islam.',imgs/2025-01-18_50.jpeg,2024-12-24 16:15:00+00:00,Unknown,refuted,"[{'comment': None, 'languageCode': 'en', 'publisher': {'name': 'PTI', 'site': 'ptinews.com'}, 'reviewDate': None, 'textualRating': 'False', 'title': 'PTI Fact Check: No, Cristiano Ronaldo has not converted to Islam; AI-generated photos shared on social media with fake claim', 'url': 'https://www.ptinews.com/fact-detail/pti-fact-check-no-cristiano-ronaldo-has-not-converted-to-islam-ai-generated-photos-shared-on-social-media-with-fake-claim/2125861'}]"
51,'UnitedHealthcare uses an artificial intelligence (AI) tool with a 90% error rate to deny insurance claims.',,,Clarkson Law Firm,not enough information,"[{'comment': None, 'languageCode': 'en', 'publisher': {'name': 'Snopes', 'site': 'snopes.com'}, 'reviewDate': '2024-12-13T14:34:21Z', 'textualRating': 'Unproven', 'title': 'The Facts Behind Accusations That UnitedHealthcare Uses Error-Prone AI to Deny Claims', 'url': 'https://www.snopes.com/fact-check/united-healthcare-ai-denied-claims/'}]"
52,"'Facebook users must post a statement on their profiles to bar Meta and its generative artificial intelligence (AI) models from using their “photos, information, messages or posts, past or future.”'",,2024-12-10 05:13:10+00:00,Dave Anthony,refuted,"[{'comment': None, 'languageCode': 'en', 'publisher': {'name': 'Rappler', 'site': 'rappler.com'}, 'reviewDate': '2024-12-10T05:13:10Z', 'textualRating': 'False', 'title': 'FACT CHECK: ‘Goodbye Meta AI’ notice won’t protect users’ Facebook data', 'url': 'https://www.rappler.com/newsbreak/fact-check/goodbye-meta-ai-notice-wont-protect-users-facebook-data/'}]"
53,'Swiss church is having confessions heard by ‘AI Jesus’',,2024-11-20 00:00:00+00:00,Facebook users,refuted,"[{'comment': None, 'languageCode': 'en', 'publisher': {'name': 'USA Today', 'site': 'usatoday.com'}, 'reviewDate': '2024-11-27T14:35:36Z', 'textualRating': 'False', 'title': ""'AI Jesus' is art installation, not place for confession | Fact check"", 'url': 'https://www.usatoday.com/story/news/factcheck/2024/11/27/ai-jesus-confession-fact-check/76598775007/'}]"
54,'A video shows a life-like AI robot strolling through public areas in China.',imgs/2025-01-18_54.png,2024-11-05 12:30:47+00:00,Social Media Users,refuted,"[{'comment': None, 'languageCode': 'en', 'publisher': {'name': 'NewsMeter', 'site': 'newsmeter.in'}, 'reviewDate': '2024-11-05T12:30:47Z', 'textualRating': 'False', 'title': 'Fact Check: AI robot seen on Chinese streets? No, woman in viral video is human', 'url': 'https://newsmeter.in/fact-check/ai-robot-seen-on-chinese-streets-no-woman-in-viral-video-is-human-738498'}]"
55,'There is a statement one can post that will prevent Meta AI from collecting your data',,,Klara Širovnik,refuted,"[{'comment': None, 'languageCode': 'en', 'publisher': {'name': 'Logically Facts', 'site': 'logicallyfacts.com'}, 'reviewDate': '2024-10-14T00:00:00Z', 'textualRating': 'False', 'title': ""Sharing this won't stop Meta AI from collecting your data"", 'url': 'https://www.logicallyfacts.com/en/fact-check/sharing-this-statement-will-not-prevent-meta-ai-from-collecting-your-data'}]"
56,"'By posting a statement on Facebook or Instagram that begins with ""Goodbye Meta AI,"" users are blocking the company from scraping their data to train artificial-intelligence tools.'",,,social media users,refuted,"[{'comment': None, 'languageCode': 'en', 'publisher': {'name': 'Snopes', 'site': 'snopes.com'}, 'reviewDate': '2024-09-27T14:47:52Z', 'textualRating': 'False', 'title': ""'Goodbye Meta AI' Message Won't Stop Company from Scraping Your Data"", 'url': 'https://www.snopes.com/fact-check/goodbye-meta-ai-facebook/'}]"
57,'Sudha Murthy endorsed an online investment app.',imgs/2025-01-18_57.png,2024-09-26 12:09:00+00:00,Unknown,refuted,"[{'comment': None, 'languageCode': 'en', 'publisher': {'name': 'PTI', 'site': 'ptinews.com'}, 'reviewDate': None, 'textualRating': 'False', 'title': 'PTI Fact Check: No, Sudha Murthy did not endorse any online investment app; digitally altered video with AI-generated audio shared on social media', 'url': 'https://www.ptinews.com/fact-detail/No--Sudha-Murthy-did-not-endorse-any-online-investment-app%3B-digitally-altered-video-with-AI-generated-audio-shared-on-social-media/1861625'}]"
58,'Bill Gates is planning to weaponize AI to silence anyone opposing his vaccine.',,,social media users,refuted,"[{'comment': None, 'languageCode': 'en', 'publisher': {'name': 'Logically Facts', 'site': 'logicallyfacts.com'}, 'reviewDate': '2024-09-21T00:00:00Z', 'textualRating': 'False', 'title': ""Gates doesn't discuss using AI to stop vaccine skepticism in clip"", 'url': 'https://www.logicallyfacts.com/en/fact-check/bill-gates-interview-doesnt-discuss-weaponizing-ai-to-silence-vaccine-skepticism'}]"
59,'Bangladesh Chief Adviser Muhammad Yunus announced his retirement.',,2024-09-23 16:09:50+00:00,Unknown,refuted,"[{'comment': None, 'languageCode': 'en', 'publisher': {'name': 'PTI', 'site': 'ptinews.com'}, 'reviewDate': None, 'textualRating': 'False', 'title': 'PTI Fact Check: No, Bangladesh Chief Adviser Muhammad Yunus did not announce his retirement; digitally altered video with AI-generated audio shared on social media', 'url': 'https://www.ptinews.com/fact-detail/pti-fact-check-no-bangladesh-chief-adviser-muhammad-yunus-did-not-announce-his-retirement-digitally-altered-video-with-ai-generated-audio-shared-on-social-media/1845128'}]"
60,“It is estimated that 121 million Africans are facing severe acute food insecurity.”,,2024-03-01 12:00:00+00:00,Kenyan foreign minister Musalia Mudavadi,misleading,"[{'comment': None, 'languageCode': 'en', 'publisher': {'name': 'Africa Check', 'site': 'africacheck.org'}, 'reviewDate': '2024-05-23T10:02:22Z', 'textualRating': 'Understated/exaggerated', 'title': 'Fact-checking Kenya’s president, foreign minister on Africa policy talking points', 'url': 'https://africacheck.org/fact-checks/reports/fact-checking-kenyas-president-foreign-minister-africa-policy-talking-points'}]"
61,“There are more cases of food insecurity and hunger in South Africa today than there were in 1994.”,,2024-01-01 12:00:00+00:00,South African political party Rise Mzansi,not enough information,"[{'comment': None, 'languageCode': 'en', 'publisher': {'name': 'Africa Check', 'site': 'africacheck.org'}, 'reviewDate': '2024-02-19T06:34:28Z', 'textualRating': 'Unproven', 'title': '‘For the people, by the people’: Fact-checking 7 claims in Rise Mzansi’s election manifesto', 'url': 'https://africacheck.org/fact-checks/reports/people-people-fact-checking-7-claims-rise-mzansis-election-manifesto'}]"
62,"'Renewable energy isn’t green; by 2050, 78 million metric tonnes of solar panels will reach the end of their lives and can't be recycled.'",,2024-09-29 00:00:00+00:00,Ben Fordham,misleading,"[{'comment': None, 'languageCode': 'en', 'publisher': {'name': 'Science Feedback', 'site': 'science.feedback.org'}, 'reviewDate': '2024-11-07T00:00:00Z', 'textualRating': 'Lacks context', 'title': 'Solar panels produce a small amount of waste compared to other sources', 'url': 'https://science.feedback.org/review/solar-panels-produce-small-amount-waste-compared-other-sources/'}]"
63,"'The government has secured a record-breaking number of clean energy projects in the latest renewables auction, after “Labour came in and fixed” last year’s failed auction.'",,2024-09-03 00:00:00+00:00,Ed Miliband,misleading,"[{'comment': None, 'languageCode': 'en', 'publisher': {'name': 'Full Fact', 'site': 'fullfact.org'}, 'reviewDate': '2024-09-06T00:00:00Z', 'textualRating': 'This claim is missing important context. The process began under the Conservatives, and the previous government had already increased the maximum ‘strike price’ companies are allowed to charge prior to the general election. Labour did increase the auction’s overall budget, however.', 'title': 'Can Labour take credit for ‘record-breaking’ clean energy auction? – Full Fact', 'url': 'https://fullfact.org/news/miliband-clean-energy-projects/'}]"
64,Kamala Harris cast the deciding vote for the so-called Inflation Reduction Act that sent a lot of our resources to China.”,,2024-08-07 00:00:00+00:00,Vance,refuted,"[{'comment': None, 'languageCode': 'en', 'publisher': {'name': 'The Washington Post', 'site': 'washingtonpost.com'}, 'reviewDate': None, 'textualRating': 'Four Pinocchios', 'title': ""Analysis | JD Vance's false claim that 'green energy scam' ships jobs ..."", 'url': 'https://www.washingtonpost.com/politics/2024/08/12/jd-vances-false-claim-that-green-energy-scam-ships-jobs-china/'}]"
65,"“Our electricity generation is almost 95% renewable, from geothermal, hydro, wind, and solar energy.”",,2024-05-01 12:00:00+00:00,Kenyan president William Ruto,refuted,"[{'comment': None, 'languageCode': 'en', 'publisher': {'name': 'Africa Check', 'site': 'africacheck.org'}, 'reviewDate': '2024-06-27T08:30:27Z', 'textualRating': 'Incorrect', 'title': 'As Kenyan president Ruto ticks off his to-do list from US state visit, we review some of his claims, including on peacekeeping', 'url': 'https://africacheck.org/fact-checks/reports/kenyan-president-ruto-ticks-his-do-list-us-state-visit-we-review-some-his'}]"
66,"'Sweden, France, Finland, the UK and Germany have abandoned renewable energy.'",,2024-05-22 00:00:00+00:00,Social media users,refuted,"[{'comment': None, 'languageCode': 'en', 'publisher': {'name': 'Australian Associated Press', 'site': 'aap.com.au'}, 'reviewDate': '2024-06-24T00:00:00Z', 'textualRating': 'False. All five countries are expanding their renewable energy output and consumption.', 'title': 'Claims European countries are ‘abandoning’ renewables don’t add up', 'url': 'https://www.aap.com.au/factcheck/claims-european-countries-are-abandoning-renewables-dont-add-up/'}]"
67,'More than 100% of Scotland’s electricity needs come from renewable sources.',,2024-05-31 00:00:00+00:00,John Swinney,supported,"[{'comment': None, 'languageCode': 'en', 'publisher': {'name': 'Full Fact', 'site': 'fullfact.org'}, 'reviewDate': '2024-06-05T00:00:00Z', 'textualRating': 'Scotland does generate more renewable electricity than all the electricity it uses but much of that renewable power is exported. Scotland still gets about a third of the electricity it consumes from fossil fuels and nuclear.', 'title': 'SNP comments on renewable electricity need a bit of explanation – Full Fact', 'url': 'https://fullfact.org/scotland/snp-forbes-swinney-scotland-renewable-electricity/'}]"
68,"'Liquefied natural gas offers significant environmental advantages over traditional fossil fuels contributing to reduced greenhouse gas emissions, combating climate change, improving air quality and enhancing public health, making it the ideal transition fuel to a renewable energy future.'",,2024-03-08 00:00:00+00:00,Aboitiz Power Corp. and San Miguel Global Power Corp.,misleading,"[{'comment': None, 'languageCode': 'en', 'publisher': {'name': 'VERA Files', 'site': 'verafiles.org'}, 'reviewDate': '2024-03-08T00:00:00Z', 'textualRating': 'Needs context', 'title': 'VERA FILES FACT CHECK: Power companies lauding ‘environmental advantages’ of natural gas needs context', 'url': 'https://verafiles.org/articles/vera-files-fact-check-power-companies-lauding-environmental-advantages-of-natural-gas-needs-context'}]"
69,"'Lok Sabha passed bills related ‘One Nation, One Election’ on December 17, 2024.'",,2024-12-17 00:00:00+00:00,social media users,misleading,"[{'comment': None, 'languageCode': 'en', 'publisher': {'name': 'Deccan Herald', 'site': 'deccanherald.com'}, 'reviewDate': '2024-12-19T00:00:00Z', 'textualRating': 'Misleading', 'title': 'Fact Check | Lok Sabha did not pass the bills related to ‘One Nation, One Election’ on December 17, 2024', 'url': 'https://www.deccanherald.com/india/fact-check-lok-sabha-did-not-pass-the-bills-related-to-one-nation-one-election-on-december-17-2024-3324526'}]"
70,Coal plant construction shows CO2 doesn't cause climate change,,2025-01-14 00:00:00+00:00,Facebook users,refuted,"[{'comment': None, 'languageCode': 'en', 'publisher': {'name': 'USA Today', 'site': 'usatoday.com'}, 'reviewDate': '2025-01-02T22:31:51Z', 'textualRating': 'False', 'title': ""Buildout of new coal plants doesn't prove CO2 has no impact on climate | Fact check"", 'url': 'https://www.usatoday.com/story/news/factcheck/2025/01/02/co2-changes-climate-coal-plants-fact-check/77187551007/'}]"
71,New study shows that climate change is greatly overestimated because oceans are cooling Earth far more than we thought,,2024-12-10 00:00:00+00:00,people online,refuted,"[{'comment': None, 'languageCode': 'en', 'publisher': {'name': 'Climate Feedback', 'site': 'climatefeedback.org'}, 'reviewDate': '2024-12-10T00:00:00Z', 'textualRating': 'Inaccurate', 'title': 'No, marine emissions study didn’t find that climate change is ‘greatly overestimated’, contrary to recent claims', 'url': 'https://climatefeedback.org/claimreview/no-marine-emissions-study-didnt-find-that-climate-change-is-greatly-overestimated-contrary-to-recent-claims/'}]"
72,Video shows former Delhi Chief Minister Arvind Kejriwal admitting that he won’t clean the Yamuna River because it won’t help him win the upcoming 2025 Delhi assembly elections.,imgs/2025-01-18_72.png,2024-12-29 00:00:00+00:00,social media users,misleading,"[{'comment': None, 'languageCode': 'en', 'publisher': {'name': 'FACTLY', 'site': 'factly.in'}, 'reviewDate': '2025-01-03T00:00:00Z', 'textualRating': 'MISLEADING', 'title': ""A clipped video of Arvind Kejriwal is shared claiming he admitted he won't clean the Yamuna River as it won’t help him win the upcoming 2025 Delhi Assembly elections"", 'url': 'https://factly.in/a-clipped-video-of-arvind-kejriwal-is-shared-claiming-he-admitted-he-wont-clean-the-yamuna-river-as-it-wont-help-him-win-the-upcoming-2025-delhi-assembly-elections/'}]"
73,2021 photo of former PM Manmohan Singh shared on social media as his last picture from Delhi’s AIIMS,imgs/2025-01-18_73.jpeg,2024-12-30 05:57:56+00:00,Indian Express Lighthouse Journalism,refuted,"[{'comment': None, 'languageCode': 'en', 'publisher': {'name': 'Lighthouse Journalism', 'site': 'lighthousejournalism.com'}, 'reviewDate': None, 'textualRating': 'False', 'title': ""Fact check: 2021 photo of former PM Manmohan Singh falsely shared on social media as his last picture from Delhi's AIIMS | lighthousejournalism"", 'url': 'https://www.lighthousejournalism.com/politics/fact-check-2021-photo-of-former-pm-manmohan-singh-falsely-shared-on-social-media-as-his-last-picture-from-delhis-aiims-3560/'}]"
74,A GMA News report shows cardiologist and online health personality Dr. Willie Ong endorsing a hypertension cure.,imgs/2025-01-18_74.png,2024-12-02 03:53:53+00:00,GMA News,refuted,"[{'comment': None, 'languageCode': 'en', 'publisher': {'name': 'Rappler', 'site': 'rappler.com'}, 'reviewDate': '2024-12-02T03:53:53Z', 'textualRating': 'False', 'title': ""FACT CHECK: AI-manipulated news report used to promote hypertension 'cure'"", 'url': 'https://www.rappler.com/newsbreak/fact-check/willie-ong-hypertension-cure-ai-manipulated-december-2024/'}]"
75,The FDA stated that there is no scientific evidence that mpox exists.,imgs/2025-01-18_75.png,,Slay News,refuted,"[{'comment': None, 'languageCode': 'en', 'publisher': {'name': 'Logically Facts', 'site': 'logicallyfacts.com'}, 'reviewDate': '2024-08-28T00:00:00Z', 'textualRating': 'False', 'title': 'Mpox exists, and the FDA did not say otherwise', 'url': 'https://www.logicallyfacts.com/en/fact-check/the-fda-did-not-say-there-is-no-scientific-evidence-that-mpox-is-real'}]"
76,"This picture shows the December 22 plane crash in Gramado, Brazil, that killed 10 members of a business family.",imgs/2025-01-18_76.jpg,2024-12-24 00:00:00+00:00,Social Media Users,refuted,"[{'comment': None, 'languageCode': 'en', 'publisher': {'name': 'India Today', 'site': 'indiatoday.in'}, 'reviewDate': None, 'textualRating': 'Mostly false', 'title': 'Fact Check: Brazil plane crash? No, the viral video is old and from the US', 'url': 'https://www.indiatoday.in/fact-check/story/fact-check-gramado-brazil-plane-crash-viral-video-airshow-michigan-us-2654875-2024-12-24'}]"
77,"Wind turbines are a colossal failure for the environment. So, they bury the evidence",imgs/2025-01-18_77.png,2024-12-30 15:14:01+00:00,Facebook Users,refuted,"[{'comment': None, 'languageCode': 'en', 'publisher': {'name': 'telugupost', 'site': 'telugupost.com'}, 'reviewDate': '2024-12-30T15:14:01Z', 'textualRating': 'Misleading', 'title': 'Fact Check: Wind turbine blades were not being buried to eliminate evidence of a failure project | A viral post claims wind turbines are not environmentally friendly and therefore the renewable energy companies are burying the evidence in soil.', 'url': 'https://www.telugupost.com/english-factcheck/viral-post-falsely-claims-wind-turbines-are-not-environmentally-friendly-and-therefore-they-are-burying-it-1562848'}]"
78,"'A photo shared online on Nov. 7, 2024, shows Hillary Clinton and Kamala Harris after the latter's 2024 presidential election loss.'",imgs/2025-01-18_78.png,,Reddit user u/This__is-,not enough information,"[{'comment': None, 'languageCode': 'en', 'publisher': {'name': 'Snopes', 'site': 'snopes.com'}, 'reviewDate': '2024-12-07T06:00:03Z', 'textualRating': 'Research In Progress', 'title': ""No Proof Photo Shows Kamala Harris, Hillary Clinton After Trump's Win"", 'url': 'https://www.snopes.com/fact-check/harris-clinton-2024-election/'}]"
79,'A period of great change in technology Artificial Intelligence (AI) based domestic robot Optimus cut Elon Musk's hair. That too perfectly and on time. There was also a feedback exchange after the haircut. Welcome to the new world of Artificial Intelligence and Robotics.',imgs/2025-01-18_79.png,2024-12-20 00:00:00+00:00,Unknown,refuted,"[{'comment': None, 'languageCode': 'en', 'publisher': {'name': 'YouTurn', 'site': 'en.youturn.in'}, 'reviewDate': '2025-01-06T00:00:00Z', 'textualRating': 'fake', 'title': 'Does the video show robot Optimus cutting Elon Musk’s hair? ...', 'url': 'https://en.youturn.in/factcheck/Robots-giving-haircut-to-Elon-Musk-is-AI-generated.html'}]"
80,'There is a lovely photo of Sania Mirza with Mohammed Shami in Dubai.',imgs/2025-01-18_80.png,2024-12-23 19:25:00+00:00,Unknown,refuted,"[{'comment': None, 'languageCode': 'en', 'publisher': {'name': None, 'site': 'ptinews.com'}, 'reviewDate': None, 'textualRating': 'False', 'title': 'PTI Fact Check: AI-generated photos of Sania Mirza with Mohammed Shami shared on social media with a false claim; Details inside', 'url': 'https://www.ptinews.com/fact-detail/pti-fact-check-ai-generated-photos-of-sania-mirza-with-mohammed-shami-shared-on-social-media-with-a-false-claim-details-inside/2122590'}
 {'comment': None, 'languageCode': 'en', 'publisher': {'name': 'PTI', 'site': 'ptinews.com'}, 'reviewDate': None, 'textualRating': 'False', 'title': 'PTI Fact Check: AI-generated photos of Sania Mirza with Mohammed Shami shared on social media with a false claim; Details inside', 'url': 'https://www.ptinews.com/fact-detail/AI-generated-photos-of-Sania-Mirza-with-Mohammed-Shami-shared-on-social-media-with-a-false-claim%3B-Details-inside/2122590'}]"
81,"'Photograph documents an actual mask used to block AI-based facial recognition “from all angles.""'",imgs/2025-01-18_81.png,,Jip van Leeuwenstein,supported,"[{'comment': None, 'languageCode': 'en', 'publisher': {'name': 'Snopes', 'site': 'snopes.com'}, 'reviewDate': '2024-10-01T19:00:03Z', 'textualRating': 'Mixture', 'title': ""Real Mask Designed To Block AI Facial Recognition 'from All Angles'?"", 'url': 'https://www.snopes.com/fact-check/ai-mask-facial-recognition/'}]"
82,'A photo circulating on social media for years showed a 37-million-year-old fossilized whale skeleton discovered in Egypt.',imgs/2025-01-18_82.png,,social media users,supported,"[{'comment': 'Claim has been used before.', 'languageCode': 'en', 'publisher': {'name': 'Snopes', 'site': 'snopes.com'}, 'reviewDate': '2024-08-03T19:00:03Z', 'textualRating': 'True', 'title': 'Real Photo of 37-Million-Year-Old Whale Skeleton Found in Egyptian Desert?', 'url': 'https://www.snopes.com/fact-check/whale-skeleton-egypt/'}
 {'comment': None, 'languageCode': 'en', 'publisher': {'name': 'Snopes', 'site': 'snopes.com'}, 'reviewDate': '2025-01-07T06:00:03Z', 'textualRating': 'True', 'title': 'Real 37-Million-Year-Old Whale Skeleton Found in Egypt?', 'url': 'https://www.snopes.com/fact-check/photo-egypt-whale-skeleton/'}]"
83,'Visa image posted to social media belong to Cybertruck Trump hotel bomber.',imgs/2025-01-18_83.png,,Unknown,refuted,"[{'comment': None, 'languageCode': 'en', 'publisher': {'name': 'KGW', 'site': 'kgw.com'}, 'reviewDate': '2025-01-02T22:04:00Z', 'textualRating': 'False. The man involved was a U.S. citizen. The visa is fake.', 'title': 'Manipulated visa falsely identifies Cybertruck Trump hotel bomber', 'url': 'https://www.kgw.com/article/news/verify/social-media/cybertruck-trump-bomb-sam-hyde-visa-fact-check/536-200182d1-9184-481c-93ae-3d0837209cac'}
 {'comment': None, 'languageCode': 'en', 'publisher': {'name': '10TV', 'site': '10tv.com'}, 'reviewDate': '2025-01-02T22:04:00Z', 'textualRating': 'False. The man involved was a U.S. citizen. The visa is fake.', 'title': 'Manipulated visa falsely identifies Cybertruck Trump hotel bomber', 'url': 'https://www.10tv.com/article/news/verify/social-media/cybertruck-trump-bomb-sam-hyde-visa-fact-check/536-200182d1-9184-481c-93ae-3d0837209cac'}
 {'comment': None, 'languageCode': 'en', 'publisher': {'name': 'KREM', 'site': 'krem.com'}, 'reviewDate': '2025-01-02T22:04:00Z', 'textualRating': 'False. The man involved was a U.S. citizen. The visa is fake.', 'title': 'Manipulated visa falsely identifies Cybertruck Trump hotel bomber', 'url': 'https://www.krem.com/article/news/verify/social-media/cybertruck-trump-bomb-sam-hyde-visa-fact-check/536-200182d1-9184-481c-93ae-3d0837209cac'}
 {'comment': None, 'languageCode': 'en', 'publisher': {'name': 'KSDK', 'site': 'ksdk.com'}, 'reviewDate': '2025-01-02T22:04:00Z', 'textualRating': 'False. The man involved was a U.S. citizen. The visa is fake.', 'title': 'Manipulated visa falsely identifies Cybertruck Trump hotel bomber', 'url': 'https://www.ksdk.com/article/news/verify/social-media/cybertruck-trump-bomb-sam-hyde-visa-fact-check/536-200182d1-9184-481c-93ae-3d0837209cac'}
 {'comment': None, 'languageCode': 'en', 'publisher': {'name': 'KTVB', 'site': 'ktvb.com'}, 'reviewDate': '2025-01-02T22:04:00Z', 'textualRating': 'False. The man involved was a U.S. citizen. The visa is fake.', 'title': 'Manipulated visa falsely identifies Cybertruck Trump hotel bomber', 'url': 'https://www.ktvb.com/article/news/verify/social-media/cybertruck-trump-bomb-sam-hyde-visa-fact-check/536-200182d1-9184-481c-93ae-3d0837209cac'}
 {'comment': None, 'languageCode': 'en', 'publisher': {'name': 'WFAA', 'site': 'wfaa.com'}, 'reviewDate': '2025-01-02T22:04:00Z', 'textualRating': 'False. The man involved was a U.S. citizen. The visa is fake.', 'title': 'Manipulated visa falsely identifies Cybertruck Trump hotel bomber', 'url': 'https://www.wfaa.com/article/news/verify/social-media/cybertruck-trump-bomb-sam-hyde-visa-fact-check/536-200182d1-9184-481c-93ae-3d0837209cac'}
 {'comment': None, 'languageCode': 'en', 'publisher': {'name': 'WGRZ', 'site': 'wgrz.com'}, 'reviewDate': '2025-01-02T22:04:00Z', 'textualRating': 'False. The man involved was a U.S. citizen. The visa is fake.', 'title': 'Manipulated visa falsely identifies Cybertruck Trump hotel bomber', 'url': 'https://www.wgrz.com/article/news/verify/social-media/cybertruck-trump-bomb-sam-hyde-visa-fact-check/536-200182d1-9184-481c-93ae-3d0837209cac'}
 {'comment': None, 'languageCode': 'en', 'publisher': {'name': 'WKYC', 'site': 'wkyc.com'}, 'reviewDate': '2025-01-02T22:04:00Z', 'textualRating': 'False. The man involved was a U.S. citizen. The visa is fake.', 'title': 'Manipulated visa falsely identifies Cybertruck Trump hotel bomber', 'url': 'https://www.wkyc.com/article/news/verify/social-media/cybertruck-trump-bomb-sam-hyde-visa-fact-check/536-200182d1-9184-481c-93ae-3d0837209cac'}
 {'comment': None, 'languageCode': 'en', 'publisher': {'name': 'WLTX', 'site': 'wltx.com'}, 'reviewDate': '2025-01-02T22:04:00Z', 'textualRating': 'False. The man involved was a U.S. citizen. The visa is fake.', 'title': 'Manipulated visa falsely identifies Cybertruck Trump hotel bomber', 'url': 'https://www.wltx.com/article/news/verify/social-media/cybertruck-trump-bomb-sam-hyde-visa-fact-check/536-200182d1-9184-481c-93ae-3d0837209cac'}
 {'comment': None, 'languageCode': 'en', 'publisher': {'name': 'WTHR', 'site': 'wthr.com'}, 'reviewDate': '2025-01-02T22:04:00Z', 'textualRating': 'False. The man involved was a U.S. citizen. The visa is fake.', 'title': 'Manipulated visa falsely identifies Cybertruck Trump hotel bomber', 'url': 'https://www.wthr.com/article/news/verify/social-media/cybertruck-trump-bomb-sam-hyde-visa-fact-check/536-200182d1-9184-481c-93ae-3d0837209cac'}
 {'comment': None, 'languageCode': 'en', 'publisher': {'name': 'WTOL', 'site': 'wtol.com'}, 'reviewDate': '2025-01-02T22:04:00Z', 'textualRating': 'False. The man involved was a U.S. citizen. The visa is fake.', 'title': 'Manipulated visa falsely identifies Cybertruck Trump hotel bomber', 'url': 'https://www.wtol.com/article/news/verify/social-media/cybertruck-trump-bomb-sam-hyde-visa-fact-check/536-200182d1-9184-481c-93ae-3d0837209cac'}
 {'comment': None, 'languageCode': 'en', 'publisher': {'name': 'CBS 8', 'site': 'cbs8.com'}, 'reviewDate': '2025-01-02T22:04:00Z', 'textualRating': 'False. The man involved was a U.S. citizen. The visa is fake.', 'title': 'Manipulated visa falsely identifies Cybertruck Trump hotel bomber', 'url': 'https://www.cbs8.com/article/news/verify/cybertruck-trump-bomb-sam-hyde-visa-fact-check/536-200182d1-9184-481c-93ae-3d0837209cac'}
 {'comment': None, 'languageCode': 'en', 'publisher': {'name': 'KIII', 'site': 'kiiitv.com'}, 'reviewDate': '2025-01-02T22:04:00Z', 'textualRating': 'False. The man involved was a U.S. citizen. The visa is fake.', 'title': 'Manipulated visa falsely identifies Cybertruck Trump hotel bomber', 'url': 'https://www.kiiitv.com/article/news/verify/social-media/cybertruck-trump-bomb-sam-hyde-visa-fact-check/536-200182d1-9184-481c-93ae-3d0837209cac'}
 {'comment': None, 'languageCode': 'en', 'publisher': {'name': '9News', 'site': '9news.com'}, 'reviewDate': '2025-01-02T22:04:00Z', 'textualRating': 'False. The man involved was a U.S. citizen. The visa is fake.', 'title': 'Manipulated visa falsely identifies Cybertruck Trump hotel bomber', 'url': 'https://www.9news.com/article/news/verify/social-media/cybertruck-trump-bomb-sam-hyde-visa-fact-check/536-200182d1-9184-481c-93ae-3d0837209cac'}
 {'comment': None, 'languageCode': 'en', 'publisher': {'name': 'ABC10', 'site': 'abc10.com'}, 'reviewDate': '2025-01-02T22:04:00Z', 'textualRating': 'False. The man involved was a U.S. citizen. The visa is fake.', 'title': 'Manipulated visa falsely identifies Cybertruck Trump hotel bomber', 'url': 'https://www.abc10.com/article/news/verify/social-media/cybertruck-trump-bomb-sam-hyde-visa-fact-check/536-200182d1-9184-481c-93ae-3d0837209cac'}
 {'comment': None, 'languageCode': 'en', 'publisher': {'name': 'WUSA9', 'site': 'wusa9.com'}, 'reviewDate': '2025-01-02T22:04:00Z', 'textualRating': 'False. The man involved was a U.S. citizen. The visa is fake.', 'title': 'Manipulated visa falsely identifies Cybertruck Trump hotel bomber', 'url': 'https://www.wusa9.com/article/news/verify/social-media/cybertruck-trump-bomb-sam-hyde-visa-fact-check/536-200182d1-9184-481c-93ae-3d0837209cac'}
 {'comment': None, 'languageCode': 'en', 'publisher': {'name': 'CBS 19', 'site': 'cbs19.tv'}, 'reviewDate': '2025-01-02T22:04:00Z', 'textualRating': 'False. The man involved was a U.S. citizen. The visa is fake.', 'title': 'Manipulated visa falsely identifies Cybertruck Trump hotel bomber', 'url': 'https://www.cbs19.tv/article/news/verify/social-media/cybertruck-trump-bomb-sam-hyde-visa-fact-check/536-200182d1-9184-481c-93ae-3d0837209cac'}
 {'comment': None, 'languageCode': 'en', 'publisher': {'name': 'FOX 61', 'site': 'fox61.com'}, 'reviewDate': '2025-01-02T22:04:00Z', 'textualRating': 'False. The man involved was a U.S. citizen. The visa is fake.', 'title': 'Manipulated visa falsely identifies Cybertruck Trump hotel bomber', 'url': 'https://www.fox61.com/article/news/verify/social-media/cybertruck-trump-bomb-sam-hyde-visa-fact-check/536-200182d1-9184-481c-93ae-3d0837209cac'}
 {'comment': None, 'languageCode': 'en', 'publisher': {'name': 'WWL-TV', 'site': 'wwltv.com'}, 'reviewDate': '2025-01-02T22:04:00Z', 'textualRating': 'False. The man involved was a U.S. citizen. The visa is fake.', 'title': 'Manipulated visa falsely identifies Cybertruck Trump hotel bomber', 'url': 'https://www.wwltv.com/article/news/verify/social-media/cybertruck-trump-bomb-sam-hyde-visa-fact-check/536-200182d1-9184-481c-93ae-3d0837209cac'}
 {'comment': None, 'languageCode': 'en', 'publisher': {'name': '12News', 'site': '12news.com'}, 'reviewDate': '2025-01-02T22:04:00Z', 'textualRating': 'False. The man involved was a U.S. citizen. The visa is fake.', 'title': 'Manipulated visa falsely identifies Cybertruck Trump hotel bomber', 'url': 'https://www.12news.com/article/news/verify/social-media/cybertruck-trump-bomb-sam-hyde-visa-fact-check/536-200182d1-9184-481c-93ae-3d0837209cac'}
 {'comment': None, 'languageCode': 'en', 'publisher': {'name': 'WBIR.com', 'site': 'wbir.com'}, 'reviewDate': '2025-01-02T22:04:00Z', 'textualRating': 'False. The man involved was a U.S. citizen. The visa is fake.', 'title': 'Manipulated visa falsely identifies Cybertruck Trump hotel bomber', 'url': 'https://www.wbir.com/article/news/verify/social-media/cybertruck-trump-bomb-sam-hyde-visa-fact-check/536-200182d1-9184-481c-93ae-3d0837209cac'}
 {'comment': None, 'languageCode': 'en', 'publisher': {'name': 'WVEC', 'site': '13newsnow.com'}, 'reviewDate': '2025-01-02T22:04:00Z', 'textualRating': 'False. The man involved was a U.S. citizen. The visa is fake.', 'title': 'Manipulated visa falsely identifies Cybertruck Trump hotel bomber', 'url': 'https://www.13newsnow.com/article/news/verify/social-media/cybertruck-trump-bomb-sam-hyde-visa-fact-check/536-200182d1-9184-481c-93ae-3d0837209cac'}
 {'comment': None, 'languageCode': 'en', 'publisher': {'name': 'KARE 11', 'site': 'kare11.com'}, 'reviewDate': '2025-01-02T22:04:00Z', 'textualRating': 'False. The man involved was a U.S. citizen. The visa is fake.', 'title': 'Manipulated visa falsely identifies Cybertruck Trump hotel bomber', 'url': 'https://www.kare11.com/article/news/verify/social-media/cybertruck-trump-bomb-sam-hyde-visa-fact-check/536-200182d1-9184-481c-93ae-3d0837209cac'}
 {'comment': None, 'languageCode': 'en', 'publisher': {'name': 'WZZM 13', 'site': 'wzzm13.com'}, 'reviewDate': '2025-01-02T22:04:00Z', 'textualRating': 'False. The man involved was a U.S. citizen. The visa is fake.', 'title': 'Manipulated visa falsely identifies Cybertruck Trump hotel bomber', 'url': 'https://www.wzzm13.com/article/news/verify/social-media/cybertruck-trump-bomb-sam-hyde-visa-fact-check/536-200182d1-9184-481c-93ae-3d0837209cac'}
 {'comment': None, 'languageCode': 'en', 'publisher': {'name': 'WPMT FOX43', 'site': 'fox43.com'}, 'reviewDate': '2025-01-02T22:04:00Z', 'textualRating': 'False. The man involved was a U.S. citizen. The visa is fake.', 'title': 'Manipulated visa falsely identifies Cybertruck Trump hotel bomber', 'url': 'https://www.fox43.com/article/news/verify/social-media/cybertruck-trump-bomb-sam-hyde-visa-fact-check/536-200182d1-9184-481c-93ae-3d0837209cac'}
 {'comment': None, 'languageCode': 'en', 'publisher': {'name': 'kagstv.com', 'site': 'kagstv.com'}, 'reviewDate': '2025-01-02T22:04:00Z', 'textualRating': 'False. The man involved was a U.S. citizen. The visa is fake.', 'title': 'Manipulated visa falsely identifies Cybertruck Trump hotel bomber', 'url': 'https://www.kagstv.com/article/news/verify/social-media/cybertruck-trump-bomb-sam-hyde-visa-fact-check/536-200182d1-9184-481c-93ae-3d0837209cac'}
 {'comment': None, 'languageCode': 'en', 'publisher': {'name': 'KVUE', 'site': 'kvue.com'}, 'reviewDate': '2025-01-02T22:04:00Z', 'textualRating': 'False. The man involved was a U.S. citizen. The visa is fake.', 'title': 'Manipulated visa falsely identifies Cybertruck Trump hotel bomber', 'url': 'https://www.kvue.com/article/news/verify/social-media/cybertruck-trump-bomb-sam-hyde-visa-fact-check/536-200182d1-9184-481c-93ae-3d0837209cac'}
 {'comment': None, 'languageCode': 'en', 'publisher': {'name': '11Alive.com', 'site': '11alive.com'}, 'reviewDate': '2025-01-02T22:04:00Z', 'textualRating': 'False. The man involved was a U.S. citizen. The visa is fake.', 'title': 'Manipulated visa falsely identifies Cybertruck Trump hotel bomber', 'url': 'https://www.11alive.com/article/news/verify/social-media/cybertruck-trump-bomb-sam-hyde-visa-fact-check/536-200182d1-9184-481c-93ae-3d0837209cac'}
 {'comment': None, 'languageCode': 'en', 'publisher': {'name': 'KHOU', 'site': 'khou.com'}, 'reviewDate': '2025-01-02T22:04:00Z', 'textualRating': 'False. The man involved was a U.S. citizen. The visa is fake.', 'title': 'Manipulated visa falsely identifies Cybertruck Trump hotel bomber', 'url': 'https://www.khou.com/article/news/verify/social-media/cybertruck-trump-bomb-sam-hyde-visa-fact-check/536-200182d1-9184-481c-93ae-3d0837209cac'}
 {'comment': None, 'languageCode': 'en', 'publisher': {'name': 'WCNC', 'site': 'wcnc.com'}, 'reviewDate': '2025-01-02T22:04:00Z', 'textualRating': 'False. The man involved was a U.S. citizen. The visa is fake.', 'title': 'Manipulated visa falsely identifies Cybertruck Trump hotel bomber', 'url': 'https://www.wcnc.com/article/news/verify/social-media/cybertruck-trump-bomb-sam-hyde-visa-fact-check/536-200182d1-9184-481c-93ae-3d0837209cac'}
 {'comment': None, 'languageCode': 'en', 'publisher': {'name': 'Newswest 9', 'site': 'newswest9.com'}, 'reviewDate': '2025-01-02T22:04:00Z', 'textualRating': 'False. The man involved was a U.S. citizen. The visa is fake.', 'title': 'Manipulated visa falsely identifies Cybertruck Trump hotel bomber', 'url': 'https://www.newswest9.com/article/news/verify/social-media/cybertruck-trump-bomb-sam-hyde-visa-fact-check/536-200182d1-9184-481c-93ae-3d0837209cac'}
 {'comment': None, 'languageCode': 'en', 'publisher': {'name': 'WFMY News 2', 'site': 'wfmynews2.com'}, 'reviewDate': '2025-01-02T22:04:00Z', 'textualRating': 'False. The man involved was a U.S. citizen. The visa is fake.', 'title': 'Manipulated visa falsely identifies Cybertruck Trump hotel bomber', 'url': 'https://www.wfmynews2.com/article/news/verify/social-media/cybertruck-trump-bomb-sam-hyde-visa-fact-check/536-200182d1-9184-481c-93ae-3d0837209cac'}
 {'comment': None, 'languageCode': 'en', 'publisher': {'name': '13WMAZ', 'site': '13wmaz.com'}, 'reviewDate': '2025-01-02T22:04:00Z', 'textualRating': 'False. The man involved was a U.S. citizen. The visa is fake.', 'title': 'Manipulated visa falsely identifies Cybertruck Trump hotel bomber', 'url': 'https://www.13wmaz.com/article/news/verify/social-media/cybertruck-trump-bomb-sam-hyde-visa-fact-check/536-200182d1-9184-481c-93ae-3d0837209cac'}
 {'comment': None, 'languageCode': 'en', 'publisher': {'name': 'KENS 5', 'site': 'kens5.com'}, 'reviewDate': '2025-01-02T22:04:00Z', 'textualRating': 'False. The man involved was a U.S. citizen. The visa is fake.', 'title': 'Manipulated visa falsely identifies Cybertruck Trump hotel bomber', 'url': 'https://www.kens5.com/article/news/verify/social-media/cybertruck-trump-bomb-sam-hyde-visa-fact-check/536-200182d1-9184-481c-93ae-3d0837209cac'}
 {'comment': None, 'languageCode': 'en', 'publisher': {'name': 'WTSP.com', 'site': 'wtsp.com'}, 'reviewDate': '2025-01-02T22:04:00Z', 'textualRating': 'False. The man involved was a U.S. citizen. The visa is fake.', 'title': 'Manipulated visa falsely identifies Cybertruck Trump hotel bomber', 'url': 'https://www.wtsp.com/article/news/verify/cybertruck-trump-bomb-sam-hyde-visa-fact-check/536-200182d1-9184-481c-93ae-3d0837209cac'}
 {'comment': None, 'languageCode': 'en', 'publisher': {'name': 'weareiowa.com', 'site': 'weareiowa.com'}, 'reviewDate': '2025-01-02T22:04:00Z', 'textualRating': 'False. The man involved was a U.S. citizen. The visa is fake.', 'title': 'Manipulated visa falsely identifies Cybertruck Trump hotel bomber', 'url': 'https://www.weareiowa.com/article/news/verify/social-media/cybertruck-trump-bomb-sam-hyde-visa-fact-check/536-200182d1-9184-481c-93ae-3d0837209cac'}
 {'comment': None, 'languageCode': 'en', 'publisher': {'name': 'FOX West Texas', 'site': 'myfoxzone.com'}, 'reviewDate': '2025-01-02T22:04:00Z', 'textualRating': 'False. The man involved was a U.S. citizen. The visa is fake.', 'title': 'Manipulated visa falsely identifies Cybertruck Trump hotel bomber', 'url': 'https://www.myfoxzone.com/article/news/verify/social-media/cybertruck-trump-bomb-sam-hyde-visa-fact-check/536-200182d1-9184-481c-93ae-3d0837209cac'}
 {'comment': None, 'languageCode': 'en', 'publisher': {'name': 'VERIFYThis.com', 'site': 'verifythis.com'}, 'reviewDate': '2025-01-02T22:04:00Z', 'textualRating': 'False. The man involved was a U.S. citizen. The visa is fake.', 'title': 'Manipulated visa falsely identifies Cybertruck Trump hotel bomber', 'url': 'https://www.verifythis.com/article/news/verify/social-media/cybertruck-trump-bomb-sam-hyde-visa-fact-check/536-200182d1-9184-481c-93ae-3d0837209cac'}
 {'comment': None, 'languageCode': 'en', 'publisher': {'name': 'WHAS11 News', 'site': 'whas11.com'}, 'reviewDate': '2025-01-02T22:04:00Z', 'textualRating': 'False. The man involved was a U.S. citizen. The visa is fake.', 'title': 'Manipulated visa falsely identifies Cybertruck Trump hotel bomber', 'url': 'https://www.whas11.com/article/news/verify/social-media/cybertruck-trump-bomb-sam-hyde-visa-fact-check/536-200182d1-9184-481c-93ae-3d0837209cac'}
 {'comment': None, 'languageCode': 'en', 'publisher': {'name': 'WZDX Huntsville', 'site': 'rocketcitynow.com'}, 'reviewDate': '2025-01-02T22:04:00Z', 'textualRating': 'False. The man involved was a U.S. citizen. The visa is fake.', 'title': 'Manipulated visa falsely identifies Cybertruck Trump hotel bomber', 'url': 'https://www.rocketcitynow.com/article/news/verify/social-media/cybertruck-trump-bomb-sam-hyde-visa-fact-check/536-200182d1-9184-481c-93ae-3d0837209cac'}
 {'comment': None, 'languageCode': 'en', 'publisher': {'name': 'News Center Maine', 'site': 'newscentermaine.com'}, 'reviewDate': '2025-01-02T22:04:00Z', 'textualRating': 'False. The man involved was a U.S. citizen. The visa is fake.', 'title': 'Manipulated visa falsely identifies Cybertruck Trump hotel bomber', 'url': 'https://www.newscentermaine.com/article/news/verify/social-media/cybertruck-trump-bomb-sam-hyde-visa-fact-check/536-200182d1-9184-481c-93ae-3d0837209cac'}
 {'comment': None, 'languageCode': 'en', 'publisher': {'name': '12newsnow.com', 'site': '12newsnow.com'}, 'reviewDate': '2025-01-02T22:04:00Z', 'textualRating': 'False. The man involved was a U.S. citizen. The visa is fake.', 'title': 'Manipulated visa falsely identifies Cybertruck Trump hotel bomber', 'url': 'https://www.12newsnow.com/article/news/verify/social-media/cybertruck-trump-bomb-sam-hyde-visa-fact-check/536-200182d1-9184-481c-93ae-3d0837209cac'}
 {'comment': None, 'languageCode': 'en', 'publisher': {'name': 'First Coast News', 'site': 'firstcoastnews.com'}, 'reviewDate': '2025-01-02T22:04:00Z', 'textualRating': 'False. The man involved was a U.S. citizen. The visa is fake.', 'title': 'Manipulated visa falsely identifies Cybertruck Trump hotel bomber', 'url': 'https://www.firstcoastnews.com/article/news/verify/social-media/cybertruck-trump-bomb-sam-hyde-visa-fact-check/536-200182d1-9184-481c-93ae-3d0837209cac'}]"
84,"'Harbhajan Singh’s daughter identified as Virat Kohli’s child, 2017",imgs/2025-01-18_84.png,2025-01-01 18:01:03+00:00,Unknown,refuted,"[{'comment': None, 'languageCode': 'en', 'publisher': {'name': None, 'site': 'ptinews.com'}, 'reviewDate': None, 'textualRating': 'False', 'title': 'PTI Fact Check: Harbhajan Singh’s daughter falsely identified as Virat Kohli’s child, 2017 photo shared on social media with false claim', 'url': 'https://www.ptinews.com/fact-detail/pti-fact-check-harbhajan-singh-s-daughter-falsely-identified-as-virat-kohli-s-child-2017-photo-shared-on-social-media-with-false-claim/2156735'}]"
85,'Man travelled 250 km hiding between wheels of train; details inside',imgs/2025-01-18_85.png,2024-12-31 15:45:48+00:00,Unknown,refuted,"[{'comment': None, 'languageCode': 'en', 'publisher': {'name': 'PTI', 'site': 'ptinews.com'}, 'reviewDate': None, 'textualRating': 'Misleading', 'title': 'PTI Fact Check: Social media posts falsely claim man travelled 250 km hiding between wheels of train; details inside', 'url': 'https://www.ptinews.com/fact-detail/pti-fact-check-social-media-posts-falsely-claim-man-travelled-250-km-hiding-between-wheels-of-train-details-inside/2152622'}]"
86,'There's a wall in Antarctica that planes cannot cross because it separates the earth from secret societies of the rich.',imgs/2025-01-18_86.png,2024-02-26 13:23:52+00:00,tiktok.com,refuted,"[{'comment': None, 'languageCode': 'en', 'publisher': {'name': 'Lead Stories', 'site': 'japanese.leadstories.com'}, 'reviewDate': '2024-02-26T13:23:52Z', 'textualRating': 'No Route≠Wall', 'title': ""Fact Check: There Is NO Wall In Antarctica That Separates Our World From 'Hidden' World"", 'url': 'https://japanese.leadstories.com/hoax-alert/2024/02/fact-check-there-is-no-wall-in-antarctica-that-separates-our-world-from-a-hidden-world.html'}]"
87,"'Screenshot of ETV Bharat report stating that the Supreme Court of India did not allow members of the Valmiki Samaj to enter, claiming that their presence would render the court impure.'",imgs/2025-01-18_87.png,2024-08-23 00:00:00+00:00,ETV Bharat,refuted,"[{'comment': None, 'languageCode': 'en', 'publisher': {'name': 'FACTLY', 'site': 'factly.in'}, 'reviewDate': '2024-08-24T00:00:00Z', 'textualRating': 'FALSE', 'title': 'This ETV Bharat screenshot claiming that members of the Valmiki Samaj were not allowed to enter the Supreme Court is edited', 'url': 'https://factly.in/this-etv-bharat-screenshot-claiming-that-members-of-the-valmiki-samaj-were-not-allowed-to-enter-the-supreme-court-is-edited/'}]"
88,"Molly Shannon: Catholicism is a cancer, destroying the progressive society we built.”",imgs/2025-01-18_88.jpg,2024-10-19 00:00:00+00:00,Facebook users,refuted,"[{'comment': None, 'languageCode': 'en', 'publisher': {'name': 'Check Your Fact', 'site': 'checkyourfact.com'}, 'reviewDate': '2024-10-30T18:15:20Z', 'textualRating': 'False', 'title': 'FACT CHECK: Does This Image Show LateNighter Article Reporting That Molly Shannon Called Catholicism ‘A Cancer’?', 'url': 'https://checkyourfact.com/2024/10/30/fact-check-does-this-image-show-latenighter-article-reporting-that-molly-shannon-called-catholicism-a-cancer/'}]"
89,'A viral photograph in April 2024 depicts environmental activist Greta Thunberg being arrested at a protest.',imgs/2025-01-18_89.png,,X user @OldRowSwig,refuted,"[{'comment': None, 'languageCode': 'en', 'publisher': {'name': 'Snopes', 'site': 'snopes.com'}, 'reviewDate': '2024-04-11T06:00:04Z', 'textualRating': 'Fake', 'title': 'Authentic Image of Greta Thunberg Detained at Protest?', 'url': 'https://www.snopes.com/fact-check/thunberg-detained-at-protest/'}
 {'comment': None, 'languageCode': 'en', 'publisher': {'name': 'Snopes', 'site': 'snopes.com'}, 'reviewDate': '2024-04-08T14:25:19Z', 'textualRating': 'Fake', 'title': 'Real Pic of Greta Thunberg Detained by Cops at Protest?', 'url': 'https://www.snopes.com/fact-check/greta-thunberg-detained-at-protest-photo/'}]"
90,"'Heavy israeli strikes on Damascus, Tartous and Homs in Syria. One of the strikes targeted the Scientific Research Center in Masyaf as the picture shows.'",imgs/2025-01-18_90.png,2024-09-10 16:49:00+00:00,x.com,misleading,"[{'comment': None, 'languageCode': 'en', 'publisher': {'name': None, 'site': 'misbar.com'}, 'reviewDate': '2024-09-10T16:49:00Z', 'textualRating': 'Misleading', 'title': 'This Video Depicts An Outdated Airstrike On Lebanon, Not Syria | Misbar', 'url': 'https://misbar.com/en/factcheck/2024/09/10/this-video-depicts-an-outdated-airstrike-on-lebanon-not-syria'}]"
91,'This image authentically shows drones delivering relief materials to those stranded in floods.',imgs/2025-01-18_91.jpg,2024-09-12 10:30:00+00:00,x.com,refuted,"[{'comment': None, 'languageCode': 'en', 'publisher': {'name': None, 'site': 'misbar.com'}, 'reviewDate': '2024-09-12T10:30:00Z', 'textualRating': 'Fake', 'title': 'AI-Generated Image of a Drone Delivering Relief to Stranded People in Andhra Pradesh Floods | Misbar', 'url': 'https://misbar.com/en/factcheck/2024/09/12/ai-generated-image-of-a-drone-delivering-relief-to-stranded-people-in-andhra-pradesh-floods'}
 {'comment': None, 'languageCode': 'ar', 'publisher': {'name': 'مسبار', 'site': 'misbar.com'}, 'reviewDate': '2024-09-12T10:30:00Z', 'textualRating': 'زائف', 'title': 'AI-Generated Image of a Drone Delivering Relief to Stranded People in Andhra Pradesh Floods', 'url': 'https://misbar.com/factcheck/2024/09/12/ai-generated-image-of-a-drone-delivering-relief-to-stranded-people-in-andhra-pradesh-floods'}]"
92,'Every American can slash their electricity bill by 90% using this revolutionary technology (Pro Power Save).',imgs/2025-01-18_92.png,2024-09-09 00:00:00+00:00,Social media users,refuted,"[{'comment': None, 'languageCode': 'en', 'publisher': {'name': 'Science Feedback', 'site': 'science.feedback.org'}, 'reviewDate': '2024-09-26T00:00:00Z', 'textualRating': 'Inaccurate', 'title': 'The Pro Power Save will not cut electric bills, nor will any other scam device of its kind', 'url': 'https://science.feedback.org/review/pro-power-save-will-not-cut-electric-bills-nor-will-any-other-scam-device-of-its-kind/'}]"
93,Pictures show that Ambedkar’s photo was placed on opposition benches in Parliament,imgs/2025-01-18_93.png,2024-12-25 13:12:30+00:00,Unknown,refuted,"[{'comment': None, 'languageCode': 'en', 'publisher': {'name': 'Press Trust of India', 'site': 'ptinews.com'}, 'reviewDate': None, 'textualRating': 'Misleading', 'title': 'PTI Fact Check: Photos from Karnataka Assembly shared on social media to falsely claim that Ambedkar’s photo was placed on opposition benches in Parliament; Details inside', 'url': 'https://www.ptinews.com/fact-detail/pti-fact-check-photos-from-karnataka-assembly-shared-on-social-media-to-falsely-claim-that-ambedkar-s-photo-was-placed-on-opposition-benches-in-parliament-details-inside/2129201'}]"
94,'A picture shows Syria’s former president Bashar al-Assad in Moscow with American conservative political commentator Tucker Carlson.',imgs/2025-01-18_94.png,2024-12-11 00:00:00+00:00,X user,refuted,"[{'comment': None, 'languageCode': 'en', 'publisher': {'name': 'Full Fact', 'site': 'fullfact.org'}, 'reviewDate': '2024-12-19T00:00:00Z', 'textualRating': 'There’s no evidence this is a real photo. It has almost certainly been generated using AI.', 'title': 'Picture of Bashar al-Assad with Tucker Carlson in Moscow almost certainly AI-generated – Full Fact', 'url': 'https://fullfact.org/online/picture-assad-tucker-carlson-moscow-ai/'}]"
95,"'Image shows an auto rickshaw with a political graffiti saying, ""Drive Kejriwal away from Delhi.""'",imgs/2025-01-18_95.png,2024-10-29 08:56:25+00:00,BJP Delhi,refuted,"[{'comment': None, 'languageCode': 'en', 'publisher': {'name': 'BOOM Fact Check', 'site': 'boomlive.in'}, 'reviewDate': '2024-10-29T08:56:25Z', 'textualRating': 'False', 'title': 'BJP Delhi Posts Edited Photo Of Auto Rickshaw Mocking Kejriwal | BOOM', 'url': 'https://www.boomlive.in/fact-check/arvind-kejriwal-bjp-delhi-auto-rickshaw-26850'}]"
96,'A memo McDonald’s sent to employees about political involvement after former U.S. President Donald Trump held a campaign event at one of the fast-food chain's restaurants.',imgs/2025-01-18_96.png,,Kamala Harris,supported,"[{'comment': None, 'languageCode': 'en', 'publisher': {'name': 'Snopes', 'site': 'snopes.com'}, 'reviewDate': '2024-10-21T16:54:48Z', 'textualRating': 'Supported', 'title': ""McDonald's Sent Memo on Political Involvement After Trump Worked at Pennsylvania Store?"", 'url': 'https://www.snopes.com/fact-check/mcdonalds-memo-trump/'}]"
97,"""Sen. Vance has said that there's a climate problem in the past. Donald Trump called it (climate change) a hoax and then joked that these things would make more beachfront property to be able to invest in.""",,2024-10-01 00:00:00+00:00,Donald Trump,supported,"[{'comment': None, 'languageCode': 'en', 'publisher': {'name': 'PolitiFact', 'site': 'politifact.com'}, 'reviewDate': '2024-10-02T06:42:16Z', 'textualRating': 'True', 'title': 'VP debate fact-check: What JD Vance and Tim Walz got right, wrong on abortion, immigration', 'url': 'https://www.politifact.com/article/2024/oct/02/vp-debate-fact-check-walz-vance-2024/'}]"
98,'COVID vaccines are being used to beat cancer.',,2024-03-08 17:34:02+00:00,Joe Biden,supported,"[{'comment': None, 'languageCode': 'en', 'publisher': {'name': 'Newsweek', 'site': 'newsweek.com'}, 'reviewDate': '2024-03-08T17:34:02Z', 'textualRating': 'True', 'title': 'Fact Check: Are COVID Vaccines Being Used To Beat Cancer?', 'url': 'https://www.newsweek.com/fact-check-are-covid-vaccines-being-used-beat-cancer-1877340'}]"
99,'Government shutdowns in 2013 and 2018 “cost our economy billions of dollars each.”',,2024-12-18 00:00:00+00:00,Sara Jacobs,supported,"[{'comment': None, 'languageCode': 'en', 'publisher': {'name': 'PolitiFact', 'site': 'politifact.com'}, 'reviewDate': '2024-12-19T00:00:00Z', 'textualRating': 'True', 'title': 'Fact-check: Past government shutdowns cost the U.S. economy billions', 'url': 'https://www.politifact.com/factchecks/2024/dec/19/sara-jacobs/fact-check-past-government-shutdowns-cost-billions/'}]"
100,"'Since the end of the Cold War in 1989, Democratic presidents created 50 million of the 51 million jobs added to the economy between then and July 2024.'",,,Former U.S. President Bill Clinton,supported,"[{'comment': None, 'languageCode': 'en', 'publisher': {'name': 'Snopes', 'site': 'snopes.com'}, 'reviewDate': '2024-09-10T06:00:02Z', 'textualRating': 'True', 'title': 'Democratic Presidents Created 50M of 51M Jobs Since 1989?', 'url': 'https://www.snopes.com/fact-check/democrats-created-50m-jobs/'}]"
101,"""Homeownership is now out of reach unless you make over $106,000.""",,2024-07-16 00:00:00+00:00,Patty Murray,supported,"[{'comment': None, 'languageCode': 'en', 'publisher': {'name': 'PolitiFact', 'site': 'politifact.com'}, 'reviewDate': '2024-07-16T05:07:19Z', 'textualRating': 'True', 'title': '2024 RNC fact-check: Trump appears with Vance, allies talk ...', 'url': 'https://www.politifact.com/article/2024/jul/16/2024-rnc-fact-check-trump-appears-with-vance-allie/'}]"
102,"'During former U.S. President Donald Trump's term in office, the U.S. suffered the lowest job growth and highest unemployment rate since the Great Depression.'",,,Biden-Harris HQ,supported,"[{'comment': None, 'languageCode': 'en', 'publisher': {'name': 'Snopes', 'site': 'snopes.com'}, 'reviewDate': '2024-03-05T16:40:41Z', 'textualRating': 'True', 'title': 'When Trump Was in Office, US Job Growth Was Worst Since Great ...', 'url': 'https://www.snopes.com/fact-check/trump-worst-jobs-record/'}]"
103,'Cote d’Ivoire’s GDP better than Ghana’s over the last 3 years',,2024-02-24 00:00:00+00:00,Abdul-Rashid Hasan Pelpuo,supported,"[{'comment': None, 'languageCode': 'en', 'publisher': {'name': 'Ghana Fact', 'site': 'ghanafact.com'}, 'reviewDate': '2024-03-01T00:00:00Z', 'textualRating': 'True', 'title': ""FACT-CHECK: Has Cote d'Ivoire's economy performed better than ..."", 'url': 'https://ghanafact.com/2024/03/fact-check-has-cote-divoires-economy-performed-better-than-ghana-over-the-last-3-years/'}]"
104,"""(The) top issue for college students is the economy.""",,2024-01-21 00:00:00+00:00,Scott Walker,supported,"[{'comment': None, 'languageCode': 'en', 'publisher': {'name': 'PolitiFact', 'site': 'politifact.com'}, 'reviewDate': None, 'textualRating': 'True', 'title': 'Scott Walker said college voters’ No. 1 issue is the economy, not abortion. Is he right?', 'url': 'https://www.politifact.com/factchecks/2024/feb/02/scott-walker/scott-walker-said-college-voters-number-one-issue/'}]"
105,"'In a 2004 interview on CNN, Donald Trump said, ""The economy does better under the Democrats than the Republicans.""'",,,Donald Trump,supported,"[{'comment': None, 'languageCode': 'en', 'publisher': {'name': 'Snopes', 'site': 'snopes.com'}, 'reviewDate': '2023-12-29T12:08:10Z', 'textualRating': 'True', 'title': ""Did Donald Trump Once Say, 'The Economy Always Does Better Under Democrats'?"", 'url': 'https://www.snopes.com/fact-check/trump-economy-better-under-democrats/'}]"
106,'Russian state TV aired nude photos of Melania Trump shortly after the 2024 U.S. presidential election.',imgs/2025-01-18_106.png,,X user @krassenstein,supported,"[{'comment': None, 'languageCode': 'en', 'publisher': {'name': 'Snopes', 'site': 'snopes.com'}, 'reviewDate': '2024-11-12T12:44:25Z', 'textualRating': 'True', 'title': 'Russian State TV Aired Nude Photos of Melania Trump?', 'url': 'https://www.snopes.com/fact-check/russian-tv-melania-trump/'}]"
107,"'Prior to the U.S. presidential election on Nov. 5, 2024, a FEMA official instructed relief workers to skip past homes of residents with pro-Donald Trump signs in their front yards.'",,,The Daily Wire,supported,"[{'comment': None, 'languageCode': 'en', 'publisher': {'name': 'Snopes', 'site': 'snopes.com'}, 'reviewDate': '2024-11-11T13:22:22Z', 'textualRating': 'True', 'title': 'FEMA Official Told Workers to Skip Homes With Pro-Trump Signs After Hurricane Milton', 'url': 'https://www.snopes.com/fact-check/fema-trump-houses/'}]"
108,"'Following the 2024 election of U.S. President-elect Donald Trump, demonstrators at Texas State University carried signs reading ""Women are property"" and ""Homo sex is a sin.""'",,,"Texas State's student newspaper, The University Star.",supported,"[{'comment': None, 'languageCode': 'en', 'publisher': {'name': 'Snopes', 'site': 'snopes.com'}, 'reviewDate': '2024-11-08T15:07:24Z', 'textualRating': 'True', 'title': ""Real Sign Reading 'Women Are Property' at Texas State University Demonstration?"", 'url': 'https://www.snopes.com/fact-check/women-are-property-signs-texas-state/'}]"
109,"'Technical problems prevented the electronic scanning of ballots in Cambria County, Pennsylvania, necessitating an extension of voting hours on Election Day 2024.'",,,Facebook users,supported,"[{'comment': None, 'languageCode': 'en', 'publisher': {'name': 'Snopes', 'site': 'snopes.com'}, 'reviewDate': '2024-11-05T16:30:34Z', 'textualRating': 'True', 'title': 'Cambria County, Pennsylvania, Extended Voting Hours Due to Technical Issues?', 'url': 'https://www.snopes.com/fact-check/cambria-county-pennsylvania-ballots/'}]"
110,"'A U.S. presidential election ballots being saved from a ballot drop box fire in Vancouver, Washington, in late October 2024.'",imgs/2025-01-18_110.png,,Pup5581 on Reddit,supported,"[{'comment': None, 'languageCode': 'en', 'publisher': {'name': 'Snopes', 'site': 'snopes.com'}, 'reviewDate': '2024-10-29T13:45:56Z', 'textualRating': 'True', 'title': 'Pic Shows Ballots Being Saved from a Drop Box Fire in Vancouver, WA?', 'url': 'https://www.snopes.com/fact-check/ballots-saved-fire-vancouver-washington/'}]"
111,'The US stock market tends to rise regardless of which party wins.',,,Unknown,supported,"[{'comment': None, 'languageCode': 'en', 'publisher': {'name': 'WCNC', 'site': 'wcnc.com'}, 'reviewDate': '2024-11-07T18:56:00Z', 'textualRating': 'True', 'title': ""Do markets increase when a new president is elected? Let's verify"", 'url': 'https://www.wcnc.com/article/news/verify/stock-markets-increase-new-president-elected/275-7b5b5146-1a35-489a-a62e-40209406d1d5'}]"
112,'Russian leader Vladimir Putin endorsed Democratic nominee Kamala Harris in September 2024 in the buildup to the U.S. presidential election.',,,Donald Trump,supported,"[{'comment': None, 'languageCode': 'en', 'publisher': {'name': 'Snopes', 'site': 'snopes.com'}, 'reviewDate': '2024-09-12T09:18:32Z', 'textualRating': 'True', 'title': ""Putin Endorsed Harris for US President. But There's More to It"", 'url': 'https://www.snopes.com/fact-check/putin-endorse-kamala/'}]"
113,'Amazon Alexa provided an answer to the question of why someone should vote for Vice President Kamala Harris in the 2024 U.S. presidential election but declined to answer the same question about former President Donald Trump.',,,John Rich,supported,"[{'comment': None, 'languageCode': 'en', 'publisher': {'name': 'Snopes', 'site': 'snopes.com'}, 'reviewDate': '2024-09-04T12:52:12Z', 'textualRating': 'True', 'title': ""Amazon Says 'Error' Caused Alexa to Give Reasons to Vote for Harris — But Not for Trump"", 'url': 'https://www.snopes.com/fact-check/trump-harris-alexa/'}]"
114,"“We’ve had 12 elections in 24 years in Wisconsin that have been decided by less than 30,000 votes.”",,2024-03-06 00:00:00+00:00,Brian Schimming,supported,"[{'comment': None, 'languageCode': 'en', 'publisher': {'name': 'PolitiFact', 'site': 'politifact.com'}, 'reviewDate': None, 'textualRating': 'True', 'title': 'Has Wisconsin really had 12 elections since 2000 decided by 30,000 votes or less?', 'url': 'https://www.politifact.com/factchecks/2024/apr/05/brian-schimming/has-wisconsin-really-had-12-elections-since-2000-d/'}]"
115,'Former Black Lives Matter Rhode Island leader Mark Fisher endorsed former U.S. President Donald Trump for the 2024 presidential election.',,,Mark Fisher,supported,"[{'comment': None, 'languageCode': 'en', 'publisher': {'name': 'Snopes', 'site': 'snopes.com'}, 'reviewDate': '2023-11-28T14:30:41Z', 'textualRating': 'True', 'title': 'Did Former BLM Rhode Island Leader Endorse Trump for President?', 'url': 'https://www.snopes.com/fact-check/black-lives-matter-leader-endorses-trump/'}]"
116,"""Pokémon GO"" developer Niantic used location-based player data to build an artificial intelligence navigation system.",,,Niantic's official website,supported,"[{'comment': None, 'languageCode': 'en', 'publisher': {'name': 'Snopes', 'site': 'snopes.com'}, 'reviewDate': '2024-11-30T16:00:03Z', 'textualRating': 'True', 'title': ""'Pokémon GO' Using Some Player Data to Build AI Navigation System?"", 'url': 'https://www.snopes.com/fact-check/pokemon-go-player-data-ai-navigation/'}]"
117,"'Gemini, Google’s artificial intelligence chatbot, told a college student, “please die.”'",,,Dhersie,supported,"[{'comment': None, 'languageCode': 'en', 'publisher': {'name': 'Snopes', 'site': 'snopes.com'}, 'reviewDate': '2024-11-19T15:46:15Z', 'textualRating': 'True', 'title': ""Google AI Chatbot Told Student to 'Please Die'?"", 'url': 'https://www.snopes.com/fact-check/google-ai-chatbot-told-student-to-please-die/'}]"
118,"'Gaza has “the highest number of people facing catastrophic hunger ever recorded by the Integrated Food Security Classification system — anywhere, anytime.”'",,2024-03-18 00:00:00+00:00,António Guterres,supported,"[{'comment': None, 'languageCode': 'en', 'publisher': {'name': 'PolitiFact', 'site': 'politifact.com'}, 'reviewDate': None, 'textualRating': 'True', 'title': 'Fact-checking UN secretary-general’s remarks about catastrophic hunger in Gaza', 'url': 'https://www.politifact.com/factchecks/2024/mar/26/antonio-guterres/fact-checking-un-secretary-generals-remarks-about/'}]"
119,'Government requires more personal info from business owners',,,Unknown,supported,"[{'comment': None, 'languageCode': 'en', 'publisher': {'name': 'WUSA9', 'site': 'wusa9.com'}, 'reviewDate': '2024-01-17T23:24:00Z', 'textualRating': 'True', 'title': 'VERIFY: Likely scam uses real law changes for fake threats to business owners', 'url': 'https://www.wusa9.com/article/news/verify/verify-likely-scam-uses-real-law-changes-for-fake-threats-to-business-owners-letter/65-5ea474fc-61dc-4be9-a073-d01a72c94413'}]"
120,'A meme shared to social media describes various translations of the word “MAGA.”',imgs/2025-01-18_120.jpg,,social media users,supported,"[{'comment': None, 'languageCode': 'en', 'publisher': {'name': 'Snopes', 'site': 'snopes.com'}, 'reviewDate': '2024-12-05T06:00:03Z', 'textualRating': 'True', 'title': ""Meme Accurately Describes Various Translations of 'MAGA'?"", 'url': 'https://www.snopes.com/fact-check/translations-maga-trump/'}]"
121,'A photograph taken by NASA and showing the planet Jupiter.',imgs/2025-01-18_121.png,,Reddit u/Correct_Presence_936,supported,"[{'comment': None, 'languageCode': 'en', 'publisher': {'name': 'Snopes.com', 'site': 'snopes.com'}, 'reviewDate': '2024-11-08T19:00:03Z', 'textualRating': 'True', 'title': 'Real NASA Photo of Jupiter?', 'url': 'https://www.snopes.com/fact-check/photo-jupiter-nasa/'}]"
122,'A photograph circulating on social media shows a close-up view of a humpback whale’s eye.',,,Rachel Moore,supported,"[{'comment': None, 'languageCode': 'en', 'publisher': {'name': 'Snopes.com', 'site': 'snopes.com'}, 'reviewDate': '2024-11-06T06:00:04Z', 'textualRating': 'True', 'title': ""Photo Genuinely Shows Humpback Whale's Eye?"", 'url': 'https://www.snopes.com/fact-check/photo-genuinely-shows-humpback-whales-eye/'}]"
123,"'A ""giant horse conch"" discovered in the waters of the Gulf of Mexico.'",imgs/2025-01-18_123.png,,Facebook user Earth Glorious,supported,"[{'comment': None, 'languageCode': 'en', 'publisher': {'name': 'Snopes', 'site': 'snopes.com'}, 'reviewDate': '2024-10-28T19:00:03Z', 'textualRating': 'True', 'title': ""Photo Shows 'Giant Horse Conch' Found in Florida?"", 'url': 'https://www.snopes.com/fact-check/giant-horse-conch-photo/'}]"
124,'A 500-year-old teenage mummy preserved during the Incan Empire 500 years ago.',imgs/2025-01-18_124.png,,Reddit users,supported,"[{'comment': None, 'languageCode': 'en', 'publisher': {'name': 'Snopes', 'site': 'snopes.com'}, 'reviewDate': '2024-08-07T04:00:04Z', 'textualRating': 'True', 'title': 'Photo Shows Teen Mummy Preserved During Incan Empire 500 Years Ago?', 'url': 'https://www.snopes.com/fact-check/mummy-preserved-incan-empire/'}]"
125,'Princess Diana and Mother Teresa holding hands in 1997.',imgs/2025-01-18_125.png,,Instagram user @historyphotographed,supported,"[{'comment': None, 'languageCode': 'en', 'publisher': {'name': 'Snopes', 'site': 'snopes.com'}, 'reviewDate': '2024-07-25T06:00:04Z', 'textualRating': 'True', 'title': 'Real Photo of Princess Diana Holding Hands with Mother Teresa?', 'url': 'https://www.snopes.com/fact-check/photo-princess-diana-mother-teresa/'}]"
126,"'Ancestry.com listed a Joseph Robinette Biden Jr. as having died in Guantánamo, Cuba, in 2018.'",,,X users,supported,"[{'comment': None, 'languageCode': 'en', 'publisher': {'name': 'Snopes', 'site': 'snopes.com'}, 'reviewDate': '2024-06-13T12:38:01Z', 'textualRating': 'True', 'title': ""Biden Listed as 'Dead in 2018' on Ancestry.com?"", 'url': 'https://www.snopes.com/fact-check/biden-dead-ancestry/'}]"
127,"'Images shared on social media showed a mailer sent to voters in Texas ahead of a May 28, 2024, runoff election reading, in part: ""Your neighbors are watching and will know if you miss this critical runoff election"" and ""please don't make us report you to President Trump!""'",,,America First Conservatives Election Center,supported,"[{'comment': None, 'languageCode': 'en', 'publisher': {'name': 'Snopes', 'site': 'snopes.com'}, 'reviewDate': '2024-05-29T10:09:07Z', 'textualRating': 'True', 'title': ""'Trump Mailer' Warned Texans Would Be 'Reported' to Him If They Didn't Vote?"", 'url': 'https://www.snopes.com/fact-check/texas-trump-mailer/'}]"
128,'Children under 14 in Florida could be kicked off some social media.',,,Unknown,supported,"[{'comment': None, 'languageCode': 'en', 'publisher': {'name': 'First Coast News', 'site': 'firstcoastnews.com'}, 'reviewDate': '2024-04-11T03:26:00Z', 'textualRating': 'True', 'title': 'Children under 14 in Florida could be removed from social media', 'url': 'https://www.firstcoastnews.com/article/news/verify/yes-children-under-14-in-florida-be-kicked-off-some-social-media-if-new-law-takes-effect/77-3d3345d7-7583-4f21-bdd3-bba2b4fd3832'}]"
129,'Social media users stated KitKat was selling chocolate Ramadan characters during Easter 2024.',,,social media users,supported,"[{'comment': None, 'languageCode': 'en', 'publisher': {'name': 'Snopes', 'site': 'snopes.com'}, 'reviewDate': '2024-03-28T14:55:10Z', 'textualRating': 'True', 'title': 'KitKat Selling Chocolate Ramadan Characters This Easter?', 'url': 'https://www.snopes.com/fact-check/kitkat-ramadan-characters-easter/'}]"
130,"'Each one of those shots is billed as a medical advance. So, our children should be healthier than ever. But the opposite is true.'",imgs/2025-01-18_130.jpg,2024-09-08 05:05:00+00:00,x.com,misleading,"[{'comment': None, 'languageCode': 'en', 'publisher': {'name': None, 'site': 'misbar.com'}, 'reviewDate': '2024-09-08T05:05:00Z', 'textualRating': 'Misleading', 'title': ""Old Photo of Baby Surrounded by Her Parents' Treatments, Not Childhood Vaccines | Misbar"", 'url': 'https://misbar.com/en/factcheck/2024/09/08/old-photo-of-baby-surrounded-by-her-parents-treatments-not-childhood-vaccines'}]"
131,'Picture shows Donald Trump recently invited a Hindu priest to recite Vedic hymns at the White House.',imgs/2025-01-18_131.jpeg,2024-11-08 12:29:49+00:00,"Facebook, X users",misleading,"[{'comment': None, 'languageCode': 'en', 'publisher': {'name': 'BOOM Fact Check', 'site': 'boomlive.in'}, 'reviewDate': '2024-11-08T12:29:49Z', 'textualRating': 'Misleading', 'title': 'Photo Of Hindu Priest With Donald Trump At White House Is Not Recent | BOOM', 'url': 'https://www.boomlive.in/fact-check/viral-photo-hindu-priest-white-house-donald-trump-vedic-prayer-claim-fact-check-26938'}]"
132,'This picture was taken 3 HOURS ago of people lined up to see Trump at MSG.',imgs/2025-01-18_132.png,2024-10-31 15:50:00+00:00,x.com,misleading,"[{'comment': None, 'languageCode': 'en', 'publisher': {'name': None, 'site': 'misbar.com'}, 'reviewDate': '2024-10-31T15:50:00Z', 'textualRating': 'Misleading', 'title': 'This Image Does Not Show Trump Crowds at Madison Square Garden | Misbar', 'url': 'https://misbar.com/en/factcheck/2024/10/31/this-image-does-not-show-trump-crowds-at-madison-square-garden'}]"
133,'Burger King mocked McDonald's with this advert in response to Donald Trump's visit to a McDonald's restaurant.',imgs/2025-01-18_133.png,2024-10-25 00:00:00+00:00,The London Economic,misleading,"[{'comment': None, 'languageCode': 'en', 'publisher': {'name': 'Logically Facts', 'site': 'logicallyfacts.com'}, 'reviewDate': '2024-11-01T00:00:00Z', 'textualRating': 'Misleading', 'title': ""Burger King did not troll McDonald's after Trump visit"", 'url': 'https://www.logicallyfacts.com/en/fact-check/old-ad-shared-as-burger-king-trolling-mcdonalds-after-trump-visit'}]"
134,'Visuals of Akhilesh Yadav recently meeting the Prime Minister during the 2024 Lok Sabha elections.',imgs/2025-01-18_134.jpg,2024-05-11 00:00:00+00:00,social media users,misleading,"[{'comment': None, 'languageCode': 'en', 'publisher': {'name': 'FACTLY', 'site': 'factly.in'}, 'reviewDate': '2024-05-20T00:00:00Z', 'textualRating': 'MISLEADING', 'title': 'Old video of Akhilesh Yadav meeting PM Modi is being shared as a recent meeting in the context of 2024 Lok Sabha elections', 'url': 'https://factly.in/old-video-of-akhilesh-yadav-meeting-pm-modi-is-being-shared-as-a-recent-meeting-in-the-context-of-2024-lok-sabha-elections/'}]"
135,'These viral photos show Kumbhakarna’s sword from the Ramayana period.',imgs/2025-01-18_135.jpg,2024-10-07 00:00:00+00:00,social media users,refuted,"[{'comment': None, 'languageCode': 'en', 'publisher': {'name': 'FACTLY', 'site': 'factly.in'}, 'reviewDate': '2024-10-17T00:00:00Z', 'textualRating': 'FALSE', 'title': 'Images created by Artificial Intelligence (AI) are being falsely shared ...', 'url': 'https://factly.in/images-created-by-artificial-intelligence-ai-are-being-falsely-shared-as-real-photos-of-kumbhakarnas-sword-from-the-ramayana-era/'}]"
136,'An image shared to social media in December 2023 depicts the sun.',,,X users,supported,"[{'comment': None, 'languageCode': 'en', 'publisher': {'name': 'Snopes', 'site': 'snopes.com'}, 'reviewDate': '2023-12-12T06:00:01Z', 'textualRating': 'True', 'title': 'Yep, This Is a Real (and Stunning) Image of the Sun', 'url': 'https://www.snopes.com/fact-check/hole-opens-on-sun/'}]"
137,"'Thomas Crooks, the 20-year-old man who attempted to assassinate former U.S. President Donald Trump, once donated money to a political action committee aligned with the Democratic Party.'",,,X users,supported,"[{'comment': None, 'languageCode': 'en', 'publisher': {'name': 'Snopes', 'site': 'snopes.com'}, 'reviewDate': '2024-07-15T15:27:10Z', 'textualRating': 'True', 'title': 'Trump Shooter Once Donated Money to a Democratic Cause?', 'url': 'https://www.snopes.com/fact-check/trump-shooter-donation/'}]"
138,'You are required to mark a political party on your primary ballot envelope.',,,YouTube,supported,"[{'comment': None, 'languageCode': 'en', 'publisher': {'name': 'KREM', 'site': 'krem.com'}, 'reviewDate': '2024-02-24T00:50:00Z', 'textualRating': 'True', 'title': ""Are you required to mark a political designation for Washington state's presidential primaries for your vote to count?"", 'url': 'https://www.krem.com/article/news/verify/mark-political-party-on-washington-state-presidential-primaries-verify-ballots/293-443a2315-8aef-46e0-8848-6029fa7e3b9d'}]"
139,"'If you're on the Do Not Call Registry, political texts can still come throu'",,,Unknown,supported,"[{'comment': None, 'languageCode': 'en', 'publisher': {'name': 'WCNC', 'site': 'wcnc.com'}, 'reviewDate': '2024-02-23T13:23:00Z', 'textualRating': 'True', 'title': ""Why political texts can't be stopped on your phone | VERIFY"", 'url': 'https://www.wcnc.com/article/news/verify/verify-political-text-messages-do-not-call-registry-republican-democrat-elections/275-3e177f97-9c09-421a-a235-f8d9e98b34d8'}]"
140,"'Project 2025, a conservative coalition's plan for a future U.S. Republican presidency, proposes eliminating the federal Head Start education program.'",,,Roger Severino,supported,"[{'comment': None, 'languageCode': 'en', 'publisher': {'name': 'Snopes', 'site': 'snopes.com'}, 'reviewDate': '2024-11-25T19:00:03Z', 'textualRating': 'True', 'title': 'Yes, Project 2025 Wants to Eliminate Head Start', 'url': 'https://www.snopes.com/fact-check/project-2025-head-start/'}]"
141,"'One of Trump’s proposals is ""shutting down the Department of Education.""'",,2024-08-20 00:00:00+00:00,Donald Trump,supported,"[{'comment': None, 'languageCode': 'en', 'publisher': {'name': 'PolitiFact', 'site': 'politifact.com'}, 'reviewDate': '2024-08-21T14:59:07Z', 'textualRating': 'True', 'title': 'Fact-checking DNC Night 2: What speakers got right, wrong', 'url': 'https://www.politifact.com/article/2024/aug/20/fact-check-barack-obama-2024-dnc-day-2-chicago/'}]"
142,"'Project 2025, a proposed conservative blueprint for the next U.S. Republican presidential administration, has called to shut down the U.S. Department of Education.'",,,Donald Trump,supported,"[{'comment': None, 'languageCode': 'en', 'publisher': {'name': 'Snopes', 'site': 'snopes.com'}, 'reviewDate': '2024-08-14T12:46:17Z', 'textualRating': 'True', 'title': 'Project 2025 Wants To Kill US Department of Education', 'url': 'https://www.snopes.com/fact-check/project-2025-kill-us-department-of-education/'}]"
143,"'Ovia, an app for tracking reproductive health, requires users to input their country and state.'",,,byu/BabserellaWT,supported,"[{'comment': None, 'languageCode': 'en', 'publisher': {'name': 'Snopes', 'site': 'snopes.com'}, 'reviewDate': '2024-12-13T10:55:56Z', 'textualRating': 'True', 'title': ""Yes, Ovia's Reproductive Health Apps Require Users to Input Their Country and State"", 'url': 'https://www.snopes.com/fact-check/ovia-app-location/'}]"
144,'Falling back to standard time is good for our health.',,,Unknown,supported,"[{'comment': None, 'languageCode': 'en', 'publisher': {'name': 'WCNC', 'site': 'wcnc.com'}, 'reviewDate': '2024-10-29T13:14:00Z', 'textualRating': 'True', 'title': 'Daylight saving time ends: Why the time change is good for you', 'url': 'https://www.wcnc.com/article/news/verify/daylight-saving-time-fall-back-health-benefits/275-620fde4e-34be-4fd8-aa73-d7f4c10db3cd'}]"
145,'Spring cleaning can help your mental health',,,Unknown,supported,"[{'comment': None, 'languageCode': 'en', 'publisher': {'name': 'WCNC', 'site': 'wcnc.com'}, 'reviewDate': '2024-03-22T13:26:00Z', 'textualRating': 'True', 'title': 'Spring cleaning can help your mental health | Verify', 'url': 'https://www.wcnc.com/article/news/verify/fact-check-spring-cleaning-mental-health/275-a6e69c3c-32b9-42b0-9683-47b2c79e8731'}]"
146,'Starbucks offers its employees healthcare plans that include coverage for gender reassignment surgery.',,,Jonathan Stickland,supported,"[{'comment': None, 'languageCode': 'en', 'publisher': {'name': 'Snopes.com', 'site': 'snopes.com'}, 'reviewDate': '2024-02-29T10:52:00Z', 'textualRating': 'True', 'title': 'Does Starbucks Offer Employees Healthcare Plans Covering Gender Reassignment Surgery?', 'url': 'https://www.snopes.com/fact-check/starbucks-gender-reassignment-surgery/'}]"
147,'There is a class-action lawsuit against Novant Health.',,,Unknown,supported,"[{'comment': None, 'languageCode': 'en', 'publisher': {'name': 'WCNC', 'site': 'wcnc.com'}, 'reviewDate': '2024-01-19T14:06:00Z', 'textualRating': 'True', 'title': ""Novant Health class-action lawsuit: Who's eligible | VERIFY"", 'url': 'https://www.wcnc.com/article/news/verify/class-action-lawsuit-novant-health/275-72296191-d6e4-4aa3-b0eb-f208a529f5fc'}]"
148,'The first U.S. official coin in circulation said “Mind Your Business” instead of “In God We Trust.”',,,Reddit users,supported,"[{'comment': None, 'languageCode': 'en', 'publisher': {'name': 'Snopes', 'site': 'snopes.com'}, 'reviewDate': '2024-08-15T06:00:03Z', 'textualRating': 'True', 'title': ""1st Official US Coin in Circulation Said 'Mind Your Business,' Not 'In ..."", 'url': 'https://www.snopes.com/fact-check/1st-us-coin-mind-your-business/'}]"
149,"'Under Joe Biden, there are “record numbers of new Black entrepreneurs”'",,2024-02-13 00:00:00+00:00,Joe Biden,supported,"[{'comment': None, 'languageCode': 'en', 'publisher': {'name': 'PolitiFact', 'site': 'politifact.com'}, 'reviewDate': None, 'textualRating': 'True', 'title': 'Has Black entrepreneurship hit a record during Joe Biden’s ...', 'url': 'https://www.politifact.com/factchecks/2024/feb/15/joe-biden/has-black-entrepreneurship-hit-a-record-during-joe/'}]"
150,'It is legal for humane societies in Arizona to transfer animals to breeders.',,,Unknown,supported,"[{'comment': None, 'languageCode': 'en', 'publisher': {'name': 'CBS 8', 'site': 'cbs8.com'}, 'reviewDate': '2023-11-17T02:30:00Z', 'textualRating': 'True', 'title': 'Can shelters transfer animals to breeders to use as food?', 'url': 'https://www.cbs8.com/article/news/verify/can-humane-societies-transfer-animals-to-breeders-to-use-as-food/509-dda3f861-3862-40c2-849c-45fa48e06106'}]"
151,'Hamas called for end to war because of Trump’s election',,,Unknown,misleading,"[{'comment': None, 'languageCode': 'en', 'publisher': {'name': 'KREM', 'site': 'krem.com'}, 'reviewDate': '2024-11-12T22:34:00Z', 'textualRating': 'Misleading', 'title': 'Claims Hamas called for end to war because of Trump’s election are misleading', 'url': 'https://www.krem.com/article/news/verify/israel-hamas-war/claims-hamas-called-for-end-to-war-after-trumps-election-are-misleading/536-14893211-a5a3-4745-91ac-14427c66f368'}
 {'comment': None, 'languageCode': 'en', 'publisher': {'name': 'KSDK', 'site': 'ksdk.com'}, 'reviewDate': '2024-11-12T22:34:00Z', 'textualRating': 'Misleading', 'title': 'Claims Hamas called for end to war because of Trump’s election are misleading', 'url': 'https://www.ksdk.com/article/news/verify/israel-hamas-war/claims-hamas-called-for-end-to-war-after-trumps-election-are-misleading/536-14893211-a5a3-4745-91ac-14427c66f368'}
 {'comment': None, 'languageCode': 'en', 'publisher': {'name': 'KTVB', 'site': 'ktvb.com'}, 'reviewDate': '2024-11-12T22:34:00Z', 'textualRating': 'Misleading', 'title': 'Claims Hamas called for end to war because of Trump’s election are misleading', 'url': 'https://www.ktvb.com/article/news/verify/israel-hamas-war/claims-hamas-called-for-end-to-war-after-trumps-election-are-misleading/536-14893211-a5a3-4745-91ac-14427c66f368'}
 {'comment': None, 'languageCode': 'en', 'publisher': {'name': 'WFAA', 'site': 'wfaa.com'}, 'reviewDate': '2024-11-12T22:34:00Z', 'textualRating': 'Misleading', 'title': 'Claims Hamas called for end to war because of Trump’s election are misleading', 'url': 'https://www.wfaa.com/article/news/verify/israel-hamas-war/claims-hamas-called-for-end-to-war-after-trumps-election-are-misleading/536-14893211-a5a3-4745-91ac-14427c66f368'}
 {'comment': None, 'languageCode': 'en', 'publisher': {'name': 'WKYC', 'site': 'wkyc.com'}, 'reviewDate': '2024-11-12T22:34:00Z', 'textualRating': 'Misleading', 'title': 'Claims Hamas called for end to war because of Trump’s election are misleading', 'url': 'https://www.wkyc.com/article/news/verify/israel-hamas-war/claims-hamas-called-for-end-to-war-after-trumps-election-are-misleading/536-14893211-a5a3-4745-91ac-14427c66f368'}
 {'comment': None, 'languageCode': 'en', 'publisher': {'name': 'WLTX', 'site': 'wltx.com'}, 'reviewDate': '2024-11-12T22:34:00Z', 'textualRating': 'Misleading', 'title': 'Claims Hamas called for end to war because of Trump’s election are misleading', 'url': 'https://www.wltx.com/article/news/verify/israel-hamas-war/claims-hamas-called-for-end-to-war-after-trumps-election-are-misleading/536-14893211-a5a3-4745-91ac-14427c66f368'}
 {'comment': None, 'languageCode': 'en', 'publisher': {'name': 'WTHR', 'site': 'wthr.com'}, 'reviewDate': '2024-11-12T22:34:00Z', 'textualRating': 'Misleading', 'title': 'Claims Hamas called for end to war because of Trump’s election are misleading', 'url': 'https://www.wthr.com/article/news/verify/israel-hamas-war/claims-hamas-called-for-end-to-war-after-trumps-election-are-misleading/536-14893211-a5a3-4745-91ac-14427c66f368'}
 {'comment': None, 'languageCode': 'en', 'publisher': {'name': 'CBS 8', 'site': 'cbs8.com'}, 'reviewDate': '2024-11-12T22:34:00Z', 'textualRating': 'Misleading', 'title': 'Claims Hamas called for end to war because of Trump’s election are misleading', 'url': 'https://www.cbs8.com/article/news/verify/israel-hamas-war/claims-hamas-called-for-end-to-war-after-trumps-election-are-misleading/536-14893211-a5a3-4745-91ac-14427c66f368'}
 {'comment': None, 'languageCode': 'en', 'publisher': {'name': 'KIII', 'site': 'kiiitv.com'}, 'reviewDate': '2024-11-12T22:34:00Z', 'textualRating': 'Misleading', 'title': 'Claims Hamas called for end to war because of Trump’s election are misleading', 'url': 'https://www.kiiitv.com/article/news/verify/israel-hamas-war/claims-hamas-called-for-end-to-war-after-trumps-election-are-misleading/536-14893211-a5a3-4745-91ac-14427c66f368'}
 {'comment': None, 'languageCode': 'en', 'publisher': {'name': '9News', 'site': '9news.com'}, 'reviewDate': '2024-11-12T22:34:00Z', 'textualRating': 'Misleading', 'title': 'Claims Hamas called for end to war because of Trump’s election are misleading', 'url': 'https://www.9news.com/article/news/verify/israel-hamas-war/claims-hamas-called-for-end-to-war-after-trumps-election-are-misleading/536-14893211-a5a3-4745-91ac-14427c66f368'}
 {'comment': None, 'languageCode': 'en', 'publisher': {'name': 'WUSA9', 'site': 'wusa9.com'}, 'reviewDate': '2024-11-12T22:34:00Z', 'textualRating': 'Misleading', 'title': 'Claims Hamas called for end to war because of Trump’s election are misleading', 'url': 'https://www.wusa9.com/article/news/verify/israel-hamas-war/claims-hamas-called-for-end-to-war-after-trumps-election-are-misleading/536-14893211-a5a3-4745-91ac-14427c66f368'}
 {'comment': None, 'languageCode': 'en', 'publisher': {'name': 'CBS 19', 'site': 'cbs19.tv'}, 'reviewDate': '2024-11-12T22:34:00Z', 'textualRating': 'Misleading', 'title': 'Claims Hamas called for end to war because of Trump’s election are misleading', 'url': 'https://www.cbs19.tv/article/news/verify/israel-hamas-war/claims-hamas-called-for-end-to-war-after-trumps-election-are-misleading/536-14893211-a5a3-4745-91ac-14427c66f368'}
 {'comment': None, 'languageCode': 'en', 'publisher': {'name': 'FOX 61', 'site': 'fox61.com'}, 'reviewDate': '2024-11-12T22:34:00Z', 'textualRating': 'Misleading', 'title': 'Claims Hamas called for end to war because of Trump’s election are misleading', 'url': 'https://www.fox61.com/article/news/verify/israel-hamas-war/claims-hamas-called-for-end-to-war-after-trumps-election-are-misleading/536-14893211-a5a3-4745-91ac-14427c66f368'}
 {'comment': None, 'languageCode': 'en', 'publisher': {'name': 'KING 5', 'site': 'king5.com'}, 'reviewDate': '2024-11-12T22:34:00Z', 'textualRating': 'Misleading', 'title': 'Claims Hamas called for end to war because of Trump’s election are misleading', 'url': 'https://www.king5.com/article/news/verify/israel-hamas-war/claims-hamas-called-for-end-to-war-after-trumps-election-are-misleading/536-14893211-a5a3-4745-91ac-14427c66f368'}
 {'comment': None, 'languageCode': 'en', 'publisher': {'name': '12News', 'site': '12news.com'}, 'reviewDate': '2024-11-12T22:34:00Z', 'textualRating': 'Misleading', 'title': 'Claims Hamas called for end to war because of Trump’s election are misleading', 'url': 'https://www.12news.com/article/news/verify/israel-hamas-war/claims-hamas-called-for-end-to-war-after-trumps-election-are-misleading/536-14893211-a5a3-4745-91ac-14427c66f368'}
 {'comment': None, 'languageCode': 'en', 'publisher': {'name': '13WMAZ', 'site': '13wmaz.com'}, 'reviewDate': '2024-11-12T22:34:00Z', 'textualRating': 'Misleading', 'title': 'Claims Hamas called for end to war because of Trump’s election are misleading', 'url': 'https://www.13wmaz.com/article/news/verify/israel-hamas-war/claims-hamas-called-for-end-to-war-after-trumps-election-are-misleading/536-14893211-a5a3-4745-91ac-14427c66f368'}
 {'comment': None, 'languageCode': 'en', 'publisher': {'name': 'WHAS11', 'site': 'whas11.com'}, 'reviewDate': '2024-11-12T22:34:00Z', 'textualRating': 'Misleading', 'title': 'Claims Hamas called for end to war because of Trump’s election are misleading', 'url': 'https://www.whas11.com/article/news/verify/israel-hamas-war/claims-hamas-called-for-end-to-war-after-trumps-election-are-misleading/536-14893211-a5a3-4745-91ac-14427c66f368'}
 {'comment': None, 'languageCode': 'en', 'publisher': {'name': '10tv.com', 'site': '10tv.com'}, 'reviewDate': '2024-11-12T22:34:00Z', 'textualRating': 'Misleading', 'title': 'Claims Hamas called for end to war because of Trump’s election are misleading', 'url': 'https://www.10tv.com/article/news/verify/israel-hamas-war/claims-hamas-called-for-end-to-war-after-trumps-election-are-misleading/536-14893211-a5a3-4745-91ac-14427c66f368'}
 {'comment': None, 'languageCode': 'en', 'publisher': {'name': 'WTSP.com', 'site': 'wtsp.com'}, 'reviewDate': '2024-11-12T22:34:00Z', 'textualRating': 'Misleading', 'title': 'Claims Hamas called for end to war because of Trump’s election are misleading', 'url': 'https://www.wtsp.com/article/news/verify/israel-hamas-war/claims-hamas-called-for-end-to-war-after-trumps-election-are-misleading/536-14893211-a5a3-4745-91ac-14427c66f368'}
 {'comment': None, 'languageCode': 'en', 'publisher': {'name': 'KBMT', 'site': '12newsnow.com'}, 'reviewDate': '2024-11-12T22:34:00Z', 'textualRating': 'Misleading', 'title': 'Claims Hamas called for end to war because of Trump’s election are misleading', 'url': 'https://www.12newsnow.com/article/news/verify/israel-hamas-war/claims-hamas-called-for-end-to-war-after-trumps-election-are-misleading/536-14893211-a5a3-4745-91ac-14427c66f368'}
 {'comment': None, 'languageCode': 'en', 'publisher': {'name': 'KARE 11', 'site': 'kare11.com'}, 'reviewDate': '2024-11-12T22:34:00Z', 'textualRating': 'Misleading', 'title': 'Claims Hamas called for end to war because of Trump’s election are misleading', 'url': 'https://www.kare11.com/article/news/verify/israel-hamas-war/claims-hamas-called-for-end-to-war-after-trumps-election-are-misleading/536-14893211-a5a3-4745-91ac-14427c66f368'}
 {'comment': None, 'languageCode': 'en', 'publisher': {'name': 'KCEN-TV', 'site': 'kcentv.com'}, 'reviewDate': '2024-11-12T22:34:00Z', 'textualRating': 'Misleading', 'title': 'Claims Hamas called for end to war because of Trump’s election are misleading', 'url': 'https://www.kcentv.com/article/news/verify/israel-hamas-war/claims-hamas-called-for-end-to-war-after-trumps-election-are-misleading/536-14893211-a5a3-4745-91ac-14427c66f368'}
 {'comment': None, 'languageCode': 'en', 'publisher': {'name': 'thv11.com', 'site': 'thv11.com'}, 'reviewDate': '2024-11-12T22:34:00Z', 'textualRating': 'Misleading', 'title': 'Claims Hamas called for end to war because of Trump’s election are misleading', 'url': 'https://www.thv11.com/article/news/verify/israel-hamas-war/claims-hamas-called-for-end-to-war-after-trumps-election-are-misleading/536-14893211-a5a3-4745-91ac-14427c66f368'}
 {'comment': None, 'languageCode': 'en', 'publisher': {'name': 'WPMT FOX43', 'site': 'fox43.com'}, 'reviewDate': '2024-11-12T22:34:00Z', 'textualRating': 'Misleading', 'title': 'Claims Hamas called for end to war because of Trump’s election are misleading', 'url': 'https://www.fox43.com/article/news/verify/israel-hamas-war/claims-hamas-called-for-end-to-war-after-trumps-election-are-misleading/536-14893211-a5a3-4745-91ac-14427c66f368'}
 {'comment': None, 'languageCode': 'en', 'publisher': {'name': 'KGW', 'site': 'kgw.com'}, 'reviewDate': '2024-11-12T22:34:00Z', 'textualRating': 'Misleading', 'title': 'Claims Hamas called for end to war because of Trump’s election are misleading', 'url': 'https://www.kgw.com/article/news/verify/israel-hamas-war/claims-hamas-called-for-end-to-war-after-trumps-election-are-misleading/536-14893211-a5a3-4745-91ac-14427c66f368'}
 {'comment': None, 'languageCode': 'en', 'publisher': {'name': '5NEWS', 'site': '5newsonline.com'}, 'reviewDate': '2024-11-12T22:34:00Z', 'textualRating': 'Misleading', 'title': 'Claims Hamas called for end to war because of Trump’s election are misleading', 'url': 'https://www.5newsonline.com/article/news/verify/israel-hamas-war/claims-hamas-called-for-end-to-war-after-trumps-election-are-misleading/536-14893211-a5a3-4745-91ac-14427c66f368'}
 {'comment': None, 'languageCode': 'en', 'publisher': {'name': 'kagstv.com', 'site': 'kagstv.com'}, 'reviewDate': '2024-11-12T22:34:00Z', 'textualRating': 'Misleading', 'title': 'Claims Hamas called for end to war because of Trump’s election are misleading', 'url': 'https://www.kagstv.com/article/news/verify/israel-hamas-war/claims-hamas-called-for-end-to-war-after-trumps-election-are-misleading/536-14893211-a5a3-4745-91ac-14427c66f368'}
 {'comment': None, 'languageCode': 'en', 'publisher': {'name': 'KVUE', 'site': 'kvue.com'}, 'reviewDate': '2024-11-12T22:34:00Z', 'textualRating': 'Misleading', 'title': 'Claims Hamas called for end to war because of Trump’s election are misleading', 'url': 'https://www.kvue.com/article/news/verify/israel-hamas-war/claims-hamas-called-for-end-to-war-after-trumps-election-are-misleading/536-14893211-a5a3-4745-91ac-14427c66f368'}
 {'comment': None, 'languageCode': 'en', 'publisher': {'name': '11Alive.com', 'site': '11alive.com'}, 'reviewDate': '2024-11-12T22:34:00Z', 'textualRating': 'Misleading', 'title': 'Claims Hamas called for end to war because of Trump’s election are misleading', 'url': 'https://www.11alive.com/article/news/verify/israel-hamas-war/claims-hamas-called-for-end-to-war-after-trumps-election-are-misleading/536-14893211-a5a3-4745-91ac-14427c66f368'}
 {'comment': None, 'languageCode': 'en', 'publisher': {'name': 'KHOU', 'site': 'khou.com'}, 'reviewDate': '2024-11-12T22:34:00Z', 'textualRating': 'Misleading', 'title': 'Claims Hamas called for end to war because of Trump’s election are misleading', 'url': 'https://www.khou.com/article/news/verify/israel-hamas-war/claims-hamas-called-for-end-to-war-after-trumps-election-are-misleading/536-14893211-a5a3-4745-91ac-14427c66f368'}
 {'comment': None, 'languageCode': 'en', 'publisher': {'name': 'WCNC', 'site': 'wcnc.com'}, 'reviewDate': '2024-11-12T22:34:00Z', 'textualRating': 'Misleading', 'title': 'Claims Hamas called for end to war because of Trump’s election are misleading', 'url': 'https://www.wcnc.com/article/news/verify/israel-hamas-war/claims-hamas-called-for-end-to-war-after-trumps-election-are-misleading/536-14893211-a5a3-4745-91ac-14427c66f368'}
 {'comment': None, 'languageCode': 'en', 'publisher': {'name': '13News Now', 'site': '13newsnow.com'}, 'reviewDate': '2024-11-12T22:34:00Z', 'textualRating': 'Misleading', 'title': 'Claims Hamas called for end to war because of Trump’s election are misleading', 'url': 'https://www.13newsnow.com/article/news/verify/israel-hamas-war/claims-hamas-called-for-end-to-war-after-trumps-election-are-misleading/536-14893211-a5a3-4745-91ac-14427c66f368'}
 {'comment': None, 'languageCode': 'en', 'publisher': {'name': 'ABC10', 'site': 'abc10.com'}, 'reviewDate': '2024-11-12T22:34:00Z', 'textualRating': 'Misleading', 'title': 'Claims Hamas called for end to war because of Trump’s election are misleading', 'url': 'https://www.abc10.com/article/news/verify/israel-hamas-war/claims-hamas-called-for-end-to-war-after-trumps-election-are-misleading/536-14893211-a5a3-4745-91ac-14427c66f368'}
 {'comment': None, 'languageCode': 'en', 'publisher': {'name': 'KENS 5', 'site': 'kens5.com'}, 'reviewDate': '2024-11-12T22:34:00Z', 'textualRating': 'Misleading', 'title': 'Claims Hamas called for end to war because of Trump’s election are misleading', 'url': 'https://www.kens5.com/article/news/verify/israel-hamas-war/claims-hamas-called-for-end-to-war-after-trumps-election-are-misleading/536-14893211-a5a3-4745-91ac-14427c66f368'}
 {'comment': None, 'languageCode': 'en', 'publisher': {'name': 'WWL-TV', 'site': 'wwltv.com'}, 'reviewDate': '2024-11-12T22:34:00Z', 'textualRating': 'Misleading', 'title': 'Claims Hamas called for end to war because of Trump’s election are misleading', 'url': 'https://www.wwltv.com/article/news/verify/israel-hamas-war/claims-hamas-called-for-end-to-war-after-trumps-election-are-misleading/536-14893211-a5a3-4745-91ac-14427c66f368'}
 {'comment': None, 'languageCode': 'en', 'publisher': {'name': 'WBIR.com', 'site': 'wbir.com'}, 'reviewDate': '2024-11-12T22:34:00Z', 'textualRating': 'Misleading', 'title': 'Claims Hamas called for end to war because of Trump’s election are misleading', 'url': 'https://www.wbir.com/article/news/verify/israel-hamas-war/claims-hamas-called-for-end-to-war-after-trumps-election-are-misleading/536-14893211-a5a3-4745-91ac-14427c66f368'}
 {'comment': None, 'languageCode': 'en', 'publisher': {'name': 'weareiowa.com', 'site': 'weareiowa.com'}, 'reviewDate': '2024-11-12T22:34:00Z', 'textualRating': 'Misleading', 'title': 'Claims Hamas called for end to war because of Trump’s election are misleading', 'url': 'https://www.weareiowa.com/article/news/verify/israel-hamas-war/claims-hamas-called-for-end-to-war-after-trumps-election-are-misleading/536-14893211-a5a3-4745-91ac-14427c66f368'}
 {'comment': None, 'languageCode': 'en', 'publisher': {'name': 'VERIFYThis.com', 'site': 'verifythis.com'}, 'reviewDate': '2024-11-12T22:34:00Z', 'textualRating': 'Misleading', 'title': 'Claims Hamas called for end to war because of Trump’s election are misleading', 'url': 'https://www.verifythis.com/article/news/verify/israel-hamas-war/claims-hamas-called-for-end-to-war-after-trumps-election-are-misleading/536-14893211-a5a3-4745-91ac-14427c66f368'}
 {'comment': None, 'languageCode': 'en', 'publisher': {'name': 'WZDX Huntsville', 'site': 'rocketcitynow.com'}, 'reviewDate': '2024-11-12T22:34:00Z', 'textualRating': 'Misleading', 'title': 'Claims Hamas called for end to war because of Trump’s election are misleading', 'url': 'https://www.rocketcitynow.com/article/news/verify/israel-hamas-war/claims-hamas-called-for-end-to-war-after-trumps-election-are-misleading/536-14893211-a5a3-4745-91ac-14427c66f368'}
 {'comment': None, 'languageCode': 'en', 'publisher': {'name': 'First Coast News', 'site': 'firstcoastnews.com'}, 'reviewDate': '2024-11-12T22:34:00Z', 'textualRating': 'Misleading', 'title': 'Claims Hamas called for end to war because of Trump’s election are misleading', 'url': 'https://www.firstcoastnews.com/article/news/verify/israel-hamas-war/claims-hamas-called-for-end-to-war-after-trumps-election-are-misleading/536-14893211-a5a3-4745-91ac-14427c66f368'}
 {'comment': None, 'languageCode': 'en', 'publisher': {'name': 'News Center Maine', 'site': 'newscentermaine.com'}, 'reviewDate': '2024-11-12T22:34:00Z', 'textualRating': 'Misleading', 'title': 'Claims Hamas called for end to war because of Trump’s election are misleading', 'url': 'https://www.newscentermaine.com/article/news/verify/israel-hamas-war/claims-hamas-called-for-end-to-war-after-trumps-election-are-misleading/536-14893211-a5a3-4745-91ac-14427c66f368'}]"
152,"'""These [Moldovan presidential] elections were neither democratic nor fair. They were full of electoral manipulations.""'",,2024-11-07 17:30:58+00:00,Dmitry Peskov,misleading,"[{'comment': None, 'languageCode': 'en', 'publisher': {'name': 'VOA', 'site': 'voanews.com'}, 'reviewDate': '2024-11-07T17:30:58Z', 'textualRating': 'Misleading', 'title': 'Facing interference accusations, Russia falsely declares Moldovan elections ‘undemocratic’', 'url': 'https://www.voanews.com/a/facing-interference-accusations-russia-falsely-declares-moldovan-elections-undemocratic-/7855382.html'}]"
153,'A pre-marked dot on the U.S. election ballot makes the vote void.',,2024-11-03 00:00:00+00:00,Facebook users,misleading,"[{'comment': None, 'languageCode': 'en', 'publisher': {'name': 'Logically Facts', 'site': 'logicallyfacts.com'}, 'reviewDate': '2024-11-06T00:00:00Z', 'textualRating': 'Misleading', 'title': 'A dot in a ballot does not not invalidate the vote', 'url': 'https://www.logicallyfacts.com/en/fact-check/a-small-dot-by-kamala-harris-name-on-a-ballot-does-not-invalidate-the-vote'}]"
154,'Rodrigo Duterte is running for senator in the 2025 elections.',,2024-10-08 00:00:00+00:00,Unknown,misleading,"[{'comment': None, 'languageCode': 'en', 'publisher': {'name': 'VERA Files', 'site': 'verafiles.org'}, 'reviewDate': '2024-10-11T11:03:00Z', 'textualRating': 'Misleading', 'title': 'Rodrigo Duterte is NOT running for senator', 'url': 'https://verafiles.org/articles/fact-check-rodrigo-duterte-not-running-for-senator'}]"
155,'Wilders and Le Pen “unanimously” win recent elections',,2024-05-19 00:00:00+00:00,Social media users,misleading,"[{'comment': None, 'languageCode': 'en', 'publisher': {'name': 'Logically Facts', 'site': 'logicallyfacts.com'}, 'reviewDate': '2024-05-22T00:00:00Z', 'textualRating': 'Misleading', 'title': ""Wilders and Le Pen didn't 'unanimously' win recent elections"", 'url': 'https://www.logicallyfacts.com/en/fact-check/misleading-wilders-and-le-pen-didn-t-unanimously-win-recent-elections'}]"
156,"'An 81-year-old roadside parrot astrologer was arrested from Cuddalore, Tamil Nadu by police because his parrot predicted that DMK would lose the 2024 election.'",,2024-04-13 00:00:00+00:00,Unknown,misleading,"[{'comment': None, 'languageCode': 'en', 'publisher': {'name': 'YouTurn', 'site': 'en.youturn.in'}, 'reviewDate': '2024-04-15T00:00:00Z', 'textualRating': 'MISLEADING', 'title': 'Was a parrot astrologer in TN arrested for predicting 2024 e...', 'url': 'https://en.youturn.in/factcheck/was-a-parrot-astrologer-in-tn-arrested-for-predicting-2024-election-result-no-that-is-false.html'}]"
157,'Samantha endorsed TDP ahead of Andhra Elections',,2024-03-01 00:00:00+00:00,Rajeswari Parasa,misleading,"[{'comment': None, 'languageCode': 'en', 'publisher': {'name': 'Logically Facts', 'site': 'logicallyfacts.com'}, 'reviewDate': '2024-03-13T00:00:00Z', 'textualRating': 'Misleading', 'title': 'Old video shared as actor Samantha endorsing TDP for Andhra Pradesh elections', 'url': 'https://www.logicallyfacts.com/en/fact-check/misleading-old-video-shared-as-actor-samantha-endorsing-tdp-for-andhra-pradesh-elections'}]"
158,'China declared a state of health emergency following new HMPV outbreak.',,,X user,misleading,"[{'comment': None, 'languageCode': 'en', 'publisher': {'name': 'Logically Facts', 'site': 'logicallyfacts.com'}, 'reviewDate': '2025-01-07T00:00:00Z', 'textualRating': 'Misleading', 'title': 'Old video from China falsely linked to HMPV outbreak', 'url': 'https://www.logicallyfacts.com/en/fact-check/old-video-falsely-linked-to-recent-hmpv-outbreak-in-china'}]"
159,'Products from cows fed Bovaer causes health issues in humans',,2024-12-13 00:00:00+00:00,X users,misleading,"[{'comment': None, 'languageCode': 'en', 'publisher': {'name': 'AFP Fact Check', 'site': 'factcheck.afp.com'}, 'reviewDate': '2024-12-20T21:54:00Z', 'textualRating': 'Misleading', 'title': 'No evidence linking methane inhibitors for cows to human health problems', 'url': 'https://factcheck.afp.com/doc.afp.com.36QL9ZP'}]"
160,"“Rather than respecting her dignity and focusing on the mental health challenges she was facing, these groups saw an opportunity to fuel their anti-government agenda.”",,2024-11-13 04:54:15+00:00,Tehran Times,misleading,"[{'comment': None, 'languageCode': 'en', 'publisher': {'name': 'VOA News', 'site': 'voanews.com'}, 'reviewDate': '2024-11-13T04:54:15Z', 'textualRating': 'Misleading', 'title': ""Iran uses 'mental health' pretext to downplay woman’s dress code protest"", 'url': 'https://www.voanews.com/a/iran-uses-mental-health-pretext-to-downplay-woman-s-dress-code-protest-/7861991.html'}]"
161,'Amendment to health act will force Malaysians to be vaccinated.',,2024-10-16 00:00:00+00:00,Facebook users,misleading,"[{'comment': None, 'languageCode': 'en', 'publisher': {'name': 'AFP Fact Check', 'site': 'factcheck.afp.com'}, 'reviewDate': '2024-10-29T04:19:00Z', 'textualRating': 'Misleading', 'title': ""Malaysian govt 'unlikely' to use changes to infectious diseases law to mandate vaccines: experts"", 'url': 'https://factcheck.afp.com/doc.afp.com.36KJ3HB'}]"
162,'Great Barrier Reef broke coral population record for third year in a row',,2024-06-29 00:00:00+00:00,Jo Nova,misleading,"[{'comment': None, 'languageCode': 'en', 'publisher': {'name': 'AFP Fact Check', 'site': 'factcheck.afp.com'}, 'reviewDate': '2024-07-11T21:45:00Z', 'textualRating': 'Misleading', 'title': 'Australian marine agency data exploited to mislead on reef health', 'url': 'https://factcheck.afp.com/doc.afp.com.363G28D'}]"
163,'GRACIA LATTE is a healthy way to lose weight in one week',,2024-05-01 00:00:00+00:00,Facebook users,misleading,"[{'comment': None, 'languageCode': 'en', 'publisher': {'name': 'Fact Crescendo Sri Lanka', 'site': 'srilanka.factcrescendo.com'}, 'reviewDate': '2024-05-04T00:00:00Z', 'textualRating': 'Misleading', 'title': 'Beware of weight loss scams such as GRACIA LATTE!', 'url': 'https://srilanka.factcrescendo.com/english/beware-of-weight-loss-scams-such-as-gracia-latte/'}]"
164,'COVID-19 has symptoms similar to the flu.',,2024-03-02 00:00:00+00:00,Donald Trump,supported,"[{'comment': None, 'languageCode': 'en', 'publisher': {'name': 'Science Feedback', 'site': 'science.feedback.org'}, 'reviewDate': '2024-03-02T00:00:00Z', 'textualRating': 'True', 'title': 'Vaccines, treatments reduced public health threat posed by COVID ...', 'url': 'https://science.feedback.org/review/vaccines-treatments-reduced-public-health-threat-posed-covid19-explaining-different-approach-2024-compared-2020/'}]"
165,'Maddie de Garay's case shows that COVID-19 vaccines can cause functional neurological disorder and are thus harmful.',,2024-01-21 00:00:00+00:00,Stephanie de Garay,misleading,"[{'comment': None, 'languageCode': 'en', 'publisher': {'name': 'Science Feedback', 'site': 'science.feedback.org'}, 'reviewDate': '2024-02-28T00:00:00Z', 'textualRating': 'Misleading', 'title': 'How health problems after COVID-19 vaccination are sometimes ...', 'url': 'https://science.feedback.org/health-problems-after-covid19-vaccination-feed-misinformation-narratives/'}]"
166,'Former health minister of Italy under investigation for murder',,2023-12-12 00:00:00+00:00,Alex Jones,misleading,"[{'comment': None, 'languageCode': 'en', 'publisher': {'name': 'AFP Fact Check', 'site': 'factcheck.afp.com'}, 'reviewDate': '2024-01-09T21:51:00Z', 'textualRating': 'Misleading', 'title': 'Posts misrepresent legal proceedings against Italian officials over vaccines', 'url': 'https://factcheck.afp.com/doc.afp.com.348Q7WW'}]"
167,'Former Italian health minister facing murder charges over COVID-19 vaccines',,2023-12-12 00:00:00+00:00,Social media users,misleading,"[{'comment': None, 'languageCode': 'en', 'publisher': {'name': 'Logically Facts', 'site': 'logicallyfacts.com'}, 'reviewDate': '2024-01-04T00:00:00Z', 'textualRating': 'Misleading', 'title': 'Former Italian health minister not facing murder charges over COVID-19 vaccines', 'url': 'https://www.logicallyfacts.com/en/fact-check/misleading-former-italian-health-minister-not-facing-murder-charges-over-covid-19-vaccines'}]"
168,'Israelis get free US healthcare',,2024-01-10 00:00:00+00:00,X users,misleading,"[{'comment': None, 'languageCode': 'en', 'publisher': {'name': 'AFP Fact Check', 'site': 'factcheck.afp.com'}, 'reviewDate': '2024-01-16T21:44:00Z', 'textualRating': 'Misleading', 'title': 'Experts refute claims that Israelis get free US medical treatment', 'url': 'https://factcheck.afp.com/doc.afp.com.34EK8WL'}]"
169,'There is HIV inside some COVID vaccines',,,Instagram users,misleading,"[{'comment': None, 'languageCode': 'en', 'publisher': {'name': 'Logically Facts', 'site': 'logicallyfacts.com'}, 'reviewDate': '2025-01-04T00:00:00Z', 'textualRating': 'Misleading', 'title': 'Fact-check: No, COVID vaccines do not contain HIV in them', 'url': 'https://www.logicallyfacts.com/en/fact-check/covid-vaccines-do-not-cause-hiv-queensland-vaccine-halted'}]"
170,“Mysterious virus HMPV reported in China!”,,2025-01-07 22:03:40+00:00,India TV,misleading,"[{'comment': None, 'languageCode': 'en', 'publisher': {'name': 'VOA', 'site': 'voanews.com'}, 'reviewDate': '2025-01-07T22:03:40Z', 'textualRating': 'Misleading', 'title': ""HMPV is no 'mysterious China virus'"", 'url': 'https://www.voanews.com/a/hmpv-is-no-mysterious-china-virus-/7927764.html'}]"
171,"'George Soros and Bill Gates owned Mologic Ltd, a company producing rapid COVID-19 tests, prior to the pandemic.'",,2024-11-10 00:00:00+00:00,Liz Churchill,misleading,"[{'comment': None, 'languageCode': 'en', 'publisher': {'name': 'Logically Facts', 'site': 'logicallyfacts.com'}, 'reviewDate': '2024-11-15T00:00:00Z', 'textualRating': 'Misleading', 'title': 'Soros and Gates did not own Mologic before the COVID-19 pandemic', 'url': 'https://www.logicallyfacts.com/en/fact-check/no-soros-and-gates-did-not-own-mologic-before-the-covid-19-pandemic'}]"
172,'The updated COVID-19 vaccines do “not protect against the currently dominant strain.”',,2024-09-12 00:00:00+00:00,Dr. Joseph Ladapo,misleading,"[{'comment': None, 'languageCode': 'en', 'publisher': {'name': 'FactCheck.org', 'site': 'factcheck.org'}, 'reviewDate': None, 'textualRating': 'Misleading', 'title': 'Florida’s 2024-2025 COVID-19 Vaccine Guidance Misunderstands, Distorts Existing Science', 'url': 'https://www.factcheck.org/2024/10/floridas-2024-2025-covid-19-vaccine-guidance-misunderstands-distorts-existing-science/'}]"
173,"'COVID-19 vaccines are unsafe, they cause deaths by cardiac arrest and blood clots.'",,2024-10-20 00:00:00+00:00,Peter McCullough,misleading,"[{'comment': None, 'languageCode': 'en', 'publisher': {'name': 'Science Feedback', 'site': 'science.feedback.org'}, 'reviewDate': '2024-10-01T00:00:00Z', 'textualRating': 'Misleading', 'title': 'Peter McCullough misleads again about the benefits and risks of COVID-19 vaccines in viral interview', 'url': 'https://science.feedback.org/review/peter-mccullough-misleads-again-about-benefits-risks-covid-19-vaccines-viral-interview/'}]"
174,'More deaths from COVID-19 occurred during Biden's administration than Trump's.',,2024-09-10 00:00:00+00:00,Donald Trump,misleading,"[{'comment': None, 'languageCode': 'en', 'publisher': {'name': 'Science Feedback', 'site': 'science.feedback.org'}, 'reviewDate': '2024-09-10T00:00:00Z', 'textualRating': 'Misleading', 'title': 'Higher COVID-19 death toll under Biden than Trump reflects longer presidential term spent managing the COVID-19 pandemic', 'url': 'https://science.feedback.org/review/higher-covid19-death-toll-under-biden-than-trump-reflects-longer-presidential-term-spent-managing-pandemic/'}]"
175,'mRNA COVID-19 vaccine causes cancer.',,2024-09-11 12:34:00+00:00,x.com,misleading,"[{'comment': None, 'languageCode': 'en', 'publisher': {'name': None, 'site': 'misbar.com'}, 'reviewDate': '2024-09-11T12:34:00Z', 'textualRating': 'Misleading', 'title': 'No Evidence That The mRNA COVID-19 Vaccine Causes Cancer | Misbar', 'url': 'https://misbar.com/en/factcheck/2024/09/11/no-evidence-that-the-mrna-covid-19-vaccine-causes-cancer'}
 {'comment': None, 'languageCode': 'ar', 'publisher': {'name': 'مسبار', 'site': 'misbar.com'}, 'reviewDate': '2024-09-11T12:34:00Z', 'textualRating': 'مضلل', 'title': 'No Evidence That The mRNA COVID-19 Vaccine Causes Cancer', 'url': 'https://misbar.com/factcheck/2024/09/11/no-evidence-that-the-mrna-covid-19-vaccine-causes-cancer'}]"
176,'Spike protein from Covid-19 vaccines could promote cancer growth.',,2024-07-01 00:00:00+00:00,America's Frontline Doctors,misleading,"[{'comment': None, 'languageCode': 'en', 'publisher': {'name': 'AFP Fact Check', 'site': 'factcheck.afp.com'}, 'reviewDate': '2024-08-15T22:12:00Z', 'textualRating': 'Misleading', 'title': 'Study does not establish Covid-19 vaccine link to cancer', 'url': 'https://factcheck.afp.com/doc.afp.com.36DY73U'}]"
177,'Study proves link between Covid-19 and sudden death',,2024-06-19 00:00:00+00:00,William Makis,misleading,"[{'comment': None, 'languageCode': 'en', 'publisher': {'name': 'AFP Fact Check', 'site': 'factcheck.afp.com'}, 'reviewDate': '2024-06-28T23:05:00Z', 'textualRating': 'Misleading', 'title': 'Re-published study lacks evidence linking Covid-19 shots to death', 'url': 'https://factcheck.afp.com/doc.afp.com.34ZK3F9'}]"
178,'BMJ reports record excess deaths after Covid vaccine',,2024-06-06 00:00:00+00:00,Alex Jones,misleading,"[{'comment': None, 'languageCode': 'en', 'publisher': {'name': 'AFP Fact Check', 'site': 'factcheck.afp.com'}, 'reviewDate': '2024-06-20T21:54:00Z', 'textualRating': 'Misleading', 'title': 'Recent study did not prove Covid-19 vaccines caused excess deaths', 'url': 'https://factcheck.afp.com/doc.afp.com.34XJ69E'}]"
179,“Covid vaccines may have helped fuel rise in excess deaths”,,2024-07-06 00:00:00+00:00,Daily Telegraph,misleading,"[{'comment': None, 'languageCode': 'en', 'publisher': {'name': 'Science Feedback', 'site': 'science.feedback.org'}, 'reviewDate': '2024-06-04T00:00:00Z', 'textualRating': 'Misleading', 'title': 'COVID-19 vaccines lowered excess deaths during the pandemic ...', 'url': 'https://science.feedback.org/review/covid19-vaccines-lowered-excess-deaths-during-pandemic-contrary-headline-the-daily-telegraph/'}]"
180,"“AstraZeneca finally WITHDRAW Covid vaccine worldwide, months after the company admitted rare side effect for the first time in court documents.”",,2024-05-08 00:00:00+00:00,social media users,misleading,"[{'comment': None, 'languageCode': 'en', 'publisher': {'name': 'FactCheck.org', 'site': 'factcheck.org'}, 'reviewDate': None, 'textualRating': 'Misleading', 'title': 'Misleading Claims on Well-Known Rare Risk of AstraZeneca COVID ...', 'url': 'https://www.factcheck.org/2024/05/scicheck-misleading-claims-on-well-known-rare-risk-of-astrazeneca-covid-19-vaccine/'}]"
181,'New guidance says one day of isolation is sufficient for people with COVID-19.',,2024-03-02 00:00:00+00:00,Cali Dreaming NaphiSoc,misleading,"[{'comment': None, 'languageCode': 'en', 'publisher': {'name': 'FactCheck.org', 'site': 'factcheck.org'}, 'reviewDate': None, 'textualRating': 'Misleading', 'title': 'Explaining the New CDC Guidance on What To Do if You Have COVID-19', 'url': 'https://www.factcheck.org/2024/03/explaining-the-new-cdc-guidance-on-what-to-do-if-you-have-covid-19/'}]"
182,'COVID-19 has been like the flu since the beginning of the pandemic.',,2024-03-02 00:00:00+00:00,Donald Trump,misleading,"[{'comment': None, 'languageCode': 'en', 'publisher': {'name': 'Science Feedback', 'site': 'science.feedback.org'}, 'reviewDate': '2024-03-02T00:00:00Z', 'textualRating': 'Misleading', 'title': 'Vaccines, treatments reduced public health threat posed by COVID-19, explaining different approach in 2024 compared to 2020', 'url': 'https://science.feedback.org/review/vaccines-treatments-reduced-public-health-threat-posed-covid19-explaining-different-approach-2024-compared-2020/'}]"
183,'Study of 99 million Covid vaccine recipients shows the shots are dangerous',,2024-02-23 00:00:00+00:00,Del Bigtree,misleading,"[{'comment': None, 'languageCode': 'en', 'publisher': {'name': 'AFP Fact Check', 'site': 'factcheck.afp.com'}, 'reviewDate': '2024-02-27T22:12:00Z', 'textualRating': 'Misleading', 'title': ""Posts misrepresent findings of world's largest Covid vaccine safety ..."", 'url': 'https://factcheck.afp.com/doc.afp.com.34K78ZW'}]"
184,'COVID-19 vaccine recipients might not be eligible for blood donation',,2024-02-23 00:00:00+00:00,"Robert F. Kennedy Jr., Alex Jones",misleading,"[{'comment': None, 'languageCode': 'en', 'publisher': {'name': 'Science Feedback', 'site': 'science.feedback.org'}, 'reviewDate': '2024-02-21T00:00:00Z', 'textualRating': 'Misleading', 'title': 'The American Red Cross doesn’t prevent people vaccinated against COVID-19 from donating blood, contrary to rehashed viral claim', 'url': 'https://science.feedback.org/review/the-american-red-cross-doesnt-prevent-people-vaccinated-against-covid-19-from-donating-blood-contrary-to-rehashed-viral-claim/'}]"
185,“He [President Donald Trump] did not move on making sure that we dealt with vaccinating the American public. We ended up losing over a million people dead — a million people.”,,2024-02-12 00:00:00+00:00,Glenn Kessler,misleading,"[{'comment': None, 'languageCode': 'en', 'publisher': {'name': 'The Washington Post', 'site': 'washingtonpost.com'}, 'reviewDate': None, 'textualRating': 'Misleading', 'title': ""Analysis | Biden faults Trump's vaccine rollout as he cites total covid ..."", 'url': 'https://www.washingtonpost.com/politics/2024/02/22/biden-faults-trumps-vaccine-rollout-he-cites-total-covid-death-toll/'}]"
186,'Covid-19 vaccine worsens thyroid issues',,2024-03-11 00:00:00+00:00,Austin Lake,not enough information,"[{'comment': None, 'languageCode': 'en', 'publisher': {'name': 'AFP Fact Check', 'site': 'factcheck.afp.com'}, 'reviewDate': '2024-03-19T19:40:00Z', 'textualRating': 'Unproven', 'title': 'Physical therapist misleadingly ties Covid vaccine to thyroid problems', 'url': 'https://factcheck.afp.com/doc.afp.com.34LH2Y9'}]"
187,"'Former U.S. President Donald Trump reneged on an offer he made to help pay the funeral costs of a murdered soldier, saying, ""It doesn't cost 60,000 bucks to bury a [expletive] Mexican!""'",,,The Atlantic,not enough information,"[{'comment': None, 'languageCode': 'en', 'publisher': {'name': 'Snopes', 'site': 'snopes.com'}, 'reviewDate': '2024-10-29T14:02:13Z', 'textualRating': 'Unproven', 'title': ""Trump's Alleged Refusal to Pay Veteran's Funeral Bill Is Based on Anonymous Sources"", 'url': 'https://www.snopes.com/fact-check/trump-atlantic-funeral-bill-refusal/'}]"
188,"'In 2020, Trump said to two people in a private conversation at the White House: ""I need the kind of generals that Hitler had.""'",,,Jeffrey Goldberg,not enough information,"[{'comment': None, 'languageCode': 'en', 'publisher': {'name': 'Snopes', 'site': 'snopes.com'}, 'reviewDate': '2024-10-25T04:17:54Z', 'textualRating': 'Unproven', 'title': ""Did Trump Once Say 'I Need the Kind of Generals That Hitler Had'?"", 'url': 'https://www.snopes.com/fact-check/trump-hitler-generals/'}]"
189,"'In 1994 or 1995, Donald Trump said of his 13-year-old daughter Ivanka, ""Is it wrong to be more sexually attracted to your own daughter than your wife?""'",,,Richard Cohen,not enough information,"[{'comment': None, 'languageCode': 'en', 'publisher': {'name': 'Snopes', 'site': 'snopes.com'}, 'reviewDate': '2024-04-16T04:00:05Z', 'textualRating': 'Unproven', 'title': ""No Evidence Trump Asked If It's Wrong to Be More Sexually Attracted to Your Daughter Than Your Wife"", 'url': 'https://www.snopes.com/fact-check/trump-attracted-daughter-wife/'}
 {'comment': None, 'languageCode': 'en', 'publisher': {'name': 'Snopes', 'site': 'snopes.com'}, 'reviewDate': '2024-07-18T04:00:04Z', 'textualRating': 'Unproven', 'title': ""No Evidence Trump Once Asked If It's Wrong To Be More Attracted to Daughter Than Wife"", 'url': 'https://www.snopes.com/fact-check/trump-ivanka-attraction-remark/'}
 {'comment': None, 'languageCode': 'en', 'publisher': {'name': 'Snopes', 'site': 'snopes.com'}, 'reviewDate': '2024-04-12T04:00:04Z', 'textualRating': 'Unproven', 'title': ""No Proof Trump Asked If It's Wrong To Be More Sexually Attracted to Your Own Daughter than Your Wife"", 'url': 'https://www.snopes.com/fact-check/trump-sexually-attracted-ivanka/'}]"
190,"'A photo authentically depicted an officer who killed a shooter who allegedly opened fire on former U.S. President Donald Trump and ""saved"" his life.'",imgs/2025-01-18_190.jpeg,,social media users,not enough information,"[{'comment': None, 'languageCode': 'en', 'publisher': {'name': 'Snopes', 'site': 'snopes.com'}, 'reviewDate': '2024-07-13T18:56:50Z', 'textualRating': 'Unproven', 'title': ""Pic Shows Armed Officer Who 'Saved Trump's Life'?"", 'url': 'https://www.snopes.com/fact-check/trump-shooting-pennsylvania/'}]"
191,"'On Jan. 6, 2021, just prior to the start of the U.S. Capitol riot in Washington, D.C., Rep. Mark Green said of Republicans' support of then-President Donald Trump, ""The things we do for the Orange Jesus.""'",,,Liz Cheney,not enough information,"[{'comment': None, 'languageCode': 'en', 'publisher': {'name': 'Snopes', 'site': 'snopes.com'}, 'reviewDate': '2023-11-29T17:13:08Z', 'textualRating': 'Unproven', 'title': ""Did Republican Rep. Mark Green Call Trump 'the Orange Jesus' on Day of Capitol Riot?"", 'url': 'https://www.snopes.com/fact-check/mark-green-orange-jesus/'}]"
192,"'A Donald Trump animatronic used in Walt Disney World’s Hall of Presidents attraction was originally built to resemble Hillary Clinton, who Disney leadership believed would win the 2016 U.S. Presidential election, and then hastily refurbished to resemble Trump.'",,,Anonymous former Disney Imagineer,not enough information,"[{'comment': None, 'languageCode': 'en', 'publisher': {'name': 'Snopes', 'site': 'snopes.com'}, 'reviewDate': '2024-11-24T16:00:03Z', 'textualRating': 'Unproven', 'title': 'Was Trump Animatronic in Disney Hall of Presidents Originally Built to Resemble Hillary Clinton?', 'url': 'https://www.snopes.com/fact-check/trump-disney-hillary-clinton/'}]"
193,“The Ondo state governor drew more than 1.2 billion security votes in September 2024 in the week of the Edo election.”,,2024-11-01 12:00:00+00:00,Lucky Aiyedatiwa (APC),not enough information,"[{'comment': None, 'languageCode': 'en', 'publisher': {'name': 'Africa Check', 'site': 'africacheck.org'}, 'reviewDate': '2024-11-14T05:26:39Z', 'textualRating': 'Unproven', 'title': '#OndoDecides2024: Fact-checking debate claims made by the two main candidates for the governor’s office', 'url': 'https://africacheck.org/fact-checks/reports/ondodecides2024-fact-checking-debate-claims-made-two-main-candidates-governors'}]"
194,"“We have scaled up our investment in the healthcare workforce [by] employing 20,000 new healthcare workers.”",,2023-11-01 12:00:00+00:00,Kenyan president William Ruto,not enough information,"[{'comment': None, 'languageCode': 'en', 'publisher': {'name': 'Africa Check', 'site': 'africacheck.org'}, 'reviewDate': '2023-11-28T09:39:10Z', 'textualRating': 'Unproven', 'title': 'Fact-checked: Five claims from Kenyan president’s 2023 state of the nation address', 'url': 'https://africacheck.org/fact-checks/reports/fact-checked-five-claims-kenyan-presidents-2023-state-nation-address'}]"
195,'Ice extent difference on two dates confirms that climate change is not real.',imgs/2025-01-18_195.png,,Facebook,misleading,"[{'comment': None, 'languageCode': 'en', 'publisher': {'name': 'Logically Facts', 'site': 'logicallyfacts.com'}, 'reviewDate': '2025-01-15T00:00:00Z', 'textualRating': 'Misleading', 'title': ""Ice extent difference on two dates doesn't disprove climate change"", 'url': 'https://www.logicallyfacts.com/en/fact-check/ice-extent-on-same-date-years-apart-doesnt-disprove-climate-change'}]"
196,'Donald Trump promoted a unified Korea under North Korean rule.',imgs/2025-01-18_196.png,,https://perma.cc/M7FG-KHKD,refuted,"[{'comment': None, 'languageCode': 'en', 'publisher': {'name': 'Logically Facts', 'site': 'logicallyfacts.com'}, 'reviewDate': '2025-01-15T00:00:00Z', 'textualRating': 'false', 'title': 'Trump Did Not Post an Image of a Unified Korea on Truth Social', 'url': 'https://www.logicallyfacts.com/en/fact-check/trump-did-not-post-an-image-of-a-united-drpk-korea-on-truth-social'}]"
197,'President-elect Donald Trump's ear shows he was not shot.',imgs/2025-01-18_197.jpeg,2025-01-09 00:00:00+00:00,Denise Haynes,refuted,"[{'comment': None, 'languageCode': 'en', 'publisher': {'name': 'Check Your Fact', 'site': 'checkyourfact.com'}, 'reviewDate': '2025-01-14T13:43:55Z', 'textualRating': 'False', 'title': 'FACT CHECK: Yes, Trump’s Ear Was Struck By A Bullet', 'url': 'https://checkyourfact.com/2025/01/14/fact-check-trumps-ear-struck-bullet/'}]"
198,"'a January 3 tweet from President-Elect Trump reading, 'Free Tony Robinson!''",imgs/2025-01-18_198.png,2025-01-03 00:00:00+00:00,Donald Trump,refuted,"[{'comment': None, 'languageCode': 'en', 'publisher': {'name': 'Check Your Fact', 'site': 'checkyourfact.com'}, 'reviewDate': '2025-01-13T17:37:10Z', 'textualRating': 'False', 'title': 'FACT CHECK: Donald Trump Tweet About Tony Robinson Is Fake', 'url': 'https://checkyourfact.com/2025/01/13/fact-check-trump-tweet-robinson-fake/'}]"
199,'U.S. President-elect Donald Trump failed to place his right hand over his heart during former President Jimmy Carter's state funeral.',imgs/2025-01-18_199.png,,Occupy Democrats,refuted,"[{'comment': None, 'languageCode': 'en', 'publisher': {'name': 'Snopes', 'site': 'snopes.com'}, 'reviewDate': '2025-01-13T09:40:04Z', 'textualRating': 'False', 'title': ""No, Trump Didn't Fail To Place Hand Over Heart at Carter's Funeral"", 'url': 'https://www.snopes.com/fact-check/trump-hand-over-heart-carter-funeral/'}]"
200,'Chinese hospitals overwhelmed during 'state of emergency'',imgs/2025-01-18_200.jpg,2025-01-02 00:00:00+00:00,Facebook users,refuted,"[{'comment': None, 'languageCode': 'en', 'publisher': {'name': 'AFP Fact Check', 'site': 'factcheck.afp.com'}, 'reviewDate': '2025-01-13T05:11:00Z', 'textualRating': 'False', 'title': ""False posts about 'China health emergency' misuse old Covid photos"", 'url': 'https://factcheck.afp.com/doc.afp.com.36RY6W9'}]"
201,"'Mark Violet, a “known antifa extremist”, who has been identified as the Donald Trump shooter and arrested by Butler Police Department.'",imgs/2025-01-18_201.jpeg,2024-07-14 00:00:00+00:00,instagram user,refuted,"[{'comment': None, 'languageCode': 'en', 'publisher': {'name': 'Full Fact', 'site': 'fullfact.org'}, 'reviewDate': '2024-07-15T00:00:00Z', 'textualRating': 'This isn’t true. The FBI has named 20-year-old Thomas Matthew Crooks as the “subject involved” in the attempted assassination of Trump, and he was shot at the scene. The man pictured is an Italian sports journalist called Marco Violi, who has confirmed he was in Rome during the attack in Pennsylvania on 13 July.', 'title': 'Italian sports journalist misidentified as Donald Trump shooter – Full ...', 'url': 'https://fullfact.org/online/donald-trump-shooter-misidentified/'}]"
202,"'There is a primary school Social, Personal and Health Education (SPHE) task for 10-year-olds, in which they have to match words related to sexual education to the correct definitions.'",imgs/2025-01-18_202.png,2024-10-16 00:00:00+00:00,social media user,supported,"[{'comment': None, 'languageCode': 'en', 'publisher': {'name': 'PA Media', 'site': 'pa.media'}, 'reviewDate': '2024-10-18T00:00:00Z', 'textualRating': 'Although this specific classroom activity has been distributed during Ms Foley’s tenure as Minister of Education, it was designed before she became the minister and similar content has been part of teaching guidelines for this age group since the school curriculum was revised in 1999 and does not represent any significant change to sex education.', 'title': 'Fact check: Irish sex education workbook predates Education Minister’s time in role', 'url': 'https://pa.media/blogs/fact-check/fact-check-irish-sex-education-workbook-predates-education-ministers-time-in-role/'}]"
203,"'Manifesto of Luigi Mangione, the suspect in health care executive's killing.'",imgs/2025-01-18_203.jpg,2024-12-09 00:00:00+00:00,Social Media,refuted,"[{'comment': None, 'languageCode': 'en', 'publisher': {'name': 'PolitiFact', 'site': 'politifact.com'}, 'reviewDate': '2024-12-10T00:00:00Z', 'textualRating': 'False', 'title': 'No evidence Luigi Mangione published viral, deleted Substack article', 'url': 'https://www.politifact.com/factchecks/2024/dec/10/social-media/no-evidence-luigi-mangione-published-viral-deleted/'}]"
204,'Speaker Emerita Nancy Pelosi fall down while using a walker on the House floor during the recent certification of the 2024 election',imgs/2025-01-18_204.png,2025-01-07 00:00:00+00:00,@PapiTrumpo,refuted,"[{'comment': None, 'languageCode': 'en', 'publisher': {'name': 'Check Your Fact', 'site': 'checkyourfact.com'}, 'reviewDate': '2025-01-09T18:34:58Z', 'textualRating': 'False', 'title': 'FACT CHECK: Video Showing Nancy Pelosi Falling On House Floor Is AI-Generated', 'url': 'https://checkyourfact.com/2025/01/09/fact-check-video-pelosi-falling-floor-ai/'}]"
205,'All white people picnicking at Black church where Trump spoke',imgs/2025-01-18_205.png,2024-06-17 00:00:00+00:00,Threads users,refuted,"[{'comment': None, 'languageCode': 'en', 'publisher': {'name': 'USA Today', 'site': 'usatoday.com'}, 'reviewDate': '2024-06-28T00:18:21Z', 'textualRating': 'False', 'title': 'Viral celebrity photo unrelated to Trump Detroit visit | Fact check', 'url': 'https://www.usatoday.com/story/news/factcheck/2024/06/27/trump-detroit-church-picnic-white-fact-check/74229548007/'}]"
206,"'Indian national named ""Bhuvesh Patel,"" who was caught attempting to start a fire for looting in Woodland Hills, Los Angeles.'",imgs/2025-01-18_206.jpg,,"X, Facebook, Instagram and YouTube",refuted,"[{'comment': None, 'languageCode': 'en', 'publisher': {'name': 'Logically Facts', 'site': 'logicallyfacts.com'}, 'reviewDate': '2025-01-15T00:00:00Z', 'textualRating': 'False', 'title': ""An Indian wasn't caught trying to start a fire in Woodland hills"", 'url': 'https://www.logicallyfacts.com/en/fact-check/no-bhuvesh-patel-wasnt-caught-trying-to-start-a-fire-in-woodland-hills'}]"
207,'Molestation of South Korean YouTuber by two men in Mumbai',imgs/2025-01-18_207.jpeg,2025-01-02 06:04:11+00:00,Indian Express Lighthouse Journalism,refuted,"[{'comment': None, 'languageCode': 'en', 'publisher': {'name': 'Lighthouse Journalism', 'site': 'lighthousejournalism.com'}, 'reviewDate': None, 'textualRating': 'False', 'title': 'Fact Check: Fake news report screenshot shared on social media to falsely allege molestation of South Korean YouTuber by two men in Mumbai | lighthousejournalism', 'url': 'https://www.lighthousejournalism.com/viral/fact-checkfake-news-report-screenshot-shared-on-social-media-to-falsely-allege-molestation-of-south-korean-youtuber-by-two-men-in-mumbai-3574/'}]"
208,"'Christmas tree decorated with Ukrainian flags displayed in Berlin, Germany.'",imgs/2025-01-18_208.jpeg,2024-12-03 00:00:00+00:00,Dr. Simon Goddek,refuted,"[{'comment': None, 'languageCode': 'en', 'publisher': {'name': 'Check Your Fact', 'site': 'checkyourfact.com'}, 'reviewDate': '2024-12-10T16:44:33Z', 'textualRating': 'False', 'title': 'FACT CHECK: Image Of Christmas Tree With Ukrainian Flags In Berlin, Germany Is From 2022, Not 2024', 'url': 'https://checkyourfact.com/2024/12/10/fact-check-christmas-tree-ukrainian-flags-berlin-germany-2022-not-2024/'}]"
209,'U.S. soldier in Germany during World War II replacing a street sign that read “Adolf-Hitler-Str.” with another that read “Roosevelt Blvd.”',imgs/2025-01-18_209.png,,byu/Creepy-Strain-803,supported,"[{'comment': None, 'languageCode': 'en', 'publisher': {'name': 'Snopes', 'site': 'snopes.com'}, 'reviewDate': '2024-10-05T16:00:02Z', 'textualRating': 'True', 'title': ""Real Pic of US Soldier Removing 'Adolf Hitler' Street Sign in Germany?"", 'url': 'https://www.snopes.com/fact-check/sign-adolf-hitler-soldier/'}]"
210,'French union workers grilling food on a barbecue fitted to tram tracks during a protest march.',imgs/2025-01-18_210.png,,@DelegueLata,supported,"[{'comment': None, 'languageCode': 'en', 'publisher': {'name': 'Snopes', 'site': 'snopes.com'}, 'reviewDate': '2024-12-02T19:00:03Z', 'textualRating': 'True', 'title': 'Photo Shows French Union Workers Marching and Grilling With BBQ Fitted to Tram Tracks?', 'url': 'https://www.snopes.com/fact-check/french-union-workers-bbq-tracks/'}]"
211,'UK Prime Minister Kier Starmer as a child with alleged pedophile Jimmy Savile.',imgs/2025-01-18_211.png,2025-01-14 00:00:00+00:00,Jim Ferguson,refuted,"[{'comment': None, 'languageCode': 'en', 'publisher': {'name': 'Check Your Fact', 'site': 'checkyourfact.com'}, 'reviewDate': '2025-01-16T20:01:09Z', 'textualRating': 'False', 'title': 'FACT CHECK: No, This Picture Is Not Kier Starmer As A Child Posing With Jimmy Savile', 'url': 'https://checkyourfact.com/2025/01/16/fact-check-no-this-picture-is-not-kier-starmer-as-a-child-posing-with-jimmy-savile/'}]"
212,'Russian passport of deposed Syrian dictator Bashar al-Assad.',imgs/2025-01-18_212.jpeg,2024-12-19 00:00:00+00:00,Dr. Harib Al Rawahi,refuted,"[{'comment': None, 'languageCode': 'en', 'publisher': {'name': 'Check Your Fact', 'site': 'checkyourfact.com'}, 'reviewDate': '2025-01-08T14:01:22Z', 'textualRating': 'False', 'title': 'FACT CHECK: Assad Passport Image Is Fake', 'url': 'http://checkyourfact.com/2025/01/08/fact-check-assad-passport-fake/'}]"
213,'China has declared a state of emergency',imgs/2025-01-18_213.png,2025-01-02 00:00:00+00:00,Facebook users,refuted,"[{'comment': None, 'languageCode': 'en', 'publisher': {'name': 'Check Your Fact', 'site': 'checkyourfact.com'}, 'reviewDate': '2025-01-17T15:02:46Z', 'textualRating': 'False', 'title': 'FACT CHECK: Does Image Of Crowded Hospital Show Recent Outbreak In China?', 'url': 'https://checkyourfact.com/2025/01/17/fact-check-crowded-hospital-recent-outbreak-china/'}]"
214,'Jensen Huang got drunk in Vietnam in December 2024 after China's probe on Nvidia.',imgs/2025-01-18_214.jpg,2024-12-15 00:00:00+00:00,Douyin users,refuted,"[{'comment': None, 'languageCode': 'en', 'publisher': {'name': 'AFP Fact Check', 'site': 'factcheck.afp.com'}, 'reviewDate': '2025-01-07T09:20:00Z', 'textualRating': 'False', 'title': ""Old photo of Nvidia CEO enjoying Vietnam's street food shared with false claim after China antitrust probe"", 'url': 'https://factcheck.afp.com/doc.afp.com.36QL7FR'}]"
215,'Evidence of vote-rigging more votes in 2020',imgs/2025-01-18_215.png,2024-11-06 00:00:00+00:00,Zero Hedge,refuted,"[{'comment': None, 'languageCode': 'en', 'publisher': {'name': 'AFP Fact Check', 'site': 'factcheck.afp.com'}, 'reviewDate': '2024-11-14T21:19:00Z', 'textualRating': 'False', 'title': 'Incomplete US election data falsely cited as evidence of vote-rigging', 'url': 'https://factcheck.afp.com/doc.afp.com.36M93EV'}]"
216,"'Truck with ballots is from 2024, proof of election fraud.'",imgs/2025-01-18_216.png,2024-11-05 00:00:00+00:00,Facebook users,refuted,"[{'comment': None, 'languageCode': 'en', 'publisher': {'name': 'USA Today', 'site': 'usatoday.com'}, 'reviewDate': '2024-11-07T15:57:07Z', 'textualRating': 'False', 'title': 'Old ballots image misrepresented as proof of voter fraud | Fact check', 'url': 'https://www.usatoday.com/story/news/factcheck/2024/11/07/ballots-truck-not-voter-fraud-fact-check/76095397007/'}]"
217,'Trump's name on second page of CA ballot is evidence of 'election fraud'',imgs/2025-01-18_217.jpg,2024-10-31 00:00:00+00:00,Instagram users,refuted,"[{'comment': None, 'languageCode': 'en', 'publisher': {'name': 'USA Today', 'site': 'usatoday.com'}, 'reviewDate': '2024-11-05T21:36:17Z', 'textualRating': 'False', 'title': ""Trump's name on second page of ballot is random, not 'election fraud' | Fact check"", 'url': 'https://www.usatoday.com/story/news/factcheck/2024/11/05/trumps-name-california-ballot-fact-check/76045631007/'}]"
218,"'A misspelling of Donald Trump's name on a ballot viewing screen shows ""election fraud"" in Virginia.'",imgs/2025-01-18_218.png,2024-10-29 00:00:00+00:00,RealAF Patriot,refuted,"[{'comment': None, 'languageCode': 'en', 'publisher': {'name': 'FactCheck.org', 'site': 'factcheck.org'}, 'reviewDate': None, 'textualRating': 'Not the Whole Story', 'title': ""Typo in Trump's Name on Ballot Review Screen Is Not 'Election Fraud'"", 'url': 'https://www.factcheck.org/2024/11/typo-in-trumps-name-on-ballot-review-screen-is-not-election-fraud/'}]"
219,'Michigan has “more registered voters than eligible citizens. This creates a huge risk of election fraud.”',imgs/2025-01-18_219.jpg,2024-10-19 00:00:00+00:00,X posts,refuted,"[{'comment': None, 'languageCode': 'en', 'publisher': {'name': 'PolitiFact', 'site': 'politifact.com'}, 'reviewDate': None, 'textualRating': 'False', 'title': 'Social media posts mislead about Michigan voter rolls and election fraud', 'url': 'https://www.politifact.com/factchecks/2024/oct/23/tweets/social-media-posts-mislead-about-michigan-voter-ro/'}]"
220,'Fraudulently discarded Republican ballots in US election',imgs/2025-01-18_220.png,2024-11-06 00:00:00+00:00,X users,refuted,"[{'comment': None, 'languageCode': 'en', 'publisher': {'name': 'AFP Fact Check', 'site': 'factcheck.afp.com'}, 'reviewDate': '2024-11-06T10:01:00Z', 'textualRating': 'False', 'title': 'Old photo of ballots shared in posts baselessly claiming US election ...', 'url': 'https://factcheck.afp.com/doc.afp.com.36LM4UE'}]"
221,'CNN broadcasting poll results before Election Day 2024.',imgs/2025-01-18_221.png,2024-11-02 00:00:00+00:00,X users,refuted,"[{'comment': None, 'languageCode': 'en', 'publisher': {'name': 'AFP Fact Check', 'site': 'factcheck.afp.com'}, 'reviewDate': '2024-11-04T22:24:00Z', 'textualRating': 'False', 'title': 'Fabricated CNN election broadcast spreads online, sparking false ...', 'url': 'https://factcheck.afp.com/doc.afp.com.36LE786'}]"
222,'A Russian textbook claiming former U.S. President Donald Trump lost the 2020 presidential election due to voter fraud.',imgs/2025-01-18_222.jpeg,,One X user,supported,"[{'comment': None, 'languageCode': 'en', 'publisher': {'name': 'Snopes', 'site': 'snopes.com'}, 'reviewDate': '2024-08-12T04:00:04Z', 'textualRating': 'True', 'title': 'Russian Textbook Claimed Trump Lost 2020 Election Because of Voter Fraud?', 'url': 'https://www.snopes.com/fact-check/trump-2020-election-russian-textbook/'}]"
223,'Fake fingers used for voter fraud in Indian election 2024',imgs/2025-01-18_223.png,2024-05-01 00:00:00+00:00,Facebook users,refuted,"[{'comment': None, 'languageCode': 'en', 'publisher': {'name': 'AFP Fact Check', 'site': 'factcheck.afp.com'}, 'reviewDate': '2024-05-07T09:08:00Z', 'textualRating': 'False', 'title': 'Fake fingers for Japanese gangsters falsely linked to India election fraud claim', 'url': 'https://factcheck.afp.com/doc.afp.com.34QM3AD'}]"
224,'Voting fraud where the polling agent is seen casting votes on behalf of three women.',imgs/2025-01-18_224.png,2024-05-27 00:00:00+00:00,Unknown,not enough information,"[{'comment': None, 'languageCode': 'en', 'publisher': {'name': 'Newschecker', 'site': 'newschecker.in'}, 'reviewDate': '2024-05-27T00:00:00Z', 'textualRating': 'Missing Context', 'title': 'Fact Check: Old Video Of Voting Fraud From 2019 General Elections ...', 'url': 'https://newschecker.in/fact-check/old-video-of-voting-fraud-from-2019-general-elections-falsely-linked-to-2024-polls/'}]"
225,'Photo released by the US defense department shows Biden informed of South Korean election fraud.',imgs/2025-01-18_225.png,2024-04-11 00:00:00+00:00,pro-ruling party Facebook groups,refuted,"[{'comment': None, 'languageCode': 'en', 'publisher': {'name': 'AFP Fact Check', 'site': 'factcheck.afp.com'}, 'reviewDate': '2024-04-12T05:47:00Z', 'textualRating': 'False', 'title': ""Biden photo shared with baseless claim about 'his reaction to 2024 South Korean election'"", 'url': 'https://factcheck.afp.com/doc.afp.com.34P39RH'}]"
226,South Korea voter fraud,imgs/2025-01-18_226.png,2024-04-21 00:00:00+00:00,Gong Byeong-ho,refuted,"[{'comment': None, 'languageCode': 'en', 'publisher': {'name': 'AFP Fact Check', 'site': 'factcheck.afp.com'}, 'reviewDate': '2024-05-03T09:17:00Z', 'textualRating': 'False', 'title': 'Fabricated election results fan baseless South Korea voter fraud ...', 'url': 'https://factcheck.afp.com/doc.afp.com.34Q79LF'}]"
227,'Widespread vote rigging in South Korea's 2020 election',imgs/2025-01-18_227.png,2024-03-08 00:00:00+00:00,lawyer Park Joo-hyun,not enough information,"[{'comment': None, 'languageCode': 'en', 'publisher': {'name': 'AFP Fact Check', 'site': 'factcheck.afp.com'}, 'reviewDate': '2024-03-25T05:59:00Z', 'textualRating': 'Missing Context', 'title': ""Baseless '2020 poll fraud' claims resurface ahead of S. Korea vote in April"", 'url': 'https://factcheck.afp.com/doc.afp.com.34LL72J'}]"
228,'Study Finds 1.7 Million Vaccinated Kids Now Have ‘Severe Heart Defects’',imgs/2025-01-18_228.png,2024-11-19 00:00:00+00:00,The People's Voice,refuted,"[{'comment': None, 'languageCode': 'en', 'publisher': {'name': 'AFP Fact Check', 'site': 'factcheck.afp.com'}, 'reviewDate': '2024-12-02T17:53:00Z', 'textualRating': 'False', 'title': 'Study did not find millions of children with post-vaccine heart defects', 'url': 'https://factcheck.afp.com/doc.afp.com.36NJ22Z'}]"
229,"""CoViD vaccine connected to O.J. Simpson's death.",imgs/2025-01-18_229.jpg,2024-04-11 00:00:00+00:00,Social media users,refuted,"[{'comment': None, 'languageCode': 'en', 'publisher': {'name': 'FactCheck.org', 'site': 'factcheck.org'}, 'reviewDate': None, 'textualRating': 'Distorts the Facts', 'title': 'O.J. Simpson Died from Cancer, Not COVID-19 Vaccine', 'url': 'https://www.factcheck.org/2024/04/scicheck-o-j-simpson-died-from-cancer-not-covid-19-vaccine/'}]"
230,"'Spain floods made worse by weather control, removed dams'",imgs/2025-01-18_230.jpeg,2024-11-14 00:00:00+00:00,social media users,refuted,"[{'comment': None, 'languageCode': 'en', 'publisher': {'name': 'AFP Fact Check', 'site': 'factcheck.afp.com'}, 'reviewDate': '2024-11-29T16:43:00Z', 'textualRating': 'False', 'title': 'Spain floods prompt torrent of false claims online', 'url': 'https://factcheck.afp.com/doc.afp.com.36MY3ZG'}]"
231,'Chemicals being sprayed in Florida skies',imgs/2025-01-18_231.png,2024-11-30 00:00:00+00:00,X users,refuted,"[{'comment': None, 'languageCode': 'en', 'publisher': {'name': 'AFP Fact Check', 'site': 'factcheck.afp.com'}, 'reviewDate': '2024-12-11T18:19:00Z', 'textualRating': 'False', 'title': ""'Chemtrails' consipracy pushed as Florida debates weather ..."", 'url': 'https://factcheck.afp.com/doc.afp.com.36PM96H'}]"
232,'A 360-degree image on Google Maps shows weather modification apparatus.',imgs/2025-01-18_232.jpeg,2024-11-07 00:00:00+00:00,Viral social media post,misleading,"[{'comment': None, 'languageCode': 'en', 'publisher': {'name': 'annie lab', 'site': 'annielab.org'}, 'reviewDate': '2024-11-11T00:00:00Z', 'textualRating': 'Misleading. The video shows a coral nursery established in 2009. The tree-like structures with PVC pipes and rope are designed to keep the corals in the optimal environment for growth.', 'title': 'Misleading: Underwater facility shown in a video is a coral nursery, not ‘weather manipulation’ apparatus', 'url': 'https://annielab.org/2024/11/11/misleading-the-underwater-facility-shown-in-a-video-is-a-coral-nursery-not-weather-manipulation-apparatus/'}]"
233,'Two white dome structures prove weather control techniques.',imgs/2025-01-18_233.jpg,2024-10-15 00:00:00+00:00,facebook user,refuted,"[{'comment': None, 'languageCode': 'en', 'publisher': {'name': 'Full Fact', 'site': 'fullfact.org'}, 'reviewDate': '2024-10-21T00:00:00Z', 'textualRating': 'This isn’t what the photo shows. It is actually of radar antennae which are protected by a weatherproof enclosure called a ‘radome’.', 'title': 'Image shows radar antennae not ‘weather control’ structure – Full Fact', 'url': 'https://fullfact.org/online/weather-control-radar-dome-missing-context/'}]"
234,"'Weather control systems pushing Helene up the east coast with Nexrad, Doppler and HAARP'",imgs/2025-01-18_234.png,2024-10-01 01:56:00+00:00,instagram.com,refuted,"[{'comment': None, 'languageCode': 'en', 'publisher': {'name': 'Lead Stories', 'site': 'leadstories.com'}, 'reviewDate': '2024-10-01T01:56:00Z', 'textualRating': 'Bird Migration', 'title': 'Fact Check: NEXRAD, Doppler, HAARP Did NOT Push Hurricane Helene Up East Coast With Weather Control', 'url': 'https://leadstories.com/hoax-alert/2024/09/fact-check-nexrad-doppler-haarp-did-not-push-hurricane-helene-up-east-coast-with-weather-control.html'}]"
235,'Hamburg was so full during recent protests that people were standing in the water.',imgs/2025-01-18_235.png,2024-01-20 00:00:00+00:00,Björn Höcke,refuted,"[{'comment': None, 'languageCode': 'en', 'publisher': {'name': 'DW', 'site': 'dw.com'}, 'reviewDate': '2024-01-22T00:00:00Z', 'textualRating': 'DW fact check: False', 'title': 'Fact check: Far right claim media inflating size of protests – DW – 01 ...', 'url': 'https://www.dw.com/en/fact-check-far-right-afd-claims-media-inflating-size-of-protests-in-germany/a-68055988'}]"
236,That map shows areas of the United States with high rates of gun violence vs. areas of the map with high rates of gun ownership.,imgs/2025-01-18_236.png,2024-02-21 00:00:00+00:00,Unknown,refuted,"[{'comment': None, 'languageCode': 'en', 'publisher': {'name': 'RumorGuard', 'site': 'rumorguard.org'}, 'reviewDate': '2024-03-28T00:00:00Z', 'textualRating': 'FALSE: This map is unrelated to the claim and the included statistics are completely fabricated.', 'title': 'Made-up statistics create misleading map of gun violence in red and ...', 'url': 'https://www.rumorguard.org/post/made-up-statistics-create-misleading-map-of-gun-violence-in-red-and-blue-areas'}]"
237,“Oprah is a sex trafficker. She’s been caught and now has to be escorted around by U.S. marshals.”,,2024-09-20 00:00:00+00:00,Threads posts,refuted,"[{'comment': None, 'languageCode': 'en', 'publisher': {'name': 'PolitiFact', 'site': 'politifact.com'}, 'reviewDate': None, 'textualRating': 'False', 'title': 'No, U.S. marshals don’t escort Oprah Winfrey around', 'url': 'https://www.politifact.com/factchecks/2024/sep/25/threads-posts/no-us-marshals-dont-escort-oprah-winfrey-around/'}]"
238,'Two victims of the Jeju Air crash in an embrace',imgs/2025-01-18_238.png,2025-01-06 00:00:00+00:00,Facebook users,refuted,"[{'comment': None, 'languageCode': 'en', 'publisher': {'name': 'AFP Fact Check', 'site': 'factcheck.afp.com'}, 'reviewDate': '2025-01-15T03:01:00Z', 'textualRating': 'Misleading', 'title': 'Image of archaeological remains in Italy falsely linked to S.Korea ...', 'url': 'https://factcheck.afp.com/doc.afp.com.36TP83F'}]"
239,"'Ancient Greek mosaics of the 2nd century BC discovered in Zeugma, Turkey.'",imgs/2025-01-18_239.jpg,2024-12-10 00:00:00+00:00,Facebook users,refuted,"[{'comment': None, 'languageCode': 'en', 'publisher': {'name': 'AFP Fact Check', 'site': 'factcheck.afp.com'}, 'reviewDate': '2025-01-13T17:58:00Z', 'textualRating': 'False', 'title': 'Experts confirm image showing ancient Greek mosaics is fake, likely ...', 'url': 'https://factcheck.afp.com/doc.afp.com.36T44J4'}]"
240,'US Moon landing is staged',imgs/2025-01-18_240.jpeg,2024-06-26 00:00:00+00:00,Weibo users,refuted,"[{'comment': None, 'languageCode': 'en', 'publisher': {'name': 'AFP Fact Check', 'site': 'factcheck.afp.com'}, 'reviewDate': '2024-07-26T10:38:00Z', 'textualRating': 'False', 'title': ""AI-generated images falsely shared as 'proof the US faked Moon ..."", 'url': 'https://factcheck.afp.com/doc.afp.com.36623CE'}]"
241,'Newspaper photos of the moon landing published on the same day could not have been transported and developed so quickly.',imgs/2025-01-18_241.png,2023-12-19 00:00:00+00:00,Facebook user,refuted,"[{'comment': None, 'languageCode': 'en', 'publisher': {'name': 'Australian Associated Press', 'site': 'aap.com.au'}, 'reviewDate': '2024-01-19T00:00:00Z', 'textualRating': 'False. The initial images used by newspapers were taken from the live footage beamed around the world during the landing.', 'title': ""'Fake' moon landing claim orbits the simple facts"", 'url': 'https://www.aap.com.au/factcheck/fake-moon-landing-claim-orbits-the-simple-facts/'}]"
242,'Image shows NASA astronauts posing for picture on the moon without helmets.',imgs/2025-01-18_242.png,2024-05-25 00:00:00+00:00,Facebook users,refuted,"[{'comment': None, 'languageCode': 'en', 'publisher': {'name': 'USA Today', 'site': 'usatoday.com'}, 'reviewDate': '2024-05-30T22:19:09Z', 'textualRating': 'False', 'title': 'Apollo 16 crew removed helmets at Kennedy Space Center | Fact ...', 'url': 'https://www.usatoday.com/story/news/factcheck/2024/05/30/apollo-16-helmets-moon-landing-not-fake-fact-check/73899992007/'}]"
243,'WikiLeaks released the footage of moon landing scenes filmed in the Nevada Desert.',imgs/2025-01-18_243.jpg,2024-02-11 00:00:00+00:00,WikiLeaks,refuted,"[{'comment': None, 'languageCode': 'en', 'publisher': {'name': 'FACTLY', 'site': 'factly.in'}, 'reviewDate': '2024-02-28T00:00:00Z', 'textualRating': 'FALSE', 'title': 'WikiLeaks has not released the footage of NASA’s moon landing ...', 'url': 'https://factly.in/wikileaks-has-not-released-the-footage-of-nasas-moon-landing-shot-in-the-nevada-desert/'}]"
244,'US Moon landing was faked.',imgs/2025-01-18_244.jpeg,2024-05-07 00:00:00+00:00,Weibo users,refuted,"[{'comment': None, 'languageCode': 'en', 'publisher': {'name': 'AFP Fact Check', 'site': 'factcheck.afp.com'}, 'reviewDate': '2024-05-21T07:30:00Z', 'textualRating': 'False', 'title': ""Image from German music video falsely shared as proof of 'fake ..."", 'url': 'https://factcheck.afp.com/doc.afp.com.34RY8JP'}]"
245,'Pilot in Siberia accidentally switches on stratospheric aerosol injection during takeoff creating ground Chemtrail',imgs/2025-01-18_245.jpg,2024-08-02 01:13:00+00:00,x.com,refuted,"[{'comment': None, 'languageCode': 'en', 'publisher': {'name': 'Lead Stories', 'site': 'leadstories.com'}, 'reviewDate': '2024-08-02T01:13:00Z', 'textualRating': 'Contrails', 'title': ""Fact Check: Video Does NOT Show Plane Accidentally Releasing 'Chemtrails' During Takeoff -- Caption Has Satire Origin"", 'url': 'https://leadstories.com/hoax-alert/2024/08/fact-check-video-does-not-show-plane-accidentally-releasing-chemtrails-during-takeoff-caption-has-satire-origin.html'}]"
246,'Tubular clouds seen over NSW were dangerous ‘chemtrails’ released from an aircraft.',imgs/2025-01-18_246.png,2024-06-04 00:00:00+00:00,Facebook post,refuted,"[{'comment': None, 'languageCode': 'en', 'publisher': {'name': 'Australian Associated Press', 'site': 'aap.com.au'}, 'reviewDate': '2024-06-07T00:00:00Z', 'textualRating': 'False. The clouds were a rare naturally occurring weather phenomenon.', 'title': 'Sydney roll clouds were not ‘chemtrails’ – Australian Associated Press', 'url': 'https://www.aap.com.au/factcheck/sydney-roll-clouds-were-not-chemtrails/'}]"
247,"'Two different trails left by planes. The short one is a contrail, while the longer one, where the “trail extends for miles” and “lasts for ‘hours”, is a ‘chemtrail’.'",imgs/2025-01-18_247.jpg,2024-04-15 00:00:00+00:00,facebook user,refuted,"[{'comment': None, 'languageCode': 'en', 'publisher': {'name': 'Full Fact', 'site': 'fullfact.org'}, 'reviewDate': '2024-04-30T00:00:00Z', 'textualRating': 'This isn’t the case. Both images show contrails—water vapour left behind planes. Both their size and the amount of time they remain visible differs depending on atmospheric factors, such as humidity.', 'title': 'Longer lines behind planes don’t indicate ‘chemtrails’ – Full Fact', 'url': 'https://fullfact.org/online/contrails-not-chemtrails-length/'}]"
248,'Chemtrails blocking the sun.',imgs/2025-01-18_248.jpg,2024-03-18 00:00:00+00:00,Facebook profile,refuted,"[{'comment': None, 'languageCode': 'en', 'publisher': {'name': 'Full Fact', 'site': 'fullfact.org'}, 'reviewDate': '2024-03-25T00:00:00Z', 'textualRating': 'This isn’t true. The white lines are contrails, or condensation trails, formed when water vapour from aeroplane engines freezes at high altitude. Their size and duration depends on atmospheric factors, such as humidity.', 'title': ""Image of white vapour trails in the sky does not show 'chemtrails ..."", 'url': 'https://fullfact.org/online/chemtrail-sun-blocking/'}]"
249,'Badges worn by pilots supporting the idea of ‘chemtrails’. The badges suggest barium is sprayed from planes.',imgs/2025-01-18_249.png,2023-12-18 00:00:00+00:00,Public,refuted,"[{'comment': None, 'languageCode': 'en', 'publisher': {'name': 'Full Fact', 'site': 'fullfact.org'}, 'reviewDate': '2023-12-22T00:00:00Z', 'textualRating': 'These badges come from a website run by a team of pilots who are mocking the conspiracy theory, and say their aim is “scaring all conspiracy theorists”. There’s no evidence barium is sprayed or released from planes.', 'title': 'Photos show pilots with badges mocking ‘chemtrails’, not supporting the conspiracy theory – Full Fact', 'url': 'https://fullfact.org/online/chemtrail-badges-pilot/'}]"
250,'Close-up of an aeroplane involved in geoengineering.',imgs/2025-01-18_250.jpg,2023-12-04 00:00:00+00:00,Facebook account,supported,"[{'comment': None, 'languageCode': 'en', 'publisher': {'name': 'Full Fact', 'site': 'fullfact.org'}, 'reviewDate': '2023-12-21T00:00:00Z', 'textualRating': 'These images do not show “geoengineering” in action. They show contrails—white lines of water vapour that sometimes form behind planes.', 'title': 'Images show contrails, not “chemtrails” from geoengineering – Full ...', 'url': 'https://fullfact.org/online/contrails-not-chemtrails-geoengineering/'}]"
251,'A CNN broadcast captured an Ohio woman placing multiple ballots into a drop box on Election Day.',,2023-11-07 23:20:42+00:00,social media users,misleading,"[{'comment': None, 'languageCode': 'en', 'publisher': {'name': 'AP News', 'site': 'apnews.com'}, 'reviewDate': None, 'textualRating': 'Missing context. In the video, which is from <a  href=""https://archive.org/details/CNNW_20201031_210000_Countdown_to_Election_Day/start/1620/end/1680""><u>Oct. 31, 2020</u></a>, the woman appears to be placing at least three ballots in a drop box as CNN is filming. Election officials and government watchdog groups in Ohio say there’s nothing inherently illegal about placing that many ballots in the box. The only requirement is that the ballots all must be from family members.<br/><br/>', 'title': 'Social media posts misleadingly claim a CNN clip shows ballot fraud ...', 'url': 'https://apnews.com/article/fact-check-election-ohio-ballots-voter-fraud-786464035733'}]"
252,"'Review article ""has found that COVID-19 mRNA vaccines could aid cancer development”'",,2024-04-16 00:00:00+00:00,America's Frontline Doctors,refuted,"[{'comment': None, 'languageCode': 'en', 'publisher': {'name': 'FactCheck.org', 'site': 'factcheck.org'}, 'reviewDate': None, 'textualRating': 'False', 'title': 'Still No Evidence COVID-19 Vaccination Increases Cancer Risk ...', 'url': 'https://www.factcheck.org/2024/05/still-no-evidence-covid-19-vaccination-increases-cancer-risk-despite-posts/'}]"
253,"'Trump said ""A vaccination that is like 38 different vaccines, and it looks like it’s meant for a horse, not a, you know, 10-pound or 20-pound baby. ... And then you see the baby all of a sudden starting to change radically.""'",,2024-07-16 00:00:00+00:00,Donald Trump,supported,"[{'comment': None, 'languageCode': 'en', 'publisher': {'name': 'FactCheck.org', 'site': 'factcheck.org'}, 'reviewDate': None, 'textualRating': 'False', 'title': 'Trump Repeats Falsehoods About Childhood Vaccines in Leaked ...', 'url': 'https://www.factcheck.org/2024/07/trump-repeats-falsehoods-about-childhood-vaccines-in-leaked-phone-call-with-rfk-jr/'}]"
254,'Clip shows 2024 anti-government protest in northern Ethiopia',imgs/2025-01-18_254.png,2024-10-16 00:00:00+00:00,Tolera FIKRU GEMTA,refuted,"[{'comment': None, 'languageCode': 'en', 'publisher': {'name': 'AFP Fact Check', 'site': 'factcheck.afp.com'}, 'reviewDate': '2024-10-25T11:24:00Z', 'textualRating': 'Altered video', 'title': 'Post falsely claims altered video shows anti-government protests in ...', 'url': 'https://factcheck.afp.com/doc.afp.com.36KR43D'}]"
255,'Neo-Nazis waving swastika flags at the Tennessee State Capitol in February 2024.',imgs/2025-01-18_255.png,,Justin Pearson,supported,"[{'comment': None, 'languageCode': 'en', 'publisher': {'name': 'Snopes', 'site': 'snopes.com'}, 'reviewDate': '2024-02-19T14:09:57Z', 'textualRating': 'True', 'title': 'Neo-Nazis with Swastika Flags Were Photographed at the Tennessee State Capitol?', 'url': 'https://www.snopes.com/fact-check/neo-nazis-tennessee/'}]"
256,'Former Italian Prime Minister Benito Mussolini after his attempted assassination in 1926.',imgs/2025-01-18_256.jpeg,,Reddit users,supported,"[{'comment': None, 'languageCode': 'en', 'publisher': {'name': 'Snopes', 'site': 'snopes.com'}, 'reviewDate': '2024-08-29T19:00:03Z', 'textualRating': 'True', 'title': 'Photo Shows Wounded Mussolini After 1926 Assassination Attempt?', 'url': 'https://www.snopes.com/fact-check/mussolini-assassination-attempt-photo/'}]"
257,"'Pileup of cars on a road after flash floods hit Valencia, Spain, in October 2024.'",imgs/2025-01-18_257.jpeg,,X user @GerryHassan,supported,"[{'comment': None, 'languageCode': 'en', 'publisher': {'name': 'Snopes', 'site': 'snopes.com'}, 'reviewDate': '2024-10-31T13:46:16Z', 'textualRating': 'True', 'title': 'Real Photo of Cars Piled Up After Floods in Spain?', 'url': 'https://www.snopes.com/fact-check/valencia-spain-flooding-photo/'}]"
258,'Italian dictator Benito Mussolini participating in a wheat harvest.',imgs/2025-01-18_258.jpg,,X user @padresj,supported,"[{'comment': None, 'languageCode': 'en', 'publisher': {'name': 'Snopes', 'site': 'snopes.com'}, 'reviewDate': '2024-10-26T06:00:03Z', 'textualRating': 'True', 'title': 'Real Propaganda Photo of Italian Dictator Mussolini Participating in Wheat Harvest?', 'url': 'https://www.snopes.com/fact-check/propaganda-mussolini-wheat/'}]"
259,'Italian police cooking pasta for an 87-year-old woman after she called them saying she was hungry and felt alone.',imgs/2025-01-18_259.jpg,,Polizia di Stato,supported,"[{'comment': None, 'languageCode': 'en', 'publisher': {'name': 'Snopes', 'site': 'snopes.com'}, 'reviewDate': '2024-07-08T04:00:04Z', 'textualRating': 'True', 'title': 'Italian Police Cooked Pasta for Elderly Woman After She Called and ...', 'url': 'https://www.snopes.com/fact-check/italian-police/'}]"
260,'Louis Armstrong drawing on a fan’s forehead.',imgs/2025-01-18_260.jpeg,,social media users,supported,"[{'comment': None, 'languageCode': 'en', 'publisher': {'name': 'Snopes', 'site': 'snopes.com'}, 'reviewDate': '2024-09-16T04:00:03Z', 'textualRating': 'True', 'title': ""Authentic Pics of Louis Armstrong Drawing on a Fan's Head in France?"", 'url': 'https://www.snopes.com/fact-check/louis-armstrong-drawing-head-france/'}]"
261,'Migrant in France urinating on a girl while she sat on a bench.',imgs/2025-01-18_261.png,,X account @TRobinsonNewEra,not enough information,"[{'comment': None, 'languageCode': 'en', 'publisher': {'name': 'Snopes', 'site': 'snopes.com'}, 'reviewDate': '2024-05-28T15:17:09Z', 'textualRating': 'Unproven', 'title': 'Video Shows Migrant Urinating on Woman in France?', 'url': 'https://www.snopes.com/fact-check/migrant-urinating-france/'}]"
262,'Dutch Prime Minister Mark Rutte towering over Russian President Vladimir Putin.',imgs/2025-01-18_262.png,,Reddit users,supported,"[{'comment': None, 'languageCode': 'en', 'publisher': {'name': 'Snopes', 'site': 'snopes.com'}, 'reviewDate': '2024-04-02T15:49:22Z', 'textualRating': 'True', 'title': 'Dutch Prime Minister Mark Rutte Towers Over Putin?', 'url': 'https://www.snopes.com/fact-check/putin-shorter-dutch-pm/'}]"
263,'An elderly woman voting in the presence of an armed and masked soldier during the March 2024 Russian presidential elections.',imgs/2025-01-18_263.png,,Reddit users,supported,"[{'comment': None, 'languageCode': 'en', 'publisher': {'name': 'Snopes', 'site': 'snopes.com'}, 'reviewDate': '2024-03-15T17:25:23Z', 'textualRating': 'True', 'title': ""Photo Shows Woman Voting in Russia's 2024 Election While Armed Soldier Watches?"", 'url': 'https://www.snopes.com/fact-check/voting-in-russias-2024-election/'}]"
264,"'Russian kids sing ""I will grow up to be a military chemist, I'll make bombs from dough"" on state TV'",imgs/2025-01-18_264.png,2024-02-07 13:13:21+00:00,Anton Gerashchenko,supported,"[{'comment': None, 'languageCode': 'en', 'publisher': {'name': 'Newsweek', 'site': 'newsweek.com'}, 'reviewDate': '2024-02-07T13:13:21Z', 'textualRating': 'True', 'title': 'Fact Check: Did Russian kids sing ""I\'ll make bombs from dough"" on state TV?', 'url': 'https://www.newsweek.com/fact-check-did-russian-kids-sing-make-bombs-dough-state-tv-1867429'}]"
265,'An actual electronic billboard in Moscow displaying this quote from Russian President Vladimir Putin: “Russia’s borders do not end anywhere.”',imgs/2025-01-18_265.png,,Steve Rosenberg,supported,"[{'comment': None, 'languageCode': 'en', 'publisher': {'name': 'Snopes', 'site': 'snopes.com'}, 'reviewDate': '2024-01-16T14:09:16Z', 'textualRating': 'True', 'title': ""Did Electronic Billboard in Moscow Display Putin Quote, 'Russia's Borders Do Not End Anywhere'?"", 'url': 'https://www.snopes.com/fact-check/billboard-in-moscow-putin-quote/'}]"
266,'Russian President Vladimir Putin speaking with regional leaders at an enormous but sparsely populated table.',imgs/2025-01-18_266.png,,Reddit users,supported,"[{'comment': None, 'languageCode': 'en', 'publisher': {'name': 'Snopes', 'site': 'snopes.com'}, 'reviewDate': '2024-01-09T15:19:04Z', 'textualRating': 'True', 'title': 'This Is a Real Photo Of Putin Speaking with Other Leaders at an Enormous Table', 'url': 'https://www.snopes.com/fact-check/putin-big-table/'}]"
267,'UFC fighter Conor McGregor putting his arm around Russian President Vladimir Putin for a photo-op before removing it after someone in Putin's entourage tells him not to.',imgs/2025-01-18_267.png,,Historic Vids,supported,"[{'comment': None, 'languageCode': 'en', 'publisher': {'name': 'Snopes', 'site': 'snopes.com'}, 'reviewDate': '2024-01-03T17:40:05Z', 'textualRating': 'True', 'title': 'Does Video Show Conor McGregor Being Told Not To Put Arm Around Putin?', 'url': 'https://www.snopes.com/fact-check/putin-mcgregor-warning/'}]"
268,"'In 2023, two people used an excavator to clear a path through the Great Wall of China.'",imgs/2025-01-18_268.png,,Youyu County Public Security Bureau,supported,"[{'comment': None, 'languageCode': 'en', 'publisher': {'name': 'Snopes', 'site': 'snopes.com'}, 'reviewDate': '2024-09-01T11:00:02Z', 'textualRating': 'True', 'title': ""2 People Dug 'Shortcut' Through Great Wall of China?"", 'url': 'https://www.snopes.com/fact-check/great-wall-of-china-hole/'}]"
269,"'Circular ""experimental forestry"" project in Japan.'",imgs/2025-01-18_269.jpeg,,Reddit users,supported,"[{'comment': None, 'languageCode': 'en', 'publisher': {'name': 'Snopes', 'site': 'snopes.com'}, 'reviewDate': '2024-10-04T06:00:02Z', 'textualRating': 'True', 'title': ""Photo Shows Circular 'Experimental Forestry' Project in Japan?"", 'url': 'https://www.snopes.com/fact-check/japan-experimental-forestry/'}]"
270,'Marilyn Monroe visiting injured U.S. troops in Japan in 1954.',imgs/2025-01-18_270.png,,mademesmile community on Reddit,supported,"[{'comment': None, 'languageCode': 'en', 'publisher': {'name': 'Snopes', 'site': 'snopes.com'}, 'reviewDate': '2024-02-11T16:00:04Z', 'textualRating': 'True', 'title': 'Pic Shows Marilyn Monroe Visiting Injured US Troops in Japan?', 'url': 'https://www.snopes.com/fact-check/pic-shows-marilyn-monroe-visiting-injured-us-troops-in-japan/'}]"
271,'An estimated 280-million-year-old fossil found in Australia.',imgs/2025-01-18_271.png,,Tom Kapitany,supported,"[{'comment': None, 'languageCode': 'en', 'publisher': {'name': 'Snopes', 'site': 'snopes.com'}, 'reviewDate': '2024-06-12T04:00:05Z', 'textualRating': 'True', 'title': ""280M-Year-Old, 'Alien-Looking' Fossil Found in Australia?"", 'url': 'https://www.snopes.com/fact-check/fossil-australia-alien-looking/'}]"
272,A photographer from the town of Dildo in the Canadian Province of Newfoundland captured a photograph of a phallic-shaped iceberg.,imgs/2025-01-18_272.png,,byu/DogeDoRight,supported,"[{'comment': None, 'languageCode': 'en', 'publisher': {'name': 'Snopes.com', 'site': 'snopes.com'}, 'reviewDate': '2024-04-23T11:00:05Z', 'textualRating': 'True', 'title': 'Real Pic of Phallic-Shaped Iceberg from Town with a Risqué Name?', 'url': 'https://www.snopes.com/fact-check/town-of-dildo-phallic-iceberg-photo/'}]"
273,'A lake in Finland is shaped like Finland itself.',imgs/2025-01-18_273.png,,Social media accounts and websites dedicated to quirky travel content,supported,"[{'comment': None, 'languageCode': 'en', 'publisher': {'name': 'Snopes.com', 'site': 'snopes.com'}, 'reviewDate': '2024-06-21T19:00:04Z', 'textualRating': 'True', 'title': 'Lake in Finland Shaped Like Finland Itself?', 'url': 'https://www.snopes.com/fact-check/finland-shaped-lake-in-finland/'}]"
274,"'U.S. President Joe Biden playfully ""nibbling"" on the shoulder of a child who appears to be a toddler-aged girl.'",imgs/2025-01-18_274.png,,X users,supported,"[{'comment': None, 'languageCode': 'en', 'publisher': {'name': 'Snopes', 'site': 'snopes.com'}, 'reviewDate': '2024-01-31T11:19:04Z', 'textualRating': 'True', 'title': ""Does Video Show Biden Playfully 'Nibbling' on Toddler?"", 'url': 'https://www.snopes.com/fact-check/biden-nibble-girl-finland/'}]"
275,"'The gravesites of a Catholic wife and Protestant husband, situated in separate cemeteries because the couple was not permitted to be buried together.'",imgs/2025-01-18_275.jpeg,,Fascinating,supported,"[{'comment': None, 'languageCode': 'en', 'publisher': {'name': 'Snopes', 'site': 'snopes.com'}, 'reviewDate': '2024-05-27T06:00:04Z', 'textualRating': 'True', 'title': 'Photo Shows Graves of Protestant Husband and Catholic Wife Not ...', 'url': 'https://www.snopes.com/fact-check/catholic-protestant-gravesites/'}]"
276,"'A ""suicide pod"" designed for assisted suicide sitting in a Swiss forest, where it was used by a U.S. woman to take her own life.'",imgs/2025-01-18_276.png,,The Last Resort,supported,"[{'comment': None, 'languageCode': 'en', 'publisher': {'name': 'Snopes', 'site': 'snopes.com'}, 'reviewDate': '2024-09-25T17:06:26Z', 'textualRating': 'True', 'title': ""Real Pic of 'Suicide Pod' Used by US Woman To Take Own Life in Swiss Forest?"", 'url': 'https://www.snopes.com/fact-check/suicide-pod-in-swiss-forest/'}]"
277,'Slovakian Prime Minister Robert Fico being dragged into a car after being shot.',imgs/2025-01-18_277.png,,Petit Press,supported,"[{'comment': None, 'languageCode': 'en', 'publisher': {'name': 'Snopes', 'site': 'snopes.com'}, 'reviewDate': '2024-05-16T09:00:04Z', 'textualRating': 'True', 'title': 'Video Shows Slovakian PM Robert Fico Dragged Into Car After Being Shot?', 'url': 'https://www.snopes.com/fact-check/robert-fico-slovakia-shot/'}]"
278,"'In April 2024, orange-hued images authentically depicted Athens, Greece, after it was hit by Saharan dust storm.'",imgs/2025-01-18_278.png,,Reddit user @threafold,supported,"[{'comment': None, 'languageCode': 'en', 'publisher': {'name': 'Snopes', 'site': 'snopes.com'}, 'reviewDate': '2024-04-25T09:01:21Z', 'textualRating': 'True', 'title': 'Real Pics of Orange Skies Over Athens in April 2024?', 'url': 'https://www.snopes.com/fact-check/dust-storm-athens-greece/'}]"
279,'Turkish flag doodled by Drone over Raisi helicopter crash site',,2024-05-21 10:32:35+00:00,IntelCrab,supported,"[{'comment': None, 'languageCode': 'en', 'publisher': {'name': 'Newsweek', 'site': 'newsweek.com'}, 'reviewDate': '2024-05-21T10:32:35Z', 'textualRating': 'True', 'title': 'Fact Check: Did Drone Doodle Turkish Flag Over Raisi Helicopter Crash Site?', 'url': 'https://www.newsweek.com/fact-check-did-drone-doodle-turkish-flag-over-raisi-helicopter-crash-site-1902691'}]"
280,'Vandalism of Hindu Goddess Kali Idol in Bangladesh',imgs/2025-01-18_280.png,2024-12-02 00:00:00+00:00,Facebook users,refuted,"[{'comment': None, 'languageCode': 'en', 'publisher': {'name': 'AFP Fact Check', 'site': 'factcheck.afp.com'}, 'reviewDate': '2024-12-17T09:36:00Z', 'textualRating': 'False', 'title': 'Video of Indian temple ritual falsely linked to Hindu attacks in Bangladesh', 'url': 'https://factcheck.afp.com/doc.afp.com.36P24WW'}]"
281,"'In 2005, Britain's Prince Harry was photographed wearing a Nazi costume at a party.'",imgs/2025-01-18_281.png,,The Sun,supported,"[{'comment': None, 'languageCode': 'en', 'publisher': {'name': 'Snopes', 'site': 'snopes.com'}, 'reviewDate': '2021-03-12T01:50:38Z', 'textualRating': 'True', 'title': 'Was Prince Harry Photographed in a Nazi Costume?', 'url': 'https://www.snopes.com/fact-check/prince-harry-nazi-costume/'}
 {'comment': None, 'languageCode': 'en', 'publisher': {'name': 'Snopes', 'site': 'snopes.com'}, 'reviewDate': '2024-03-21T11:59:13Z', 'textualRating': 'True', 'title': 'Real Photo of Prince Harry in a Nazi Costume?', 'url': 'https://www.snopes.com/fact-check/prince-harry-wore-nazi-costume/'}]"
282,'Jazz legend Louis Armstrong drawing a trumpet on a fan’s head in France.',imgs/2025-01-18_282.png,,social media users,supported,"[{'comment': None, 'languageCode': 'en', 'publisher': {'name': 'Snopes', 'site': 'snopes.com'}, 'reviewDate': '2024-09-16T04:00:03Z', 'textualRating': 'True', 'title': ""Authentic Pics of Louis Armstrong Drawing on a Fan's Head in France?"", 'url': 'https://www.snopes.com/fact-check/louis-armstrong-drawing-head-france/'}]"
283,'The world's shortest international bridge connects a homeowner's property that spans both Canada and the U.S.',imgs/2025-01-18_283.png,,social media users,refuted,"[{'comment': None, 'languageCode': 'en', 'publisher': {'name': 'Snopes', 'site': 'snopes.com'}, 'reviewDate': '2024-05-28T06:00:04Z', 'textualRating': 'False', 'title': ""32-Foot Passage from Canada to US Is World's Shortest International Bridge?"", 'url': 'https://www.snopes.com/fact-check/shortest-international-bridge-canada/'}
 {'comment': None, 'languageCode': 'en', 'publisher': {'name': 'Snopes.com', 'site': 'snopes.com'}, 'reviewDate': '2024-05-21T19:00:04Z', 'textualRating': 'False', 'title': ""'World's Shortest International Bridge' Connects Homeowner's US and Canadian Property?"", 'url': 'https://www.snopes.com/fact-check/worlds-shortest-international-bridge/'}]"
284,'ISIS transporting oil to Turkey.',imgs/2025-01-18_284.jpeg,2025-01-05 06:29:46+00:00,x.com,misleading,"[{'comment': None, 'languageCode': 'en', 'publisher': {'name': None, 'site': 'misbar.com'}, 'reviewDate': '2025-01-05T06:29:46Z', 'textualRating': 'misleading', 'title': 'This Video Does Not Show ISIS Transporting Oil to Turkey', 'url': 'https://www.misbar.com/en/factcheck/2025/01/05/this-video-does-not-show-isis-transporting-oil-to-turkey'}]"
285,'Dire state of an inmate at infamous Saydnaya prison in Syria.',imgs/2025-01-18_285.png,2024-12-10 00:00:00+00:00,social media users,refuted,"[{'comment': None, 'languageCode': 'en', 'publisher': {'name': 'Newschecker', 'site': 'newschecker.in'}, 'reviewDate': '2024-12-10T00:00:00Z', 'textualRating': 'False', 'title': 'Fact Check: Photo From Vietnam Museum Shared As Horrific Conditions At Saydnaya Prison In Syria', 'url': 'https://newschecker.in/fact-check/photo-from-vietnam-museum-shared-as-horrific-conditions-at-saydnaya-prison-in-syria/'}]"
286,'A woman burns a French flag during a pro-Palestinian rally in France.',imgs/2025-01-18_286.jpg,2024-06-19 00:00:00+00:00,Facebook users,refuted,"[{'comment': None, 'languageCode': 'en', 'publisher': {'name': 'AFP Fact Check', 'site': 'factcheck.afp.com'}, 'reviewDate': '2024-06-27T08:44:00Z', 'textualRating': 'False', 'title': 'Old video shows woman burning French flag in Morocco, not France', 'url': 'https://factcheck.afp.com/doc.afp.com.34YG4TH'}]"
287,'Rohingya refugees being transported from Bangladesh to Indonesia',imgs/2025-01-18_287.png,2023-12-11 00:00:00+00:00,"AFP Indonesia, AFP Bangladesh",refuted,"[{'comment': None, 'languageCode': 'en', 'publisher': {'name': 'AFP Fact Check', 'site': 'factcheck.afp.com'}, 'reviewDate': '2024-01-05T09:17:00Z', 'textualRating': 'False', 'title': ""Videos show passenger boats in Bangladesh, not 'Rohingya refugees on way to Indonesia'"", 'url': 'https://factcheck.afp.com/doc.afp.com.349C3Z3'}]"
288,'A photograph shows a “young Bill Gates” riding a bicycle in the 1970s.',imgs/2025-01-18_288.png,,Reddit users,not enough information,"[{'comment': None, 'languageCode': 'en', 'publisher': {'name': 'Snopes.com', 'site': 'snopes.com'}, 'reviewDate': '2023-12-13T06:00:01Z', 'textualRating': 'Unfounded', 'title': ""No Evidence This Viral Pic Shows 'Young Bill Gates' Riding Bike in ..."", 'url': 'https://www.snopes.com/fact-check/viral-pic-shows-bill-gates-riding-bike-in-1970s/'}]"
289,'Elon Musk called Bill Gates “evil” on social media platform X.',,,SpaceXMania.com,supported,"[{'comment': None, 'languageCode': 'en', 'publisher': {'name': 'Snopes.com', 'site': 'snopes.com'}, 'reviewDate': '2023-11-10T11:55:55Z', 'textualRating': 'Labeled Satire', 'title': ""Did Elon Musk Call Bill Gates 'Evil' on X?"", 'url': 'https://www.snopes.com/fact-check/did-elon-musk-call-bill-gates-evil/'}]"
290,"'Russian President Vladimir Putin brought his pet black Labrador to a 2007 meeting with then-German Chancellor Angela Merkel, even though she fears dogs.'",imgs/2025-01-18_290.jpg,,Reddit users,supported,"[{'comment': None, 'languageCode': 'en', 'publisher': {'name': 'Snopes', 'site': 'snopes.com'}, 'reviewDate': '2024-03-25T04:00:04Z', 'textualRating': 'True', 'title': ""Putin Took His Dog to '07 Meeting with Then-German Chancellor ..."", 'url': 'https://www.snopes.com/fact-check/putin-labrador-merkel-meeting-2007/'}]"
291,"“We then overthrow the Ukraine government, in 2014, their elected government, and put in a Western sympathetic government.”",imgs/2025-01-18_291.png,2024-01-08 00:00:00+00:00,Robert F. Kennedy Jr.,not enough information,"[{'comment': None, 'languageCode': 'en', 'publisher': {'name': 'The Washington Post', 'site': 'washingtonpost.com'}, 'reviewDate': '2024-05-08T15:50:07Z', 'textualRating': 'Disputed', 'title': ""Analysis | RFK Jr.'s 'history lesson' on Russia's invasion of Ukraine ..."", 'url': 'https://www.washingtonpost.com/politics/2024/05/08/rfk-jrs-history-lesson-russias-invasion-ukraine-flunks-fact-test/'}]"
292,'The 2014 Euromaidan protests in Ukraine were a coup',,2024-02-08 00:00:00+00:00,Vladimir Putin,refuted,"[{'comment': None, 'languageCode': 'en', 'publisher': {'name': 'The Dispatch', 'site': 'thedispatch.com'}, 'reviewDate': '2024-02-10T00:00:00Z', 'textualRating': 'False', 'title': 'Assessing Claims by Vladimir Putin in His Interview With Tucker ...', 'url': 'https://thedispatch.com/article/assessing-claims-by-vladimir-putin-in-his-interview-with-tucker-carlson/'}]"
293,"'Russian President Vladimir Putin said of LGBTQ+ rights, ""As long as I am the president of Russia, we will not have parent one and parent two. We will have mom and dad.""'",,,Mario Nawfal,supported,"[{'comment': None, 'languageCode': 'en', 'publisher': {'name': 'Snopes.com', 'site': 'snopes.com'}, 'reviewDate': '2024-04-02T16:31:07Z', 'textualRating': 'Correct Attribution', 'title': ""Putin Said of LGBTQ+ Rights, 'We Will Not Have Parent 1 and ..."", 'url': 'https://www.snopes.com/fact-check/putin-parent-mom-dad/'}]"
294,'Republican vice presidential nominee and Ohio Sen. JD Vance once said parents should have a bigger say in U.S. democracy than non-parents.',,,Sen. JD Vance of Ohio,supported,"[{'comment': None, 'languageCode': 'en', 'publisher': {'name': 'Snopes.com', 'site': 'snopes.com'}, 'reviewDate': '2024-07-19T08:51:35Z', 'textualRating': 'Correct Attribution', 'title': 'JD Vance Says Parents Should Have Bigger Say in Democracy ...', 'url': 'https://www.snopes.com/fact-check/jd-vance-parents-vote/'}]"
295,"'British statesman Winston Churchill once said, “The best argument against democracy is a five-minute conversation with the average voter.”'",,,Winston Churchill,refuted,"[{'comment': None, 'languageCode': 'en', 'publisher': {'name': 'Snopes', 'site': 'snopes.com'}, 'reviewDate': '2024-12-03T06:00:04Z', 'textualRating': 'Misattributed', 'title': ""Did Churchill Say 'Best Argument Against Democracy' Is 5-Minute ..."", 'url': 'https://www.snopes.com/fact-check/churchill-democracy-voter-argument/'}]"
296,"'U.S. President-elect Donald Trump said that if Israeli hostages held by Hamas ""are not back by the time I get into office, all hell will break out in the Middle East.""'",imgs/2025-01-18_296.png,,Donald Trump,supported,"[{'comment': None, 'languageCode': 'en', 'publisher': {'name': 'Snopes', 'site': 'snopes.com'}, 'reviewDate': '2025-01-15T13:10:34Z', 'textualRating': 'Correct Attribution', 'title': ""Trump Said 'All Hell Will Break Out' If Israeli Hostages Aren't Returned By Inauguration"", 'url': 'https://www.snopes.com/fact-check/trump-hell-israel-hostages/'}]"
297,'Kamala Harris Failed To Top Joe Biden's 2020 Election Results In Any County',imgs/2025-01-18_297.png,2024-11-06 20:51:02+00:00,x.com,refuted,"[{'comment': None, 'languageCode': 'en', 'publisher': {'name': 'Lead Stories', 'site': 'leadstories.com'}, 'reviewDate': '2024-11-06T20:51:02Z', 'textualRating': 'Misspoken Word', 'title': ""Fact Check: Kamala Harris Did NOT Fail To Top Biden's 2020 Election Results In Any US County -- CNN Anchor Misspoke"", 'url': 'https://leadstories.com/hoax-alert/2024/11/fact-check-kamala-harris-did-not-fail-to-top-bidens-2020-election-results-in-any-us-county.html'}]"
298,'Trump Deported More Migrants Than Biden',imgs/2025-01-18_298.png,2024-12-10 21:11:08+00:00,Senator Lindsey Graham,refuted,"[{'comment': None, 'languageCode': 'en', 'publisher': {'name': 'Newsweek', 'site': 'newsweek.com'}, 'reviewDate': '2024-12-10T21:11:08Z', 'textualRating': 'False', 'title': 'Fact Check: Did Trump deport more migrants than Biden?', 'url': 'https://www.newsweek.com/fact-check-deportations-illegal-immigrants-trump-biden-lindsey-graham-1998758'}]"
299,"'Hunter Biden was ""singled out"" and ""unfairly"" prosecuted ""only because he is my son.""'",,2024-12-01 00:00:00+00:00,President Joe Biden,not enough information,"[{'comment': None, 'languageCode': 'en', 'publisher': {'name': 'FactCheck.org', 'site': 'factcheck.org'}, 'reviewDate': None, 'textualRating': 'No Clear Evidence', 'title': 'What Biden Left Out of Pardon Statement', 'url': 'https://www.factcheck.org/2024/12/what-biden-left-out-of-pardon-statement/'}]"
