claim_id,claim,claim_date,speaker,location_ISO_code,original_claim_url,reporting_source,gold,pred
0,Kenyan counties allocated KSh361.05 billion (64%) to recurrent expenditure.,06-10-2024,Anne Waiguru,KE,https://web.archive.org/web/20241130002111/https://africacheck.org/sites/default/files/media/documents/2024-10/Kenya-2024%20State%20of%20Devolution%20Address.pdf,2024 state of devolution address ,,Not Enough Evidence
1,"The number of Kenyan children under five requiring malnutrition treatment surged up by 10% compared to 2022, reaching one million.",01-01-2023,"Shaheen Nilofer,",KE,https://web.archive.org/web/20240128183944/https://www.standardmedia.co.ke/opinion/article/2001489174/how-we-can-make-tomorrow-better-for-all-kenyan-children,The Sunday Standard,,Not Enough Evidence
2,Kenya has an 18% stunting rate among its under-five children.,01-01-2023,"Shaheen Nilofer,",KE,https://web.archive.org/web/20240128183944/https://www.standardmedia.co.ke/opinion/article/2001489174/how-we-can-make-tomorrow-better-for-all-kenyan-children,The Sunday Standard,,Supported
3,Counties in Kenya are allocated KSh203.48 billion or 36% of the total budget for development expenditure.,07-10-2024,Anne Waiguru,KE,https://web.archive.org/web/20241130002111/https://africacheck.org/sites/default/files/media/documents/2024-10/Kenya-2024%20State%20of%20Devolution%20Address.pdf,Kenya's 2024 state of devolution address,,Not Enough Evidence
4,"Kenyan county allocations “met the fiscal responsibility principle under the Public Finance Management Act, requiring the allocation of at least 30% of the budget to development expenditure"".",06-10-2024,Anne Waiguru,KE,https://web.archive.org/web/20241130002111/https://africacheck.org/sites/default/files/media/documents/2024-10/Kenya-2024%20State%20of%20Devolution%20Address.pdf,2024 state of devolution address ,,Not Enough Evidence
5,Counties in Kenya were allocated KSh361.05 billion (64%) to recurrent expenditure.,07-10-2024,Anne Waiguru,KE,https://web.archive.org/web/20241130002111/https://africacheck.org/sites/default/files/media/documents/2024-10/Kenya-2024%20State%20of%20Devolution%20Address.pdf,Kenya's 2024 state of devolution address,,Not Enough Evidence
6,"In the financial year 2023/24, county governments generated a total of KSh58.95 billion from their own-source revenue in Kenya.",06-10-2024,Anne Waiguru,KE,https://web.archive.org/web/20241130002111/https://africacheck.org/sites/default/files/media/documents/2024-10/Kenya-2024%20State%20of%20Devolution%20Address.pdf,2024 state of devolution address ,,Not Enough Evidence
7,County allocations in Kenya met the fiscal responsibility principle under the Public Finance Management Act requiring the allocation of at least 30% of the budget to development expenditure.,07-10-2024,Anne Waiguru,KE,https://web.archive.org/web/20241130002111/https://africacheck.org/sites/default/files/media/documents/2024-10/Kenya-2024%20State%20of%20Devolution%20Address.pdf,Kenya's 2024 state of devolution address,,Not Enough Evidence
8,County allocations in Kenya met the fiscal responsibility principle under the Public Finance Management Act requiring the allocation of at least 30% of the budget to development expenditure.,07-10-2024,Anne Waiguru,KE,https://web.archive.org/web/20241130002111/https://africacheck.org/sites/default/files/media/documents/2024-10/Kenya-2024%20State%20of%20Devolution%20Address.pdf,Kenya's 2024 state of devolution address,,Not Enough Evidence
9,"In the financial year 2023/24, county governments in Kenya generated a total of KSh58.95 billion from their own-source revenue.",07-10-2024,Anne Waiguru,KE,https://web.archive.org/web/20241130002111/https://africacheck.org/sites/default/files/media/documents/2024-10/Kenya-2024%20State%20of%20Devolution%20Address.pdf,Kenya's 2024 state of devolution address,,Not Enough Evidence
10,The 38:1 pupil-to-teacher ratio “meets the acceptable standard” in Kenya.,06-10-2024,Anne Waiguru,KE,https://web.archive.org/web/20241130002111/https://africacheck.org/sites/default/files/media/documents/2024-10/Kenya-2024%20State%20of%20Devolution%20Address.pdf,2024 state of devolution address ,,Not Enough Evidence
11,The  pupil–teacher ratio of 38:1 for pre-primary level education in Kenya meets acceptable standards.,07-10-2024,Anne Waiguru,KE,https://web.archive.org/web/20241130002111/https://africacheck.org/sites/default/files/media/documents/2024-10/Kenya-2024%20State%20of%20Devolution%20Address.pdf,Kenya's 2024 state of devolution address,,Not Enough Evidence
12,"The number of hospital beds across the 47 counties increased by 4%, from 39,220 to 40,814 beds in Kenya.",06-10-2024,Anne Waiguru,KE,https://web.archive.org/web/20241130002111/https://africacheck.org/sites/default/files/media/documents/2024-10/Kenya-2024%20State%20of%20Devolution%20Address.pdf,2024 state of devolution address ,,Not Enough Evidence
13,"Texas man changed his name to ‘Literally Anybody Else,’ announced U.S. presidential run.",26-03-2024,Shaggy Rogers,US,https://web.archive.org/web/20240524190744/https://www.facebook.com/permalink.php?story_fbid=pfbid0sY6Tagg9gbnix2Zpa7idyas5YGKN4cU7dsiY1mNPrQ1q4ZmJam4W91pEyQAhhZNBl&id=100080022412658,Facebook,,Supported
14,"Private providers employ 25,662 pre-primary school teachers in Kenya.",07-10-2024,Anne Waiguru,KE,https://web.archive.org/web/20241130002111/https://africacheck.org/sites/default/files/media/documents/2024-10/Kenya-2024%20State%20of%20Devolution%20Address.pdf,Kenya's 2024 state of devolution address,,Not Enough Evidence
15,Counties in Kenya had achieved gender parity in pre-primary school enrolment.,07-10-2024,Anne Waiguru,KE,https://web.archive.org/web/20241130002111/https://africacheck.org/sites/default/files/media/documents/2024-10/Kenya-2024%20State%20of%20Devolution%20Address.pdf,Kenya's 2024 state of devolution address,,Not Enough Evidence
16,"Currently, more than 45% of the seats in South Africa's parliament are held by women.",08-01-2024,Cyril Ramaphosa,ZA,https://web.archive.org/web/20250114174540/https://www.youtube.com/watch?v=VKyXasgd0XM&t=614s,Africa National Congress ANC January 8th 2024 Statement.,,Supported
17,Ghana has overtaken South Africa as the continent’s leading producer of gold.,22-07-2024,Samuel Jinapor,GH,https://www.youtube.com/watch?v=aWVbgvXpqLo,Joy News ,,Supported
18,"An average of 20,000 murders are committed annually in South Africa.",10-02-2024,Economic Freedom Fighters (EFF),ZA,https://web.archive.org/web/20240531021924/https://effonline.org/wp-content/uploads/2024/02/A5-EFF-2024-Manifesto-full-version.pdf,2024 Election Manifesto ,,Not Enough Evidence
19,South Africa still has bucket toilets.,10-02-2024,Economic Freedom Fighters (EFF),ZA,https://web.archive.org/web/20240531021924/https://effonline.org/wp-content/uploads/2024/02/A5-EFF-2024-Manifesto-full-version.pdf,2024 Election Manifesto ,,Supported
20,Half of the Kenyan nation’s population comprises children,01-01-2023,"Shaheen Nilofer,",KE,https://web.archive.org/web/20240128183944/https://www.standardmedia.co.ke/opinion/article/2001489174/how-we-can-make-tomorrow-better-for-all-kenyan-children,The Sunday Standard,,Not Enough Evidence
21,89% of households in South Africa now have access to water.,08-01-2024,Cyril Ramaphosa,ZA,https://web.archive.org/web/20250114174540/https://www.youtube.com/watch?v=VKyXasgd0XM&t=614s,Africa National Congress ANC January 8th 2024 Statement.,,Not Enough Evidence
22,Kenya has 80% vaccination coverage in children.,01-01-2023,"Shaheen Nilofer,",KE,https://web.archive.org/web/20240128183944/https://www.standardmedia.co.ke/opinion/article/2001489174/how-we-can-make-tomorrow-better-for-all-kenyan-children,The Sunday Standard,,Not Enough Evidence
23,Kenya has 15% of girls facing the threat of female genital mutilation.,01-01-2023,Shaheen Nilofer,KE,https://web.archive.org/web/20240128183944/https://www.standardmedia.co.ke/opinion/article/2001489174/how-we-can-make-tomorrow-better-for-all-kenyan-children,The Sunday Standard,,Not Enough Evidence
24,Ondo state is the second least of states with high debt profile in Nigeria.,03-11-2024,Lucky Aiyedatiwa,NG,https://www.youtube.com/live/ovBLOORdJ0c, November 2024 debate ,,Not Enough Evidence
25,81% of grade 4 learners cannot read for meaning in South Africa.,17-02-2024,South African political party the Democratic Alliance,ZA,https://web.archive.org/web/20241125071309/https://cdn.da.org.za/wp-content/uploads/2024/02/16143750/DA-Election-Manifesto-2024.pdf,Elections Manifesto 2024 ,,Supported
26,Nigeria paid over 6 billion naira in 10 months on gratuity owed by the previous government.,03-11-2024,Lucky Aiyedatiwa,NG,https://www.youtube.com/live/ovBLOORdJ0c, November 2024 debate ,,Not Enough Evidence
27,Governor Ayedatiwa gets N1.2 billion as security votes monthly in Nigeria.,03-11-2024,Agboola Ajayi,NG,https://www.youtube.com/live/ovBLOORdJ0c, November 2024 debate ,,Not Enough Evidence
28,Lucky Aiyedatiwa was in the Niger Delta Development Commission for “two to three years” in Nigeria.,03-11-2024,Agboola Ajayi,NG,https://www.youtube.com/live/ovBLOORdJ0c, November 2024 debate ,,Not Enough Evidence
29,More than 5.8 million people are on antiretroviral treatment in South Africa.,08-01-2024,Cyril Ramaphosa,ZA,https://web.archive.org/web/20250114174540/https://www.youtube.com/watch?v=VKyXasgd0XM&t=614s,Africa National Congress ANC January 8th 2024 Statement.,,Supported
30,"In 2022, there were 0.79 doctors per 1,000 citizens in South Africa, much lower than other middle-income countries such as Brazil, where there are 2.3 doctors per 1,000 citizens.",17-02-2024,South African political party the Democratic Alliance,ZA,https://web.archive.org/web/20241125071309/https://cdn.da.org.za/wp-content/uploads/2024/02/16143750/DA-Election-Manifesto-2024.pdf,Elections Manifesto 2024 ,,Supported
31,U.S. President Joe Biden wore a Trump hat at a 9/11 memorial.,10-09-2024,jewishuncensored,US,https://www.instagram.com/p/C_yhPynPzv5/?fbclid=IwY2xjawFQTv9leHRuA2FlbQIxMAABHViKtgk5K3XCRWEemPKif8cZU0Tq7IH1YEwmoM1bXP1GNW0A2G07UxsVlQ_aem_XX-7N799WKTGjxLi_i4FwA&img_index=1,Instagram,,Refuted
32,The incidence of tuberculosis in south Africa  is continuing to come down.,08-01-2024,Cyril Ramaphosa,ZA,https://web.archive.org/web/20250114174540/https://www.youtube.com/watch?v=VKyXasgd0XM&t=614s,Africa National Congress ANC January 8th 2024 Statement.,,Not Enough Evidence
33,"If you look at Kenya's debt composition today, it's about fifty-fifty in terms of external and domestic debts.",21-08-2024,John Mbadi,KE,https://web.archive.org/web/20240922151621/https://www.youtube.com/watch?v=WwFaZETFFac,Citizen TV Kenya ,,Not Enough Evidence
34,"When it comes to debt servicing cost, on domestic debt, you pay almost three times what you pay for the external debt in Kenya.",21-08-2024,John Mbadi,KE,https://web.archive.org/web/20240922151621/https://www.youtube.com/watch?v=WwFaZETFFac,Citizen TV Kenya ,,Not Enough Evidence
35,The demand for sugar has been higher than the supply in Kenya.,21-08-2024,John Mbadi,KE,https://web.archive.org/web/20240922151621/https://www.youtube.com/watch?v=WwFaZETFFac,Citizen TV Kenya ,,Not Enough Evidence
36,The total projected revenue for budget implementation in the financial year 2023/24 amounted to KSh564.5 billion in Kenya.,06-10-2024,Anne Waiguru,KE,https://web.archive.org/web/20241130002111/https://africacheck.org/sites/default/files/media/documents/2024-10/Kenya-2024%20State%20of%20Devolution%20Address.pdf,2024 state of devolution address ,,Not Enough Evidence
37,Remittances by Kenyans abroad in the 12 months to November 2023 was at US$4.19 billion.,21-03-2024,Musalia Mudavadi,KE,https://www.youtube.com/watch?v=UMy6LP8IQK8," Kenya's Grand Strategy in a Changing World - USIU, Nairobi",,Not Enough Evidence
38,It is estimated that 121 million Africans are facing severe acute food insecurity.,21-03-2024,Musalia Mudavadi,KE,https://www.youtube.com/watch?v=UMy6LP8IQK8," Kenya's Grand Strategy in a Changing World - USIU, Nairobi",,Not Enough Evidence
39,Kenya counties allocated KSh203.48 billion or 36% of the total budget to development expenditure.,06-10-2024,Anne Waiguru,KE,https://web.archive.org/web/20241130002111/https://africacheck.org/sites/default/files/media/documents/2024-10/Kenya-2024%20State%20of%20Devolution%20Address.pdf,2024 state of devolution address ,,Not Enough Evidence
40,There are 16 landlocked countries in Africa.,21-03-2024,Musalia Mudavadi,KE,https://www.youtube.com/watch?v=UMy6LP8IQK8," Kenya's Grand Strategy in a Changing World - USIU, Nairobi",,Supported
41,"Through the Presidential Employment Stimulus, South Africa have been able to create more than 1.7 million work and livelihood opportunities.",08-02-2024,President Cyril Ramaphosa,ZA,https://web.archive.org/web/20240521085402/https://www.stateofthenation.gov.za/assets/downloads/SONA_2024_080224.pdf,STATE OF THE NATION ADDRESS,,Supported
42,"Of the 257 municipalities in South Africa, 151 are on the brink of financial collapse … and 43 have already collapsed and are in crisis.",17-02-2024,South African political party the Democratic Alliance,ZA,https://web.archive.org/web/20241125071309/https://cdn.da.org.za/wp-content/uploads/2024/02/16143750/DA-Election-Manifesto-2024.pdf,Elections Manifesto 2024 ,,Not Enough Evidence
43,South Africa has one of the highest unemployment rates in the world.,17-02-2024,South African political party the Democratic Alliance,ZA,https://web.archive.org/web/20241125071309/https://cdn.da.org.za/wp-content/uploads/2024/02/16143750/DA-Election-Manifesto-2024.pdf,Elections Manifesto 2024 ,,Supported
44,The current pupil-teacher ratio in Kenya is 38:1.,06-10-2024,Anne Waiguru,KE,https://web.archive.org/web/20241130002111/https://africacheck.org/sites/default/files/media/documents/2024-10/Kenya-2024%20State%20of%20Devolution%20Address.pdf,2024 state of devolution address ,,Not Enough Evidence
45,"Kenyan county governments employ 48,895 and private providers employ 25,662 pre-primary school teachers.",06-10-2024,Anne Waiguru,KE,https://web.archive.org/web/20241130002111/https://africacheck.org/sites/default/files/media/documents/2024-10/Kenya-2024%20State%20of%20Devolution%20Address.pdf,2024 state of devolution address ,,Not Enough Evidence
46,"Pre-primary enrolment grew by 2.22%, with 2,842,838 children enrolled, achieving gender parity with 1,413,119 boys and 1,426,719 girls in Kenya.",06-10-2024,Anne Waiguru,KE,https://web.archive.org/web/20241130002111/https://africacheck.org/sites/default/files/media/documents/2024-10/Kenya-2024%20State%20of%20Devolution%20Address.pdf,2024 state of devolution address ,,Supported
47,"Half of unemployed South Africans do not have matric, the country's high school leaving qualification, formally known as the National Senior Certificate.",20-01-2024,Rise Mzansi,ZA,https://web.archive.org/web/20240525185646/https://assets.website-files.com/6512abc58b1468c2e0784360/65ab627c5faa95ea313ab276_RISE%20Mzansi%20Manifesto%20%2B%20.pdf,Rise Mzansi’s election manifesto,,Not Enough Evidence
48,South Africa is the most unequal country in the world.,20-01-2024,Rise Mzansi,ZA,https://web.archive.org/web/20240525185646/https://assets.website-files.com/6512abc58b1468c2e0784360/65ab627c5faa95ea313ab276_RISE%20Mzansi%20Manifesto%20%2B%20.pdf,Rise Mzansi’s election manifesto,,Not Enough Evidence
49,The demand for sugar has been higher than the supply in Kenya.,21-08-2024,John Mbadi,KE,https://web.archive.org/web/20240922151621/https://www.youtube.com/watch?v=WwFaZETFFac,Citizen TV Kenya,,Not Enough Evidence
50,"On value-added tax, Kenya is collecting only 3% of GDP.",21-08-2024,John Mbadi,KE,https://web.archive.org/web/20240922151621/https://www.youtube.com/watch?v=WwFaZETFFac,Citizen TV Kenya,,Not Enough Evidence
51,"When the William Ruto administration came into power, the price of maize flour was KSh240 in Kenya.",26-03-2024,Rigathi Gachagua,KE,https://web.archive.org/web/20240515145139/https://www.tuko.co.ke/politics/542671-mwangi-kiunjuri-william-ruto-delivered-80-what-promised/,Tuko News,,Not Enough Evidence
52,South Africa has one-third of working-age population out of jobs.,17-02-2024,South African political party the Democratic Alliance,ZA,https://web.archive.org/web/20241125071309/https://cdn.da.org.za/wp-content/uploads/2024/02/16143750/DA-Election-Manifesto-2024.pdf,Elections Manifesto 2024 ,,Not Enough Evidence
53,Black women in South Africa are more likely to live below the poverty line.,20-01-2024,Rise Mzansi,ZA,https://web.archive.org/web/20240525185646/https://assets.website-files.com/6512abc58b1468c2e0784360/65ab627c5faa95ea313ab276_RISE%20Mzansi%20Manifesto%20%2B%20.pdf,Rise Mzansi’s election manifesto,,Supported
54,Millions of South Africans do not have enough food to meet daily needs.,20-01-2024,Rise Mzansi,ZA,https://web.archive.org/web/20240525185646/https://assets.website-files.com/6512abc58b1468c2e0784360/65ab627c5faa95ea313ab276_RISE%20Mzansi%20Manifesto%20%2B%20.pdf,Rise Mzansi’s election manifesto,,Supported
55,Between 2013 and 2023 Kenya's total public debt grew almost five times to $69 billion.,16-01-2024,ALFRED ONYANGO,KE,https://web.archive.org/web/20240221155911/https://www.the-star.co.ke/business/kenya/2024-01-16-debt-burden-weak-reserves-to-hurt-shilling-longer-report/,Kenya’s Star newspaper,,Supported
56,Kenya’s debt-to-GDP ratio increased to 64% in 2023.,16-01-2024,ALFRED ONYANGO,KE,https://web.archive.org/web/20240221155911/https://www.the-star.co.ke/business/kenya/2024-01-16-debt-burden-weak-reserves-to-hurt-shilling-longer-report/,Kenya’s Star newspaper,,Not Enough Evidence
57,Kenya’s debt-to-GDP ratio was 40% in 2013.,16-01-2024,ALFRED ONYANGO,KE,https://web.archive.org/web/20240221155911/https://www.the-star.co.ke/business/kenya/2024-01-16-debt-burden-weak-reserves-to-hurt-shilling-longer-report/,Kenya’s Star newspaper,,Supported
58,Kenya has an estimated population of 40 million.,16-01-2024,Abdallah Shuaib,KE,https://web.archive.org/web/20240317010148/https://nation.africa/kenya/blogs-opinion/blogs/improve-youth-health-initiatives-4492866, Nation.Africa website blog,,Supported
59,"When the William Ruto administration came into power, the US dollar was at KSh162 in Kenya.",26-03-2024,Rigathi Gachagua,KE,https://web.archive.org/web/20240515145139/https://www.tuko.co.ke/politics/542671-mwangi-kiunjuri-william-ruto-delivered-80-what-promised/,Tuko News,,Not Enough Evidence
60,The dollar is exchanging at KSh134 in Kenya.,26-03-2024,Rigathi Gachagua,KE,https://web.archive.org/web/20240515145139/https://www.tuko.co.ke/politics/542671-mwangi-kiunjuri-william-ruto-delivered-80-what-promised/,Tuko News,,Not Enough Evidence
61,47.3% of Nigerians were multidimensionally poor in 2021.,19-05-2024,Kazeem Akintunde,NG,https://web.archive.org/web/20240828192427/https://theeagleonline.com.ng/fg-labour-playing-tom-and-jerry-with-workers-welfare-by-kazeem-akintunde/,The Eagle Online,,Supported
62,Nigeria’s inflation rate is 36%.,19-05-2024,Kazeem Akintunde,NG,https://web.archive.org/web/20240828192427/https://theeagleonline.com.ng/fg-labour-playing-tom-and-jerry-with-workers-welfare-by-kazeem-akintunde/,The Eagle Online,,Not Enough Evidence
63,The 36% inflation rate is the highest in 28 years in Nigeria.,19-05-2024,Kazeem Akintunde,NG,https://web.archive.org/web/20240828192427/https://theeagleonline.com.ng/fg-labour-playing-tom-and-jerry-with-workers-welfare-by-kazeem-akintunde/,The Eagle Online,,Supported
64,Ondo state is being regarded as one of the safest and peaceful states in Nigeria.,03-11-2024,Lucky Aiyedatiwa,NG,https://www.youtube.com/live/ovBLOORdJ0c, November 2024 debate ,,Not Enough Evidence
65,Nigeria are not owing our workers.,03-11-2024,Lucky Aiyedatiwa,NG,https://www.youtube.com/live/ovBLOORdJ0c, November 2024 debate ,,Not Enough Evidence
66,The Ondo state governor drew more than 1.2 billion security votes in September 2024 in the week of the Edo election in Nigeria.,03-11-2024,Agboola Ajayi,NG,https://www.youtube.com/live/ovBLOORdJ0c, November 2024 debate ,,Not Enough Evidence
67,Ondo state has no single industrialisation and no single functional company in Nigeria.,03-11-2024,Agboola Ajayi,NG,https://www.youtube.com/live/ovBLOORdJ0c, November 2024 debate ,,Refuted
68,Kenyan president’s US state visit is the first for an African leader since 2008.,21-03-2024,Musalia Mudavadi,KE,https://www.youtube.com/watch?v=UMy6LP8IQK8," Kenya's Grand Strategy in a Changing World - USIU, Nairobi",,Not Enough Evidence
69,The total projected revenue for Kenya's budget implementation in the financial year 2023/24 amounted to KSh564.5 billion.,07-10-2024,Anne Waiguru,KE,https://web.archive.org/web/20241130002111/https://africacheck.org/sites/default/files/media/documents/2024-10/Kenya-2024%20State%20of%20Devolution%20Address.pdf,Kenya's 2024 state of devolution address,,Not Enough Evidence
70,Counties in Kenya were allocated 36% or KSh203.48 billion of the total budget for development expenditure,07-10-2024,Anne Waiguru,KE,https://web.archive.org/web/20241130002111/https://africacheck.org/sites/default/files/media/documents/2024-10/Kenya-2024%20State%20of%20Devolution%20Address.pdf,Kenya's 2024 state of devolution address,,Not Enough Evidence
71,"County governments in Kenya employ 48,895  teachers in pre primary schools",07-10-2024,Anne Waiguru,KE,https://web.archive.org/web/20241130002111/https://africacheck.org/sites/default/files/media/documents/2024-10/Kenya-2024%20State%20of%20Devolution%20Address.pdf,Kenya's 2024 state of devolution address,,Not Enough Evidence
72,"As of 2023/24, Kenya has a total of 62,965 healthcare workers in public facilities across the 47 counties.",07-10-2024,Anne Waiguru,KE,https://web.archive.org/web/20241130002111/https://africacheck.org/sites/default/files/media/documents/2024-10/Kenya-2024%20State%20of%20Devolution%20Address.pdf,Kenya's 2024 state of devolution address,,Not Enough Evidence
73,"As of 2023/24, Kenya has a total of 37,614 healthcare workers in private facilities across the 47 counties.",07-10-2024,Anne Waiguru,KE,https://web.archive.org/web/20241130002111/https://africacheck.org/sites/default/files/media/documents/2024-10/Kenya-2024%20State%20of%20Devolution%20Address.pdf,Kenya's 2024 state of devolution address,,Not Enough Evidence
74,"The number of hospital beds across the 47 counties of Kenya increased by 4%, from 39,220 to 40,814",07-10-2024,Anne Waiguru,KE,https://web.archive.org/web/20241130002111/https://africacheck.org/sites/default/files/media/documents/2024-10/Kenya-2024%20State%20of%20Devolution%20Address.pdf,Kenya's 2024 state of devolution address,,Not Enough Evidence
75,"South Africa has a backlog of over 2,000 mining licences.",20-01-2024,Rise Mzansi party,ZA,https://web.archive.org/web/20240601154657/https://assets.website-files.com/6512abc58b1468c2e0784360/65ab627c5faa95ea313ab276_RISE%20Mzansi%20Manifesto%20%2B%20.pdf,Rise Mzansi party election manifesto,,Supported
76,"South Africa now spends more money paying interest on loans than on policing, health, infrastructure and other needs.",20-01-2024,Rise Mzansi party election manifesto,ZA,https://web.archive.org/web/20240601154657/https://assets.website-files.com/6512abc58b1468c2e0784360/65ab627c5faa95ea313ab276_RISE%20Mzansi%20Manifesto%20%2B%20.pdf,Rise Mzansi party,,Supported
77,Unemployment in South Africa is higher now than it was 20 years ago.,20-01-2024,Rise Mzansi party election manifesto,ZA,https://web.archive.org/web/20240601154657/https://assets.website-files.com/6512abc58b1468c2e0784360/65ab627c5faa95ea313ab276_RISE%20Mzansi%20Manifesto%20%2B%20.pdf,Rise Mzansi party,,Supported
78,"South Africa spends R2 billion a year on blue light brigades (the escort and protection services that accompany politicians,)",20-01-2024,Rise Mzansi party election manifesto,ZA,https://web.archive.org/web/20240601154657/https://assets.website-files.com/6512abc58b1468c2e0784360/65ab627c5faa95ea313ab276_RISE%20Mzansi%20Manifesto%20%2B%20.pdf,Rise Mzansi party,,Not Enough Evidence
79,Violent crime in South Africa is worse now than it was 20 years ago.,20-01-2024,Rise Mzansi party election manifesto,ZA,https://web.archive.org/web/20240601154657/https://assets.website-files.com/6512abc58b1468c2e0784360/65ab627c5faa95ea313ab276_RISE%20Mzansi%20Manifesto%20%2B%20.pdf,Rise Mzansi party,,Not Enough Evidence
80,"graphic shows Antarctic ice isn't melting, but growing",01-01-2023,UK Keep Britain United,AQ,https://archive.ph/518Ql#selection-405.0-405.22,Facebook user post,,Conflicting Evidence/Cherry-picking
81,U.K. government has blocked publication of COVID-19 vaccine illness and death statistics on the ONS website.,31-01-2021,@GeoffLiddy1,GB,https://x.com/GeoffLiddy1/status/1355825012347908096,X Formally Twitter) user post,,Not Enough Evidence
82,"As of 2023, over 37 million people had been forcefully displaced in Africa – that is 37 million people just last year.",21-03-2024,Musalia Mudavadi,KE,https://www.youtube.com/watch?v=UMy6LP8IQK8," Kenya's Grand Strategy in a Changing World - USIU, Nairobi",,Not Enough Evidence
83,The child support grant together with other forms of social assistance continues to be a lifeline for more than 26 million South Africans every month,08-02-2024,CYRIL RAMAPHOSA,ZA,https://web.archive.org/web/20240521085402/https://www.stateofthenation.gov.za/assets/downloads/SONA_2024_080224.pdf,2024 state of the nation address,,Not Enough Evidence
84,"Facebook users must post a statement on their profiles to bar Meta and its generative artificial intelligence (AI) models from using their “photos, information, messages or posts, past or future.”",01-09-2024,,US,,social media  user posts,,Refuted
85,"Through the Presidential Employment Stimulus,  (PES) more than 1.7 million work and livelihood opportunities have been created in South Africa",08-02-2024,STATE OF THE NATION ADDRESS BY PRESIDENT CYRIL RAMAPHOSA,ZA,https://web.archive.org/web/20240521085402/https://www.stateofthenation.gov.za/assets/downloads/SONA_2024_080224.pdf,CYRIL RAMAPHOSA,,Supported
86,79% of households in south Africa had internet access in 2022.,08-02-2024,STATE OF THE NATION ADDRESS BY PRESIDENT CYRIL RAMAPHOSA,ZA,https://web.archive.org/web/20240521085402/https://www.stateofthenation.gov.za/assets/downloads/SONA_2024_080224.pdf,CYRIL RAMAPHOSA,,Not Enough Evidence
87,Venus Williams forfeited a match against a transgender woman,01-01-2023,Flagg Eagleton,US,https://web.archive.org/web/20240425203040/https://archive.ph/bNJm1,America’s Last Line of Defense,,Supported
88,Trump said ''cereal costs $100 a pound'' at press conference,16-08-2024,@mynamehear,US,https://web.archive.org/web/20240903051557/https://archive.is/web/20240903051557/https://archive.is/QtbmU,"post on X, formerly Twitter",,Refuted
89,Joe Biden said he supports allowing kids to have ‘transgender surgery’ at town hall event,21-05-2024,snowflake_news2,US,https://www.instagram.com/p/C7P2SanuuFc/?utm_source=ig_embed&utm_campaign=embed_video_watch_again,Instagram user post,,Not Enough Evidence
90,The number of South Africans who are in employment has increased from 8 million in 1994.,08-02-2024,President Cyril Ramaphosa,ZA,https://web.archive.org/web/20240521085402/https://www.stateofthenation.gov.za/assets/downloads/SONA_2024_080224.pdf,STATE OF THE NATION ADDRESS,,Not Enough Evidence
91,South Africa's economy today is three times larger than what it was 30 years ago.,08-02-2024,President Cyril Ramaphosa,ZA,https://web.archive.org/web/20240521085402/https://www.stateofthenation.gov.za/assets/downloads/SONA_2024_080224.pdf,STATE OF THE NATION ADDRESS,,Not Enough Evidence
92,James Woods is leaving Hollywood to join Mel Gibson’s new non-woke film studio.,06-05-2024,Alex Robin,US,https://web.archive.org/web/20240607005343/https://archive.is/EUd7A,esspots.com,,Not Enough Evidence
93,the Pittsburgh Steelers joined the Kansas City Chiefs in announcing a boycott of Pride nights,09-09-2024,Alex Bruno,US,https://web.archive.org/web/20241119230319/https://spacexmania.com/steelers-follow-chiefs-in-boycotting-pride-nights-satanic-and-purely-woke-agenda/,SpaceXMania,,Not Enough Evidence
94,"Emily Hewertson Threw a milkshake at Nigel Farage On June 4, 2024 while he was campaigning in Clacton, England.",24-06-2024,@SALMAN_1562,GB,https://archive.is/pz1bs,X (Formally Twitter) user post,,Not Enough Evidence
95,"Khan Sir passed away on December 10, 2024",11-12-2024,murari_lal_9744,IN,,Instagram user post,,Not Enough Evidence
96,Khan Sir’ has been arrested,09-12-2024,Viral News Fb,IN,,Facebook user post,,Not Enough Evidence
97,"Less than half of all households had internet access in 2011, compared to 79% of households in 2022 in South Africa.",08-02-2024,President Cyril Ramaphosa,ZA,https://web.archive.org/web/20240521085402/https://www.stateofthenation.gov.za/assets/downloads/SONA_2024_080224.pdf,STATE OF THE NATION ADDRESS,,Supported
98,"The latest matric pass rate, at 82.9%, is the highest ever achieved in South Africa.",08-02-2024,President Cyril Ramaphosa,ZA,https://web.archive.org/web/20240521085402/https://www.stateofthenation.gov.za/assets/downloads/SONA_2024_080224.pdf,STATE OF THE NATION ADDRESS,,Not Enough Evidence
99,“Ondo state is being regarded as one of the safest and peaceful states in Nigeria.”,03-11-2024,Lucky Aiyedatiwa,NG,https://web.archive.org/web/20241201003922/https://www.youtube.com/live/ovBLOORdJ0c?si=HO0EzhOizo4RzNPy,Youtube,,Not Enough Evidence
100,Nearly every young person aged 15 to 24 years is literate in South Africa.,08-01-2024,President Cyril Ramaphosa,ZA,https://web.archive.org/web/20250114174540/https://www.youtube.com/watch?v=VKyXasgd0XM&t=614s,African National Congress (ANC) January 8th statement. ,,Refuted
101,“Ondo state is the second least of states with high debt profile.”,03-11-2024,Lucky Aiyedatiwa,NG,https://web.archive.org/web/20241201003922/https://www.youtube.com/live/ovBLOORdJ0c?si=HO0EzhOizo4RzNPy,Youtube,,Not Enough Evidence
102,“Adult literacy in South Africa is up from only 64% in 1996.,08-01-2024,President Cyril Ramaphosa,ZA,https://web.archive.org/web/20250114174540/https://www.youtube.com/watch?v=VKyXasgd0XM&t=614s,African National Congress (ANC) January 8th statement. ,,Supported
103,More than 5.8 million people in South Africa are on antiretroviral treatment,08-01-2024,President Cyril Ramaphosa,ZA,https://web.archive.org/web/20250114174540/https://www.youtube.com/watch?v=VKyXasgd0XM&t=614s,African National Congress (ANC) January 8th statement. ,,Supported
104,The economy of South Africa has expanded over the past 30 years.,08-01-2024,President Cyril Ramaphosa,ZA,https://web.archive.org/web/20250114174540/https://www.youtube.com/watch?v=VKyXasgd0XM&t=614s,African National Congress (ANC) January 8th statement. ,,Supported
105,The number of people with jobs in South Africa increased from 8 million in 1994 to 14 million in 2024.,18-07-2024,Mdumiseni Ntuli,ZA,https://web.archive.org/web/20240813151941/https://www.youtube.com/watch?v=lwfXGBxuaZo&t=432s, opening of parliament address on 18 July 2024,,Not Enough Evidence
106,"In 2023, the South African tourism sector grew by 49% compared to the previous year.",18-07-2024,Patricia de Lille,ZA,https://web.archive.org/web/20240813151941/https://www.youtube.com/watch?v=lwfXGBxuaZo&t=432s,opening of parliament address on 18 July 2024,,Not Enough Evidence
107,"Elon Musk backs Caitlin Clark, with $10 million endorsement",18-06-2024,SpaceX Fanclub,GB,https://www.facebook.com/SpaceX6683/posts/elon-musk-backs-caitlin-clark-offers-10-million-endorsement-i-support-you-caitli/1005066274957672/,Facebook user post,,Not Enough Evidence
108,The unemployment rate in South Africa is 42%.,18-07-2024,Pieter Groenewald,ZA,https://web.archive.org/web/20240813151941/https://www.youtube.com/watch?v=lwfXGBxuaZo&t=432s,opening of parliament address on 18 July 2024,,Refuted
109,"If elected, Nicole Shanahan will be the youngest vice president in American history.",26-03-2024,Nicole Shanahan,US,,,,Not Enough Evidence
110,Quaker Oats has announced Aunt Jemima products are to be brought back,04-11-2024,Alex Robin,US,https://web.archive.org/web/20241127230453/https://esspots.com/quaker-oats-bows-to-backlash-brings-back-aunt-jemima-aunt-jemima-is-back/,Esspots.com,,Refuted
111,"The National Development Plan (NDP) target was to reduce poverty from 39% by 2030 in South Africa, but poverty today is more than 50%.",18-07-2024,Julius Malema,ZA,https://web.archive.org/web/20240813151941/https://www.youtube.com/watch?v=lwfXGBxuaZo&t=432s,opening of parliament address on 18 July 2024,,Conflicting Evidence/Cherry-picking
112,More people live in poverty under Cyril Ramaphosa than in any other period in the past 30 years in South Africa.,18-07-2024,Julius Malema,ZA,https://web.archive.org/web/20240813151941/https://www.youtube.com/watch?v=lwfXGBxuaZo&t=432s,opening of parliament address on 18 July 2024,,Not Enough Evidence
113,"Indian National Congress didn't field any candidates in Arunachal Pradesh over fear of China, it will be a breach of the 2009 MoU signed between the Congress and the Chinese Communist Party.",06-04-2024,Ram Niwas Prasad Modikaparivar,IN,https://perma.cc/24NY-LL8H?type=image,Facebook,,Not Enough Evidence
114,Malaysia Airlines Flight MH370 returns after 10-year mystery.,28-07-2024,Best Legends,MY,https://archive.ph/hq0eT,Facebook,,Refuted
115,"Nationwide abortion rights protests in the U.S. on July 30th, 2024, required vaccination status checks.",29-07-2024,justsayyesnow,US,https://archive.org/details/7-30-2024-instagram-post-by-justsayyesnow,Instagram,,Not Enough Evidence
116,Defibrillators are being placed in phone boxes due to COVID-19 vaccine side effects.,27-04-2024,Lisa Jane Waters,GB,https://www.facebook.com/Lisa.Waters.7715/posts/pfbid02k6d248QTqxkkZEjZJgcCSQwcbZFqZthjiqGywzFyZCQcLeLn7Wt6t5Qtds6otUYKl,Facebook,,Refuted
117,Moon not being visible before or after eclipse proves 'it's not the moon blocking out the sun',08-04-2024,@vegastarr,US,https://x.com/vegastarr/status/1777161530330460256,X (Formally Twitter) user post,,Refuted
118,President Joe Biden was rushed to hospital unexpectedly.,02-03-2024,Benny Johnson,US,,Facebook,,Not Enough Evidence
119,President Vladimir Putin called World Economic Forum (WEF) founder Klaus Schwab a 'global terrorist'.,08-02-2024,communal.intelligence.agency,RU,https://web.archive.org/web/20240614005403/https://archive.is/web/20240614005403/https://archive.is/cFiuD#selection-127.0-127.28,Instagram,,Not Enough Evidence
120,CERN will start up April 8 to open a portal during the eclipse,01-04-2024,L.A. Marzulli Blog Link,US,https://www.facebook.com/LAMarzulliOfficial/posts/299750399818339/,Facebook user post,,Refuted
121,"A Nov. 5 ballot scanning error in Cambria County, Pennsylvania, shows ""the election steal is happening.",05-11-2024,@HustleBitch_,US,https://x.com/HustleBitch_/status/1853795691362951677,X user post,,Not Enough Evidence
122,"The population of Charleroi, Pennsylvania, has grown by 2,000% due to an influx in migrants.",13-09-2024,@DaveMcCormickPA,US,https://x.com/DaveMcCormickPA/status/1834613849774854498,X user post,,Refuted
123,Man in Russia sentenced to 14 years in prison for burning Quran,26-11-2024,global_momentum_,RU,https://www.documentcloud.org/documents/25419028-112724-threads-russia-sentence/,Threads user post,,Supported
124,Nairobi collected KSh12.8 billion of revenue in the last financial year.,16-09-2024,"Nairobi governor, Johnson Sakaja,",KE,https://web.archive.org/web/20240926090948/https://www.the-star.co.ke/news/2024-09-16-sakaja-bullish-on-his-scorecard-after-two-years-amid-criticism/,The Star newspaper,,Not Enough Evidence
125,Nairobi County only had four sources of water when Sakaja Johnson got into office.,16-09-2024,"Nairobi governor, Johnson Sakaja,",KE,https://web.archive.org/web/20240926090948/https://www.the-star.co.ke/news/2024-09-16-sakaja-bullish-on-his-scorecard-after-two-years-amid-criticism/,The Star newspaper,,Not Enough Evidence
126,The office of the governor of Nairobi was awarded the first International Finance Corporation World Bank edge (Excellence in Design for Greater Efficiencies) certification to be the first green government building in Africa.,16-09-2024,"Nairobi governor, Johnson Sakaja,",KE,https://web.archive.org/web/20240926090948/https://www.the-star.co.ke/news/2024-09-16-sakaja-bullish-on-his-scorecard-after-two-years-amid-criticism/,The Star newspaper,,Supported
127,Canada has banned President-elect Donald Trump from entering the country.,01-12-2024,occupydemocrats,US,https://www.threads.net/@occupydemocrats/post/DDDIFQBRqFE,Threads user post,,Refuted
128,"COVID spelled backward is 'divoc,' which in Hebrew means possession by an evil spirit.",22-01-2024,realistic.awarenes,US,https://archive.org/details/screenshot-2024-01-24-083749,Instagram user post,,Refuted
129,Applying tomato juice on the skin thrice a day for two months removes varicose veins.,24-03-2024,Top ideas tv,PH,,Facebook,,Not Enough Evidence
130,Walmart has announced starting June 3rd all locations in the U.S. will go back to 24hrs.,29-05-2024,Jay Marcel,US,https://web.archive.org/web/20240604033309/https://archive.is/QLMFo,Facebook,,Not Enough Evidence
131,Joe Biden opposing SAVE Act is cheating.,06-08-2024,lazer_the_conservative,US,https://archive.org/details/non-citizen-voting-legislation,Instagram,,Not Enough Evidence
132,Brittney Griner asked Angel Reese instead of Caitlin Clark to compete in the 3x3 Olympics.,24-06-2024,theotherplanet72,US,https://web.archive.org/web/20250116212007/https://www.threads.net/@theotherplanet72/post/C8k_Rg_ueCE?fbclid=IwZXh0bgNhZW0CMTAAAR3xGP-DdP-wHE3SXKs6J2EuHnnZpANvJtHJGSdI9l8os5ZaFsI3uuExVnU_aem_i8e7765QyIJ5Osdmu0OmGQ,Threads user post,,Not Enough Evidence
133,"Lancaster, Pennsylvania, has 180,000 registered Amish voters.",22-10-2024,absobullmastiffs,US,https://www.threads.net/@absobullmastiffs/post/DBcD8vBvSeF,Threads,,Refuted
134,Former U.S. President Donald Trump was found guilty in hush-money trial by a jury that was stacked with President Joe Biden voters.,01-01-2023,Tucker Carlson,US,https://archive.org/details/screenshot-2024-06-20-at-4.05.34-pm,Facebook,,Refuted
135,U.S. President Joe Biden said he’s running for president to 'reduce the prospect of war in Vietnam.',01-01-2023,@joeyMannarino,US,https://archive.org/details/6-20-24-instagram-post-biden-vietnam,Instagram,,Refuted
136,Lia Thomas announced their retirement from competitive swimming.,01-01-2023,The MatrixMinds,US,https://archive.is/VE1xV#selection-913.0-913.15,Facebook User post,,Not Enough Evidence
137,"Ondo State has employed 2,000 teachers in ten months.",03-11-2024,Lucky Aiyedatiwa,NG,https://web.archive.org/web/20241201003922/https://www.youtube.com/live/ovBLOORdJ0c?si=HO0EzhOizo4RzNPy,Youtube,,Not Enough Evidence
138,“Governor Ayedatiwa gets N1.2 billion as security votes monthly.”,03-11-2024,Agboola Ajayi,NG,https://web.archive.org/web/20241201003922/https://www.youtube.com/live/ovBLOORdJ0c?si=HO0EzhOizo4RzNPy,Youtube,,Not Enough Evidence
139,“The Ondo state governor drew more than 1.2 billion security votes in September 2024 in the week of the Edo election.”,03-11-2024,Agboola Ajayi,NG,https://web.archive.org/web/20241201003922/https://www.youtube.com/live/ovBLOORdJ0c?si=HO0EzhOizo4RzNPy,Youtube,,Not Enough Evidence
140,Aiyedatiwa was in the Niger Delta Development Commission for “two to three years”.,03-11-2024,Agboola Ajayi,NG,https://web.archive.org/web/20241201003922/https://www.youtube.com/live/ovBLOORdJ0c?si=HO0EzhOizo4RzNPy,Youtube,,Not Enough Evidence
141,Study shows that global warming is a hoax.,20-09-2024,In Blonde Theory,US,https://www.facebook.com/InBlondeTheory/posts/pfbid0HFhkpPbaBXQDy9oQyLtQeujC8Ua6PkBBw3zwvAYoySxEXFztAJKcYfrUuwLfSGLQl,Facebook,,Refuted
142,"NASCAR fined Black driver Rajah Caruth $100,000 for national anthem protest.",01-01-2023,Interesting Things,US,https://archive.is/HfUXJ,Facebook user post,,Not Enough Evidence
143,The Philadelphia Eagles placed posters showing they endorsed Vice President Kamala Harris.,02-09-2024,Realmybookie,US,https://archive.org/details/sept.-2-instagram-post-by-realmybookie,Instagram Post,,Refuted
144,"Video shows a 12-year-old girl who was gang-raped because of her lower caste and then abandoned in a jungle in Gujarat, India.",10-01-2024,,IN,,X (Formally Twitter) user post,,Not Enough Evidence
145,The government provided a helpline number for support of the Wakf (amendment) bill.,13-09-2024,Rajesh Rashtriya Sarvopari,IN,https://perma.cc/Z2QN-7BB2,Facebook User Post,,Not Enough Evidence
146,Kenya has been participating in UN peacekeeping in 47 countries over the last 40 years.,23-05-2024,Kenyan president william  Ruto,KE,https://web.archive.org/web/20240627160853/https://www.theeastafrican.co.ke/tea/news/east-africa/ruto-steps-up-defence-of-haiti-police-deployment-4634002,"news conference at the White House,",,Supported
147,10 million households in Kenya are connected to electricity.,23-05-2024,Kenyan president william Ruto,KE,https://web.archive.org/web/20240627160853/https://www.theeastafrican.co.ke/tea/news/east-africa/ruto-steps-up-defence-of-haiti-police-deployment-4634002,"news conference at the White House,",,Not Enough Evidence
148,"In 2013, there were 2.3 million households that were connected to electricity in Kenya.",23-05-2024,Kenyan president william  Ruto,KE,https://web.archive.org/web/20240627160853/https://www.theeastafrican.co.ke/tea/news/east-africa/ruto-steps-up-defence-of-haiti-police-deployment-4634002,"news conference at the White House,",,Not Enough Evidence
149,"Video show uniformed individuals opening a 500-year-old Torah manuscript found in the basement of Syrian President Bashar al-Assad’s residence in Damascus, Syria.",09-12-2024,let_my_people_know,SY,https://www.instagram.com/p/DDWWPRZRe6s/?utm_source=ig_web_copy_link&igsh=MzRlODBiNWFlZA%3D%3D,Instagram User Post,,Not Enough Evidence
150,“Ondo state has no single industrialisation and no single functional company.”,03-11-2024,Agboola Ajayi,NG,https://web.archive.org/web/20241201003922/https://www.youtube.com/live/ovBLOORdJ0c?si=HO0EzhOizo4RzNPy,Youtube,,Refuted
151,Giving water to babies under the age of six months can result in health risks.,12-06-2024,The health crib,US,https://perma.cc/2YEN-NF4N?type=image,Facebook,,Supported
152,"The everyday concerns of Americans are the economy — even young people that we work with at Young America's Foundation, our polling shows nationwide, their top issue for college students is the economy.",21-01-2024,Scott Walker,US,https://web.archive.org/web/20240124194923/https://www.wisn.com/article/upfront-recap-walker-says-new-hampshire-is-last-stand-for-haley-desantis-on-road-to-milwaukee/46474214,Upfront,,Not Enough Evidence
153,"Currently in South Africa, more than 45% of the seats in parliament are held by women.",08-01-2024,Cyril Ramaphosa,ZA,https://web.archive.org/web/20240620174655/https://www.anc1912.org.za/anc-january-8th-statement/,ANC,,Supported
154,85% of South African homes have access to electricity.,08-01-2024,Cyril Ramaphosa,ZA,https://web.archive.org/web/20240620174655/https://www.anc1912.org.za/anc-january-8th-statement/,ANC,,Supported
155,"Official CDC data: 143,233% surge in fatal cancers among covid 19 vaccinated Americans.",08-12-2023,,US,https://web.archive.org/web/20240129122952/https:/expose-news.com/2023/12/08/shocking-risein-cancer-cases-linked-to-c19-vaccinaion/,The Expose,,Refuted
156,Netflix lost 6 million subscribers within hours of co founder Reed Hastings announcing his donation to Vice President Kamala Harris’ presidential campaign.,26-07-2024,America's Last Line Of Defense,US,https://www.facebook.com/ALLODSatire/posts/pfbid02r8N18pYhZ4wV8j8MkstpQSjHEgpqi6L8NRYJKT2Npa8eJr7PPP95P2v2H1Vwxw47l,Facebook User Post,,Not Enough Evidence
157,Debt in the U.S. is invalidated if collector does not respond to verification letter in 30 days.,21-03-2024,Richard D Walker,US,https://archive.org/details/screenshot-2024-03-25-104905,Facebook user post,,Refuted
158,"Melquiades Robles, general manager of the Philippine Charity Sweepstakes Office (PCSO), was the actual winner of the recent 6/42 lotto draw.",01-01-2023,,PH,,Facebook user post,,Refuted
159,"The current Imam of Kaaba Sharif, Sheikh The Imam of Masjid al-Haram, Abdur Rahman Al Sudais, has recommended performing three special actions every day during the last ten days of Ramadan.",01-01-2023,,BD,https://archive.is/r70QA,Daily Bangladesh,,Not Enough Evidence
160,Nearly every young person aged 15 to 24 years in South Africa  is literate.,08-01-2024,Cyril Ramaphosa,ZA,https://web.archive.org/web/20240620174655/https://www.anc1912.org.za/anc-january-8th-statement/,ANC,,Refuted
161,Adult literacy in South Africa now stands at 85%.,08-01-2024,Cyril Ramaphosa,ZA,https://web.archive.org/web/20240620174655/https://www.anc1912.org.za/anc-january-8th-statement/,ANC,,Not Enough Evidence
162,Riley Gaines recently defeated Lia Thomas in an Olympic swimming qualifying race.,16-01-2024,DailyNews,US,https://web.archive.org/web/20240224092026/https://www.facebook.com/permalink.php?story_fbid=pfbid0iBcCrNHFWf5KRo7bDpA7LZLhMKr3Ui2gtxCEX6rc35UHFqzUZMd7tYrtFTrpEhF9l&id=61555306347057,Facebook User Post,,Refuted
163,More than 5.8 million people in South Africa are on antiretroviral treatment.,08-01-2024,Cyril Ramaphosa,ZA,https://web.archive.org/web/20240620174655/https://www.anc1912.org.za/anc-january-8th-statement/,ANC,,Supported
164,A tragic house fire in Jamaica claims the lives of Usain Bolt's wife and children.,05-07-2024,Abdul Semu,JM,https://archive.ph/CI8Gh,Facebook post,,Not Enough Evidence
165,PM Modi did not seek blessings from both of the Shankaracharya present at Anant Ambani’s wedding.,17-07-2024,सनातन धर्म,IN,https://www.facebook.com/hindu62/posts/1003782638070356/,Facebook User post,,Not Enough Evidence
166,Filipino boxer Carlo Paalam won a gold medal during the 2024 Paris Olympics.,19-03-2022,Showbizfinds,PH,,Facebook user post,,Not Enough Evidence
167,The incidence of tuberculosis in South Africa is continuing to come down.,08-01-2024,Cyril Ramaphosa,ZA,https://web.archive.org/web/20240620174655/https://www.anc1912.org.za/anc-january-8th-statement/,ANC,,Not Enough Evidence
168,The number of South Africans who are now in employment has increased from eight million when Ramaphosa got into office.,08-01-2024,Cyril Ramaphosa,ZA,https://web.archive.org/web/20240620174655/https://www.anc1912.org.za/anc-january-8th-statement/,ANC,,Not Enough Evidence
169,"Today, we have 16.7 million South Africans who are now employed.",08-01-2024,Cyril Ramaphosa,ZA,https://web.archive.org/web/20240620174655/https://www.anc1912.org.za/anc-january-8th-statement/,ANC,,Not Enough Evidence
170,The economy in South Africa has expanded over the past 30 years.,08-01-2024,Cyril Ramaphosa,ZA,https://web.archive.org/web/20240620174655/https://www.anc1912.org.za/anc-january-8th-statement/,ANC,,Supported
171,"Kenya has close to four-and-a-half million young people who are out of school, out of college with degrees, certificates, diplomas, without jobs.",29-06-2020,President William Ruto,KE,https://www.youtube.com/watch?v=sBivyw499GU,Citizen TV Kenya,,Not Enough Evidence
172,"Kenya raised, this year, KSh2.3 trillion from their taxes.",29-06-2020,President William Ruto,KE,https://www.youtube.com/watch?v=sBivyw499GU,Citizen TV Kenya,,Not Enough Evidence
173,The Supreme Court wanted to compel Congress to pass an anti-dynasty law.,12-07-2024,Franco Jose C. Baroña,PH,https://web.archive.org/web/20240717060510/https://www.manilatimes.net/2024/07/12/news/sc-wants-congress-to-pass-dynasty-law/1956608,The Manila Times,,Not Enough Evidence
174,Alex Jones fined $150 billion for warning about COVID-19 crimes.,31-08-2024,theofficertatum,US,https://www.threads.net/@theofficertatum/post/C_WNWkIyu1O,threads user post,,Refuted
175,"In a GMA news report by journalist Jessica Soho, cardiologist and online health personality Dr. Willie Ong endorses a hypertension cure.",01-01-2023,,PH,,Facebook,,Not Enough Evidence
176,"U.S. Secretary of Defense Lloyd Austin was allegedly killed in Kyiv on January 3, 2024, when Russian cruise missiles struck a command bunker where Austin and Lieutenant General Valerii Zaluzhnyi, commander in chief of the Ukrainian Army, met secretly.",07-01-2024,Micheal Baxter,US,https://archive.is/X2qmy,Real Raw News,,Not Enough Evidence
177,"Janet Yellen, treasury secretary of President Joe Biden’s Cabinet, resigns abruptly as of Nov. 24, 2024.",24-11-2024,ryanrobbins,US,https://www.documentcloud.org/documents/25417819-112624-instagram-yellen-1/,Instagram,,Not Enough Evidence
178,"Ivermectin is a treatment after Covid and after vaccination, it is an effective medicine in all phases of Covid 19.",10-12-2024,Will Bates,US,https://www.facebook.com/drwillcool/posts/pfbid02EafUfV6uPJWJd4wUiPFRtavh5aJmyMuwtZ8pEL24ohFnZAJQqkKbubd3GmZZJYwWl,Facebook,,Refuted
179,"We've had 20 million people pour across our border. They're taking jobs, they're taking housing. This is why nobody can afford housing anymore, because we're having to compete with people who have come in illegally.",08-10-2024,Kari Lake,US,,,,Not Enough Evidence
180,Kari Lake says she agrees with Ruth Bader Ginsburg. She said abortion should be a decision left to the states.,08-10-2024,Kari Lake,US,,,,Conflicting Evidence/Cherry-picking
181,"Right now, child care is more expensive than sending your kid to Arizona State University.",08-10-2024,Ruben Gallego,US,,,,Not Enough Evidence
182,President Joe Biden impeachment trial began in March 2024.,10-03-2024,Elchapucero USA Fans,US,https://archive.org/details/biden-impeachment,Facebook,,Refuted
183,"Ruben Gallego, Kamala Harris and the Democrats will decimate Social Security. They want to make it so that the age that you have to be to qualify to get your Social Security, they want to raise that.",08-10-2024,Kari Lake,US,,,,Not Enough Evidence
184,Lake is currently suing to be reinstated as governor.,08-10-2024,Ruben Gallego,US,,,,Not Enough Evidence
185,"President-elect Donald Trump posted on social media that, ""Recently, Melania took Baron, A GREAT GUITARIST, to see overrated, communist singer, Bruce Springstern NOT IMPRESSED!!!""",09-12-2024,@PopularLiberal,US,https://web.archive.org/web/20241220011953/https://x.com/PopularLiberal/status/1866235932656943256,X,,Not Enough Evidence
186,Georgia district attorney Fani Willis was disbarred.,21-03-2024,,US,,Facebook,,Refuted
187,"BJP, Congress offering ‘free phone recharge’ so that people can vote for them in the upcoming general elections.",25-10-2023,,IN,https://web.archive.org/web/20241228025826im_/https://lh7-us.googleusercontent.com/QMQrUgIcsYQ4wHUh0bgAMe27Z4iuXnSigeCNowSp97TY8_t0fhVvawXICzut3sK9sUAGvqE7kuXPxKxiW-rojAS65J9neqQx8JO6bKxJ8CAhmrKMCnTGmxuJAq1gC85AfjevQ8aAlfiZF6Wt-nMDoLc,whatsapp viral message,,Not Enough Evidence
188,"Assam Chief Minister Himanta Biswa Sarma stated that tennis player Sania Mirza's son should not be granted Indian citizenship, following her divorce from Pakistani cricketer Shoaib Malik.",21-01-2024,Pravin Makwana,IN,https://archive.ph/NHxZx,News 18,,Not Enough Evidence
189,Kelly Clarkson is promoting weight loss gummies and other diet products.,18-04-2024,Andrea KGB Lee,US,https://web.archive.org/web/20240424114950/https://archive.is/n6Pmy,facebook user post,,Not Enough Evidence
190,Mastercard and the United Nations are joining forces to launch a credit card that will monitor the carbon effect of your credit card purchases.,20-05-2024,garbaggio.conspiracy,US,https://www.instagram.com/reel/C7NFWblOeJQ/?ig_rid=2c6e87d9-1264-4c1b-ab03-0c02db2a0fad,Instagram user post,,Not Enough Evidence
191,The total projected revenue for budget implementation in the financial year 2023/24 amounted to KSh564.5 billion.,07-10-2024,Anne Waiguru,KE,https://web.archive.org/web/20241130002111/https://africacheck.org/sites/default/files/media/documents/2024-10/Kenya-2024%20State%20of%20Devolution%20Address.pdf,2024 state of devolution address,,Not Enough Evidence
192,Counties in kenya were allocated KSh203.48 billion or 36% of the total budget to development expenditure.,07-10-2024,Anne Waiguru,KE,https://web.archive.org/web/20241130002111/https://africacheck.org/sites/default/files/media/documents/2024-10/Kenya-2024%20State%20of%20Devolution%20Address.pdf,2024 state of devolution address,,Not Enough Evidence
193,Counties in Kenya were allocated KSh361.05 billion (64%) to recurrent expenditure.,07-10-2024,Anne Waiguru,KE,https://web.archive.org/web/20241130002111/https://africacheck.org/sites/default/files/media/documents/2024-10/Kenya-2024%20State%20of%20Devolution%20Address.pdf,2024 state of devolution address,,Not Enough Evidence
194,"County allocations “met the fiscal responsibility principle under the Public Finance Management Act, requiring the allocation of at least 30% of the budget to development expenditure",07-10-2024,Anne Waiguru,KE,https://web.archive.org/web/20241130002111/https://africacheck.org/sites/default/files/media/documents/2024-10/Kenya-2024%20State%20of%20Devolution%20Address.pdf,2024 state of devolution address,,Not Enough Evidence
195,"In the financial year 2023/24, county governments generated a total of KSh58.95 billion from their own-source revenue",07-10-2024,Anne Waiguru,KE,https://web.archive.org/web/20241130002111/https://africacheck.org/sites/default/files/media/documents/2024-10/Kenya-2024%20State%20of%20Devolution%20Address.pdf,2024 state of devolution address,,Not Enough Evidence
196,The current pupil-teacher ratio is 38:1,07-10-2024,Anne Waiguru,KE,https://web.archive.org/web/20241130002111/https://africacheck.org/sites/default/files/media/documents/2024-10/Kenya-2024%20State%20of%20Devolution%20Address.pdf,2024 state of devolution address,,Not Enough Evidence
197,The 38:1 pupil-to-teacher ratio “meets the acceptable standard,07-10-2024,Anne Waiguru,KE,https://web.archive.org/web/20241130002111/https://africacheck.org/sites/default/files/media/documents/2024-10/Kenya-2024%20State%20of%20Devolution%20Address.pdf,2024 state of devolution address,,Not Enough Evidence
198,Former President Donald Trump would “force states to monitor women's pregnancies.,29-10-2024,Kamala Harris,US,," remarks at the Ellipse in Washington, D.C",,Refuted
199,"county governments employ 48,895 pre-primary school teachers and private providers employ 25,662 pre-primary school teachers",07-10-2024,Anne Waiguru,KE,https://web.archive.org/web/20241130002111/https://africacheck.org/sites/default/files/media/documents/2024-10/Kenya-2024%20State%20of%20Devolution%20Address.pdf,2024 state of devolution address,,Not Enough Evidence
200,"In 2013, the debt stock of Kenya was KSh1.8 trillion.",29-06-2020,President William Ruto,KE,https://www.youtube.com/watch?v=sBivyw499GU,Citizen TV Kenya,,Not Enough Evidence
201,NFL told Green Bay Packers and Philadelphia Eagles they can't wear green in Brazil due to 'gangs',06-06-2024,nflrums,US,https://archive.org/details/screenshot-2024-06-13-125242,Threads user post,,Not Enough Evidence
202,"Elon Musk blocked Disney’s pride content on X, says 'WOKE' isn't for kids.",01-01-2023,morethanflagsandrainbows,,https://perma.cc/BF3H-UUU5,X,,Not Enough Evidence
203,"Anant Ambani endorses “get-rich-quick” crypto trading platform during multiple interviews, as reported by BBC.",01-01-2023,,GB,,BBC,,Not Enough Evidence
204,"As of 2023/24, Kenya has a total of 62,965 healthcare workers in public facilities and 37,614 in private facilities across the 47 counties",07-10-2024,Anne Waiguru,KE,https://web.archive.org/web/20241130002111/https://africacheck.org/sites/default/files/media/documents/2024-10/Kenya-2024%20State%20of%20Devolution%20Address.pdf,2024 state of devolution address,,Not Enough Evidence
205,"the number of hospital beds across the 47 kenyan counties increased by 4%, from 39,220 to 40,814 beds",07-10-2024,Anne Waiguru,KE,https://web.archive.org/web/20241130002111/https://africacheck.org/sites/default/files/media/documents/2024-10/Kenya-2024%20State%20of%20Devolution%20Address.pdf,2024 state of devolution address,,Supported
206,US Attorney Matthew Graves was arrested by Delta Force,20-01-2024,Michael Baxter,US,https://web.archive.org/web/20240121142043/https:/realrawnews.com/2024/01/delta-force-arrests-d-c-district-attorney-for-treason/,real raw news,,Refuted
207,Democrats can vote in Republican primary in New Hampshire,17-01-2024,Donald Trump,US,https://www.c-span.org/program/campaign-2024/donald-trump-campaigns-in-portsmouth-new-hampshire/637176," Jan. 17 speech in Portsmouth, New Hampshire",,Supported
208,Elon Musk is not a US citizen,29-11-2024,greenemachine1970,US,https://www.documentcloud.org/documents/25446460-112824-threads-post-by-greenemachine1970/,Threads user post,,Refuted
209,Bollywood actor Shreyas Talpade’s has passed way.,18-08-2024,Ryu Kabasake,IN,https://web.archive.org/web/20240828221149/https://www.facebook.com/rishabh.katariya.161/posts/pfbid0pTHfUTQ3Axhmp21Abqdv5TQpQg16ZgPAoe9MetYhMYvShGT2vUo1B6uAAiKwpsCKl,Facebook,,Not Enough Evidence
210,"Ghana’s former President John Mahama claims his political party, the National Democratic Congress (NDC) built all public universities in Ghana.",03-02-2024,@JoyNewsOnTV,GH,https://twitter.com/JoyNewsOnTV/status/1753800996289950139?ref_src=twsrc%5Etfw,X,,Refuted
211,Jason Aldean rejected $500 million deal to collaborate with Taylor Swift,12-09-2024,Alex Robin,US,https://web.archive.org/web/20240920174457/https://nthotnews.boonovel.com/jcunqv-cuquan123-7e5c157bf0dd,news edge,,Not Enough Evidence
212,U.S. Navy Judge Advocate General’s (JAG) Corps purportedly executed Federal Emergency Management Agency (FEMA) Director Deanne Criswell.,01-01-2023,,US,,Facebook user post,,Refuted
213,Former President Donald Trump is off the Nevada primary ballot because his team forgot paperwork.,10-01-2024,The Other 98%,US,https://www.facebook.com/100064860241186/posts/868797465292254,Facebook,,Not Enough Evidence
214,Jammu & Kashmir Bharatiya Janata Party (BJP) circular directs party workers to attend Engineer Rashid’s welcome rally.,10-09-2024,@JkyncM64770,IN,https://archive.ph/EeKxv,X,,Not Enough Evidence
215,Video shows Goldy Brar Shot dead in California by unknown people.,30-04-2024,@dragon_fairy7,US,https://web.archive.org/web/20240502044030/https://twitter.com/dragon_fairy7/status/1785711357691900010,X,,Not Enough Evidence
216,"The Bataan Nuclear Power Plant, Southeast Asia's first nuclear power plant, will now be opened.",05-03-2024,"ChikoyTV,",PH,,Youtube,,Not Enough Evidence
217,"Out of the 28 North Carolina counties destroyed by Hurricane Helene, 26 of them supported President Trump in the 2020 election … If you’re wondering why the government hasn’t helped these people, now you know why.",05-10-2024,isabellamdeluca,US,https://www.instagram.com/p/DAy0-uNSrtz/,Instagram,,Not Enough Evidence
218,Ruben Gallego Wants to  defund the police and co-sponsored legislation to defund them,22-10-2024,Kari Lake,US,https://www.youtube.com/watch?v=k0yU25oENuw,"speech at JD Vance 'MAGA' Rally in Peoria, Arizona (Oct 22, 2024)",,Not Enough Evidence
219,Ferdinand Marcos Jr. ordered the arrest of Rodrigo Duterte.,31-01-2024,Boss Balita TV,PH,,Youtube user upload,,Not Enough Evidence
220,No Western journalists have reached out to interview  Russian President Vladimir Putin.,06-02-2024,Tucker Carlson,US,https://www.facebook.com/tuckercarlsonTCN/posts/pfbid0MQ3mPEPm4qAzy3JZRhnXbSVreBbrbu2jrTnFRTTLNvh2U7R2soWPkLQSBqWvas9ol,Facebook post,,Not Enough Evidence
221,"It was Igor Kirillov who exposed the American biological laboratories in Ukraine that developed biological agents for selectively targeting people belonging to specific ethnic groups, including Slavs.""",18-12-2024,Russian Foreign Ministry spokeswoman Maria Zakharov,RU,,Russian Foreign Ministry,,Refuted
222,Famous actor Mithun Chakraborty has passed away.,14-02-2024,Behpurpushkar999,,https://www.facebook.com/reel/1398159000802146,Facebook user post,,Not Enough Evidence
223,The International Criminal Court (ICC) failed to complete the probe into extrajudicial killings within the one-year timeframe when it still had jurisdiction over the Philippines.,01-01-2023,Salvador Medialdea,PH,,,,Not Enough Evidence
224,Democrats can vote in the 2024 New Hampshire Republican primary election.,01-01-2023,Donald Trump,US,,X (Formerly Twitter) ,,Refuted
225,Michigan has more registered voters than eligible citizens. This creates a huge risk of election fraud.,19-10-2024,@amuse,US,https://archive.ph/Aw2in,Twitter,,Refuted
226,The absence of the presidential seal on President Joe Biden’s letter announcing his exit from the presidential race proves this wasn’t Biden’s choice.,21-07-2024,Mike Crispi,US,https://archive.is/z7Dm6,Twitter,,Not Enough Evidence
227,The Earth is flat because we never see shooting stars coming from the bottom up.,23-06-2024,funniest_flat_earther,US,https://www.instagram.com/reel/C8m4nlLuvq1/?igsh=MW81Z2pzODZqNXYwYg%3D%3D,Instagram,,Refuted
228,Wisconsin Senate race was 'stolen' via late-night 'ballot dump',12-11-2024,Arron Bacon,US,https://www.documentcloud.org/documents/25290038-111124-facebook-post-by-betty-jane/,Facebook post,,Not Enough Evidence
229,"WEF panellist Hubert Keller sought to ban coffee due to CO2 after travelling in a private plane and helicopter to get to the World Economic Forum's annual meeting in Davos, Switzerland.",29-01-2024,awakenwithjp,,https://www.instagram.com/p/C2sTOmzqfO2/,Instagram,,Not Enough Evidence
230,Lindsey Graham announced he wouldn’t confirm Matt Gaetz as attorney general,14-11-2024,Log Home Mom,US,https://mvau.lt/media/67029631-6aa5-41b7-b5cd-5a785da0a791,Facebook user post,,Not Enough Evidence
231,Tiger Woods said Kamala Harris has a ‘fake black accent’,02-09-2024,chriswrightinny,US,https://www.threads.net/@chriswrightinny/post/C_dZhNUPTOU,Threads user post,,Not Enough Evidence
232,Four federal agencies donated to Kamala Harris' campaign,27-08-2024,UnapologeticallySouthern,US,https://web.archive.org/web/20240914045056/https://ghostarchive.org/iarchive/instagram/conservative.ig/3444115991519975375,TikTok user post,,Not Enough Evidence
233,"New IRCTC Rule, Booking Train Tickets for Friends Could Cost You ₹10,000 or Jail.",24-06-2024,cine_muchatlu,IN,https://www.instagram.com/p/C8leC8aN269/,Instagram,,Not Enough Evidence
234,Three rockets NASA is launching during the April 8 solar eclipse is a ritual causing mass psychosis.,28-03-2024,herecomestroublexo,US,https://web.archive.org/web/20240413220458/https://archive.is/OcH8k,Instagram,,Refuted
235,The temple being built in Vrindavan at a cost of Rs 500 crore.,07-01-2024,lmp352,IN,https://www.instagram.com/reel/C1yn5GjsrYz/?utm_source=ig_embed&ig_rid=da2709ba-22a7-4762-aa1e-9246bf591d8d,Instagram,,Not Enough Evidence
236,CO2 level in the Earth’s atmosphere today is identical to that of 150 years ago.,08-05-2024,Shari Elaine,GB,https://perma.cc/9JM4-7V3Z,Facebook,,Refuted
237,Florida was charging tolls on Hurricane Milton evacuation routes as of Oct. 8.,08-10-2024,@lllliatttt,US,https://archive.org/details/10-8-2024-x-post-by-lllliatttt,Twitter,,Not Enough Evidence
238,"Oprah's private jet visited Epstein island 11 times, students at her school were kidnapped.",03-01-2024,,US,https://web.archive.org/web/20240923051201/https://ghostarchive.org/iarchive/instagram/bethdur/3272581324765282262,Instagram,,Not Enough Evidence
239,"A Texas Chicken farm was intentionally set on fire, killing12 million birds.",31-01-2024,productunknown_,US,https://www.instagram.com/reel/C2wsbx2N6fD/,Instagram user post,,Not Enough Evidence
240,Tim Walz  did not coach a high school football team to state championship,12-08-2024,jeannine porter warren,US,https://archive.org/details/screenshot-2024-08-14-092121,Facebook user post,,Supported
241,Elon Musk banned Taylor Swift’s X account.,24-09-2024,Garden Glory Days,US,https://web.archive.org/web/20240927202427/https://archive.is/zj4ap#selection-890.0-911.17,Facebook,,Refuted
242,Vice President Kamala Harris was put in charge of the border.,20-07-2024,donaldjtrumpjr,US,https://ia803202.us.archive.org/7/items/072224-harrisborder/072224_HARRISBORDER.png,Instagram,,Refuted
243,Vice President Kamala Harris said she will shut down X if elected.,01-09-2024,derekanddakota,US,https://archive.org/details/9324-instagram-kamala-musk-x,Instagram,,Not Enough Evidence
244,For ten years that [KSh1.8 trillion in debt stock in Kenya] increased five times to KSh11 trillion or KSh10-point-something trillion.,29-06-2020,President William Ruto,KE,https://www.youtube.com/watch?v=sBivyw499GU,Citizen TV Kenya,,Not Enough Evidence
245,Kenya imports potatoes from Europe.,29-06-2020,President William Ruto,KE,https://www.youtube.com/watch?v=sBivyw499GU,Citizen TV Kenya,,Supported
246,"President Ruto told the people of Kenya that he would reduce the prices of fertiliser from KSh7,000 to KSh2,500.",29-06-2020,President William Ruto,KE,https://www.youtube.com/watch?v=sBivyw499GU,Citizen TV Kenya,,Not Enough Evidence
247,"Kansas City Chiefs kicker Harrison Butker said commencement speech comments were ""taken out of context.""",15-05-2024,Ann Brock,US,https://archive.is/OQpXc/image,Facebook,,Not Enough Evidence
248,In Kenya the price of unga (maize flour) has come down from KSh240.,29-06-2020,President William Ruto,KE,https://www.youtube.com/watch?v=sBivyw499GU,Citizen TV Kenya,,Not Enough Evidence
249,The price of maize flour in Kenya is at KSh100.,29-06-2020,President William Ruto,KE,https://www.youtube.com/watch?v=sBivyw499GU,Citizen TV Kenya,,Not Enough Evidence
250,Video shows a Foot bath can remove  parasites from your body,01-02-2024,natalienegrotti,US,https://archive.ph/3WwLG,TikTok user post,,Refuted
251,"Video shows Marianne Bachmeier, a brave German woman, who shot the rapist of her 7-year-old innocent daughter in court.",18-08-2024,@AdvShivanee,IN,https://x.com/AdvShivanee/status/1825407978255872035,X,,Supported
252,Tunisian player Youssef beats Israeli player with a single kick at Paris Olympics.,04-08-2024,Aamir Singaria,IN,https://web.archive.org/web/20240808103410/https://www.facebook.com/AamirSingarya/posts/1160376908376592/,Facebook,,Not Enough Evidence
253,Linguist and activist Noam Chomsky Noam Chomsky died in June 2024.,17-06-2024,korarimallc,US,https://www.threads.net/@korarimallc/post/C8Xlvvqyvkx?fbclid=IwZXh0bgNhZW0CMTAAAR3DTpiA7VuADmMzOvFPGzs-jegZKig9YxtfwtXWrTUidDVLrrMRGZq97eE_aem_ZmFrZWR1bW15MTZieXRlcw,Threads,,Refuted
254,"Former President Donald Trump wore Proud Boy gang colors Oct. 27, 2024, at Madison Square Garden.",27-10-2024,warriordw2,US,https://archive.is/SBGrE,Instagram,,Not Enough Evidence
255,Congress leader and Karnataka deputy CM DK Shivakumar meets with TDP boss N Chandrababu Naidu at an airport to switch sides to the INDIA bloc and support Rahul Gandhi as the prime minister of India.,04-06-2024,Radha Avinash,IN,https://web.archive.org/web/20240606083800/https://archive.ph/qUMkq,X,,Not Enough Evidence
256,Video shows Ustad Zakir Hussain playing the tabla along with Nusrat Fateh Ali Khan.,15-12-2024,Sherlock Ohms,IN,https://x.com/Wanmohnev/status/1868329241462653313,Twitter,,Not Enough Evidence
257,There are technology and medical advancements today that can tell you if you are pregnant the day after conception.,22-01-2024,Amanda Nedweski,US,,Wisconsin Assembly,,Refuted
258,A White House spokesperson said there have been no civilian deaths in Gaza.,28-01-2024,Walking the Breadline,US,https://www.facebook.com/walkingthebreadline/posts/3492884890949449/,Facebook,,Conflicting Evidence/Cherry-picking
259,COVID-19 deaths in the US were over 1 million under Donald Trump's presidency.,10-09-2024,realdlhughley,US,https://www.threads.net/@realdlhughley/post/C_vYNuUPnxx,Theads user post,,Supported
260,"pregnant elephant was “fed” explosive laden pineapple and died in village of Malappuram , India.",05-08-2024,@Robertdowneysen,IN,https://web.archive.org/web/20240807055324/https://x.com/Robertdowneysen/status/1820334591468527807,X (Formally Twitter) user post,,Not Enough Evidence
261,The village of Malappuram in India has been destroyed in a landslide.,05-08-2024,@Robertdowneysen,IN,https://web.archive.org/web/20240807055324/https://x.com/Robertdowneysen/status/1820334591468527807,X (Formally Twitter) user post,,Not Enough Evidence
262,Video shows rape survivor flogged in public under Sharia law.,21-10-2024,Francisco Zappi,IN,https://archive.is/6Zt6K,Twitter,,Not Enough Evidence
263,Fox News didn't report on Trump's guilty verdict in hush money case,30-05-2024,drgrayfang,US,https://archive.org/details/annotation-2024-05-31-093859,Instagram user post,,Not Enough Evidence
264,Former President Donald told Time Magazine he’d force government monitoring on ‘every pregnant woman’ if elected in 2024.,01-05-2024,Occupy Democrats,US,https://web.archive.org/web/20240918183922/https://www.facebook.com/100066647494924/posts/866895288875380,Facebook,,Refuted
265,"NBA star Michael Jordan rejects a $400 million Disney offer, stating, ""I do not collaborate with companies aligned with woke ideologies.""",06-01-2024,Alex Robin,US,https://web.archive.org/web/20240809090732/https://archive.is/3b23T,essports,,Not Enough Evidence
266,The Indian PM Narendra Modi was the only one among the world leaders invited by the Pope to attend a special meeting at the G7 summit in Italy.,19-06-2024,@ragiing_bull,IT,https://web.archive.org/web/20240720071040/https://ghostarchive.org/archive/cZCSX,X,,Refuted
267,"The New York civil fraud judgment against former President Donald Trump and a plan to seize Trump-owned property “is simply a 'taking.' Much like what is done in communist countries.""",22-03-2024,@realDonaldTrump,US,https://web.archive.org/web/20240613134600/https://truthsocial.com/@realDonaldTrump/posts/112137789568182401,truthsocial,,Refuted
268,President Joe Biden replaced Easter Sunday with Transgender Day of Visibility.,31-03-2024,bibliatodonoticias,US,https://archive.org/details/easter_20240402,Instagram,,Refuted
269,Philippines President Ferdinand Marcos Jr. declared war against China.,31-03-2024,Boss Balita TV,PH,,YouTube,,Refuted
270,"The National People’s Power (NPP) won 173 seats in the 2024 General Election, including 20 seats from the National list.",15-11-2024,Chinthana Dishan,LK,https://tinyurl.com/22rrf7yt,Facebook,,Not Enough Evidence
271,There is a growing trend' of transgender and nonbinary committing mass shootings,12-02-2024,Libs Of TikTok,US,https://ghostarchive.org/iarchive/instagram/mediaresearchcenter/3301285891530943234,Instagram user post,,Not Enough Evidence
272,"Migrants attempted to hijack 2 buses full of kids in San Diego, California.",29-08-2024,chicksonright,US,https://archive.org/details/83024-instagram-migrants-buses,Instagram user post,,Not Enough Evidence
273,"NATO Secretary General Mark Rutte said that ‘'if Trump surrenders Ukraine to Putin, he will personally expel the United States from the alliance''",10-11-2024,nya360,US,https://www.threads.net/@nya360_/post/DCNIHV2yNc0?fbclid=IwY2xjawGgpNJleHRuA2FlbQIxMAABHWY-4MfpEJR60TcRKx6bybwIOfOnU9IUPFYr1Rn1xVJatHMFx0qdDYvNLQ_aem_nAY_kLKjeScs5uZ5CQaatw,Threads user post,,Not Enough Evidence
274,Counties in Kenya allocated KSh203.48 billion or 36% of the total budget to development expenditure.,07-10-2024,Anne Waiguru,KE,https://web.archive.org/web/20241130002111/https://africacheck.org/sites/default/files/media/documents/2024-10/Kenya-2024%20State%20of%20Devolution%20Address.pdf,ANNUAL STATE OF DEVOLUTION ADDRESS BY H.E. ANNE WAIGURU,,Not Enough Evidence
275,"County allocations “met the fiscal responsibility principle under the Public Finance Management Act, requiring the allocation of at least 30% of the budget to development expenditure",07-10-2024,ANNE WAIGURU,KE,https://web.archive.org/web/20241130002111/https://africacheck.org/sites/default/files/media/documents/2024-10/Kenya-2024%20State%20of%20Devolution%20Address.pdf,ANNUAL STATE OF DEVOLUTION ADDRESS BY H.E. ANNE WAIGURU,,Not Enough Evidence
276,Kenya will actually be the only country in Africa that will benefit from the Chips Act.,29-06-2020,President William Ruto,KE,https://www.youtube.com/watch?v=sBivyw499GU,Citizen TV Kenya,,Not Enough Evidence
277,Kenyan public universities had a debt of KSh60 billion.,29-06-2020,President William Ruto,KE,https://www.youtube.com/watch?v=sBivyw499GU,Citizen TV Kenya,,Not Enough Evidence
278,President Ruto enhanced the budget for universities by KSh40 billion.,29-06-2020,President William Ruto,KE,https://www.youtube.com/watch?v=sBivyw499GU,Citizen TV Kenya,,Not Enough Evidence
279,Inflation in Kenya is now 4.6%. when President Ruto came into office it was 9% inflation coming from food products.,29-06-2020,President William Ruto,KE,https://www.youtube.com/watch?v=sBivyw499GU,Citizen TV Kenya,,Not Enough Evidence
280,"When President Ruto came into office, the judiciary was getting KSh18 billion, today they are getting KSh25 billion.",29-06-2020,President William Ruto,KE,https://www.youtube.com/watch?v=sBivyw499GU,Citizen TV Kenya,,Not Enough Evidence
281,Kenya are paying 46% of their revenues for salaries and wages when the legally …established space should be 35%.,29-06-2020,President William Ruto,KE,https://www.youtube.com/watch?v=sBivyw499GU,Citizen TV Kenya,,Supported
282,UN agency put black a ribbon on their X profile photo to mourn death of Yahya Sinwar,17-10-2024,@persianjewess,GB,https://www.documentcloud.org/documents/25238219-10-17-2024-instagram-post-by-thepersianjewess/,Instagram user post,,Not Enough Evidence
283,"NEXRAD, doppler radar and HAARP were used to control path of Hurricane Helene",27-09-2024,somethings_up_in_pa,US,https://ghostarchive.org/archive/tauJp,Instagram user post,,Refuted
284,It’s a sign of war that the U.S. Navy is assisting the U.S. Coast Guard in cleaning up Baltimore’s Francis Scott Key Bridge site.,01-04-2024,RattleTrap 1776 Nation,US,https://www.facebook.com/rattletrap1776/posts/pfbid023aQTsV7xwyGj7XR7qatPT7ndzMjBR3Cio34QdyP64mFfDSWe6pd4sDjiqrzkFnibl,Facebook user post,,Not Enough Evidence
285,Video shows American actress Candice King condemning Rafah massacre.,Invalid Date: 2025-05-27T20:42:06.000Z,,US,https://web.archive.org/web/20240531034315/https://ghostarchive.org/iarchive/instagram/candy_and_the_kings/3376975990416346081,Facebook,,Not Enough Evidence
286,"The crowd chanted “Modi, Modi”—a reference to Indian Prime Minister Narendra Modi—during Trump’s speech.",06-11-2024,Kreately.in,IN,https://perma.cc/5QKF-RRVA,Twitter,,Supported
287,United States Navy Judge Advocate General's Corps (JAG) executed Arati Prabhakar on February 27.,02-03-2024,Michael Moxon,US,https://ghostarchive.org/archive/HtmIo,Facebook,,Refuted
288,Elon Musk fires entire cast of The View after acquiring ABC.,19-05-2024,Tips and Recipes,US,https://www.facebook.com/permalink.php?story_fbid=pfbid02JF55FayBRyfjBoLRS18vWm1hc3SVb7TgvtWstJYsHCY9DFadzKaAkhZCLUrEkPg4l&id=61559819726509,Facebook,,Refuted
289,"The government will impose 18% GST on good morning messages from April 1, 2024.",23-03-2024,Pages of my mind.,IN,https://www.facebook.com/hchelat/posts/430440386024251/,Facebook,,Refuted
290,"Over 40% of South Africans, or almost 12 million jobseekers, cannot find work.",01-01-2023,ActionSA,ZA,,,,Not Enough Evidence
291,"Over 42% of black South Africans were unemployed in the first three months of 2023, while the jobless rate is only 7.5% among white people.",01-01-2023,uMkhonto weSizwe (MK) Party,ZA,,,,Supported
292,The number of matriculants in South Africa completing their schooling with a bachelor’s pass is on the rise.,01-01-2023,ActionSA,ZA,,,,Not Enough Evidence
293,Video shows US presidential candidate Kamala Harris stating that she will shut down X.,30-08-2024,Clown World,US,https://archive.is/NQXHM,Twitter,,Not Enough Evidence
294,NYPD said majority of protestors arrested April 30 at Columbia weren't students.,01-05-2024,Tim Pool,US,https://archive.org/details/screenshot-394,Facebook,,Supported
295,Andy Reid vowed to leave Kansas City Chiefs if team releases Harrison Butker.,18-05-2024,VibeVerse,US,https://archive.org/details/screenshot-2024-05-20-102331,Facebook,,Not Enough Evidence
296,Univision accidentally shows that Vice President Kamala Harris is reading from a teleprompter live on air.,09-10-2024,wakeupwithlinda,US,https://archive.is/hIw2n#selection-479.0-479.15,Instagram,,Not Enough Evidence
297,Police shot a potential gunman outside the Republican National Convention on July 15 in Milwaukee,16-07-2024,@jacksonhinkle,US,https://archive.org/details/annotation-2024-07-17-153600,Instagram user post,,Not Enough Evidence
298,Taylor Swift’s concert tickets” fell to $75 after she endorsed Kamala Harris,04-10-2024,Soul Alchemy,US,https://web.archive.org/web/20241206065020/https://archive.ph/a1AYV,Facebook user post,,Not Enough Evidence
299,Trump created the greatest economy in history for workers.,16-07-2024,JD Vance,US,,Republican National Convention,,Conflicting Evidence/Cherry-picking
300,"Here's the problem, Donald Trump is being prosecuted for exactly the same act that Joe Biden committed.",12-03-2024,"Rep. Tom McClintock, R-Calif.",US,,,,Not Enough Evidence
301,A curfew has been imposed in Islamabad.,09-02-2024,News Globe,PK,https://web.archive.org/web/20240210104443/https://www.facebook.com/plugins/post.php?href=https%3A%2F%2Fwww.facebook.com%2Fnewsglobeofficial%2Fposts%2Fpfbid06WXQRCyz8PDSGcKABfuPK2L3w9F5r4D4SkavBy2vWWMRdzaVfeCMoaHVeg6PocqUl&show_text=true&width=500,Facebook,,Not Enough Evidence
302,Rishi Sunak has welcomed more migrants in just two years than arrived between 1066 and 2010.,24-05-2024,Richard Tice,GB,https://archive.ph/lf2GN,Twitter,,Not Enough Evidence
303,"Henry Ford is responsible for the 8-hour workday, 40-hour work week, and a living wage.",04-09-2024,Jeremy Forrester,US,https://www.facebook.com/jforrester3/posts/pfbid02yqVbaBXrzXbFSjgPDcN98Ag1fAnGBEieEQoL7hvKfpNt58B18yHfcsouCarXUn6sl,Facebook,,Refuted
304,in the last 16 months Nigeria's government have paid back the inherited forex backlog of $7 billion,01-10-2024,Nigeria’s president Bola Tinubu,NG,https://web.archive.org/web/20241004051241/https://www.youtube.com/watch?v=vBj9WPKd2Bw,speech to mark the 64th anniversary of Nigeria's independence.,,Not Enough Evidence
305,Young people constitute more than 60% of the Nigerian population.”,01-10-2024,Nigeria’s president Bola Tinubu,NG,https://web.archive.org/web/20241004051241/https://www.youtube.com/watch?v=vBj9WPKd2Bw,speech to mark the 64th anniversary of Nigeria's independence.,,Supported
306,"Half of Kenyas Debt is to foreign creditors, and half is to domestic creditors",22-08-2024,John Mbadi,KE,https://web.archive.org/web/20240922151621/https://www.youtube.com/watch?v=WwFaZETFFac,Citizen TV interview,,Not Enough Evidence
307,Smallpox was never eradicated and is being held in check by vaccines.,15-11-2024,Occupy Democrats,US,https://www.facebook.com/OccupyDemocrats/posts/pfbid02uvA3jibuthvFRMj7DRUnPF6J7kUgCR6SwgnymhsJpUD3Zh3nVGak7Ne85joQkM4Sl,Facebook,,__INVALID__
308,Nairobi county has pending bills of KSh107 billion.,16-09-2024,"Nairobi governor, Johnson Sakaja",KE,https://web.archive.org/web/20240926090948/https://www.the-star.co.ke/news/2024-09-16-sakaja-bullish-on-his-scorecard-after-two-years-amid-criticism/,interview in Kenyan newspaper the Star,,__INVALID__
309,The office of the governor of Nairobi was awarded the first International Finance Corporation World Bank edge (Excellence in Design for Greater Efficiencies) certification to be the first green government building in Africa.”,16-09-2024,"Nairobi governor, Johnson Sakaja",KE,https://web.archive.org/web/20240926090948/https://www.the-star.co.ke/news/2024-09-16-sakaja-bullish-on-his-scorecard-after-two-years-amid-criticism/,interview in Kenyan newspaper the Star,,Supported
310,Lok Sabha Speaker Om Birla's daughter Anjali Birla has married a Muslim man.,16-11-2024,Indraj Bhamboo,IN,https://perma.cc/B863-P9ZS,Facebook ,,Not Enough Evidence
311,Between 2013 and 2023 the total public debt grew almost five times to $69 billion.,16-01-2024,Alfred Onyango,KE,https://web.archive.org/web/20240221155911/https://www.the-star.co.ke/business/kenya/2024-01-16-debt-burden-weak-reserves-to-hurt-shilling-longer-report/,Kenya Star,,Not Enough Evidence
312,The shilling has lost over 27% of its value since president William Ruto took over power.,16-01-2024,Japhet Ruto,KE,https://web.archive.org/web/20241227124640/https://www.tuko.co.ke/business-economy/534570-kenyan-shilling-crosses-ksh-160-mark-dollar-cbk-official-rate/,Tuko,,Not Enough Evidence
313,Kenya has an estimated population of 40 million.,16-01-2024,Abdallah Shuaib,KE,https://web.archive.org/web/20240317010148/https://nation.africa/kenya/blogs-opinion/blogs/improve-youth-health-initiatives-4492866,Nation.Africa,,Supported
314,45% of the Kenyan population is below 15 years.,16-01-2024,Abdallah Shuaib,KE,https://web.archive.org/web/20240317010148/https://nation.africa/kenya/blogs-opinion/blogs/improve-youth-health-initiatives-4492866,Nation.Africa,,Supported
315,Infosys was recently fined Rs. 283 crore ($34 million) in the United States for alleged visa fraud.,02-12-2024,Barely Opinionated,US,https://www.facebook.com/BarelyOpinionated/posts/pfbid0vSXWKz7SCYCv5PF4FwbA2r5LdQkaofFNXVckQJ8WWeY5EnUtr1Mn4c2tRj9FzdJSl,Facebook,,Not Enough Evidence
316,FDA admits that young children are at a significantly elevated risk of seizure after taking the COVID-19 vaccine.,24-03-2024,Ben Kew,US,,Gateway Pundit,,Not Enough Evidence
317,A Solar superstorm caused communications shutdown in Australia,27-02-2024,Sa Iyong Araw,AU,,Facebook,,Not Enough Evidence
318,Tucker Carlson has done an interview with Bashar Al-Assad.,12-12-2024,Record GBA,US,https://perma.cc/9LQY-G3BS,Twitter,,Supported
319,"Former U.S. President Donald Trump was only shot with a BB gun, in the assassination attempt in Pennsylvania, in which a spectator was killed and 2 others injured.",14-01-2024,@Hugo_Kendiss,US,https://web.archive.org/web/20240719201505/https://x.com/Hugo_Kendiss/status/1812261164182634764,X (Formally Twitter) user post,,Refuted
320,Indonesia announced it will send troops to protect Palestinians from Israel.,03-06-2024,patty_paine,IL,https://archive.org/details/annotation-2024-06-14-131834,Instagram user post,,Not Enough Evidence
321,Senator Imee Marcos has resigned from the Senate.,27-05-2024,BANAT KAPANIG TV,PH,https://web.archive.org/web/20240528070501/https://www.youtube.com/watch?v=g5lfR7dGyck,Youtube,,Not Enough Evidence
322,"COVID-19, polio, and HIV are viruses that have never been proven to exist.",11-02-2024,cultivateelevate,US,https://web.archive.org/web/20240225021313/https://www.instagram.com/reel/C3N62Jlg_VX/?utm_source=ig_embed&ig_rid=35ac4687-cc82-4aa5-be9b-c7242445675d,Instagram,,Refuted
323,"Russian President Vladimir Putin called the founder of the World Economic Forum (WEF), Klaus Schwab, a ""globalist terrorist.""",07-02-2024,@jacksonhinklle,RU,https://perma.cc/2WPR-AQ9Y,X (Formerly Twitter) ,,Not Enough Evidence
324,Images show Katy Perry at the 2024 Met Gala.,06-05-2024,Carlos Marrero,US,https://archive.ph/A0rjZ,Facebook,,Not Enough Evidence
325,Minnesota Gov. Tim Walz forced schools to stock tampons in boys bathrooms.,06-08-2024,Jesse Watters,US,https://archive.org/details/FOXNEWSW_20240807_050000_Jesse_Watters_Primetime/start/434/end/449.5,Fox News,,Refuted
326,Gas (fuel) prices have dropped by an average of $4 across red states in the wake of President-elect Donald Trump’s recent election victory.,07-11-2024,Alex Robin,US,https://archive.is/f6grU#selection-461.33-461.149,esspots.com,,Not Enough Evidence
327,New $40K AIDS cure is nearly 100% effective and requires two shots yearly.,03-12-2024,anticlout.teej,US,https://archive.ph/LAbhm,Instagram user post,,Not Enough Evidence
328,The Bill & Melinda Gates Foundation said math lessons are 'racist'.,09-04-2024,Tom MacDonald,US,https://www.facebook.com/reel/2348162245379360,Facebook ,,Not Enough Evidence
329,Images of Brazilian Sugarloaf Mountain show global sea levels haven't risen since 1880.,31-05-2023,Geoff Greening,BR,https://web.archive.org/web/20240610013246/https://archive.org/details/screenshot-6-5-24-facebook-geoff-greening-5-31-24,Facebook,,Refuted
330,The United States has ordered the total evacuation of all US citizens from Lebanon.,27-07-2024,Monty F Stamps,US,https://web.archive.org/web/20240801051228/https://www.facebook.com/monty.stamps/posts/pfbid02RmJ1tyK14SD3gUuL7PzP7xv9jPDvkYaGrtyDDz3yWbFBQgLeZsn2ZMv6UC1W9ECzl,Facebook,,Not Enough Evidence
331,Pride flags are banned from the FIFA World Cup 2025.,15-11-2024,Alex Bruno,GB,https://web.archive.org/web/20241226174641/https://spacexmania.com/mls-stadium-issues-permanent-ban-on-pride-flags-for-fifa-club-world-cup-2025/,SpaceXMania,,Not Enough Evidence
332,"Video shows CPI(M) leader Subhashini Ali praising PM Modi, and criticising Rahul Gandhi.",03-05-2024,Sanjay Mungekar,IN,https://web.archive.org/web/20240809205016/https://web.archive.org/web/20240506105249/https://www.facebook.com/sanjay.mungekar.1/posts/pfbid02setFrqzeRtsCsQZKb27eiBtgmTvLxW5Gtnds4HPxwFbArM28fXA9aM2p9Y8XmCTUl,Facebook,,Not Enough Evidence
333,"bitumen road surface in Namibia has increased from 4,572 kilometres in 1990",01-09-2024,South West Africa People’s Organisation (Swapo) party,ZA,https://web.archive.org/web/20241129202315/https://nbcnews.na/sites/default/files/elections/09/Ver%204.0-2024%20SWAPO%20-%20Manifesto.pdf,South West Africa People’s Organisation (Swapo) party manifesto,,Not Enough Evidence
334,A video shows that China bombed Scarborough Shoal.,18-02-2024,,PH,,YouTube,,Not Enough Evidence
335,Namibia is the first country in Africa and the first high-burden country in the world to achieve 99% HIV-free births,01-09-2024,South West Africa People’s Organisation (Swapo) party,ZA,https://web.archive.org/web/20241129202315/https://nbcnews.na/sites/default/files/elections/09/Ver%204.0-2024%20SWAPO%20-%20Manifesto.pdf,South West Africa People’s Organisation (Swapo) party manifesto,,Supported
336,Namibia went from zero mobile network coverage in 1990 to over 94% in 2023.”,01-09-2024,South West Africa People’s Organisation (Swapo) party,ZA,https://web.archive.org/web/20241129202315/https://nbcnews.na/sites/default/files/elections/09/Ver%204.0-2024%20SWAPO%20-%20Manifesto.pdf,South West Africa People’s Organisation (Swapo) party manifesto,,Supported
337,Fuddruckers is closing all locations in 2024.,21-05-2024,_just_your_average_citizen_,US,https://www.instagram.com/reel/C7SJ7rHSmkh/?utm_source=ig_embed,Instagram,,Not Enough Evidence
338,News Minute postcard shows the exit poll results for the 2024 Andhra Pradesh Assemble elections conducted by different media organisations.,01-01-2023,Swathi Reddy,IN,https://web.archive.org/web/20240524001731/https://web.archive.org/web/20240515135421/http://web.archive.org/screenshot/https://x.com/Swathireddytdp/status/1790624987952394745,X,,Not Enough Evidence
339,Half of unemployed South Africans do not have matric,20-01-2024,Rise Mzansi party,ZA,https://web.archive.org/web/20240601154657/https://assets.website-files.com/6512abc58b1468c2e0784360/65ab627c5faa95ea313ab276_RISE%20Mzansi%20Manifesto%20%2B%20.pdf,Rise Mzansi’s election manifesto,,Not Enough Evidence
340,"Kansas City Chiefs refuse to host a Pride Night, saying It’s woke agenda.",04-10-2024,Leo 1974 Fandom,US,https://archive.ph/e1ZKY,Facebook,,Not Enough Evidence
341,Black women are more likely to be unemployed in south Africa.,20-01-2024,Rise Mzansi party,ZA,https://web.archive.org/web/20240601154657/https://assets.website-files.com/6512abc58b1468c2e0784360/65ab627c5faa95ea313ab276_RISE%20Mzansi%20Manifesto%20%2B%20.pdf,Rise Mzansi’s election manifesto,,Supported
342,Millions of South Africans do not have enough food to meet daily needs.,20-01-2024,Rise Mzansi party,ZA,https://web.archive.org/web/20240601154657/https://assets.website-files.com/6512abc58b1468c2e0784360/65ab627c5faa95ea313ab276_RISE%20Mzansi%20Manifesto%20%2B%20.pdf,Rise Mzansi’s election manifesto,,Supported
343,There are more cases of food insecurity and hunger in South Africa today than there were in 1994,20-01-2024,Rise Mzansi party,ZA,https://web.archive.org/web/20240601154657/https://assets.website-files.com/6512abc58b1468c2e0784360/65ab627c5faa95ea313ab276_RISE%20Mzansi%20Manifesto%20%2B%20.pdf,Rise Mzansi’s election manifesto,,Not Enough Evidence
344,Apple is about to start charging us to use the FaceTime feature.,15-06-2024,Threads,US,https://www.threads.net/@almighty6three/post/C8SEe-WuFnY,almighty6three,,Not Enough Evidence
345,Nairobi county has pending bills of KSh107 billion.,16-09-2024,"Nairobi governor, Johnson Sakaja",KE,https://web.archive.org/web/20240926090948/https://www.the-star.co.ke/news/2024-09-16-sakaja-bullish-on-his-scorecard-after-two-years-amid-criticism/,Interview in Kenyan newspaper the Star,,Not Enough Evidence
346,"Nairobi county only had four sources of water,  in August 2022",16-09-2024,"Nairobi governor, Johnson Sakaja",KE,https://web.archive.org/web/20240926090948/https://www.the-star.co.ke/news/2024-09-16-sakaja-bullish-on-his-scorecard-after-two-years-amid-criticism/,Interview in Kenyan newspaper the Star,,Not Enough Evidence
347,All men aged 18 to 26 “have been automatically registered in the U.S. Army.”,16-06-2024,taiylorkeyarra,US,https://web.archive.org/web/20240625083622/https://www.threads.net/@taiylorkeyarra/post/C8UvZU5uXxc,Threads,,Refuted
348,The demand for water in Nairobi is 870 million litres of water a day.,16-09-2024,"Nairobi governor, Johnson Sakaja",KE,https://web.archive.org/web/20240926090948/https://www.the-star.co.ke/news/2024-09-16-sakaja-bullish-on-his-scorecard-after-two-years-amid-criticism/,Interview in Kenyan newspaper the Star,,Not Enough Evidence
349,The office of the governor of Nairobi was awarded the first International Finance Corporation World Bank edge (Excellence in Design for Greater Efficiencies) certification to be the first green government building in Africa.,16-09-2024,"Nairobi governor, Johnson Sakaja",KE,https://web.archive.org/web/20240926090948/https://www.the-star.co.ke/news/2024-09-16-sakaja-bullish-on-his-scorecard-after-two-years-amid-criticism/,Interview in Kenyan newspaper the Star,,Supported
350,"A communication device belonging to a Hezbollah member suddenly exploded in his pocket in Lebanon, with what looks like another wave of Israel mass hacking of Hezbollah gadgets/assets in Beirut.",17-09-2024,Dark Side,LB,https://web.archive.org/web/20240923022126/https://archive.ph/Mrm8f,X,,Not Enough Evidence
351,"The comparison of August temperatures shows that the average and maximum temperatures in August 2024 were cooler than in August 1983, shows that CO2-driven global warming is a hoax.",02-09-2024,barnettforaz,US,https://web.archive.org/web/20240925011443/https://ia600102.us.archive.org/16/items/screenshot-9-11-24-instagram-barnettforaz-9-3-24/Screenshot_9_11_24_Instagram_barnettforaz_9_3_24.png,Instagram,,Conflicting Evidence/Cherry-picking
352,"At 65 deaths per 100,000 live births, maternal mortality in Namibia is substantially higher than the average for the rest of Africa of 210 deaths.",01-08-2024,Popular Democratic Movement (PDM),NA,https://drive.google.com/file/d/1CSWtyHLl0QcJSR8hHVaysvgYkO2ePjPY/view,"Popular Democratic Movement (PDM), election manifesto",,Refuted
353,"Elon Musk Says: ‘Pride Flags Should be Banned from Classrooms, Permanently!",04-09-2024,SpaceX Fanclub,US,https://www.facebook.com/SpaceX6683/posts/pfbid0DFwiqYARkor1HfsTsSV5UuZVnttgQM2xL3d7pUPhTR5N2s29AhgoVJoXcQpUmeKml,Facebook,,Not Enough Evidence
354,Video shows “fences have been installed around the Supreme Court” in 2024.,16-06-2024,,US,https://web.archive.org/web/20240624233504/https://www.instagram.com/reel/C8VscAGvNJk/?ig_rid=0ca95a8f-d285-496d-8c1b-c959e7baf156,Instagram,,Not Enough Evidence
355,"The photo shows Congress President Mallikarjun Kharge did not clap when former Indian Prime Minister PV Narasimha Rao's son, PV Prabhakar Rao, received his Bharat Ratna from President Droupadi Murmu.",31-03-2024,@Nationalist2575,IN,https://perma.cc/N642-VURB,X (Formerly Twitter) ,,Not Enough Evidence
356,"The Green Bay Packers will allow fans to smoke cigarettes, vapes and Delta-8 pre-rolls in the stands during games for the upcoming NFL season.",11-05-2024,Fantasy Football Discussion,US,https://www.facebook.com/EffEffDee/posts/pfbid0kCJsptRcpoeHZpGSQFfygEyuByCjSUEpQVf2Uhg7aBbLAYeKQVEwiwkjw5dTPzu3l,Facebook,,Not Enough Evidence
357,Image shows Prime Minister Narendra Modi serving food from an empty bucket.,13-05-2024,Kivous Radmujam,IN,https://web.archive.org/web/20240522200013/https://ghostarchive.org/archive/uVv1b,https://web.archive.org/web/20240522200013/https://ghostarchive.org/archive/uVv1b,,Not Enough Evidence
358,Alejandro Mayorkas denied requests for additional security at Trump rally.,13-07-2024,latinoswithtrump,US,https://web.archive.org/web/20241003130319/https://archive.org/details/annotation-2024-07-15-143133,Instagram,,Not Enough Evidence
359,Bob Casey “voted to sell American oil to China.”,24-08-2024,Dave McCormick,US,https://web.archive.org/web/20241007100554/https://www.youtube.com/watch?v=d3u4gbikqf0,,,Not Enough Evidence
360,Former President Donald Trump said he opposed the invasion of Iraq in 2003.,24-02-2024,Donald Trump,US,https://www.c-span.org/program/campaign-2024/former-president-trump-speaks-at-cpac/638771, 2024 Conservative Political Action Conference (CPAC),,Refuted
361,Video shows a seaplane assisting the BRP Sierra Madre’s operations in Ayungin Shoal.,12-05-2024,,PH,,Facebook,,Not Enough Evidence
362,Government to charge 18% GST on good morning messages sent on WhatsApp from April 1.,21-03-2024,Dr Meeta Ruparel,IN,https://web.archive.org/web/20240712174753/https://archive.ph/adxwh,X,,Refuted
363,"A van, involved in kidnapping, is roaming around Cagayan province.",22-01-2024,Cagayan Valley,PH,,Facebook,,Not Enough Evidence
364,Image shows flooding at Georgia amusement park after Hurricane Helene.,28-09-2024,Tracey K Mitchell,US,https://archive.org/details/screenshot-2024-10-02-120056,Facebook,,Not Enough Evidence
365,Wisconsin school shooter was transgender.,16-12-2024,Rich Penkoski,US,https://web.archive.org/web/20241226213557/https://mvau.lt/media/6b77a897-183d-42b3-9e25-20a48c4651cf,Facebook,,Not Enough Evidence
366,"Primanti Bros. restaurant closed 10 locations after fallout over Ohio Sen. JD Vance, the Republican vice presidential candidate's visit.",29-09-2024,US news now,US,https://archive.org/details/9-30-2024-facebook-post-by-us-news-now,Facebook,,Not Enough Evidence
367,"Trump named Republican Rep. Lauren Boebert of Colorado as his education secretary on Nov. 13, 2024.",13-11-2024,resist45ideology,US,https://www.instagram.com/p/DCVUlbXxGEP/?fbclid=IwZXh0bgNhZW0CMTAAAR12YWkAdMJN8cUEotpOh9g0OKU3yeAovYu-l-txPipMp1JtXPk6ivOeo2s_aem_as_h5n8KuuNLIz5dMM8wUw,Instagram,,Refuted
368,"Minnesota Gov. Tim Walz has a $138 million net worth, and his daughter, Hope Walz, has $82,000 in forgiven student loans.",10-08-2024,Vann Mobley,US,https://www.facebook.com/vann.mobley/posts/pfbid0uPxkj3jq74rbUpSh6zCkVD438eyUcfgRsDESuTyZd1JpDVstqjqJVJN1DL9xLPZSl,Facebook,,Not Enough Evidence
369,"Page 451 of Project 2025 says, ""The only valid family is a working father married to a stay-at-home mother and their children.""",19-07-2024,prichardsonla,US,https://archive.org/details/7-20-2024-instagram-post-by-prichardsonla,Instagram,,Not Enough Evidence
370,Bar owner throws out British PM Keir Starmer out of his Pub.,15-08-2024,@rose_k01,GB,https://web.archive.org/web/20240816091425/https://twitter.com/rose_k01/status/1824374142214270987,X,,Not Enough Evidence
371,Elon Musk announced the launch of a “water engine” through a post on X.,09-11-2024,,US,,Facebook,,Not Enough Evidence
372,"CBI has revealed secrets about Prannoy Roy, including his real name as Parvez Raja, born in Karachi, and NDTV’s full form as “Nawajud Din Taufiq Venture.",01-01-2023,,IN,,Facebook,,Refuted
373,“Trump was impeached for trying to investigate all the crimes that Joe Biden just pardoned Hunter over.”,04-12-2024,John Jackson,US,https://web.archive.org/web/20241217184808/https://ghostarchive.org/archive/soU5x,Instagram,,Refuted
374,"Blocks of colour on the toothpaste have info about the ingredients. The green on your toothpaste, it means it’s all natural; if you have the blue, it says it’s natural plus medicine; if it has red, it’s natural with chemical; if it has black, it’s all chemical.",04-01-2024,,US,https://web.archive.org/web/20241212093907/https://science.feedback.org/outlet/facebook/,Facebook,,Refuted
375,COVID-19 vaccinations affect your risk of sudden cardiac death on the playing field.,08-04-2024,,US,https://web.archive.org/web/20240506021151/https://www.facebook.com/barbara.ruffner/posts/pfbid0FcNZCJvmyzyjdqGhwRxELdEWjRV34mFEnmQBzxdsE9ywDn5w99SqVxu2oZCGhtmkl,Facebook,,Not Enough Evidence
376,The World Health Organization (WHO) demanded surveillance powers to monitor every person on earth.,01-02-2024,Baxter Dmitry,US,https://archive.is/RtWPx#selection-751.0-751.13,The People's Voice ,,Refuted
377,Sen. Lindsey Graham said a newly elected Donald Trump “will round up and deport LEGAL immigrants.”,09-06-2024,@RepSwalwell,US,https://x.com/RepSwalwell/status/1800012906614177851,X (Formerly Twitter) ,,Refuted
378,"95,040 ration cards being cancelled in Telangana's Medchal-Malkajgiri disctrict.",04-01-2024,@TeluguScribe,IN,https://web.archive.org/web/20240120050223/https://twitter.com/TeluguScribe/status/1742793426616418627?s=20,X,,Not Enough Evidence
379,Pakistan government has banned Pakistani media from covering news of Iran’s air strikes inside the border. There is a ban on all journalists from going to the areas where the attacks took place.,17-01-2024,VIPpolitics,PK,https://web.archive.org/web/20240123234454/https://www.facebook.com/photo/?fbid=686369643712461&set=a.564165262599567,Facebook,,Not Enough Evidence
380,A speech from Islamic State kidnapping survivor Nadia Murad was canceled in Canada over concerns that her story could promote Islamophobia.,11-05-2024,Visegrád 24,CA,https://perma.cc/8YLP-FBU7,Twitter,,Not Enough Evidence
381,"Details from the 2017 CBI (Central Bureau of Investigation) raid on former NDTV promoter Prannoy Roy reviled his real name as Parvez Raja, born in Karachi,",14-12-2024,Seetaram Kulkarni,IN,https://www.facebook.com/seetaram.kulkarni.7/posts/pfbid0DWR5NRSdV988CUZJA7YkJxryYV8ibYfWSZyuF4WmQAYNxGiKgMz8JWowwiCQrLPKl,Facebook user post,,Not Enough Evidence
382,"Details from the 2017 CBI (Central Bureau of Investigation) raid on former NDTV promoter Prannoy Roy reviled NDTV’s full form as “Nawajud Din Taufiq Venture,” which is his father’s name.",14-12-2024,Seetaram Kulkarni,IN,https://www.facebook.com/seetaram.kulkarni.7/posts/pfbid0DWR5NRSdV988CUZJA7YkJxryYV8ibYfWSZyuF4WmQAYNxGiKgMz8JWowwiCQrLPKl,Facebook user post,,Refuted
383,Details from the 2017 CBI (Central Bureau of Investigation) raid on former NDTV promoter Prannoy Roy reviled his wife Radhika’s real name is Rahila,14-12-2024,Seetaram Kulkarni,IN,https://www.facebook.com/seetaram.kulkarni.7/posts/pfbid0DWR5NRSdV988CUZJA7YkJxryYV8ibYfWSZyuF4WmQAYNxGiKgMz8JWowwiCQrLPKl,Facebook user post,,Not Enough Evidence
384,Details from the 2017 CBI (Central Bureau of Investigation) raid on former NDTV promoter Prannoy Roy reviled a dartboard targeting Narendra Modi’s face was found in his bedroom.,14-12-2024,Seetaram Kulkarni,IN,https://www.facebook.com/seetaram.kulkarni.7/posts/pfbid0DWR5NRSdV988CUZJA7YkJxryYV8ibYfWSZyuF4WmQAYNxGiKgMz8JWowwiCQrLPKl,Facebook user post,,Not Enough Evidence
385,Disney and Google now own the rights to the King James Bible.,28-06-2024,,US,https://web.archive.org/web/20240629001050/https://www.facebook.com/reel/523053770052615,Facebook user post,,Refuted
386,Beyoncé sang the Black national anthem at the NFL and got booed.,21-02-2024,USA News,US,https://perma.cc/DU3D-LQVB?type=standard,Facebook user post,,Not Enough Evidence
387,"it was not Russia's actions that caused the escalation in Ukraine, but rather the 2014 coup d’etat, supported primarily by the United States",24-10-2024,Russian President Vladimir Putin,RU,https://archive.ph/Ls5oV,"news conference in Kazan, Russia",,Conflicting Evidence/Cherry-picking
388,Polio vaccine doesn’t work; India had no cases of non-polio paralysis until polio vaccine was introduced; polio was renamed to hide its existence.,23-01-2024,Jaclyn Simone,IN,https://perma.cc/VT74-R84Y,Instagram,,Refuted
389,COVID-19 vaccines are linked to 'spike' in cancer cases,01-01-2023,rizzaislamix,US,https://ia800205.us.archive.org/34/items/03122024-covidcancerclaim/03122024_COVIDCANCERCLAIM.png,Instagram user post,,Refuted
390,Israel declared a holiday on Jan 22 to mark the Ram temple consecration in Uttar Pradesh,16-01-2024,Venkatesh Vng Bestha,IN,https://ghostarchive.org/archive/KNxMM,Facebook user post,,Not Enough Evidence
391,Philippines gold reserves sale means it is running out of money.,24-09-2024,Salvador Panelo,PH,https://perma.cc/DLJ5-8AH8,TikTok,,Not Enough Evidence
392,From April 1st 2025 a  1.1% tax will be levied on Unified Payments Interface (UPI) transactions,12-12-2024,@ANYadav251551,IN,,X (Formally Twitter) user post,,Not Enough Evidence
393,The Centre for Disease Control will help the World Health Organization (WHO) impose health policies in Australia.,19-06-2024,CitizenGO,AU,https://archive.md/GIXeb,Facebook,,Not Enough Evidence
394,"A judge on Monday delayed proceedings in former President Donald Trump’s New York defamation trial until Tuesday, the day of the New Hampshire primary, which is proof of election interference.",01-01-2023,,US,,Twitter,,Not Enough Evidence
395,"Over many years, the ANC-led government in South Africa has registered a budget deficit.",01-01-2023,Cope,ZA,,,,Supported
396,The total projected revenue for budget implementation in the financial year 2023/24 amounted to KSh564.5 billion in Kenya.,07-10-2024,Anne Waiguru,KE,https://web.archive.org/web/20241130002111/https://africacheck.org/sites/default/files/media/documents/2024-10/Kenya-2024%20State%20of%20Devolution%20Address.pdf,2024 state of devolution address,,Not Enough Evidence
397,Counties in Kenya allocated KSh361.05 billion (64%) to recurrent expenditure.,07-10-2024,Anne Waiguru,KE,https://web.archive.org/web/20241130002111/https://africacheck.org/sites/default/files/media/documents/2024-10/Kenya-2024%20State%20of%20Devolution%20Address.pdf,ANNUAL STATE OF DEVOLUTION ADDRESS BY H.E. ANNE WAIGURU,,Not Enough Evidence
398,The 38:1 pupil-to-teacher ratio “meets the acceptable standard in Kenya.,07-10-2024,"ANNE WAIGURU,",KE,https://web.archive.org/web/20241130002111/https://africacheck.org/sites/default/files/media/documents/2024-10/Kenya-2024%20State%20of%20Devolution%20Address.pdf,"ANNUAL STATE OF DEVOLUTION ADDRESS BY H.E. ANNE WAIGURU, EGH ",,Refuted
399,The ratio of one police officer for every 242 citizens in South Africa is alarmingly low.,01-01-2023,MK Party,ZA,,,,Not Enough Evidence
400,Switzerland de-recognized Islam and banned the hijab.,15-07-2024,Bhavoo Brahmbhatt,CH,https://perma.cc/K74K-ASBK,Facebook ,,Refuted
401,"Oil and gas are not fossil fuels; they are a renewable energy source generated in Earth's deeper interior, i.e., the upper mantle.",24-05-2024,Robin Monotti,US,,X (Formerly Twitter) ,,Refuted
402,South Africa’s murder rate is currently the second highest in the world.,01-01-2023,Freedom Front Plus (FF Plus),ZA,,,,Refuted
403,"74,557 teachers were employed in pre-primary centres in Kenya.",07-10-2024,"ANNE WAIGURU,",KE,https://web.archive.org/web/20241130002111/https://africacheck.org/sites/default/files/media/documents/2024-10/Kenya-2024%20State%20of%20Devolution%20Address.pdf,"ANNUAL STATE OF DEVOLUTION ADDRESS BY H.E. ANNE WAIGURU, EGH",,Not Enough Evidence
404,The only Walmart customers who are allowed to use self checkout in their stores are Walmart + members.,18-10-2024,ofalltheginjoints,US,https://www.tiktok.com/@lizneptune/video/7427261554040556843?is_from_webapp=1&web_id=7444216385868039726,TikTok user post,,Refuted
405,Just under 90% of the population in South Africa is connected to the energy grid.,01-01-2023,Cope party,ZA,,,,Not Enough Evidence
406,"As of 2023/24, Kenya has a total of 62,965 healthcare workers in public facilities and 37,614 in private facilities across the 47 counties.",07-10-2024,ANNE WAIGURU,KE,https://web.archive.org/web/20241130002111/https://africacheck.org/sites/default/files/media/documents/2024-10/Kenya-2024%20State%20of%20Devolution%20Address.pdf,"ANNUAL STATE OF DEVOLUTION ADDRESS BY H.E. ANNE WAIGURU, EGH ",,Not Enough Evidence
407,"The number of hospital beds across the 47 counties in Kenya increased by 4%, from 39,220 to 40,814 beds.",07-10-2024,ANNE WAIGURU,KE,https://web.archive.org/web/20241130002111/https://africacheck.org/sites/default/files/media/documents/2024-10/Kenya-2024%20State%20of%20Devolution%20Address.pdf,"ANNUAL STATE OF DEVOLUTION ADDRESS BY H.E. ANNE WAIGURU, EGH",,Supported
408,Ondo state is second last in comparison of other states with a high debt profile.,03-11-2024,Lucky Aiyedatiwa (APC),NG,https://www.youtube.com/live/ovBLOORdJ0c,"debate hosted by Channels TV,",,Not Enough Evidence
409,Ondo state does not owe any arrears to its workers,03-11-2024,Lucky Aiyedatiwa (APC),NG,https://www.youtube.com/live/ovBLOORdJ0c,"debate hosted by Channels TV,",,Not Enough Evidence
410,WNBA player Brittney Griner has been kicked off Team USA.,18-06-2024,Caitlin Clark hoops,US,https://archive.org/details/june-18-faceboo-post-by-cailtin-clark-hoops,Facebook user post,,Refuted
411,"Ondo state has employed 2,000 teachers in the last ten months since he (Lucky Aiyedatiwa (APC)) took office.",03-11-2024,Lucky Aiyedatiwa (APC),NG,https://www.youtube.com/live/ovBLOORdJ0c,"debate hosted by Channels TV,",,Not Enough Evidence
412,Navy SEALs killed an intruder at Mar-a-Lago on Jan. 27.,29-01-2024,Michael Baxter,US,https://web.archive.org/web/20240201033628/https://realrawnews.com/2024/01/white-hats-kill-mar-a-lago-intrduer/,Real Raw News,,Refuted
413,The 32-kilometer Cavite-Bataan interlink project will the the world’s second longest bridge when completed.,10-04-2024,President Ferdinand Marcos Jr.,TW,https://web.archive.org/web/20240519022629/https://www.youtube.com/watch?v=_rCMd_uclp8&t=492s,town hall meeting on April 10,,Not Enough Evidence
414,Bharatiya Janata Party (BJP) won 100+ seats with a margin of less than 1000 votes in the june 4th Lok Sabha elections,01-01-2023,,IN,,,,Not Enough Evidence
415,Extrajudicial killings are not illegal because the Philippines does not have the death penalty.,01-01-2023,Lawyer  Raul Lambino,PH,,,,Refuted
416,Bharatiya Janata Party (BJP) won 30  seats with a margin of less than 500 votes in the june 4th 2024 Lok Sabha elections,01-01-2023,,IN,,,,Not Enough Evidence
417,Scientists say human breathing is fueling global warming.,13-12-2022,Jonathan Chadwick,GB,,Daily Mail,,Not Enough Evidence
418,"Banana peel, lemon and salt mixture removes tartar and whitens teeth.",16-01-2024,natural.secretss,IN,https://web.archive.org/web/20240806072350/https://www.instagram.com/reel/C2Km-3CPxuA/?igsh=Y2Q5djBpNXlhb281,Instagram,,Not Enough Evidence
419,"Korir Sing’Oei, 
Principal Secretary, Kenyan Ministry of Foreign and Diaspora Affairs, said Kenya is a safe haven for many people and has been for many years and will be for years to come.",20-11-2024,Korir Sing’Oei,UG,https://web.archive.org/web/20241212161947/https://www.citizen.digital/news/kenya-is-a-safe-haven-foreign-affairs-ps-denies-govt-involvement-in-kizza-besigye-arrest-in-nairobi-n353309,Citizen TV,,Not Enough Evidence
420,Video shows former Vice President Mike Pence endorsing Vice President Kamala Harris and Minnesota Gov. Tim Walz.,12-10-2024,,US,https://web.archive.org/web/20241020180125/https://www.threads.net/@vintageorvogue/post/DBD56m3JFX5,Threads,,Refuted
421,Usher refuses to support Kamala Harris following Joy Behar's remarks calling Donald Trump an existential threat to her democracy.,10-09-2024,The General,US,https://web.archive.org/web/20240913200724/https://archive.ph/VX9uf,X,,Not Enough Evidence
422,Video shows a large pro-Russian protest happening in Sweden.,01-01-2023,true5acts,SE,https://web.archive.org/web/20240626201455/https://perma.cc/7N6U-EE5F,TikTok,,Not Enough Evidence
423,Photo shows Hungarian-American billionaire George Soros with former Prime Minister Dr Manmohan Singh’s daughter.,23-06-2024,@PRAveen_hindu22,US,https://web.archive.org/web/20240629100800/https://archive.is/Z3dYL,X,,Not Enough Evidence
424,President Joe Biden “can suspend presidential elections ‘if’ a new pandemic hits the U.S.” under Executive Order 14122.,25-04-2024,MW Breeden,US,https://web.archive.org/web/20240828160256/https://www.facebook.com/mw.breeden/posts/pfbid0xCQdjQ9gVsNx3Zm5MUTd9SPqG4KsGCLYNf8FWL6FaHHFtksqVAyJWWZnzMbw5Yzbl,Facebook,,Refuted
425,"Anirban Ganguly, a Bharatiya Janata Party (BJP) candidate from Jadavpur, a Lok Sabha constituency in Kolkata, West Bengal, was attacked by locals during the current Lok Sabha polls.",15-05-2024,Muralidharan Gopal,IN,https://perma.cc/9YKQ-5WV8,Twitter,,Not Enough Evidence
426,Residents of Punjab are urging the Haryana voters not to vote for the Aam Aadmi Party.,19-05-2024,Incognito,IN,https://x.com/Incognito_qfs/status/1792096381827522622,Twitter,,Not Enough Evidence
427,US President Joe Biden calls for military conscription following the recent drone attack in Jordan.,29-01-2024,ApeX,US,https://archive.is/SGVgA,Twitter,,Refuted
428,"Congress manifesto mentions, Hijab enforcement in educational institutions",23-04-2024,@BJP4Karnataka,IN,https://perma.cc/L8NQ-4YJP,X (Formally Twitter) user post,,Not Enough Evidence
429,"Congress manifesto mentions, Wealth distribution aimed towards  Muslims",23-04-2024,@BJP4Karnataka,IN,https://perma.cc/L8NQ-4YJP,X (Formally Twitter) user post,,Not Enough Evidence
430,Congress manifesto mentions Special reservations for Muslims,23-04-2024,@BJP4Karnataka,IN,https://perma.cc/L8NQ-4YJP,X (Formally Twitter) user post,,Not Enough Evidence
431,Congress manifesto mentions Muslims are to be directly appointed as judges,23-04-2024,@BJP4Karnataka,IN,https://perma.cc/L8NQ-4YJP,X (Formally Twitter) user post,,Not Enough Evidence
432,Congress manifesto mentions a Mandate to public & private entities to hire Muslims,23-04-2024,@BJP4Karnataka,IN,https://perma.cc/L8NQ-4YJP,X (Formally Twitter) user post,,Not Enough Evidence
433,A video shows how a microchip is removed from under the skin.,05-02-2024,samowesna,US,https://web.archive.org/web/20240207091454/https://www.tiktok.com/@samowesna/video/7331774459726073094,TikTok,,Not Enough Evidence
434,Mamata Banerjee wants people of West Bengal to stay poor.,01-01-2023,Bubai Kar,IN,https://ghostarchive.org/archive/t5AaW,Facebook,,Not Enough Evidence
435,A fire at Paras Fireworks shop in Hyderabad  killed thirty-five people,28-10-2024,vedikatextile_degana,IN,https://www.instagram.com/vedikatextile_degana/reel/DBrHHnEgbZx/,Instagram user post,,Not Enough Evidence
436,"Harsimrat Kaur Badal, leader of Shiromani Akali Dal (SAD) and a member of the Parliament (MP) from the North Indian state of Punjab's Bathinda, are holding a framed portrait of self-styled godman Gurmeet Ram Rahim.",24-05-2024,majhail_xz01,IN,https://www.instagram.com/reel/C7Vz9AkyPuk/,Instagram,,Not Enough Evidence
437,A video shows children doing drugs in Andhra Pradesh.,07-01-2024,biharilarka__,IN,https://www.instagram.com/reel/C1zEpSLoqMP/?utm_source=ig_web_copy_link,Instagram,,Not Enough Evidence
438,Study and headline saying homegrown food is more carbon intensive than conventional agriculture is meant to discourage and stop people from growing their own food.,23-01-2024,Young Americans for Liberty,US,https://perma.cc/YFS7-K78P,Facebook,,Not Enough Evidence
439,"The Namibian Ports Authority, Namport is hiring to fill 500 positions.",26-03-2024,,NA,,,,Not Enough Evidence
440,"110 Muslim MPs in the Parliament, 20% of the total strength, after the recently concluded Lok Sabha elections.",11-06-2024,Naughty Boy (@KrishnaSch77761),IN,https://ghostarchive.org/archive/oVsjn,Twitter,,Not Enough Evidence
441,The Ondo state governor got more than 1.2 billion security votes in September 2024 in the week of the Edo election.,03-11-2024,Agboola Ajayi (PDP),NG,https://www.youtube.com/live/ovBLOORdJ0c,"debate hosted by Channels TV,",,Not Enough Evidence
442,Aiyedatiwa was in the Niger Delta Development Commission for “two to three year.,03-11-2024,Agboola Ajayi (PDP),NG,https://www.youtube.com/live/ovBLOORdJ0c,"debate hosted by Channels TV,",,Not Enough Evidence
443,Ondo state has no single industrialisation and no single functional company.,03-11-2024,Agboola Ajayi (PDP),NG,https://www.youtube.com/live/ovBLOORdJ0c,"debate hosted by Channels TV,",,Refuted
444,Food inflation in Ondo state is at a multi-decade high at 37.2%.,03-11-2024,Seun Okinbaloye (debate moderator),NG,https://www.youtube.com/live/ovBLOORdJ0c,"debate hosted by Channels TV,",,Not Enough Evidence
445,"Drinking from a Stanley brand tumbler cup can result in lead consumption,",23-01-2024,Ashley Gaynor,US,https://perma.cc/FK4H-LH8D,Facebook user post,,Not Enough Evidence
446,"A major power outage in Paris, after Olympic opening ceremony, was due to god being mocked.",28-07-2024,Louis Swart,FR,https://perma.cc/XTT9-4DXF,Facebook user post,,Refuted
447,Kamala Harris wants to ban fracking,25-10-2024,Progress 2028,US,https://www.facebook.com/ads/library/?active_status=active&ad_type=all&country=GB&id=516663037917810&is_targeted_country=false&media_type=all&search_type=page&view_all_page_id=447004125160255,Facebook ad,,Not Enough Evidence
448,"An Imam (Muslim religious leader), was shot by a Hindu group in Meerut, Uttar Pradesh, while he was teaching Quran recitation to students.",01-01-2023,MairaSiraj36820,IN,https://web.archive.org/web/20241007145853/https://x.com/MairaSiraj36820/status/1843251719872127405,X,,Not Enough Evidence
449,The Central government in India is providing free Wi-Fi at homes through a ‘Know your ISP’ facility on its website.,01-01-2023,,IN,https://web.archive.org/web/20240808163736/https://www.instagram.com/reel/C6wEVoDo4-8/?utm_source=ig_embed&utm_campaign=loading,Instagram,,Not Enough Evidence
450,Florida state government has the lowest number of state employees per capita in the country.,16-01-2024,Ron DeSantis,US,https://web.archive.org/web/20240621072240/https://transcripts.cnn.com/show/se/date/2024-01-16/segment/01,CNN town hall,,Not Enough Evidence
451,Pakistan's Prime Minister Shehbaz Sharif announced his country will introduce its version of the Citizenship Amendment Act (CAA) for Indian Muslims.,11-03-2024,@BHKslams,PK,https://archive.ph/wvrm3,X (Formerly Twitter) ,,Not Enough Evidence
452,It is illegal for Australian businesses to refuse cash payments.,07-02-2024,Bob Katter,AU,https://www.skynews.com.au/australia-news/politics/bob-katter-blows-up-over-cash-ban-at-parliament-house-cafe-after-his-50-note-was-rejected-when-buying-lunch/news-story/cd5fe96e061f30ab91316c5fad03f571,Sky News Australia,,Refuted
453,A four-day holiday has been declared in Dubai on the occasion of the Ram Katha event by Acharya Dhirendra Krishna Shastri (Bageshwar Dham Sarkar).,23-05-2024,sumit kalra,AE,https://web.archive.org/web/20240529025025/https://x.com/sumit1kalra/status/1793614092558852148?mx=2,Twitter,,Supported
454,The Housing department aims to build 1.2 million to 3.2 million housing units by 2028.,07-08-2024,Garry De Guzman,PH,https://web.archive.org/web/20240916112835/https://www.youtube.com/live/othU6SsC_H0?t=745s,RTV Malacañang official YouTube Page,,Not Enough Evidence
455,NATO (North Atlantic Treaty Organization) has activated its response team amid the ongoing border dispute between the Texan administration and the U.S. federal government.,02-02-2024,https://ghostarchive.org/archive/aTYVP,US,https://ghostarchive.org/archive/aTYVP,TikTok,,Not Enough Evidence
456,Ferdinand Marcos Jr. has not been involved in any of the cases filed against his family after the 1986 EDSA People Power Revolution.,15-04-2024,President Ferdinand Marcos Jr.,PH,https://www.youtube.com/watch?v=V8pbAKe_6ZI&t=1529s,presidential forum marking the Foreign Correspondents Association of the Philippines’ 50th anniversary on April 14,,Refuted
457,"Performers Kid Rock and Jason Aldean removed all New York shows from their “You Can’t Cancel America” tour, in support of former President Donald Trump after judge  ordered him pay $335 million in penalties",01-01-2023,,US,,social media posts,,Not Enough Evidence
458,"COVID-19 was not deadly, otherwise homeless people would not have survived the pandemic.",20-08-2024,senzufitness_,US,https://perma.cc/TEA5-DB6A,Threads,,Refuted
459,"Income Tax Refund of Rs 15,490 Approved for Taxpayers",01-01-2023,,IN,,Viral message,,Not Enough Evidence
460,The Israel Defence Forces (IDF) have fired on Irish peacekeepers in Lebanon.,10-10-2024,@KeithWoodsYT,IL,https://archive.ph/UZNpQ,X/Twitter user post,,Not Enough Evidence
461,"Jimmy Kimmel was on the Jeffrey Epstein list, documents show.",04-01-2024,@matttttt187,US,https://ghostarchive.org/archive/UlAyx,X (Formerly Twitter) ,,Not Enough Evidence
462,"Larry Silverstein collected $1 trillion from insurance policy on the Baltimore, Francis Scott Key Bridge after its collapse",28-03-2024,@AaronRDay,US,https://web.archive.org/web/20240516151216/https://archive.is/web/20240516151216/https://archive.is/9CWZW#selection-291.0-461.2,X (Formally Twitter) user post,,Refuted
463,68% of individuals who used Ivermectin to treat or prevent COVID-19 are suffering from long-term bowel and urinary incontinence.,13-02-2024,Some Random Dude,US,https://www.awesomescreenshot.com/image/45968256?key=1f7b4e058c8eb30133c2239dd0792087,Facebook,,Not Enough Evidence
464,"Drinking half a cup of strained flaxseed water on an empty stomach removes Helicobacter pylori bacteria, which can cause gastritis and even cancer, from the body.",06-03-2024,_pobedi_sebe_,RS,https://web.archive.org/web/20240309192106/https://www.tiktok.com/@_pobedi_sebe_/video/7343276925248490758,TikTok,,Not Enough Evidence
465,South Africa has one of the highest unemployment rates in the world.,17-02-2024,Democratic Alliance,ZA,https://web.archive.org/web/20241125071309/https://cdn.da.org.za/wp-content/uploads/2024/02/16143750/DA-Election-Manifesto-2024.pdf,"Democratic Alliance (DA), election manifesto",,Supported
466,One-third of the South African working-age population is out of work.,17-02-2024,Democratic Alliance,ZA,https://web.archive.org/web/20241125071309/https://cdn.da.org.za/wp-content/uploads/2024/02/16143750/DA-Election-Manifesto-2024.pdf,"Democratic Alliance (DA), election manifesto",,Not Enough Evidence
467,"Between April 2022 and March 2023, South Africa recorded its highest annual murder rate ever.",17-02-2024,Democratic Alliance,ZA,https://web.archive.org/web/20241125071309/https://cdn.da.org.za/wp-content/uploads/2024/02/16143750/DA-Election-Manifesto-2024.pdf,"Democratic Alliance (DA), election manifesto",,Supported
468,A truck carrying fireworks to celebrate the consecration of Ram Temple caught fire in Unnao.,17-01-2024,Priya Singh,IN,,Twitter,,Not Enough Evidence
469,U.S. Transportation Secretary Pete Buttigieg banned private drones from flying over areas affected by Hurricane Helene.,03-10-2024,Ian Miles Cheong,US,https://x.com/stillgray/status/1841849666666954840,Twitter,,Not Enough Evidence
470,"In primary education, over 10.5 million Nigerian children are out of school.",28-10-2024,Dakuku Peterside,NG,https://web.archive.org/web/20241111141458/https://www.premiumtimesng.com/opinion/749657-tunji-alausa-and-nigerias-grand-education-strategy-by-dakuku-peterside.html,Premium Times,,Supported
471,"Local women demanding their ₹8500, as promised by Rahul Gandhi, broke into Congress MP Kumari Shailja's office.",15-06-2024,Mr Sinha,IN,https://perma.cc/6PCW-4HHA,Twitter,,Not Enough Evidence
472,Nigeria has “the highest rate globally for out-of-school children”.,28-10-2024,Dakuku Peterside,NG,https://web.archive.org/web/20241111141458/https://www.premiumtimesng.com/opinion/749657-tunji-alausa-and-nigerias-grand-education-strategy-by-dakuku-peterside.html,Premium Times,,Supported
473,Past government shutdowns in 2013 and 2018 cost the U.S. economy billions.,19-12-2024,@RepSaraJacobs,US,https://x.com/RepSaraJacobs/status/1869550582991868061,X (Formally Twitter) user post,,Supported
474,The majority of out-school children in Nigeria are in the northern regions affected by poverty and conflict.,28-10-2024,Dakuku Peterside,NG,https://web.archive.org/web/20241111141458/https://www.premiumtimesng.com/opinion/749657-tunji-alausa-and-nigerias-grand-education-strategy-by-dakuku-peterside.html,Premium Times,,Supported
475,"Videos show an Islamist mob attacking a village in Murshidabad, Sherpur District, Bangladesh destroying Hindu homes, crops, and looting livestock",29-11-2024,Manish Kumar Singh,BD,https://mvau.lt/media/73ffc259-f968-439b-acca-f40d8dd25d4c,Facebook,,Not Enough Evidence
476,Girls make up over 60% of the out-of-school children in Nigeria.,28-10-2024,Dakuku Peterside,NG,https://web.archive.org/web/20241111141458/https://www.premiumtimesng.com/opinion/749657-tunji-alausa-and-nigerias-grand-education-strategy-by-dakuku-peterside.html,Premium Times,,Supported
477,"There are approximately 2 million applicants in Nigeria vying for less than 600,000 [tertiary education] spots each year.",28-10-2024,Dakuku Peterside,NG,https://web.archive.org/web/20241111141458/https://www.premiumtimesng.com/opinion/749657-tunji-alausa-and-nigerias-grand-education-strategy-by-dakuku-peterside.html,Premium Times,,Not Enough Evidence
478,"A powerful new typhoon named Dindo is coming to the Philippines the weekend of July 27-28, 2024",25-07-2024,Philippine Weather Alerts,PH,,Facebook user posts,,Not Enough Evidence
479,Mindanao has seceded from the Philippines.,05-02-2024,,PH,,,,Refuted
480,Nigeria’s graduate unemployment rate is 33%.,28-10-2024,Dakuku Peterside,NG,https://web.archive.org/web/20241111141458/https://www.premiumtimesng.com/opinion/749657-tunji-alausa-and-nigerias-grand-education-strategy-by-dakuku-peterside.html,Premium Times,,Not Enough Evidence
481,"There were only 90 voters at a booth in Dima Hasao district of Assam during the 2024 Lok Sabha polls, but 171 votes were cast in the electronic voting machine, 5 officers of Election Commission suspended.",02-05-2024,@ygauravyadav,IN,https://web.archive.org/web/20240510205857/https://perma.cc/M8ZW-QV4U,X,,Conflicting Evidence/Cherry-picking
482,The Hur report represents the complete and total exoneration of President Biden.,12-03-2024,"Rep. Jerrold Nadler, D-N.Y",US,,,,Not Enough Evidence
483,Over 50% of Nigerian teachers lack the qualifications to teach effectively.,28-10-2024,Dakuku Peterside,NG,https://web.archive.org/web/20241111141458/https://www.premiumtimesng.com/opinion/749657-tunji-alausa-and-nigerias-grand-education-strategy-by-dakuku-peterside.html,Premium Times,,Not Enough Evidence
484,"Page 208 of the Hur report states that U.S. president Joe Biden couldn't come up with the date or year of his son Beau Biden's death. However, the transcript shows that he was asked the month. In response, Biden said, “Oh, God, May 30.” Biden's memory was pretty firm on the month and the day.",12-03-2024,"Rep. Madeleine Dean, D-Pa.",US,,,,Refuted
485,Data from the Federal Ministry of Education shows that only 30% of secondary schools in Nigeria have access to functional libraries.,28-10-2024,Dakuku Peterside,NG,https://web.archive.org/web/20241111141458/https://www.premiumtimesng.com/opinion/749657-tunji-alausa-and-nigerias-grand-education-strategy-by-dakuku-peterside.html,Premium Times,,Supported
486,A church in Switzerland is now using an AI hologram of Jesus to take confessions from worshippers.,20-11-2024,Disclose.tv,CH,https://web.archive.org/web/20241127150743/https://www.facebook.com/disclosetv/posts/pfbid0xVn3PY3iYofCxryHwSugokdX4aqkEzs7M4nuqXKJvvTHEJ613HsEAmZU27Ts8UQJl,Facebook,,Not Enough Evidence
487,"Hunter Biden, “BLM rioters” and “COVID criminals” have “0 indictments”, but Donald Trump has 91 indictments.",16-04-2024,Michael Chitwood,US,https://web.archive.org/web/20240509140504/https://archive.ph/81T9U,Facebook,,Not Enough Evidence
488,Wisconsin is having the largest classes of correctional officers that they have ever had before.,11-02-2024,Tony Evers,US,https://web.archive.org/web/20241127045548/https://www.wisn.com/article/upfront-gov-evers-on-maps-bills-and-wi-prisons/46712382,Upfront,,Not Enough Evidence
489,"Kamala Harris ""co-sponsored, fully sponsored"" the Green New Deal.",06-07-2024,Byron Donalds,US,https://web.archive.org/web/20241007223231/https://www.foxnews.com/video/6356971693112,Fox News Sunday,,Refuted
490,Melanoma wasn’t a problem until after sunscreen was invented.,01-01-2023,Eraofhealth,US,https://web.archive.org/web/20241105105358/https://www.facebook.com/plugins/post.php?href=https%3A%2F%2Fwww.facebook.com%2Feraofhealth%2Fposts%2F1263742158006396&show_text=true&width=500,Facebook,,Refuted
491,"President Jimmy Carter died July 23, 2024",23-07-2024,The Federalist Papers,US,https://archive.org/details/carter-false-death-announcement,Facebook user post,,Refuted
492,Justice Juan Merchan was ‘fired’ after jury in Trump hush-money trial illegally leaked verdict,08-06-2024,nationwithoutborders,US,https://archive.org/details/6-11-24-screenshot-of-ig-post-merchan-fired,Instagram user post,,Refuted
493,Travis Kelce Vows to Quit Chiefs Immediately if Team Doesn’t Fire Harrison Butker,19-05-2024,Alex Bruno,US,https://web.archive.org/web/20240524204922/https://spacexmania.com/breaking-travis-kelce-vows-to-quit-chiefs-immediately-if-team-doesnt-fire-harrison-butker/?fbclid=IwZXh0bgNhZW0CMTAAAR1ab_5r_uALBmHVuv1lALFO4uo8blkDw5ScvbMORQK02B4bLAV7ggq22LM_aem_Ad0K_Y8Dn-el32RNMpOsgrZcs7OlT-jaijfWGHyT-LiJ7Jrfl00pWkM8gEPXA9PxxSYKhG0zzwCSDa6GuMsXHIeq#google_vignette,spacexmania.com,,Refuted
494,You can be arrested for accidentally misgendering someone in Ireland under a new law.,01-01-2023,,IE,,online post,,Refuted
495,Funding for Bicol Express Railway Project has been  finalized,01-01-2023,,PH,,Social media posts,,Not Enough Evidence
496,Mandatory Ramadan celebration introduced in Swedish schools.,19-03-2024,Erik Nieroth,SE,https://archive.ph/q1Djc,X,,Refuted
497,"Inflation has dropped from 9% to 3% — the lowest in the world!""",07-03-2024,Joe Biden,US,,"State of the Union address March 7, 2024,",,Refuted
498,Consumer studies show consumer confidence is soaring in America.,07-03-2024,Joe Biden,US,,"State of the Union address March 7, 2024,",,Not Enough Evidence
499,Australian law changes grant World Health Organization staff ability to forcibly vaccinate people.,03-08-2024,Baxter Dmitry,AU,https://archive.md/QrGUb#selection-747.0-747.13,The People’s Voice,,Refuted
500,"Within one year, the Nigerian government has eliminated Boko Haram and bandit commanders faster than ever, over 300 as of the last count.",01-10-2024,Nigeria’s president Bola Tinubu,NG,https://web.archive.org/web/20241004051241/https://www.youtube.com/watch?v=vBj9WPKd2Bw,speech to mark the 64th anniversary of Nigeria's independence. ,,Not Enough Evidence
501,Thomas Barnett’s book The Pentagon’s New Map outlines a plan to bring millions of immigrants to Europe.,02-06-2024,@Palsvig,,https://perma.cc/PV22-HU9R,X (Formerly Twitter) ,,Refuted
502,Tennessee passed law banning display of pride flags in schools.,25-09-2024,Jonah Tank,US,https://web.archive.org/web/20241121233429/https://archive.org/details/screenshot-2024-09-30-114617,Facebook,,Supported
503,Cricketer Mahendra Singh Dhoni visited Gurudwara amid the ongoing farmers’ protest.,26-02-2024,@niiravmodi,IN,https://web.archive.org/web/20240414045513/https://archive.ph/sTmDo,X,,Not Enough Evidence
504,"The Ram Temple is being built not at the site of the demolished Babri Masjid, but three kilometers away.",14-01-2024,Manish RJ,IN,https://web.archive.org/web/20240413121155/https://archive.is/,X,,Refuted
505,Aurora Borealis can be man made by HAARP.,10-05-2024,Concerned Citizen,US,,Twitter,,Refuted
506,"In the financial year 2023/24, county governments generated a total of KSh58.95 billion from their own-source revenue.",07-10-2024,ANNE WAIGURU,KE,https://web.archive.org/web/20241130002111/https://africacheck.org/sites/default/files/media/documents/2024-10/Kenya-2024%20State%20of%20Devolution%20Address.pdf,"ANNUAL STATE OF DEVOLUTION ADDRESS BY H.E. ANNE WAIGURU, EGH ",,Not Enough Evidence
507,"County governments employ 48,895 and private providers employ 25,662 pre-primary school teachers",07-10-2024,ANNE WAIGURU,KE,https://web.archive.org/web/20241130002111/https://africacheck.org/sites/default/files/media/documents/2024-10/Kenya-2024%20State%20of%20Devolution%20Address.pdf,"ANNUAL STATE OF DEVOLUTION ADDRESS BY H.E. ANNE WAIGURU, EGH",,Not Enough Evidence
508,President Bola Tinubu's government has reduced the debt service ratio from 97% to 68% in Nigeria.,01-10-2024,Nigeria’s president Bola Tinubu,NG,https://web.archive.org/web/20241004051241/https://www.youtube.com/watch?v=vBj9WPKd2Bw,speech to mark the 64th anniversary of Nigeria's independence.,,Not Enough Evidence
509,"The creators of the Netflix show ""IC 814: The Kandahar Hijack"" changed the names of the hijackers to Hindu names.",30-08-2024,@RashmiDVS,IN,https://perma.cc/Z7JF-LED3,X (formerly Twitter) ,,Not Enough Evidence
510,"Joe Biden approved a stimulus plan granting homeowners $185,000",11-09-2024,Wellness Grant Hub,US,https://web.archive.org/web/20241001163258/https://www.facebook.com/61556741557684/posts/122171235278224718/,Facebook user post,,Refuted
511,The Catholic Church created Islam.,09-02-2024,conspiracy_minded,,https://web.archive.org/web/20240710085801/https://archive.is/Iu9fq,Instagram,,Refuted
512,"In a Conservative Party advert, a video of Martin Lewis suggests he believes Labour is not being truthful in its manifesto.",03-07-2024,Rishi Sunak,GB,https://perma.cc/RX58-C4VE,Twitter,,Not Enough Evidence
513,"U.S. Navy Jag investigators arrested U.S. District Court Judge Sharon Coleman of the Northern District of Illinois on treason charges, following her de facto ruling that allows illegal immigrants, including felons, to own firearms on U.S. soil.",20-03-2024,Michael Baxter,US,https://web.archive.org/web/20240402012150/https://realrawnews.com/2024/03/jag-arrests-illegal-alien-loving-deep-state-judge/,Real Raw News,,Refuted
514,Homemade concoctions can help cleanse lungs.,17-11-2024,thelonghairgirl13,IN,https://www.instagram.com/reel/DCeStDNya8C/,Instagram,,Not Enough Evidence
515,Kenya is collecting only 3% value added tax (VAT) as share of GDP.,22-08-2024,John Mbadi,KE,https://web.archive.org/web/20240922151621/https://www.youtube.com/watch?v=WwFaZETFFac,Citizen TV interview,,Not Enough Evidence
516,Nairobi collected KSh12.8 billion of revenue in the last financial year.,16-09-2024,"Nairobi governor, Johnson Sakaja",KE,https://web.archive.org/web/20240926090948/https://www.the-star.co.ke/news/2024-09-16-sakaja-bullish-on-his-scorecard-after-two-years-amid-criticism/,interview in Kenyan newspaper the Star,,Not Enough Evidence
517,All classified information at Joe Biden's home was in filing cabinets that were either locked or able to be locked.,08-02-2024,Joe Biden,US,https://web.archive.org/web/20240815023732/https://www.c-span.org/video/?533501-1/president-biden-remarks-special-counsels-report,Feb. 8 news conference,,Not Enough Evidence
518,No documents found at home of Joe Biden were highly classified.,08-02-2024,Joe Biden,US,https://web.archive.org/web/20240815023732/https://www.c-span.org/video/?533501-1/president-biden-remarks-special-counsels-report,Feb. 8 news conference,,Not Enough Evidence
519,89% of households in South Africa now have access to water.,13-01-2024,Cyril Ramaphosa,ZA,https://www.youtube.com/watch?v=VKyXasgd0XM,YouTube,,Not Enough Evidence
520,EMF Radiation from Wi-Fi Routers affects Human Health.,01-01-2023,,US,https://www.instagram.com/p/C8SCF6jqk-W/?utm_source=ig_embed&ig_rid=e01a39c9-a75e-4a5f-9b1c-c2583fca112c,Instagram,,Not Enough Evidence
521,"Over 40% of South Africans, or almost 12 million jobseekers, cannot find work.",01-01-2023,ActionSA,ZA,,ActionSA election  manifesto,,Not Enough Evidence
522,The KSh12.8 billion revenue collected in Nairobi is a historic high.,16-09-2024,"Nairobi governor, Johnson Sakaja",KE,https://web.archive.org/web/20240926090948/https://www.the-star.co.ke/news/2024-09-16-sakaja-bullish-on-his-scorecard-after-two-years-amid-criticism/,interview in Kenyan newspaper the Star,,Not Enough Evidence
523,The northern collector tunnel is set to increase water supply to Nairobi  by 40 million litres per day when complete.,16-09-2024,"Nairobi governor, Johnson Sakaja",KE,https://web.archive.org/web/20240926090948/https://www.the-star.co.ke/news/2024-09-16-sakaja-bullish-on-his-scorecard-after-two-years-amid-criticism/,interview in Kenyan newspaper the Star,,Supported
524,Nairobi county only had four sources of water in August 2022.,16-09-2024,"Nairobi governor, Johnson Sakaja",KE,https://web.archive.org/web/20240926090948/https://www.the-star.co.ke/news/2024-09-16-sakaja-bullish-on-his-scorecard-after-two-years-amid-criticism/,interview in Kenyan newspaper the Star,,Not Enough Evidence
525,Minnesota Gov. Tim Walz signed a law letting immigrants illegally in Minnesota get driver’s licenses.,06-08-2024,@ByronDonalds,US,https://x.com/ByronDonalds/status/1820945271561580931,X (Formally Twitter) Post,,Supported
526,"In America, 1 in 3 women of reproductive age live in a state with an abortion ban.",23-01-2024,Vice President Kamala Harris,US,https://web.archive.org/web/20241112153605/https://www.whitehouse.gov/briefing-room/speeches-remarks/2024/01/22/remarks-by-vice-president-harris-to-kick-off-nationwide-fight-for-reproductive-freedoms-tour-big-bend-wi/,Speech at George Mason University campus in Manassas,,Not Enough Evidence
527,Video shows Kamala Harris has a drinking problem.,03-11-2024,Digital Truth News,US,https://mvau.lt/media/d812b55c-c308-4c79-8a47-c3305992c72e,Instagram,,Not Enough Evidence
528,Holes in fruits and vegetables are a sign of snake bites.,29-11-2024,Dhistory Fed,TH,https://mvau.lt/media/66bed7e3-5a3c-4e65-9ff1-ba578935def9,Facebook,,Refuted
529,The number of matriculants completing their schooling with a bachelor’s pass is on the rise.,01-01-2023,ActionSA,ZA,,ActionSA election manifesto,,Not Enough Evidence
530,Photo shows aircraft landing at Beirut airport amid Israeli attack.,20-10-2024,Carlos Lopez,LB,https://ghostarchive.org/archive/1kTes,Twitter,,Not Enough Evidence
531,The proportion of the population living below the poverty line has reduced from 69.3% in 1990 to as low as 17.4% in 2023 in Namibia.,01-09-2024,South West Africa People’s Organisation (Swapo) party,ZA,https://web.archive.org/web/20241129202315/https://nbcnews.na/sites/default/files/elections/09/Ver%204.0-2024%20SWAPO%20-%20Manifesto.pdf,South West Africa People’s Organisation (Swapo) party manifesto,,Supported
532,An image of a young Brigitte Macron is evidence that France’s first lady is actually a man.,01-08-2024,DIOGO COHEA,FR,https://web.archive.org/web/20241104000944/https://www-media.aap.com.au/wp-content/uploads/2024/08/13091154/macron1.jpg,Instagram,,Refuted
533,"Over many years, the ANC-led government has registered a budget deficit",01-01-2023,Congress of the People (Cope),ZA,,Congress of the People (Cope) election manifesto,,Supported
534,Adult literacy in South Africa now stands at 85%.,13-01-2024,Cyril Ramaphosa,ZA,https://www.youtube.com/watch?v=VKyXasgd0XM,YouTube,,Not Enough Evidence
535,Adult literacy in South Africa was only 64% in 1996.,13-01-2024,Cyril Ramaphosa,ZA,https://www.youtube.com/watch?v=VKyXasgd0XM,YouTube,,Supported
536,"The ruling governments Swapo Party manifesto states it would spend about N$85 billion over the next five years to create more than 500,000 jobs.",27-11-2024,Netumbo Nandi-Ndaitwah,NA,https://web.archive.org/web/20241207233305/https://drive.google.com/file/d/1N3BkpnhzfMlJYVQCFV5be-u5KsSjSmiz/view?usp=sharing,Swapo Party rally,,Not Enough Evidence
537,"The number of Namibian people in formal employment has more than doubled from just over 180,000 in 1990 to over 725,000 in 2024.",01-09-2024,South West Africa People’s Organisation (Swapo) party,ZA,https://web.archive.org/web/20241129202315/https://nbcnews.na/sites/default/files/elections/09/Ver%204.0-2024%20SWAPO%20-%20Manifesto.pdf,South West Africa People’s Organisation (Swapo) party manifesto,,Not Enough Evidence
538,Video shows plane crashing into California tower.,30-07-2024,negrita_chula1,US,https://archive.org/details/plane-crashing,Instagram,,Not Enough Evidence
539,Turkey is the main reason you’re tired after a Thanksgiving meal.,28-07-2022,thunder_boltxx,US,https://web.archive.org/web/20241221084549/https://www.reddit.com/r/Cooking/comments/wa30df/does_turkey_really_make_you_sleepy/,Reddit,,Not Enough Evidence
540,The ratio of one police officer for every 242 citizens in a population is alarmingly low.,01-01-2023,MK Party,ZA,,MK Party election manifesto,,Not Enough Evidence
541,South Africa’s murder rate is currently the second highest in the world,01-01-2023,Freedom Front Plus (FF Plus),ZA,,Freedom Front Plus (FF Plus) election manifesto,,Not Enough Evidence
542,Just under 90% of the population is connected to the energy grid.,01-01-2023,Congress of the People (Cope),ZA,,Congress of the People (Cope) election manifesto,,Not Enough Evidence
543,Former President Donald Trump admitted during the Sept. 10 presidential debate that he blew up the Nord Stream pipeline.,12-09-2024,jrcolbert,US,https://web.archive.org/web/20240914004818/https://ghostarchive.org/iarchive/instagram/jrcolbert/3455488841447087662,Instagram,,Refuted
544,The Office of the Vice President was given a zero budget for 2025.,14-09-2024,PINAS NEWS HEADLINES,PH,,YouTube user post,,Not Enough Evidence
545,"Video shows a person casting five consecutive votes for the Bharatiya Janata Party (BJP) candidate in the Karimganj Lok Sabha constituency of Assam during the second phase of the elections on April 26, 2024.",27-04-2024,@tanmoyofc,IN,https://x.com/tanmoyofc/status/1784539855403483645,X (Formerly Twitter) ,,Not Enough Evidence
546,More than 5.8 million people in South Africa are on antiretroviral treatment.,13-01-2024,Cyril Ramaphosa,ZA,https://www.youtube.com/watch?v=VKyXasgd0XM,YouTube,,Supported
547,"No one attended the Aug. 7, 2024, Vice President Kamala Harris and Minnesota Gov. Tim Walz rally in Michigan.",09-08-2024,Steve Trott,US,https://ia801402.us.archive.org/9/items/aug.-10-facebook-post-by-steve-trott/Aug.%2010%20Facebook%20post%20by%20Steve%20Trott.JPG,Facebook ,,Not Enough Evidence
548,British television presenter Jonnie Irwin died of turbo cancer caused by COVID-19 vaccines.,04-02-2024,Ryan Brooks,GB,https://archive.ph/4jZ6X#selection-379.0-379.11,Facebook ,,Refuted
549,Video shows Salman Khan threatening Lawrence Bishnoi.,16-10-2024,Saiyad Kadir,IN,https://www.facebook.com/saiyad.kadir.56/videos/504785372458644,Facebook,,Not Enough Evidence
550,Video shows massive waves hitting the coastline and onlookers being swept away from the shore in Japan in 2024.,01-01-2023,sunildhojak,JP,https://ghostarchive.org/archive/wNhTi?wr=true,X,,Not Enough Evidence
551,Video shows waves toppling and rocking boats and yachts at a coastline and water flowing onto streets and residential areas in Japan.,01-01-2024,Param|PCS,JP,https://ghostarchive.org/archive/3OW1C,X,,Not Enough Evidence
552,President Ferdinand Marcos Jr. has resigned. This is the sudden decision of President Marcos.,21-03-2024,PINAS BALITA TV,PH,,Youtube,,Refuted
553,An image shows the social media profile of the accused suspect in the Apalachee High School shooting.,03-09-2024,,US,https://www.instagram.com/accounts/login/?next=https%3A%2F%2Fwww.instagram.com%2Fp%2FC_hX9Uhg8bu%2F%3Futm_source%3Dig_embed%26ig_rid%3D665ca007-9d18-4ae8-8f5d-5340bf24c650&is_from_rle,Instagram,,Not Enough Evidence
554,"Lead and arsenic in tampons causes endometriosis, polycystic ovarian syndrome (PCOS), ovarian cysts, infertility, hormonal imbalance, and cancer in the reproductive system.",01-01-2023,,US,https://web.archive.org/web/20240804075728/https://perma.cc/2HSV-NU9V,TikTok,,Not Enough Evidence
555,Kamala Harris proposed on X that “we have the next debate at a venue Donald Trump feels more comfortable: Jeffrey Epstein’s townhouse.”,24-07-2024,budsbarn,US,https://web.archive.org/web/20240918215633/https://archive.is/sIokK,Threads,,Not Enough Evidence
556,Video shows Arvind Kejriwal ignoring Rahul Gandhi.,28-11-2024,Ghanshyam Goyal,IN,https://web.archive.org/web/20241203005457/https://perma.cc/NN3Z-86QK,Facebook,,Not Enough Evidence
557,"Donald Trump said “Hello my Pakistani American friends, if I win I will try my best to get Imran Khan out of jail as soon as possible.""",06-11-2024,@SeherUjala,US,https://web.archive.org/web/20241112215319/https://twitter.com/SeherUjala/status/1854080144358465677?ref_src=twsrc%5Etfw,X,,Not Enough Evidence
558,Video shows Rahul Gandhi 'speaking incoherently' during election campaign.,11-04-2024,Krishna Kumar Murugan,IN,https://web.archive.org/web/20240528050236/https://perma.cc/8N8J-HJZW?type=standard,X,,Not Enough Evidence
559,"American cartoonist Ben Garrison created a political cartoon targeting India's main Opposition party, the Indian National Congress (INC).",26-05-2024,S Gurumurthy,IN,https://web.archive.org/web/20240728102859/https://perma.cc/RJP7-ATJA,X,,Supported
560,"A video suggested that Schaumburg, Illinois was not recording votes that were received early.",23-10-2024,snowflake_news,US,https://archive.is/rMBf0,Instagram user post,,Not Enough Evidence
561,"BJP’s Navneet Rana, Ajay Teni and Madhavi Latha, and Congress’ Kanhaiya Kumar – lost their respective seats by the same margin of 19,731 votes in the recent Lok Sabha polls.",05-06-2024,Harendra Sahani,IN,https://web.archive.org/web/20240613195302/https://www.facebook.com/photo/?fbid=7908103925976336&set=a.136817603105046,Facebook,,Not Enough Evidence
562,COVID-19 patients who are given Remdesivir die.,12-03-2024,Dr. David Martin,US,https://web.archive.org/web/20240807031252/https://ghostarchive.org/iarchive/instagram/thedivinematrixx/3397840978893455344,Facebook user post,,Not Enough Evidence
563,"Harper Collins “removed 64,575 words from the Bible.”",28-05-2024,Karen Stanton,US,https://web.archive.org/web/20240622125930/https://archive.is/9kzkR#selection-1231.0-1239.57,Facebook,,Not Enough Evidence
564,No action was taken against those who wrote Ram on a goat.,18-06-2024,Sapna Sood,IN,https://www.facebook.com/photo/?fbid=2769091039921137,Facebook,,Not Enough Evidence
565,Biden’s let in 8 million people just in four years.,10-01-2024,Ron DeSantis,US,,,,Refuted
566,"“We have close to four-and-a-half million young people in Kenya who are out of school, out of college with degrees, certificates, diplomas, without jobs.”",29-06-2024,William Ruto,KE,https://web.archive.org/web/20240924032508/https://www.youtube.com/watch?v=sBivyw499GU,Citizen TV Kenya,,Not Enough Evidence
567,The incidence of tuberculosis in South Africa is continuing to come down.,13-01-2024,Cyril Ramaphosa,ZA,https://www.youtube.com/watch?v=VKyXasgd0XM,YouTube,,Not Enough Evidence
568,"Short profile of Turkish Olympic medallist and viral sensation Yusuf Dikeç, describing him as a mechanic in an Istanbul garage who took up shooting to cope with his divorce and to prove his ex-wife wrong.",02-08-2024,Ajit Nandal Indian Cowboy,TR,https://archive.is/6vjey,Twitter,,Not Enough Evidence
569,"Kenya raised, this year, KSh2.3 trillion from our taxes.",29-06-2024,William Ruto,KE,https://web.archive.org/web/20240924032508/https://www.youtube.com/watch?v=sBivyw499GU,Citizen TV Kenya,,Not Enough Evidence
570,The number of South Africans who were in employment was eight million when the ANC got into office in 1994.,13-01-2024,Cyril Ramaphosa,ZA,https://www.youtube.com/watch?v=VKyXasgd0XM,YouTube,,Not Enough Evidence
571,"In 2013, the debt stock of Kenya was KSh1.8 trillion.",29-06-2024,William Ruto,KE,https://web.archive.org/web/20240924032508/https://www.youtube.com/watch?v=sBivyw499GU,Citizen TV Kenya,,Not Enough Evidence
572,In Kenya for ten years that [KSh1.8 trillion in debt] increased five times to KSh11 trillion or KSh10-point-something trillion.,29-06-2024,William Ruto,KE,https://web.archive.org/web/20240924032508/https://www.youtube.com/watch?v=sBivyw499GU,Citizen TV Kenya,,Not Enough Evidence
573,Kenya imports potatoes from Europe.,29-06-2024,William Ruto,KE,https://web.archive.org/web/20240924032508/https://www.youtube.com/watch?v=sBivyw499GU,Citizen TV Kenya,,Supported
574,South Africa is losing billions of litres of water because water infrastructure is not maintained.,01-01-2023,Freedom Front Plus (FF Plus),ZA,,Freedom Front Plus (FF Plus) election manifesto,,Supported
575,The Office of the Ombudsman of the Philippines has filed a case against Marikina Rep. Stella Quimbo over her alleged lavish lifestyle.,30-09-2024,PINAS NEWS HEADLINES,PH,,YouTube,,Not Enough Evidence
576,In Kenya the price of maize flour is at KSh100.,29-06-2024,William Ruto,KE,https://web.archive.org/web/20240924032508/https://www.youtube.com/watch?v=sBivyw499GU,Citizen TV Kenya,,Not Enough Evidence
577,The 9th Circuit Court of Appeals ruled that the mRNA COVID-19 jab is not a vaccine under traditional medical definitions. Traditional vaccines should prevent transmission or provide immunity to those who get them.,10-06-2024,only.dads.official,US,https://archive.fo/S4CmU#selection-431.0-431.18,Instagram,,Refuted
578,Kenya will actually be the only country in Africa that will benefit from the Chips Act.,29-06-2024,William Ruto,KE,https://web.archive.org/web/20240924032508/https://www.youtube.com/watch?v=sBivyw499GU,Citizen TV Kenya,,Not Enough Evidence
579,Labour leader Sir Keir Starmer would want to work a “four-day week” as prime minister.,01-07-2024,@AdamBienkov,GB,https://ghostarchive.org/archive/lh5Vt,X (Formerly Twitter) ,,Not Enough Evidence
580,I enhanced the budget for universities in Kenya  by KSh40 billion.”,29-06-2024,William Ruto,KE,https://web.archive.org/web/20240924032508/https://www.youtube.com/watch?v=sBivyw499GU,Citizen TV Kenya,,Not Enough Evidence
581,Inflation in Kenya is now 4.6%. when I came into office it was 9% inflation coming from food products.,29-06-2024,William Ruto,KE,https://web.archive.org/web/20240924032508/https://www.youtube.com/watch?v=sBivyw499GU,Citizen TV Kenya,,Not Enough Evidence
582,"When I came into office, the Kenyan judiciary was getting KSh18 billion, today they are getting KSh25 billion",29-06-2024,William Ruto,KE,https://web.archive.org/web/20240924032508/https://www.youtube.com/watch?v=sBivyw499GU,Citizen TV Kenya,,Not Enough Evidence
583,Kenya are paying 46% of our revenues for salaries and wages.,29-06-2024,William Ruto,KE,https://web.archive.org/web/20240924032508/https://www.youtube.com/watch?v=sBivyw499GU,Citizen TV Kenya,,Not Enough Evidence
584,Kenya are paying 46% of our revenues for salaries and wages....when the legally …established space should be 35%.,29-06-2024,William Ruto,KE,https://web.archive.org/web/20240924032508/https://www.youtube.com/watch?v=sBivyw499GU,Citizen TV Kenya,,Conflicting Evidence/Cherry-picking
585,"Mexican President Claudia Sheinbaum proposed annexing Guatemala so it would become the ""33rd state"" in Mexico.",01-01-2023,thefoocommunitynews,MX,https://web.archive.org/web/20241220233334/https://www.instagram.com/p/DDvnNXupKzR/,Instagram,,Refuted
586,"Photo shows a picture of Apollo Quiboloy and claims an American court junked human trafficking, forced labor, and money laundering charges against a leader of the Kingdom of Jesus Christ.",01-01-2023,,US,,Facebook,,Not Enough Evidence
587,AIDS “only started” after smallpox vaccination trials in Africa.,14-08-2024,matt.lawsonphotography,,https://web.archive.org/web/20240918093617/https://archive.md/GeHB7,Instagram,,Refuted
588,The economy of South Africa has expanded over the past 30 years.,13-01-2024,Cyril Ramaphosa,ZA,https://www.youtube.com/watch?v=VKyXasgd0XM,YouTube,,Supported
589,South Africa is the most unequal country in the world.,20-01-2024,Rise Mzansi party,ZA,https://web.archive.org/web/20240601154657/https://assets.website-files.com/6512abc58b1468c2e0784360/65ab627c5faa95ea313ab276_RISE%20Mzansi%20Manifesto%20%2B%20.pdf,Rise Mzansi’s election manifesto,,Conflicting Evidence/Cherry-picking
590,Black women are more likely to live below the poverty line in South Africa.,20-01-2024,Rise Mzansi party,ZA,https://web.archive.org/web/20240601154657/https://assets.website-files.com/6512abc58b1468c2e0784360/65ab627c5faa95ea313ab276_RISE%20Mzansi%20Manifesto%20%2B%20.pdf,Rise Mzansi’s election manifesto,,__INVALID__
591,Nairobi collected KSh12.8 billion of revenue in the last financial year.,16-09-2024,"Nairobi governor, Johnson Sakaja",KE,https://web.archive.org/web/20240926090948/https://www.the-star.co.ke/news/2024-09-16-sakaja-bullish-on-his-scorecard-after-two-years-amid-criticism/,Interview in Kenyan newspaper the Star,,Not Enough Evidence
592,The northern collector tunnel is set to increase water supply to the city of Nairobi by 40 million litres per day when complete.,16-09-2024,"Nairobi governor, Johnson Sakaja",KE,https://web.archive.org/web/20240926090948/https://www.the-star.co.ke/news/2024-09-16-sakaja-bullish-on-his-scorecard-after-two-years-amid-criticism/,Interview in Kenyan newspaper the Star,,Supported
593,"Namibia's food insecurity persists, with approximately 22% of the population experiencing acute food insecurity.",01-08-2024,Popular Democratic Movement (PDM),NA,https://drive.google.com/file/d/1CSWtyHLl0QcJSR8hHVaysvgYkO2ePjPY/view,"Popular Democratic Movement (PDM), election manifesto",,Supported
594,62% of Namibia's working-age adults are between the ages of 15 and 34.,01-08-2024,Popular Democratic Movement (PDM),NA,https://drive.google.com/file/d/1CSWtyHLl0QcJSR8hHVaysvgYkO2ePjPY/view,"Popular Democratic Movement (PDM), election manifesto",,Not Enough Evidence
595,"Kenya has close to four-and-a-half million young people who are out of school, out of college with degrees, certificates, diplomas, without jobs.",30-06-2020,William Ruto,KE,https://web.archive.org/web/20240919014859/https://www.youtube.com/watch?v=sBivyw499GU,Citizen TV Kenya,,Not Enough Evidence
596,"CO2 is only 0.04% of the atmosphere, which shows climate change is a hoax.",07-02-2024,charp.media,US,https://ghostarchive.org/archive/AmVHp,Instagram user post,,Refuted
597,A satellite image of the Philippines was taken during the Panay Island blackout in early January.,03-01-2024,Tsismoso,PH,https://www.facebook.com/trendingNgayonPhilippines/posts/pfbid02uRoSE1WFMCu9wJkXYpBRiQjXmcKRbAjXSqdryZ2q96bTQaFxUcKmKh98b5r66Mrrl,Facebook,,Not Enough Evidence
598,Weather map images show phenomenon that caused giant waves in southern Africa after eclipse.,13-04-2024,Roger Felter,ZA,https://www.facebook.com/roger.felter/posts/pfbid021qHUfHPaEGobyELYBb5JmrA2tUdbSQbj7S1LS9g2aeGRwPJnCmCiZMZ9eHbXQTTWl,facebook user post,,Not Enough Evidence
599,Kenya spent KSh1 trillion on debt financing.,29-06-2020,William Ruto,KE,https://web.archive.org/web/20240919014859/https://www.youtube.com/watch?v=sBivyw499GU,Citizen TV Kenya,,Not Enough Evidence
600,YouTube ads restart if the user looks away.,14-06-2024,@soren Iverson,US,https://archive.org/details/6-14-2024-instagram-post-by-sociaty,Instagram user post,,Not Enough Evidence
601,"In 2013, the debt stock of Kenya was KSh1.8 trillion.",29-06-2020,William Ruto,KE,https://web.archive.org/web/20240919014859/https://www.youtube.com/watch?v=sBivyw499GU,Citizen TV Kenya,,Not Enough Evidence
602,Taylor Swift cancelled concerts in red states after the 2024 U.S. election.,10-11-2024,NFL Fandom,US,https://www.facebook.com/permalink.php?story_fbid=pfbid03YtjefLfoqZ4rpAfk4gFrZC2ZqshRMpLAsDmSeYcqWV5CjevcSrjpC4FqXhs4yG9l&id=61561837718147,Facebook ,,Not Enough Evidence
603,For ten years that KSh1.8 trillion in debt increased five times to KSh11 trillion or KSh10-point-something trillion.,29-06-2020,William Ruto,KE,https://web.archive.org/web/20240919014859/https://www.youtube.com/watch?v=sBivyw499GU,Citizen TV Kenya,,Not Enough Evidence
604,CNN aired the live 2024 presidential debate between President Joe Biden and former President Trump with a one-to-two-minute delay instead of the standard seven-second delay.,26-06-2024,todayisamerica,US,https://www.instagram.com/p/C8u0i-CuSFB/?utm_source=ig_embed&ig_rid=efe5c806-f01d-467a-9460-c2434c9adcff,Instagram,,Not Enough Evidence
605,New US law bans people from owning pit bulls.,14-04-2024,La Ventana Noticias,US,https://www.facebook.com/laventananoticias/posts/pfbid06XspDmwoubA9W28BWzAANMSeuLLGtXXHpmpon5CuqE5y7R9z2TRc6WpFdHG7HToEl,Facebook ,,Refuted
606,Kenya imports potatoes from Europe.,29-06-2020,William Ruto,KE,https://web.archive.org/web/20240919014859/https://www.youtube.com/watch?v=sBivyw499GU,Citizen TV Kenya,,Supported
607,"A text warning has been circulating, alerting netizens about possible bombings in certain areas of Davao City in the Philippines.",31-01-2024,,PH,,Facebook,,Not Enough Evidence
608,Riley Gaines won $10 million against Whoopi Goldberg for defaming her reputation.,25-06-2024,King Of Cachet,US,https://www.facebook.com/permalink.php?story_fbid=pfbid02Ri15KC139KrUdV4kaHXseLy7YZMZBPSuXkjXKALCy3yydgrX8AR6mKpkS2Xg8sSfl&id=61554472372426,Facebook ,,Refuted
609,"U.S. Rep. Alexandria Ocasio-Cortez said, ''The moon is more important than the sun as the moon gives us light at night when it is dark out. The sun only gives us light during the day when it is already light out''.",23-04-2024,Follow MeTo Wonderland,US,https://www.facebook.com/groups/219072197013585/posts/754171636836969/,Facebook User post,,Refuted
610,"Kamala Harris “returned” a $5,000 donation Donald Trump made to her campaign in 2011.",21-07-2024,marcslove,US,https://web.archive.org/web/20240723000738/https://archive.ph/eleMf,Threads user post,,Refuted
611,"Wisconsin’s unemployment rate of 2.4% last year, was an all time low.",23-01-2024,Democratic Gov. Tony Evers,US,,Annual State of the State address,,Supported
612,"Of the 257 municipalities in South Africa, 151 are on the brink of financial collapse … and 43 have already collapsed and are in crisis",17-02-2024,Democratic Alliance,ZA,https://web.archive.org/web/20241125071309/https://cdn.da.org.za/wp-content/uploads/2024/02/16143750/DA-Election-Manifesto-2024.pdf," Democratic Alliance (DA), election manifesto",,Not Enough Evidence
613,The price of maize flour is at KSh100.,29-06-2020,William Ruto,KE,https://web.archive.org/web/20240919014859/https://www.youtube.com/watch?v=sBivyw499GU,Citizen TV Kenya,,Not Enough Evidence
614,81% of grade 4 learners cannot read in south Africa,17-02-2024,Democratic Alliance,ZA,https://web.archive.org/web/20241125071309/https://cdn.da.org.za/wp-content/uploads/2024/02/16143750/DA-Election-Manifesto-2024.pdf,"Democratic Alliance (DA), election manifesto",,Supported
615,"In 2022, there were 0.79 doctors per 1,000 citizens in South Africa, much lower than other middle-income countries such as Brazil, where there are 2.3 doctors per 1,000 citizens",17-02-2024,Democratic Alliance,ZA,https://web.archive.org/web/20241125071309/https://cdn.da.org.za/wp-content/uploads/2024/02/16143750/DA-Election-Manifesto-2024.pdf,"Democratic Alliance (DA), election manifesto",,Supported
616,Kenya will actually be the only country in Africa that will benefit from the Chips Act.,29-06-2020,William Ruto,KE,https://web.archive.org/web/20240919014859/https://www.youtube.com/watch?v=sBivyw499GU,Citizen TV Kenya,,Not Enough Evidence
617,Kenyan public universities had a debt of KSh60 billion.,29-06-2020,William Ruto,KE,https://web.archive.org/web/20240919014859/https://www.youtube.com/watch?v=sBivyw499GU,Citizen TV Kenya,,Not Enough Evidence
618,William Ruto enhanced the budget for universities by KSh40 billion.,29-06-2020,William Ruto,KE,https://web.archive.org/web/20240919014859/https://www.youtube.com/watch?v=sBivyw499GU,Citizen TV Kenya,,Not Enough Evidence
619,"Trump said: ""Historically Black Colleges and Universities were out of money. They were stone-cold broke and I saved them, and I gave them long term financing, and nobody else was doing it.""",30-07-2024,Donald Trump,US,https://web.archive.org/web/20241208022717/https://www.c-span.org/video/?537472-1/president-trump-speaks-nabj-conference,National Association of Black Journalists conference,,Not Enough Evidence
620,Inflation in Kenya is now 4.6%. when Ruto came into office it was 9% inflation coming from food products.,29-06-2020,William Ruto,KE,https://web.archive.org/web/20240919014859/https://www.youtube.com/watch?v=sBivyw499GU,Citizen TV Kenya,,Not Enough Evidence
621,"Trump: ""They're invading. It's an invasion of millions of people, probably 15, 16, 17 million people. I have a feeling it's much more than that.""",30-07-2024,Donald Trump,US,https://web.archive.org/web/20241208022717/https://www.c-span.org/video/?537472-1/president-trump-speaks-nabj-conference,National Association of Black Journalists conference,,Refuted
622,"When William Ruto came into office, the judiciary was getting KSh18 billion, today they are getting KSh25 billion.",29-06-2020,William Ruto,KE,https://web.archive.org/web/20240919014859/https://www.youtube.com/watch?v=sBivyw499GU,Citizen TV Kenya,,Not Enough Evidence
623,Video shows fight between Swati Maliwal and Kejriwal’s PA.,13-05-2024,𝐒𝐚𝐫𝐢𝐤𝐚 𝐓𝐲𝐚𝐠𝐢,IN,https://web.archive.org/web/20240523222023/https://twitter.com/x/migrate?tok=eyJlIjoiL3NhcmlrYXR5YWdpOTcvc3RhdHVzLzE3OTAzMjU5NTA0ODEzMTAwNjMvdmlkZW8vMSIsInQiOjE3MTY1MDI4MjN9688agzNzmNKQas9igVU5Wg%3D%3D,X,,Not Enough Evidence
624,Kenya are paying 46% of their revenues for salaries and wages.,29-06-2020,William Ruto,KE,https://web.archive.org/web/20240919014859/https://www.youtube.com/watch?v=sBivyw499GU,Citizen TV Kenya,,Not Enough Evidence
625,The law does not allow for more than 35% to be spent on public salaries.,29-06-2020,William Ruto,KE,https://web.archive.org/web/20240919014859/https://www.youtube.com/watch?v=sBivyw499GU,Citizen TV Kenya,,Not Enough Evidence
626,PM Modi ignored a handshake offer from US President Joe Biden at the G7 summit.,14-06-2024,@VickyAarya007,IN,https://archive.ph/8gi5B,X,,Not Enough Evidence
627,"Video shows plane carrying Bashar al-Assad, the ousted president of Syria, crashing near Homs City after departing Damascus.",08-12-2024,White Vador,SY,https://web.archive.org/web/20241209132210/https://perma.cc/66ZR-23J9,X,,Not Enough Evidence
628,"Project 2025 would end Head Start, a federally funded program that supports early education and other services for low-income Americans.",18-07-2024,Kamala Harris,US,https://web.archive.org/web/20241205073813/https://www.whitehouse.gov/briefing-room/speeches-remarks/2024/07/18/remarks-by-vice-president-harris-at-a-political-event-9/,,,Not Enough Evidence
629,A Muslim woman in the U.S. questioned officials at a panel why Donald Trump's cabinet included members of various religions but no Muslims.,17-12-2024,Arvind Mohan Singh,US,https://web.archive.org/web/20241218112236/https://perma.cc/3FP8-WZXQ,X,,Not Enough Evidence
630,Tennessee Republicans are advancing a ‘marry little kids’ bill that will allow them to marry children of any age.,11-03-2024,aunt_evil,US,https://www.instagram.com/p/C4ZE4s-vbcF/?utm_source=ig_embed&ig_rid=36f8c529-1585-4b2d-ad6c-ab56da242663,Instagram,,Refuted
631,"Image shows Donald Trump's probation officer, Rohondra Williams.",02-06-2024,itsweeziehere,US,https://ia904705.us.archive.org/24/items/060324-trumpprobation/060324_TRUMPPROBATION.png,Threads user post,,Not Enough Evidence
632,Video shows a huge castle-themed cake presented during the recent Anant Ambani-Radhika Merchant pre-wedding bash.,06-03-2024,@nair_nandu08,IN,https://archive.is/A89Wu,X,,Not Enough Evidence
633,Fluoride is an industrial waste associated with IQ loss.,02-11-2024,Robert F. Kennedy Jr,US,https://x.com/RobertKennedyJr/status/1852812012478398923,X,,Conflicting Evidence/Cherry-picking
634,Frank Bainimarama was released from prison early because he was pardoned by Trump.,09-11-2024,Fiji News Link,FJ,https://archive.md/Xxx8t,Facebook,,Refuted
635,The United States is the only country with birthright citizenship.,29-10-2018,Donald Trump,US,https://www.axios.com/2018/10/30/trump-birthright-citizenship-executive-order,Axios,,Refuted
636,Baltimore’s Francis Scott Key Bridge was targeted with energy weapons.,02-04-2024,miri.p.swiss.truths,US,https://www.instagram.com/p/C5PsmYoNxqm/,Instagram,,Refuted
637,Saudi Arabian desert covered in snow for the first time in history,03-11-2024,Nurlan Mededov,SA,https://x.com/mededov_nurlan/status/1853046855707316318,X,,Refuted
638,Precipitation in Saudi Arabian desert proves or disproves the occurrence of climate change.,03-11-2024,,SA,,X,,Not Enough Evidence
639,US Vice President Kamala Harris was fired from McDonald’s for stealing.,29-08-2024,America - Love It Or Leave It,US,https://www.facebook.com/ALLODRetro/posts/pfbid0GyJYFKPBncE7w5kEBnfAHKfLFydugYuzDghuScmiSKx1GJgMpEX2w6iVirLwNHP4l,Facebook,,Refuted
640,"Republican presidential candidate former UN Ambassador Nikki Haley claims 'We had more fentanyl cross the border last year, that would kill every single American"".",06-01-2024,Nikki Haley,US,https://web.archive.org/web/20240711042629/https://www.youtube.com/watch?v=JGTJy1Ij4Qk,You tube,,Not Enough Evidence
641,"Republican presidential candidate former UN Ambassador Nikki Haley claims Fentanyl overdoses are the ""No. 1 cause of death for adults 18 to 45.""",06-01-2024,Nikki Haley,US,https://web.archive.org/web/20240711042629/https://www.youtube.com/watch?v=JGTJy1Ij4Qk,You tube ,,Supported
642,"In 2023, the tourism sector in South Africa grew by 49% compared to the previous year.",17-07-2024,Patricia de Lille,ZA,,Opening of parliament address ,,Not Enough Evidence
643,"In 2022, the number of households with access to electricity, piped water and sanitation in South Africa increased to 80%.",17-07-2024,Maropene Ramokgopa,ZA,,Opening of parliament address ,,Not Enough Evidence
644,Mohan Bhagwat made the statement praising Congress’ role in India's Independence after the fifth phase of voting for the Indian general elections concluded on May 20.,21-05-2024,Hitendra Pithadiya,IN,https://perma.cc/S9QK-GBSC,Twitter,,Not Enough Evidence
645,More than 60% of South Africans are listed in the credit bureau.,17-07-2024,Seeng Mokoena,ZA,,Opening of parliament address ,,Supported
646,Photo shows Congress polling volunteer sleeping during the Lok Sabha 2024 elections.,01-01-2023,@raviadi7793,IN,https://web.archive.org/web/20240420111018/https:/twitter.com/raviadi7793/status/1781540930757210415,X,,Not Enough Evidence
647,"The NDP target was to reduce poverty in South Africa from 39% by 2030, but poverty today is more than 50%.",17-07-2024,Julius Malema,ZA,,Opening of parliament address ,,Refuted
648,More people live in poverty under Cyril Ramaphosa than in any other period in South Africa in the past 30 years.,17-07-2024,Julius Malema,ZA,,Opening of parliament address ,,Not Enough Evidence
649,2019 CDC job posting looking for public health advisors for quarantine stations around the U.S.  prove the COVID-19 pandemic was planned,26-06-2024,La Madrina,US,https://archive.org/details/cdc-quarintine-jobs,Facebook user post,,Not Enough Evidence
650,"FDA law about All-Hazards Preparedness 
 Reauthorization Act of 2013, proves Covid 19 pandemic was planned.",26-06-2024,La Madrina,US,https://archive.org/details/cdc-quarintine-jobs,facebook user post,,Not Enough Evidence
651,"Higher temperatures are only the result of urban development, not global warming.",12-04-2024,Climate Change is Crap,US,https://web.archive.org/web/20240615011712/https://www.facebook.com/100064469600785/posts/812417607583885,Facebook,,Refuted
652,"Bill Gates has introduced a maggot milk product, called EntoMilk",21-06-2024,Frank Bergman,US,https://archive.ph/xyWnW#selection-391.0-391.13,Slay News,,Refuted
653,Project 2025 is a plan from former President Donald Trump.,04-07-2024,The Liberal Curmudgeon,US,https://www.facebook.com/photo/?set=a.948565732751766&fbid=1392830098325325,Facebook,,Supported
654,Ukraine's president Volodymyr Zelenskyy has introduced a new law that would allow for the harvesting of body organs without consent.,12-06-2024,Clayton Morris,UA,https://perma.cc/ZVX5-AN3E,YouTube user upload,,Refuted
655,"US mistakes Rahul Gandhi as Pakistani leader, plays the country’s national anthem upon his arrival at an event.",19-09-2024,VK Mishra,PK,https://archive.is/X14rP,X,,Refuted
656,Kamala Harris is not eligible to hold the office of president because her parents were non-citizens.,21-07-2024,,US,https://web.archive.org/web/20240727043150/https://www.instagram.com/accounts/login/?next=https%3A%2F%2Fwww.instagram.com%2Freel%2FC9s-bIkOlxK%2F&is_from_rle,Instagram ,,Refuted
657,"Over 95,000 ration cards canceled recently in Telangana",04-01-2024,Telugu Scribe,IN,https://x.com/TeluguScribe/status/1742793426616418627?s=20,X,,Not Enough Evidence
658,Hunters shoot ‘trans-species’ man who identifies as a deer,10-02-2024,darkhumor,US,https://www.instagram.com/p/C3L1yA6rYoh/,Instagram,,Refuted
659,Tennis player's collapse at Miami Open is linked to COVID-19 vaccine,18-03-2024,fakenewshurts,US,,Instagram,,Not Enough Evidence
660,"Kamala Harris only promoted her Indian heritage, until recently when she all of a sudden wants to be known as Black.",30-07-2024,Donald Trump,US,https://web.archive.org/web/20241208022717/https://www.c-span.org/video/?537472-1/president-trump-speaks-nabj-conference,National Association of Black Journalists conference,,Conflicting Evidence/Cherry-picking
661,"In his first term, Donald Trump accomplished the most for Black Americans since Abraham Lincoln.",30-07-2024,Donald Trump,US,https://web.archive.org/web/20241208022717/https://www.c-span.org/video/?537472-1/president-trump-speaks-nabj-conference,National Association of Black Journalists conference,,Conflicting Evidence/Cherry-picking
662,The law in Wisconsin on abortion time limit is 20 weeks. That is way outside the international bounds.,07-01-2024,Robin Vos,US,,,,Refuted
663,U.S. Olympic committee says Lia Thomas is welcome to try out for the men’s team.,11-05-2024,,US,https://web.archive.org/web/20240603164139/https://www.facebook.com/permalink.php?story_fbid=pfbid042XodYs17emDEYeYJGtFvdJubLuSNbM8JDobph6EbaZYt7eU7EBKf587rB2CKfYCl&id=61551501473052,Facebook,,Not Enough Evidence
664,Extreme cold weather is being created by machines from HAARP and CERN.,11-01-2024,Samuel Peavy,US,https://web.archive.org/web/20240413222055/https://archive.is/,Facebook,,Refuted
665,A letter shows that Prashant Kishor has been appointed as the National Chief Spokesperson of the BJP party.,21-05-2024,jharkhand.mukti.morcha.fan,IN,https://web.archive.org/web/20241231023309/https://www.instagram.com/p/C7RNZaty640/,Instagram,,Not Enough Evidence
666,"Sydney sea levels at Fort Denison down since 1914, which represents the true ocean rise story.",26-10-2024,Climate Change is Crap,AU,https://web.archive.org/web/20241124012754/https://www.facebook.com/cciscrap.com.au/posts/pfbid023wGwJdmJJCMHdj6xxf4y28W9Yk1jiXHzdYPykcjkkjdq4jRPuYZ5P5vBs9ro1XhXl,Facebook,,Not Enough Evidence
667,"South Africa has a backlog of over 2,000 mining licences.",20-01-2024,Songezo Zibi,ZA,https://web.archive.org/web/20240601154657/https://assets.website-files.com/6512abc58b1468c2e0784360/65ab627c5faa95ea313ab276_RISE%20Mzansi%20Manifesto%20%2B%20.pdf,Rise Mzansi party manifesto,,Not Enough Evidence
668,"South Africa now spends more money paying interest on loans than we do on policing, health, infrastructure and other needs.",20-01-2024,Songezo Zibi,ZA,https://web.archive.org/web/20240601154657/https://assets.website-files.com/6512abc58b1468c2e0784360/65ab627c5faa95ea313ab276_RISE%20Mzansi%20Manifesto%20%2B%20.pdf,Rise Mzansi party manifesto,,Not Enough Evidence
669,Unemployment is higher now than it was 20 years ago in South Africa.,20-01-2024,Songezo Zibi,ZA,https://web.archive.org/web/20240601154657/https://assets.website-files.com/6512abc58b1468c2e0784360/65ab627c5faa95ea313ab276_RISE%20Mzansi%20Manifesto%20%2B%20.pdf,Rise Mzansi party manifesto,,Not Enough Evidence
670,South Africa spends R2 billion a year on blue light brigades.,20-01-2024,Songezo Zibi,ZA,https://web.archive.org/web/20240601154657/https://assets.website-files.com/6512abc58b1468c2e0784360/65ab627c5faa95ea313ab276_RISE%20Mzansi%20Manifesto%20%2B%20.pdf,Rise Mzansi party manifesto,,Not Enough Evidence
671,"Speaker Martin Romualdez received a bribe from Okada Manila’s parent company, Universal Entertainment (UE).",17-10-2024,Sara Duterte,PH,https://web.archive.org/web/20241119114817/https://www.youtube.com/live/3aykrrj6hAA?si=ldWU32XjPBOAOFIL&t=6400,Youtube,,Not Enough Evidence
672,Violent crime is worse now than it was 20 years ago.,20-01-2024,Songezo Zibi,ZA,https://web.archive.org/web/20240601154657/https://assets.website-files.com/6512abc58b1468c2e0784360/65ab627c5faa95ea313ab276_RISE%20Mzansi%20Manifesto%20%2B%20.pdf,Rise Mzansi party manifesto,,Conflicting Evidence/Cherry-picking
673,Minnesota incarcerates about a third of what Wisconsin does.,01-02-2024,Kelda Helen Roys,US,,,,Not Enough Evidence
674,Trump appearing near the bottom of the ballot in North Carolina is a clear attempt at voter manipulation,27-08-2024,Red Eagle Politics,US,https://x.com/RedEaglePatriot/status/1828453077998805398,X,,Not Enough Evidence
675,"South Africa has a backlog of over 2,000 mining licences.",20-01-2024,Songezo Zibi,ZA,https://web.archive.org/web/20240601154657/https://assets.website-files.com/6512abc58b1468c2e0784360/65ab627c5faa95ea313ab276_RISE%20Mzansi%20Manifesto%20%2B%20.pdf,Rise Mzansi party manifesto,,__INVALID__
676,Kier Starmer did not take his Oath of Office.,03-09-2024,The White Rabbit Podcast,GB,https://x.com/AllBiteNoBark88/status/1831077718458515902,X,,Refuted
677,Rahul Gandhi’s speech promised to credit an annual sum of Rs. 1 Lakh for those youth who are surfing on social media.,21-04-2024,Dr. Richa Rajpoot,IN,https://x.com/doctorrichabjp/status/1782085279991603383,X,,Not Enough Evidence
678,Pete Buttigieg reveals that he is HIV-positive.,01-10-2024,Breaking911OnX,US,https://archive.ph/bBgcQ,X,,Refuted
679,A revolutionary pill that combines over 60 natural herbs cures COPD within three days.,26-11-2024,,US,https://web.archive.org/web/20241212093907/https://science.feedback.org/outlet/facebook/,Facebook,,Refuted
680,Nicotine is a cure for Parkinson's.,18-04-2024,Marla Cartright,US,https://web.archive.org/web/20240815141943/https://archive.md/Cc6ts,Facebook,,Refuted
681,Brain death is a fiction as patients still have a beating heart.,06-11-2024,Nicole Rennie Tietie,GB,https://mvau.lt/media/de97da06-7751-4977-94a3-8741592b45cb,Facebook,,Refuted
682,FIFA to announce a New rule Blue Card in Football.,08-02-2024,All Soccer News,GB,https://archive.is/4oIh6#selection-77.0-85.11,,,Not Enough Evidence
683,"Small boat migrant crossings on the English channel were down last year by a third, they’re down over the last 12 months by a little less than that.",11-06-2024,Rishi Sunak,GB,,Sky News’ Battle For No 10,,Not Enough Evidence
684,Vladimir Putin last week ordered the mass execution of 450 COVID-19 criminals the Russian Army had captured and imprisoned per Putin's March 2023 edict banning clot shots and vaccine research on Russian soil.,05-05-2024,Eddie John Tait,RU,https://web.archive.org/web/20240508192746/https://archive.ph/YmtnW,Facebook,,Not Enough Evidence
685,Missing Santiago Flight 513 landed after 35 years with 92 skeletons on board!,05-11-2024,Archaeology & Civilizations,BR,https://archive.is/yfefm,Facebook,,Refuted
686,2023 was not the hottest year on record.,15-01-2024,Roger Arthur,US,https://archive.md/4GHEx,Facebook,,Not Enough Evidence
687,Individuals at the World Economic Forum (WEF) said farming and fishing should be a 'serious crime'.,24-01-2024,PeterSweden7,,https://perma.cc/6YUP-2J9L,X,,Refuted
688,"Julian Assange said WikiLeaks has evidence that Barack Obama operated a child sex abuse ring at the White House, saying, ""The leak is bound to start a massive investigation. That is if we can get the word out before the news is swallowed up by the Obama shadow government."".",02-06-2024,Josh Dunlap,US,https://archive.ph/2024.06.10-013105/https://x.com/JDunlap1974/status/1797021640791908522?t=oR5Po1EKeydzPshX6aWaMw&s=19,X (formerly Twitter),,__INVALID__
689,"In 2020, Trump did much better in the Wisconsin election than 2016, and after the wrongdoing was found, people said, ‘Well, he actually did win.’",01-04-2024,Donald Trump,US,,WISN-AM,,Refuted
690,Donald Trump ‘intends to cut’ Medicare. This ignores Trump’s repeated pledges.,30-07-2024,Kamala harris,US,https://www.c-span.org/program/campaign-2024/vice-president-harris-campaigns-in-atlanta/645479,C-Span,,Conflicting Evidence/Cherry-picking
691,"In 2023, the tourism sector in South Africa grew by 49% compared to the previous year.",18-07-2024,SABC News,ZA,https://www.youtube.com/watch?v=lwfXGBxuaZo&feature=youtu.be,You tube ,,Not Enough Evidence
692,The Earth will be covered in darkness for three days starting on 4/8/24.,03-04-2024,,,,Facebook,,__INVALID__
693,More than 60% of South Africans are listed in the credit bureau.,18-07-2024,SABC News,ZA,https://www.youtube.com/watch?v=lwfXGBxuaZo&feature=youtu.be,You tube ,,Not Enough Evidence
694,"The NDP target in South Africa was to reduce poverty from 39% by 2030, but poverty today is more than 50%.",18-07-2024,SABC News,ZA,https://www.youtube.com/watch?v=lwfXGBxuaZo&feature=youtu.be,You Tube,,Conflicting Evidence/Cherry-picking
695,Paytm is shutting down its operations after February 29.,08-02-2024,Commonfacts.in,IN,https://www.facebook.com/reel/905854671234950,,,Not Enough Evidence
696,There are 2.5 million households in South Africa on the national housing needs register as of February 2023.,18-07-2024,SABC news,ZA,https://www.youtube.com/watch?v=lwfXGBxuaZo&feature=youtu.be,You Tube ,,Not Enough Evidence
697,"Project 2025, a sweeping set of conservative policy proposals for the United States, includes a list of major cuts to veterans benefits.",03-07-2024,Pheobe Sharpless,US,https://perma.cc/6KKD-MPDL,Facebook,,Not Enough Evidence
698,"South Africa now spends more money paying interest on loans than we do on policing, health, infrastructure and other needs.",20-01-2024,Songezo Zibi,ZA,https://web.archive.org/web/20240601154657/https://assets.website-files.com/6512abc58b1468c2e0784360/65ab627c5faa95ea313ab276_RISE%20Mzansi%20Manifesto%20%2B%20.pdf,Rise Mzansi party manifesto,,Not Enough Evidence
699,Unemployment is higher now than it was 20 years ago in South Africa.,20-01-2024,Songezo Zibi,ZA,https://web.archive.org/web/20240601154657/https://assets.website-files.com/6512abc58b1468c2e0784360/65ab627c5faa95ea313ab276_RISE%20Mzansi%20Manifesto%20%2B%20.pdf,Rise Mzansi party manifesto,,Not Enough Evidence
700,A Northern Territory solar farm project will provide zero benefit to Australians.,22-08-2024,"NO Greens - Real Conservation, Not Green Lies",AU,https://web.archive.org/web/20240829151858/https://archive.md/4S22T,Facebook,,Not Enough Evidence
701,Violent crime is worse now than it was 20 years ago.,20-01-2024,Songezo Zibi,ZA,https://web.archive.org/web/20240601154657/https://assets.website-files.com/6512abc58b1468c2e0784360/65ab627c5faa95ea313ab276_RISE%20Mzansi%20Manifesto%20%2B%20.pdf,Rise Mzansi party manifesto,,Conflicting Evidence/Cherry-picking
702,Canadian province threatens power cuts during extreme cold snap.,13-01-2024,,CA,https://perma.cc/3SB6-JGC5,TikTok,,Supported
703,All flu vaccines contain the H5N1 bird flu virus.,06-06-2024,Dr Mikovits,US,https://web.archive.org/web/20241231022256/https://rumble.com/v503u35-oann-alison-at-large-june-6-2024-dr-judy-mikovits-will-we-wake-up.html,You Tube ,,Refuted
704,"Kerala in India has set a roadmap for shutting down electricity in the entire state on January 22, the day on which the consecration of Ram Mandir is scheduled.",09-01-2024,നചികേതസ് @nach1keta,IN,https://web.archive.org/web/20240115073923/https://twitter.com/nach1keta/status/1744702938910449896,X,,Not Enough Evidence
705,Valid IDs are not required for voting the USA.,09-03-2024,Eric Tuttobene,US,https://www.facebook.com/eric.tuttobene/posts/pfbid0KrQZYtpXLQrqVkevhpc144ErgtsGnByg3iWgT7hxcPp3HiGVCVidufmKz2N8HzcRl,Facebook,,Refuted
706,"A UK man has been jailed for 20 months for making sarcastic comments about immigrants on social media,",10-08-2024,,GB,https://perma.cc/J9LM-7EGH,X,,Not Enough Evidence
707,There is a link between methane inhibitors for cows to human health problems.,13-12-2024,Unacceptable Canadian girl,GB,https://web.archive.org/web/20241227053626/https://mvau.lt/media/1bccc9c1-21b8-4646-b155-9c4a33ec5f92,X,,Not Enough Evidence
708,"Starting block speaker made a difference to Noah Lyles in the 100 meter dash victory over Jamaica's Kishane Thompson at the Paris Olympics. Without them, Lyles would have been at a disadvantage of 0.008 sec, how long the sound of the pistol takes to travel from lane 4 to Thompson to lane 7, Lyles. He won by 0.005.",05-08-2024,Nobby Hashizume,US,https://www.facebook.com/groups/3096418263702239/posts/8626371887373488/,Facebook,,Conflicting Evidence/Cherry-picking
709,Federal Emergency Management Agency is giving applicants $1000 check next week.,20-03-2024,Raven Collins,US,https://web.archive.org/web/20240505115606/https://archive.is/JlTSn,Facebook,,Not Enough Evidence
710,"Wisconsin had over 1,400 opioid overdose deaths in 2022.",21-01-2024,Tammy Baldwin,US,https://x.com/SenatorBaldwin/status/1749177567058239997,Twitter,,Not Enough Evidence
711,Trump offers SCOTUS nomination to judge in classifieds documents case.,09-04-2024,The psychology babes,US,https://web.archive.org/web/20240421072415/https://archive.is/YJbUA,Facebook,,Not Enough Evidence
712,"Looking at Kenya's debt composition today, it's about fifty-fifty in terms of external and domestic debts.",22-08-2024,John Mbadi,KE,https://web.archive.org/web/20240922151621/https://www.youtube.com/watch?v=WwFaZETFFac,Citizen TV,,Not Enough Evidence
713,Pride flags have been banned at the 2025 FIFA Club World Cup.,02-12-2024,American Soundtrack,US,https://archive.is/w1HSl,Facebook,,Not Enough Evidence
714,Power outages in Australia's Victoria state caused by renewable energy 'failure'.,13-02-2024,Dragon Heart,AU,https://perma.cc/MU5V-788Q,X,,Conflicting Evidence/Cherry-picking
715,"When it comes to debt servicing cost, on domestic debt, Kenyans pay almost three times what they pay for the external debt.",21-08-2024,John Mbadi,KE,https://web.archive.org/web/20240922151621/https://www.youtube.com/watch?v=WwFaZETFFac,Citizen TV,,Not Enough Evidence
716,There are no white people in informal settlements in South Africa.,10-02-2024,The Economic Freedom Fighters (EFF),ZA,https://web.archive.org/web/20240625214127/https://effonline.org/wp-content/uploads/2024/02/A5-EFF-2024-Manifesto-full-version.pdf,Election manifesto,,Refuted
717,"30 years down the line, 80% of the land in South Africa is in the hands of the whites.",10-02-2024,The Economic Freedom Fighters (EFF),ZA,https://web.archive.org/web/20240625214127/https://effonline.org/wp-content/uploads/2024/02/A5-EFF-2024-Manifesto-full-version.pdf,Election manifesto,,Not Enough Evidence
718,Joblessness in South Africa today sits at more than 15 million people who are capable to work,10-02-2024,The Economic Freedom Fighters (EFF),ZA,https://web.archive.org/web/20240625214127/https://effonline.org/wp-content/uploads/2024/02/A5-EFF-2024-Manifesto-full-version.pdf,Election manifesto,,Not Enough Evidence
719,The recent Aurora Australis and Borealis displays were produced by the HAARP facility in Alaska.,15-05-2024,marley_rise_4.0,US,https://web.archive.org/web/20240524043249/https://archive.is/xGNzw,X,,__INVALID__
720,Rubbing hydrogen peroxide on your skin can cure cancer.,06-05-2024,Julie Jolley,US,https://www-media.aap.com.au/wp-content/uploads/2024/06/05141905/cancer-misinfo.png,Facebook,,Refuted
721,"The Japanese government gives their loans at about 1%, 1.7%, 1.5%.",21-08-2024,John Mbadi,KE,https://web.archive.org/web/20240922151621/https://www.youtube.com/watch?v=WwFaZETFFac,Citizen TV,,Not Enough Evidence
722,Reform UK said its plan to stop the Bank of England from paying interest to commercial banks who hold quantitative easing reserves would “save around £35 billion per year”,01-01-2023,Reform UK,GB,https://web.archive.org/web/20241009090357/https://assets.nationbuilder.com/reformuk/pages/253/attachments/original/1718625371/Reform_UK_Our_Contract_with_You.pdf?1718625371#page=6,,,Not Enough Evidence
723,The sugar demand has been higher than the supply.,21-08-2024,John Mbadi,KE,https://web.archive.org/web/20240922151621/https://www.youtube.com/watch?v=WwFaZETFFac,Citizen TV,,Not Enough Evidence
724,"On value-added tax, Kenya are collecting only 3% of GDP.",21-08-2024,John Mbadi,KE,https://web.archive.org/web/20240922151621/https://www.youtube.com/watch?v=WwFaZETFFac,Citizen TV,,Not Enough Evidence
725,"Over 40% of South Africans, or almost 12 million jobseekers, cannot find work.",01-01-2023,ActionSA,ZA,,,,Not Enough Evidence
726,South Africa has the highest youth unemployment in the world.,01-01-2023,Build One South Africa (Bosa),ZA,,,,Supported
727,"Over 42% of black South Africans were unemployed in the first three months of 2023, while the jobless rate is only 7.5% among white people.",01-01-2023,uMkhonto weSizwe (MK) Party,ZA,,,,Supported
728,The number of matriculants completing their schooling with a bachelor’s pass is on the rise.,01-01-2023,ActionSA,ZA,,,,Not Enough Evidence
729,Trump statement says he's 'just as innocent' as O.J. Simpson.,12-04-2024,resist45ideology,US,https://archive.org/details/4-12-2024-instagram-post-by-resist-45ideology,Instagram,,Not Enough Evidence
730,"Over many years, the ANC-led government has registered a budget deficit.",01-01-2023,Cope,ZA,,,,Supported
731,Wearing humanic bracelet aids in weight loss.,23-01-2024,,US,https://web.archive.org/web/20240531125023/https://www.facebook.com/permalink.php?story_fbid=pfbid02jf8Mh1QqTs8Rz6tH5poVSzfdhKd4NnAkhyNUi3ivQCyQGHq4Zpd7cCnA8jH5u7mMl&id=100094663305215,Facebook,,Not Enough Evidence
732,The ratio of one police officer for every 242 citizens in a population is alarmingly low.,01-01-2023,MK Party,ZA,,,,Not Enough Evidence
733,A staffer for Vice President Kamala Harris confirmed the Vice President doesn’t own a gun during an interview on CNN.,20-09-2024,,US,https://web.archive.org/web/20241007210632/https://www.instagram.com/p/DAM9xeUtoAa/?utm_source=ig_embed&utm_campaign=embed_video_watch_again,Instagram,,Supported
734,Video depicts recent attempt to attack Bihar CM Nitish Kumar,15-07-2024,TODAY Samachar,IN,https://perma.cc/VL2L-L3SH?type=standard,Facebook,,Not Enough Evidence
735,South Africa is losing billions of litres of water because water infrastructure is not maintained.,01-01-2023,FF Plus,ZA,,,,Supported
736,The Philippines receives Japanese destroyer warships JS Izumo and JS Samidare.,14-04-2024,,PH,,YouTube,,Supported
737,Image of a news channel shows that citizens violating an 11pm curfew would be placed under arrest.,03-12-2024,,KR,https://perma.cc/B3RN-3UQC,Facebook,,Not Enough Evidence
738,"Humans aren’t impacting sea level rise because sea levels have risen for centuries, as proven by the Cosquer Cave that became submerged around 20,000 years ago.",14-07-2024,Ray Major - Australian Climate Sceptics Group,AU,https://archive.is/6EaZQ,Facebook,,Refuted
739,Five per cent of Papua New Guinea's population has Mpox.,26-08-2024,Lee Onel,PG,https://web.archive.org/web/20241006095058/https://archive.md/Mj6p4,Facebook,,Not Enough Evidence
740,Mulayam Singh Yadav labeled Samajwadi Party 'anti-Hindu',25-11-2024,Manish Thakur,IN,https://x.com/Thakur312Manish/status/1861006769385824579,X,,Not Enough Evidence
741,A video shows Donald Trump and Sean 'Diddy' Combs talking about getting away with crimes.,19-09-2024,lilaclvnv,US,https://ghostarchive.org/iarchive/instagram/lilaclvnv/3460661984003786500,Instagram,,Not Enough Evidence
742,UN’s Pact for the Future calls for everyone to have biometric digital IDs.,23-09-2024,Sherri Tenpenny,,https://www.instagram.com/happyhourwithdrt/reel/DART_2oSX6x/,Instagram,,Not Enough Evidence
743,Chemotherapy is 100% mustard gas.,29-05-2024,theodissimmons24,US,https://perma.cc/D52K-XJYJ,TikTok,,Refuted
744,Chemotherapy causes cancer.,29-05-2024,theodissimmons24,US,https://perma.cc/D52K-XJYJ,TikTok,,Refuted
745,All directors selected for the board of the Galle District Chamber of Commerce and Industries represent the political party National Peoples Power (NPP).,29-01-2024,raṭa dinavana mālimāva,LK,https://www.facebook.com/permalink.php?story_fbid=pfbid02kxA1ywqJmmBTu9mGQzufUvwJynLmFZtGcyR7f6gpLZBFeg21FqN9phhKjgi9PNRgl&id=61552126760315&_rdc=1&_rdr#,Facebook,,Not Enough Evidence
746,"COVID-19 vaccines contain methylmercury, which is causing Kawasaki-like diseases.",31-07-2024,canary_is_mine,AU,https://web.archive.org/web/20241028162109/https://www-media.aap.com.au/wp-content/uploads/2024/08/02092448/Screenshot_2024-06-21_at_6.42.01_PM.png,Instagram,,Refuted
747,The shooter who carried out an attack injuring two people at a Texas megachurch on 2/11/24 has been identified as transgender.,24-02-2024,,US,,X,,Not Enough Evidence
748,Vice President Kamala Harris wants to bring back a military draft.,13-09-2024,Former President Donald Trump,GB,https://web.archive.org/web/20241001062152/https://www.youtube.com/live/Sv8HjnLGIiE?t=4311s,rally in Las Vegas,,Refuted
749,"Father Jerry Orbos, a priest, endorsed a milk supplement for diabetes called Glufarelin.",05-01-2024,impostor FB page Fr Jerry Orbos,PH,,Facebook,,Not Enough Evidence
750,Mammograms increase the risk of dying from breast cancer,22-05-2024,okbhealthy,US,https://web.archive.org/web/20240529095807/https://www.tiktok.com/@okbhealthy/video/7371616795611893034,Tiktok,,Not Enough Evidence
751,Adani runs 14 airports around the world,12-09-2024,Citizen TV Kenya,KE,https://web.archive.org/web/20241119105923/https://www.youtube.com/watch?v=CdyE7p96zwI&t=1800s,YouTube,,Not Enough Evidence
752,Weather can be manipulated by HAARP.,30-10-2024,,,,X,,Not Enough Evidence
753,Rwanda has built an airport that is second to none through a public-private partnership with a 90-10 investment split.,11-09-2024,OsoroSylvanus,RW,https://x.com/OsoroSylvanus/status/1833930349308784650,X,,Not Enough Evidence
754,Rwanda airport is a 14 million [passenger] capacity airport at US$1.3 billion.,01-01-2023,,,https://alpha.fullfact.org/youtube-transcript/15441,Citizen TV,,Not Enough Evidence
755,"Former president Rodrigo Duterte, together with the police and military, has stormed Malacañang supposedly to oust President Ferdinand Marcos Jr.",18-03-2024,PINAS VIRAL NEWS,PH,,YouTube,,Refuted
756,Candace Owens vows to have Taylor Swift banned from next NFL season.,17-06-2024,,US,,Facebook,,Not Enough Evidence
757,Subh Sukh Chain was the old national anthem of India.,30-01-2024,@ManojSr60583090,IN,https://archive.ph/4UW3x,X (Formerly Twitter) ,,Refuted
758,President Joe Biden said he's not giving any more aid to Hurricane Helene victims.,29-09-2024,@davidjharrisjr,US,https://web.archive.org/web/20241003210041/https://ghostarchive.org/iarchive/instagram/davidjharrisjr/3468683050941304275,Instagram,,Not Enough Evidence
759,"By 2054, the passenger capacity at JKIA is projected to reach 32 million and cargo 1 million",01-01-2023,,KE,https://twitter.com/x/migrate?tok=7b2265223a222f53706f6b6573706572736f6e476f4b2f7374617475732f31383333383935313730343630353230353031222c2274223a313733313739363733337d24a5f8d08f34c358e67f104e70d928e3,X,,Not Enough Evidence
760,"Annie Raja, who contested against Rahul Gandhi's opponent in Wayanad, is now campaigning for the Congress leader in Raebareli",13-05-2024,,IN,https://www.facebook.com/photo?fbid=7560441204003801&set=a.541725802542078,Facebook,,Not Enough Evidence
761,"A total of 367,000 tonnes of cargo was handled through JKIA in 2023.",01-01-2023,,KE,https://twitter.com/x/migrate?tok=7b2265223a222f53706f6b6573706572736f6e476f4b2f7374617475732f31383333383935313730343630353230353031222c2274223a313733313739363733337d24a5f8d08f34c358e67f104e70d928e3,X,,Not Enough Evidence
762,New Zealand’s Pandemic Plan gives police power to restrain citizens for forced vaccination.,07-08-2024,Jayjay Net,NZ,https://web.archive.org/web/20241104001010/https://www-media.aap.com.au/wp-content/uploads/2024/08/15103021/nz-vax2.png,Facebook,,Not Enough Evidence
763,Donald Trump says that one of his highest priorities is to set free the violent extremists who insulted those law enforcement officers on Jan. 6.,29-10-2024,Kamala Harris,US,,,,Not Enough Evidence
764,"Despite the non-increase of the premium in PhilHealth, the benefits on the bills have been increased to 30%, whereas before it was 20%.",02-05-2024,Larry Gadon,PH,https://www.facebook.com/PTVph/videos/783177980455900,Peoples television network,,Not Enough Evidence
765,"A video shows a woman shoot dead the man who raped and murdered her seven-year-old daughter, in a courtroom.",01-01-2023,MrNationalistJJ,IN,https://archive.is/Nuj8n/image,X,,Not Enough Evidence
766,Bollywood actor Kriti Sanon promoted a “get-rich-quick” trading platform on the talk show “Koffee With Karan”.,31-03-2024,@monteironeto95,IN,https://web.archive.org/web/20240428040448/https://twitter.com/monteironeto95/status/1774734248714338487,X,,Not Enough Evidence
767,Newly inaugurated BAPS Mandir in Abu Dhabi is the UAE’s first Hindu temple.,14-02-2024,Ministry Of Culture,AE,https://archive.is/Hj3CC,X,,Refuted
768,"Trump would pay for his tax plan with a 20% national sales tax on everything you buy that is imported, and this Trump sales tax would cost the average family nearly $4,000 more a year.",29-10-2024,Kamala Harris,US,,,,Not Enough Evidence
769,Oliver Anthony Files Cease and Desist Against Tim Walz: ‘Stop Using My Song.',13-08-2024,Truth Teller,US,https://archive.org/details/httpswww.facebook.comphotofbid810642891244690seta.566973255611656,Facebook,,Not Enough Evidence
770,Indian men’s 4X400 men’s relay team qualifies for the finals at the ongoing 2024 Paris Olympics.,26-07-2024,Rajat Vohra,IN,https://web.archive.org/web/20241227053130/https://archive.is/AiLZ1,X,,Not Enough Evidence
771,Big drug companies charge as little as $7 for an inhaler overseas and nearly $500 for the exact same one here in the US.,01-02-2024,Tammy Baldwin,US,https://www.facebook.com/100044140884073/posts/958799892268031,Facebook,,Conflicting Evidence/Cherry-picking
772,Consuming alkaline water keeps all health ailments at bay.,01-01-2023,dushynt.7,,https://www.instagram.com/reel/C27k91yRrFj/?utm_source=ig_embed&ig_rid=74b9fd5d-38ed-4bc0-9030-de18dbd29084,Instagram,,Refuted
773,Peanut allergies are caused by the peanut oil in vaccines,22-07-2024,Cultivate Elevate Shorts,,https://perma.cc/W2F9-5A7A,Facebook,,Refuted
774,79.4% of babies who die of SIDS had a vaccine the same day,03-12-2024,Angela Henry,,https://mvau.lt/media/4b6ef633-d1a4-4bb9-b837-408615da278b,Facebook,,Not Enough Evidence
775,Arvind Kejriwal has opted to represent himself in the Supreme Court as a lawyer.,22-03-2024,@AAPforNewIndia,IN,https://archive.ph/O5wqd,X,,Not Enough Evidence
776,Trump's suit jacket was pierced with a bullet during Pennsylvania rally shooting.,13-07-2024,Franklin Virguez,US,https://www.instagram.com/accounts/login/?next=https%3A%2F%2Fwww.instagram.com%2Fp%2FC9ZH6AYilpR%2F%3Futm_source%3Dig_embed%26ig_rid%3D54149b90-23d1-4f29-bba6-5c86b523faa6&is_from_rle,Instagram,,Refuted
777,"Jake Tapper posted on social media ""Sex Offender Registries are causing those placed on them to develop anxiety. Tonight we talk with experts who say registering sex offenders is causing harm by shaming them, and believe the practice must end.""",15-05-2024,metoofamilycourt,US,https://web.archive.org/web/20240523034715/https://archive.is/VGWBt,Instagram,,Not Enough Evidence
778,Black women are more likely to be unemployed.,20-01-2024,South African political party Rise Mzansi,ZA,https://web.archive.org/web/20240525185646/https://assets.website-files.com/6512abc58b1468c2e0784360/65ab627c5faa95ea313ab276_RISE%20Mzansi%20Manifesto%20%2B%20.pdf,Rise Mzansi Election Manifesto,,Not Enough Evidence
779,Last night [Ramaphosa] claimed that 80% of all passenger rail services in South Africa are operational again. That is not a fact.,17-07-2024,Athol Trollip,ZA,,Opening of parliament address ,,Refuted
780,Numbers On The Bottom Of Milk Cartons Indicate How Many Times Expired Milk Has Been Re-pasteurized At 190ºC,09-02-2024,Time to Wakeup,,https://www.tiktok.com/@time.to.wakeup6/photo/7333554371260714273,TikTok,,Refuted
781,The contract for the new electronic voting machines and associated software to be used in the next UK General Election has been awarded to Fujitsu.,16-01-2024,archer_rs,GB,https://twitter.com/archer_rs/status/1747266641615032733,Twitter,,Not Enough Evidence
782,A Tasmanian tiger was photographed by a tourist holidaying in Tasmania.,14-05-2024,Mike King,,https://web.archive.org/web/20240606162955/https://archive.is/azomK,Facebook,,Not Enough Evidence
783,"The Gayatri Mantra was performed at the swearing-in ceremony of Shehbaz Sharif, the new PM of Pakistan.",14-03-2024,Narayana Iyer KS Sahas,,https://perma.cc/6XH8-85GQ,Facebook,,Not Enough Evidence
784,Biden can pardon Trump of alleged crimes associated with the New York hush money trial.,30-05-2024,Kevin O'Leary,US,https://archive.is/KOEe1/image,Facebook,,Supported
785,Czech authorities are refusing to accept Russian passports lacking biometrical chips because of discrimination and Russophobia.,21-08-2024,Maria Zakharova - MFA Russia,RU,https://x.com/mfa_russia/status/1826247767200833616,X (formerly Twitter),,Not Enough Evidence
786,"The Democrats received 20 million fewer votes in the 2024 election when Kamala Harris ran, compared to 2020 when Joe Biden ran.",07-11-2024,Michael Lailer,US,https://web.archive.org/web/20241108154819/https://mvau.lt/media/3a12ecbd-7dbb-480f-a099-ae7f55282b5a,Facebook,,Not Enough Evidence
787,"Republican National Convention officials misspelled the name of the fire chief that was killed at Trump's July 13, 2024 rally as ""Compertore"" on a jacket displayed on stage.",19-07-2024,@Michoacan2Cali,US,https://perma.cc/M5RX-79HA,X (formerly Twitter),,Not Enough Evidence
788,"Photo shows Ukrainian girls, not even 18 years old, have been recruited into the military.",12-06-2024,Erik Olsen,UA,https://web.archive.org/web/20240909205718/https://archive.org/details/6-14-24-screenshot-facebook-post-ukraine-girls-military,Facebook,,Not Enough Evidence
789,Vice President Sara Duterte has been cleared over the alleged misuse of the confidential funds allocated to the Office of the Vice President (OVP) and the Department of Education (DepEd).,09-12-2024,Outsiders PH TV,PH,,Youtube,,Supported
790,Ondo state is the second lowest of states with high debt profile.,01-11-2024,Lucky Aiyedatiwa (APC),NG,https://www.youtube.com/live/ovBLOORdJ0c,Channels TV debate,,Not Enough Evidence
791,"Atmospheric CO2 concentrations are rising faster today than the last 50,000 years",14-05-2024,IFLScience,US,https://perma.cc/AMJ2-7YG9?type=standard,Facebook,,Supported
792,Millions of South Africans do not have enough food to meet daily needs.,20-01-2024,South African political party Rise Mzansi,ZA,https://web.archive.org/web/20240525185646/https://assets.website-files.com/6512abc58b1468c2e0784360/65ab627c5faa95ea313ab276_RISE%20Mzansi%20Manifesto%20%2B%20.pdf,Rise Mzansi Election Manifesto,,Supported
793,Hundreds of top celebrities like The Rock & Elton John are now endorsing presidential candidate Donald Trump.,08-09-2024,Alex Jones,US,https://web.archive.org/web/20241110235733/https://archive.is/jce5k,X,,Not Enough Evidence
794,Ondo state paid over 6 billion naira in 10 months on gratuity owed by the previous government.”,01-11-2024,Lucky Aiyedatiwa (APC),NG,https://www.youtube.com/live/ovBLOORdJ0c,Channels TV debate,,Not Enough Evidence
795,California Governor Gavin Newsom is considering plans to secede from the union in order to prevent  President-elect Donald Trump from deporting illegal aliens and implementing voter ID laws.,09-11-2024,@OcrazioCornPop,US,https://web.archive.org/web/20241114170238/https://x.com/ocraziocornpop/status/1855368411892547780,X,,Not Enough Evidence
796,AirPods emit dangerous levels of radiation that harm the body,01-01-2023,Paul Saladino,,https://perma.cc/ERN3-DW67,Instagram,,Refuted
797,The government in Ondo state does not have any arrears to its workers,01-11-2024,Lucky Aiyedatiwa (APC),NG,https://www.youtube.com/live/ovBLOORdJ0c,Channels TV debate,,Not Enough Evidence
798,"Ondo state has employed 2,000 teachers in the  ten months since Lucky Aiyedatiwa (APC) took office",01-11-2024,Lucky Aiyedatiwa (APC),NG,https://www.youtube.com/live/ovBLOORdJ0c,Channels TV debate,,Not Enough Evidence
799,Governor Ayedatiwa gets N1.2 billion as security votes monthly.,01-11-2024,Agboola Ajayi (PDP),NG,https://www.youtube.com/live/ovBLOORdJ0c,Channels TV debate,,Not Enough Evidence
800,An advertisement for the Congress party shows actor Aamir Khan warning against ‘Jumlas’.,15-04-2024,Harish Meena,IN,https://web.archive.org/web/20240415084510/https://twitter.com/HarishMeenaINC/status/1779748916092617136,Twitter,,Not Enough Evidence
801,"Regularly chewing cloves can improve oral hygiene, improve gum care and reduce inflammation.",16-12-2024,vibrantlyfestyle,GB,https://www.instagram.com/reel/DDns0ljKs10/?utm_source=ig_embed&utm_campaign=loading,Instagram user post,,Not Enough Evidence
802,Oxfam report found $41 billion missing from the World Bank’s climate fund under Ajay Banga’s term.,28-10-2024,Brian Tamaki,NZ,https://www.facebook.com/BrianTamakiFNZ/posts/pfbid0mE32uxVV1uMNX9NP7zFZx5VyCg5FPbsQKk4j95aKfXJ5vWAn2fBFy46rs7eqqocWl,Facebook,,Not Enough Evidence
803,A Bill Gates video promoting vaccines to reduce population growth was “scrubbed from the internet”.,12-09-2024,rod.2946,US,https://www.instagram.com/reel/C_0ZTgwPh96/,Instagram,,Not Enough Evidence
804,"Deepak Parekh, former HDFC chairman, speaks glowingly about the BJP manifesto for the ongoing Lok Sabha elections.",17-04-2024,ramana_brf,IN,https://twitter.com/ramana_brf/status/1780666197903864100,Twitter,,Not Enough Evidence
805,South Africa is the most unequal country in the world.,20-01-2024,South African political party Rise Mzansi,ZA,https://web.archive.org/web/20240525185646/https://assets.website-files.com/6512abc58b1468c2e0784360/65ab627c5faa95ea313ab276_RISE%20Mzansi%20Manifesto%20%2B%20.pdf,Rise Mzansi Election Manifesto,,Conflicting Evidence/Cherry-picking
806,Black women in South Africa are more likely to live below the poverty line.,20-01-2024,South African political party Rise Mzansi,ZA,https://web.archive.org/web/20240525185646/https://assets.website-files.com/6512abc58b1468c2e0784360/65ab627c5faa95ea313ab276_RISE%20Mzansi%20Manifesto%20%2B%20.pdf,Rise Mzansi Election Manifesto,,Supported
807,"Inflation is the worst it's been, I think, in over 100 years. And they'll fact-check it, they'll say it's only 58, whatever it may be.",30-07-2024,Donald Trump,US,https://web.archive.org/web/20241208022717/https://www.c-span.org/video/?537472-1/president-trump-speaks-nabj-conference,National Association of Black Journalists conference,,Not Enough Evidence
808,"A video shows Israel's ambassador to the United Nations, Gilad Erdan, holding a sign saying, ""The Butcher of Iran will not be missed"".",20-05-2024,ApadanaTel,IR,https://perma.cc/DS5S-H5M8,X,,Not Enough Evidence
809,"The United States has more liquid gold — gasoline, oil — under our feet than any other country. More than Saudi Arabia. More than Russia. More than any other country.",30-07-2024,Donald Trump,US,https://web.archive.org/web/20241208022717/https://www.c-span.org/video/?537472-1/president-trump-speaks-nabj-conference,National Association of Black Journalists conference,,Refuted
810,"In the United States, grocery bills are up 40%, 50%, 60%",30-07-2024,Donald trump,US,https://web.archive.org/web/20241208022717/https://www.c-span.org/video/?537472-1/president-trump-speaks-nabj-conference,National Association of Black Journalists conference,,__INVALID__
811,"In the United States, everybody wanted abortion brought back. They didn't want Roe v. Wade in the federal government.",30-07-2024,Donald Trump,US,https://web.archive.org/web/20241208022717/https://www.c-span.org/video/?537472-1/president-trump-speaks-nabj-conference,National Association of Black Journalists conference,,Not Enough Evidence
812,The total projected revenue for budget implementation in the financial year 2023/24 amounted to KSh564.5 billion.,07-10-2024,Anne Waiguru,KE,https://www.youtube.com/watch?v=CfPhemWtf9s,KTN News Kenya,,Not Enough Evidence
813,"Capitol Police ushered a mob of Trump supporters into the building on January 6, 2021.",30-07-2024,Donald Trump,US,https://web.archive.org/web/20241208022717/https://www.c-span.org/video/?537472-1/president-trump-speaks-nabj-conference,National Association of Black Journalists conference,,Conflicting Evidence/Cherry-picking
814,Video depicts a young girl crying and pleading not to be evicted from her home in Haldwani after the recent violence in February 2024.,01-01-2023,21st century News,IN,https://www.facebook.com/reel/942873160053290,Facebook,,Not Enough Evidence
815,Counties allocated KSh203.48 billion or 36% of the total budget to development expenditure.,06-10-2024,Anne Waiguru,KE,https://www.youtube.com/watch?v=CfPhemWtf9s,KTN News Kenya,,Not Enough Evidence
816,Aiyedatiwa was in the Niger Delta Development Commission for “two to three year,01-11-2024,Agboola Ajayi (PDP),NG,https://www.youtube.com/live/ovBLOORdJ0c,Channels TV debate,,Not Enough Evidence
817,Ondo state has no single industrialisation and no single functional company,01-11-2024,Agboola Ajayi (PDP),NG,https://www.youtube.com/live/ovBLOORdJ0c,Channels TV debate,,Refuted
818,Food inflation in Ondo state is at a multi-decade high at 37.2%.,01-11-2024,Seun Okinbaloye (debate moderator),NG,https://www.youtube.com/live/ovBLOORdJ0c,Channels TV debate,,Not Enough Evidence
819,Counties allocated KSh361.05 billion 64% to recurrent expenditure.,06-10-2024,Anne Waiguru,KE,https://www.youtube.com/watch?v=CfPhemWtf9s,KTN News Kenya,,Not Enough Evidence
820,"In the financial year 2023/24, county governments generated a total of KSh58.95 billion from their own-source revenue.",06-10-2024,Anne Waiguru,KE,https://www.youtube.com/watch?v=CfPhemWtf9s,KTN News Kenya,,Not Enough Evidence
821,The current pupil-teacher ratio is 38:1.,06-10-2024,Anne Waiguru,KE,https://www.youtube.com/watch?v=CfPhemWtf9s,KTN News Kenya,,Not Enough Evidence
822,The 38:1 pupil-to-teacher ratio meets the acceptable standard.,06-10-2024,Anne Waiguru,KE,https://www.youtube.com/watch?v=CfPhemWtf9s,KTN News Kenya,,Not Enough Evidence
823,Coral bleaching is a natural phenomenon that's been happening for eons.,15-04-2024,@DawnTJ90,US,https://web.archive.org/web/20240503073207/https://perma.cc/ZAP5-HDGS,X,,Supported
824,"74,557 teachers were employed in pre-primary centres.",06-10-2024,Anne Waiguru,KE,https://www.youtube.com/watch?v=CfPhemWtf9s,KTN News Kenya,,Not Enough Evidence
825,Leaked report: Israel acknowledges Jews in fact Khazars; Secret plan for reverse migration to Ukraine.,28-06-2024,Rick Roederer,IL,https://web.archive.org/web/20240923080318/https://archive.md/siI46,Facebook,,Not Enough Evidence
826,"County governments employ 48,895 and private providers employ 25,662 pre-primary school teacher.",06-10-2024,Anne Waiguru,KE,https://www.youtube.com/watch?v=CfPhemWtf9s,KTN News Kenya,,Not Enough Evidence
827,Chandrababu Naidu expressing his anger at Andhra Pradesh Assembly right before the formation of the NDA government at the Centre in June 2024.,12-06-2024,India Story,IN,https://www.awesomescreenshot.com/video/28561901?key=d228b0719914e0c12e40a8be424e9734,,,Not Enough Evidence
828,"As of 2023/24, Kenya has a total of 62,965 healthcare workers in public facilities and 37,614 in private facilities across the 47 counties.",06-10-2024,Anne Waiguru,KE,https://www.youtube.com/watch?v=CfPhemWtf9s,KTN News Kenya,,Not Enough Evidence
829,Kenya's debt is about fifty-fifty in terms of external and domestic debts.,22-08-2024,John Mbadi,KE,https://web.archive.org/web/20240922151621/https://www.youtube.com/watch?v=WwFaZETFFac,interview on Citizen TV,,Not Enough Evidence
830,"The number of hospital beds across the 47 counties increased by 4%, from 39,220 to 40,814 beds.",06-10-2024,Anne Waiguru,KE,https://www.youtube.com/watch?v=CfPhemWtf9s,KTN News Kenya,,Not Enough Evidence
831,"Drones Reported Over New Jersey, New York Are Tracking Nuclear Material",17-12-2024,rednek_rich,US,https://web.archive.org/web/20241217174652/https://www.threads.net/@rednek_rich/post/DDlhZFSOcIJ,X/Twitter post,,Not Enough Evidence
832,Hurricane Milton is part of Tampa’s plan to become a “15-minute city.”,06-10-2024,fastfuriousjosh,US,https://web.archive.org/web/20241208180231/https://archive.ph/PVtKW,Instagram,,Not Enough Evidence
833,"Joe Biden granted a pardon to a Chinese national, Shanlin Jin, imprisoned for child pornography.",12-12-2024,Benny Johnson,US,https://web.archive.org/web/20241226124348/https://perma.cc/5A8Z-SJQA,Instagram,,Refuted
834,Referees in the game between the Atlanta Falcons and the Minnesota Vikings have been suspended as the game showed the referees overlooked countless fouls by Falcons.,11-12-2024,,US,https://web.archive.org/web/20241220223031/https://www.facebook.com/permalink.php?story_fbid=pfbid02i2jNN9pvMbeA7TCV7VfMjw69hffzNHK7KWehSuVpiexKaNfrGKhnr8FrpzUGpEEil&id=61568478155900,Facebook,,Not Enough Evidence
835,Chemical sunscreens are harmful to the skin and contain endocrine disruptors,25-01-2024,robertwblove,US,https://www.tiktok.com/@robertwblove/video/7328010983031622958?is_from_webapp=1&sender_device=pc,TikTok post,,Conflicting Evidence/Cherry-picking
836,"The apparent assassination attempt against former President Donald Trump on Sept. 15, 2024, was “staged.”",14-09-2024,Alex Cole,US,https://web.archive.org/web/20240920133444/https://archive.ph/HYlQ6,X,,Not Enough Evidence
837,Joe Biden's wealth grew from $9 million in 2019 to $41 million in 2022,03-09-2024,theofficertatum,US,https://www.instagram.com/p/C_dm65PPswG/?utm_source=ig_embed,Instagram user post,,Not Enough Evidence
838,Dominion Voting Systems employee Eric Coomer told an Antifa meeting he “made sure” Donald Trump wouldn’t win.,01-11-2024,ggrose85,US,https://web.archive.org/web/20241119194053/https://www.instagram.com/p/DB1oWxvu44T/?utm_source=ig_embed&ig_rid=5fd1e604-5622-4800-9c22-aa7123b04b39,Instagram,,Not Enough Evidence
839,More deaths from COVID-19 occurred during Biden's administration than Trump's.,09-09-2024,,US,https://web.archive.org/web/20241126214116/https://science.feedback.org/outlet/threads/,Threads,,Conflicting Evidence/Cherry-picking
840,"Governor Sanwo-Olu has increased the minimum wage from 35,000 Naira to 70,000 Naira in Nigeria.",24-04-2024,@_callmebekky,NG,https://web.archive.org/web/20240509002301/https://perma.cc/6RHH-3VAJ,X,,Refuted
841,Unions are being very badly affected by the millions of immigrants that are pouring into the U.S.,30-07-2024,Donald Trump,US,https://web.archive.org/web/20241208022717/https://www.c-span.org/video/?537472-1/president-trump-speaks-nabj-conference,National Association of Black Journalists conference,,Conflicting Evidence/Cherry-picking
842,The Philippines was the 'richest Asian nation' in the 1920s.,01-05-2024,Don Pedro Pulubi,PH,https://web.archive.org/web/20240503073541/https://www.facebook.com/plugins/post.php?href=https%3A%2F%2Fwww.facebook.com%2Fpittfrancia%2Fposts%2Fpfbid0XsCH8XTx76f6HvF5smb7a96LxkA5pszBEMf5MvUeDuQGWVAqoKkSu4ZrAo2wmk5zl&width=500&show_text=true&height=486&appId,Facebook,,Refuted
843,Video shws women shouting abuses at a BJP campaign van ahead of the general elections in 2024.,30-03-2024,,IN,https://archive.org/details/screencast-www.facebook.com-2024.03.30-11_36_38,Facebook,,Not Enough Evidence
844,Hundreds of vials of ‘Disease X’ have gone missing from a Queensland laboratory funded by Bill Gates.,14-12-2024,Sean Adl-Tabatabai,US,https://web.archive.org/web/20250102033159/https://archive.is/iJxSg,The Peoples Voice,,Not Enough Evidence
845,Vaccinated people are patented goods and not humans.,01-01-2023,flex.got_nex,US,https://web.archive.org/web/20240814043554/https://www-media.aap.com.au/wp-content/uploads/2024/08/06102306/Vaxxed-not-human-Insta-claim.png,Instagram,,Refuted
846,The Atlantic multi-decadal oscillation and increased volcanic activity can contribute to climate variability and cooling.,19-01-2024,Redacted News,US,https://web.archive.org/web/20240312182359/https://web.facebook.com/61553037027319/videos/1554044838706564,Facebook,,Supported
847,"Current climate models do not account for solar variation or future volcanic eruptions, raising questions about their accuracy.",19-01-2024,Redacted News,US,https://web.archive.org/web/20240312182359/https://web.facebook.com/61553037027319/videos/1554044838706564,Facebook,,Not Enough Evidence
848,The Democrats are allowing the death of a baby after the baby is born.,30-07-2024,Donald Trump,US,https://web.archive.org/web/20241208022717/https://www.c-span.org/video/?537472-1/president-trump-speaks-nabj-conference,National Association of Black Journalists conference,,Refuted
849,The Metro Rail Transit Line 3 (MRT-3) is offering commuters a transportation card with a year’s worth of train rides in the Phillipines.,01-01-2023,,PH,,Facebook,,Not Enough Evidence
850,Donald Trump has invited Sara Duterte and her father former president Rodrigo Duterte to visit the United States,11-11-2024,PINAS NEWS INSIDER,US,,YouTube,,Not Enough Evidence
851,61% of all prisoners in Ireland are foreign nationals,28-10-2024,Anthony Connor,IE,https://x.com/antzc40/status/1850852850424807440,X,,Not Enough Evidence
852,"County allocations met the fiscal responsibility principle under the Public Finance Management Act, requiring the allocation of at least 30% of the budget to development expenditure.",06-10-2024,Anne Waiguru,KE,https://www.youtube.com/watch?v=CfPhemWtf9s,KTN News Kenya,,Not Enough Evidence
853,"South Africa has a backlog of over 2,000 mining licences.",20-01-2024,Songezo Zibi,ZA,,,,Not Enough Evidence
854,"Out of every 100 children who started school 12 years ago, 48 did not matriculate.",20-01-2024,Songezo Zibi,ZA,,,,Not Enough Evidence
855,The child support grant together with other forms of social assistance continues to be a lifeline for more than 26 million South Africans every month.,08-02-2024,Cyril Ramaphosa,ZA,https://www.stateofthenation.gov.za/assets/downloads/SONA_2024_080224.pdf,,,Supported
856,"In the midst of the pandemic, South Africa introduced the special SRD grant, which currently reaches some 9 million unemployed people every month.",08-02-2024,Cyril Ramaphosa,ZA,https://www.stateofthenation.gov.za/assets/downloads/SONA_2024_080224.pdf,,,Supported
857,Over 37 million Nigerian women and girls can barely afford their monthly sanitary products.,14-03-2024,Ijeoma Nwanosike,NG,https://guardian.ng/features/science/why-endometriosis-remains-largely-unaddressed-in-nigeria-by-experts/,The Guardian,,Not Enough Evidence
858,About 35 to 40% of infertility cases may be caused by endometriosis in Nigeria.,14-03-2024,Ijeoma Nwanosike,NG,https://guardian.ng/features/science/why-endometriosis-remains-largely-unaddressed-in-nigeria-by-experts/,The Guardian,,Not Enough Evidence
859,Nigeria's inflation is at 17%.,06-02-2024,Nigeria Diaspora Youth Coalition,NG,https://x.com/Nigdyc/status/1754832243564933122,X,,Not Enough Evidence
860,Nigeria’s unemployment rate is over 25%.,06-02-2024,Nigeria Diaspora Youth Coalition,NG,https://x.com/Nigdyc/status/1754832243564933122,X,,Supported
861,"Nigeria’s GDP per capita is $2,330.",06-02-2024,Nigeria Diaspora Youth Coalition,NG,https://x.com/Nigdyc/status/1754832243564933122,X,,Not Enough Evidence
862,The DSWD opened the applications for its educational cash assistance for incoming students this 2024.,14-07-2024,philippineayuda,PH,,TikTok,,Not Enough Evidence
863,Indigenous people wiped out a pygmy population that existed in Australia before them.,22-10-2024,Mark Rowley,AU,https://archive.md/ghR5s,Facebook,,Not Enough Evidence
864,Ursula von der Leyen pledged to 'vaccinate' the European population against 'wrong thinking',29-05-2024,UrantianL,BE,https://archive.ph/qiAAt,X,,Refuted
865,Keir Starmer won’t back an increase in the UK's defence spending.,03-06-2024,The Conservative Party,GB,https://www.youtube.com/watch?v=n0UqPq1fHMU,YouTube,,Not Enough Evidence
866,"It was not former President Donald Trump who promoted the COVID-19 vaccine, but a “lookalike.”",28-02-2024,xpandwithjulius,US,https://archive.is/u07RC,Instagram,,Refuted
867,Beyoncé faces nearly $10 billion loss following 'Black national anthem' performance at NFL.,13-02-2024,,US,,Facebook,,Not Enough Evidence
868,Video shows people flouting cross ban at 4th of July parade,04-07-2024,American Christian Prophetic TV,US,https://www.facebook.com/AmericanChristianProphecy/posts/840426657962684/,Facebook,,Not Enough Evidence
869,Samsung withdraws its $1billion advertising deal with the ongoing 2024 Paris Olympics because of its “woke agenda”.,29-07-2024,unikgirl11,US,https://archive.is/0auSo,X,,Not Enough Evidence
870,The number of South Africans who are in employment was 8 million in 1994.,08-02-2024,Cyril Ramaphosa,ZA,https://www.stateofthenation.gov.za/assets/downloads/SONA_2024_080224.pdf,,,Not Enough Evidence
871,The number of South Africans who are in employment has increased from 8 million in 1994 to 16.7 million today.,08-02-2024,Cyril Ramaphosa,ZA,https://www.stateofthenation.gov.za/assets/downloads/SONA_2024_080224.pdf,,,Not Enough Evidence
872,"Texas Banned Pride Flags In School Classrooms As Of December 16, 2024",08-09-2024,SpaceX Fanclub,US,https://web.archive.org/web/20241219022207/https://www.facebook.com/SpaceX6683/posts/pfbid02E3kn9xKBTkEthkDDJCWc7BrX7ej4Si7AKpuTyQPB8LjEHxH1SwzdHUxuu9ePM3Pil,Facebook,,Not Enough Evidence
873,"Mr Farage said: “GDP, wealth per capita, has fallen for the last six consecutive quarters.”",13-06-2024,Nigel Farage,GB,,,,Supported
874,The 2007 T20 World Cup winning Indian team met Sonia Gandhi.,30-06-2024,MrSinha_,IN,https://x.com/MrSinha_/status/1807408202532729027,X,,Supported
875,The 2007 T20 World Cup winning Indian team did not meet the then-PM Manmohan Singh.,30-06-2024,MrSinha_,IN,https://x.com/MrSinha_/status/1807408202532729027,X,,Refuted
876,Sonia Gandhi instead of then prime minister Manmohan Singh was photographed with the 2007 T20 World Cup-winning Indian team.,30-06-2024,Prof. Sudhanshu,IN,https://x.com/ProfSudhaanshu/status/1807424627565887604,X,,Refuted
877,The HAARP ionospheric research facility is linked to the earthquake in Vanuatu.,17-12-2024,Tana Rocs Love Lindley,VU,https://www.facebook.com/TanaRocsLove/posts/1092747159210511/,Facebook,,Not Enough Evidence
878,"Currently, more than 45% of the seats in South African parliament are held by women.",13-01-2024,Cyril Ramaphosa,ZA,https://www.youtube.com/watch?v=VKyXasgd0XM,YouTube,,Supported
879,"Through the Presidential Employment Stimulus, South African has been able to create more than 1.7 million work and livelihood opportunities.",08-02-2024,Cyril Ramaphosa,ZA,https://www.stateofthenation.gov.za/assets/downloads/SONA_2024_080224.pdf,,,Supported
880,"Less than half of all South African households had internet access in 2011, compared to 79% of households in 2022.",08-02-2024,Cyril Ramaphosa,ZA,https://www.stateofthenation.gov.za/assets/downloads/SONA_2024_080224.pdf,,,Supported
881,The South African school nutrition programme supports 9 million learners from poor families.,08-02-2024,Cyril Ramaphosa,ZA,https://www.stateofthenation.gov.za/assets/downloads/SONA_2024_080224.pdf,,,Supported
882,"In South Africa, fewer learners are dropping out of school.",08-02-2024,Cyril Ramaphosa,ZA,https://www.stateofthenation.gov.za/assets/downloads/SONA_2024_080224.pdf,,,Not Enough Evidence
883,The Office for National Statistics claimed 14 million immigrants will arrive to the UK in the next 12 years.,04-06-2024,Reform UK,GB,https://x.com/reformparty_uk/status/1797944449068114244,X,,Not Enough Evidence
884,"The food budgets for President Bongbong Marcos’ SONA 2024 and former president Duterte’s SONA 2019 are P20 million and P4.7 million, respectively.",10-07-2024,gengar0701,PH,,TikTok,,Not Enough Evidence
885,Investors have decided to leave the Philippines following the resignation of Vice President Sara Duterte as a member of President Ferdinand Marcos Jr.’s cabinet.,20-06-2024,Showbiz Fanaticz,PH,,YouTube,,Not Enough Evidence
886,President Joe Biden changed the State of the Union Address from summer to March.,19-01-2024,montanasmic,US,https://www.instagram.com/reel/C2SqCCsJni9/,Instagram,,Refuted
887,"The streaming platform Hotstar has won the streaming rights for Anant Ambani's wedding, defeating Mukesh Ambani in an auction organized by Ambani himself",05-07-2024,dakuwithchaku,IN,,X,,Not Enough Evidence
888,Exit Poll data predicts a clean sweep for the NDA in Andhra Assembly Elections.,15-05-2024,,IN,https://www.awesomescreenshot.com/image/48206440?key=53d2081eae4149cca7b48474df473f10,Instagram,,Not Enough Evidence
889,Several popular supermarket chains and dealer stores are giving away appliances like washing machines and refrigerators.,01-01-2023,,PH,,Facebook,,Not Enough Evidence
890,Undocumented immigrants are filling Oklahoma prisons,15-11-2024,Anna Giaritelli,US,https://archive.ph/SPrbV,Washington Examiner,,Not Enough Evidence
891,Bob Casey said “Prices are up because these corporations are scheming to drive them up.”,22-08-2024,Bob Casey,US,,,,Not Enough Evidence
892,A circulating graduation message came from the Vice President and Education Secretary Sara Duterte.,20-05-2024,,PH,,Facebook,,Not Enough Evidence
893,"Bamban, Tarlac Mayor Alice Leal Guo admits Philippines ex-president Duterte helped get her elected and said, ""I was also helped by my friends, I was also helped by the previous administration.""",13-05-2024,Wanna Fact PH,PH,https://archive.is/4G1Y1,Facebook,,Supported
894,This man is sailing the world to collect animals in his ark because the world is coming to an end soon.,07-04-2024,Mike Sonko,KE,https://x.com/MikeSonko/status/1776888072577089576,Twitter,,Refuted
895,"Tens of thousands of auto jobs were lost nationwide during Trump's presidency, but Biden's Administration created more than 250,000 auto jobs.",24-01-2024,Joe Biden,US,https://web.archive.org/web/20241004113021/https://www.whitehouse.gov/briefing-room/speeches-remarks/2024/01/24/remarks-by-president-biden-at-a-political-event/,Whitehouse Briefing Room,,Conflicting Evidence/Cherry-picking
896,A website is giving free laptops to Ghanian students through a program called Students Laptop Scheme 2024.,30-03-2023,Social Media Users,GH,,WhatsApp,,Not Enough Evidence
897,Nigeria’s foreign reserves have grown to $37 billion.,31-07-2024,President Bola Ahmed Tinubu Media Centre,NG,https://x.com/DOlusegun/status/1818607068288254065,X,,Not Enough Evidence
898,"Nigeria’s minimum wage was N30,000. It is now N70,000.",31-07-2024,President Bola Ahmed Tinubu Media Centre,NG,https://x.com/DOlusegun/status/1818607068288254065,X,,Refuted
899,Nigeria’s ways and means debt was N27 trillion when Tinubu came to power.,31-07-2024,President Bola Ahmed Tinubu Media Centre,NG,https://x.com/DOlusegun/status/1818607068288254065,X,,Not Enough Evidence
900,Bola Tinubu’s government cleared a $7 billion forex backlog.,31-07-2024,President Bola Ahmed Tinubu Media Centre,NG,https://x.com/DOlusegun/status/1818607068288254065,X,,Not Enough Evidence
901,"Nigeria’s oil production was 900,000 barrels per day when Tinubu took office.",31-07-2024,President Bola Ahmed Tinubu Media Centre,NG,https://x.com/DOlusegun/status/1818607068288254065,X,,Not Enough Evidence
902,Nigeria's oil production is now 1.6 million barrels per day.,31-07-2024,President Bola Ahmed Tinubu Media Centre,NG,https://x.com/DOlusegun/status/1818607068288254065,X,,Not Enough Evidence
903,Florida’s six-week abortion law has no real exceptions. Not for health. Not even for rape.,10-09-2024,Yes on 4 Florida,US,https://web.archive.org/web/20241117203243/https://www.youtube.com/watch?v=qJ_PjUVBsrk,YouTube video,,Refuted
904,Benzene in benzoyl peroxide-containing skincare products poses a cancer risk,06-03-2024,VALISURE,US,https://web.archive.org/web/20240311111521/https://www.valisure.com/valisure-newsroom/valisure-detects-benzene-in-benzoyl-peroxide,Newsroom article,,Not Enough Evidence
905,Kamala Harris prosecuted two journalists for exposing that a US reproductive health organisation was selling aborted fetal body parts.,28-07-2024,Bernie Finn,US,https://web.archive.org/web/20241104000927/https://www-media.aap.com.au/wp-content/uploads/2024/08/07133414/kamala-parenthood-fb.png,Facebook user post,,Refuted
906,Anthony Albanese received a congratulatory call from World Economic Forum (WEF) founder Klaus Schwab on the passing of new digital ID laws.,18-03-2024,@AlboIsPM,AU,https://perma.cc/YJ97-355U,X/Twitter user post,,Not Enough Evidence
907,"Brain blood clots are 112,000% more likely to occur after COVID-19 vaccine than after the flu vaccine",06-09-2024,McCullough Foundation,US,https://perma.cc/LU9Z-2VGG,,,Refuted
908,"Video shows Aaj Tak news anchor Sudhir Chaudhary, saying that Mahabal Mishra is leading against BJP candidate Kamaljeet Sehrawat.",22-05-2024,@kirtispathak,IN,https://web.archive.org/web/20240526150644/https://perma.cc/3KBT-VHTU,X,,Not Enough Evidence
909,"Independent Group 15 received eight votes, Ashen, his wife, his mother, his father, his wife's mother, his wife's father, the person who records his videos and the person who edits his videos.",15-11-2024,W - DobLive,LK,https://web.archive.org/web/20241203080645/https://perma.cc/44FM-J48U,Facebook,,Not Enough Evidence
910,Rolling blackouts are part of the net zero plan in the United Kingdom.,01-01-2023,,GB,https://web.archive.org/web/20241204013447/https://ghostarchive.org/archive/fhIzW,Facebook,,Refuted
911,The Red Cross inspected Auschwitz in 1944 and found no evidence it was an extermination camp.,27-10-2024,Ahead New Horizons,DE,https://www.facebook.com/photo/?fbid=1704503183724596&set=a.100372320804365,Facebook,,Refuted
912,The Pentagon has confirmed that the mysterious drones appearing across the globe are NOT of earthly origin.,15-12-2024,@daily_loud,US,https://web.archive.org/web/20241219050709/https://mvau.lt/media/a3a6cb1c-161f-48ef-9364-bfbb77928290,Instagram,,Refuted
913,Trump rally shooter Thomas Crooks was a registered Democrat who voted for Clinton and Biden.,14-07-2024,Jay Dee,US,https://web.archive.org/web/20240803160613/https://archive.ph/dpSOL,Facebook,,Not Enough Evidence
914,Trump rally shooter Thomas Crooks was affiliated with antifa.,14-07-2024,Jay Dee,US,https://web.archive.org/web/20240715223548/https://archive.ph/dpSOL,Facebook,,Not Enough Evidence
915,"Right now, over 70% of federal employees are still working from home three years after COVID.",03-02-2024,Nikki Haley,US,,,,Not Enough Evidence
916,Video shows Democratic vice presidential candidate Tim Walz dancing to Beyoncé in a cowboy hat and crop top.,04-09-2024,realpatriotwill,US,https://archive.ph/JFeTL,Instagram,,Not Enough Evidence
917,"Photo shows Gatlinburg, Tennessee, flooded on Sept. 30, 2024.",29-09-2024,BNN - Belmont News Network,US,https://web.archive.org/web/20241004034144/https://archive.is/ExJxr,Facebook,,Not Enough Evidence
918,Sanjay Raut said that Uddhav Thackeray has promised to pay ₹ 6000 per month to Muslim women as they have “high fertility.”,30-10-2024,Pudhari News,IN,,,,Not Enough Evidence
919,Half of unemployed South Africans do not have matric.,20-01-2024,South African political party Rise Mzansi,ZA,https://web.archive.org/web/20240525185646/https://assets.website-files.com/6512abc58b1468c2e0784360/65ab627c5faa95ea313ab276_RISE%20Mzansi%20Manifesto%20%2B%20.pdf,Rise Mzansi Election Manifesto,,Not Enough Evidence
920,There are 2.5 million households in South Africa on the national housing needs register as of February 2023.,17-07-2024,Luyolo Mphithi,ZA,,Opening of parliament address ,,Not Enough Evidence
921,Congress manifesto for the 2024 Lok Sabha elections blatantly panders to the Muslim community.,01-01-2023,,IN,,WhatsApp,,Not Enough Evidence
922,"The poverty index in the Bangsamoro Autonomous Region in Muslim Mindanao has “significantly decreased since 2018” due to improved peace and order, good governance, and high hopes of the region’s inhabitants.",21-07-2024,President Ferdinand Marcos Jr.,PH,https://web.archive.org/web/20240815041045/https://youtu.be/VNa-_Xwaviw?t=5720,Third State of the Nation Address,,Not Enough Evidence
923,Welfare offices in 49 states are handing out voter registration applications to illegal aliens. No proof of citizenship required.,22-06-2024,J Michael Waller,US,https://web.archive.org/web/20240627015427/https://perma.cc/M52R-ZKY5?type=image,X,,Refuted
924,The Japanese government gives loans to Kenya at interest rates around 1-1.7%.,22-08-2024,John Mbadi,KE,https://web.archive.org/web/20240922151621/https://www.youtube.com/watch?v=WwFaZETFFac,interview on Citizen TV,,Not Enough Evidence
925,Anthony Albanese declared he is ready to deploy Australian troops to quash protests in New Caledonia,20-05-2024,@aussiecossack,AU,https://www-media.aap.com.au/wp-content/uploads/2024/05/23161352/New-Caledonia-tweet-original.png,X/Twitter post,,Not Enough Evidence
926,"Trump: ""Coming from the border are millions and millions of people that happen to be taking Black jobs.""",30-07-2024,Donald trump,US,https://web.archive.org/web/20241208022717/https://www.c-span.org/video/?537472-1/president-trump-speaks-nabj-conference,National Association of Black Journalists conference,,Not Enough Evidence
927,A video shows a magnitude 7 earthquake hitting California.,01-01-2023,,US,,Facebook,,Not Enough Evidence
928,"Image shows Netanyahu hospitalized, unconscious in a hospital bed, and wearing an oxygen mask.",01-01-2023,,IL,https://ghostarchive.org/archive/JY6Ne,Instagram,,Not Enough Evidence
929,The American Red Cross banned people who have received a COVID-19 vaccine from donating blood because it is “tainted.”,01-01-2023,,US,,X,,Refuted
930,Philippines-US Mutual Defense Treaty can not be invoked for China’s aggression in the West Philippine Sea,25-04-2024,Harry Roque,PH,https://web.archive.org/web/20240530053500/https://ghostarchive.org/varchive/UffdeM-h15E,YouTube,,Not Enough Evidence
931,It is a lie that passive smoking is dangerous to non-smokers.,29-08-2024,DaveAtherton20,GB,https://archive.ph/77O2I,X,,Refuted
932,Video shows Kamala Harris said 'next question' to avoid CNN question on economy,25-09-2024,humanities_truth,US,https://web.archive.org/web/20240926153326/https://www.instagram.com/reel/DAWn2ZTsRV3/,Instagram,,Not Enough Evidence
933,Karnataka Deputy Chief Minister DK Shivakumar appears to say that the INDIA bloc will not form the government.,03-06-2024,MrSinha_,IN,https://perma.cc/983Z-3KWS,X,,Not Enough Evidence
934,No other countries are forcing people to switch out their cars for more environmentally friendly models.,30-06-2024,Rishi Sunak,GB,https://www.bbc.co.uk/iplayer/episode/m0020s88/sunday-with-laura-kuenssberg-30062024,BBC,,Refuted
935,Prime Minister Rishi Sunak says the Government “has now reached resolution with every other part of the NHS” apart from junior doctors.,07-01-2024,Rishi Sunak,GB,https://archive.ph/wXPkr,X,,Not Enough Evidence
936,Kamala Harris wants to defund the police.,24-07-2024,Donald Trump,US,https://www.c-span.org/program/campaign-2024/former-president-trump-campaigns-in-charlotte-north-carolina/645318,C-SPAN,,Conflicting Evidence/Cherry-picking
937,"Video showing Devendra Fadnavis attacking Asaduddin Owaisi by saying ""not even a dog will urinate on Aurangzeb’s identity"" shows the new aggressive NDA.",28-10-2024,MumbaichaDon,IN,https://archive.ph/qa7R3,X,,Not Enough Evidence
938,Western nations signed a treaty guaranteeing NATO would not expand 'one inch' to the east after German reunification in 1990.,31-01-2024,H Boor,,https://web.archive.org/web/20240601053304/https://archive.ph/WbpaX,Facebook,,Conflicting Evidence/Cherry-picking
939,Ondo state is the second least of states with high debt profile,03-11-2024,Lucky Aiyedatiwa,NG,https://www.youtube.com/watch?v=ovBLOORdJ0c&t=3740s,YouTube,,Not Enough Evidence
940,Ondo State paid over 6 billion naira in 10 months on gratuity owed by the previous government,03-11-2024,Lucky Aiyedatiwa,NG,https://www.youtube.com/watch?v=ovBLOORdJ0c&t=4112s,YouTube,,Not Enough Evidence
941,"Ondo state has employed 2,000 teachers in ten months",03-11-2024,Lucky Aiyedatiwa,NG,https://www.youtube.com/live/ovBLOORdJ0c?t=4606s,YouTube,,Not Enough Evidence
942,Governor Ayedatiwa gets N1.2 billion as security votes monthly.,03-11-2024,Agboola Ajayi,NG,https://www.youtube.com/live/ovBLOORdJ0c?t=990s,youtube,,Not Enough Evidence
943,The Ondo state governor drew more than 1.2 billion security votes in September 2024 in the week of the Edo election.,03-11-2024,Agboola Ajayi,NG,youtube.com/live/ovBLOORdJ0c?t=1808s,YouTube,,Not Enough Evidence
944,Aiyedatiwa was in the Niger Delta Development Commission for “two to three years”,03-11-2024,Agboola Ajayi,NG,https://www.youtube.com/watch?v=ovBLOORdJ0c&t=2777s,YouTube,,Not Enough Evidence
945,Ondo state has no single industrialisation and no single functional company.,03-11-2024,Agboola Ajayi,NG,https://www.youtube.com/watch?v=ovBLOORdJ0c&t=2059s,YouTube,,Refuted
946,Food inflation in Ondo state is at a multi-decade high at 37.2%.,03-11-2024,Seun Okinbaloye,NG,https://www.youtube.com/watch?v=ovBLOORdJ0c,YouTube,,Not Enough Evidence
947,There’s no such thing as menopause.,25-08-2024,Danny Neskovic,,https://www.facebook.com/100083705865508/posts/475477515252440/?mibextid=WC7FNe&rdid=OwTjZc2riIiMhvBB#,Facebook,,Refuted
948,The headline of a video  claims that missing beauty pageant contestant Catherine Camilon has already returned to her family.,12-03-2020,VIRAL BROADCAST PH,,,YouTube,,Not Enough Evidence
949,24% of South Africa's national budget is spent on education.,01-02-2024,Congress of the People,ZA,,,,Not Enough Evidence
950,South Africa has the second-largest economy in Africa.,01-02-2024,African Transformation Movement,ZA,,,,Refuted
951,Kenya spent KSh1 trillion on salaries.,29-06-2024,William Ruto,KE,https://web.archive.org/web/20240919014859/https://www.youtube.com/watch?v=sBivyw499GU,Citizen TV Kenya,,Not Enough Evidence
952,"Video shows Adhir Ranjan Chowdhury, the president of the West Bengal Congress, purportedly urging people to vote for the BJP instead of the TMC in the Lok Sabha elections.",01-05-2024,Vijesh Jaiswal,IN,https://www.facebook.com/vijesh.jaiswal/posts/10212481469308113,Facebook,,Not Enough Evidence
953,Former President Donald Trump took away protections against discrimination for LGBTQ patients under the Affordable Care Act.,11-08-2024,@KamalaHarris,US,https://x.com/KamalaHarris/status/1822798239596229052,X (Formerly Twitter) ,,Supported
954,The most brutal Ukrainian units operating in the Kursk direction [in the Kursk region of Russia] are made up of mercenaries ... The mercenaries are the ones who are the most brutal towards civilians.,07-08-2024,TASS,RU,https://tass.ru/armiya-i-opk/21810409,,,Not Enough Evidence
955,"Joe Biden claims The Alabama Supreme Court shut down IVF treatments across the state, unleashed by a Supreme Court decision overturning Roe v. Wade.""",07-03-2024,US President Joe Biden,US,,State of the union address,,Not Enough Evidence
956,"CHED is offering scholarships for elementary, high school and college undergraduate students.",23-10-2024,,PH,,Facebook,,Supported
957,No study has ever proven face masks protect against viruses.,29-10-2024,Billy Te Kahika,NZ,https://www.facebook.com/BillyTeKahikaofficial/posts/535737772684504/,Facebook,,Refuted
958,Serum Institute of India donated 50 crores to BJP via electoral bonds.,14-03-2024,Azycontroll_,IN,https://x.com/Azycontroll_/status/1768248023086477584,X,,Not Enough Evidence
959,The country of Nigeria attracted foreign direct investments worth more than US$30 billion in the last year.,02-10-2024,Pres. Bola Tinubu,NG,https://web.archive.org/web/20241203005732/https://www.youtube.com/watch?v=vBj9WPKd2Bw,YouTube,,Not Enough Evidence
960,El Niño was to blame for record heat in 2023,20-03-2024,RyanMaue,,https://perma.cc/B67K-GVN7,X,,Not Enough Evidence
961,Ofcom have recently changed the broadcasting rules to try to interfere in elections. Their new rules will only give Reform UK 8% of the coverage.,21-06-2024,Nigel_Farage,GB,https://archive.ph/sU04r,X,,Not Enough Evidence
962,Saudi Airlines offers cash rewards to Ghanaians as Ramadan subsidy,30-03-2024,,GH,,Saudia Airlines,,Not Enough Evidence
963,'Woke' ESPN has fired Stephen A. Smith and Jemele Hill.,12-03-2024,The Proud Republicans,US,https://web.archive.org/web/20240331061819/https://www.facebook.com/TheProudRepublicans/posts/pfbid032eDvubTuVaBK5LhDmARe3i8DeSsZcdamZ9RUGU2E6ZRTpfJpe2QgTBWAyLfMGUoel,Facebook,,Refuted
964,It is mandatory to update your Aadhaar card after 10 years or it will become invalid.,01-01-2023,hareepatti,IN,,Instagram,,Refuted
965,"Klaus Schwab wrote ""You will own nothing and be happy"" in his 2020 book ""COVID-19: The Great Reset""",04-02-2024,slobodni.zajedno,US,https://www.tiktok.com/@slobodni.zajedno/video/7331792047982087457,TikTok,,Refuted
966,Macklemore's 'Hind's Hall' was restricted on YouTube because of its pro-Palestinian stance.,09-05-2024,Tommy Martin,US,https://archive.ph/fK9Yn#selection-363.0-363.12,Facebook,,Not Enough Evidence
967,William Ruto enhanced the budget for universities by KSh40 billion.,29-06-2024,William Ruto,KE,https://web.archive.org/web/20240919014859/https://www.youtube.com/watch?v=sBivyw499GU,Citizen TV Kenya,,Not Enough Evidence
968,Kenya are paying 46% of our revenues for salaries and wages.,29-06-2024,William Ruto,KE,https://web.archive.org/web/20240919014859/https://www.youtube.com/watch?v=sBivyw499GU,Citizen TV Kenya,,Not Enough Evidence
969,"Look at the Michigan survey, where 65% of the American people think they're in good shape economically. They think the nation's not in good shape, but they're personally in good shape.",08-05-2024,Joe Biden,US,https://web.archive.org/web/20241209101638/https://transcripts.cnn.com/show/ebo/date/2024-05-https://web.archive.org/web/20241209101638/https://transcripts.cnn.com/show/ebo/date/2024-05-08/segment/0108/segment/01,Transcript CNN,,Not Enough Evidence
970,"Nobody has ever died from high cholesterol, people die from the statin drugs that they give you for high cholesterol.",21-10-2024,Tataan,US,https://perma.cc/6Z6C-ENFS,Facebook,,Refuted
971,Rakesh Tikait was assaulted the day before in Karnataka.,06-12-2024,,IN,https://www.facebook.com/munnish.sharma/posts/8259263314178370/,Facebook,,Not Enough Evidence
972,George Soros Finances The Croatian Parliamentary Party Možemo! (We Can!),16-01-2024,kinginvictus33,HR,https://ghostarchive.org/archive/7fcXd,tiktok,,Not Enough Evidence
973,"Over many years, the ANC-led government has registered a budget deficit.",01-01-2023,,ZA,,Cope Platform,,Supported
974,The ratio of one police officer for every 242 citizens in a population is alarmingly low.,01-01-2023,,ZA,,MK Party Platform,,Not Enough Evidence
975,Video shows Erewhon grocery store in Brooklyn.,30-01-2024,hotspot_nyc,US,https://www.instagram.com/hotspot_nyc/reel/C2vUG2rOuT9/,Instagram,,Not Enough Evidence
976,"RFK Jr. said ""I'm going to make sure packaged food companies stop selling processed (food) to every American. I'm going to bankrupt you.""",10-11-2024,blk.rfl.drt,US,https://www.instagram.com/p/DCNhgsIShm-/,Instagram,,Not Enough Evidence
977,100% Aussie milk removed completely from Coles shelves.,12-06-2024,Aussie Spirit,AU,https://www-media.aap.com.au/wp-content/uploads/2024/06/28114023/milk.png,Facebook,,Not Enough Evidence
978,Video shows former Canadian prime minister Stephen Harper endorsing a supposed passive income program.,18-07-2024,,CA,https://perma.cc/N9JB-NQW3,Facebook,,Not Enough Evidence
979,Anthony Albanese has been photographed receiving the mpox vaccine.,18-09-2024,AlboIsPM,AU,https://perma.cc/ES72-P6E8,X,,Not Enough Evidence
980,"We have close to four-and-a-half million young people who are out of school, out of college with degrees, certificates, diplomas, without jobs.",30-06-2024,William Ruto,KE,https://www.youtube.com/watch?v=sBivyw499GU&t=2262s,Youtube,,Not Enough Evidence
981,"We raised, this year, KSh2.3 trillion from our taxes.",30-06-2024,William Ruto,KE,https://www.youtube.com/watch?v=sBivyw499GU&t=2900s,Youtube,,Not Enough Evidence
982,...for ten years that [KSh1.8 trillion in debt] increased five times to KSh11 trillion or KSh10-point-something trillion.,30-06-2024,William Ruto,KE,https://www.youtube.com/watch?v=sBivyw499GU&t=3019s,Youtube,,Not Enough Evidence
983,Kenya imports potatoes from Europe.,30-06-2024,William Ruto,KE,https://www.youtube.com/watch?v=sBivyw499GU&t=2777s,Youtube,,Supported
984,President of Kenya Ruto claimed that the law does not allow for more than 35% to be spent on public salaries.,30-06-2024,William Ruto,KE,https://youtu.be/sBivyw499GU?t=5460,Youtube,,Not Enough Evidence
985,"Image shows O.J. Simpson's last social media post said, 'I did it'",11-04-2024,You Can't Do That On FB,US,https://archive.org/details/altered-oj-simpson-tweet,Facebook,,Refuted
986,The Department of Labor and Employment (DOLE) is offering cash assistance through its Tulong Panghanapbuhay sa Ating Disadvantaged/Displaced Workers (TUPAD) Program.,07-05-2024,,,,Facebook,,Supported
987,Image shows Israel newspaper headline calling 'genocide' protests antisemitic.,19-05-2024,,IL,,Instagram,,Not Enough Evidence
988,Homemade sunscreens are safer than store bought ones,25-06-2024,Nara Smith,US,https://perma.cc/2Z3J-R6Q4,TikTok,,Not Enough Evidence
989,Image shows Jimmy Kimmel is mentioned in the Epstein documents/,03-01-2024,6ixnewzz,US,https://web.archive.org/web/20240104211328/http://web.archive.org/screenshot/https://www.instagram.com/p/C1qikYkNdD7/?img_index=2,Instagram ,,Not Enough Evidence
990,"Image shows a group of Israeli swimmers spelling ""Bring them home now!"" with their bodies to protest an International Olympic Committee (IOC) ban on wearing yellow ribbons to support hostages in the Gaza Strip.",26-07-2024,Rob Shuter,IL,https://perma.cc/F955-XJM2,Facebook,,Not Enough Evidence
991,"Video shows that a British broadcaster has predicted that the Bharatiya Janata Party (BJP) and its allies will win 347 seats in the ongoing Indian general election, while the Congress and allies will win 87 seats.",25-05-2024,@TriShool_Achuk,IN,https://perma.cc/9AFB-E2PX,X,,Not Enough Evidence
992,24% of the national budget is spent on education.,01-01-2023,,ZA,,Congress of the People (Cope) Platform,,Not Enough Evidence
993,"A video notes that in the 2024 Lok Sabha elections, a voter pressed the button for the elephant, but the slip came in favor of the lotus.",18-04-2024,Ara Tak News,IN,https://web.archive.org/web/20240426101528/https://www.facebook.com/plugins/video.php?height=476&href=https%3A%2F%2Fwww.facebook.com%2F61558049620685%2Fvideos%2F965494188530959%2F&show_text=false&width=267&t=0,Facebook,,Not Enough Evidence
994,Mitch McConnell resigns from Senate.,28-02-2024,Great American Patriots,US,https://www.facebook.com/100093429311569/posts/278333838624258,Facebook,,Not Enough Evidence
995,WHO member countries have agreed to arrest people who oppose the bird flu vaccine.,07-06-2024,Lettitia Gingles,US,https://web.archive.org/web/20250322055955/https://www-media.aap.com.au/wp-content/uploads/2024/06/28103015/bird-flu-arrests.png,Facebook,,Refuted
996,A John Hopkins study proves 97.5 per cent of Jewish people in Israel have no genetic ties to the region.,18-04-2024,Angus Leendertz,IL,https://archive.ph/TlH1c,Facebook,,Refuted
997,Video shows a differently abled girl applying tilak on the forehead of Maharashtra’s Chief Minister Devendra Fadnavis using her foot after his swearing in as CM in 2024.,14-12-2024,ugra_ram_politya_00,IN,https://www.threads.net/@ugra_ram_politya_00/post/DDjw-tkvsTp,Threads,,Not Enough Evidence
998,"Ancient civilizations once inhabited Antarctica, as shown by the pyramids there, but the continent’s position and climate rapidly changed due to ‘tectonics and pole shift’.",20-03-2024,Awaken Zone,,https://perma.cc/RQZ4-RCKJ,Youtube,,Refuted
999,"A video shows SP MLA Mehboob Ali claiming that the BJP’s rule will end with the rising Muslim population, predicting the SP’s return to power by 2027.",29-09-2024,Deepak Kalappat,IN,https://www.facebook.com/deepak86dxb/posts/901179208599792/,Facebook,,Not Enough Evidence
