claim_id,claim,claim_date,speaker,source,label,detected_biases,prediction,prediction_error
tracer_test_14238,"""Since the mid-'90s, this country has been governed by revolving continuing resolution and omnibus spending bill(s). … That is the reason we're $33 trillion in debt.""",2023-10-01,,tracer,Half-True,,Misleading,
tracer_test_14239,New York Attorney General Letitia James and Judge Arthur Engoron valued Mar-a-Lago at $18 million.,2023-10-01,,tracer,Refuted,,Refuted,
tracer_test_14240,"Flu shot ingredients include aborted human cell cultures, monkey kidney cells and antifreeze.",2023-10-02,,tracer,Refuted,"[{""bias"": ""curse of knowledge"", ""confidence"": 0.341}]",Misleading,
tracer_test_14241,"Video shows a family learning their debt was resolved by the “American Debt Relief program” for American citizens and legal residents who “have over $20,000” in credit card debt.",2023-10-03,,tracer,Refuted,,Misleading,
tracer_test_14242,"There are ""about a half a dozen"" transgender athletes competing in Wisconsin K-12 schools.",2023-10-04,,tracer,Refuted,"[{""bias"": ""curse of knowledge"", ""confidence"": 0.5062}]",Misleading,
tracer_test_14243,"The Milwaukee Brewers “are complaining about a lack of transit going to the ballpark at the same time as they are testifying in favor (of) taking $135 million away from Milwaukee County, which funds transit.""",2023-10-05,,tracer,Refuted,,Misleading,
tracer_test_14244,"The Biden administration “wanted Israel to stand down after the attack"" by Hamas.",2023-10-07,,tracer,Refuted,,Misleading,
tracer_test_14245,"""Sadly, American taxpayer dollars helped fund these attacks, which many reports are saying came from the Biden administration.”",2023-10-07,,tracer,Refuted,,Refuted,
tracer_test_14246,"“The same people that raided Israel are pouring into our once beautiful USA, through our TOTALLY OPEN SOUTHERN BORDER, at Record Numbers.”",2023-10-09,,tracer,Refuted,"[{""bias"": ""curse of knowledge"", ""confidence"": 0.3479}]",Refuted,
tracer_test_14247,Biden is “funding every angle” of the Israel-Hamas war.,2023-10-11,,tracer,Refuted,"[{""bias"": ""curse of knowledge"", ""confidence"": 0.302}]",Misleading,
tracer_test_14248,"It has been U.S. policy “for at least 79 years"" to require Americans who intend to be evacuated from overseas to sign a promissory note.",2023-10-12,,tracer,Supported,,Refuted,
tracer_test_14249,"China is “the largest developer of neuro-strike weapons, weapons engineered to change the brain activity of military commanders and segments of the population.”",2023-10-12,,tracer,Half-True,"[{""bias"": ""curse of knowledge"", ""confidence"": 0.76}]",Refuted,
tracer_test_14250,“Kids who don’t even know what day it is or their colors can decide to permanently change themselves” through medical gender transition.,2023-10-12,,tracer,Refuted,"[{""bias"": ""curse of knowledge"", ""confidence"": 0.62}]",Misleading,
tracer_test_14251,"Video shows North Korean President Kim Jong Un blaming President Joe Biden for the Israel-Hamas war and Russia’s invasion of Ukraine, and saying, “I support Donald Trump for President in 2024.”",2023-10-12,,tracer,Refuted,"[{""bias"": ""curse of knowledge"", ""confidence"": 0.52}]",Refuted,
tracer_test_14252,"""95% of over-the-counter pharmaceuticals"" in the U.S. come from China.",2023-10-13,,tracer,Refuted,,Refuted,
tracer_test_14253,Republicans in Congress are “trying to wipe out federal funding to end the HIV epidemic.”,2023-10-14,,tracer,Half-True,,Misleading,
tracer_test_14254,“Nikki Haley argues in support of bringing Gaza refugees to America.”,2023-10-16,,tracer,Refuted,,Supported,
tracer_test_14255,The Democrats are pushing “to take in a million Palestinian refugees.”,2023-10-16,,tracer,Refuted,"[{""bias"": ""curse of knowledge"", ""confidence"": 0.8554}]",Misleading,
tracer_test_14256,"“Since 1981, the state Senate has only rejected five executive appointments. The GOP today is more than doubling that number.”",2023-10-17,,tracer,Supported,,Misleading,
tracer_test_14257,Some individuals or businesses in Wisconsin are charging $2 or $2.25 an hour for child care.,2023-10-18,,tracer,Half-True,,Misleading,
tracer_test_14258,"“In the last 11 months, Customs and Border Patrol has averaged 200,000 apprehensions a month, and you know how many beds we have to detain people at the border? Thirty-eight thousand.""",2023-10-18,,tracer,Half-True,"[{""bias"": ""hindsight bias"", ""confidence"": 0.4599}]",Misleading,
tracer_test_14259,"""Russia has hypersonic missile capabilities ahead of that of the U.S.”",2023-10-18,,tracer,Half-True,"[{""bias"": ""curse of knowledge"", ""confidence"": 0.4683}]",Misleading,
tracer_test_14260,Campaign finance disclosures showed Fulton County District Attorney Fani Willis took part in a “massive money laundering and election fraud” scheme.,2023-10-20,,tracer,Refuted,"[{""bias"": ""curse of knowledge"", ""confidence"": 0.3187}]",Refuted,
tracer_test_14261,“The FDA is required to take the COVID vaccines off the market” because they are “adulterated.”,2023-10-21,,tracer,Refuted,,Refuted,
tracer_test_14262,"Gasoline prices are ""up 63%"" under President Joe Biden.",2023-10-23,,tracer,Half-True,"[{""bias"": ""Availability heuristic"", ""confidence"": 0.4977}]",Misleading,
tracer_test_14263,"“When I came into office, Iran had $70 billion in foreign exchange reserves. … By the time I left, they had nothing. They were broke.”",2023-10-23,,tracer,Half-True,,Misleading,
tracer_test_14264,“This map was drawn entirely in secret by an Ohio consultant … with taxpayer dollars.”,2023-10-24,,tracer,Half-True,"[{""bias"": ""clustering illusion"", ""confidence"": 0.4664}]",Refuted,
tracer_test_14265,“The Republicans and Trump funded $400 million in March of 2020 for mail ballots.”,2023-10-24,,tracer,Half-True,,Refuted,
tracer_test_14266,“It is harder to buy Sudafed than an AR-15 in Maine.”,2023-10-25,,tracer,Half-True,,Misleading,
tracer_test_14267,"U.S. House Speaker Mike Johnson ""opposes Social Security benefits.""",2023-10-25,,tracer,Refuted,,Misleading,
tracer_test_14268,“New court documents reveal that George Floyd died of a fentanyl overdose.”,2023-10-27,,tracer,Refuted,"[{""bias"": ""Just-world hypothesis"", ""confidence"": 0.6631}]",Misleading,
tracer_test_14269,Gov. Ron DeSantis “actually sponsored the bill to make Puerto Rico a state.”,2023-10-28,,tracer,Half-True,"[{""bias"": ""curse of knowledge"", ""confidence"": 0.4284}]",Refuted,
tracer_test_14270,“Because of our economic policies we now are reducing inflation.”,2023-10-28,,tracer,Refuted,,Misleading,
tracer_test_14271,“Gen Z is divided 50-50 on whether they support Hamas or Israel.”,2023-10-28,,tracer,Refuted,"[{""bias"": ""curse of knowledge"", ""confidence"": 0.6433}]",Refuted,
tracer_test_14272,“Haaretz investigation reveals discrepancies in Israel’s reporting on October 7th death toll.”,2023-10-28,,tracer,Refuted,,Supported,
tracer_test_14273,Ohio’s Issue 1 “allows for abortion after viability for…financial reasons.”,2023-10-30,,tracer,Refuted,,Misleading,
tracer_test_14274,"""Over the past four decades, we’ve lost over 400,000 farms in America (and) over 140 million acres of farmland. And that’s an area roughly equal to the size of Minnesota, North and South Dakota combined.”",2023-11-01,,tracer,Half-True,,Supported,
tracer_test_14275,Wisconsin elections administrator Meagan Wolfe “allowed for the use of illegal drop boxes and ballot harvesting.”,2023-11-01,,tracer,Refuted,"[{""bias"": ""curse of knowledge"", ""confidence"": 0.4746}]",Refuted,
tracer_test_14276,“It’s been revealed that Fauci brought COVID to the Montana one year before COVID broke out in the U.S.!”,2023-11-01,,tracer,Refuted,"[{""bias"": ""hindsight bias"", ""confidence"": 0.6262}]",Refuted,
tracer_test_14277,Wisconsin elections administrator Meagan Wolfe “refuses to clean up our voter rolls”,2023-11-01,,tracer,Refuted,,Refuted,
tracer_test_14278,Wisconsin elections administrator Meagan Wolfe “permitted the ‘Zuckerbucks’ influence money.”,2023-11-01,,tracer,Refuted,"[{""bias"": ""curse of knowledge"", ""confidence"": 0.6921}]",Refuted,
tracer_test_14279,"Jim Justice “broke his pledge, raised the gas tax.”",2023-11-02,,tracer,Refuted,,Misleading,
tracer_test_14280,"“Only in Washington can you cut funding, add a pay-for to a new spending measure, and they say it's terrible for the deficit.”",2023-11-05,,tracer,Refuted,,Misleading,
tracer_test_14281,“We produce a lot more wind energy in Texas than California does.”,2023-11-06,,tracer,Supported,,Supported,
tracer_test_14282,"""Acapulco destroyed by yet another directed weather attack!”",2023-11-06,,tracer,Refuted,"[{""bias"": ""Availability heuristic"", ""confidence"": 0.7472}]",Refuted,
tracer_test_14283,"“We sell arms to 60% of the world's autocrats. We are the world's largest arms exporters.""",2023-11-07,,tracer,Supported,,Misleading,
tracer_test_14284,"""On most campuses, you cannot destroy a chalked message unless you were the one that wrote it. You can't dump water on it, you can't even walk over it.""",2023-11-07,,tracer,Half-True,"[{""bias"": ""Risk Compensation"", ""confidence"": 0.3858}]",Refuted,
tracer_test_14285,"""Bucks star Giannis Antetokounmpo signed a three-year contract for $186 million. He and his family, being African American, could receive benefits under affirmative action.”",2023-11-07,,tracer,Refuted,,Misleading,
tracer_test_14286,Looking at “American aid to other countries … the vast majority of it is military aid.”,2023-11-07,,tracer,Refuted,"[{""bias"": ""curse of knowledge"", ""confidence"": 0.3573}]",Misleading,
tracer_test_14287,"An exemption in a new Florida law “allowed Chinese nationals to buy land within a 20-mile radius of a military base, lobbied for by one of (Gov. Ron DeSantis’) donors.”",2023-11-08,,tracer,Half-True,,Misleading,
tracer_test_14288,Says U.S. Sen. Tammy Baldwin “voted to send hundreds of millions to Iran” to bankroll “radicals like Hezbollah and Hamas.”,2023-11-08,,tracer,Refuted,,Misleading,
tracer_test_14289,Ron DeSantis “wants to cut Social Security and Medicare.”,2023-11-08,,tracer,Refuted,"[{""bias"": ""curse of knowledge"", ""confidence"": 0.3121}]",Misleading,
tracer_test_14290,"“In 1992, this country made a promise to Ukraine. We said if you return nuclear missiles that were part of the old Soviet Union to Russia, and they invade you, we will protect you.”",2023-11-08,,tracer,Refuted,"[{""bias"": ""Outcome bias"", ""confidence"": 0.588}]",Misleading,
tracer_test_14291,"“Just like the Cuban regime, the Biden administration is trying to put their political opponents in jail, shutting down free speech.”",2023-11-08,,tracer,Refuted,,Refuted,
tracer_test_14292,New York’s fraud case against Trump “has nothing to do with his home in Mar-a-Lago.”,2023-11-08,,tracer,Refuted,"[{""bias"": ""curse of knowledge"", ""confidence"": 0.3456}]",Misleading,
tracer_test_14293,"Says expanding Medicaid in Wisconsin would save the state $530 million, which could pay for 3,287 K-12 teachers, or 7.8 educators per district.",2023-11-09,,tracer,Supported,"[{""bias"": ""Planning Fallacy"", ""confidence"": 0.7988}]",Misleading,
tracer_test_14294,"""Unfortunately during COVID, the clerks in Madison and Milwaukee told their constituents that they were actually indefinitely confined and did not have to come and vote, which was incorrect.""",2023-11-09,,tracer,Half-True,,Misleading,
tracer_test_14295,North Carolina Attorney General and gubernatorial candidate Josh Stein “supports taxpayer-funded abortion on demand with no restrictions up until birth.”,2023-11-09,,tracer,Refuted,,Misleading,
tracer_test_14296,“Footage from Israeli helicopter shows the IDF killing many people at October 7 concert in Israel.”,2023-11-09,,tracer,Refuted,"[{""bias"": ""Just-world hypothesis"", ""confidence"": 0.3817}]",Refuted,
tracer_test_14297,"""In order to be a poll worker on the conservative side, you have to register through the Republican Party of Wisconsin.""",2023-11-10,,tracer,Half-True,,Refuted,
tracer_test_14298,Florida Gov. Ron DeSantis “did something six months ago” akin to Nikki Haley recruiting Chinese companies to South Carolina.,2023-11-10,,tracer,Refuted,"[{""bias"": ""curse of knowledge"", ""confidence"": 0.8748}]",Refuted,
tracer_test_14299,Rise in U.S. infant mortality rate connected to COVID-19 vaccines.,2023-11-10,,tracer,Refuted,"[{""bias"": ""Availability heuristic"", ""confidence"": 0.4643}]",Refuted,
tracer_test_14300,CNN and The Associated Press “admitted” to knowing about Hamas’ Oct. 7 attack in advance but didn’t tell anyone.,2023-11-11,,tracer,Refuted,"[{""bias"": ""Bias blind spot"", ""confidence"": 0.5389}]",Refuted,
tracer_test_14301,"New Hampshire has “a worse drug problem per capita than any other state.""",2023-11-11,,tracer,Refuted,,Refuted,
tracer_test_14302,These 13 books “have been banned from schools in Florida.”,2023-11-13,,tracer,Refuted,"[{""bias"": ""Just-world hypothesis"", ""confidence"": 0.3019}]",Supported,
tracer_test_14303,"""Half of American high school students are not familiar with the Holocaust.""",2023-11-13,,tracer,Refuted,,Supported,
tracer_test_14304,"“With school-based professional social workers, the recommendation is 400-to-1, and in Wisconsin, we’re almost triple that.”",2023-11-14,,tracer,Supported,,Misleading,
tracer_test_14305,"“Last year alone, natural disasters in America caused $178 billion in damages.”",2023-11-14,,tracer,Half-True,"[{""bias"": ""Availability heuristic"", ""confidence"": 0.5239}, {""bias"": ""hindsight bias"", ""confidence"": 0.3081}]",Supported,
tracer_test_14306,"“I have been a state legislator for 11 years, passing over 170 bills into law and delivering for Wisconsin families.”",2023-11-15,,tracer,Half-True,,Supported,
tracer_test_14307,“Abraham Lincoln challenged a guy to a sword fight.”,2023-11-15,,tracer,Half-True,"[{""bias"": ""hindsight bias"", ""confidence"": 0.3283}]",Refuted,
tracer_test_14308,“New police bodycam footage” of George Floyd’s arrest “changes the narrative”,2023-11-15,,tracer,Refuted,,Misleading,
tracer_test_14309,"A ""ghost bus … filled with FBI informants dressed as Trump supporters deployed onto our Capitol on January 6th.”",2023-11-15,,tracer,Refuted,,Refuted,
tracer_test_14310,Under New York’s Clean Slate Act “violent crimes … will now be automatically sealed after a set time - like they never happened.”,2023-11-18,,tracer,Refuted,,Refuted,
tracer_test_14311,"The federal government and the Federal Reserve were “raising inflation,” something that “had nothing to do with … getting our economy back in line” but rather to fund a “war against a bunch of civilians.”",2023-11-18,,tracer,Refuted,,Refuted,
tracer_test_14312,"In Florida, “any woman who has an abortion after six weeks — and any doctor who gives her care — will be guilty of a felony.”",2023-11-19,,tracer,Half-True,"[{""bias"": ""Omission bias"", ""confidence"": 0.3184}]",Misleading,
tracer_test_14313,"“Because wages are rising, this Thanksgiving dinner is the fourth-cheapest ever as a percentage of average earnings.”",2023-11-20,,tracer,Half-True,"[{""bias"": ""Availability heuristic"", ""confidence"": 0.4131}]",Misleading,
tracer_test_14314,Clips of Nikki Haley speaking about Hillary Clinton show Haley supports Clinton and is “not who she says she is.”,2023-11-23,,tracer,Refuted,,Refuted,
tracer_test_14315,"“In every single war that America has fought, we have never asked for land afterwards, except for enough to bury the Americans who gave the ultimate sacrifice for that freedom we went in for.”",2023-11-26,,tracer,Refuted,,Misleading,
tracer_test_14316,Republicans’ “plan would cut Social Security benefits. … Average benefit cut would be 13%.”,2023-11-27,,tracer,Refuted,"[{""bias"": ""Attentional bias"", ""confidence"": 0.3797}]",Misleading,
tracer_test_14317,"China “had the largest naval fleet in the world. They had 370 ships. They'll have 400 ships in two years. We won't even have 350 ships in two decades.""",2023-11-28,,tracer,Half-True,,Misleading,
tracer_test_14318,"“Your minor child can go to California without your knowledge or without your consent, and get hormone therapy, puberty blockers and a sex change operation.”",2023-11-30,,tracer,Refuted,"[{""bias"": ""Omission bias"", ""confidence"": 0.3841}]",Misleading,
tracer_test_14319,"""When (Ron DeSantis) was in Congress, he supported amnesty.""",2023-11-30,,tracer,Refuted,,Refuted,
tracer_test_14320,“Mysterious pneumonia” from China is now in Ohio.,2023-11-30,,tracer,Refuted,"[{""bias"": ""Availability heuristic"", ""confidence"": 0.3381}]",Refuted,
tracer_test_14321,"With Apple’s NameDrop, anyone placing an iPhone near your child’s “will automatically receive their contact information.”",2023-11-30,,tracer,Refuted,,Misleading,
tracer_test_14322,"“Our government, wrongly, is saying if you’re born in this country you’re automatically an American citizen.”",2023-12-01,,tracer,Refuted,,Refuted,
tracer_test_14323,"“With the historic Abraham Accords, I even made peace in the Middle East.”",2023-12-02,,tracer,Refuted,"[{""bias"": ""Outcome bias"", ""confidence"": 0.3546}]",Misleading,
tracer_test_14324,“Wisconsin utilities have charged ratepayers more than $1.9 billion of increases since 2019.”,2023-12-04,,tracer,Refuted,,Supported,
tracer_test_14325,"“We’ve created close to 800,000 manufacturing jobs since I’ve taken office.”",2023-12-05,,tracer,Half-True,,Supported,
tracer_test_14326,"“We have our government giving people who came into this country illegally $5,000 gift cards.”",2023-12-05,,tracer,Refuted,,Refuted,
tracer_test_14327,"Discussing gender-affirming surgical care for minors, said that Sweden “shut it down.”",2023-12-06,,tracer,Half-True,"[{""bias"": ""Essentialism"", ""confidence"": 0.4248}, {""bias"": ""curse of knowledge"", ""confidence"": 0.3096}]",Misleading,
tracer_test_14328,Nikki Haley “raised taxes.”,2023-12-06,,tracer,Refuted,,Misleading,
tracer_test_14329,“The great replacement theory is not some grand right-wing conspiracy theory. But a basic statement of the Democratic Party's platform.”,2023-12-06,,tracer,Refuted,"[{""bias"": ""curse of knowledge"", ""confidence"": 0.7181}]",Refuted,
tracer_test_14330,“Jan. 6 now does look like it was an inside job.”,2023-12-06,,tracer,Refuted,"[{""bias"": ""hindsight bias"", ""confidence"": 0.3674}]",Refuted,
tracer_test_14331,"""Wisconsin Republicans have passed multiple billion dollar middle-class tax cuts this year, but each time we have, Governor Tony Evers has vetoed the relief.""",2023-12-08,,tracer,Half-True,,Misleading,
tracer_test_14332,China is allowed to do crypto mining in the U.S.,2023-12-11,,tracer,Half-True,,Refuted,
tracer_test_14333,"Democrats have also used alternate slates of electors ""repeatedly in all kinds of different states.""",2023-12-11,,tracer,Refuted,"[{""bias"": ""curse of knowledge"", ""confidence"": 0.4797}]",Refuted,
tracer_test_14334,Florida “had a year-over-year reduction” in overdose deaths.,2023-12-12,,tracer,Half-True,,Supported,
tracer_test_14335,"In the past year, Michigan, Minnesota and Illinois passed ""highly popular” policies such as paid family leave, one of several issues that have been stymied in Wisconsin by Republicans.",2023-12-12,,tracer,Half-True,"[{""bias"": ""curse of knowledge"", ""confidence"": 0.5739}]",,Failed to get valid prediction
tracer_test_14336,"Under the Trump administration's trade deal, “China's only fulfilled one-third of the promises of agricultural products that they were supposed to buy from our farmers.”",2023-12-13,,tracer,Half-True,,Misleading,
tracer_test_14337,"“Gasoline prices are now $5, $6, $7 and even $8 a gallon.”",2023-12-13,,tracer,Refuted,,Misleading,
tracer_test_14338,"“We’ve had more Americans die of fentanyl than the Iraq, Afghanistan, and Vietnam wars, combined.”",2023-12-14,,tracer,Supported,,Supported,
tracer_test_14339,U.S. tax dollars “have gone to promote transgenderism in Bangladesh.”,2023-12-15,,tracer,Half-True,,Misleading,
tracer_test_14340,"“Almost a million people, mostly Democrats, have been kicked off the voter roll here in Florida” because of efforts to place a proposed amendment on abortion access on the state’s 2024 ballot.",2023-12-15,,tracer,Refuted,"[{""bias"": ""Just-world hypothesis"", ""confidence"": 0.3608}]",Misleading,
tracer_test_14341,“They want to make our Army tanks all electric.”,2023-12-16,,tracer,Refuted,"[{""bias"": ""curse of knowledge"", ""confidence"": 0.5675}]",Misleading,
tracer_test_14342,"“Illegal immigrants now have the right to vote in New York.""",2023-12-18,,tracer,Refuted,"[{""bias"": ""curse of knowledge"", ""confidence"": 0.3315}]",Refuted,
tracer_test_14343,Migrants who enter the U.S. illegally get U.S. passports immediately after leaving a border processing center.,2023-12-19,,tracer,Refuted,,Refuted,
tracer_test_14344,Gov. Ron DeSantis “called China ‘Florida’s most important trading partner.’”,2023-12-28,,tracer,Refuted,"[{""bias"": ""curse of knowledge"", ""confidence"": 0.653}]",Refuted,
tracer_test_14345,"Donald Trump “deported less, believe it or not, than Barack Obama even did.""",2024-01-02,,tracer,Supported,"[{""bias"": ""hindsight bias"", ""confidence"": 0.4122}]",Misleading,
tracer_test_14346,"In Palm Springs, California, “transgender residents to receive a monthly payment of $900.”",2024-01-02,,tracer,Refuted,,Misleading,
tracer_test_14347,"“Right now, over 70% of federal employees are still working from home three years after COVID.""",2024-01-02,,tracer,Refuted,"[{""bias"": ""Just-world hypothesis"", ""confidence"": 0.3264}]",Refuted,
tracer_test_14348,"""In actuality, there is no evidence Joe Biden won” the 2020 election, citing a report’s allegations from five battleground states.",2024-01-02,,tracer,Refuted,,Refuted,
tracer_test_14349,"Says FBI Director Christopher Wray told Congress “that with the border wide open and a war in Israel, Hamas can just walk right in.”",2024-01-03,,tracer,Refuted,,Refuted,
tracer_test_14350,Nikki Haley “opposed Trump’s border wall” and “Trump’s travel ban.”,2024-01-03,,tracer,Refuted,,Supported,
tracer_test_14351,"In Florida, “income growth is top of the chart.”",2024-01-04,,tracer,Half-True,"[{""bias"": ""Availability heuristic"", ""confidence"": 0.4342}]",Misleading,
tracer_test_14352,“Epstein List” shows 166 people connected to convicted sex offender Jeffrey Epstein.,2024-01-04,,tracer,Refuted,"[{""bias"": ""Availability heuristic"", ""confidence"": 0.6091}]",Supported,
tracer_test_14353,"“We’ve had 8 million” immigrants come to the U.S. illegally under Biden “and they only sent back 142,000.”",2024-01-05,,tracer,Refuted,,Misleading,
tracer_test_14354,“That’s why they are allowing these people to come in — people that don’t speak our language — they are signing them up to vote.”,2024-01-05,,tracer,Refuted,,Refuted,
tracer_test_14355,Nikki Haley is ineligible to be president or vice president.,2024-01-05,,tracer,Refuted,,Refuted,
tracer_test_14356,"Nikki Haley “says the retirement age at 65 is way too low, it must be much higher.”",2024-01-06,,tracer,Half-True,,Supported,
tracer_test_14357,“The law in Wisconsin (on abortion time limit) is 20 weeks. That is way outside the international bounds.”,2024-01-07,,tracer,Refuted,"[{""bias"": ""Whole only effect"", ""confidence"": 0.3256}]",Misleading,
tracer_test_14358,“The racial wealth gap is the smallest it’s been in 20 years.”,2024-01-08,,tracer,Half-True,,Misleading,
tracer_test_14359,"""Nikki Haley refused to call illegals criminals"" and ""repeatedly pushed amnesty for illegals.""",2024-01-08,,tracer,Refuted,,Misleading,
tracer_test_14360,Police made ‘no arrests’ of protesters who blocked Durham Freeway,2024-01-08,,tracer,Refuted,,Refuted,
tracer_test_14361,"“Bryan Steil is part of a group that wants to cut Social Security and Medicare, that would be devastating.”",2024-01-10,,tracer,Refuted,"[{""bias"": ""Omission bias"", ""confidence"": 0.329}]",Misleading,
tracer_test_14362,“Biden’s let in 8 million people just in four years.”,2024-01-10,,tracer,Refuted,"[{""bias"": ""hindsight bias"", ""confidence"": 0.5647}]",Refuted,
tracer_test_14363,“Haley’s plan cuts Social Security benefits for 82% of Americans.”,2024-01-11,,tracer,Refuted,,Misleading,
tracer_test_14364,"Women ""store DNA"" from all their male sexual partners.",2024-01-15,,tracer,Refuted,"[{""bias"": ""curse of knowledge"", ""confidence"": 0.5454}]",Refuted,
tracer_test_14365,Abraham Lincoln’s coin is copper because he ended slavery. Figures on other U.S. coins “face left because they turned their backs to him in protest.”,2024-01-15,,tracer,Refuted,,Refuted,
tracer_test_14366,“This is the third time we’ve won but this is the biggest win” in Iowa caucus.,2024-01-15,,tracer,Refuted,,Misleading,
tracer_test_14367,“New proposed bill in Maine says the state can take custody of a kid if the parents oppose” gender-affirming care,2024-01-16,,tracer,Refuted,"[{""bias"": ""Attentional bias"", ""confidence"": 0.537}]",Misleading,
tracer_test_14368,"Donald Trump “proposed when he was president” that “he wanted to raise the gas tax up to 25 cents.""",2024-01-17,,tracer,Refuted,"[{""bias"": ""hindsight bias"", ""confidence"": 0.5326}]",Supported,
tracer_test_14369,"“Every booster you take, you’re more likely to get COVID as a result of it.”",2024-01-17,,tracer,Refuted,,Refuted,
tracer_test_14370,“Florida state government (has the) lowest number of state employees per capita in the country.”,2024-01-18,,tracer,Half-True,,Refuted,
tracer_test_14371,"Department of Homeland Security Secretary Alejandro Mayorkas' border policy is ""personally responsible"" for fentanyl crossing the border",2024-01-19,,tracer,Refuted,,Refuted,
tracer_test_14372,President Joe Biden changed the State of the Union Address from summer to March.,2024-01-19,,tracer,Refuted,"[{""bias"": ""curse of knowledge"", ""confidence"": 0.8378}]",Refuted,
tracer_test_14373,"“Wisconsin had over 1,400 opioid overdose deaths in 2022.”",2024-01-21,,tracer,Supported,,Supported,
tracer_test_14374,"""(The) top issue for college students is the economy.""",2024-01-21,,tracer,Supported,,Misleading,
tracer_test_14375,Chinese scientists “created (a) new COVID-19 strain (with) 100% fatality.”,2024-01-21,,tracer,Refuted,,Refuted,
tracer_test_14376,"Says Winston Churchill said, “Success is not final, failure is not fatal: it is the courage to continue that counts.”",2024-01-21,,tracer,Refuted,"[{""bias"": ""curse of knowledge"", ""confidence"": 0.5464}]",Supported,
tracer_test_14377,Says President Joe Biden said that Democrats should not vote in the New Hampshire primary.,2024-01-21,,tracer,Refuted,,Refuted,
tracer_test_14378,"“Today in America, 1 in 3 women of reproductive age live in a state with an abortion ban.”",2024-01-22,,tracer,Supported,,Supported,
tracer_test_14379,"""We have technology and medical advancements today that can tell you if you are pregnant the day after conception.""",2024-01-22,,tracer,Refuted,"[{""bias"": ""curse of knowledge"", ""confidence"": 0.8224}]",Misleading,
tracer_test_14380,Social media post claims judge in Trump’s defamation trial engaged in “election interference” by delaying the trial to New Hampshire’s primary day.,2024-01-22,,tracer,Refuted,,Refuted,
tracer_test_14381,“US hospitals caught injecting experimental Ebola vaccine that sheds!”,2024-01-22,,tracer,Refuted,"[{""bias"": ""Just-world hypothesis"", ""confidence"": 0.6268}]",Refuted,
tracer_test_14382,"""After Roe was dismantled, extremists evoked a law from 1849 to stop abortion”  in Wisconsin.",2024-01-22,,tracer,Refuted,,Misleading,
tracer_test_14383,"“In April last year, our state unemployment rate hit a record low of 2.4%. Last year, Wisconsin had an all-time lowest number of unemployed workers ever in modern history.”",2024-01-23,,tracer,Supported,"[{""bias"": ""hindsight bias"", ""confidence"": 0.6555}]",,Failed to get valid prediction
tracer_test_14384,Democrats “used COVID to cheat” in the 2020 election.,2024-01-23,,tracer,Refuted,,Refuted,
tracer_test_14385,"“Tens of thousands of auto jobs were lost nationwide during Trump's presidency,” but during Biden’s presidency, “we've created more than 250,000 auto jobs.”",2024-01-24,,tracer,Half-True,,Misleading,
tracer_test_14386,“Rep. Dean Phillips received almost twice as many votes as Biden did in the New Hampshire primary.”,2024-01-24,,tracer,Refuted,,Refuted,
tracer_test_14387,“North Carolina has the longest voting period in the country … and we have the most ways of voting.”,2024-01-25,,tracer,Half-True,,Misleading,
tracer_test_14388,"""There are a thousand billionaires now and you know what their average tax rate is? 8%.""",2024-01-25,,tracer,Refuted,"[{""bias"": ""hindsight bias"", ""confidence"": 0.3646}]",Misleading,
tracer_test_14389,"""Last time Democrats removed a Republican from the ballot” was Abraham Lincoln in 1860.",2024-01-26,,tracer,Refuted,"[{""bias"": ""hindsight bias"", ""confidence"": 0.4198}]",Refuted,
tracer_test_14390,"“We’ve seen an 800% increase in the Swanton sector, which is the part of the northern border that I represent, in illegal crossings.”",2024-01-28,,tracer,Supported,,Misleading,
tracer_test_14391,"Rep. Ilhan Omar said her ""top priority is to put Somalia first and expand its territory.”",2024-01-28,,tracer,Refuted,"[{""bias"": ""curse of knowledge"", ""confidence"": 0.5517}]",Refuted,
tracer_test_14392,Postpartum Medicaid coverage expanded from three states to 43 states because of the Biden administration.,2024-01-29,,tracer,Supported,"[{""bias"": ""curse of knowledge"", ""confidence"": 0.4739}]",Misleading,
tracer_test_14393,"“TSA found with metal detectors nearly 7,000 firearms at airports last year — an all-time high.”",2024-01-29,,tracer,Half-True,"[{""bias"": ""Availability heuristic"", ""confidence"": 0.3985}]",Supported,
tracer_test_14394,Stanley cups tested positive for lead “inside of the cup where the drink is.”,2024-01-29,,tracer,Refuted,"[{""bias"": ""clustering illusion"", ""confidence"": 0.3001}]",Refuted,
tracer_test_14395,“George Soros worked for Hitler. Klaus Schwab’s father also worked for Hitler.”,2024-01-30,,tracer,Refuted,,Refuted,
tracer_test_14396,“We think the Earth’s warming” because “we’re literally cooking the books” with flawed temperature data.,2024-01-31,,tracer,Refuted,,Refuted,
tracer_test_14397,"If Texas says, “‘We don’t want to be part of America anymore’ … that’s their decision to make.”",2024-01-31,,tracer,Refuted,,Refuted,
tracer_test_14398,Minnesota incarcerates “about a third of what Wisconsin does.”,2024-02-01,,tracer,Supported,,Misleading,
tracer_test_14399,“Big drug companies charge as little as $7 for an inhaler overseas and nearly $500 for the exact same one here in the US.”,2024-02-01,,tracer,Half-True,"[{""bias"": ""Time-saving bias"", ""confidence"": 0.3073}]",Misleading,
tracer_test_14400,"“Bidenomics is costing the typical American household over $11,400 more a year to buy the basics.”",2024-02-01,,tracer,Half-True,,Misleading,
tracer_test_14401,"Removing gun-related homicides in Chicago, Detroit, Los Angeles, Philadelphia and St. Louis would drop the U.S. to 189th out of 193 countries in gun violence.",2024-02-01,,tracer,Refuted,,Misleading,
tracer_test_14402,"""NYC to give ILLEGALS $53 Million in Prepaid Credit Cards.""",2024-02-02,,tracer,Refuted,"[{""bias"": ""Availability heuristic"", ""confidence"": 0.4006}]",Refuted,
tracer_test_14403,Biden’s strategy is to “get as many illegals in the country as possible” and “legalize them to create a permanent majority.”,2024-02-02,,tracer,Refuted,"[{""bias"": ""curse of knowledge"", ""confidence"": 0.5373}]",Refuted,
tracer_test_14404,“Marijuana is currently classified in the same category of drugs as heroin and a more dangerous category than fentanyl or cocaine.”,2024-02-03,,tracer,Supported,"[{""bias"": ""curse of knowledge"", ""confidence"": 0.4035}]",Misleading,
tracer_test_14405,"Under President Joe Biden, “Black unemployment is the lowest in American history.”",2024-02-04,,tracer,Half-True,"[{""bias"": ""curse of knowledge"", ""confidence"": 0.5554}]",Misleading,
tracer_test_14406,“Inflation has been at the pre-pandemic level of 2% over the last half year.”,2024-02-04,,tracer,Half-True,"[{""bias"": ""Just-world hypothesis"", ""confidence"": 0.6318}]",Refuted,
tracer_test_14407,"The Senate’s border bill “accepts 5,000 illegal immigrants a day.”",2024-02-04,,tracer,Refuted,"[{""bias"": ""Attentional bias"", ""confidence"": 0.373}]",Refuted,
tracer_test_14408,Paper shows “mRNA COVID-19 vaccines caused more deaths” than lives saved.,2024-02-04,,tracer,Refuted,"[{""bias"": ""Attentional bias"", ""confidence"": 0.4233}]",Refuted,
tracer_test_14409,"“NYC will give $1,000 taxpayer-funded credit cards to migrants.”",2024-02-05,,tracer,Half-True,,Misleading,
tracer_test_14410,"In Oklahoma, ""I won 77 out of 77 counties. Ronald Reagan is second with 56.""",2024-02-05,,tracer,Refuted,"[{""bias"": ""hindsight bias"", ""confidence"": 0.3229}, {""bias"": ""subadditivity effect"", ""confidence"": 0.3005}]",Refuted,
tracer_test_14411,"“Each year, more than $1 billion is stolen from” workers in New York state through wage theft.",2024-02-06,,tracer,Half-True,"[{""bias"": ""Just-world hypothesis"", ""confidence"": 0.4141}]",Supported,
tracer_test_14412,“Half of the cities with the highest rates of child poverty are in” New York state.,2024-02-06,,tracer,Refuted,,Refuted,
tracer_test_14413,"Arson, not climate change, caused Canada’s record 2023 wildfire season.",2024-02-06,,tracer,Refuted,"[{""bias"": ""Availability heuristic"", ""confidence"": 0.4812}]",Misleading,
tracer_test_14414,"Since Russia invaded Ukraine, “not a single Western journalist has bothered to interview Putin.”",2024-02-06,,tracer,Refuted,,Misleading,
tracer_test_14415,"""Ukraine puts Tucker Carlson on a ‘hit list’ after an interview with Vladimir Putin.”",2024-02-07,,tracer,Refuted,,Refuted,
tracer_test_14416,"On classified documents in his possession, “none of it was high classified.”",2024-02-08,,tracer,Refuted,,Misleading,
tracer_test_14417,“I cooperated far more” than Joe Biden in the classified documents investigations.,2024-02-08,,tracer,Refuted,"[{""bias"": ""Whole only effect"", ""confidence"": 0.5491}]",Misleading,
tracer_test_14418,"Food “costs 40%, 50%, 60% more than it did just a few years ago.”",2024-02-09,,tracer,Refuted,"[{""bias"": ""Availability heuristic"", ""confidence"": 0.3282}]",Misleading,
tracer_test_14419,“We're having the largest classes of correctional officers we've ever had before.”,2024-02-11,,tracer,Supported,,Refuted,
tracer_test_14420,The Bipartisan Safer Communities Act led to “a 12% reduction in urban homicides in this country.”,2024-02-11,,tracer,Half-True,"[{""bias"": ""hindsight bias"", ""confidence"": 0.5227}]",Misleading,
tracer_test_14421,"If a woman in Texas takes “abortion pills voluntarily,” she would be “charged with murder.”",2024-02-11,,tracer,Refuted,"[{""bias"": ""Omission bias"", ""confidence"": 0.4696}]",Misleading,
tracer_test_14422,The 2022 CHIPS and Science Act “attracted $640 billion in private companies’ investments.”,2024-02-12,,tracer,Refuted,,,Failed to get valid prediction
tracer_test_14423,“The Ukraine supplemental includes a hidden impeachment clause against President Trump.”,2024-02-12,,tracer,Refuted,,Refuted,
tracer_test_14424,"Under Joe Biden, there are “record numbers of new Black entrepreneurs.”",2024-02-13,,tracer,Supported,"[{""bias"": ""curse of knowledge"", ""confidence"": 0.7022}]",Misleading,
tracer_test_14425,"“The United States is an outlier, one of only about half a dozen countries, without any guarantee of paid leave for new parents and/or other health care needs.”",2024-02-16,,tracer,Supported,,,Failed to get valid prediction
tracer_test_14426,"After a 2022 law, “the vast majority of colleges in New York State do not have on-campus poll sites.”",2024-02-16,,tracer,Half-True,,Misleading,
tracer_test_14427,The Kids Online Safety Act “would require everyone to upload your government ID in order to use most sites on the internet.”,2024-02-16,,tracer,Refuted,,Misleading,
tracer_test_14428,"There is “clear scientific consensus” that “hormonal birth control makes you fat, doubles risk of depression and triples risk of suicide.”",2024-02-16,,tracer,Refuted,,,Failed to get valid prediction
tracer_test_14429,President Joe Biden “directed New York AG Witch Hunt” into Donald Trump’s real estate.,2024-02-16,,tracer,Refuted,,Refuted,
tracer_test_14430,"“The biggest threat to your unions is millions of people coming across the border, because you're not gonna have your jobs anymore.”",2024-02-17,,tracer,Refuted,,Misleading,
tracer_test_14431,Nevada database glitch showing voters cast ballots when they didn’t is evidence that voting by mail is “the largest source of potential voter fraud.”,2024-02-19,,tracer,Refuted,,Refuted,
tracer_test_14432,Cloud seeding program connected to recent California storms.,2024-02-19,,tracer,Refuted,"[{""bias"": ""Availability heuristic"", ""confidence"": 0.5215}]",Misleading,
tracer_test_14433,Photo shows Minnesota Sen. Amy Klobuchar and Minnesota Attorney General Keith Ellison posing at “Defund the Police” event.,2024-02-19,,tracer,Refuted,,Refuted,
tracer_test_14434,"Says Republican U.S. Senate candidate Eric Hovde claims he ""understands the tragedy of children being trafficked through Central America because he owns three homes there.""",2024-02-20,,tracer,Refuted,,Misleading,
tracer_test_14435,"Donald Trump’s fine in the New York fraud case “is a form of Navalny, it is a form of communism or fascism.”",2024-02-20,,tracer,Refuted,,Refuted,
tracer_test_14436,“One of my responsibilities as Secretary of State is to countersign acts passed by the legislature & signed into law by Gov. Evers.”,2024-02-21,,tracer,Refuted,,Supported,
tracer_test_14437,Chicken farm fire that killed 12 million birds intentionally set.,2024-02-21,,tracer,Refuted,"[{""bias"": ""Availability heuristic"", ""confidence"": 0.7019}]",Refuted,
tracer_test_14438,"If you went “anywhere in the world,” you could get a prescription filled for 40% to 60% less than it costs in the U.S.",2024-02-22,,tracer,Half-True,"[{""bias"": ""framing effect"", ""confidence"": 0.7549}]",Misleading,
tracer_test_14439,"In New York, there are no barriers to law enforcement to work with the federal government on immigration laws, and there are 100 crimes where migrants can be handed over.",2024-02-22,,tracer,Refuted,"[{""bias"": ""curse of knowledge"", ""confidence"": 0.448}]",Misleading,
tracer_test_14440,The Olympic boxing committee “decided this year that men can box against women in the Olympics.”,2024-02-22,,tracer,Refuted,"[{""bias"": ""curse of knowledge"", ""confidence"": 0.8522}]",Refuted,
tracer_test_14441,“Study reveals Bill Gates’ Fake Meat causes ‘turbo cancers’ in humans.”,2024-02-22,,tracer,Refuted,,Refuted,
tracer_test_14442,"In Milwaukee, we “never defunded the police.”",2024-02-25,,tracer,Half-True,"[{""bias"": ""curse of knowledge"", ""confidence"": 0.413}]",Misleading,
tracer_test_14443,"“Nearly a quarter million birds in New York City, and more than one billion across the country, die each year from collisions with buildings.”",2024-02-26,,tracer,Half-True,,Supported,
tracer_test_14444,Democrats don’t deport undocumented migrants “because every illegal is a highly likely vote at some point.”,2024-02-26,,tracer,Refuted,,Refuted,
tracer_test_14445,The government did more to stop the distribution of ivermectin and hydroxychloroquine than to stop the distribution of fentanyl.,2024-02-26,,tracer,Refuted,,Misleading,
tracer_test_14446,"Donald Trump called his wife ""Mercedes"" instead of Melania.",2024-02-26,,tracer,Refuted,"[{""bias"": ""curse of knowledge"", ""confidence"": 0.4269}]",Refuted,
tracer_test_14447,Citizens Property Insurance “is not solvent.”,2024-02-27,,tracer,Refuted,,Refuted,
tracer_test_14448,“Your legal name is in fact a corporation. This is why you always see your name written in ALL CAPS.”,2024-02-27,,tracer,Refuted,,Refuted,
tracer_test_14449,"""There are less than two weeks until the deadline to register to vote in Wisconsin.""",2024-02-29,,tracer,Refuted,,Refuted,
tracer_test_14450,"In New York City “local elections, illegal immigrants can vote.”",2024-02-29,,tracer,Refuted,"[{""bias"": ""curse of knowledge"", ""confidence"": 0.9151}]",Refuted,
tracer_test_14451,The Great Lakes account for “over 20% of the world’s freshwater and over 80% of North America’s freshwater.”,2024-03-02,,tracer,Supported,"[{""bias"": ""Availability heuristic"", ""confidence"": 0.3704}]",Supported,
tracer_test_14452,“The CDC officially agrees with ‘conspiracy theorists’ from 2020” who wanted to treat COVID-19 like the flu.,2024-03-02,,tracer,Refuted,,Refuted,
tracer_test_14453,“Eighty-two percent of the country understands that (the 2020 election) was a rigged election.”,2024-03-02,,tracer,Refuted,,Refuted,
tracer_test_14454,President Joe Biden was “rushed to hospital unexpectedly.”,2024-03-02,,tracer,Refuted,,Refuted,
tracer_test_14455,"“When it comes to how many votes (President) Joe Biden won, it was literally less than a few votes per ward.”",2024-03-03,,tracer,Supported,"[{""bias"": ""hindsight bias"", ""confidence"": 0.6194}]",Refuted,
tracer_test_14456,“We just had 100% increase in layoffs.”,2024-03-03,,tracer,Half-True,,Refuted,
tracer_test_14457,"“The average commute time for people who drive to work in (New York City) is 43 minutes, the longest in the nation.”",2024-03-03,,tracer,Half-True,,Misleading,
tracer_test_14458,"A new Missouri bill “would put teachers on the sex offense registry if they ‘contribute to social transition’” of transgender students, including by using gender-affirming pronouns.",2024-03-03,,tracer,Half-True,,Misleading,
tracer_test_14459,"“Since May of last year, we have removed or returned more individuals than in any year since 2015.”",2024-03-03,,tracer,Half-True,"[{""bias"": ""Availability heuristic"", ""confidence"": 0.3013}]",Misleading,
tracer_test_14460,"Joe Biden's executive orders meant ""for the first time in American history we have a president who will not detain the people who enter this country illegally.""",2024-03-03,,tracer,Refuted,"[{""bias"": ""curse of knowledge"", ""confidence"": 0.5012}]",Refuted,
tracer_test_14461,The Biden administration seeks to end voter ID requirements to allow immigrants in the country illegally to vote.,2024-03-03,,tracer,Refuted,,Refuted,
tracer_test_14462,"“Since the end of the 2020 fiscal year, President Biden and Senator Baldwin have added over $7.3 trillion of debt, more than the first 228 years of our nation’s history combined.”",2024-03-04,,tracer,Half-True,,Refuted,
tracer_test_14463,“This is the era where people are given smartphones when they cross the border and enter our country.”,2024-03-04,,tracer,Half-True,"[{""bias"": ""curse of knowledge"", ""confidence"": 0.3921}]",Refuted,
tracer_test_14464,Says U.S. Sen. Tammy Baldwin “was one of the staunchest supporters of the Iran deal which sent billions of dollars and plane loads of cash to Iran.”,2024-03-04,,tracer,Refuted,"[{""bias"": ""hindsight bias"", ""confidence"": 0.3786}]",Misleading,
tracer_test_14465,Texas wildfires are a “deliberate” attack on U.S. food supply.,2024-03-04,,tracer,Refuted,,Refuted,
tracer_test_14466,Only immigrants in the country illegally are eligible for an interest-free California housing loan program.,2024-03-05,,tracer,Refuted,"[{""bias"": ""curse of knowledge"", ""confidence"": 0.3173}]",Refuted,
tracer_test_14467,"""Canada is passing a bill to essentially ban the idea of Christianity.”",2024-03-05,,tracer,Refuted,,Refuted,
tracer_test_14468,"“We’ve had 12 elections in 24 years in Wisconsin that have been decided by less than 30,000 votes.”",2024-03-06,,tracer,Supported,"[{""bias"": ""hindsight bias"", ""confidence"": 0.4706}]",Misleading,
tracer_test_14469,“We’re facing situations these days where you have to have two officers in the evidence room in case there’s an accidental (fentanyl) exposure.”,2024-03-07,,tracer,Supported,"[{""bias"": ""curse of knowledge"", ""confidence"": 0.363}]",Misleading,
tracer_test_14470,"The Trump administration ""added more to the national debt than any presidential term in American history.""",2024-03-07,,tracer,Half-True,,Supported,
tracer_test_14471,“We cut the federal deficit by $160 billion because Medicare will no longer have to pay those exorbitant prices to Big Pharma.”,2024-03-07,,tracer,Half-True,,Misleading,
tracer_test_14472,"""We’ve already cut the federal deficit by over $1 trillion.""",2024-03-07,,tracer,Half-True,,Supported,
tracer_test_14473,"President Joe Biden said “do whatever the hell they want,” paused, and then said, “I guess I should clear my mind here a little bit.”",2024-03-07,,tracer,Refuted,"[{""bias"": ""curse of knowledge"", ""confidence"": 0.4126}]",Supported,
tracer_test_14474,"“300,000 illegal immigrants were able to use a simple app to get a free flight to our country.”",2024-03-07,,tracer,Refuted,"[{""bias"": ""hindsight bias"", ""confidence"": 0.3658}]",Refuted,
tracer_test_14475,A woman was “sex trafficked by the cartels starting at the age of 12 … We wouldn't be OK with this happening in a Third World country. This is the United States of America.”,2024-03-07,,tracer,Refuted,"[{""bias"": ""Just-world hypothesis"", ""confidence"": 0.3192}]",Misleading,
tracer_test_14476,Billionaires “rigged” the California Senate primary election through “dishonest means.”,2024-03-07,,tracer,Refuted,,Refuted,
tracer_test_14477,"“Since 1989 and a new age of globalization began, 51 million jobs have been created in America. 49 million, 96%, have been created under Democratic presidents.”",2024-03-08,,tracer,Half-True,"[{""bias"": ""hindsight bias"", ""confidence"": 0.3571}]",Misleading,
tracer_test_14478,Valid IDs are not required for voting.,2024-03-09,,tracer,Refuted,,Refuted,
tracer_test_14479,"The Jan. 6 committee “suppressed testimony” from former Deputy Chief of Staff Anthony Ornato that proves former President Donald Trump pushed for 10,000 National Guard troops at the Capitol.",2024-03-09,,tracer,Refuted,,Misleading,
tracer_test_14480,“Biden has implemented a formal policy that illegal aliens who intrude into the United States are granted immunity from deportation.”,2024-03-09,,tracer,Refuted,,Refuted,
tracer_test_14481,"""In February alone, nearly 1 million jobs held by native-born Americans disappeared.""",2024-03-09,,tracer,Refuted,,Refuted,
tracer_test_14482,"The stock market “hit an all-time high under President Biden and not under President Trump.""",2024-03-10,,tracer,Refuted,"[{""bias"": ""Availability heuristic"", ""confidence"": 0.4745}]",Misleading,
tracer_test_14483,A Russian company secured Trump’s bond in E. Jean Carroll case.,2024-03-10,,tracer,Refuted,,Supported,
tracer_test_14484,"“On Joe Biden’s watch, Wisconsin has lost 6,000 manufacturing jobs and 455 dairy farms in the last year.”",2024-03-13,,tracer,Refuted,"[{""bias"": ""Just-world hypothesis"", ""confidence"": 0.3126}]",Misleading,
tracer_test_14485,"Emergency officials warn to “stock up on food, water, and fuel ahead of the eclipse.”",2024-03-14,,tracer,Half-True,"[{""bias"": ""Normalcy bias"", ""confidence"": 0.6066}]",Misleading,
tracer_test_14486,Says “100% of net job creation under the Biden administration has gone to the foreign-born.”,2024-03-14,,tracer,Refuted,,Refuted,
tracer_test_14487,"The Chinese government “owns” TikTok’s parent company, ByteDance.",2024-03-14,,tracer,Refuted,"[{""bias"": ""curse of knowledge"", ""confidence"": 0.3554}]",Misleading,
tracer_test_14488,"Miami’s immigration courts have the “largest backlog of any court in this country with 10% of the overall immigration cases,” and “more than 90%” of people lose their asylum claims.",2024-03-15,,tracer,Half-True,,Misleading,
tracer_test_14489,"A U.S. law says that “if a house is not inhabited, we can expropriate it.”",2024-03-16,,tracer,Refuted,,Refuted,
tracer_test_14490,The Oklahoma National Guard’s assistance for the April 8 eclipse signals something “bigger.”,2024-03-16,,tracer,Refuted,"[{""bias"": ""Pro-Innovation Bias"", ""confidence"": 0.3284}]",Misleading,
tracer_test_14491,"""Your Social Security will be destroyed by the people coming in. There's too many of them. It's not sustainable.""",2024-03-16,,tracer,Refuted,"[{""bias"": ""Omission bias"", ""confidence"": 0.5992}]",Refuted,
tracer_test_14492,"Gaza has “the highest number of people facing catastrophic hunger ever recorded by the Integrated Food Security Classification system — anywhere, anytime.”",2024-03-18,,tracer,Supported,"[{""bias"": ""Availability heuristic"", ""confidence"": 0.3057}]",Supported,
tracer_test_14493,"The $454 million bond is “unprecedented, and practically impossible for ANY Company.”",2024-03-18,,tracer,Refuted,,Misleading,
tracer_test_14494,"Insulin for Medicare beneficiaries ""was costing 400 bucks a month on average. It now costs $35 a month.""",2024-03-19,,tracer,Half-True,"[{""bias"": ""Time-saving bias"", ""confidence"": 0.3073}]",Misleading,
tracer_test_14495,Tennessee bill that would ban the release of chemicals into the atmosphere is evidence chemtrails are real.,2024-03-20,,tracer,Refuted,"[{""bias"": ""Pro-Innovation Bias"", ""confidence"": 0.3256}]",Refuted,
tracer_test_14496,"The New York civil fraud judgment against Trump and a plan to seize Trump-owned property “is simply a 'taking.' Much like what is done in communist countries.""",2024-03-22,,tracer,Refuted,"[{""bias"": ""curse of knowledge"", ""confidence"": 0.3117}]",Refuted,
tracer_test_14497,A March 7 U.S. security alert … means the U.S. was “behind this gruesome terror attack on Russian civilians.”,2024-03-22,,tracer,Refuted,,Refuted,
tracer_test_14498,“It is a fact that Obama created ISIS.”,2024-03-23,,tracer,Refuted,,Refuted,
tracer_test_14499,The current Congress is “the least productive in our lifetime.”,2024-03-24,,tracer,Half-True,,Misleading,
tracer_test_14500,"Montana Democrats are ""suing to say, ‘You should be allowed to be registered to vote in two states.'”",2024-03-24,,tracer,Refuted,"[{""bias"": ""curse of knowledge"", ""confidence"": 0.703}]",Refuted,
tracer_test_14501,Says Donald Trump “told Americans all they had to do was inject bleach in themselves. Just take a shot of UV light.”,2024-03-26,,tracer,Refuted,,Misleading,
tracer_test_14502,Video of the ship colliding with the Baltimore bridge proves the bridge collapse wasn’t “an accident.”,2024-03-26,,tracer,Refuted,,Refuted,
tracer_test_14503,“The captain of the container ship Dali…is a Ukrainian.”,2024-03-26,,tracer,Refuted,,Refuted,
tracer_test_14504,"“We passed 27 bills last year, which is the fewest since the Depression.”",2024-03-27,,tracer,Supported,"[{""bias"": ""hindsight bias"", ""confidence"": 0.5498}]",Misleading,
tracer_test_14505,A March 26 bridge fire in Ohio is related to the collapse of Baltimore's Francis Scott Key Bridge.,2024-03-27,,tracer,Refuted,"[{""bias"": ""Just-world hypothesis"", ""confidence"": 0.3637}]",Refuted,
tracer_test_14506,"“Three busses just loaded up with illegal invaders at Detroit Metro"" airport.",2024-03-27,,tracer,Refuted,"[{""bias"": ""Availability heuristic"", ""confidence"": 0.6459}]",Refuted,
tracer_test_14507,“Nothing to see here… just the Mayor of Baltimore threatening White people.”,2024-03-28,,tracer,Refuted,,Refuted,
tracer_test_14508,"“Since Joe Biden took office, crime has skyrocketed across our country.”",2024-03-30,,tracer,Refuted,"[{""bias"": ""Availability heuristic"", ""confidence"": 0.4176}]",Refuted,
tracer_test_14509,Says President Joe Biden purposely chose Easter Sunday to mark Transgender Day of Visibility.,2024-03-30,,tracer,Refuted,,Refuted,
tracer_test_14510,“Joe Biden banned ‘religious themed’ eggs at the White House’s Easter Egg design contest for kids.”,2024-03-30,,tracer,Refuted,"[{""bias"": ""curse of knowledge"", ""confidence"": 0.6528}]",Refuted,
tracer_test_14511,"""The much-trumpeted job growth in the last year was ENTIRELY part-time jobs.""",2024-03-31,,tracer,Half-True,"[{""bias"": ""Availability heuristic"", ""confidence"": 0.3455}]",Refuted,
tracer_test_14512,"ProduceMaxx sprayed on organic produce at grocery stores contains pesticides, herbicides, fungicides, insecticides and antibiotics.",2024-03-31,,tracer,Refuted,,Refuted,
tracer_test_14513,“Brad Knott was a lawyer for Joe Biden.”,2024-04-01,,tracer,Refuted,"[{""bias"": ""clustering illusion"", ""confidence"": 0.3938}]",Refuted,
tracer_test_14514,"“President Biden is the first candidate in history, the first president in history, that has used the federal agencies to censor political speech ... to censor his opponent.""",2024-04-01,,tracer,Refuted,"[{""bias"": ""curse of knowledge"", ""confidence"": 0.3646}]",Refuted,
tracer_test_14515,You can vote in-person absentee at your clerk’s office on Monday before Election Day.,2024-04-01,,tracer,Refuted,,Supported,
tracer_test_14516,"In 2020, Trump “did much better” in the Wisconsin election than 2016, and “after the wrongdoing was found, people said, ‘Well, he actually did win.’”",2024-04-01,,tracer,Refuted,"[{""bias"": ""hindsight bias"", ""confidence"": 0.8491}]",Misleading,
tracer_test_14517,"""EPA regulators just banned most new gas-powered cars.""",2024-04-02,,tracer,Refuted,,Refuted,
tracer_test_14518,A Social Security Administration database shows “how many people each of the 43 states are registering to vote who DO NOT HAVE IDs.”,2024-04-02,,tracer,Refuted,"[{""bias"": ""clustering illusion"", ""confidence"": 0.5549}]",Refuted,
tracer_test_14519,"""Crime is down in Venezuela by 67% because they're taking their gangs and their criminals and depositing them very nicely into the United States.”",2024-04-02,,tracer,Refuted,,Refuted,
tracer_test_14520,"More than 2 million people registered to vote so far this year without photo ID in Arizona, Pennsylvania and Texas.",2024-04-03,,tracer,Refuted,"[{""bias"": ""Availability heuristic"", ""confidence"": 0.5623}]",Refuted,
tracer_test_14521,Donald Trump’s plan is “cutting Social Security for you.”,2024-04-04,,tracer,Refuted,,Misleading,
tracer_test_14522,"For health risk exceptions in Florida’s abortion amendment, “You're not even talking to a doctor to make that determination.”",2024-04-04,,tracer,Refuted,"[{""bias"": ""curse of knowledge"", ""confidence"": 0.5567}]",Misleading,
tracer_test_14523,"""Kohl’s has contributed $1,000,000 to the (Black Lives Matter) movement and related causes since 2020.""",2024-04-05,,tracer,Refuted,,Supported,
tracer_test_14524,"On Jan. 6, 2021, U.S. Capitol “protestors carried no weapons.”",2024-04-05,,tracer,Refuted,,Refuted,
tracer_test_14525,"“Support for Roe is higher today in America than it has ever been.""",2024-04-08,,tracer,Half-True,,Refuted,
tracer_test_14526,"Speaking of semiconductor industry jobs, ""Know what the average salary is? $110,000. You don't need a college degree.""",2024-04-08,,tracer,Refuted,"[{""bias"": ""curse of knowledge"", ""confidence"": 0.519}]",Misleading,
tracer_test_14527,"""All legal scholars, both sides, wanted, and in fact demanded” that Roe v. Wade be overturned.",2024-04-08,,tracer,Refuted,"[{""bias"": ""Essentialism"", ""confidence"": 0.3803}]",Refuted,
tracer_test_14528,Democrats support abortion measures that result in the “execution” of babies “after birth.”,2024-04-08,,tracer,Refuted,,Refuted,
tracer_test_14529,"Starting in 2025 ""no matter what your total bills are for prescription drugs,” Medicare Part D users will never pay “more than $2,000 a year, because some of these cancer drugs are 10(,000 to) 15,000 bucks a year.”",2024-04-09,,tracer,Half-True,"[{""bias"": ""Time-saving bias"", ""confidence"": 0.3273}]",Misleading,
tracer_test_14530,"“The GOP has failed to invest in our campuses, making WI fall to 42nd in the nation in state support.”",2024-04-11,,tracer,Half-True,,Misleading,
tracer_test_14531,"“It's very misleading when (President Biden) says (inflation) used to be at 9%. This is compounding. It’s not like it went down from 9% to 3%. This is building month after month. The better way to think about it is that it’s 18%, 19% over the last three years.""",2024-04-11,,tracer,Half-True,"[{""bias"": ""hindsight bias"", ""confidence"": 0.3639}]",Misleading,
tracer_test_14532,“Taylor Swift is doing satanic rituals during her shows.”,2024-04-12,,tracer,Refuted,,Refuted,
tracer_test_14533,"Immigrants in the country illegally cost “Florida taxpayers $566 million for 54,000 hospital visits.”",2024-04-14,,tracer,Refuted,,Misleading,
tracer_test_14534,"Says Gov. Tony Evers is asking the GOP to release money for PFAS, but ""vetoed (a bill outlining) how to spend the money.""",2024-04-15,,tracer,Half-True,"[{""bias"": ""Whole only effect"", ""confidence"": 0.484}]",Misleading,
tracer_test_14535,“As many as 75% of school shootings resulted from a gun that was not secured.”,2024-04-15,,tracer,Refuted,"[{""bias"": ""hindsight bias"", ""confidence"": 0.3249}]",Misleading,
tracer_test_14536,"“The 1864 Arizona law forbidding abortions, upheld by the State Supreme Court, also sets the age of consent for females at 10 years.”",2024-04-15,,tracer,Refuted,,Misleading,
tracer_test_14537,"""Every Senate Democrat has voted to support unlimited abortions up to the moment of birth.”",2024-04-15,,tracer,Refuted,,Refuted,
tracer_test_14538,"“This trial that I have now, that’s a Biden trial.”",2024-04-16,,tracer,Refuted,"[{""bias"": ""curse of knowledge"", ""confidence"": 0.6012}]",Refuted,
tracer_test_14539,“School allows students to be terrorized by colleagues who identify as ‘furries.’”,2024-04-18,,tracer,Refuted,"[{""bias"": ""curse of knowledge"", ""confidence"": 0.3607}]",Refuted,
tracer_test_14540,"Dollar Tree, Walgreens, Macy’s, Foot Locker, Gap, Burger King, Regal Cinemas and Kroger have had mass store closures during Joe Biden’s presidency.",2024-04-19,,tracer,Half-True,,Supported,
tracer_test_14541,“Congress prohibits the NIH from researching the cause of mass shootings.”,2024-04-21,,tracer,Refuted,,Refuted,
tracer_test_14542,"Florida’s Amendment 4 ""will mandate abortion until the moment of birth.”",2024-04-23,,tracer,Refuted,,Refuted,
tracer_test_14543,"Said Columbia University has told students, “Well, if you’re Jewish, maybe you do want to stay home.”",2024-04-24,,tracer,Refuted,"[{""bias"": ""Essentialism"", ""confidence"": 0.464}, {""bias"": ""curse of knowledge"", ""confidence"": 0.3196}]",Refuted,
tracer_test_14544,President Joe Biden is paying rent for immigrants illegally in the country.,2024-04-25,,tracer,Refuted,,Refuted,
tracer_test_14545,Says he “got arrested” while protesting in favor of desegregation.,2024-04-26,,tracer,Refuted,,Supported,
tracer_test_14546,"Says U.S. Sen. Tammy Baldwin ""believes taxpayer dollars should be used for abortion.""",2024-04-28,,tracer,Half-True,,Misleading,
tracer_test_14547,Former President Donald Trump “has the worst record of job loss of any president.”,2024-04-29,,tracer,Half-True,,Misleading,
tracer_test_14548,Photo shows “clearest image ever taken of Venus.”,2024-04-29,,tracer,Refuted,"[{""bias"": ""Availability heuristic"", ""confidence"": 0.3784}]",Refuted,
tracer_test_14549,“The science is clear — the gray wolf has met and exceeded recovery goals.”,2024-04-30,,tracer,Half-True,,Misleading,
tracer_test_14550,"In his Time magazine interview, Donald Trump “said states have the right to monitor pregnant women to enforce these bans, and states have the right to punish pregnant women for seeking out abortion care.”",2024-05-01,,tracer,Half-True,"[{""bias"": ""curse of knowledge"", ""confidence"": 0.4751}]",Misleading,
tracer_test_14551,Former President Donald Trump told Time magazine that “states should monitor women’s pregnancies and prosecute those who violate abortion bans.”,2024-05-01,,tracer,Refuted,"[{""bias"": ""curse of knowledge"", ""confidence"": 0.696}]",Supported,
tracer_test_14552,“Bombshell: Biden had pallets of classified docs sent to Mar-a-Lago before FBI raid! Trump was setup.”,2024-05-01,,tracer,Refuted,,Refuted,
tracer_test_14553,"Robert F. Kennedy Jr. called voter ID “racist,” calls NRA a “terrorist organization” and supports affirmative action.",2024-05-02,,tracer,Half-True,,Misleading,
tracer_test_14554,“I’m not allowed to testify” because of a gag order.,2024-05-02,,tracer,Refuted,,Supported,
tracer_test_14555,“Nearly 90% of all UW graduates stay in Wisconsin 5 years after they graduate.”,2024-05-03,,tracer,Supported,,Supported,
tracer_test_14556,“Voter fraud investigations are being banned by Michigan lawmakers!”,2024-05-04,,tracer,Refuted,,Refuted,
tracer_test_14557,“Joe Biden flew hundreds of thousands of illegals into Florida last year.”,2024-05-04,,tracer,Refuted,,Refuted,
tracer_test_14558,Second Boeing Whistleblower Killed In 2 Months!,2024-05-04,,tracer,Refuted,,Refuted,
tracer_test_14559,"“When I worked on the Affordable Care Act, I wrote the amendment that allows all young people to stay on their parents’ health insurance until they turn 26. Overnight, millions of young Americans got health care.”",2024-05-05,,tracer,Half-True,,Misleading,
tracer_test_14560,"Fired Milwaukee election leader “printed 64,000 ballots in a back room at City Hall in Milwaukee and had random employees fill them out,” giving Joe Biden the lead.",2024-05-06,,tracer,Refuted,"[{""bias"": ""curse of knowledge"", ""confidence"": 0.546}]",Refuted,
tracer_test_14561,"If the Affordable Care Act were terminated, “that would mean over a hundred million Americans will lose protections for preexisting conditions.”",2024-05-08,,tracer,Half-True,,Misleading,
tracer_test_14562,“The millions (of immigrants) that have been paroled can simply go to their local welfare office or the DMV and register to vote.”,2024-05-08,,tracer,Refuted,"[{""bias"": ""curse of knowledge"", ""confidence"": 0.3546}]",Refuted,
tracer_test_14563,“The House of Representatives in the U.S. just passed … the Antisemitism Act that proposes to eliminate part of the Bible.”,2024-05-09,,tracer,Refuted,,Refuted,
tracer_test_14564,Lyme disease became endemic because of U.S. government bioweapons labs.,2024-05-09,,tracer,Refuted,"[{""bias"": ""Availability heuristic"", ""confidence"": 0.3268}]",Refuted,
tracer_test_14565,“Justice Paul Newby is out here removing judges who were elected to their positions by the voters of North Carolina!!!”,2024-05-10,,tracer,Refuted,"[{""bias"": ""Just-world hypothesis"", ""confidence"": 0.4865}]",Refuted,
tracer_test_14566,Sen. Katie Britt introduced a bill “to create a national registry of pregnant women.”,2024-05-10,,tracer,Refuted,"[{""bias"": ""curse of knowledge"", ""confidence"": 0.9132}]",Refuted,
tracer_test_14567,“Biden wants to immediately stop all aid to Israel.”,2024-05-10,,tracer,Refuted,,Refuted,
tracer_test_14568,Aurora borealis sightings a “fabricated light show” created by a HAARP experiment.,2024-05-11,,tracer,Refuted,,Refuted,
tracer_test_14569,"""China's in a situation where they have more retired than working.""",2024-05-12,,tracer,Refuted,,Supported,
tracer_test_14570,"In Wisconsin, “a legislative committee cannot release funding.”",2024-05-13,,tracer,Refuted,"[{""bias"": ""curse of knowledge"", ""confidence"": 0.3789}]",Refuted,
tracer_test_14571,"“Alvin Bragg’s office deleted 3 pages of phone call records of Michael Cohen with Stormy Daniels’ lawyer,” which is evidence tampering.",2024-05-13,,tracer,Refuted,"[{""bias"": ""Bias blind spot"", ""confidence"": 0.3775}]",Refuted,
tracer_test_14572,North Carolina mask bill includes “specific carve outs for entities like the KKK to continue wearing hoods in public.”,2024-05-14,,tracer,Refuted,,Refuted,
tracer_test_14573,Inflation “was 9% when I came to office.”,2024-05-14,,tracer,Refuted,"[{""bias"": ""hindsight bias"", ""confidence"": 0.6176}]",Refuted,
tracer_test_14574,“Violent crime is near a record 50-year low.”,2024-05-15,,tracer,Supported,"[{""bias"": ""Availability heuristic"", ""confidence"": 0.352}]",Supported,
tracer_test_14575,"Tariffs are a “direct, regressive tax on Americans” and President Joe Biden’s new tariffs on Chinese goods will “hit every family.”",2024-05-15,,tracer,Half-True,,Misleading,
tracer_test_14576,“Under (the Biden) administration we have witnessed the fastest growth of Black-owned small businesses in more than 30 years.”,2024-05-16,,tracer,Supported,,Misleading,
tracer_test_14577,"""The Trump administration handed out taxpayer dollars to a foreign company. Hundreds of homes and farms were bulldozed, and over $500 million in taxpayer dollars were wasted preparing for Foxconn.""",2024-05-16,,tracer,Half-True,,Misleading,
tracer_test_14578,"Says in his three election campaigns, the early polls were ""wildly incorrect, all three times.""",2024-05-19,,tracer,Half-True,"[{""bias"": ""hindsight bias"", ""confidence"": 0.5972}]",Misleading,
tracer_test_14579,Donald Trump wants to terminate the Affordable Care Act.,2024-05-19,,tracer,Half-True,"[{""bias"": ""Normalcy bias"", ""confidence"": 0.4083}]",Supported,
tracer_test_14580,"The number of people in the U.S. illegally is “upwards of 20, 25, maybe 30 million.”",2024-05-19,,tracer,Refuted,,Misleading,
tracer_test_14581,“Biden’s DOJ was authorized to use DEADLY FORCE” in Mar-a-Lago raid. Biden was “locked and loaded” and “ready to take me out.”,2024-05-21,,tracer,Refuted,,Refuted,
tracer_test_14582,“The loss of SALT deductibility cost our state $15 billion in revenue. So New Yorkers are paying more in taxes and receiving fewer services because of Donald Trump.”,2024-05-23,,tracer,Refuted,,Misleading,
tracer_test_14583,"""The last administration oversaw the largest increase in murders ever recorded.""",2024-05-24,,tracer,Half-True,"[{""bias"": ""Just-world hypothesis"", ""confidence"": 0.4352}]",Refuted,
tracer_test_14584,"Donald Trump “shut down” Nord Stream 2 pipeline, Joe Biden approved it, then Biden shut down U.S. liquified natural gas export capacity.",2024-05-25,,tracer,Refuted,"[{""bias"": ""Positivity and Negativity Effect"", ""confidence"": 0.3784}]",Misleading,
tracer_test_14585,Ronald Reagan’s Federal Communications Commission abolished the Fairness Doctrine and gave rise to Fox News.,2024-05-26,,tracer,Refuted,,Misleading,
tracer_test_14586,Judge Juan Merchan “overrules every objection from the defense and sustains every objection from the prosecution” during former President Donald Trump’s New York trial.,2024-05-28,,tracer,Refuted,"[{""bias"": ""curse of knowledge"", ""confidence"": 0.6786}]",Misleading,
tracer_test_14587,Judge Juan Merchan told New York jurors the verdict in Donald Trump’s trial does not need to be unanimous.,2024-05-29,,tracer,Refuted,"[{""bias"": ""curse of knowledge"", ""confidence"": 0.7341}]",Refuted,
tracer_test_14588,"Joe Biden “is letting millions of people from jails, from prisons, from insane asylums, from mental institutions, drug dealers pour in.”",2024-05-29,,tracer,Refuted,"[{""bias"": ""curse of knowledge"", ""confidence"": 0.4389}]",Refuted,
tracer_test_14589,“Trump can’t vote for himself in the November election.”,2024-05-30,,tracer,Refuted,"[{""bias"": ""Just-world hypothesis"", ""confidence"": 0.3499}]",Refuted,
tracer_test_14590,"“Congo, Africa, just released a lot of people, a lot of people from their prisons and jails and brought them into the United States of America.”",2024-05-31,,tracer,Refuted,"[{""bias"": ""clustering illusion"", ""confidence"": 0.3808}]",Refuted,
tracer_test_14591,Joe Biden wants “to quadruple your taxes.”,2024-06-02,,tracer,Refuted,,Refuted,
tracer_test_14592,"Speaking about Hillary Clinton: “I didn’t say, ‘Lock her up.’ ”",2024-06-02,,tracer,Refuted,,Supported,
tracer_test_14593,"“Due to the arrangements that I've reached with (Mexico) President Obrador, the number of migrants coming … to our shared border unlawfully in recent months has dropped dramatically.”",2024-06-04,,tracer,Half-True,,Misleading,
tracer_test_14594,“Wage increases have exceeded” the cost of inflation.,2024-06-04,,tracer,Half-True,,Misleading,
tracer_test_14595,Republican legislatures “have targeted birth control” and in Wisconsin “refused to schedule a vote on a bill that would have codified a right to birth control.”,2024-06-05,,tracer,Half-True,,Supported,
tracer_test_14596,Audio of President Joe Biden’s interview with Special Counsel Robert Hur leaked.,2024-06-05,,tracer,Refuted,,Refuted,
tracer_test_14597,Joe Biden’s immigration order limiting asylum is “pro-child trafficking.”,2024-06-06,,tracer,Refuted,,Misleading,
tracer_test_14598,"Lower insulin prices were the work of the Trump administration, not “Crooked Joe Biden. He had NOTHING to do with it.”",2024-06-08,,tracer,Refuted,,Misleading,
tracer_test_14599,"“Elective abortions up to and including the moment of birth. Healthy, 9-month-year-old baby killed at the moment of birth. That’s what Jon Tester and the Democrats have voted for.”",2024-06-08,,tracer,Refuted,"[{""bias"": ""Exaggerated expectation bias"", ""confidence"": 0.3256}]",Refuted,
tracer_test_14600,“Trump can’t be on the Texas ballot because of our state constitution.”,2024-06-08,,tracer,Refuted,,Refuted,
tracer_test_14601,Says Sen. Lindsey Graham said a newly elected Donald Trump “will round up and deport LEGAL immigrants.”,2024-06-09,,tracer,Refuted,,Refuted,
tracer_test_14602,"Video shows Rep. Nancy Pelosi “takes responsibility for not having the National Guard” at the U.S. Capitol on Jan. 6, 2021.",2024-06-10,,tracer,Refuted,"[{""bias"": ""curse of knowledge"", ""confidence"": 0.3231}]",,Failed to get valid prediction
tracer_test_14603,Wisconsin had a “record-breaking year” for tourism in 2023.,2024-06-11,,tracer,Supported,"[{""bias"": ""Availability heuristic"", ""confidence"": 0.4429}]",Supported,
tracer_test_14604,Hunter Biden’s trial and conviction were contrived to divert attention from Biden family crimes.,2024-06-11,,tracer,Refuted,,Refuted,
tracer_test_14605,The 9th Circuit Court of Appeals “just ruled Covid vax mandates unconstitutional.”,2024-06-12,,tracer,Refuted,"[{""bias"": ""curse of knowledge"", ""confidence"": 0.5133}]",Refuted,
tracer_test_14606,“Saudi Arabia will stop using the US dollar for oil sales and will not renew the 50-year petro-dollar agreement with the U.S.”,2024-06-13,,tracer,Refuted,,Refuted,
tracer_test_14607,Video shows Biden wandered off from world leaders at G7 skydiving event.,2024-06-13,,tracer,Refuted,,Refuted,
tracer_test_14608,The Trump administration “achieved the lowest African American unemployment rate and the lowest African American poverty rate ever recorded.”,2024-06-15,,tracer,Half-True,"[{""bias"": ""Availability heuristic"", ""confidence"": 0.3102}]",Misleading,
tracer_test_14609,Crime statistics “no longer include data from 30% of the country including the biggest and most violent cities.”,2024-06-15,,tracer,Refuted,,Misleading,
tracer_test_14610,"“The weapons that Ukraine used in the early days of this war to fend off the Russian invasion are the weapons that Donald Trump sent, that Barack Obama and Joe Biden had refused to send.”",2024-06-16,,tracer,Half-True,,Misleading,
tracer_test_14611,"California Assembly Bill 1955 “would allow schools to secretly, socially and perhaps medically transition your child without your knowledge and consent.""",2024-06-16,,tracer,Refuted,"[{""bias"": ""Exaggerated expectation bias"", ""confidence"": 0.361}]",Misleading,
tracer_test_14612,Says he “saved Kenosha” and the “governor wouldn’t move” on sending the National Guard.,2024-06-18,,tracer,Refuted,,Misleading,
tracer_test_14613,Former President Donald Trump is “against mail in voting.”,2024-06-21,,tracer,Half-True,,Misleading,
tracer_test_14614,"“Starting from June 2024, the United States will provide a six-month free CDL course.”",2024-06-23,,tracer,Refuted,,Refuted,
tracer_test_14615,"“On (Josh) Stein’s watch, rapes in North Carolina are up 53%.”",2024-06-24,,tracer,Refuted,"[{""bias"": ""hindsight bias"", ""confidence"": 0.5981}]",Misleading,
tracer_test_14616,“Planes full of unvetted ‘refugees’ are being accepted at the Milw. & Madison airports!”,2024-06-25,,tracer,Refuted,"[{""bias"": ""Availability heuristic"", ""confidence"": 0.3525}]",Refuted,
tracer_test_14617,"Border Patrol agents take migrants ""to the Yuma airport, put them on a plane to any destination they want. ... And they pay their ticket. And then they get reimbursement from FEMA.""",2024-06-27,,tracer,Refuted,"[{""bias"": ""curse of knowledge"", ""confidence"": 0.503}]",Refuted,
tracer_test_14618,"“(Homeland Security Secretary Alejandro) Mayorkas said, ‘Hey you don’t have to detain aggravated felons,’ those are rapists, child predators, you know, murderers.”",2024-06-30,,tracer,Refuted,,Refuted,
tracer_test_14619,"""For 18 months under President Trump, not a single American was harmed in Afghanistan.”",2024-07-02,,tracer,Refuted,"[{""bias"": ""hindsight bias"", ""confidence"": 0.4794}]",Refuted,
tracer_test_14620,Biden Executive Order 14019  “requires our taxpayer-funded federal agencies to violate the Hatch Act and engage in illegal vote harvesting.”,2024-07-03,,tracer,Refuted,,Refuted,
tracer_test_14621,"Black women in the U.S. are “three to four times more likely to die in connection with childbirth than other women.""",2024-07-06,,tracer,Supported,,Supported,
tracer_test_14622,"Kamala Harris ""co-sponsored, fully sponsored"" the Green New Deal.",2024-07-07,,tracer,Supported,,Misleading,
tracer_test_14623,"""Project 2025 eliminates OSHA and overtime wages.”",2024-07-07,,tracer,Refuted,,Refuted,
tracer_test_14624,LGBTQ+ leaders sign World Economic Forum treaty to “Accept Pedophiles as 'Legally Protected Minority’”,2024-07-07,,tracer,Refuted,"[{""bias"": ""curse of knowledge"", ""confidence"": 0.5048}]",Refuted,
tracer_test_14625,“Deadlines have passed in … Wisconsin” to replace President Joe Biden on the ballot.,2024-07-08,,tracer,Refuted,,Refuted,
tracer_test_14626,"In 2020, “only nine NATO allies were spending 2%” of their GDP on defense. “This year, 23 will spend at least 2%.”",2024-07-09,,tracer,Half-True,,Misleading,
tracer_test_14627,“The most recent State Budget increased funding for the Department of Tourism by 98 percent.”,2024-07-12,,tracer,Supported,"[{""bias"": ""hindsight bias"", ""confidence"": 0.4466}]",Supported,
tracer_test_14628,Project 2025 would end gay marriage.,2024-07-13,,tracer,Refuted,"[{""bias"": ""Pro-Innovation Bias"", ""confidence"": 0.5148}]",Refuted,
tracer_test_14629,“The idea that there’s political violence or violence in America like this is just unheard of.”,2024-07-13,,tracer,Refuted,,Refuted,
tracer_test_14630,"Donald Trump staged the shooting at his rally in Butler, Pennsylvania.",2024-07-13,,tracer,Refuted,"[{""bias"": ""Just-world hypothesis"", ""confidence"": 0.329}]",Refuted,
tracer_test_14631,"A Secret Service agent named Jonathan Willis said he “had the assassin in his sights for 3 minutes, but he was told not to engage by the head of the (Secret Service) unit.”",2024-07-14,,tracer,Refuted,,Supported,
tracer_test_14632,"Milwaukee's Marcus Performing Arts Center – where 'The Daily Show' had been scheduled – “was originally located in the ‘soft perimeter,’ they called it, security-wise” but “was shifted, understandably so, to the ‘hard perimeter.’”",2024-07-16,,tracer,Refuted,"[{""bias"": ""hindsight bias"", ""confidence"": 0.6103}]",Misleading,
tracer_test_14633,"“Just last week, Ruben Gallego voted to let the millions of people who poured into our country illegally cast a ballot in this upcoming election.”",2024-07-16,,tracer,Refuted,"[{""bias"": ""Just-world hypothesis"", ""confidence"": 0.3587}]",Refuted,
tracer_test_14634,"After being shot at a Milwaukee rally in 1912, former President Teddy Roosevelt “finished his speech and he kept fighting.”",2024-07-17,,tracer,Half-True,"[{""bias"": ""hindsight bias"", ""confidence"": 0.4598}]",Supported,
tracer_test_14635,"""Unlike Mike Pence, (JD) Vance said he would have carried out Trump's plan to overturn the 2020 election.""",2024-07-17,,tracer,Half-True,,Supported,
tracer_test_14636,Sam Brown “said abortion should be banned without any exceptions for rape or incest.”,2024-07-17,,tracer,Half-True,"[{""bias"": ""Essentialism"", ""confidence"": 0.3974}]",Refuted,
tracer_test_14637,Project 2025 would “end Head Start.”,2024-07-18,,tracer,Supported,"[{""bias"": ""Pro-Innovation Bias"", ""confidence"": 0.5034}]",Refuted,
tracer_test_14638,"“Today, America has record energy production and we are energy independent.”",2024-07-18,,tracer,Half-True,"[{""bias"": ""curse of knowledge"", ""confidence"": 0.4576}]",Misleading,
tracer_test_14639,Project 2025 calls for restricting “access to IVF and contraception.”,2024-07-18,,tracer,Refuted,"[{""bias"": ""curse of knowledge"", ""confidence"": 0.3379}]",Misleading,
tracer_test_14640,Donald Trump “took away protections against discrimination for LGBTQ patients under the Affordable Care Act.”,2024-07-20,,tracer,Half-True,,Supported,
tracer_test_14641,"Thomas Matthew Crooks worked for BlackRock ""in the past"" and BlackRock owned the building Crooks stood on when he shot at the Trump campaign rally.",2024-07-20,,tracer,Refuted,,Misleading,
tracer_test_14642,“The state of Washington has already sent out their ballots” for the 2024 presidential election.,2024-07-21,,tracer,Refuted,,Refuted,
tracer_test_14643,"President Joe Biden appointed ""Kamala Harris to be his border czar to deal with illegal immigration … Harris was put in charge of stopping illegal immigration.""",2024-07-22,,tracer,Refuted,,Misleading,
tracer_test_14644,"The death of Rep. Sheila Jackson Lee, D-Texas, six days after the Trump rally shooting was linked to her “oversight of the Secret Service.”",2024-07-22,,tracer,Refuted,"[{""bias"": ""Just-world hypothesis"", ""confidence"": 0.4646}]",Refuted,
tracer_test_14645,There are nine states “where Biden’s name can’t be removed and no one can be added. That’s over 130 electoral votes in the toilet.”,2024-07-22,,tracer,Refuted,,,Failed to get valid prediction
tracer_test_14646,"Eric Hovde “wants to repeal the Affordable Care Act, and kick millions off their health insurance.”",2024-07-23,,tracer,Supported,,,Failed to get valid prediction
tracer_test_14647,Vice President Kamala Harris “endorsed free taxpayer-funded government health care for all illegal aliens.”,2024-07-24,,tracer,Refuted,"[{""bias"": ""curse of knowledge"", ""confidence"": 0.3185}]",Misleading,
tracer_test_14648,Kamala Harris “wants to defund the police.”,2024-07-24,,tracer,Refuted,,Misleading,
tracer_test_14649,"“Vice President, Kamala Harris cast the tie-breaking vote to cut, as you know, Medicare by $273 billion. She cast a vote to cut Medicare.”",2024-07-24,,tracer,Refuted,"[{""bias"": ""hindsight bias"", ""confidence"": 0.369}]",Refuted,
tracer_test_14650,Kamala Harris “supported abolishing ICE.”,2024-07-24,,tracer,Refuted,,Misleading,
tracer_test_14651,"“We’re losing 300,000 people a year to fentanyl that comes through our border. We had it down to the lowest number and now it’s worse than it’s ever been.”",2024-07-24,,tracer,Refuted,"[{""bias"": ""Just-world hypothesis"", ""confidence"": 0.5627}]",Misleading,
tracer_test_14652,Kamala Harris “wants to forcibly compel doctors and nurses against their will to give chemical castration drugs to young children.”,2024-07-26,,tracer,Refuted,,Refuted,
tracer_test_14653,"During the 2020 Minnesota riots after George Floyd’s murder, Gov. Tim Walz didn’t call in the National Guard, “so, I sent in the National Guard to save Minneapolis.”",2024-07-27,,tracer,Refuted,"[{""bias"": ""curse of knowledge"", ""confidence"": 0.5117}]",Refuted,
tracer_test_14654,Video shows that “JD Vance endorses Project 2025.”,2024-07-27,,tracer,Refuted,,Supported,
tracer_test_14655,C-sections are coded as abortions in hospitals.,2024-07-27,,tracer,Refuted,"[{""bias"": ""curse of knowledge"", ""confidence"": 0.3781}]",Refuted,
tracer_test_14656,"“Even before the pandemic, America went into a manufacturing recession.”",2024-07-28,,tracer,Half-True,,Supported,
tracer_test_14657,Video shows “several masked men stormed a local voting station and stole the ballot boxes” in Venezuela’s 2024 election.,2024-07-28,,tracer,Refuted,"[{""bias"": ""curse of knowledge"", ""confidence"": 0.3054}]",Refuted,
tracer_test_14658,Vice President Kamala Harris is “calling for an end to the child tax credit.”,2024-07-28,,tracer,Refuted,"[{""bias"": ""curse of knowledge"", ""confidence"": 0.5585}]",Refuted,
tracer_test_14659,Donald Trump “intends to cut” Medicare.,2024-07-30,,tracer,Refuted,,Misleading,
tracer_test_14660,"""Donald Trump intends to cut Social Security.""",2024-07-30,,tracer,Refuted,,Misleading,
tracer_test_14661,“Nowhere on her birth certificate does it say that she is BLACK OR AFRICAN. …  Kamala Harris is NOT black and never has been.”,2024-07-31,,tracer,Refuted,,Refuted,
tracer_test_14662,"Kamala Harris was “Indian all the way, and then all of a sudden, she made a turn and she went, she became a Black person.”",2024-07-31,,tracer,Refuted,"[{""bias"": ""hindsight bias"", ""confidence"": 0.3107}]",Refuted,
tracer_test_14663,"In negotiating releases of Americans held abroad, “(I) gave the opposing country NOTHING — and never any cash.”",2024-08-01,,tracer,Refuted,,Misleading,
tracer_test_14664,"""Since Vice President Harris and I took office … incomes have risen faster than prices.""",2024-08-02,,tracer,Half-True,"[{""bias"": ""Availability heuristic"", ""confidence"": 0.3376}]",Misleading,
tracer_test_14665,"In Pompano Beach, Florida, Somali immigrants illegally in the U.S. were in line to get driver’s licenses and “all you need to vote is a driver's license.”",2024-08-02,,tracer,Refuted,"[{""bias"": ""curse of knowledge"", ""confidence"": 0.9632}]",Refuted,
tracer_test_14666,Kamala Harris “supports mandatory gun confiscation.”,2024-08-03,,tracer,Refuted,,Misleading,
tracer_test_14667,“The NFL will now use facial recognition at every stadium to verify the identity of everyone at the game.”,2024-08-04,,tracer,Refuted,"[{""bias"": ""curse of knowledge"", ""confidence"": 0.599}]",Refuted,
tracer_test_14668,Tim Walz “changed the Minnesota flag so it could resemble the Somalian flag.”,2024-08-05,,tracer,Refuted,"[{""bias"": ""curse of knowledge"", ""confidence"": 0.8136}]",Refuted,
tracer_test_14669,"JD Vance “literally wrote the foreword for the architect of the Project 2025 agenda.""",2024-08-06,,tracer,Supported,"[{""bias"": ""curse of knowledge"", ""confidence"": 0.6239}]",Misleading,
tracer_test_14670,"""Tim Walz signed into law driver's licenses for illegal immigrants in Minnesota.""",2024-08-06,,tracer,Supported,"[{""bias"": ""hindsight bias"", ""confidence"": 0.302}]",Supported,
tracer_test_14671,Minnesota Gov. Tim Walz signed “legislation giving free college … to illegal immigrants.”,2024-08-06,,tracer,Half-True,"[{""bias"": ""curse of knowledge"", ""confidence"": 0.4296}]",Misleading,
tracer_test_14672,"“In 2021, Minnesotans were roughly five times more likely to move to Florida than vice versa” because they were “fleeing” the state under Democratic Gov. Tim Walz.",2024-08-06,,tracer,Half-True,,Misleading,
tracer_test_14673,“Violent crime was up under Donald Trump.”,2024-08-06,,tracer,Half-True,"[{""bias"": ""Just-world hypothesis"", ""confidence"": 0.4341}]",Misleading,
tracer_test_14674,"“During Covid, Tim Walz rationed access to monoclonal antibody treatments based on skin color.”",2024-08-06,,tracer,Refuted,,Refuted,
tracer_test_14675,Minnesota Gov. Tim Walz “forced schools to stock tampons in boys’ bathrooms.”,2024-08-06,,tracer,Refuted,"[{""bias"": ""curse of knowledge"", ""confidence"": 0.8125}]",Misleading,
tracer_test_14676,"Says Tim Walz said he carried weapons in war, but “he has not spent a day in a combat zone.”",2024-08-07,,tracer,Supported,"[{""bias"": ""curse of knowledge"", ""confidence"": 0.3531}]",Misleading,
tracer_test_14677,Republican Senate candidate Dave McCormick “wants to outlaw abortions.”,2024-08-07,,tracer,Refuted,,Misleading,
tracer_test_14678,"“When Tim Walz was asked by his country to go to Iraq, do you know what he did? He dropped out of the Army and allowed his unit to go without him.”",2024-08-07,,tracer,Refuted,"[{""bias"": ""Just-world hypothesis"", ""confidence"": 0.3708}]",Refuted,
tracer_test_14679,Minnesota Gov. Tim Walz signed a law that would “take children away from their parents if the parents don’t want to consent to sex changes.”,2024-08-07,,tracer,Refuted,"[{""bias"": ""Normalcy bias"", ""confidence"": 0.3791}]",Refuted,
tracer_test_14680,Sen. Rick Scott does not support abortion exceptions.,2024-08-07,,tracer,Refuted,,Misleading,
tracer_test_14681,Ruben Gallego wants to “cut your Social Security.”,2024-08-08,,tracer,Refuted,,Refuted,
tracer_test_14682,“Bob Casey and Kamala Harris want to BAN fracking.”,2024-08-08,,tracer,Refuted,,Misleading,
tracer_test_14683,"Says his Jan. 6, 2021, speech on the White House Ellipse drew the “same number of people,” as the 1963 March on Washington where  Martin Luther King Jr. gave his “I Have a Dream” speech.",2024-08-08,,tracer,Refuted,"[{""bias"": ""hindsight bias"", ""confidence"": 0.4283}]",Refuted,
tracer_test_14684,“I went down in a helicopter with (Willie Brown). We thought maybe this is the end. We were in a helicopter going to a certain location together and there was an emergency landing.”,2024-08-08,,tracer,Refuted,"[{""bias"": ""hindsight bias"", ""confidence"": 0.4364}]",Supported,
tracer_test_14685,Jacky Rosen “said ending taxes on tips would ‘hurt working Nevada families.’”,2024-08-09,,tracer,Refuted,,Supported,
tracer_test_14686,"Mike Rogers “left Michigan to trade on his D.C. connections, helping Chinese tech companies get access to the U.S.”",2024-08-09,,tracer,Refuted,"[{""bias"": ""curse of knowledge"", ""confidence"": 0.7337}]",Refuted,
tracer_test_14687,Gov. Tim Walz delivered paid family leave in Minnesota but “Republicans are blocking” a Biden-Harris proposal.,2024-08-11,,tracer,Half-True,"[{""bias"": ""Whole only effect"", ""confidence"": 0.4884}]",Misleading,
tracer_test_14688,JD Vance holds “anti-marriage-equality views.”,2024-08-11,,tracer,Half-True,,Supported,
tracer_test_14689,Photo of Kamala Harris’ Aug. 7 rally near Detroit was AI-generated and “there was nobody there.” Attendees pictured “didn’t exist.”,2024-08-11,,tracer,Refuted,"[{""bias"": ""Bias blind spot"", ""confidence"": 0.5298}]",Refuted,
tracer_test_14690,"Dr. Leo Ferreira, a cancer researcher shown in a video clip, was on the plane that crashed in Brazil on Aug. 9.",2024-08-12,,tracer,Refuted,"[{""bias"": ""Just-world hypothesis"", ""confidence"": 0.4615}]",Refuted,
tracer_test_14691,“Sam Brown publicly supported forcing massive cuts to Social Security and Medicare and was caught on tape saying he admires the plan to phase out Social Security and Medicare in five years.”,2024-08-13,,tracer,Refuted,,,Failed to get valid prediction
tracer_test_14692,Says U.S. Sen. Tammy Baldwin “has done absolutely nothing” about the fentanyl crisis.,2024-08-13,,tracer,Refuted,,Misleading,
tracer_test_14693,Kamala Harris voted in favor of passing a law in 2022 to tax tips.,2024-08-13,,tracer,Refuted,"[{""bias"": ""curse of knowledge"", ""confidence"": 0.4473}]",Refuted,
tracer_test_14694,"Videos of media talking about Tim Walz as a ""happy warrior"" are proof of government propaganda legalized by Barack Obama.",2024-08-13,,tracer,Refuted,"[{""bias"": ""Bias blind spot"", ""confidence"": 0.5691}]",Refuted,
tracer_test_14695,Former President Donald Trump “cut overtime benefits for millions of workers.”,2024-08-14,,tracer,Refuted,,Misleading,
tracer_test_14696,"“400,000 workers are now in a union that were not in a union when (Biden) became president.”",2024-08-15,,tracer,Half-True,,Misleading,
tracer_test_14697,"Nevada Sen. Jacky Rosen said the Biden administration did a ""tremendous job"" on the U.S. military’s Afghanistan withdrawal.",2024-08-15,,tracer,Refuted,,Misleading,
tracer_test_14698,California law lets you “rob a store as long as it’s not more than $950” and “not get charged.” Kamala Harris “did that.”,2024-08-15,,tracer,Refuted,"[{""bias"": ""Omission bias"", ""confidence"": 0.7217}]",Refuted,
tracer_test_14699,Rep. Elissa Slotkin’s vote for the 2022 Inflation Reduction Act was a vote to “cut Medicare benefits for seniors.”,2024-08-16,,tracer,Refuted,,Misleading,
tracer_test_14700,"“Kamala Harris wants to give $25,000 to illegal aliens to buy American homes.”",2024-08-16,,tracer,Refuted,,Refuted,
tracer_test_14701,"“MAGA Republicans like Kari Lake support Project 2025, which would raise the retirement age for 73% of Arizonans.”",2024-08-17,,tracer,Refuted,"[{""bias"": ""Pro-Innovation Bias"", ""confidence"": 0.4452}]",,Failed to get valid prediction
tracer_test_14702,Videos show Kamala Harris intoxicated.,2024-08-19,,tracer,Refuted,,Refuted,
tracer_test_14703,“Women don't even get their own restroom at the DNC convention.”,2024-08-19,,tracer,Refuted,,Refuted,
tracer_test_14704,"“In Montana, we cherish our public lands. But Tim Sheehy called to transfer them off, so the ultra-rich can buy them up.”",2024-08-20,,tracer,Refuted,,Misleading,
tracer_test_14705,"U.S. Sen. Sherrod Brown voted to “give illegals taxpayer funded stimulus checks, health care, even Social Security.""",2024-08-20,,tracer,Refuted,"[{""bias"": ""curse of knowledge"", ""confidence"": 0.7218}]",Misleading,
tracer_test_14706,The “‘Inflation Reduction Act’ increased inflation and drove prices sky high!”,2024-08-21,,tracer,Refuted,"[{""bias"": ""hindsight bias"", ""confidence"": 0.5444}]",Refuted,
tracer_test_14707,“The Harris-Biden Administration has been caught fraudulently manipulating Job Statistics.”,2024-08-21,,tracer,Refuted,,Refuted,
tracer_test_14708,"Former President Donald Trump ""intends to enact what, in effect, is a national sales tax ... that would raise prices on middle-class families by almost $4,000 a year.""",2024-08-22,,tracer,Half-True,,Misleading,
tracer_test_14709,“Prices are up because these corporations are scheming to drive them up.”,2024-08-22,,tracer,Refuted,"[{""bias"": ""Just-world hypothesis"", ""confidence"": 0.4364}]",Refuted,
tracer_test_14710,"“Sen. Jacky Rosen voted to increase taxes on families making less than $75,000 a year.”",2024-08-23,,tracer,Refuted,,Refuted,
tracer_test_14711,“There’s been a 43% increase in violent crimes since I left office.”,2024-08-23,,tracer,Refuted,"[{""bias"": ""Just-world hypothesis"", ""confidence"": 0.3518}]",Refuted,
tracer_test_14712,"“Kamala cast the tiebreaking vote to hire 87,000 new IRS agents to go after your tip income.”",2024-08-23,,tracer,Refuted,,Misleading,
tracer_test_14713,"“JD Vance actually sent a letter last year to the Department of Justice saying, ‘enforce the Comstock Act.’”",2024-08-25,,tracer,Supported,"[{""bias"": ""curse of knowledge"", ""confidence"": 0.6344}]",Supported,
tracer_test_14714,Kamala Harris’ “plan to tax unrecognized Capital Gains mean(s) if your house goes up in value you will have to pay that Tax Even if you don’t sell your House!”,2024-08-25,,tracer,Refuted,"[{""bias"": ""Omission bias"", ""confidence"": 0.5834}]",Misleading,
tracer_test_14715,"A zero-tolerance policy during the Trump administration ""led to less family separation than under Kamala Harris' border policies.”",2024-08-25,,tracer,Refuted,,Refuted,
tracer_test_14716,"“Anything that you lose on the tariff from the perspective of the consumer, you gain in higher wages, so you're ultimately much better off.”",2024-08-25,,tracer,Refuted,,Misleading,
tracer_test_14717,Sen. Bob Casey “voted to sell American oil to China.”,2024-08-25,,tracer,Refuted,"[{""bias"": ""curse of knowledge"", ""confidence"": 0.322}]",Refuted,
tracer_test_14718,Video shows helicopter “dropping millions” of mosquitoes in Massachusetts towns hit by eastern equine encephalitis virus.,2024-08-25,,tracer,Refuted,"[{""bias"": ""curse of knowledge"", ""confidence"": 0.5692}]",Misleading,
tracer_test_14719,Vice President Kamala Harris “is a communist. … She is really a Marxist.”,2024-08-26,,tracer,Refuted,,Refuted,
tracer_test_14720,California S.B. 1174 eliminates the requirement for voter ID at polling places.,2024-08-27,,tracer,Refuted,,Refuted,
tracer_test_14721,Rep. Elissa Slotkin “voted recently to let illegals vote in U.S. elections.”,2024-08-27,,tracer,Refuted,,Refuted,
tracer_test_14722,The order of candidate names on North Carolina’s ballot shows a “clear attempt at voter manipulation.”,2024-08-27,,tracer,Refuted,,Refuted,
tracer_test_14723,Project 2025 would defund K-12 schools.,2024-08-28,,tracer,Half-True,"[{""bias"": ""Pro-Innovation Bias"", ""confidence"": 0.3119}]",Refuted,
tracer_test_14724,"“This month alone, more than 16,000 non-citizens have been removed from the voter rolls in 3 states.”",2024-08-28,,tracer,Half-True,"[{""bias"": ""Availability heuristic"", ""confidence"": 0.3407}]",Refuted,
tracer_test_14725,"The proposal to put golf courses, hotels in Florida state parks “was something that was leaked. … a lot of that stuff was half-baked and was not ready for prime time.”",2024-08-28,,tracer,Refuted,"[{""bias"": ""hindsight bias"", ""confidence"": 0.5238}]",Misleading,
tracer_test_14726,"“Kamala Harris has promised amnesty for the 10 million illegals she allowed in as border czar, making them eligible for Social Security. Studies warn this will lead to cuts in your Social Security benefits.""",2024-08-28,,tracer,Refuted,,Refuted,
tracer_test_14727,Proposed Nevada constitutional amendment to protect abortion rights would put “essentially no limit on access to abortion.”,2024-08-28,,tracer,Refuted,"[{""bias"": ""Attentional bias"", ""confidence"": 0.4136}]",Misleading,
tracer_test_14728,Elissa Slotkin “gave your hard-earned tax money to illegal immigrants.”,2024-08-28,,tracer,Refuted,,Refuted,
tracer_test_14729,President Joe Biden “did a campaign ad at the graves in Arlington in 2020.”,2024-08-29,,tracer,Refuted,,Refuted,
tracer_test_14730,"“BREAKING: Illegal Aliens in San Diego, California, tried to hijack 2 school buses filled with children.”",2024-08-29,,tracer,Refuted,"[{""bias"": ""Just-world hypothesis"", ""confidence"": 0.7192}]",Refuted,
tracer_test_14731,"""Right to Try"" experimental drug program saved ""thousands and thousands of lives.""",2024-08-30,,tracer,Refuted,"[{""bias"": ""hindsight bias"", ""confidence"": 0.3601}]",Misleading,
tracer_test_14732,"“The transgender thing is incredible... your kid goes to school and comes home a few days later with an operation. The school decides what’s going to happen with your child.""",2024-08-30,,tracer,Refuted,,Refuted,
tracer_test_14733,Sen. Jon Tester “voted to let men compete against our girls in their sports.”,2024-09-01,,tracer,Refuted,"[{""bias"": ""curse of knowledge"", ""confidence"": 0.6204}]",Misleading,
tracer_test_14734,"""Typically you have three to four debates in a U.S. Senate race. (Sen. Tammy Baldwin, D-Wis. has) given me one debate, almost a month after early voting has started.""",2024-09-03,,tracer,Half-True,,Misleading,
tracer_test_14735,“Dave McCormick is fully against abortion.”,2024-09-03,,tracer,Refuted,,Misleading,
tracer_test_14736,U.S. Sen. Sherrod Brown “supported allowing puberty blockers and sex-change surgeries for minor children.”,2024-09-03,,tracer,Refuted,"[{""bias"": ""curse of knowledge"", ""confidence"": 0.8475}]",Misleading,
tracer_test_14737,"On June 7, 2011, Kamala Harris was involved in a San Francisco hit-and-run crash that injured a woman named Alicia Brown.",2024-09-03,,tracer,Refuted,"[{""bias"": ""Just-world hypothesis"", ""confidence"": 0.6313}]",Refuted,
tracer_test_14738,"Of Bernie Moreno, “Now, he’s arguing for a national abortion ban, no exceptions.”",2024-09-04,,tracer,Half-True,"[{""bias"": ""curse of knowledge"", ""confidence"": 0.9025}]",Misleading,
tracer_test_14739,"The Inflation Reduction Act, which Rep. Elissa Slotkin supported, “drove inflation higher.”",2024-09-04,,tracer,Refuted,"[{""bias"": ""hindsight bias"", ""confidence"": 0.5267}]",Refuted,
tracer_test_14740,“Mark Robinson skips Board of Education vote on teacher bonuses to hold campaign event.”,2024-09-05,,tracer,Refuted,,Supported,
tracer_test_14741,"Says Democratic opponent Tammy Baldwin ""gave stimulus checks to illegals.""",2024-09-05,,tracer,Refuted,,Refuted,
tracer_test_14742,“Tim Sheehy told us his health care plan: ‘We need to return health care to pure privatization.’ That would eliminate Medicare.”,2024-09-06,,tracer,Refuted,"[{""bias"": ""Essentialism"", ""confidence"": 0.4587}, {""bias"": ""curse of knowledge"", ""confidence"": 0.3064}]",Misleading,
tracer_test_14743,"Haitian immigrants are eating pets and wildlife in Springfield, Ohio.",2024-09-06,,tracer,Refuted,"[{""bias"": ""curse of knowledge"", ""confidence"": 0.5976}]",Refuted,
tracer_test_14744,"Vice President Kamala Harris “cast the tiebreaking votes that caused the worst inflation in American history, costing a typical American family $28,000.”",2024-09-07,,tracer,Refuted,,Refuted,
tracer_test_14745,Florida’s Amendment 3 is “the monopoly amendment.”,2024-09-07,,tracer,Refuted,"[{""bias"": ""curse of knowledge"", ""confidence"": 0.3888}]",Misleading,
tracer_test_14746,"Tim Sheehy “would let politicians like him ban abortion, with no exceptions for rape or to save a woman’s life, and criminalize women.”",2024-09-08,,tracer,Refuted,"[{""bias"": ""Omission bias"", ""confidence"": 0.4036}]",Misleading,
tracer_test_14747,"Laurie Buckhout is “trying to get to Congress to pass a national abortion ban, allowing politicians to ban abortions with no exceptions and prosecute women if they get an abortion, treating women right here like criminals.”",2024-09-09,,tracer,Refuted,,Misleading,
tracer_test_14748,"“Less than three months ago, Kamala Harris and her administration blocked 300,000 unvetted Haitian migrants from being deported out of our country.""",2024-09-09,,tracer,Refuted,,Refuted,
tracer_test_14749,"“Illegal” Haitians in Springfield, Ohio, are “reportedly killing and eating pets.”",2024-09-09,,tracer,Refuted,"[{""bias"": ""Just-world hypothesis"", ""confidence"": 0.4794}]",Refuted,
tracer_test_14750,"""Dallas County Texas (tells) election workers to (illegally) lie on registration & use a church address to register homeless people to vote!”",2024-09-09,,tracer,Refuted,"[{""bias"": ""curse of knowledge"", ""confidence"": 0.3712}]",Refuted,
tracer_test_14751,“Donald Trump said he was going to allow Medicare to negotiate drug prices. He never did. We did.”,2024-09-10,,tracer,Supported,,Misleading,
tracer_test_14752,"“Communicable diseases like HIV and TB (tuberculosis) have skyrocketed” after Haitian migrants came to Springfield, Ohio.",2024-09-10,,tracer,Refuted,"[{""bias"": ""Availability heuristic"", ""confidence"": 0.6719}]",Refuted,
tracer_test_14753,"“Unlike other amendments, Amendment 4 has no definitions. … Without definitions these words can mean almost anything.”",2024-09-10,,tracer,Refuted,,Misleading,
tracer_test_14754,Florida’s six-week abortion law has “no real exceptions. Not for her health. Not even for rape.”,2024-09-10,,tracer,Refuted,,Misleading,
tracer_test_14755,"“As of today, there is not one member of the United States military who is in active duty in a combat zone, in any war zone around the world, for the first time this century.”",2024-09-10,,tracer,Refuted,,Refuted,
tracer_test_14756,Jon Tester “supported slashing Social Security benefits”,2024-09-10,,tracer,Refuted,,Refuted,
tracer_test_14757,"""In Springfield (Ohio), they're eating the dogs, the people that came in, they're eating the cats. They're eating, they're eating the pets of the people that live there.”",2024-09-10,,tracer,Refuted,,Refuted,
tracer_test_14758,Mike Rogers supported “laws that could eliminate IVF and birth control.”,2024-09-11,,tracer,Half-True,"[{""bias"": ""curse of knowledge"", ""confidence"": 0.6353}]",Misleading,
tracer_test_14759,"“In 12 states, children born alive after a failed abortion have no legal protection, and in three more states children born alive after an abortion had legal rights that governors — like Tim Walz — repealed.”",2024-09-11,,tracer,Refuted,"[{""bias"": ""hindsight bias"", ""confidence"": 0.3812}]",Misleading,
tracer_test_14760,"In Manchester, N.H., gubernatorial candidate Joyce Craig “pushed for a city sales tax. Then, Joyce Craig overrode the tax cap and tried to raise taxes six times.”",2024-09-12,,tracer,Half-True,"[{""bias"": ""hindsight bias"", ""confidence"": 0.3246}]",Misleading,
tracer_test_14761,Former President Donald Trump “started out with $400 million on a silver platter and then filed for bankruptcy six times.”,2024-09-12,,tracer,Half-True,"[{""bias"": ""Just-world hypothesis"", ""confidence"": 0.4511}]",Misleading,
tracer_test_14762,"Charleroi, Pennsylvania, “has grown by 2,000% due to an influx in migrants.”",2024-09-13,,tracer,Refuted,"[{""bias"": ""hindsight bias"", ""confidence"": 0.4711}]",Refuted,
tracer_test_14763,Rep. Ruben Gallego’s “first act in Congress was to propose legislation to BAN the use of the term ‘illegal alien.’”,2024-09-13,,tracer,Refuted,"[{""bias"": ""curse of knowledge"", ""confidence"": 0.8559}]",Refuted,
tracer_test_14764,Vice President Kamala Harris is “talking about bringing back the draft.”,2024-09-13,,tracer,Refuted,"[{""bias"": ""curse of knowledge"", ""confidence"": 0.5826}]",Refuted,
tracer_test_14765,"“In Project 2025, you’re going to have to register with a new federal agency when you get pregnant.”",2024-09-14,,tracer,Refuted,,Refuted,
tracer_test_14766,"Gubernatorial candidate Kelly Ayotte “has voted for national abortion bans, she has voted to defund Planned Parenthood, and she shepherded Neil Gorsuch through the Supreme Court process, and then celebrated when Roe v. Wade was overturned.”",2024-09-15,,tracer,Half-True,,Misleading,
tracer_test_14767,"In Springfield, Ohio, “murders are up by 81%.”",2024-09-15,,tracer,Refuted,,Refuted,
tracer_test_14768,"Ryan Routh's Instagram bio says he is a ""proud LGBTQ+ member""",2024-09-15,,tracer,Refuted,,Supported,
tracer_test_14769,"Former President Donald Trump could have destroyed the Affordable Care Act, but “he chose to build upon (it).""",2024-09-15,,tracer,Refuted,"[{""bias"": ""Outcome bias"", ""confidence"": 0.3738}]",Misleading,
tracer_test_14770,"The apparent assassination attempt against former President Donald Trump on Sept. 15, 2024, was “staged.”",2024-09-15,,tracer,Refuted,,Refuted,
tracer_test_14771,"Says opponent Sen. Tammy Baldwin “gave our taxpayer money to a transgender-affirming clinic … that does it without even telling parents.""",2024-09-16,,tracer,Refuted,,Misleading,
tracer_test_14772,"“If you make less than $100,000, Trump is about to raise your taxes. Currently, you’re taxed at 10% and then 12%. He would raise that to a flat rate of 15%.”",2024-09-16,,tracer,Refuted,,Misleading,
tracer_test_14773,The plus in LGBTQ+ includes pedophilia.,2024-09-16,,tracer,Refuted,"[{""bias"": ""curse of knowledge"", ""confidence"": 0.4036}]",Refuted,
tracer_test_14774,"“Two years ago, Bob Casey promised us his vote will reduce inflation. ... Casey’s vote for reckless spending” made inflation worse.",2024-09-17,,tracer,Refuted,"[{""bias"": ""Post-purchase rationalization"", ""confidence"": 0.6614}]",Misleading,
tracer_test_14775,“We're bankrupting a lot of hospitals by forcing these hospitals  to provide care for people who don't have the legal right to be in our country.”,2024-09-17,,tracer,Refuted,"[{""bias"": ""Just-world hypothesis"", ""confidence"": 0.5019}]",Misleading,
tracer_test_14776,"When Haitians go to school in Springfield, Ohio, they “take the place of our children in school” and “each one will have a private interpreter.""",2024-09-18,,tracer,Refuted,"[{""bias"": ""curse of knowledge"", ""confidence"": 0.5739}]",Refuted,
tracer_test_14777,“Project 2025 wants to get rid of NOAA” and the National Weather Service.,2024-09-19,,tracer,Half-True,"[{""bias"": ""Bandwagon effect"", ""confidence"": 0.5892}]",Refuted,
tracer_test_14778,Kamala Harris “supports taxpayer-funded sex changes for prisoners and illegal aliens.”,2024-09-20,,tracer,Half-True,,Misleading,
tracer_test_14779,"Says Wisconsin GOP U.S. Senate candidate Eric Hovde ""brags about being in the 1%.""",2024-09-20,,tracer,Half-True,"[{""bias"": ""curse of knowledge"", ""confidence"": 0.6024}]",Misleading,
tracer_test_14780,First lady Jill Biden led a Cabinet meeting for President Joe Biden and her signature appears on presidential stationery.,2024-09-20,,tracer,Refuted,"[{""bias"": ""curse of knowledge"", ""confidence"": 0.5571}]",Refuted,
tracer_test_14781,"“Donald Trump added more to the national debt than any other president, ever.”",2024-09-21,,tracer,Half-True,,Misleading,
tracer_test_14782,“The last union member on a national ticket (was) Ronald Reagan.”,2024-09-21,,tracer,Refuted,,Refuted,
tracer_test_14783,"Florida ""put Tom Walz instead of Tim Walz"" on its ballots.",2024-09-22,,tracer,Half-True,"[{""bias"": ""curse of knowledge"", ""confidence"": 0.5965}]",Refuted,
tracer_test_14784,“The Montana Secretary of State left Kamala Harris off the ballot.”,2024-09-22,,tracer,Half-True,"[{""bias"": ""hindsight bias"", ""confidence"": 0.4316}]",Refuted,
tracer_test_14785,Project 2025 would “cut” the Federal Emergency Management Agency and “kill federal-backed flood insurance.”,2024-09-24,,tracer,Supported,"[{""bias"": ""Omission bias"", ""confidence"": 0.35}]",Misleading,
tracer_test_14786,U.S. Sen. Sherrod Brown voted to “allow transgender biological men to compete in girls’ sports.”,2024-09-24,,tracer,Refuted,"[{""bias"": ""curse of knowledge"", ""confidence"": 0.907}]",Misleading,
tracer_test_14787,"""Missouri registered 78,421 in just one week of February of this year. Out of that number, 23,253 were dead people!""",2024-09-24,,tracer,Refuted,"[{""bias"": ""hindsight bias"", ""confidence"": 0.5789}]",Refuted,
tracer_test_14788,"“There was a bill to basically create a ban to make sure we never become a sanctuary state, that no locality passes those regulations, and (former Manchester Mayor Joyce Craig) opposed that bill.”",2024-09-25,,tracer,Half-True,"[{""bias"": ""Omission bias"", ""confidence"": 0.5092}]",Misleading,
tracer_test_14789,"“Even before the pandemic, (Donald Trump) lost manufacturing jobs, by most people’s estimates at least 200,000.”",2024-09-25,,tracer,Refuted,"[{""bias"": ""hindsight bias"", ""confidence"": 0.3316}, {""bias"": ""Availability heuristic"", ""confidence"": 0.3277}]",Misleading,
tracer_test_14790,"North Carolina removed 747,000 voters from the voter rolls to try to “steal the election.”",2024-09-26,,tracer,Refuted,,Refuted,
tracer_test_14791,Former President Donald Trump wants to take away the Affordable Care Act.,2024-09-27,,tracer,Half-True,"[{""bias"": ""Normalcy bias"", ""confidence"": 0.5159}]",Misleading,
tracer_test_14792,"When New Hampshire gubernatorial nominee Kelly Ayotte served on two companies’ boards, one “laid off 18,000 workers” and the other “laid off 1,200 American workers, moving jobs overseas.”",2024-09-27,,tracer,Half-True,,Misleading,
tracer_test_14793,"U.S. Sen. Jon Tester “voted to give taxpayer-funded health care to illegal immigrants.""",2024-09-27,,tracer,Refuted,"[{""bias"": ""curse of knowledge"", ""confidence"": 0.3304}]",Misleading,
tracer_test_14794,"Rep. Ruben Gallego is “controlled by the cartels. His own father was a Colombian drug trafficker, and so he’s got links to the cartel.”",2024-09-27,,tracer,Refuted,"[{""bias"": ""curse of knowledge"", ""confidence"": 0.3973}]",Refuted,
tracer_test_14795,Video shows “the bunker-busting bombs that ended the lives of (Hassan) Nasrallah and Hezbollah’s leadership.”,2024-09-28,,tracer,Refuted,,Refuted,
tracer_test_14796,"""The ERA could also mandate that schools allow biological males to compete in girls' sports.""",2024-09-29,,tracer,Half-True,"[{""bias"": ""curse of knowledge"", ""confidence"": 0.4145}]",Misleading,
tracer_test_14797,"Kamala Harris ""let in the 13,099 convicted murderers and opposes all efforts to find them and to remove them.""",2024-09-29,,tracer,Refuted,,Refuted,
tracer_test_14798,Vice President Kamala Harris “even wants to legalize fentanyl.”,2024-09-29,,tracer,Refuted,,Refuted,
tracer_test_14799,U.S. Senate candidate Mike Rogers “believes he should make that decision” about whether to end pregnancies.,2024-09-30,,tracer,Refuted,"[{""bias"": ""curse of knowledge"", ""confidence"": 0.5237}]",Supported,
tracer_test_14800,"Photo shows President Joe Biden lounging on the beach ""while towns all over America were being wiped out” by Hurricane Helene.",2024-09-30,,tracer,Refuted,,Misleading,
tracer_test_14801,“Biden Announces: ‘2.4 billion more to Ukraine’ but ‘no more aid for Hurricane Helene.’”,2024-09-30,,tracer,Refuted,,Misleading,
tracer_test_14802,"Georgia Gov. Brian Kemp was calling President Joe Biden after Hurricane Helene but ""hasn't been able to get him.”",2024-09-30,,tracer,Refuted,"[{""bias"": ""curse of knowledge"", ""confidence"": 0.4597}]",Refuted,
tracer_test_14803,"Says immigrants with temporary protections in Springfield, Ohio, are “illegal immigrants.”",2024-10-01,,tracer,Refuted,,Refuted,
tracer_test_14804,The Federal Emergency Management Agency “is confiscating supplies and donations!”,2024-10-02,,tracer,Refuted,,Refuted,
tracer_test_14805,"With U.S. Customs and Border Protection’s CBP One app, it “takes less than 5 minutes and zero documentation to get approved as an illegal immigrant and be flown to the United States with air tickets paid for by the American taxpayer.”",2024-10-02,,tracer,Refuted,"[{""bias"": ""Planning Fallacy"", ""confidence"": 0.5765}]",Refuted,
tracer_test_14806,U.S. Transportation Secretary Pete Buttigieg banned private drones from flying over areas affected by Hurricane Helene.,2024-10-03,,tracer,Refuted,"[{""bias"": ""curse of knowledge"", ""confidence"": 0.5519}]",Refuted,
tracer_test_14807,The U.S. government is offering Americans loans to pay for flights out of Lebanon while they have been flying Israeli citizens out of Israel on chartered flights for a year “on our dime.”,2024-10-03,,tracer,Refuted,,Misleading,
tracer_test_14808,"""FEMA is out of money and doesn't have money to transfer to those people affected by the hurricane ... they used the money to assist illegal immigrants.""",2024-10-03,,tracer,Refuted,"[{""bias"": ""Just-world hypothesis"", ""confidence"": 0.6462}]",Refuted,
tracer_test_14809,"FEMA, FAA are “blocking” delivery of Starlink devices and supplies to North Carolina’s hurricane-hit areas.",2024-10-04,,tracer,Refuted,"[{""bias"": ""Normalcy bias"", ""confidence"": 0.3961}]",Refuted,
tracer_test_14810,The Biden administration stole $1 billion “from FEMA to use it for illegal migrants. … And FEMA is now busted. They don’t have any money.”,2024-10-04,,tracer,Refuted,,Refuted,
tracer_test_14811,"“The $750 from FEMA that Kamala Harris is offering them is actually a loan, not real relief. And that if they don’t pay it back the feds can seize their property.”",2024-10-04,,tracer,Refuted,"[{""bias"": ""Omission bias"", ""confidence"": 0.6368}]",Misleading,
tracer_test_14812,"“With your Democrat governor, you have some of the highest electricity prices and highest energy costs. It’s just about at the top in Wisconsin.”",2024-10-06,,tracer,Refuted,,Misleading,
tracer_test_14813,2023 FEMA webinar shows the agency is prioritizing its relief efforts around LGBTQ+ people,2024-10-06,,tracer,Refuted,"[{""bias"": ""curse of knowledge"", ""confidence"": 0.516}]",Misleading,
tracer_test_14814,FEMA “blocked a runway” at a South Carolina airport and “halted” hurricane relief flights.,2024-10-06,,tracer,Refuted,"[{""bias"": ""curse of knowledge"", ""confidence"": 0.4767}]",Refuted,
tracer_test_14815,"""We now have historic low unemployment in America among all groups of people.""",2024-10-07,,tracer,Half-True,"[{""bias"": ""curse of knowledge"", ""confidence"": 0.405}]",Misleading,
tracer_test_14816,Says opponent Eric Hovde “just proposed cutting Social Security by 28%.”,2024-10-07,,tracer,Refuted,,Misleading,
tracer_test_14817,"""Teachers and nurses and firefighters are paying a higher tax rate than billionaires and the biggest corporations.""",2024-10-07,,tracer,Refuted,,,Failed to get valid prediction
tracer_test_14818,“We have cut the flow of fentanyl by half.”,2024-10-07,,tracer,Refuted,,Misleading,
tracer_test_14819,"Hurricane Milton article is evidence they ""control and plan these storms.""",2024-10-07,,tracer,Refuted,,Refuted,
tracer_test_14820,"Of Gaza, “I’ve been there.”",2024-10-07,,tracer,Refuted,"[{""bias"": ""curse of knowledge"", ""confidence"": 0.3037}]",Refuted,
tracer_test_14821,Patents dating back to the 1800s show that people can control the weather.,2024-10-07,,tracer,Refuted,"[{""bias"": ""curse of knowledge"", ""confidence"": 0.3974}]",Refuted,
tracer_test_14822,“Milwaukee is one of the sex trafficking capitals in our country.”,2024-10-08,,tracer,Half-True,,Misleading,
tracer_test_14823,“Two weeks ago 100 GOP lawmakers voted against additional FEMA funding.”,2024-10-08,,tracer,Half-True,"[{""bias"": ""Just-world hypothesis"", ""confidence"": 0.3391}]",Refuted,
tracer_test_14824,Elissa Slotkin “signed a secret agreement with a CCP-linked Chinese battery company.”,2024-10-08,,tracer,Refuted,"[{""bias"": ""curse of knowledge"", ""confidence"": 0.6222}]",Refuted,
tracer_test_14825,Arizona U.S. Senate candidate Kari Lake “was against” the child tax credit expansion “when the bill was on the floor.”,2024-10-09,,tracer,Refuted,,Misleading,
tracer_test_14826,Vice President Kamala Harris’ “60 Minutes” interview may be “a major Campaign Finance Violation.”,2024-10-09,,tracer,Refuted,,Misleading,
tracer_test_14827,"“Arizona was safe” when she moved to the state in 1994, but has become “unsafe.”",2024-10-09,,tracer,Refuted,,Misleading,
tracer_test_14828,North Carolina’s new voting rules in response to Hurricane Helene amount to “cheating” or “stealing.”,2024-10-09,,tracer,Refuted,,Misleading,
tracer_test_14829,"To pay for extending the Trump tax cuts, Dave McCormick has “made clear he’ll slash your Medicare and Social Security, and cut Medicaid for nursing home care.”",2024-10-10,,tracer,Refuted,"[{""bias"": ""curse of knowledge"", ""confidence"": 0.4385}]",Misleading,
tracer_test_14830,Says opponent Eric Hovde “supports a $4 trillion tax plan that would disproportionately advantage the well-off and profitable corporations”,2024-10-11,,tracer,Half-True,,Misleading,
tracer_test_14831,Republican state Senate candidate Ashlee Adams “campaigned for Mark Robinson and his radical agenda.”,2024-10-11,,tracer,Refuted,,Misleading,
tracer_test_14832,“It has just come out that Democrats in Washington and the Democrat Governor’s Office of North Carolina (Roy Cooper) were blocking people and money from coming into North Carolina.”,2024-10-11,,tracer,Refuted,"[{""bias"": ""Just-world hypothesis"", ""confidence"": 0.5279}]",Refuted,
tracer_test_14833,"Scott Lassiter “repeatedly campaigned to promote” North Carolina's “largest-ever” school funding cut, sending public school money to “unaccountable private schools” and ending science education.",2024-10-12,,tracer,Refuted,"[{""bias"": ""curse of knowledge"", ""confidence"": 0.3263}]",Refuted,
tracer_test_14834,“Wages adjusted for inflation were massively up under Donald Trump for Black men. … The (Black-white) wage gap in 2019 was actually shrinking under Donald Trump's administration.”,2024-10-13,,tracer,Refuted,"[{""bias"": ""Availability heuristic"", ""confidence"": 0.5569}]",Misleading,
tracer_test_14835,Screenshots of documents show a former student of Democratic vice presidential candidate Tim Walz has lodged sexual abuse allegations against him.,2024-10-13,,tracer,Refuted,,Refuted,
tracer_test_14836,"“About 400,000 manufacturing jobs in the state of Michigan will go away with EV mandates.”",2024-10-14,,tracer,Refuted,"[{""bias"": ""Exaggerated expectation bias"", ""confidence"": 0.3991}]",Refuted,
tracer_test_14837,"Sen. Bob Casey ""has voted in lockstep with his liberal party to defund the police.""",2024-10-15,,tracer,Refuted,"[{""bias"": ""curse of knowledge"", ""confidence"": 0.3938}]",Misleading,
tracer_test_14838,"""The Defense Department, with the stroke of a pen, has quietly codified its right to deploy lethal force against its own citizens.”",2024-10-15,,tracer,Refuted,"[{""bias"": ""curse of knowledge"", ""confidence"": 0.3137}]",Refuted,
tracer_test_14839,"Detroit’s Oct.15, 2024, absentee ballot return rate proves election fraud.",2024-10-15,,tracer,Refuted,,Refuted,
tracer_test_14840,"Vice President Kamala Harris' plan “will raise taxes for the typical American family by an estimated $3,000.""",2024-10-15,,tracer,Refuted,,Misleading,
tracer_test_14841,Says former President Donald Trump did not lose the 2020 election.,2024-10-16,,tracer,Refuted,"[{""bias"": ""Just-world hypothesis"", ""confidence"": 0.7122}]",Refuted,
tracer_test_14842,Vice President Kamala Harris “wants struggling seniors to pay more Social Security taxes while she gives Medicare and Social Security to illegals.”,2024-10-17,,tracer,Refuted,,Refuted,
tracer_test_14843,Says opponent Eric Hovde “opposes efforts to negotiate with the big pharmaceutical companies to lower the price of prescription drugs.”,2024-10-18,,tracer,Refuted,"[{""bias"": ""Bias blind spot"", ""confidence"": 0.3022}]",Refuted,
tracer_test_14844,Says Eric Hovde “claims anyone who believes in transitioning to a clean energy economy is ‘smoking crack cocaine.’”,2024-10-18,,tracer,Refuted,,Supported,
tracer_test_14845,Ballot drop boxes 'were only used for a pandemic.',2024-10-18,,tracer,Refuted,,Refuted,
tracer_test_14846,"As part of his “charitable donations,” in 1990 Donald Trump “chartered a private plane to get Nelson Mandela to America when the U.S. government wouldn't help.""",2024-10-18,,tracer,Refuted,"[{""bias"": ""curse of knowledge"", ""confidence"": 0.3154}]",Refuted,
tracer_test_14847,Michigan has “more registered voters than eligible citizens. This creates a huge risk of election fraud.”,2024-10-19,,tracer,Refuted,,Refuted,
tracer_test_14848,"Voting machines in Shelby County, Tennessee, are swapping votes from Kamala Harris to Donald Trump.",2024-10-20,,tracer,Refuted,"[{""bias"": ""curse of knowledge"", ""confidence"": 0.8714}]",Refuted,
tracer_test_14849,“I’ve not gotten a single call from the White House.”,2024-10-21,,tracer,Refuted,,Refuted,
tracer_test_14850,“Jacky Rosen voted to allow biological men to compete in women’s sports.”,2024-10-21,,tracer,Refuted,"[{""bias"": ""curse of knowledge"", ""confidence"": 0.3107}]",Refuted,
tracer_test_14851,A pro-Kamala Harris website shows she supports a mandatory gun buyback program.,2024-10-21,,tracer,Refuted,,Supported,
tracer_test_14852,A photo shows The Atlantic published a story headlined “Trump is Literally Hitler.”,2024-10-22,,tracer,Refuted,"[{""bias"": ""curse of knowledge"", ""confidence"": 0.3423}]",Refuted,
tracer_test_14853,"""As of today, we have cut the flow of immigration by over half.""",2024-10-23,,tracer,Supported,,Refuted,
tracer_test_14854,"""Ruben Gallego wanted to defund the police. He actually co-sponsored legislation to defund the police.”",2024-10-23,,tracer,Refuted,,Refuted,
tracer_test_14855,Vice President Kamala Harris has been “going so far as to call me Adolf Hitler.”,2024-10-23,,tracer,Refuted,,Refuted,
tracer_test_14856,Michigan U.S. Senate candidate Mike Rogers “wants to cut Medicare and Social Security.”,2024-10-23,,tracer,Refuted,,Misleading,
tracer_test_14857,“Kari Lake is threatening Social Security and Medicare.”,2024-10-24,,tracer,Half-True,,Misleading,
tracer_test_14858,“The United States Postal Service recently changed the delivery method of absentee mail-in ballots” to hide “the evidence of absentee mail-in ballot fraud.”,2024-10-27,,tracer,Refuted,"[{""bias"": ""Just-world hypothesis"", ""confidence"": 0.3223}]",Refuted,
tracer_test_14859,"“As California attorney general, (Kamala Harris) redefined child sex trafficking, assault with a deadly weapon, and rape of an unconscious person as a totally nonviolent crime.”",2024-10-27,,tracer,Refuted,"[{""bias"": ""curse of knowledge"", ""confidence"": 0.3262}]",Refuted,
tracer_test_14860,Republican Senate candidate Sam Brown “wants to cut Medicaid and Social Security.”,2024-10-28,,tracer,Half-True,,Misleading,
tracer_test_14861,Video shows a ‘Democratic operative’ making credible allegations of fraud during the 2020 presidential election in Georgia.,2024-10-28,,tracer,Refuted,,Refuted,
tracer_test_14862,Former President Donald Trump would “force states to monitor women's pregnancies.”,2024-10-29,,tracer,Refuted,,Refuted,
tracer_test_14863,"In Lancaster, Pa., “We caught them with 2,600 votes. We caught them cold, 2,600 votes. ... And every vote was written by the same person.""",2024-10-29,,tracer,Refuted,"[{""bias"": ""hindsight bias"", ""confidence"": 0.6068}]",Refuted,
tracer_test_14864,“The lady who leaked passwords for voting systems in Colorado is the same person who tried to remove Trump from the ballot.”,2024-10-30,,tracer,Refuted,"[{""bias"": ""Just-world hypothesis"", ""confidence"": 0.3786}]",Refuted,
tracer_test_14865,“It’s now been confirmed by Dominion that their voting machines have a programming issue that will affect vote counts.”,2024-10-30,,tracer,Refuted,"[{""bias"": ""Just-world hypothesis"", ""confidence"": 0.814}]",Refuted,
tracer_test_14866,"Data shows some voters cast multiple votes, meaning ""at least 164,568 illegal votes have been cast” in Michigan.",2024-10-30,,tracer,Refuted,"[{""bias"": ""Just-world hypothesis"", ""confidence"": 0.3604}]",Refuted,
tracer_test_14867,"Video shows “ballot mule in Northampton County, Pennsylvania, (dropping) off a large amount of ballots.”",2024-10-30,,tracer,Refuted,,Refuted,
tracer_test_14868,“I never mentioned” wanting to end the Affordable Care Act.,2024-10-31,,tracer,Refuted,,Refuted,
tracer_test_14869,Video shows “voting machines in Kentucky are not allowing voters to select” Donald Trump for president.,2024-10-31,,tracer,Refuted,"[{""bias"": ""Just-world hypothesis"", ""confidence"": 0.3284}]",Refuted,
tracer_test_14870,"""The Pentagon reportedly failed to send absentee ballots to active military service members before the election.”",2024-11-03,,tracer,Refuted,"[{""bias"": ""Just-world hypothesis"", ""confidence"": 0.5373}]",Misleading,
tracer_test_14871,"If a ballot has a small dot in the box for Vice President Kamala Harris, “any other box filled in, will be void.”",2024-11-03,,tracer,Refuted,,Refuted,
tracer_test_14872,"“In Nevada, the GOP is succeeding in throwing out the votes of thousands of young people.”",2024-11-05,,tracer,Refuted,,Misleading,
tracer_test_14873,“Paper ballots and hand counting never breaks down.”,2024-11-05,,tracer,Refuted,"[{""bias"": ""curse of knowledge"", ""confidence"": 0.5057}]",Refuted,
tracer_test_14874,"Vans filled with 50,000 ballots show up in Philadelphia during live MSNBC report.",2024-11-05,,tracer,Refuted,"[{""bias"": ""curse of knowledge"", ""confidence"": 0.3451}]",Refuted,
tracer_test_14875,“CCTV captures the moment a Trump voter in (Wisconsin) is assaulted by two Kamala Harris thugs at a voting station.”,2024-11-05,,tracer,Refuted,,Refuted,
tracer_test_14876,"“Every single county in America, every single county, Kamala Harris did worse than Joe Biden did.”",2024-11-06,,tracer,Refuted,,Refuted,
tracer_test_14877,“Abortion is never medically necessary in the last trimester. Literally never. They just do a C-section.”,2024-11-06,,tracer,Refuted,"[{""bias"": ""curse of knowledge"", ""confidence"": 0.33}]",Refuted,
tracer_test_14878,President-elect Donald Trump “has been to Epstein’s island”,2024-11-06,,tracer,Refuted,"[{""bias"": ""curse of knowledge"", ""confidence"": 0.4116}]",Refuted,
tracer_test_14879,20 million Democratic votes “disappeared” in 2024.,2024-11-06,,tracer,Refuted,"[{""bias"": ""Availability heuristic"", ""confidence"": 0.5214}]",Refuted,
tracer_test_14880,“I think they found a way to target Democratic districts and send millions of votes into a black hole. The numbers aren't adding up.”,2024-11-06,,tracer,Refuted,,Refuted,
tracer_test_14881,The 2024 election results show that Joe Biden’s 80 million votes in 2020 were a “lie.”,2024-11-06,,tracer,Refuted,,Refuted,
tracer_test_14882,“Something stinks” that Donald Trump won in several battleground states while Democrats won Senate or governor races in those states.,2024-11-07,,tracer,Refuted,"[{""bias"": ""Availability heuristic"", ""confidence"": 0.5716}]",Misleading,
tracer_test_14883,"""BREAKING: Zillow CEO just said on CNBC Trump's deportation plan will help with housing affordability.”",2024-11-08,,tracer,Refuted,,Refuted,
tracer_test_14884,“Fewer people came in under President Biden than came under Donald Trump.”,2024-11-09,,tracer,Refuted,"[{""bias"": ""hindsight bias"", ""confidence"": 0.3316}]",Misleading,
tracer_test_14885,"""Arizona officials caught changing ballots, have been arrested.”",2024-11-09,,tracer,Refuted,"[{""bias"": ""Just-world hypothesis"", ""confidence"": 0.4116}]",Refuted,
tracer_test_14886,Inflation-adjusted weekly wages “are lower today than they were 50 years ago.”,2024-11-10,,tracer,Refuted,,Misleading,
tracer_test_14887,Elon Musk’s Starlink technology manipulated votes in the 2024 election to benefit Donald Trump.,2024-11-10,,tracer,Refuted,"[{""bias"": ""curse of knowledge"", ""confidence"": 0.3846}]",Refuted,
tracer_test_14888,"“Every state that does not require voter ID, Kamala won.”",2024-11-11,,tracer,Refuted,"[{""bias"": ""curse of knowledge"", ""confidence"": 0.3407}]",Refuted,
tracer_test_14889,A “ballot dump” around 4 a.m. in Milwaukee shows the Wisconsin Senate election was stolen from the Republican candidate.,2024-11-11,,tracer,Refuted,"[{""bias"": ""curse of knowledge"", ""confidence"": 0.5531}]",Refuted,
tracer_test_14890,"“Red Cross is set to close shelters across North Carolina on Nov. 15. Families staying in these shelters are being told: ‘If you don’t have a safe place to take your children, you won’t be leaving with them.’”",2024-11-12,,tracer,Refuted,"[{""bias"": ""Normalcy bias"", ""confidence"": 0.3441}]",Supported,
tracer_test_14891,Says the election results are suspicious because opponent U.S. Sen. Baldwin won “nearly 90%” of absentee ballots in Milwaukee.,2024-11-12,,tracer,Refuted,,Misleading,
tracer_test_14892,"Says Sen. Bob Casey, D-Pa., “is trying to change the outcome of the election by counting NON-CITIZEN votes.”",2024-11-13,,tracer,Refuted,"[{""bias"": ""curse of knowledge"", ""confidence"": 0.5038}]",Refuted,
tracer_test_14893,"Nissan just announced 9,000 layoffs in Tennessee “to avoid severe losses due to expected tariffs.”",2024-11-13,,tracer,Refuted,,Refuted,
tracer_test_14894,“There's never been a placebo-controlled study on childhood vaccines.”,2024-11-17,,tracer,Refuted,,Refuted,
tracer_test_14895,"""Ballot dumps"" in Pennsylvania, California, North Carolina, Alaska and Wisconsin show election officials are improperly “flipping"" down-ballot seats for Democrats.",2024-11-18,,tracer,Refuted,"[{""bias"": ""curse of knowledge"", ""confidence"": 0.3289}]",Refuted,
tracer_test_14896,"We’ve created 732,000 jobs since I've been governor.",2024-11-19,,tracer,Half-True,,Supported,
tracer_test_14897,"“The U.S Senate accidentally passed a bill banning Trump from becoming President, and Biden is planning to sign it.”",2024-11-19,,tracer,Refuted,,Refuted,
tracer_test_14898,FEMA delivered “only four” temporary housing units to Helene victims in North Carolina as of Nov. 20.,2024-11-20,,tracer,Half-True,,Refuted,
tracer_test_14899,“Rachel Maddow MELTS DOWN over Elon Musk posting memes about buying MSNBC.”,2024-11-24,,tracer,Refuted,,Misleading,
tracer_test_14900,"""Half of all Ukrainian aid was laundered and sent back to Democrat candidates for re-election.""",2024-11-25,,tracer,Refuted,,Refuted,
tracer_test_14901,“Elon Musk said he might run for governor of California.”,2024-11-26,,tracer,Refuted,,Supported,
tracer_test_14902,"""The famed ship at the bottom of the North Atlantic is actually not The Titanic. It is her near-identical sister ship The Olympic.""",2024-11-29,,tracer,Refuted,,Refuted,
tracer_test_14903,"“The Universities of Wisconsin are 43rd out of 50 states in the nation, in terms of public support for our universities. The $855 million (budget request) gets us up to average.”",2024-12-01,,tracer,Supported,"[{""bias"": ""curse of knowledge"", ""confidence"": 0.3103}]",Misleading,
tracer_test_14904,"“Trump won 18-to-24-year-olds in Wisconsin.""",2024-12-01,,tracer,Half-True,,Refuted,
tracer_test_14905,“New $40K AIDS cure is nearly 100% effective and requires two shots yearly.”,2024-12-02,,tracer,Refuted,,Misleading,
tracer_test_14906,"""President Trump has announced a plan to prosecute the Biden administration for the 325,000 kids that went ‘missing’ into human trafficking & sex slavery during their open border policies.”",2024-12-02,,tracer,Refuted,,Refuted,
tracer_test_14907,North Carolina Republicans “took money out of western North Carolina” with Hurricane Helene relief bill.,2024-12-03,,tracer,Half-True,"[{""bias"": ""Whole only effect"", ""confidence"": 0.5734}]",Misleading,
tracer_test_14908,"Mitchell County, North Carolina, sheriff’s deputies “stole” generators intended for Hurricane Helene victims.",2024-12-04,,tracer,Refuted,"[{""bias"": ""Just-world hypothesis"", ""confidence"": 0.4493}]",Refuted,
tracer_test_14909,"""The city of… is being warned to be alert & vigilant as there is a serial killer on the run,”  Robert Thibodeau.",2024-12-04,,tracer,Refuted,"[{""bias"": ""Normalcy bias"", ""confidence"": 0.4785}]",Supported,
tracer_test_14910,"“After meeting with Elon Musk, Republican leader Sen. John Thune announces plans to cut Social Security.”",2024-12-05,,tracer,Refuted,"[{""bias"": ""curse of knowledge"", ""confidence"": 0.667}]",Refuted,
tracer_test_14911,About 1% of federal employees are “actually working in the office.”,2024-12-05,,tracer,Refuted,"[{""bias"": ""Availability heuristic"", ""confidence"": 0.3105}]",Refuted,
tracer_test_14912,The 14th Amendment “has never been challenged at SCOTUS.”,2024-12-08,,tracer,Refuted,,Refuted,
tracer_test_14913,President-elect Donald Trump’s “plan to end birthright citizenship would mean (four) of his children wouldn't be considered US citizens.”,2024-12-08,,tracer,Refuted,,Misleading,
tracer_test_14914,"Drones reported in the U.S., including around the U.S. Capitol, have directed-energy weapons that have a “space-based laser generating system that can create pestilence.”",2024-12-09,,tracer,Refuted,"[{""bias"": ""curse of knowledge"", ""confidence"": 0.7094}]",Refuted,
tracer_test_14915,“A $7.20 an hour McDonalds employee … now gets a cool 1/2 million dollar reward” for helping police find the suspected UnitedHealthcare CEO shooter.,2024-12-09,,tracer,Refuted,,Misleading,
tracer_test_14916,“Dr. Assad will return to ophthalmology after being deposed as president of Syria and plans to set up an eye clinic in Russia.”,2024-12-10,,tracer,Refuted,"[{""bias"": ""curse of knowledge"", ""confidence"": 0.4575}]",Refuted,
tracer_test_14917,Photos show mysterious drones reported flying over parts of New Jersey in November and December 2024.,2024-12-11,,tracer,Refuted,"[{""bias"": ""Availability heuristic"", ""confidence"": 0.8357}]",Refuted,
tracer_test_14918,New Jersey drones are searching for missing radioactive material.,2024-12-16,,tracer,Refuted,,Supported,
tracer_test_14919,Government shutdowns in 2013 and 2018 “cost our economy billions of dollars each.”,2024-12-18,,tracer,Supported,"[{""bias"": ""Availability heuristic"", ""confidence"": 0.5331}]",Misleading,
tracer_test_14920,"Spending plan to prevent a government shutdown includes “a pay increase for members of Congress from $174,000 to $243,000 per year.”",2024-12-18,,tracer,Refuted,"[{""bias"": ""Planning Fallacy"", ""confidence"": 0.3362}]",Refuted,
tracer_test_14921,“The subway burning victim's name was Amelia Carter.”,2024-12-23,,tracer,Refuted,,Refuted,
tracer_test_14922,"“After 30 years of Wisconsin’s checking account running a deficit, we've ended every fiscal year I've been governor with a positive balance. Today, we have a $4.5 billion positive balance, and a record-high balance in our state savings account.""",2024-12-28,,tracer,Half-True,"[{""bias"": ""hindsight bias"", ""confidence"": 0.5553}]",Misleading,
tracer_test_14923,"H-1B guest workers are “being employed as dog trainers, massage therapists, cooks, and English teachers.”",2025-01-02,,tracer,Refuted,"[{""bias"": ""curse of knowledge"", ""confidence"": 0.4749}]",Misleading,
tracer_test_14924,China has “a mystery disease outbreak” and has declared a “state of emergency.”,2025-01-03,,tracer,Refuted,,Refuted,
tracer_test_14925,"“BREAKING: A second attack in New Orleans has been uncovered, police are searching.”",2025-01-04,,tracer,Refuted,"[{""bias"": ""Just-world hypothesis"", ""confidence"": 0.4093}]",Refuted,
tracer_test_14926,Buncombe County “is still demanding property taxes on homes destroyed by Hurricane Helene based on pre-Helene assessments that no longer apply.”,2025-01-06,,tracer,Half-True,,Misleading,
tracer_test_14927,California wildfires “are a deliberate criminal land grab in preparation for Agenda 2030 and smart cities.”,2025-01-07,,tracer,Refuted,,Refuted,
tracer_test_14928,“They’re still counting the (2024 election) vote in some areas.”,2025-01-07,,tracer,Refuted,,Refuted,
tracer_test_14929,Wisconsin makes it more difficult for its citizens to vote than almost any state in the nation.,2025-01-08,,tracer,Supported,,Misleading,
tracer_test_14930,"Voter ID ""is supported, if you look at any poll, by 70 to 80% of the public.""",2025-01-08,,tracer,Supported,"[{""bias"": ""curse of knowledge"", ""confidence"": 0.3576}]",Misleading,
tracer_test_14931,"“One billionaire couple owns almost all the water in California.""",2025-01-08,,tracer,Refuted,,Refuted,
tracer_test_14932,“Blue items that survive” California wildfires are “indicative of DEW's (Directed Energy Weapons).”,2025-01-08,,tracer,Refuted,"[{""bias"": ""curse of knowledge"", ""confidence"": 0.5937}]",Refuted,
tracer_test_14933,"“So (Los Angeles), Hollywood, and California (get) 100% aid for the next 180 days while Western North Carolina got $750.”",2025-01-10,,tracer,Refuted,"[{""bias"": ""Outcome bias"", ""confidence"": 0.377}]",Refuted,
tracer_test_14934,“P Diddy’s California mansion has been completely consumed by fire.”,2025-01-10,,tracer,Refuted,"[{""bias"": ""Just-world hypothesis"", ""confidence"": 0.6191}]",Refuted,
tracer_test_14935,Video claims to show the Los Angeles fires.,2025-01-11,,tracer,Refuted,"[{""bias"": ""Availability heuristic"", ""confidence"": 0.4737}]",Refuted,
tracer_test_14936,"“​​Oregon sent 60 fire trucks to California to help with the fires, but they’re being held in Sacramento for emissions testing.”",2025-01-11,,tracer,Refuted,"[{""bias"": ""curse of knowledge"", ""confidence"": 0.4351}]",Misleading,
tracer_test_14937,"“Some of these (California) reservoirs have been dry for 15, 20 years.""",2025-01-12,,tracer,Refuted,"[{""bias"": ""hindsight bias"", ""confidence"": 0.3713}]",Misleading,
tracer_test_14938,California wildfires have “nothing to do with climate change.”,2025-01-13,,tracer,Refuted,,Refuted,
tracer_test_14939,“The Equal Rights Amendment has become part of our Constitution.”,2025-01-17,,tracer,Refuted,"[{""bias"": ""curse of knowledge"", ""confidence"": 0.4965}]",Refuted,
tracer_test_14940,"“After the referendum, Milwaukee Public Schools has a larger tax levy than the City of Milwaukee.”",2025-01-19,,tracer,Supported,,Refuted,
tracer_test_14941,"""Our nation’s tallest mountain … has been called Denali for thousands of years.""",2025-01-20,,tracer,Half-True,,,Failed to get valid prediction
tracer_test_14942,Second lady Usha Vance “will have her citizenship revoked if (President Donald) Trump signs his executive order banning birthright citizenship.”,2025-01-20,,tracer,Refuted,,Refuted,
tracer_test_14943,The United States is the only country with unrestricted birthright citizenship.,2025-01-20,,tracer,Refuted,,Refuted,
tracer_test_14944,"“Under Trump's executive order, every single person in America is now legally classified as female.”",2025-01-21,,tracer,Refuted,"[{""bias"": ""curse of knowledge"", ""confidence"": 0.4577}]",Refuted,
tracer_test_14945,“The removal of birthright citizenship only applies to the children of those that are here ILLEGALLY.”,2025-01-21,,tracer,Refuted,,Misleading,
tracer_test_14946,"President Donald Trump signed an executive order to replace the IRS with the External Revenue Service, eliminating tax returns and income tax.",2025-01-22,,tracer,Refuted,"[{""bias"": ""curse of knowledge"", ""confidence"": 0.5574}]",Refuted,
tracer_test_14947,“The U.S. Senate has the votes to remove Trump from office if the House votes to impeach.”,2025-01-22,,tracer,Refuted,,Refuted,
tracer_test_14948,"The U.S. House Select Committee that investigated the Jan. 6, 2021, attack on the U.S. Capitol “deleted and destroyed all of the information that they collected over two years.”",2025-01-22,,tracer,Refuted,"[{""bias"": ""Just-world hypothesis"", ""confidence"": 0.3399}]",Refuted,
tracer_test_14949,"President Donald Trump ""just reversed all the cost caps Biden negotiated for anyone on Medicare or Medicaid.""",2025-01-23,,tracer,Refuted,"[{""bias"": ""curse of knowledge"", ""confidence"": 0.3143}]",Refuted,
tracer_test_14950,"""The Biden administration kicked 2,000 displaced North Carolinians out of their temporary housing into freezing 20-degree weather,"" earlier in January.",2025-01-24,,tracer,Refuted,,Refuted,
tracer_test_14951,We’re one of the very few nations that allowed birthright citizenship.”,2025-01-26,,tracer,Half-True,"[{""bias"": ""curse of knowledge"", ""confidence"": 0.3004}]",Misleading,
tracer_test_14952,"“As a Californian, we have given more to the recovery of other states than any other state in the union.”",2025-01-26,,tracer,Half-True,,Misleading,
tracer_test_14953,The words “help” and “trafico” in a Google Maps aerial view of Los Angeles are connected to human trafficking.,2025-01-26,,tracer,Refuted,,Refuted,
tracer_test_14954,The U.S. has an egg shortage because the “Biden administration and the Department of Agriculture directed the mass killing of more than 100 million chickens.”,2025-01-28,,tracer,Half-True,"[{""bias"": ""Just-world hypothesis"", ""confidence"": 0.4151}]",Refuted,
tracer_test_14955,Florida’s in-state college tuition waiver for immigrants in the country illegally costs the state $41 million.,2025-01-28,,tracer,Refuted,,Misleading,
tracer_test_14956,“DOGE and OMB also found that there was about to be $50 million taxpayer dollars that went out the door to fund condoms in Gaza.”,2025-01-28,,tracer,Refuted,"[{""bias"": ""hindsight bias"", ""confidence"": 0.4039}]",Refuted,
tracer_test_14957,Robert F. Kennedy Jr. “made $2.5 million off suing one of the entities that (he would be regulating) and plans to keep getting a take of every lawsuit in the future.”,2025-01-29,,tracer,Half-True,,Misleading,
tracer_test_14958,Early reports of four survivors show “this DC plane crash story isn’t adding up.”,2025-01-30,,tracer,Refuted,"[{""bias"": ""Availability heuristic"", ""confidence"": 0.4393}]",Misleading,
tracer_test_14959,"The National Human Trafficking Hotline “in the last four years decided that they would no longer report tips to law enforcement, that they would take a more victim-centered approach.”",2025-01-30,,tracer,Refuted,"[{""bias"": ""curse of knowledge"", ""confidence"": 0.8432}]",Refuted,
tracer_test_14960,“I changed the Obama policy (on hiring air traffic controllers) ... And then Biden came in and he changed it.”,2025-01-30,,tracer,Refuted,,Refuted,
tracer_test_14961,CNN reported on the Potomac River plane and helicopter crash “hours before it happened.”,2025-01-31,,tracer,Refuted,"[{""bias"": ""hindsight bias"", ""confidence"": 0.326}]",Refuted,
tracer_test_14962,"At Guantánamo Bay, “we'll have the capacity to continue to do there what we've always done. We've always had a presence of illegal immigrants there that have been detained.”",2025-02-02,,tracer,Half-True,"[{""bias"": ""curse of knowledge"", ""confidence"": 0.3011}]",Refuted,
tracer_test_14963,Ring is “alerting people about (Immigration and Customs Enforcement) raids.”,2025-02-02,,tracer,Refuted,,Supported,
tracer_test_14964,Federal websites updated with a nine-star flag that represents the Confederacy.,2025-02-02,,tracer,Refuted,,Refuted,
tracer_test_14965,"From the U.S. Agency for International Development funding, “10 to 30 cents on the dollar is what actually goes to aid.”",2025-02-02,,tracer,Refuted,,Misleading,
tracer_test_14966,Ukrainian President Volodymyr Zelenskyy “just threw the whole Ukraine money laundering operation under the bus … by stating he’s received less than half of the over $177 billion in aid sent by the United States.”,2025-02-02,,tracer,Refuted,,Misleading,
tracer_test_14967,"As head football coach at Texas Tech University, “I recruited (Patrick Mahomes) ... I’ve got to be very good friends with him.”",2025-02-03,,tracer,Refuted,"[{""bias"": ""curse of knowledge"", ""confidence"": 0.359}]",Refuted,
tracer_test_14968,"“Elon Musk officially cancelled USAID and fired all the staff. In his words, ‘we just toppled one of the biggest globalist terror organizations in history.’”",2025-02-04,,tracer,Refuted,"[{""bias"": ""curse of knowledge"", ""confidence"": 0.501}]",Refuted,
tracer_test_14969,"CBS News and “60 Minutes” “replaced” former Vice President Kamala Harris’ interview answers “with completely different, and far better, answers, taken from another part of the interview.”",2025-02-06,,tracer,Refuted,"[{""bias"": ""clustering illusion"", ""confidence"": 0.6062}]",Refuted,
tracer_test_14970,“US Debt Clock” numbers prove “DOGE has saved taxpayers $64 billion dollars in just 17 days.”,2025-02-07,,tracer,Refuted,"[{""bias"": ""hindsight bias"", ""confidence"": 0.422}]",Refuted,
tracer_test_14971,Wisconsin does not “require judges to automatically recuse just because they have done some kind of legal work in the past as a lawyer.”,2025-02-09,,tracer,Supported,,Supported,
tracer_test_14972,“FEMA sent $59M LAST WEEK to luxury hotels in New York City to house illegal migrants… That money is meant for American disaster relief.”,2025-02-10,,tracer,Refuted,"[{""bias"": ""hindsight bias"", ""confidence"": 0.3242}]",Misleading,
tracer_test_14973,"The United States is “last in education out of 40 states … but we're number one in cost per pupil.""",2025-02-10,,tracer,Refuted,,Misleading,
tracer_test_14974,"Rep. Nancy Pelosi has a $223,000 salary and a $202 million net worth. Sen. Mitch McConnell has a $200,000 salary and a $95 million net worth. Sen. Chuck Schumer has a $210,000 salary and a $75 million net worth. Sen. Elizabeth Warren has a $285,000 salary and a $67 million net worth.",2025-02-11,,tracer,Refuted,,Misleading,
tracer_test_14975,"Under the SAVE Act, “if you are a woman that has changed your name from your birth certificate, let’s say through marriage … you are no longer eligible to vote.”",2025-02-11,,tracer,Refuted,"[{""bias"": ""Omission bias"", ""confidence"": 0.6547}]",Refuted,
tracer_test_14976,"The federal workforce grew from 2.1 to 3 million under President Joe Biden, “a 46% increase since Biden took office.”",2025-02-16,,tracer,Refuted,"[{""bias"": ""hindsight bias"", ""confidence"": 0.5417}]",Misleading,
tracer_test_14977,The Chicago Cubs owner is bankrolling Brad Schimel.,2025-02-18,,tracer,Half-True,,Refuted,
tracer_test_14978,"Former President Joe Biden “fired” 14,000 Keystone XL pipeline workers “​​on day one” of his administration.",2025-02-18,,tracer,Refuted,,Refuted,
tracer_test_14979,"“I am not making this up: Republicans have introduced legislation … to increase your bank fees.""",2025-02-18,,tracer,Refuted,"[{""bias"": ""Availability heuristic"", ""confidence"": 0.3839}]",Refuted,
tracer_test_14980,Volodymyr Zelenskyy “started” the war in Ukraine with Russia.,2025-02-18,,tracer,Refuted,,Refuted,
tracer_test_14981,“90% of the (school) districts in Wisconsin already have a policy” banning cellphones during class time.,2025-02-19,,tracer,Supported,,Refuted,
tracer_test_14982,“Stacey Abrams stole $2 BILLION from taxpayers.”,2025-02-19,,tracer,Refuted,,Refuted,
tracer_test_14983,“The single biggest driver of our national debt since 2001 has been Republican tax cuts.”,2025-02-20,,tracer,Half-True,,Misleading,
tracer_test_14984,“You either have XX or XY chromosomes. Those are the options.”,2025-02-20,,tracer,Refuted,,Misleading,
tracer_test_14985,President Joe Biden’s immigration policy was “a giant voter importation scam.”,2025-02-20,,tracer,Refuted,,Refuted,
tracer_test_14986,“71 out of 72 Wisconsin counties filed lawsuits against Purdue Pharma. Brad Schimel refused to join them.”,2025-02-24,,tracer,Half-True,"[{""bias"": ""Just-world hypothesis"", ""confidence"": 0.3376}]",Supported,
tracer_test_14987,"Zero votes for 2024 Democratic presidential nominee Kamala Harris in Rockland County, New York, precinct proves Elon Musk hacked 2024 presidential election.",2025-02-24,,tracer,Refuted,,Refuted,
tracer_test_14988,“We've never audited government for 100 years.”,2025-02-24,,tracer,Refuted,,Refuted,
tracer_test_14989,"""All armed services are having among the best recruiting results ever” because of Trump policies, and “it was just a few months ago where the results were exactly the opposite.”",2025-03-04,,tracer,Refuted,,Misleading,
tracer_test_14990,Elon Musk’s Department of Government Efficiency is “polling very well. It’s very popular.”,2025-03-04,,tracer,Refuted,"[{""bias"": ""curse of knowledge"", ""confidence"": 0.5854}]",Misleading,
tracer_test_14991,The Trump administration identified $1.9 billion in federal dollars going to a “decarbonization of homes” group Stacey Abrams “headed up.”,2025-03-04,,tracer,Refuted,,Refuted,
tracer_test_14992,"During President Joe Biden’s four years in office, “31% of U.S. job growth” came from public-sector jobs.",2025-03-07,,tracer,Refuted,"[{""bias"": ""hindsight bias"", ""confidence"": 0.4194}, {""bias"": ""Availability heuristic"", ""confidence"": 0.3142}]",Refuted,
tracer_test_14993,“The number of full-time jobs (was) dropping almost the entire Biden administration.”,2025-03-09,,tracer,Refuted,,Refuted,
