source_dataset,source_split,source_id,claim_text,claim_text_norm,date_raw,date_norm,factcheck_label_raw,factcheck_label_norm,original_row_json,verdict,statement_originator,statement,statement_date,factchecker,factcheck_analysis_link,bias_label,bias_confidence,bias_confidence_level,bias_is_present,all_detected_biases,claim_for_merge,date_for_merge,factcheck_label_for_merge
fact5,unknown,0,"""House Republicans took numerous votes that would have damaged economic growth and harmed our national security, like attempting to eliminate over 2,000 Border Patrol agents.""","""House Republicans took numerous votes that would have damaged economic growth and harmed our national security, like attempting to eliminate over 2,000 Border Patrol agents.""",2024-01-10,2024-01-10,MOSTLY FALSE,refuted,"{""verdict"": ""MOSTLY FALSE"", ""statement_originator"": ""Deputy White House press secretary Andrew Bates"", ""statement"": ""\""House Republicans took numerous votes that would have damaged economic growth and harmed our national security, like attempting to eliminate over 2,000 Border Patrol agents.\"""", ""statement_date"": ""2024-01-10"", ""factchecker"": ""Washington Post"", ""factcheck_analysis_link"": ""https://www.washingtonpost.com/politics/2024/01/12/fact-checker-gop-border-patrol/""}",MOSTLY FALSE,Deputy White House press secretary Andrew Bates,"""House Republicans took numerous votes that would have damaged economic growth and harmed our national security, like attempting to eliminate over 2,000 Border Patrol agents.""",2024-01-10,Washington Post,https://www.washingtonpost.com/politics/2024/01/12/fact-checker-gop-border-patrol/,Omission bias,0.1102,very_low,False,[],"""House Republicans took numerous votes that would have damaged economic growth and harmed our national security, like attempting to eliminate over 2,000 Border Patrol agents.""",2024-01-10,refuted
fact5,unknown,1,"""Former U.S. President Donald Trump's margin of victory in the 2024 Republican Iowa caucuses was the smallest of any GOP candidate in history.""","""Former U.S. President Donald Trump's margin of victory in the 2024 Republican Iowa caucuses was the smallest of any GOP candidate in history.""",2024-01-15,2024-01-15,FALSE,refuted,"{""verdict"": ""FALSE"", ""statement_originator"": ""Victor Shi"", ""statement"": ""\""Former U.S. President Donald Trump's margin of victory in the 2024 Republican Iowa caucuses was the smallest of any GOP candidate in history.\"""", ""statement_date"": ""2024-01-15"", ""factchecker"": ""Snopes"", ""factcheck_analysis_link"": ""https://www.snopes.com/fact-check/donald-trump-iowa-caucus/""}",FALSE,Victor Shi,"""Former U.S. President Donald Trump's margin of victory in the 2024 Republican Iowa caucuses was the smallest of any GOP candidate in history.""",2024-01-15,Snopes,https://www.snopes.com/fact-check/donald-trump-iowa-caucus/,Availability heuristic,0.3693,low,True,"[{""bias"": ""Availability heuristic"", ""confidence"": 0.3693}, {""bias"": ""hindsight bias"", ""confidence"": 0.3415}]","""Former U.S. President Donald Trump's margin of victory in the 2024 Republican Iowa caucuses was the smallest of any GOP candidate in history.""",2024-01-15,refuted
fact5,unknown,2,"“[Nikki Haley] spent 100% of her money attacking me, and not one red cent attacking Donald Trump,” DeSantis claimed. “And I faced almost $50 million in total. I got in second and she did not.”","“[Nikki Haley] spent 100% of her money attacking me, and not one red cent attacking Donald Trump,” DeSantis claimed. “And I faced almost $50 million in total. I got in second and she did not.”",2024-01-16,2024-01-16,MOSTLY TRUE,supported,"{""verdict"": ""MOSTLY TRUE"", ""statement_originator"": ""Ron DeSantis"", ""statement"": ""“[Nikki Haley] spent 100% of her money attacking me, and not one red cent attacking Donald Trump,” DeSantis claimed. “And I faced almost $50 million in total. I got in second and she did not.”"", ""statement_date"": ""2024-01-16"", ""factchecker"": ""CNN"", ""factcheck_analysis_link"": ""https://www.cnn.com/2024/01/16/politics/fact-check-ron-desantis-town-hall-new-hampshire/index.html""}",MOSTLY TRUE,Ron DeSantis,"“[Nikki Haley] spent 100% of her money attacking me, and not one red cent attacking Donald Trump,” DeSantis claimed. “And I faced almost $50 million in total. I got in second and she did not.”",2024-01-16,CNN,https://www.cnn.com/2024/01/16/politics/fact-check-ron-desantis-town-hall-new-hampshire/index.html,Availability heuristic,0.0988,very_low,False,[],"“[Nikki Haley] spent 100% of her money attacking me, and not one red cent attacking Donald Trump,” DeSantis claimed. “And I faced almost $50 million in total. I got in second and she did not.”",2024-01-16,supported
fact5,unknown,3,"""Look, folks, you know how many billionaires we have in America today? One thousand. You know what their average rate — tax rate — federal tax rate is? Federal tax rate is 8.5 percent. Raise your hand if you’d trade your tax rate for 8.5 percent. I’m serious. Think about this. There’d be $40 billion raised if they even pay 25 percent.""","""Look, folks, you know how many billionaires we have in America today? One thousand. You know what their average rate — tax rate — federal tax rate is? Federal tax rate is 8.5 percent. Raise your hand if you’d trade your tax rate for 8.5 percent. I’m serious. Think about this. There’d be $40 billion raised if they even pay 25 percent.""",2024-01-18,2024-01-18,HALF TRUE,half true,"{""verdict"": ""HALF TRUE"", ""statement_originator"": ""Joe Biden"", ""statement"": ""\""Look, folks, you know how many billionaires we have in America today? One thousand. You know what their average rate — tax rate — federal tax rate is? Federal tax rate is 8.5 percent. Raise your hand if you’d trade your tax rate for 8.5 percent. I’m serious. Think about this. There’d be $40 billion raised if they even pay 25 percent.\"""", ""statement_date"": ""2024-01-18"", ""factchecker"": ""Washington Post"", ""factcheck_analysis_link"": ""https://www.washingtonpost.com/politics/2024/01/23/biden-keeps-saying-billionaires-pay-8-percent-taxes-not-really/""}",HALF TRUE,Joe Biden,"""Look, folks, you know how many billionaires we have in America today? One thousand. You know what their average rate — tax rate — federal tax rate is? Federal tax rate is 8.5 percent. Raise your hand if you’d trade your tax rate for 8.5 percent. I’m serious. Think about this. There’d be $40 billion raised if they even pay 25 percent.""",2024-01-18,Washington Post,https://www.washingtonpost.com/politics/2024/01/23/biden-keeps-saying-billionaires-pay-8-percent-taxes-not-really/,framing effect,0.7253,high,True,"[{""bias"": ""framing effect"", ""confidence"": 0.7253}]","""Look, folks, you know how many billionaires we have in America today? One thousand. You know what their average rate — tax rate — federal tax rate is? Federal tax rate is 8.5 percent. Raise your hand if you’d trade your tax rate for 8.5 percent. I’m serious. Think about this. There’d be $40 billion raised if they even pay 25 percent.""",2024-01-18,half true
fact5,unknown,4,"""Former U.S. President Donald Trump is the first presidential candidate to win the New Hampshire primary three times.""","""Former U.S. President Donald Trump is the first presidential candidate to win the New Hampshire primary three times.""",2024-01-23,2024-01-23,FALSE,refuted,"{""verdict"": ""FALSE"", ""statement_originator"": ""Fox News host Bret Baier"", ""statement"": ""\""Former U.S. President Donald Trump is the first presidential candidate to win the New Hampshire primary three times.\"""", ""statement_date"": ""2024-01-23"", ""factchecker"": ""Snopes"", ""factcheck_analysis_link"": ""https://www.snopes.com/fact-check/trump-new-hampshire-primary-record/""}",FALSE,Fox News host Bret Baier,"""Former U.S. President Donald Trump is the first presidential candidate to win the New Hampshire primary three times.""",2024-01-23,Snopes,https://www.snopes.com/fact-check/trump-new-hampshire-primary-record/,hindsight bias,0.1568,very_low,False,[],"""Former U.S. President Donald Trump is the first presidential candidate to win the New Hampshire primary three times.""",2024-01-23,refuted
fact5,unknown,5,"“Tens of thousands of auto jobs were lost nationwide during Trump's presidency,” but during Biden’s presidency, “we've created more than 250,000 auto jobs.”","“Tens of thousands of auto jobs were lost nationwide during Trump's presidency,” but during Biden’s presidency, “we've created more than 250,000 auto jobs.”",2024-01-24,2024-01-24,HALF TRUE,half true,"{""verdict"": ""HALF TRUE"", ""statement_originator"": ""Joe Biden"", ""statement"": ""“Tens of thousands of auto jobs were lost nationwide during Trump's presidency,” but during Biden’s presidency, “we've created more than 250,000 auto jobs.”"", ""statement_date"": ""2024-01-24"", ""factchecker"": ""PolitiFact"", ""factcheck_analysis_link"": ""https://www.PolitiFact.com/factchecks/2024/jan/29/joe-biden/fact-checking-joe-biden-on-auto-jobs-gained-and-lo/""}",HALF TRUE,Joe Biden,"“Tens of thousands of auto jobs were lost nationwide during Trump's presidency,” but during Biden’s presidency, “we've created more than 250,000 auto jobs.”",2024-01-24,PolitiFact,https://www.PolitiFact.com/factchecks/2024/jan/29/joe-biden/fact-checking-joe-biden-on-auto-jobs-gained-and-lo/,framing effect,0.2075,very_low,False,[],"“Tens of thousands of auto jobs were lost nationwide during Trump's presidency,” but during Biden’s presidency, “we've created more than 250,000 auto jobs.”",2024-01-24,half true
fact5,unknown,6,"The Obamas were ""secretly plotting"" for U.S. President Joe Biden to drop out of the 2024 election so that former first lady Michelle Obama could take his place as the Democratic Party's nominee.","The Obamas were ""secretly plotting"" for U.S. President Joe Biden to drop out of the 2024 election so that former first lady Michelle Obama could take his place as the Democratic Party's nominee.",2024-01-27,2024-01-27,UNVERIFIABLE,unverifiable,"{""verdict"": ""UNVERIFIABLE"", ""statement_originator"": ""Social Media"", ""statement"": ""The Obamas were \""secretly plotting\"" for U.S. President Joe Biden to drop out of the 2024 election so that former first lady Michelle Obama could take his place as the Democratic Party's nominee."", ""statement_date"": ""2024-01-27"", ""factchecker"": ""Snopes"", ""factcheck_analysis_link"": ""https://www.snopes.com/fact-check/biden-michelle-obama-2024/""}",UNVERIFIABLE,Social Media,"The Obamas were ""secretly plotting"" for U.S. President Joe Biden to drop out of the 2024 election so that former first lady Michelle Obama could take his place as the Democratic Party's nominee.",2024-01-27,Snopes,https://www.snopes.com/fact-check/biden-michelle-obama-2024/,curse of knowledge,0.163,very_low,False,[],"The Obamas were ""secretly plotting"" for U.S. President Joe Biden to drop out of the 2024 election so that former first lady Michelle Obama could take his place as the Democratic Party's nominee.",2024-01-27,unverifiable
fact5,unknown,7,"""The top donor to a major super PAC supporting Donald Trump for president in 2024 is also the top donor to the super PAC supporting Robert F. Kennedy Jr. for president.""","""The top donor to a major super PAC supporting Donald Trump for president in 2024 is also the top donor to the super PAC supporting Robert F. Kennedy Jr. for president.""",2024-02-01,2024-02-01,TRUE,supported,"{""verdict"": ""TRUE"", ""statement_originator"": ""one billboard paid for by the Democratic National Convention"", ""statement"": ""\""The top donor to a major super PAC supporting Donald Trump for president in 2024 is also the top donor to the super PAC supporting Robert F. Kennedy Jr. for president.\"""", ""statement_date"": ""2024-02-01"", ""factchecker"": ""Snopes"", ""factcheck_analysis_link"": ""https://www.snopes.com/fact-check/super-pacs-donor-trump-rfk/""}",TRUE,one billboard paid for by the Democratic National Convention,"""The top donor to a major super PAC supporting Donald Trump for president in 2024 is also the top donor to the super PAC supporting Robert F. Kennedy Jr. for president.""",2024-02-01,Snopes,https://www.snopes.com/fact-check/super-pacs-donor-trump-rfk/,clustering illusion,0.3878,low,True,"[{""bias"": ""clustering illusion"", ""confidence"": 0.3878}]","""The top donor to a major super PAC supporting Donald Trump for president in 2024 is also the top donor to the super PAC supporting Robert F. Kennedy Jr. for president.""",2024-02-01,supported
fact5,unknown,8,"""In February 2024, Nikki Haley lost the Nevada presidential primary to 'None of These Candidates.' ""","""In February 2024, Nikki Haley lost the Nevada presidential primary to 'None of These Candidates.' """,2024-02-07,2024-02-07,TRUE,supported,"{""verdict"": ""TRUE"", ""statement_originator"": ""X user viral post"", ""statement"": ""\""In February 2024, Nikki Haley lost the Nevada presidential primary to 'None of These Candidates.' \"""", ""statement_date"": ""2024-02-07"", ""factchecker"": ""Snopes"", ""factcheck_analysis_link"": ""https://www.snopes.com/fact-check/nevada-voters-nikki-haley/""}",TRUE,X user viral post,"""In February 2024, Nikki Haley lost the Nevada presidential primary to 'None of These Candidates.' """,2024-02-07,Snopes,https://www.snopes.com/fact-check/nevada-voters-nikki-haley/,curse of knowledge,0.2421,very_low,False,[],"""In February 2024, Nikki Haley lost the Nevada presidential primary to 'None of These Candidates.' """,2024-02-07,supported
fact5,unknown,9,“We're having the largest classes of correctional officers we've ever had before.”,“We're having the largest classes of correctional officers we've ever had before.”,2024-02-11,2024-02-11,TRUE,supported,"{""verdict"": ""TRUE"", ""statement_originator"": ""Tony Evers"", ""statement"": ""“We're having the largest classes of correctional officers we've ever had before.”"", ""statement_date"": ""2024-02-11"", ""factchecker"": ""PolitiFact"", ""factcheck_analysis_link"": ""https://www.politifact.com/factchecks/2024/mar/06/tony-evers/yes-wisconsin-correctional-officer-training-classe/""}",TRUE,Tony Evers,“We're having the largest classes of correctional officers we've ever had before.”,2024-02-11,PolitiFact,https://www.politifact.com/factchecks/2024/mar/06/tony-evers/yes-wisconsin-correctional-officer-training-classe/,curse of knowledge,0.2998,very_low,False,[],“We're having the largest classes of correctional officers we've ever had before.”,2024-02-11,supported
fact5,unknown,10,"After a 2022 law, “The vast majority of colleges in New York State do not have on-campus poll sites.”","After a 2022 law, “The vast majority of colleges in New York State do not have on-campus poll sites.”",2024-02-16,2024-02-16,MOSTLY TRUE,supported,"{""verdict"": ""MOSTLY TRUE"", ""statement_originator"": ""Jonathan Becker"", ""statement"": ""After a 2022 law, “The vast majority of colleges in New York State do not have on-campus poll sites.”"", ""statement_date"": ""2024-02-16"", ""factchecker"": ""PolitiFact"", ""factcheck_analysis_link"": ""https://www.PolitiFact.com/factchecks/2024/apr/08/jonathan-becker/do-the-vast-majority-of-colleges-in-new-york-state/""}",MOSTLY TRUE,Jonathan Becker,"After a 2022 law, “The vast majority of colleges in New York State do not have on-campus poll sites.”",2024-02-16,PolitiFact,https://www.PolitiFact.com/factchecks/2024/apr/08/jonathan-becker/do-the-vast-majority-of-colleges-in-new-york-state/,curse of knowledge,0.2105,very_low,False,[],"After a 2022 law, “The vast majority of colleges in New York State do not have on-campus poll sites.”",2024-02-16,supported
fact5,unknown,11,"""In New York, there are no barriers to law enforcement to work with the federal government on immigration laws, and there are 100 crimes where migrants can be handed over.""","""In New York, there are no barriers to law enforcement to work with the federal government on immigration laws, and there are 100 crimes where migrants can be handed over.""",2024-02-22,2024-02-22,MOSTLY FALSE,refuted,"{""verdict"": ""MOSTLY FALSE"", ""statement_originator"": ""Kathy Hochul"", ""statement"": ""\""In New York, there are no barriers to law enforcement to work with the federal government on immigration laws, and there are 100 crimes where migrants can be handed over.\"""", ""statement_date"": ""2024-02-22"", ""factchecker"": ""PolitiFact"", ""factcheck_analysis_link"": ""https://www.PolitiFact.com/factchecks/2024/mar/29/kathy-hochul/patchwork-of-laws-and-edicts-limit-cooperation-bet/""}",MOSTLY FALSE,Kathy Hochul,"""In New York, there are no barriers to law enforcement to work with the federal government on immigration laws, and there are 100 crimes where migrants can be handed over.""",2024-02-22,PolitiFact,https://www.PolitiFact.com/factchecks/2024/mar/29/kathy-hochul/patchwork-of-laws-and-edicts-limit-cooperation-bet/,curse of knowledge,0.4698,low,True,"[{""bias"": ""curse of knowledge"", ""confidence"": 0.4698}]","""In New York, there are no barriers to law enforcement to work with the federal government on immigration laws, and there are 100 crimes where migrants can be handed over.""",2024-02-22,refuted
fact5,unknown,12,"""And then you wonder why we have a $2 trillion deficit. If you look at it now, it’s gotten to a level that nobody can even believe; it’s so bad under Biden.""","""And then you wonder why we have a $2 trillion deficit. If you look at it now, it’s gotten to a level that nobody can even believe; it’s so bad under Biden.""",2024-02-24,2024-02-24,FALSE,refuted,"{""verdict"": ""FALSE"", ""statement_originator"": ""Donald Trump"", ""statement"": ""\""And then you wonder why we have a $2 trillion deficit. If you look at it now, it’s gotten to a level that nobody can even believe; it’s so bad under Biden.\"""", ""statement_date"": ""2024-02-24"", ""factchecker"": ""CNN"", ""factcheck_analysis_link"": ""https://www.cnn.com/2024/02/24/politics/fact-check-trump-delivers-another-lie-filled-cpac-speech/index.html""}",FALSE,Donald Trump,"""And then you wonder why we have a $2 trillion deficit. If you look at it now, it’s gotten to a level that nobody can even believe; it’s so bad under Biden.""",2024-02-24,CNN,https://www.cnn.com/2024/02/24/politics/fact-check-trump-delivers-another-lie-filled-cpac-speech/index.html,hindsight bias,0.4096,low,True,"[{""bias"": ""hindsight bias"", ""confidence"": 0.4096}]","""And then you wonder why we have a $2 trillion deficit. If you look at it now, it’s gotten to a level that nobody can even believe; it’s so bad under Biden.""",2024-02-24,refuted
fact5,unknown,13,"""And President Xi – I told him this – said, ‘All right, well, we won’t do it. We won’t do it.’ They didn’t buy. By the way, they’re buying billions and billion worth of oil right now. But China didn’t buy.""","""And President Xi – I told him this – said, ‘All right, well, we won’t do it. We won’t do it.’ They didn’t buy. By the way, they’re buying billions and billion worth of oil right now. But China didn’t buy.""",2024-02-24,2024-02-24,FALSE,refuted,"{""verdict"": ""FALSE"", ""statement_originator"": ""Donald Trump"", ""statement"": ""\""And President Xi – I told him this – said, ‘All right, well, we won’t do it. We won’t do it.’ They didn’t buy. By the way, they’re buying billions and billion worth of oil right now. But China didn’t buy.\"""", ""statement_date"": ""2024-02-24"", ""factchecker"": ""CNN"", ""factcheck_analysis_link"": ""https://www.cnn.com/2024/02/24/politics/fact-check-trump-delivers-another-lie-filled-cpac-speech/index.html""}",FALSE,Donald Trump,"""And President Xi – I told him this – said, ‘All right, well, we won’t do it. We won’t do it.’ They didn’t buy. By the way, they’re buying billions and billion worth of oil right now. But China didn’t buy.""",2024-02-24,CNN,https://www.cnn.com/2024/02/24/politics/fact-check-trump-delivers-another-lie-filled-cpac-speech/index.html,Omission bias,0.1558,very_low,False,[],"""And President Xi – I told him this – said, ‘All right, well, we won’t do it. We won’t do it.’ They didn’t buy. By the way, they’re buying billions and billion worth of oil right now. But China didn’t buy.""",2024-02-24,refuted
fact5,unknown,14,"""I ended Nord Stream” and that “I stopped it, it was over.""","""I ended Nord Stream” and that “I stopped it, it was over.""",2024-02-24,2024-02-24,FALSE,refuted,"{""verdict"": ""FALSE"", ""statement_originator"": ""Donald Trump"", ""statement"": ""\""I ended Nord Stream” and that “I stopped it, it was over.\"""", ""statement_date"": ""2024-02-24"", ""factchecker"": ""CNN"", ""factcheck_analysis_link"": ""https://www.cnn.com/2024/02/24/politics/fact-check-trump-delivers-another-lie-filled-cpac-speech/index.html""}",FALSE,Donald Trump,"""I ended Nord Stream” and that “I stopped it, it was over.""",2024-02-24,CNN,https://www.cnn.com/2024/02/24/politics/fact-check-trump-delivers-another-lie-filled-cpac-speech/index.html,hindsight bias,0.3046,low,True,"[{""bias"": ""hindsight bias"", ""confidence"": 0.3046}]","""I ended Nord Stream” and that “I stopped it, it was over.""",2024-02-24,refuted
fact5,unknown,15,"""I’ll tell you what: If I didn’t bring in the National Guard – ’cause the governor didn’t want to do it, they’d never want to do it … I wish I didn’t wait six days – but if I didn’t bring in the National Guard, wouldn’t even have a city there. That city was going down,""","""I’ll tell you what: If I didn’t bring in the National Guard – ’cause the governor didn’t want to do it, they’d never want to do it … I wish I didn’t wait six days – but if I didn’t bring in the National Guard, wouldn’t even have a city there. That city was going down,""",2024-02-24,2024-02-24,FALSE,refuted,"{""verdict"": ""FALSE"", ""statement_originator"": ""Donald Trump"", ""statement"": ""\""I’ll tell you what: If I didn’t bring in the National Guard – ’cause the governor didn’t want to do it, they’d never want to do it … I wish I didn’t wait six days – but if I didn’t bring in the National Guard, wouldn’t even have a city there. That city was going down,\"""", ""statement_date"": ""2024-02-24"", ""factchecker"": ""CNN"", ""factcheck_analysis_link"": ""https://www.cnn.com/2024/02/24/politics/fact-check-trump-delivers-another-lie-filled-cpac-speech/index.html""}",FALSE,Donald Trump,"""I’ll tell you what: If I didn’t bring in the National Guard – ’cause the governor didn’t want to do it, they’d never want to do it … I wish I didn’t wait six days – but if I didn’t bring in the National Guard, wouldn’t even have a city there. That city was going down,""",2024-02-24,CNN,https://www.cnn.com/2024/02/24/politics/fact-check-trump-delivers-another-lie-filled-cpac-speech/index.html,Time-saving bias,0.2097,very_low,False,[],"""I’ll tell you what: If I didn’t bring in the National Guard – ’cause the governor didn’t want to do it, they’d never want to do it … I wish I didn’t wait six days – but if I didn’t bring in the National Guard, wouldn’t even have a city there. That city was going down,""",2024-02-24,refuted
fact5,unknown,16,"""Remember I used to say a long time ago, ‘Don’t go into Iraq. Don’t do it!’ But I was only a civilian, so I didn’t get that much press. I said, ‘Don’t go into Iraq, but if you’re going to do it, keep the oil.’ Do you remember I used to say that all the time? Keep the oil. ‘Don’t do it, but keep the oil""","""Remember I used to say a long time ago, ‘Don’t go into Iraq. Don’t do it!’ But I was only a civilian, so I didn’t get that much press. I said, ‘Don’t go into Iraq, but if you’re going to do it, keep the oil.’ Do you remember I used to say that all the time? Keep the oil. ‘Don’t do it, but keep the oil""",2024-02-24,2024-02-24,FALSE,refuted,"{""verdict"": ""FALSE"", ""statement_originator"": ""Donald Trump"", ""statement"": ""\""Remember I used to say a long time ago, ‘Don’t go into Iraq. Don’t do it!’ But I was only a civilian, so I didn’t get that much press. I said, ‘Don’t go into Iraq, but if you’re going to do it, keep the oil.’ Do you remember I used to say that all the time? Keep the oil. ‘Don’t do it, but keep the oil\"""", ""statement_date"": ""2024-02-24"", ""factchecker"": ""CNN"", ""factcheck_analysis_link"": ""https://www.cnn.com/2024/02/24/politics/fact-check-trump-delivers-another-lie-filled-cpac-speech/index.html""}",FALSE,Donald Trump,"""Remember I used to say a long time ago, ‘Don’t go into Iraq. Don’t do it!’ But I was only a civilian, so I didn’t get that much press. I said, ‘Don’t go into Iraq, but if you’re going to do it, keep the oil.’ Do you remember I used to say that all the time? Keep the oil. ‘Don’t do it, but keep the oil""",2024-02-24,CNN,https://www.cnn.com/2024/02/24/politics/fact-check-trump-delivers-another-lie-filled-cpac-speech/index.html,Neglect of probability,0.0989,very_low,False,[],"""Remember I used to say a long time ago, ‘Don’t go into Iraq. Don’t do it!’ But I was only a civilian, so I didn’t get that much press. I said, ‘Don’t go into Iraq, but if you’re going to do it, keep the oil.’ Do you remember I used to say that all the time? Keep the oil. ‘Don’t do it, but keep the oil""",2024-02-24,refuted
fact5,unknown,17,“We built 571 miles of border wall.”,“We built 571 miles of border wall.”,2024-02-24,2024-02-24,FALSE,refuted,"{""verdict"": ""FALSE"", ""statement_originator"": ""Donald Trump"", ""statement"": ""“We built 571 miles of border wall.”"", ""statement_date"": ""2024-02-24"", ""factchecker"": ""CNN"", ""factcheck_analysis_link"": ""https://www.cnn.com/2024/02/24/politics/fact-check-trump-delivers-another-lie-filled-cpac-speech/index.html""}",FALSE,Donald Trump,“We built 571 miles of border wall.”,2024-02-24,CNN,https://www.cnn.com/2024/02/24/politics/fact-check-trump-delivers-another-lie-filled-cpac-speech/index.html,hindsight bias,0.2391,very_low,False,[],“We built 571 miles of border wall.”,2024-02-24,refuted
fact5,unknown,18,The Great Lakes account for “over 20% of the world’s freshwater and over 80% of North America’s freshwater.”,The Great Lakes account for “over 20% of the world’s freshwater and over 80% of North America’s freshwater.”,2024-03-02,2024-03-02,TRUE,supported,"{""verdict"": ""TRUE"", ""statement_originator"": ""Patrick Burke"", ""statement"": ""The Great Lakes account for “over 20% of the world’s freshwater and over 80% of North America’s freshwater.”"", ""statement_date"": ""2024-03-02"", ""factchecker"": ""PolitiFact"", ""factcheck_analysis_link"": ""https://www.politifact.com/factchecks/2024/mar/20/patrick-burke/do-the-great-lakes-account-for-over-20-of-the-worl/""}",TRUE,Patrick Burke,The Great Lakes account for “over 20% of the world’s freshwater and over 80% of North America’s freshwater.”,2024-03-02,PolitiFact,https://www.politifact.com/factchecks/2024/mar/20/patrick-burke/do-the-great-lakes-account-for-over-20-of-the-worl/,Availability heuristic,0.3704,low,True,"[{""bias"": ""Availability heuristic"", ""confidence"": 0.3704}]",The Great Lakes account for “over 20% of the world’s freshwater and over 80% of North America’s freshwater.”,2024-03-02,supported
fact5,unknown,19,"“When it comes to how many votes (President) Joe Biden won, it was literally less than a few votes per ward.”","“When it comes to how many votes (President) Joe Biden won, it was literally less than a few votes per ward.”",2024-03-03,2024-03-03,TRUE,supported,"{""verdict"": ""TRUE"", ""statement_originator"": ""Sarah Godlewski"", ""statement"": ""“When it comes to how many votes (President) Joe Biden won, it was literally less than a few votes per ward.”"", ""statement_date"": ""2024-03-03"", ""factchecker"": ""PolitiFact"", ""factcheck_analysis_link"": ""https://www.politifact.com/factchecks/2024/mar/28/sarah-godlewski/did-the-2020-presidential-election-in-wisconsin-re/""}",TRUE,Sarah Godlewski,"“When it comes to how many votes (President) Joe Biden won, it was literally less than a few votes per ward.”",2024-03-03,PolitiFact,https://www.politifact.com/factchecks/2024/mar/28/sarah-godlewski/did-the-2020-presidential-election-in-wisconsin-re/,hindsight bias,0.6194,medium,True,"[{""bias"": ""hindsight bias"", ""confidence"": 0.6194}]","“When it comes to how many votes (President) Joe Biden won, it was literally less than a few votes per ward.”",2024-03-03,supported
fact5,unknown,20,"""We’ve had 12 elections in 24 years in Wisconsin that have been decided by less than 30,000 votes.”","""We’ve had 12 elections in 24 years in Wisconsin that have been decided by less than 30,000 votes.”",2024-03-06,2024-03-06,TRUE,supported,"{""verdict"": ""TRUE"", ""statement_originator"": ""Brian Schimmings"", ""statement"": ""\""We’ve had 12 elections in 24 years in Wisconsin that have been decided by less than 30,000 votes.”"", ""statement_date"": ""2024-03-06"", ""factchecker"": ""PolitiFact"", ""factcheck_analysis_link"": ""https://www.PolitiFact.com/factchecks/2024/apr/05/brian-schimming/has-wisconsin-really-had-12-elections-since-2000-d/""}",TRUE,Brian Schimmings,"""We’ve had 12 elections in 24 years in Wisconsin that have been decided by less than 30,000 votes.”",2024-03-06,PolitiFact,https://www.PolitiFact.com/factchecks/2024/apr/05/brian-schimming/has-wisconsin-really-had-12-elections-since-2000-d/,hindsight bias,0.5882,medium,True,"[{""bias"": ""hindsight bias"", ""confidence"": 0.5882}]","""We’ve had 12 elections in 24 years in Wisconsin that have been decided by less than 30,000 votes.”",2024-03-06,supported
fact5,unknown,21,“We’re facing situations these days where you have to have two officers in the evidence room in case there’s an accidental (fentanyl) exposure.”,“We’re facing situations these days where you have to have two officers in the evidence room in case there’s an accidental (fentanyl) exposure.”,2024-03-07,2024-03-07,TRUE,supported,"{""verdict"": ""TRUE"", ""statement_originator"": ""Tammy Baldwin"", ""statement"": ""“We’re facing situations these days where you have to have two officers in the evidence room in case there’s an accidental (fentanyl) exposure.”"", ""statement_date"": ""2024-03-07"", ""factchecker"": ""PolitiFact"", ""factcheck_analysis_link"": ""https://www.politifact.com/factchecks/2024/mar/29/tammy-baldwin/yes-many-wisconsin-police-agencies-have-two-office/""}",TRUE,Tammy Baldwin,“We’re facing situations these days where you have to have two officers in the evidence room in case there’s an accidental (fentanyl) exposure.”,2024-03-07,PolitiFact,https://www.politifact.com/factchecks/2024/mar/29/tammy-baldwin/yes-many-wisconsin-police-agencies-have-two-office/,curse of knowledge,0.363,low,True,"[{""bias"": ""curse of knowledge"", ""confidence"": 0.363}]",“We’re facing situations these days where you have to have two officers in the evidence room in case there’s an accidental (fentanyl) exposure.”,2024-03-07,supported
fact5,unknown,22,"""We know that President Biden didn’t just create this border crisis. He invited it with 94 executive actions in his first 100 days. When I took office, I took a different approach. I traveled to the Del Rio sector of Texas. That’s where I spoke to a woman who shared her story with me. She had been sex trafficked by the cartels starting at the age of 12. She told me not just that she was raped every day, but how many times a day she was raped. The cartels put her on a mattress in a shoe box of a room, and they sent men through that door over and over again for hours and hours on end. We wouldn’t be okay with this happening in a Third World country. This is the United States of America, and it is past time, in my opinion, that we start acting like it. President Biden’s border policies are a disgrace.""","""We know that President Biden didn’t just create this border crisis. He invited it with 94 executive actions in his first 100 days. When I took office, I took a different approach. I traveled to the Del Rio sector of Texas. That’s where I spoke to a woman who shared her story with me. She had been sex trafficked by the cartels starting at the age of 12. She told me not just that she was raped every day, but how many times a day she was raped. The cartels put her on a mattress in a shoe box of a room, and they sent men through that door over and over again for hours and hours on end. We wouldn’t be okay with this happening in a Third World country. This is the United States of America, and it is past time, in my opinion, that we start acting like it. President Biden’s border policies are a disgrace.""",2024-03-07,2024-03-07,FALSE,refuted,"{""verdict"": ""FALSE"", ""statement_originator"": ""Katie Britt"", ""statement"": ""\""We know that President Biden didn’t just create this border crisis. He invited it with 94 executive actions in his first 100 days. When I took office, I took a different approach. I traveled to the Del Rio sector of Texas. That’s where I spoke to a woman who shared her story with me. She had been sex trafficked by the cartels starting at the age of 12. She told me not just that she was raped every day, but how many times a day she was raped. The cartels put her on a mattress in a shoe box of a room, and they sent men through that door over and over again for hours and hours on end. We wouldn’t be okay with this happening in a Third World country. This is the United States of America, and it is past time, in my opinion, that we start acting like it. President Biden’s border policies are a disgrace.\"""", ""statement_date"": ""2024-03-07"", ""factchecker"": ""Washington Post"", ""factcheck_analysis_link"": ""https://archive.is/DOs5y#selection-741.0-741.810""}",FALSE,Katie Britt,"""We know that President Biden didn’t just create this border crisis. He invited it with 94 executive actions in his first 100 days. When I took office, I took a different approach. I traveled to the Del Rio sector of Texas. That’s where I spoke to a woman who shared her story with me. She had been sex trafficked by the cartels starting at the age of 12. She told me not just that she was raped every day, but how many times a day she was raped. The cartels put her on a mattress in a shoe box of a room, and they sent men through that door over and over again for hours and hours on end. We wouldn’t be okay with this happening in a Third World country. This is the United States of America, and it is past time, in my opinion, that we start acting like it. President Biden’s border policies are a disgrace.""",2024-03-07,Washington Post,https://archive.is/DOs5y#selection-741.0-741.810,Identifiable Victim Effect,0.2545,very_low,False,[],"""We know that President Biden didn’t just create this border crisis. He invited it with 94 executive actions in his first 100 days. When I took office, I took a different approach. I traveled to the Del Rio sector of Texas. That’s where I spoke to a woman who shared her story with me. She had been sex trafficked by the cartels starting at the age of 12. She told me not just that she was raped every day, but how many times a day she was raped. The cartels put her on a mattress in a shoe box of a room, and they sent men through that door over and over again for hours and hours on end. We wouldn’t be okay with this happening in a Third World country. This is the United States of America, and it is past time, in my opinion, that we start acting like it. President Biden’s border policies are a disgrace.""",2024-03-07,refuted
fact5,unknown,23,"""[The Trump Administration] added more to the national debt than any presidential term in American history. Check the numbers.”","""[The Trump Administration] added more to the national debt than any presidential term in American history. Check the numbers.”",2024-03-07,2024-03-07,HALF TRUE,half true,"{""verdict"": ""HALF TRUE"", ""statement_originator"": ""Joe Biden"", ""statement"": ""\""[The Trump Administration] added more to the national debt than any presidential term in American history. Check the numbers.”"", ""statement_date"": ""2024-03-07"", ""factchecker"": ""CNN"", ""factcheck_analysis_link"": ""https://www.cnn.com/2024/03/07/politics/fact-check-joe-biden-state-of-the-union/index.html""}",HALF TRUE,Joe Biden,"""[The Trump Administration] added more to the national debt than any presidential term in American history. Check the numbers.”",2024-03-07,CNN,https://www.cnn.com/2024/03/07/politics/fact-check-joe-biden-state-of-the-union/index.html,Availability heuristic,0.3261,low,True,"[{""bias"": ""Availability heuristic"", ""confidence"": 0.3261}]","""[The Trump Administration] added more to the national debt than any presidential term in American history. Check the numbers.”",2024-03-07,half true
fact5,unknown,24,"""Biden claimed the economy created a record 15 million jobs in the first three years of his term.""","""Biden claimed the economy created a record 15 million jobs in the first three years of his term.""",2024-03-07,2024-03-07,TRUE,supported,"{""verdict"": ""TRUE"", ""statement_originator"": ""Joe Biden"", ""statement"": ""\""Biden claimed the economy created a record 15 million jobs in the first three years of his term.\"""", ""statement_date"": ""2024-03-07"", ""factchecker"": ""CNN"", ""factcheck_analysis_link"": ""https://www.cnn.com/2024/03/07/politics/fact-check-joe-biden-state-of-the-union/index.html""}",TRUE,Joe Biden,"""Biden claimed the economy created a record 15 million jobs in the first three years of his term.""",2024-03-07,CNN,https://www.cnn.com/2024/03/07/politics/fact-check-joe-biden-state-of-the-union/index.html,hindsight bias,0.535,medium,True,"[{""bias"": ""hindsight bias"", ""confidence"": 0.535}]","""Biden claimed the economy created a record 15 million jobs in the first three years of his term.""",2024-03-07,supported
fact5,unknown,25,"“I have been delivering real results in fiscally responsible ways. We’ve already cut the federal deficit – we’ve already cut the federal deficit of over $1 trillion.""","“I have been delivering real results in fiscally responsible ways. We’ve already cut the federal deficit – we’ve already cut the federal deficit of over $1 trillion.""",2024-03-07,2024-03-07,MOSTLY TRUE,supported,"{""verdict"": ""MOSTLY TRUE"", ""statement_originator"": ""Joe Biden"", ""statement"": ""“I have been delivering real results in fiscally responsible ways. We’ve already cut the federal deficit – we’ve already cut the federal deficit of over $1 trillion.\"""", ""statement_date"": ""2024-03-07"", ""factchecker"": ""CNN"", ""factcheck_analysis_link"": ""https://www.cnn.com/2024/03/07/politics/fact-check-joe-biden-state-of-the-union/index.html""}",MOSTLY TRUE,Joe Biden,"“I have been delivering real results in fiscally responsible ways. We’ve already cut the federal deficit – we’ve already cut the federal deficit of over $1 trillion.""",2024-03-07,CNN,https://www.cnn.com/2024/03/07/politics/fact-check-joe-biden-state-of-the-union/index.html,hindsight bias,0.1171,very_low,False,[],"“I have been delivering real results in fiscally responsible ways. We’ve already cut the federal deficit – we’ve already cut the federal deficit of over $1 trillion.""",2024-03-07,supported
fact5,unknown,26,"""President Biden inherited the most secure border of all time. But minutes after taking office, he suspended all deportations.""","""President Biden inherited the most secure border of all time. But minutes after taking office, he suspended all deportations.""",2024-03-07,2024-03-07,HALF TRUE,half true,"{""verdict"": ""HALF TRUE"", ""statement_originator"": ""Katie Britt"", ""statement"": ""\""President Biden inherited the most secure border of all time. But minutes after taking office, he suspended all deportations.\"""", ""statement_date"": ""2024-03-07"", ""factchecker"": ""CNN"", ""factcheck_analysis_link"": ""https://www.cnn.com/2024/03/07/politics/fact-check-joe-biden-state-of-the-union/index.html""}",HALF TRUE,Katie Britt,"""President Biden inherited the most secure border of all time. But minutes after taking office, he suspended all deportations.""",2024-03-07,CNN,https://www.cnn.com/2024/03/07/politics/fact-check-joe-biden-state-of-the-union/index.html,Outcome bias,0.3766,low,True,"[{""bias"": ""Outcome bias"", ""confidence"": 0.3766}]","""President Biden inherited the most secure border of all time. But minutes after taking office, he suspended all deportations.""",2024-03-07,half true
fact5,unknown,27,"“Remember in 2020, 55 of the biggest companies in America made $40 billion and paid zero in federal income taxes. Zero. Not anymore. Thanks to the law I wrote and we signed, big companies have to pay a minimum of 15%.""","“Remember in 2020, 55 of the biggest companies in America made $40 billion and paid zero in federal income taxes. Zero. Not anymore. Thanks to the law I wrote and we signed, big companies have to pay a minimum of 15%.""",2024-03-07,2024-03-07,FALSE,refuted,"{""verdict"": ""FALSE"", ""statement_originator"": ""Joe Biden"", ""statement"": ""“Remember in 2020, 55 of the biggest companies in America made $40 billion and paid zero in federal income taxes. Zero. Not anymore. Thanks to the law I wrote and we signed, big companies have to pay a minimum of 15%.\"""", ""statement_date"": ""2024-03-07"", ""factchecker"": ""CNN"", ""factcheck_analysis_link"": ""https://www.cnn.com/2024/03/07/politics/fact-check-joe-biden-state-of-the-union/index.html""}",FALSE,Joe Biden,"“Remember in 2020, 55 of the biggest companies in America made $40 billion and paid zero in federal income taxes. Zero. Not anymore. Thanks to the law I wrote and we signed, big companies have to pay a minimum of 15%.""",2024-03-07,CNN,https://www.cnn.com/2024/03/07/politics/fact-check-joe-biden-state-of-the-union/index.html,Availability heuristic,0.2675,very_low,False,[],"“Remember in 2020, 55 of the biggest companies in America made $40 billion and paid zero in federal income taxes. Zero. Not anymore. Thanks to the law I wrote and we signed, big companies have to pay a minimum of 15%.""",2024-03-07,refuted
fact5,unknown,28,"""The economy has added “800,000 new manufacturing jobs” during his administration.""","""The economy has added “800,000 new manufacturing jobs” during his administration.""",2024-03-07,2024-03-07,TRUE,supported,"{""verdict"": ""TRUE"", ""statement_originator"": ""Joe Biden"", ""statement"": ""\""The economy has added “800,000 new manufacturing jobs” during his administration.\"""", ""statement_date"": ""2024-03-07"", ""factchecker"": ""CNN"", ""factcheck_analysis_link"": ""https://www.cnn.com/2024/03/07/politics/fact-check-joe-biden-state-of-the-union/index.html""}",TRUE,Joe Biden,"""The economy has added “800,000 new manufacturing jobs” during his administration.""",2024-03-07,CNN,https://www.cnn.com/2024/03/07/politics/fact-check-joe-biden-state-of-the-union/index.html,hindsight bias,0.3872,low,True,"[{""bias"": ""hindsight bias"", ""confidence"": 0.3872}]","""The economy has added “800,000 new manufacturing jobs” during his administration.""",2024-03-07,supported
fact5,unknown,29,"""Violent crime has fallen to lowest levels in ‘more than 50 years’""","""Violent crime has fallen to lowest levels in ‘more than 50 years’""",2024-03-07,2024-03-07,TRUE,supported,"{""verdict"": ""TRUE"", ""statement_originator"": ""Joe Biden"", ""statement"": ""\""Violent crime has fallen to lowest levels in ‘more than 50 years’\"""", ""statement_date"": ""2024-03-07"", ""factchecker"": ""CNN"", ""factcheck_analysis_link"": ""https://www.cnn.com/2024/03/07/politics/fact-check-joe-biden-state-of-the-union/index.html""}",TRUE,Joe Biden,"""Violent crime has fallen to lowest levels in ‘more than 50 years’""",2024-03-07,CNN,https://www.cnn.com/2024/03/07/politics/fact-check-joe-biden-state-of-the-union/index.html,Just-world hypothesis,0.5392,medium,True,"[{""bias"": ""Just-world hypothesis"", ""confidence"": 0.5392}]","""Violent crime has fallen to lowest levels in ‘more than 50 years’""",2024-03-07,supported
fact5,unknown,30,"""We have the worst inflation in 40 years""","""We have the worst inflation in 40 years""",2024-03-07,2024-03-07,FALSE,refuted,"{""verdict"": ""FALSE"", ""statement_originator"": ""Katie Britt"", ""statement"": ""\""We have the worst inflation in 40 years\"""", ""statement_date"": ""2024-03-07"", ""factchecker"": ""CNN"", ""factcheck_analysis_link"": ""https://www.cnn.com/2024/03/07/politics/fact-check-joe-biden-state-of-the-union/index.html""}",FALSE,Katie Britt,"""We have the worst inflation in 40 years""",2024-03-07,CNN,https://www.cnn.com/2024/03/07/politics/fact-check-joe-biden-state-of-the-union/index.html,Just-world hypothesis,0.37,low,True,"[{""bias"": ""Just-world hypothesis"", ""confidence"": 0.37}]","""We have the worst inflation in 40 years""",2024-03-07,refuted
fact5,unknown,31,"Former U.S. President Donald Trump said Adolf Hitler ""did some good things.""","Former U.S. President Donald Trump said Adolf Hitler ""did some good things.""",2024-03-11,2024-03-11,UNVERIFIABLE,unverifiable,"{""verdict"": ""UNVERIFIABLE"", ""statement_originator"": ""X posts"", ""statement"": ""Former U.S. President Donald Trump said Adolf Hitler \""did some good things.\"""", ""statement_date"": ""2024-03-11"", ""factchecker"": ""Snopes"", ""factcheck_analysis_link"": ""https://www.snopes.com/fact-check/trump-hitler-good-things/""}",UNVERIFIABLE,X posts,"Former U.S. President Donald Trump said Adolf Hitler ""did some good things.""",2024-03-11,Snopes,https://www.snopes.com/fact-check/trump-hitler-good-things/,hindsight bias,0.2842,very_low,False,[],"Former U.S. President Donald Trump said Adolf Hitler ""did some good things.""",2024-03-11,unverifiable
fact5,unknown,32,"""Now, if I don’t get elected, it’s going to be a bloodbath for the whole — that’s gonna be the least of it. It’s going to be a bloodbath for the country.""","""Now, if I don’t get elected, it’s going to be a bloodbath for the whole — that’s gonna be the least of it. It’s going to be a bloodbath for the country.""",2024-03-17,2024-03-17,MOSTLY TRUE,supported,"{""verdict"": ""MOSTLY TRUE"", ""statement_originator"": ""Donald Trump"", ""statement"": ""\""Now, if I don’t get elected, it’s going to be a bloodbath for the whole — that’s gonna be the least of it. It’s going to be a bloodbath for the country.\"""", ""statement_date"": ""2024-03-17"", ""factchecker"": ""Snopes"", ""factcheck_analysis_link"": ""https://www.snopes.com/fact-check/trump-bloodbath-for-country/""}",MOSTLY TRUE,Donald Trump,"""Now, if I don’t get elected, it’s going to be a bloodbath for the whole — that’s gonna be the least of it. It’s going to be a bloodbath for the country.""",2024-03-17,Snopes,https://www.snopes.com/fact-check/trump-bloodbath-for-country/,Omission bias,0.7739,high,True,"[{""bias"": ""Omission bias"", ""confidence"": 0.7739}]","""Now, if I don’t get elected, it’s going to be a bloodbath for the whole — that’s gonna be the least of it. It’s going to be a bloodbath for the country.""",2024-03-17,supported
fact5,unknown,33,"Gaza has “the highest number of people facing catastrophic hunger ever recorded by the Integrated Food Security Classification system — anywhere, anytime.”","Gaza has “the highest number of people facing catastrophic hunger ever recorded by the Integrated Food Security Classification system — anywhere, anytime.”",2024-03-18,2024-03-18,TRUE,supported,"{""verdict"": ""TRUE"", ""statement_originator"": ""António Guterres"", ""statement"": ""Gaza has “the highest number of people facing catastrophic hunger ever recorded by the Integrated Food Security Classification system — anywhere, anytime.”"", ""statement_date"": ""2024-03-18"", ""factchecker"": ""PolitiFact"", ""factcheck_analysis_link"": ""https://www.politifact.com/factchecks/2024/mar/26/antonio-guterres/fact-checking-un-secretary-generals-remarks-about/""}",TRUE,António Guterres,"Gaza has “the highest number of people facing catastrophic hunger ever recorded by the Integrated Food Security Classification system — anywhere, anytime.”",2024-03-18,PolitiFact,https://www.politifact.com/factchecks/2024/mar/26/antonio-guterres/fact-checking-un-secretary-generals-remarks-about/,Availability heuristic,0.3057,low,True,"[{""bias"": ""Availability heuristic"", ""confidence"": 0.3057}]","Gaza has “the highest number of people facing catastrophic hunger ever recorded by the Integrated Food Security Classification system — anywhere, anytime.”",2024-03-18,supported
fact5,unknown,34,"""Insulin for Medicare beneficiaries ""was costing 400 bucks a month on average. It now costs $35 a month.""","""Insulin for Medicare beneficiaries ""was costing 400 bucks a month on average. It now costs $35 a month.""",2024-03-19,2024-03-19,HALF TRUE,half true,"{""verdict"": ""HALF TRUE"", ""statement_originator"": ""Joe Biden"", ""statement"": ""\""Insulin for Medicare beneficiaries \""was costing 400 bucks a month on average. It now costs $35 a month.\"""", ""statement_date"": ""2024-03-19"", ""factchecker"": ""PolitiFact"", ""factcheck_analysis_link"": ""https://www.PolitiFact.com/factchecks/2024/apr/02/joe-biden/biden-is-right-about-35-insulin-cap-but-exaggerate/""}",HALF TRUE,Joe Biden,"""Insulin for Medicare beneficiaries ""was costing 400 bucks a month on average. It now costs $35 a month.""",2024-03-19,PolitiFact,https://www.PolitiFact.com/factchecks/2024/apr/02/joe-biden/biden-is-right-about-35-insulin-cap-but-exaggerate/,framing effect,0.3177,low,True,"[{""bias"": ""framing effect"", ""confidence"": 0.3177}]","""Insulin for Medicare beneficiaries ""was costing 400 bucks a month on average. It now costs $35 a month.""",2024-03-19,half true
fact5,unknown,35,"""Unlike the Democrats, who are KILLING SOCIAL SECURITY AND MEDICARE by allowing the INVASION OF THE MIGRANTS, I will NOT, under any circumstance, allow either of these two precious GEMS to be even touched under a Trump Administration. Biden is killing them both with the INVASION, while at the same time destroying our Country!""","""Unlike the Democrats, who are KILLING SOCIAL SECURITY AND MEDICARE by allowing the INVASION OF THE MIGRANTS, I will NOT, under any circumstance, allow either of these two precious GEMS to be even touched under a Trump Administration. Biden is killing them both with the INVASION, while at the same time destroying our Country!""",2024-03-21,2024-03-21,FALSE,refuted,"{""verdict"": ""FALSE"", ""statement_originator"": ""Donald Trump"", ""statement"": ""\""Unlike the Democrats, who are KILLING SOCIAL SECURITY AND MEDICARE by allowing the INVASION OF THE MIGRANTS, I will NOT, under any circumstance, allow either of these two precious GEMS to be even touched under a Trump Administration. Biden is killing them both with the INVASION, while at the same time destroying our Country!\"""", ""statement_date"": ""2024-03-21"", ""factchecker"": ""Washington Post"", ""factcheck_analysis_link"": ""https://www.washingtonpost.com/politics/2024/03/26/no-donald-trump-migrants-arent-killing-social-security-medicare/""}",FALSE,Donald Trump,"""Unlike the Democrats, who are KILLING SOCIAL SECURITY AND MEDICARE by allowing the INVASION OF THE MIGRANTS, I will NOT, under any circumstance, allow either of these two precious GEMS to be even touched under a Trump Administration. Biden is killing them both with the INVASION, while at the same time destroying our Country!""",2024-03-21,Washington Post,https://www.washingtonpost.com/politics/2024/03/26/no-donald-trump-migrants-arent-killing-social-security-medicare/,Normalcy bias,0.8964,high,True,"[{""bias"": ""Normalcy bias"", ""confidence"": 0.8964}]","""Unlike the Democrats, who are KILLING SOCIAL SECURITY AND MEDICARE by allowing the INVASION OF THE MIGRANTS, I will NOT, under any circumstance, allow either of these two precious GEMS to be even touched under a Trump Administration. Biden is killing them both with the INVASION, while at the same time destroying our Country!""",2024-03-21,refuted
fact5,unknown,36,"King Charles III has been diagnosed with pancreatic cancer and has two years to live, as of late March 2024.","King Charles III has been diagnosed with pancreatic cancer and has two years to live, as of late March 2024.",2024-03-22,2024-03-22,UNVERIFIABLE,unverifiable,"{""verdict"": ""UNVERIFIABLE"", ""statement_originator"": ""In Touch Weekly"", ""statement"": ""King Charles III has been diagnosed with pancreatic cancer and has two years to live, as of late March 2024."", ""statement_date"": ""2024-03-22"", ""factchecker"": ""Snopes"", ""factcheck_analysis_link"": ""https://www.snopes.com/fact-check/king-charles-pancreatic-cancer/""}",UNVERIFIABLE,In Touch Weekly,"King Charles III has been diagnosed with pancreatic cancer and has two years to live, as of late March 2024.",2024-03-22,Snopes,https://www.snopes.com/fact-check/king-charles-pancreatic-cancer/,Just-world hypothesis,0.2617,very_low,False,[],"King Charles III has been diagnosed with pancreatic cancer and has two years to live, as of late March 2024.",2024-03-22,unverifiable
fact5,unknown,37,“It is a fact that Obama created ISIS.”,“It is a fact that Obama created ISIS.”,2024-03-23,2024-03-23,FALSE,refuted,"{""verdict"": ""FALSE"", ""statement_originator"": ""Alex Jones"", ""statement"": ""“It is a fact that Obama created ISIS.”"", ""statement_date"": ""2024-03-23"", ""factchecker"": ""PolitiFact"", ""factcheck_analysis_link"": ""https://www.PolitiFact.com/factchecks/2024/mar/28/alex-jones/alex-jones-claimed-obama-created-isis-thats-pants/""}",FALSE,Alex Jones,“It is a fact that Obama created ISIS.”,2024-03-23,PolitiFact,https://www.PolitiFact.com/factchecks/2024/mar/28/alex-jones/alex-jones-claimed-obama-created-isis-thats-pants/,hindsight bias,0.1603,very_low,False,[],“It is a fact that Obama created ISIS.”,2024-03-23,refuted
fact5,unknown,38,"""The current Congress is “the least productive in our lifetime.”","""The current Congress is “the least productive in our lifetime.”",2024-03-24,2024-03-24,MOSTLY TRUE,supported,"{""verdict"": ""MOSTLY TRUE"", ""statement_originator"": ""Donna Brazile"", ""statement"": ""\""The current Congress is “the least productive in our lifetime.”"", ""statement_date"": ""2024-03-24"", ""factchecker"": ""PolitiFact"", ""factcheck_analysis_link"": ""https://www.PolitiFact.com/factchecks/2024/apr/03/donna-brazile/is-the-current-congress-the-least-productive-of-ou/""}",MOSTLY TRUE,Donna Brazile,"""The current Congress is “the least productive in our lifetime.”",2024-03-24,PolitiFact,https://www.PolitiFact.com/factchecks/2024/apr/03/donna-brazile/is-the-current-congress-the-least-productive-of-ou/,Essentialism,0.3575,low,True,"[{""bias"": ""Essentialism"", ""confidence"": 0.3575}]","""The current Congress is “the least productive in our lifetime.”",2024-03-24,supported
fact5,unknown,39,"""Pharmaceutical medicine has its place, but no single safety study can assess the cumulative impact of one prescription on top of another prescription, and one shot on top of another shot on top of another shot, throughout the course of childhood. We just don’t do that study right now and we ought to. We can and we will. Conditions like autism used to be one in 10,000. Now here in the state of California it is one in 22.""","""Pharmaceutical medicine has its place, but no single safety study can assess the cumulative impact of one prescription on top of another prescription, and one shot on top of another shot on top of another shot, throughout the course of childhood. We just don’t do that study right now and we ought to. We can and we will. Conditions like autism used to be one in 10,000. Now here in the state of California it is one in 22.""",2024-03-26,2024-03-26,FALSE,refuted,"{""verdict"": ""FALSE"", ""statement_originator"": ""Nicole Shanahan"", ""statement"": ""\""Pharmaceutical medicine has its place, but no single safety study can assess the cumulative impact of one prescription on top of another prescription, and one shot on top of another shot on top of another shot, throughout the course of childhood. We just don’t do that study right now and we ought to. We can and we will. Conditions like autism used to be one in 10,000. Now here in the state of California it is one in 22.\"""", ""statement_date"": ""2024-03-26"", ""factchecker"": ""Washington Post"", ""factcheck_analysis_link"": ""https://www.washingtonpost.com/politics/2024/04/04/robert-f-kennedy-jrs-running-mate-vaccine-wars/""}",FALSE,Nicole Shanahan,"""Pharmaceutical medicine has its place, but no single safety study can assess the cumulative impact of one prescription on top of another prescription, and one shot on top of another shot on top of another shot, throughout the course of childhood. We just don’t do that study right now and we ought to. We can and we will. Conditions like autism used to be one in 10,000. Now here in the state of California it is one in 22.""",2024-03-26,Washington Post,https://www.washingtonpost.com/politics/2024/04/04/robert-f-kennedy-jrs-running-mate-vaccine-wars/,Outcome bias,0.4086,low,True,"[{""bias"": ""Outcome bias"", ""confidence"": 0.4086}]","""Pharmaceutical medicine has its place, but no single safety study can assess the cumulative impact of one prescription on top of another prescription, and one shot on top of another shot on top of another shot, throughout the course of childhood. We just don’t do that study right now and we ought to. We can and we will. Conditions like autism used to be one in 10,000. Now here in the state of California it is one in 22.""",2024-03-26,refuted
fact5,unknown,40,"""Joe Biden graduated 76th academically in a class of 85 students at Syracuse University College of Law in 1968.""","""Joe Biden graduated 76th academically in a class of 85 students at Syracuse University College of Law in 1968.""",2024-03-27,2024-03-27,TRUE,supported,"{""verdict"": ""TRUE"", ""statement_originator"": ""Facebook, X and other websites "", ""statement"": ""\""Joe Biden graduated 76th academically in a class of 85 students at Syracuse University College of Law in 1968.\"""", ""statement_date"": ""2024-03-27"", ""factchecker"": ""Snopes"", ""factcheck_analysis_link"": ""https://www.snopes.com/fact-check/biden-graduated-76th-syracuse/""}",TRUE,"Facebook, X and other websites ","""Joe Biden graduated 76th academically in a class of 85 students at Syracuse University College of Law in 1968.""",2024-03-27,Snopes,https://www.snopes.com/fact-check/biden-graduated-76th-syracuse/,hindsight bias,0.5724,medium,True,"[{""bias"": ""hindsight bias"", ""confidence"": 0.5724}]","""Joe Biden graduated 76th academically in a class of 85 students at Syracuse University College of Law in 1968.""",2024-03-27,supported
fact5,unknown,41,"""Video shows “New York Governor Kathy Hochul being denied entry into the wake for slain NYPD officer Jonathan Diller.”","""Video shows “New York Governor Kathy Hochul being denied entry into the wake for slain NYPD officer Jonathan Diller.”",2024-03-30,2024-03-30,FALSE,refuted,"{""verdict"": ""FALSE"", ""statement_originator"": ""Benny Johnson"", ""statement"": ""\""Video shows “New York Governor Kathy Hochul being denied entry into the wake for slain NYPD officer Jonathan Diller.”"", ""statement_date"": ""2024-03-30"", ""factchecker"": ""PolitiFact"", ""factcheck_analysis_link"": ""https://www.PolitiFact.com/factchecks/2024/apr/05/benny-johnson/no-this-video-doesnt-show-new-york-gov-kathy-hochu/""}",FALSE,Benny Johnson,"""Video shows “New York Governor Kathy Hochul being denied entry into the wake for slain NYPD officer Jonathan Diller.”",2024-03-30,PolitiFact,https://www.PolitiFact.com/factchecks/2024/apr/05/benny-johnson/no-this-video-doesnt-show-new-york-gov-kathy-hochu/,curse of knowledge,0.1761,very_low,False,[],"""Video shows “New York Governor Kathy Hochul being denied entry into the wake for slain NYPD officer Jonathan Diller.”",2024-03-30,refuted
fact5,unknown,42,"""President Biden is the first candidate in history, the first president in history, that has used the federal agencies to censor political speech ... to censor his opponent.""","""President Biden is the first candidate in history, the first president in history, that has used the federal agencies to censor political speech ... to censor his opponent.""",2024-04-01,2024-04-01,FALSE,refuted,"{""verdict"": ""FALSE"", ""statement_originator"": ""Robert F. Kennedy Jr."", ""statement"": ""\""President Biden is the first candidate in history, the first president in history, that has used the federal agencies to censor political speech ... to censor his opponent.\"""", ""statement_date"": ""2024-04-01"", ""factchecker"": ""PolitiFact"", ""factcheck_analysis_link"": ""https://www.PolitiFact.com/factchecks/2024/apr/05/robert-f-kennedy-jr/rfk-jr-described-biden-as-the-first-president-to-c/""}",FALSE,Robert F. Kennedy Jr.,"""President Biden is the first candidate in history, the first president in history, that has used the federal agencies to censor political speech ... to censor his opponent.""",2024-04-01,PolitiFact,https://www.PolitiFact.com/factchecks/2024/apr/05/robert-f-kennedy-jr/rfk-jr-described-biden-as-the-first-president-to-c/,curse of knowledge,0.4248,low,True,"[{""bias"": ""curse of knowledge"", ""confidence"": 0.4248}]","""President Biden is the first candidate in history, the first president in history, that has used the federal agencies to censor political speech ... to censor his opponent.""",2024-04-01,refuted
fact5,unknown,43,"""Crime is down in Venezuela by 67% because they're taking their gangs and their criminals and depositing them very nicely into the United States.”","""Crime is down in Venezuela by 67% because they're taking their gangs and their criminals and depositing them very nicely into the United States.”",2024-04-02,2024-04-02,FALSE,refuted,"{""verdict"": ""FALSE"", ""statement_originator"": ""Donald Trump"", ""statement"": ""\""Crime is down in Venezuela by 67% because they're taking their gangs and their criminals and depositing them very nicely into the United States.”"", ""statement_date"": ""2024-04-02"", ""factchecker"": ""PolitiFact"", ""factcheck_analysis_link"": ""https://www.PolitiFact.com/factchecks/2024/apr/10/donald-trump/donald-trump-exaggerates-venezuelan-crime-drop-and/""}",FALSE,Donald Trump,"""Crime is down in Venezuela by 67% because they're taking their gangs and their criminals and depositing them very nicely into the United States.”",2024-04-02,PolitiFact,https://www.PolitiFact.com/factchecks/2024/apr/10/donald-trump/donald-trump-exaggerates-venezuelan-crime-drop-and/,Just-world hypothesis,0.284,very_low,False,[],"""Crime is down in Venezuela by 67% because they're taking their gangs and their criminals and depositing them very nicely into the United States.”",2024-04-02,refuted
fact5,unknown,44,"""Have you had to cancel or rethink any upcoming summer trips because of high prices? Don’t worry — your taxpayer dollars will be used to pay for illegal immigrants to fly into a town near you.""","""Have you had to cancel or rethink any upcoming summer trips because of high prices? Don’t worry — your taxpayer dollars will be used to pay for illegal immigrants to fly into a town near you.""",2024-04-02,2024-04-02,FALSE,refuted,"{""verdict"": ""FALSE"", ""statement_originator"": ""Rep. Mark Green (R-Tenn.)"", ""statement"": ""\""Have you had to cancel or rethink any upcoming summer trips because of high prices? Don’t worry — your taxpayer dollars will be used to pay for illegal immigrants to fly into a town near you.\"""", ""statement_date"": ""2024-04-02"", ""factchecker"": ""Washington Post"", ""factcheck_analysis_link"": ""https://www.washingtonpost.com/politics/2024/04/05/taxpayer-dollars-being-used-fly-illegal-aliens-nope/""}",FALSE,Rep. Mark Green (R-Tenn.),"""Have you had to cancel or rethink any upcoming summer trips because of high prices? Don’t worry — your taxpayer dollars will be used to pay for illegal immigrants to fly into a town near you.""",2024-04-02,Washington Post,https://www.washingtonpost.com/politics/2024/04/05/taxpayer-dollars-being-used-fly-illegal-aliens-nope/,Normalcy bias,0.7194,high,True,"[{""bias"": ""Normalcy bias"", ""confidence"": 0.7194}]","""Have you had to cancel or rethink any upcoming summer trips because of high prices? Don’t worry — your taxpayer dollars will be used to pay for illegal immigrants to fly into a town near you.""",2024-04-02,refuted
fact5,unknown,45,"""326,000 migrants were flown to Florida with taxpayer dollars under President Joe Biden’s secret migrant flight program.""","""326,000 migrants were flown to Florida with taxpayer dollars under President Joe Biden’s secret migrant flight program.""",2024-04-04,2024-04-04,FALSE,refuted,"{""verdict"": ""FALSE"", ""statement_originator"": ""Instagram Post"", ""statement"": ""\""326,000 migrants were flown to Florida with taxpayer dollars under President Joe Biden’s secret migrant flight program.\"""", ""statement_date"": ""2024-04-04"", ""factchecker"": ""PolitiFact"", ""factcheck_analysis_link"": ""https://www.PolitiFact.com/factchecks/2024/apr/12/instagram-posts/migrants-were-not-secretly-flown-to-florida-with-t/""}",FALSE,Instagram Post,"""326,000 migrants were flown to Florida with taxpayer dollars under President Joe Biden’s secret migrant flight program.""",2024-04-04,PolitiFact,https://www.PolitiFact.com/factchecks/2024/apr/12/instagram-posts/migrants-were-not-secretly-flown-to-florida-with-t/,hindsight bias,0.6727,medium,True,"[{""bias"": ""hindsight bias"", ""confidence"": 0.6727}]","""326,000 migrants were flown to Florida with taxpayer dollars under President Joe Biden’s secret migrant flight program.""",2024-04-04,refuted
fact5,unknown,46,"""On Jan. 6, 2021, U.S. Capitol 'protestors carried no weapons.' ""","""On Jan. 6, 2021, U.S. Capitol 'protestors carried no weapons.' """,2024-04-05,2024-04-05,FALSE,refuted,"{""verdict"": ""FALSE"", ""statement_originator"": ""Robert F. Kennedy Jr."", ""statement"": ""\""On Jan. 6, 2021, U.S. Capitol 'protestors carried no weapons.' \"""", ""statement_date"": ""2024-04-05"", ""factchecker"": ""PolitiFact"", ""factcheck_analysis_link"": ""https://www.PolitiFact.com/factchecks/2024/apr/05/robert-f-kennedy-jr/rfk-jr-falsely-said-that-jan-6-protestors-carried/""}",FALSE,Robert F. Kennedy Jr.,"""On Jan. 6, 2021, U.S. Capitol 'protestors carried no weapons.' """,2024-04-05,PolitiFact,https://www.PolitiFact.com/factchecks/2024/apr/05/robert-f-kennedy-jr/rfk-jr-falsely-said-that-jan-6-protestors-carried/,hindsight bias,0.2609,very_low,False,[],"""On Jan. 6, 2021, U.S. Capitol 'protestors carried no weapons.' """,2024-04-05,refuted
fact5,unknown,47,"""Speaking of semiconductor industry jobs, ""Know what the average salary is? $110,000. You don't need a college degree.""","""Speaking of semiconductor industry jobs, ""Know what the average salary is? $110,000. You don't need a college degree.""",2024-04-08,2024-04-08,MOSTLY FALSE,refuted,"{""verdict"": ""MOSTLY FALSE"", ""statement_originator"": ""Joe Biden"", ""statement"": ""\""Speaking of semiconductor industry jobs, \""Know what the average salary is? $110,000. You don't need a college degree.\"""", ""statement_date"": ""2024-04-08"", ""factchecker"": ""PolitiFact"", ""factcheck_analysis_link"": ""https://www.PolitiFact.com/factchecks/2024/apr/15/joe-biden/fact-checking-joe-bidens-claim-on-education-requir/""}",MOSTLY FALSE,Joe Biden,"""Speaking of semiconductor industry jobs, ""Know what the average salary is? $110,000. You don't need a college degree.""",2024-04-08,PolitiFact,https://www.PolitiFact.com/factchecks/2024/apr/15/joe-biden/fact-checking-joe-bidens-claim-on-education-requir/,curse of knowledge,0.2204,very_low,False,[],"""Speaking of semiconductor industry jobs, ""Know what the average salary is? $110,000. You don't need a college degree.""",2024-04-08,refuted
fact5,unknown,48,"“Support for Roe is higher today in America than it has ever been.""","“Support for Roe is higher today in America than it has ever been.""",2024-04-08,2024-04-08,MOSTLY TRUE,supported,"{""verdict"": ""MOSTLY TRUE"", ""statement_originator"": ""Joe Biden"", ""statement"": ""“Support for Roe is higher today in America than it has ever been.\"""", ""statement_date"": ""2024-04-08"", ""factchecker"": ""PolitiFact"", ""factcheck_analysis_link"": ""https://www.PolitiFact.com/factchecks/2024/apr/10/joe-biden/joe-biden-largely-right-about-high-level-of-us-sup/""}",MOSTLY TRUE,Joe Biden,"“Support for Roe is higher today in America than it has ever been.""",2024-04-08,PolitiFact,https://www.PolitiFact.com/factchecks/2024/apr/10/joe-biden/joe-biden-largely-right-about-high-level-of-us-sup/,Availability heuristic,0.2357,very_low,False,[],"“Support for Roe is higher today in America than it has ever been.""",2024-04-08,supported
fact5,unknown,49,"""Starting in 2025 ""no matter what your total bills are for prescription drugs,” Medicare Part D users will never pay “more than $2,000 a year, because some of these cancer drugs are 10(,000 to) 15,000 bucks a year.”","""Starting in 2025 ""no matter what your total bills are for prescription drugs,” Medicare Part D users will never pay “more than $2,000 a year, because some of these cancer drugs are 10(,000 to) 15,000 bucks a year.”",2024-04-09,2024-04-09,MOSTLY TRUE,supported,"{""verdict"": ""MOSTLY TRUE"", ""statement_originator"": ""Joe Biden"", ""statement"": ""\""Starting in 2025 \""no matter what your total bills are for prescription drugs,” Medicare Part D users will never pay “more than $2,000 a year, because some of these cancer drugs are 10(,000 to) 15,000 bucks a year.”"", ""statement_date"": ""2024-04-09"", ""factchecker"": ""PolitiFact"", ""factcheck_analysis_link"": ""https://www.PolitiFact.com/factchecks/2024/apr/18/joe-biden/bidens-statement-about-capping-prescription-costs/""}",MOSTLY TRUE,Joe Biden,"""Starting in 2025 ""no matter what your total bills are for prescription drugs,” Medicare Part D users will never pay “more than $2,000 a year, because some of these cancer drugs are 10(,000 to) 15,000 bucks a year.”",2024-04-09,PolitiFact,https://www.PolitiFact.com/factchecks/2024/apr/18/joe-biden/bidens-statement-about-capping-prescription-costs/,Time-saving bias,0.3281,low,True,"[{""bias"": ""Time-saving bias"", ""confidence"": 0.3281}]","""Starting in 2025 ""no matter what your total bills are for prescription drugs,” Medicare Part D users will never pay “more than $2,000 a year, because some of these cancer drugs are 10(,000 to) 15,000 bucks a year.”",2024-04-09,supported
fact5,unknown,50,"""In Michigan, radical, left Democrat governor Gretchen Whitmer is handing out $500 a month in cash to anyone who accepts illegal aliens into your homes. Isn’t that nice? She’s calling the scam the Newcomer Rental Subsidy. In other words, she’s calling illegal immigrants — many coming from jails, many coming from mental institutions, many are terrorists — she’s calling them newcomers, isn’t that wonderful? And it’s all funded by federal taxpayer dollars distributed by crooked Joe Biden … Biden and Whitmer are selecting and stealing your money to give free housing to illegal alien migrants and then asking you to quarter these foreign armies. And that’s what they are, they’re armies.""","""In Michigan, radical, left Democrat governor Gretchen Whitmer is handing out $500 a month in cash to anyone who accepts illegal aliens into your homes. Isn’t that nice? She’s calling the scam the Newcomer Rental Subsidy. In other words, she’s calling illegal immigrants — many coming from jails, many coming from mental institutions, many are terrorists — she’s calling them newcomers, isn’t that wonderful? And it’s all funded by federal taxpayer dollars distributed by crooked Joe Biden … Biden and Whitmer are selecting and stealing your money to give free housing to illegal alien migrants and then asking you to quarter these foreign armies. And that’s what they are, they’re armies.""",2024-04-11,2024-04-11,FALSE,refuted,"{""verdict"": ""FALSE"", ""statement_originator"": ""Donald Trump"", ""statement"": ""\""In Michigan, radical, left Democrat governor Gretchen Whitmer is handing out $500 a month in cash to anyone who accepts illegal aliens into your homes. Isn’t that nice? She’s calling the scam the Newcomer Rental Subsidy. In other words, she’s calling illegal immigrants — many coming from jails, many coming from mental institutions, many are terrorists — she’s calling them newcomers, isn’t that wonderful? And it’s all funded by federal taxpayer dollars distributed by crooked Joe Biden … Biden and Whitmer are selecting and stealing your money to give free housing to illegal alien migrants and then asking you to quarter these foreign armies. And that’s what they are, they’re armies.\"""", ""statement_date"": ""2024-04-11"", ""factchecker"": ""Washington Post"", ""factcheck_analysis_link"": ""https://www.washingtonpost.com/politics/2024/04/29/trump-allies-say-biden-pays-rent-illegals-michigan-not-true/""}",FALSE,Donald Trump,"""In Michigan, radical, left Democrat governor Gretchen Whitmer is handing out $500 a month in cash to anyone who accepts illegal aliens into your homes. Isn’t that nice? She’s calling the scam the Newcomer Rental Subsidy. In other words, she’s calling illegal immigrants — many coming from jails, many coming from mental institutions, many are terrorists — she’s calling them newcomers, isn’t that wonderful? And it’s all funded by federal taxpayer dollars distributed by crooked Joe Biden … Biden and Whitmer are selecting and stealing your money to give free housing to illegal alien migrants and then asking you to quarter these foreign armies. And that’s what they are, they’re armies.""",2024-04-11,Washington Post,https://www.washingtonpost.com/politics/2024/04/29/trump-allies-say-biden-pays-rent-illegals-michigan-not-true/,curse of knowledge,0.2458,very_low,False,[],"""In Michigan, radical, left Democrat governor Gretchen Whitmer is handing out $500 a month in cash to anyone who accepts illegal aliens into your homes. Isn’t that nice? She’s calling the scam the Newcomer Rental Subsidy. In other words, she’s calling illegal immigrants — many coming from jails, many coming from mental institutions, many are terrorists — she’s calling them newcomers, isn’t that wonderful? And it’s all funded by federal taxpayer dollars distributed by crooked Joe Biden … Biden and Whitmer are selecting and stealing your money to give free housing to illegal alien migrants and then asking you to quarter these foreign armies. And that’s what they are, they’re armies.""",2024-04-11,refuted
fact5,unknown,51,"""Not even one rocket (from Iran) hit Israel.""","""Not even one rocket (from Iran) hit Israel.""",2024-04-14,2024-04-14,FALSE,refuted,"{""verdict"": ""FALSE"", ""statement_originator"": ""Threads Post"", ""statement"": ""\""Not even one rocket (from Iran) hit Israel.\"""", ""statement_date"": ""2024-04-14"", ""factchecker"": ""PolitiFact"", ""factcheck_analysis_link"": ""https://www.PolitiFact.com/factchecks/2024/apr/15/threads-posts/most-of-irans-missiles-were-intercepted-but-some-r/""}",FALSE,Threads Post,"""Not even one rocket (from Iran) hit Israel.""",2024-04-14,PolitiFact,https://www.PolitiFact.com/factchecks/2024/apr/15/threads-posts/most-of-irans-missiles-were-intercepted-but-some-r/,hindsight bias,0.2605,very_low,False,[],"""Not even one rocket (from Iran) hit Israel.""",2024-04-14,refuted
fact5,unknown,52,"Gov. Tony Evers is asking the GOP to release money for PFAS, but ""vetoed (a bill outlining) how to spend the money.""","Gov. Tony Evers is asking the GOP to release money for PFAS, but ""vetoed (a bill outlining) how to spend the money.""",2024-04-15,2024-04-15,MOSTLY TRUE,supported,"{""verdict"": ""MOSTLY TRUE"", ""statement_originator"": ""Van Wanggaard"", ""statement"": ""Gov. Tony Evers is asking the GOP to release money for PFAS, but \""vetoed (a bill outlining) how to spend the money.\"""", ""statement_date"": ""2024-04-15"", ""factchecker"": ""PolitiFact"", ""factcheck_analysis_link"": ""https://www.politifact.com/factchecks/2024/jun/14/van-wanggaard/wisconsin-governor-did-veto-the-pfas-bill-and-is-s/""}",MOSTLY TRUE,Van Wanggaard,"Gov. Tony Evers is asking the GOP to release money for PFAS, but ""vetoed (a bill outlining) how to spend the money.""",2024-04-15,PolitiFact,https://www.politifact.com/factchecks/2024/jun/14/van-wanggaard/wisconsin-governor-did-veto-the-pfas-bill-and-is-s/,Whole only effect,0.2232,very_low,False,[],"Gov. Tony Evers is asking the GOP to release money for PFAS, but ""vetoed (a bill outlining) how to spend the money.""",2024-04-15,supported
fact5,unknown,53,"""Only two presidents in American history left office with fewer jobs than when they entered office. Herbert Hoover and yes, Donald Herbert Hoover Trump.""","""Only two presidents in American history left office with fewer jobs than when they entered office. Herbert Hoover and yes, Donald Herbert Hoover Trump.""",2024-04-16,2024-04-16,TRUE,supported,"{""verdict"": ""TRUE"", ""statement_originator"": ""Joe Biden"", ""statement"": ""\""Only two presidents in American history left office with fewer jobs than when they entered office. Herbert Hoover and yes, Donald Herbert Hoover Trump.\"""", ""statement_date"": ""2024-04-16"", ""factchecker"": ""Snopes"", ""factcheck_analysis_link"": ""https://www.snopes.com/fact-check/trump-hoover-jobs-record/""}",TRUE,Joe Biden,"""Only two presidents in American history left office with fewer jobs than when they entered office. Herbert Hoover and yes, Donald Herbert Hoover Trump.""",2024-04-16,Snopes,https://www.snopes.com/fact-check/trump-hoover-jobs-record/,hindsight bias,0.4697,low,True,"[{""bias"": ""hindsight bias"", ""confidence"": 0.4697}]","""Only two presidents in American history left office with fewer jobs than when they entered office. Herbert Hoover and yes, Donald Herbert Hoover Trump.""",2024-04-16,supported
fact5,unknown,54,"I have to say, there are a lot of things that Donald Trump has said and done that I find extremely offensive. But one that offends me the most is when he refused, as president, to visit an American cemetery outside of Paris when he was president. Why? He said that those soldiers who gave their lives were, quote — it was his quote — ‘suckers’ and ‘losers.’ ","I have to say, there are a lot of things that Donald Trump has said and done that I find extremely offensive. But one that offends me the most is when he refused, as president, to visit an American cemetery outside of Paris when he was president. Why? He said that those soldiers who gave their lives were, quote — it was his quote — ‘suckers’ and ‘losers.’",2024-04-16,2024-04-16,UNVERIFIABLE,unverifiable,"{""verdict"": ""UNVERIFIABLE"", ""statement_originator"": ""Joe Biden"", ""statement"": ""I have to say, there are a lot of things that Donald Trump has said and done that I find extremely offensive. But one that offends me the most is when he refused, as president, to visit an American cemetery outside of Paris when he was president. Why? He said that those soldiers who gave their lives were, quote — it was his quote — ‘suckers’ and ‘losers.’ "", ""statement_date"": ""2024-04-16"", ""factchecker"": ""Washington Post"", ""factcheck_analysis_link"": ""https://www.washingtonpost.com/politics/2024/04/22/murky-facts-about-trumps-failure-visit-american-war-dead-near-paris/""}",UNVERIFIABLE,Joe Biden,"I have to say, there are a lot of things that Donald Trump has said and done that I find extremely offensive. But one that offends me the most is when he refused, as president, to visit an American cemetery outside of Paris when he was president. Why? He said that those soldiers who gave their lives were, quote — it was his quote — ‘suckers’ and ‘losers.’ ",2024-04-16,Washington Post,https://www.washingtonpost.com/politics/2024/04/22/murky-facts-about-trumps-failure-visit-american-war-dead-near-paris/,Availability heuristic,0.1708,very_low,False,[],"I have to say, there are a lot of things that Donald Trump has said and done that I find extremely offensive. But one that offends me the most is when he refused, as president, to visit an American cemetery outside of Paris when he was president. Why? He said that those soldiers who gave their lives were, quote — it was his quote — ‘suckers’ and ‘losers.’",2024-04-16,unverifiable
fact5,unknown,55,"""Dollar Tree, Walgreens, Macy’s, Foot Locker, Gap, Burger King, Regal Cinemas and Kroger have had mass store closures during Joe Biden’s presidency.""","""Dollar Tree, Walgreens, Macy’s, Foot Locker, Gap, Burger King, Regal Cinemas and Kroger have had mass store closures during Joe Biden’s presidency.""",2024-04-19,2024-04-19,HALF TRUE,half true,"{""verdict"": ""HALF TRUE"", ""statement_originator"": ""Facebook user"", ""statement"": ""\""Dollar Tree, Walgreens, Macy’s, Foot Locker, Gap, Burger King, Regal Cinemas and Kroger have had mass store closures during Joe Biden’s presidency.\"""", ""statement_date"": ""2024-04-19"", ""factchecker"": ""PolitiFact"", ""factcheck_analysis_link"": ""https://www.PolitiFact.com/factchecks/2024/apr/24/facebook-posts/have-there-been-mass-store-closures-under-presiden/""}",HALF TRUE,Facebook user,"""Dollar Tree, Walgreens, Macy’s, Foot Locker, Gap, Burger King, Regal Cinemas and Kroger have had mass store closures during Joe Biden’s presidency.""",2024-04-19,PolitiFact,https://www.PolitiFact.com/factchecks/2024/apr/24/facebook-posts/have-there-been-mass-store-closures-under-presiden/,clustering illusion,0.2266,very_low,False,[],"""Dollar Tree, Walgreens, Macy’s, Foot Locker, Gap, Burger King, Regal Cinemas and Kroger have had mass store closures during Joe Biden’s presidency.""",2024-04-19,half true
fact5,unknown,56,"""[Rep. Adam Schiff] won’t tell you that he just voted to send $100 billion to foreign countries. We have a $35 trillion national debt in America.""","""[Rep. Adam Schiff] won’t tell you that he just voted to send $100 billion to foreign countries. We have a $35 trillion national debt in America.""",2024-04-20,2024-04-20,MOSTLY FALSE,refuted,"{""verdict"": ""MOSTLY FALSE"", ""statement_originator"": ""Richard Grenell"", ""statement"": ""\""[Rep. Adam Schiff] won’t tell you that he just voted to send $100 billion to foreign countries. We have a $35 trillion national debt in America.\"""", ""statement_date"": ""2024-04-20"", ""factchecker"": ""Washington Post"", ""factcheck_analysis_link"": ""https://www.washingtonpost.com/politics/2024/04/25/eighty-percent-ukraine-israel-bill-will-be-spent-us-or-by-us-military/""}",MOSTLY FALSE,Richard Grenell,"""[Rep. Adam Schiff] won’t tell you that he just voted to send $100 billion to foreign countries. We have a $35 trillion national debt in America.""",2024-04-20,Washington Post,https://www.washingtonpost.com/politics/2024/04/25/eighty-percent-ukraine-israel-bill-will-be-spent-us-or-by-us-military/,Availability heuristic,0.2811,very_low,False,[],"""[Rep. Adam Schiff] won’t tell you that he just voted to send $100 billion to foreign countries. We have a $35 trillion national debt in America.""",2024-04-20,refuted
fact5,unknown,57,"U.S. Sen. Tammy Baldwin ""believes taxpayer dollars should be used for abortion.""","U.S. Sen. Tammy Baldwin ""believes taxpayer dollars should be used for abortion.""",2024-04-28,2024-04-28,HALF TRUE,half true,"{""verdict"": ""HALF TRUE"", ""statement_originator"": ""Bryan Steil"", ""statement"": ""U.S. Sen. Tammy Baldwin \""believes taxpayer dollars should be used for abortion.\"""", ""statement_date"": ""2024-04-28"", ""factchecker"": ""PolitiFact"", ""factcheck_analysis_link"": ""https://www.politifact.com/factchecks/2024/aug/26/bryan-steil/us-rep-steils-spin-on-us-sen-baldwin-on-abortion-a/""}",HALF TRUE,Bryan Steil,"U.S. Sen. Tammy Baldwin ""believes taxpayer dollars should be used for abortion.""",2024-04-28,PolitiFact,https://www.politifact.com/factchecks/2024/aug/26/bryan-steil/us-rep-steils-spin-on-us-sen-baldwin-on-abortion-a/,curse of knowledge,0.4145,low,True,"[{""bias"": ""curse of knowledge"", ""confidence"": 0.4145}]","U.S. Sen. Tammy Baldwin ""believes taxpayer dollars should be used for abortion.""",2024-04-28,half true
fact5,unknown,58,"""Billionaire investor and philanthropist, George Soros, was paying students to organize the protests.""","""Billionaire investor and philanthropist, George Soros, was paying students to organize the protests.""",2024-04-29,2024-04-29,FALSE,refuted,"{""verdict"": ""FALSE"", ""statement_originator"": ""Ted Cruz"", ""statement"": ""\""Billionaire investor and philanthropist, George Soros, was paying students to organize the protests.\"""", ""statement_date"": ""2024-04-29"", ""factchecker"": ""Snopes"", ""factcheck_analysis_link"": ""https://www.snopes.com/news/2024/05/01/george-soros-paid-student-radicals/""}",FALSE,Ted Cruz,"""Billionaire investor and philanthropist, George Soros, was paying students to organize the protests.""",2024-04-29,Snopes,https://www.snopes.com/news/2024/05/01/george-soros-paid-student-radicals/,clustering illusion,0.4327,low,True,"[{""bias"": ""clustering illusion"", ""confidence"": 0.4327}]","""Billionaire investor and philanthropist, George Soros, was paying students to organize the protests.""",2024-04-29,refuted
fact5,unknown,59,"""President Donald Trump ""just told TIME Magazine that in his second term as president he'd force every pregnant woman to submit to constant government monitoring.""","""President Donald Trump ""just told TIME Magazine that in his second term as president he'd force every pregnant woman to submit to constant government monitoring.""",2024-05-01,2024-05-01,FALSE,refuted,"{""verdict"": ""FALSE"", ""statement_originator"": ""Harvard Law professor Laurence Tribe"", ""statement"": ""\""President Donald Trump \""just told TIME Magazine that in his second term as president he'd force every pregnant woman to submit to constant government monitoring.\"""", ""statement_date"": ""2024-05-01"", ""factchecker"": ""Snopes"", ""factcheck_analysis_link"": ""https://www.snopes.com/fact-check/trump-time-women-monitoring/""}",FALSE,Harvard Law professor Laurence Tribe,"""President Donald Trump ""just told TIME Magazine that in his second term as president he'd force every pregnant woman to submit to constant government monitoring.""",2024-05-01,Snopes,https://www.snopes.com/fact-check/trump-time-women-monitoring/,curse of knowledge,0.1521,very_low,False,[],"""President Donald Trump ""just told TIME Magazine that in his second term as president he'd force every pregnant woman to submit to constant government monitoring.""",2024-05-01,refuted
fact5,unknown,60,"""Former U.S. President Donald Trump stated that he would not defend NATO allies if they were attacked by Russia.""","""Former U.S. President Donald Trump stated that he would not defend NATO allies if they were attacked by Russia.""",2024-05-02,2024-05-02,HALF TRUE,half true,"{""verdict"": ""HALF TRUE"", ""statement_originator"": ""X user viral post"", ""statement"": ""\""Former U.S. President Donald Trump stated that he would not defend NATO allies if they were attacked by Russia.\"""", ""statement_date"": ""2024-05-02"", ""factchecker"": ""Snopes"", ""factcheck_analysis_link"": ""https://www.snopes.com/fact-check/trump-nato-russia/""}",HALF TRUE,X user viral post,"""Former U.S. President Donald Trump stated that he would not defend NATO allies if they were attacked by Russia.""",2024-05-02,Snopes,https://www.snopes.com/fact-check/trump-nato-russia/,Just-world hypothesis,0.2743,very_low,False,[],"""Former U.S. President Donald Trump stated that he would not defend NATO allies if they were attacked by Russia.""",2024-05-02,half true
fact5,unknown,61,“Under (the Biden) administration we have witnessed the fastest growth of Black-owned small businesses in more than 30 years.”,“Under (the Biden) administration we have witnessed the fastest growth of Black-owned small businesses in more than 30 years.”,2024-05-16,2024-05-16,TRUE,supported,"{""verdict"": ""TRUE"", ""statement_originator"": ""David Crowley"", ""statement"": ""“Under (the Biden) administration we have witnessed the fastest growth of Black-owned small businesses in more than 30 years.”"", ""statement_date"": ""2024-05-16"", ""factchecker"": ""PolitiFact"", ""factcheck_analysis_link"": ""https://www.politifact.com/factchecks/2024/jun/28/david-crowley/was-the-fastest-growth-of-black-owned-small-busine/""}",TRUE,David Crowley,“Under (the Biden) administration we have witnessed the fastest growth of Black-owned small businesses in more than 30 years.”,2024-05-16,PolitiFact,https://www.politifact.com/factchecks/2024/jun/28/david-crowley/was-the-fastest-growth-of-black-owned-small-busine/,curse of knowledge,0.2859,very_low,False,[],“Under (the Biden) administration we have witnessed the fastest growth of Black-owned small businesses in more than 30 years.”,2024-05-16,supported
fact5,unknown,62,Wisconsin had a “record-breaking year” for tourism in 2023.,Wisconsin had a “record-breaking year” for tourism in 2023.,2024-06-11,2024-06-11,TRUE,supported,"{""verdict"": ""TRUE"", ""statement_originator"": ""Tony Evers"", ""statement"": ""Wisconsin had a “record-breaking year” for tourism in 2023."", ""statement_date"": ""2024-06-11"", ""factchecker"": ""PolitiFact"", ""factcheck_analysis_link"": ""https://www.politifact.com/factchecks/2024/jun/28/tony-evers/wisconsin-tourism-is-having-a-big-moment-but-what/""}",TRUE,Tony Evers,Wisconsin had a “record-breaking year” for tourism in 2023.,2024-06-11,PolitiFact,https://www.politifact.com/factchecks/2024/jun/28/tony-evers/wisconsin-tourism-is-having-a-big-moment-but-what/,Availability heuristic,0.4429,low,True,"[{""bias"": ""Availability heuristic"", ""confidence"": 0.4429}]",Wisconsin had a “record-breaking year” for tourism in 2023.,2024-06-11,supported
fact5,unknown,63,"In 2020, “only nine NATO allies were spending 2%” of their GDP on defense. “This year, 23 will spend at least 2%.”","In 2020, “only nine NATO allies were spending 2%” of their GDP on defense. “This year, 23 will spend at least 2%.”",2024-07-09,2024-07-09,MOSTLY TRUE,supported,"{""verdict"": ""MOSTLY TRUE"", ""statement_originator"": ""Joe Biden"", ""statement"": ""In 2020, “only nine NATO allies were spending 2%” of their GDP on defense. “This year, 23 will spend at least 2%.”"", ""statement_date"": ""2024-07-09"", ""factchecker"": ""PolitiFact"", ""factcheck_analysis_link"": ""https://www.politifact.com/factchecks/2024/jul/12/joe-biden/joe-bidens-mostly-true-claim-about-growth-of-nato/""}",MOSTLY TRUE,Joe Biden,"In 2020, “only nine NATO allies were spending 2%” of their GDP on defense. “This year, 23 will spend at least 2%.”",2024-07-09,PolitiFact,https://www.politifact.com/factchecks/2024/jul/12/joe-biden/joe-bidens-mostly-true-claim-about-growth-of-nato/,Availability heuristic,0.16,very_low,False,[],"In 2020, “only nine NATO allies were spending 2%” of their GDP on defense. “This year, 23 will spend at least 2%.”",2024-07-09,supported
fact5,unknown,64,“The most recent State Budget increased funding for the Department of Tourism by 98 percent.”,“The most recent State Budget increased funding for the Department of Tourism by 98 percent.”,2024-07-12,2024-07-12,TRUE,supported,"{""verdict"": ""TRUE"", ""statement_originator"": ""Robert Cowles"", ""statement"": ""“The most recent State Budget increased funding for the Department of Tourism by 98 percent.”"", ""statement_date"": ""2024-07-12"", ""factchecker"": ""PolitiFact"", ""factcheck_analysis_link"": ""https://www.politifact.com/factchecks/2024/sep/16/robert-cowles/gop-senator-is-correct-wisconsins-tourism-budget-i/""}",TRUE,Robert Cowles,“The most recent State Budget increased funding for the Department of Tourism by 98 percent.”,2024-07-12,PolitiFact,https://www.politifact.com/factchecks/2024/sep/16/robert-cowles/gop-senator-is-correct-wisconsins-tourism-budget-i/,hindsight bias,0.4466,low,True,"[{""bias"": ""hindsight bias"", ""confidence"": 0.4466}]",“The most recent State Budget increased funding for the Department of Tourism by 98 percent.”,2024-07-12,supported
fact5,unknown,65,"After being shot at a Milwaukee rally in 1912, former President Teddy Roosevelt “finished his speech and he kept fighting.”","After being shot at a Milwaukee rally in 1912, former President Teddy Roosevelt “finished his speech and he kept fighting.”",2024-07-17,2024-07-17,MOSTLY TRUE,supported,"{""verdict"": ""MOSTLY TRUE"", ""statement_originator"": ""Donald Trump Jr."", ""statement"": ""After being shot at a Milwaukee rally in 1912, former President Teddy Roosevelt “finished his speech and he kept fighting.”"", ""statement_date"": ""2024-07-17"", ""factchecker"": ""PolitiFact"", ""factcheck_analysis_link"": ""https://www.politifact.com/factchecks/2024/jul/18/donald-trump-jr/trump-jr-mostly-right-on-story-about-teddy-rooseve/""}",MOSTLY TRUE,Donald Trump Jr.,"After being shot at a Milwaukee rally in 1912, former President Teddy Roosevelt “finished his speech and he kept fighting.”",2024-07-17,PolitiFact,https://www.politifact.com/factchecks/2024/jul/18/donald-trump-jr/trump-jr-mostly-right-on-story-about-teddy-rooseve/,hindsight bias,0.4598,low,True,"[{""bias"": ""hindsight bias"", ""confidence"": 0.4598}]","After being shot at a Milwaukee rally in 1912, former President Teddy Roosevelt “finished his speech and he kept fighting.”",2024-07-17,supported
fact5,unknown,66,Sam Brown “said abortion should be banned without any exceptions for rape or incest.”,Sam Brown “said abortion should be banned without any exceptions for rape or incest.”,2024-07-17,2024-07-17,HALF TRUE,half true,"{""verdict"": ""HALF TRUE"", ""statement_originator"": ""Jacky Rosen"", ""statement"": ""Sam Brown “said abortion should be banned without any exceptions for rape or incest.”"", ""statement_date"": ""2024-07-17"", ""factchecker"": ""PolitiFact"", ""factcheck_analysis_link"": ""https://www.politifact.com/factchecks/2024/aug/19/jacky-rosen/jacky-rosen-oversimplifies-sam-browns-abortion-sta/""}",HALF TRUE,Jacky Rosen,Sam Brown “said abortion should be banned without any exceptions for rape or incest.”,2024-07-17,PolitiFact,https://www.politifact.com/factchecks/2024/aug/19/jacky-rosen/jacky-rosen-oversimplifies-sam-browns-abortion-sta/,Essentialism,0.3974,low,True,"[{""bias"": ""Essentialism"", ""confidence"": 0.3974}]",Sam Brown “said abortion should be banned without any exceptions for rape or incest.”,2024-07-17,half true
fact5,unknown,67,Donald Trump “took away protections against discrimination for LGBTQ patients under the Affordable Care Act.”,Donald Trump “took away protections against discrimination for LGBTQ patients under the Affordable Care Act.”,2024-07-20,2024-07-20,MOSTLY TRUE,supported,"{""verdict"": ""MOSTLY TRUE"", ""statement_originator"": ""Kamala Harris"", ""statement"": ""Donald Trump “took away protections against discrimination for LGBTQ patients under the Affordable Care Act.”"", ""statement_date"": ""2024-07-20"", ""factchecker"": ""PolitiFact"", ""factcheck_analysis_link"": ""https://www.politifact.com/factchecks/2024/sep/09/kamala-harris/mostly-true-trump-admin-reversed-lgbtq-protections/""}",MOSTLY TRUE,Kamala Harris,Donald Trump “took away protections against discrimination for LGBTQ patients under the Affordable Care Act.”,2024-07-20,PolitiFact,https://www.politifact.com/factchecks/2024/sep/09/kamala-harris/mostly-true-trump-admin-reversed-lgbtq-protections/,Availability heuristic,0.1225,very_low,False,[],Donald Trump “took away protections against discrimination for LGBTQ patients under the Affordable Care Act.”,2024-07-20,supported
fact5,unknown,68,"Author Kurt Vonnegut once said: ""We'll go down in history as the first society that wouldn't save itself because it wasn't cost-effective.""","Author Kurt Vonnegut once said: ""We'll go down in history as the first society that wouldn't save itself because it wasn't cost-effective.""",2024-07-25,2024-07-25,UNVERIFIABLE,unverifiable,"{""verdict"": ""UNVERIFIABLE"", ""statement_originator"": ""Social Media"", ""statement"": ""Author Kurt Vonnegut once said: \""We'll go down in history as the first society that wouldn't save itself because it wasn't cost-effective.\"""", ""statement_date"": ""2024-07-25"", ""factchecker"": ""Snopes"", ""factcheck_analysis_link"": ""https://www.snopes.com/fact-check/kurt-vonnegut-society-quote/""}",UNVERIFIABLE,Social Media,"Author Kurt Vonnegut once said: ""We'll go down in history as the first society that wouldn't save itself because it wasn't cost-effective.""",2024-07-25,Snopes,https://www.snopes.com/fact-check/kurt-vonnegut-society-quote/,curse of knowledge,0.372,low,True,"[{""bias"": ""curse of knowledge"", ""confidence"": 0.372}]","Author Kurt Vonnegut once said: ""We'll go down in history as the first society that wouldn't save itself because it wasn't cost-effective.""",2024-07-25,unverifiable
fact5,unknown,69,"“Even before the pandemic, America went into a manufacturing recession.”","“Even before the pandemic, America went into a manufacturing recession.”",2024-07-28,2024-07-28,MOSTLY TRUE,supported,"{""verdict"": ""MOSTLY TRUE"", ""statement_originator"": ""Pete Buttigieg"", ""statement"": ""“Even before the pandemic, America went into a manufacturing recession.”"", ""statement_date"": ""2024-07-28"", ""factchecker"": ""PolitiFact"", ""factcheck_analysis_link"": ""https://www.politifact.com/factchecks/2024/jul/31/pete-buttigieg/was-us-manufacturing-in-recession-before-the-pande/""}",MOSTLY TRUE,Pete Buttigieg,"“Even before the pandemic, America went into a manufacturing recession.”",2024-07-28,PolitiFact,https://www.politifact.com/factchecks/2024/jul/31/pete-buttigieg/was-us-manufacturing-in-recession-before-the-pande/,hindsight bias,0.2461,very_low,False,[],"“Even before the pandemic, America went into a manufacturing recession.”",2024-07-28,supported
fact5,unknown,70,“[Kamala Harris] wants to take away your gas stoves.”,“[Kamala Harris] wants to take away your gas stoves.”,2024-08-03,2024-08-03,FALSE,refuted,"{""verdict"": ""FALSE"", ""statement_originator"": ""JD Vance"", ""statement"": ""“[Kamala Harris] wants to take away your gas stoves.”"", ""statement_date"": ""2024-08-03"", ""factchecker"": ""Washington Post"", ""factcheck_analysis_link"": ""https://www.washingtonpost.com/politics/2024/08/13/trio-silly-false-claims-that-jd-vance-makes-about-kamala-harris/""}",FALSE,JD Vance,“[Kamala Harris] wants to take away your gas stoves.”,2024-08-03,Washington Post,https://www.washingtonpost.com/politics/2024/08/13/trio-silly-false-claims-that-jd-vance-makes-about-kamala-harris/,curse of knowledge,0.0804,very_low,False,[],“[Kamala Harris] wants to take away your gas stoves.”,2024-08-03,refuted
fact5,unknown,71,“[Kamala Harris] even wants to take away your ability to eat red meat. That’s how out there she is. That’s real. The fake news will fact-check it. They will fact-check it true. She actually said that.”,“[Kamala Harris] even wants to take away your ability to eat red meat. That’s how out there she is. That’s real. The fake news will fact-check it. They will fact-check it true. She actually said that.”,2024-08-03,2024-08-03,FALSE,refuted,"{""verdict"": ""FALSE"", ""statement_originator"": ""JD Vance"", ""statement"": ""“[Kamala Harris] even wants to take away your ability to eat red meat. That’s how out there she is. That’s real. The fake news will fact-check it. They will fact-check it true. She actually said that.”"", ""statement_date"": ""2024-08-03"", ""factchecker"": ""Washington Post"", ""factcheck_analysis_link"": ""https://www.washingtonpost.com/politics/2024/08/13/trio-silly-false-claims-that-jd-vance-makes-about-kamala-harris/""}",FALSE,JD Vance,“[Kamala Harris] even wants to take away your ability to eat red meat. That’s how out there she is. That’s real. The fake news will fact-check it. They will fact-check it true. She actually said that.”,2024-08-03,Washington Post,https://www.washingtonpost.com/politics/2024/08/13/trio-silly-false-claims-that-jd-vance-makes-about-kamala-harris/,Normalcy bias,0.1418,very_low,False,[],“[Kamala Harris] even wants to take away your ability to eat red meat. That’s how out there she is. That’s real. The fake news will fact-check it. They will fact-check it true. She actually said that.”,2024-08-03,refuted
fact5,unknown,72,"JD Vance “literally wrote the foreword for the architect of the Project 2025 agenda.""","JD Vance “literally wrote the foreword for the architect of the Project 2025 agenda.""",2024-08-06,2024-08-06,TRUE,supported,"{""verdict"": ""TRUE"", ""statement_originator"": ""Tim Walz"", ""statement"": ""JD Vance “literally wrote the foreword for the architect of the Project 2025 agenda.\"""", ""statement_date"": ""2024-08-06"", ""factchecker"": ""PolitiFact"", ""factcheck_analysis_link"": ""https://www.politifact.com/factchecks/2024/aug/14/tim-walz/jd-vance-wrote-the-foreword-for-project-2025s-kevi/""}",TRUE,Tim Walz,"JD Vance “literally wrote the foreword for the architect of the Project 2025 agenda.""",2024-08-06,PolitiFact,https://www.politifact.com/factchecks/2024/aug/14/tim-walz/jd-vance-wrote-the-foreword-for-project-2025s-kevi/,curse of knowledge,0.6239,medium,True,"[{""bias"": ""curse of knowledge"", ""confidence"": 0.6239}]","JD Vance “literally wrote the foreword for the architect of the Project 2025 agenda.""",2024-08-06,supported
fact5,unknown,73,Minnesota Gov. Tim Walz signed “legislation giving free college … to illegal immigrants.”,Minnesota Gov. Tim Walz signed “legislation giving free college … to illegal immigrants.”,2024-08-06,2024-08-06,MOSTLY TRUE,supported,"{""verdict"": ""MOSTLY TRUE"", ""statement_originator"": ""Lindsey Graham"", ""statement"": ""Minnesota Gov. Tim Walz signed “legislation giving free college … to illegal immigrants.”"", ""statement_date"": ""2024-08-06"", ""factchecker"": ""PolitiFact"", ""factcheck_analysis_link"": ""https://www.politifact.com/factchecks/2024/aug/09/lindsey-graham/gov-tim-walz-signed-law-giving-some-minnesota-stud/""}",MOSTLY TRUE,Lindsey Graham,Minnesota Gov. Tim Walz signed “legislation giving free college … to illegal immigrants.”,2024-08-06,PolitiFact,https://www.politifact.com/factchecks/2024/aug/09/lindsey-graham/gov-tim-walz-signed-law-giving-some-minnesota-stud/,curse of knowledge,0.4296,low,True,"[{""bias"": ""curse of knowledge"", ""confidence"": 0.4296}]",Minnesota Gov. Tim Walz signed “legislation giving free college … to illegal immigrants.”,2024-08-06,supported
fact5,unknown,74,"""Tim Walz signed into law driver's licenses for illegal immigrants in Minnesota.""","""Tim Walz signed into law driver's licenses for illegal immigrants in Minnesota.""",2024-08-06,2024-08-06,TRUE,supported,"{""verdict"": ""TRUE"", ""statement_originator"": ""Byron Donalds"", ""statement"": ""\""Tim Walz signed into law driver's licenses for illegal immigrants in Minnesota.\"""", ""statement_date"": ""2024-08-06"", ""factchecker"": ""PolitiFact"", ""factcheck_analysis_link"": ""https://www.politifact.com/factchecks/2024/aug/09/byron-donalds/yes-tim-walz-signed-a-law-letting-immigrants-illeg/""}",TRUE,Byron Donalds,"""Tim Walz signed into law driver's licenses for illegal immigrants in Minnesota.""",2024-08-06,PolitiFact,https://www.politifact.com/factchecks/2024/aug/09/byron-donalds/yes-tim-walz-signed-a-law-letting-immigrants-illeg/,hindsight bias,0.302,low,True,"[{""bias"": ""hindsight bias"", ""confidence"": 0.302}]","""Tim Walz signed into law driver's licenses for illegal immigrants in Minnesota.""",2024-08-06,supported
fact5,unknown,75,"Tim Walz said he carried weapons in war, but “he has not spent a day in a combat zone.”","Tim Walz said he carried weapons in war, but “he has not spent a day in a combat zone.”",2024-08-07,2024-08-07,TRUE,supported,"{""verdict"": ""TRUE"", ""statement_originator"": ""JD Vance"", ""statement"": ""Tim Walz said he carried weapons in war, but “he has not spent a day in a combat zone.”"", ""statement_date"": ""2024-08-07"", ""factchecker"": ""PolitiFact"", ""factcheck_analysis_link"": ""https://www.politifact.com/factchecks/2024/aug/12/jd-vance/walzs-2018-statement-implied-he-carried-weapons-in/""}",TRUE,JD Vance,"Tim Walz said he carried weapons in war, but “he has not spent a day in a combat zone.”",2024-08-07,PolitiFact,https://www.politifact.com/factchecks/2024/aug/12/jd-vance/walzs-2018-statement-implied-he-carried-weapons-in/,curse of knowledge,0.7555,high,True,"[{""bias"": ""curse of knowledge"", ""confidence"": 0.7555}]","Tim Walz said he carried weapons in war, but “he has not spent a day in a combat zone.”",2024-08-07,supported
fact5,unknown,76,"In the 1980s, U.S. Vice President Kamala Harris worked at McDonald's while completing her undergraduate degree.","In the 1980s, U.S. Vice President Kamala Harris worked at McDonald's while completing her undergraduate degree.",2024-08-10,2024-08-10,UNVERIFIABLE,unverifiable,"{""verdict"": ""UNVERIFIABLE"", ""statement_originator"": ""Kamala Harris Presidential Campaign"", ""statement"": ""In the 1980s, U.S. Vice President Kamala Harris worked at McDonald's while completing her undergraduate degree."", ""statement_date"": ""2024-08-10"", ""factchecker"": ""Snopes"", ""factcheck_analysis_link"": ""https://www.snopes.com/fact-check/harris-job-mcdonalds/""}",UNVERIFIABLE,Kamala Harris Presidential Campaign,"In the 1980s, U.S. Vice President Kamala Harris worked at McDonald's while completing her undergraduate degree.",2024-08-10,Snopes,https://www.snopes.com/fact-check/harris-job-mcdonalds/,curse of knowledge,0.8283,high,True,"[{""bias"": ""curse of knowledge"", ""confidence"": 0.8283}]","In the 1980s, U.S. Vice President Kamala Harris worked at McDonald's while completing her undergraduate degree.",2024-08-10,unverifiable
fact5,unknown,77,"“[Kamala Harris] has said things like, ‘it’s reasonable not to have children over climate change.’ I think that’s the exact opposite message we should be sending to our young families.”","“[Kamala Harris] has said things like, ‘it’s reasonable not to have children over climate change.’ I think that’s the exact opposite message we should be sending to our young families.”",2024-08-11,2024-08-11,FALSE,refuted,"{""verdict"": ""FALSE"", ""statement_originator"": ""JD Vance"", ""statement"": ""“[Kamala Harris] has said things like, ‘it’s reasonable not to have children over climate change.’ I think that’s the exact opposite message we should be sending to our young families.”"", ""statement_date"": ""2024-08-11"", ""factchecker"": ""Washington Post"", ""factcheck_analysis_link"": ""https://www.washingtonpost.com/politics/2024/08/13/trio-silly-false-claims-that-jd-vance-makes-about-kamala-harris/""}",FALSE,JD Vance,"“[Kamala Harris] has said things like, ‘it’s reasonable not to have children over climate change.’ I think that’s the exact opposite message we should be sending to our young families.”",2024-08-11,Washington Post,https://www.washingtonpost.com/politics/2024/08/13/trio-silly-false-claims-that-jd-vance-makes-about-kamala-harris/,Essentialism,0.2364,very_low,False,[],"“[Kamala Harris] has said things like, ‘it’s reasonable not to have children over climate change.’ I think that’s the exact opposite message we should be sending to our young families.”",2024-08-11,refuted
fact5,unknown,78,“Sam Brown publicly supported forcing massive cuts to Social Security and Medicare and was caught on tape saying he admires the plan to phase out Social Security and Medicare in five years.”,“Sam Brown publicly supported forcing massive cuts to Social Security and Medicare and was caught on tape saying he admires the plan to phase out Social Security and Medicare in five years.”,2024-08-13,2024-08-13,MOSTLY FALSE,refuted,"{""verdict"": ""MOSTLY FALSE"", ""statement_originator"": ""Jacky Rosen"", ""statement"": ""“Sam Brown publicly supported forcing massive cuts to Social Security and Medicare and was caught on tape saying he admires the plan to phase out Social Security and Medicare in five years.”"", ""statement_date"": ""2024-08-13"", ""factchecker"": ""PolitiFact"", ""factcheck_analysis_link"": ""https://www.politifact.com/factchecks/2024/sep/24/jacky-rosen/jacky-rosen-exaggerates-sam-browns-support-for-cut/""}",MOSTLY FALSE,Jacky Rosen,“Sam Brown publicly supported forcing massive cuts to Social Security and Medicare and was caught on tape saying he admires the plan to phase out Social Security and Medicare in five years.”,2024-08-13,PolitiFact,https://www.politifact.com/factchecks/2024/sep/24/jacky-rosen/jacky-rosen-exaggerates-sam-browns-support-for-cut/,Reactance,0.2152,very_low,False,[],“Sam Brown publicly supported forcing massive cuts to Social Security and Medicare and was caught on tape saying he admires the plan to phase out Social Security and Medicare in five years.”,2024-08-13,refuted
fact5,unknown,79,"“400,000 workers are now in a union that were not in a union when (Biden) became president.”","“400,000 workers are now in a union that were not in a union when (Biden) became president.”",2024-08-15,2024-08-15,MOSTLY TRUE,supported,"{""verdict"": ""MOSTLY TRUE"", ""statement_originator"": ""Julie Su"", ""statement"": ""“400,000 workers are now in a union that were not in a union when (Biden) became president.”"", ""statement_date"": ""2024-08-15"", ""factchecker"": ""PolitiFact"", ""factcheck_analysis_link"": ""https://www.politifact.com/factchecks/2024/sep/23/julie-su/yes-union-membership-has-increased-under-biden-but/""}",MOSTLY TRUE,Julie Su,"“400,000 workers are now in a union that were not in a union when (Biden) became president.”",2024-08-15,PolitiFact,https://www.politifact.com/factchecks/2024/sep/23/julie-su/yes-union-membership-has-increased-under-biden-but/,hindsight bias,0.21,very_low,False,[],"“400,000 workers are now in a union that were not in a union when (Biden) became president.”",2024-08-15,supported
fact5,unknown,80,"Nevada Sen. Jacky Rosen said the Biden administration did a ""tremendous job"" on the U.S. military’s Afghanistan withdrawal.","Nevada Sen. Jacky Rosen said the Biden administration did a ""tremendous job"" on the U.S. military’s Afghanistan withdrawal.",2024-08-15,2024-08-15,MOSTLY FALSE,refuted,"{""verdict"": ""MOSTLY FALSE"", ""statement_originator"": ""Sam Brown"", ""statement"": ""Nevada Sen. Jacky Rosen said the Biden administration did a \""tremendous job\"" on the U.S. military’s Afghanistan withdrawal."", ""statement_date"": ""2024-08-15"", ""factchecker"": ""PolitiFact"", ""factcheck_analysis_link"": ""https://www.politifact.com/factchecks/2024/sep/26/sam-brown/did-nevada-sen-jacky-rosen-say-joe-biden-did-a-tre/""}",MOSTLY FALSE,Sam Brown,"Nevada Sen. Jacky Rosen said the Biden administration did a ""tremendous job"" on the U.S. military’s Afghanistan withdrawal.",2024-08-15,PolitiFact,https://www.politifact.com/factchecks/2024/sep/26/sam-brown/did-nevada-sen-jacky-rosen-say-joe-biden-did-a-tre/,curse of knowledge,0.295,very_low,False,[],"Nevada Sen. Jacky Rosen said the Biden administration did a ""tremendous job"" on the U.S. military’s Afghanistan withdrawal.",2024-08-15,refuted
fact5,unknown,81,"“MAGA Republicans like Kari Lake support Project 2025, which would raise the retirement age for 73% of Arizonans.”","“MAGA Republicans like Kari Lake support Project 2025, which would raise the retirement age for 73% of Arizonans.”",2024-08-17,2024-08-17,MOSTLY FALSE,refuted,"{""verdict"": ""MOSTLY FALSE"", ""statement_originator"": ""Ruben Gallego"", ""statement"": ""“MAGA Republicans like Kari Lake support Project 2025, which would raise the retirement age for 73% of Arizonans.”"", ""statement_date"": ""2024-08-17"", ""factchecker"": ""PolitiFact"", ""factcheck_analysis_link"": ""https://www.politifact.com/factchecks/2024/sep/26/ruben-gallego/has-kari-lake-supported-project-2025-on-social-sec/""}",MOSTLY FALSE,Ruben Gallego,"“MAGA Republicans like Kari Lake support Project 2025, which would raise the retirement age for 73% of Arizonans.”",2024-08-17,PolitiFact,https://www.politifact.com/factchecks/2024/sep/26/ruben-gallego/has-kari-lake-supported-project-2025-on-social-sec/,Pro-Innovation Bias,0.4452,low,True,"[{""bias"": ""Pro-Innovation Bias"", ""confidence"": 0.4452}]","“MAGA Republicans like Kari Lake support Project 2025, which would raise the retirement age for 73% of Arizonans.”",2024-08-17,refuted
fact5,unknown,82,"In a phone call with Benjamin Netanyahu, Donald Trump told the Israeli prime minister to stop a Gaza ceasefire deal because it would help Vice President Kamala Harris' 2024 presidential campaign.","In a phone call with Benjamin Netanyahu, Donald Trump told the Israeli prime minister to stop a Gaza ceasefire deal because it would help Vice President Kamala Harris' 2024 presidential campaign.",2024-08-20,2024-08-20,UNVERIFIABLE,unverifiable,"{""verdict"": ""UNVERIFIABLE"", ""statement_originator"": ""Judy Woodruff"", ""statement"": ""In a phone call with Benjamin Netanyahu, Donald Trump told the Israeli prime minister to stop a Gaza ceasefire deal because it would help Vice President Kamala Harris' 2024 presidential campaign."", ""statement_date"": ""2024-08-20"", ""factchecker"": ""Snopes"", ""factcheck_analysis_link"": ""https://www.snopes.com/fact-check/trump-netanyahu-ceasefire-harris/""}",UNVERIFIABLE,Judy Woodruff,"In a phone call with Benjamin Netanyahu, Donald Trump told the Israeli prime minister to stop a Gaza ceasefire deal because it would help Vice President Kamala Harris' 2024 presidential campaign.",2024-08-20,Snopes,https://www.snopes.com/fact-check/trump-netanyahu-ceasefire-harris/,curse of knowledge,0.2958,very_low,False,[],"In a phone call with Benjamin Netanyahu, Donald Trump told the Israeli prime minister to stop a Gaza ceasefire deal because it would help Vice President Kamala Harris' 2024 presidential campaign.",2024-08-20,unverifiable
fact5,unknown,83,"“JD Vance actually sent a letter last year to the Department of Justice saying, ‘enforce the Comstock Act.’”","“JD Vance actually sent a letter last year to the Department of Justice saying, ‘enforce the Comstock Act.’”",2024-08-25,2024-08-25,TRUE,supported,"{""verdict"": ""TRUE"", ""statement_originator"": ""Elizabeth Warren"", ""statement"": ""“JD Vance actually sent a letter last year to the Department of Justice saying, ‘enforce the Comstock Act.’”"", ""statement_date"": ""2024-08-25"", ""factchecker"": ""PolitiFact"", ""factcheck_analysis_link"": ""https://www.politifact.com/factchecks/2024/aug/30/elizabeth-warren/jd-vance-joined-republican-letter-urging-doj-to-en/""}",TRUE,Elizabeth Warren,"“JD Vance actually sent a letter last year to the Department of Justice saying, ‘enforce the Comstock Act.’”",2024-08-25,PolitiFact,https://www.politifact.com/factchecks/2024/aug/30/elizabeth-warren/jd-vance-joined-republican-letter-urging-doj-to-en/,curse of knowledge,0.6344,medium,True,"[{""bias"": ""curse of knowledge"", ""confidence"": 0.6344}]","“JD Vance actually sent a letter last year to the Department of Justice saying, ‘enforce the Comstock Act.’”",2024-08-25,supported
fact5,unknown,84,"“This month alone, more than 16,000 non-citizens have been removed from the voter rolls in 3 states.”","“This month alone, more than 16,000 non-citizens have been removed from the voter rolls in 3 states.”",2024-08-28,2024-08-28,HALF TRUE,half true,"{""verdict"": ""HALF TRUE"", ""statement_originator"": ""Rick Scott"", ""statement"": ""“This month alone, more than 16,000 non-citizens have been removed from the voter rolls in 3 states.”"", ""statement_date"": ""2024-08-28"", ""factchecker"": ""PolitiFact"", ""factcheck_analysis_link"": ""https://www.politifact.com/factchecks/2024/aug/29/rick-scott/sen-rick-scott-said-3-states-removed-thousands-of/""}",HALF TRUE,Rick Scott,"“This month alone, more than 16,000 non-citizens have been removed from the voter rolls in 3 states.”",2024-08-28,PolitiFact,https://www.politifact.com/factchecks/2024/aug/29/rick-scott/sen-rick-scott-said-3-states-removed-thousands-of/,Availability heuristic,0.3407,low,True,"[{""bias"": ""Availability heuristic"", ""confidence"": 0.3407}]","“This month alone, more than 16,000 non-citizens have been removed from the voter rolls in 3 states.”",2024-08-28,half true
fact5,unknown,85,"“We didn’t lose one person in 18 months. And then they took over that disaster.” — Former president Donald Trump, in a video of him at Arlington National Cemetery speaking to the families of U.S. troops killed at Abbey Gate in Afghanistan","“We didn’t lose one person in 18 months. And then they took over that disaster.” — Former president Donald Trump, in a video of him at Arlington National Cemetery speaking to the families of U.S. troops killed at Abbey Gate in Afghanistan",2024-08-28,2024-08-28,HALF TRUE,half true,"{""verdict"": ""HALF TRUE"", ""statement_originator"": ""Donald Trump"", ""statement"": ""“We didn’t lose one person in 18 months. And then they took over that disaster.” — Former president Donald Trump, in a video of him at Arlington National Cemetery speaking to the families of U.S. troops killed at Abbey Gate in Afghanistan"", ""statement_date"": ""2024-08-28"", ""factchecker"": ""Washington Post"", ""factcheck_analysis_link"": ""https://www.washingtonpost.com/politics/2024/09/04/trump-misled-gold-star-families-troop-deaths-afghanistan/ ""}",HALF TRUE,Donald Trump,"“We didn’t lose one person in 18 months. And then they took over that disaster.” — Former president Donald Trump, in a video of him at Arlington National Cemetery speaking to the families of U.S. troops killed at Abbey Gate in Afghanistan",2024-08-28,Washington Post,https://www.washingtonpost.com/politics/2024/09/04/trump-misled-gold-star-families-troop-deaths-afghanistan/ ,hindsight bias,0.5387,medium,True,"[{""bias"": ""hindsight bias"", ""confidence"": 0.5387}]","“We didn’t lose one person in 18 months. And then they took over that disaster.” — Former president Donald Trump, in a video of him at Arlington National Cemetery speaking to the families of U.S. troops killed at Abbey Gate in Afghanistan",2024-08-28,half true
fact5,unknown,86,"""Typically you have three to four debates in a U.S. Senate race. (Sen. Tammy Baldwin, D-Wis. has) given me one debate, almost a month after early voting has started.""","""Typically you have three to four debates in a U.S. Senate race. (Sen. Tammy Baldwin, D-Wis. has) given me one debate, almost a month after early voting has started.""",2024-09-03,2024-09-03,MOSTLY TRUE,supported,"{""verdict"": ""MOSTLY TRUE"", ""statement_originator"": ""Eric Hovde"", ""statement"": ""\""Typically you have three to four debates in a U.S. Senate race. (Sen. Tammy Baldwin, D-Wis. has) given me one debate, almost a month after early voting has started.\"""", ""statement_date"": ""2024-09-03"", ""factchecker"": ""PolitiFact"", ""factcheck_analysis_link"": ""https://www.politifact.com/factchecks/2024/sep/17/eric-hovde/does-the-baldwin-hovde-debate-take-place-after-vot/""}",MOSTLY TRUE,Eric Hovde,"""Typically you have three to four debates in a U.S. Senate race. (Sen. Tammy Baldwin, D-Wis. has) given me one debate, almost a month after early voting has started.""",2024-09-03,PolitiFact,https://www.politifact.com/factchecks/2024/sep/17/eric-hovde/does-the-baldwin-hovde-debate-take-place-after-vot/,clustering illusion,0.2527,very_low,False,[],"""Typically you have three to four debates in a U.S. Senate race. (Sen. Tammy Baldwin, D-Wis. has) given me one debate, almost a month after early voting has started.""",2024-09-03,supported
fact5,unknown,87,“Dave McCormick is fully against abortion.”,“Dave McCormick is fully against abortion.”,2024-09-03,2024-09-03,MOSTLY FALSE,refuted,"{""verdict"": ""MOSTLY FALSE"", ""statement_originator"": ""WinSenate"", ""statement"": ""“Dave McCormick is fully against abortion.”"", ""statement_date"": ""2024-09-03"", ""factchecker"": ""PolitiFact"", ""factcheck_analysis_link"": ""https://www.politifact.com/factchecks/2024/oct/12/winsenate/democratic-ad-overstates-dave-mccormicks-abortion/""}",MOSTLY FALSE,WinSenate,“Dave McCormick is fully against abortion.”,2024-09-03,PolitiFact,https://www.politifact.com/factchecks/2024/oct/12/winsenate/democratic-ad-overstates-dave-mccormicks-abortion/,clustering illusion,0.2486,very_low,False,[],“Dave McCormick is fully against abortion.”,2024-09-03,refuted
fact5,unknown,88,U.S. Sen. Sherrod Brown “supported allowing puberty blockers and sex-change surgeries for minor children.”,U.S. Sen. Sherrod Brown “supported allowing puberty blockers and sex-change surgeries for minor children.”,2024-09-03,2024-09-03,MOSTLY FALSE,refuted,"{""verdict"": ""MOSTLY FALSE"", ""statement_originator"": ""Senate Leadership Fund"", ""statement"": ""U.S. Sen. Sherrod Brown “supported allowing puberty blockers and sex-change surgeries for minor children.”"", ""statement_date"": ""2024-09-03"", ""factchecker"": ""PolitiFact"", ""factcheck_analysis_link"": ""https://www.politifact.com/factchecks/2024/oct/11/senate-leadership-fund/republican-super-pac-wrong-on-sen-sherrod-browns-g/""}",MOSTLY FALSE,Senate Leadership Fund,U.S. Sen. Sherrod Brown “supported allowing puberty blockers and sex-change surgeries for minor children.”,2024-09-03,PolitiFact,https://www.politifact.com/factchecks/2024/oct/11/senate-leadership-fund/republican-super-pac-wrong-on-sen-sherrod-browns-g/,curse of knowledge,0.8475,high,True,"[{""bias"": ""curse of knowledge"", ""confidence"": 0.8475}]",U.S. Sen. Sherrod Brown “supported allowing puberty blockers and sex-change surgeries for minor children.”,2024-09-03,refuted
fact5,unknown,89,"Of Bernie Moreno, “Now, he’s arguing for a national abortion ban, no exceptions.”","Of Bernie Moreno, “Now, he’s arguing for a national abortion ban, no exceptions.”",2024-09-04,2024-09-04,HALF TRUE,half true,"{""verdict"": ""HALF TRUE"", ""statement_originator"": ""Sherrod Brown"", ""statement"": ""Of Bernie Moreno, “Now, he’s arguing for a national abortion ban, no exceptions.”"", ""statement_date"": ""2024-09-04"", ""factchecker"": ""PolitiFact"", ""factcheck_analysis_link"": ""https://www.politifact.com/factchecks/2024/sep/19/sherrod-brown/sherrod-brown-claim-about-bernie-moreno-and-aborti/""}",HALF TRUE,Sherrod Brown,"Of Bernie Moreno, “Now, he’s arguing for a national abortion ban, no exceptions.”",2024-09-04,PolitiFact,https://www.politifact.com/factchecks/2024/sep/19/sherrod-brown/sherrod-brown-claim-about-bernie-moreno-and-aborti/,curse of knowledge,0.9025,high,True,"[{""bias"": ""curse of knowledge"", ""confidence"": 0.9025}]","Of Bernie Moreno, “Now, he’s arguing for a national abortion ban, no exceptions.”",2024-09-04,half true
fact5,unknown,90,"Laurie Buckhout is “trying to get to Congress to pass a national abortion ban, allowing politicians to ban abortions with no exceptions and prosecute women if they get an abortion, treating women right here like criminals.”","Laurie Buckhout is “trying to get to Congress to pass a national abortion ban, allowing politicians to ban abortions with no exceptions and prosecute women if they get an abortion, treating women right here like criminals.”",2024-09-09,2024-09-09,MOSTLY FALSE,refuted,"{""verdict"": ""MOSTLY FALSE"", ""statement_originator"": ""House Majority PAC"", ""statement"": ""Laurie Buckhout is “trying to get to Congress to pass a national abortion ban, allowing politicians to ban abortions with no exceptions and prosecute women if they get an abortion, treating women right here like criminals.”"", ""statement_date"": ""2024-09-09"", ""factchecker"": ""PolitiFact"", ""factcheck_analysis_link"": ""https://www.politifact.com/factchecks/2024/oct/01/house-majority-pac/fact-checking-ad-about-republican-laurie-buckhouts/""}",MOSTLY FALSE,House Majority PAC,"Laurie Buckhout is “trying to get to Congress to pass a national abortion ban, allowing politicians to ban abortions with no exceptions and prosecute women if they get an abortion, treating women right here like criminals.”",2024-09-09,PolitiFact,https://www.politifact.com/factchecks/2024/oct/01/house-majority-pac/fact-checking-ad-about-republican-laurie-buckhouts/,curse of knowledge,0.2449,very_low,False,[],"Laurie Buckhout is “trying to get to Congress to pass a national abortion ban, allowing politicians to ban abortions with no exceptions and prosecute women if they get an abortion, treating women right here like criminals.”",2024-09-09,refuted
fact5,unknown,91,"“Less than three months ago, Kamala Harris and her administration blocked 300,000 unvetted Haitian migrants from being deported out of our country.""","“Less than three months ago, Kamala Harris and her administration blocked 300,000 unvetted Haitian migrants from being deported out of our country.""",2024-09-09,2024-09-09,MOSTLY FALSE,refuted,"{""verdict"": ""MOSTLY FALSE"", ""statement_originator"": ""Donald Trump Jr."", ""statement"": ""“Less than three months ago, Kamala Harris and her administration blocked 300,000 unvetted Haitian migrants from being deported out of our country.\"""", ""statement_date"": ""2024-09-09"", ""factchecker"": ""PolitiFact"", ""factcheck_analysis_link"": ""https://www.politifact.com/factchecks/2024/sep/30/donald-trump-jr/biden-administration-prevented-haitians-deportatio/""}",MOSTLY FALSE,Donald Trump Jr.,"“Less than three months ago, Kamala Harris and her administration blocked 300,000 unvetted Haitian migrants from being deported out of our country.""",2024-09-09,PolitiFact,https://www.politifact.com/factchecks/2024/sep/30/donald-trump-jr/biden-administration-prevented-haitians-deportatio/,hindsight bias,0.143,very_low,False,[],"“Less than three months ago, Kamala Harris and her administration blocked 300,000 unvetted Haitian migrants from being deported out of our country.""",2024-09-09,refuted
fact5,unknown,92,“Donald Trump said he was going to allow Medicare to negotiate drug prices. He never did. We did.”,“Donald Trump said he was going to allow Medicare to negotiate drug prices. He never did. We did.”,2024-09-10,2024-09-10,TRUE,supported,"{""verdict"": ""TRUE"", ""statement_originator"": ""Kamala Harris"", ""statement"": ""“Donald Trump said he was going to allow Medicare to negotiate drug prices. He never did. We did.”"", ""statement_date"": ""2024-09-10"", ""factchecker"": ""PolitiFact"", ""factcheck_analysis_link"": ""https://www.politifact.com/factchecks/2024/sep/30/kamala-harris/trump-never-managed-to-implement-rx-drug-price-neg/""}",TRUE,Kamala Harris,“Donald Trump said he was going to allow Medicare to negotiate drug prices. He never did. We did.”,2024-09-10,PolitiFact,https://www.politifact.com/factchecks/2024/sep/30/kamala-harris/trump-never-managed-to-implement-rx-drug-price-neg/,Post-purchase rationalization,0.1342,very_low,False,[],“Donald Trump said he was going to allow Medicare to negotiate drug prices. He never did. We did.”,2024-09-10,supported
fact5,unknown,93,Mike Rogers supported “laws that could eliminate IVF and birth control.”,Mike Rogers supported “laws that could eliminate IVF and birth control.”,2024-09-11,2024-09-11,HALF TRUE,half true,"{""verdict"": ""HALF TRUE"", ""statement_originator"": ""Elissa Slotkin"", ""statement"": ""Mike Rogers supported “laws that could eliminate IVF and birth control.”"", ""statement_date"": ""2024-09-11"", ""factchecker"": ""PolitiFact"", ""factcheck_analysis_link"": ""https://www.politifact.com/factchecks/2024/sep/13/elissa-slotkin/claim-that-ivf-and-birth-control-could-go-away-und/""}",HALF TRUE,Elissa Slotkin,Mike Rogers supported “laws that could eliminate IVF and birth control.”,2024-09-11,PolitiFact,https://www.politifact.com/factchecks/2024/sep/13/elissa-slotkin/claim-that-ivf-and-birth-control-could-go-away-und/,curse of knowledge,0.6353,medium,True,"[{""bias"": ""curse of knowledge"", ""confidence"": 0.6353}]",Mike Rogers supported “laws that could eliminate IVF and birth control.”,2024-09-11,half true
fact5,unknown,94,Former President Donald Trump “started out with $400 million on a silver platter and then filed for bankruptcy six times.”,Former President Donald Trump “started out with $400 million on a silver platter and then filed for bankruptcy six times.”,2024-09-12,2024-09-12,HALF TRUE,half true,"{""verdict"": ""HALF TRUE"", ""statement_originator"": ""Kamala Harris"", ""statement"": ""Former President Donald Trump “started out with $400 million on a silver platter and then filed for bankruptcy six times.”"", ""statement_date"": ""2024-09-12"", ""factchecker"": ""PolitiFact"", ""factcheck_analysis_link"": ""https://www.politifact.com/factchecks/2024/sep/20/kamala-harris/kamala-harris-exaggerates-scale-of-donald-trumps-i/""}",HALF TRUE,Kamala Harris,Former President Donald Trump “started out with $400 million on a silver platter and then filed for bankruptcy six times.”,2024-09-12,PolitiFact,https://www.politifact.com/factchecks/2024/sep/20/kamala-harris/kamala-harris-exaggerates-scale-of-donald-trumps-i/,Just-world hypothesis,0.4511,low,True,"[{""bias"": ""Just-world hypothesis"", ""confidence"": 0.4511}]",Former President Donald Trump “started out with $400 million on a silver platter and then filed for bankruptcy six times.”,2024-09-12,half true
fact5,unknown,95,"Gubernatorial candidate Kelly Ayotte “has voted for national abortion bans, she has voted to defund Planned Parenthood, and she shepherded Neil Gorsuch through the Supreme Court process, and then celebrated when Roe v. Wade was overturned.”","Gubernatorial candidate Kelly Ayotte “has voted for national abortion bans, she has voted to defund Planned Parenthood, and she shepherded Neil Gorsuch through the Supreme Court process, and then celebrated when Roe v. Wade was overturned.”",2024-09-15,2024-09-15,HALF TRUE,half true,"{""verdict"": ""HALF TRUE"", ""statement_originator"": ""Joyce Craig"", ""statement"": ""Gubernatorial candidate Kelly Ayotte “has voted for national abortion bans, she has voted to defund Planned Parenthood, and she shepherded Neil Gorsuch through the Supreme Court process, and then celebrated when Roe v. Wade was overturned.”"", ""statement_date"": ""2024-09-15"", ""factchecker"": ""PolitiFact"", ""factcheck_analysis_link"": ""https://www.politifact.com/factchecks/2024/oct/23/joyce-craig/fact-checking-joyce-craigs-claims-on-kelly-ayotte/""}",HALF TRUE,Joyce Craig,"Gubernatorial candidate Kelly Ayotte “has voted for national abortion bans, she has voted to defund Planned Parenthood, and she shepherded Neil Gorsuch through the Supreme Court process, and then celebrated when Roe v. Wade was overturned.”",2024-09-15,PolitiFact,https://www.politifact.com/factchecks/2024/oct/23/joyce-craig/fact-checking-joyce-craigs-claims-on-kelly-ayotte/,clustering illusion,0.2113,very_low,False,[],"Gubernatorial candidate Kelly Ayotte “has voted for national abortion bans, she has voted to defund Planned Parenthood, and she shepherded Neil Gorsuch through the Supreme Court process, and then celebrated when Roe v. Wade was overturned.”",2024-09-15,half true
fact5,unknown,96,“Project 2025 wants to get rid of NOAA” and the National Weather Service.,“Project 2025 wants to get rid of NOAA” and the National Weather Service.,2024-09-19,2024-09-19,HALF TRUE,half true,"{""verdict"": ""HALF TRUE"", ""statement_originator"": ""Jared Moskowitz"", ""statement"": ""“Project 2025 wants to get rid of NOAA” and the National Weather Service."", ""statement_date"": ""2024-09-19"", ""factchecker"": ""PolitiFact"", ""factcheck_analysis_link"": ""https://www.politifact.com/factchecks/2024/sep/26/jared-moskowitz/what-does-project-2025-say-about-the-national-weat/""}",HALF TRUE,Jared Moskowitz,“Project 2025 wants to get rid of NOAA” and the National Weather Service.,2024-09-19,PolitiFact,https://www.politifact.com/factchecks/2024/sep/26/jared-moskowitz/what-does-project-2025-say-about-the-national-weat/,Bandwagon effect,0.5892,medium,True,"[{""bias"": ""Bandwagon effect"", ""confidence"": 0.5892}]",“Project 2025 wants to get rid of NOAA” and the National Weather Service.,2024-09-19,half true
fact5,unknown,97,Kamala Harris “supports taxpayer-funded sex changes for prisoners and illegal aliens.”,Kamala Harris “supports taxpayer-funded sex changes for prisoners and illegal aliens.”,2024-09-20,2024-09-20,MOSTLY TRUE,supported,"{""verdict"": ""MOSTLY TRUE"", ""statement_originator"": ""Donald Trump"", ""statement"": ""Kamala Harris “supports taxpayer-funded sex changes for prisoners and illegal aliens.”"", ""statement_date"": ""2024-09-20"", ""factchecker"": ""PolitiFact"", ""factcheck_analysis_link"": ""https://www.politifact.com/factchecks/2024/oct/18/donald-trump/harris-support-for-prisoner-access-to-transgender/""}",MOSTLY TRUE,Donald Trump,Kamala Harris “supports taxpayer-funded sex changes for prisoners and illegal aliens.”,2024-09-20,PolitiFact,https://www.politifact.com/factchecks/2024/oct/18/donald-trump/harris-support-for-prisoner-access-to-transgender/,curse of knowledge,0.2415,very_low,False,[],Kamala Harris “supports taxpayer-funded sex changes for prisoners and illegal aliens.”,2024-09-20,supported
fact5,unknown,98,"Wisconsin GOP U.S. Senate candidate Eric Hovde ""brags about being in the 1%.""","Wisconsin GOP U.S. Senate candidate Eric Hovde ""brags about being in the 1%.""",2024-09-20,2024-09-20,MOSTLY TRUE,supported,"{""verdict"": ""MOSTLY TRUE"", ""statement_originator"": ""Democratic Senatorial Campaign Committee"", ""statement"": ""Wisconsin GOP U.S. Senate candidate Eric Hovde \""brags about being in the 1%.\"""", ""statement_date"": ""2024-09-20"", ""factchecker"": ""PolitiFact"", ""factcheck_analysis_link"": ""https://www.politifact.com/factchecks/2024/oct/10/democratic-senatorial-campaign-committee/did-eric-hovde-brag-about-being-in-the-1-his-campa/""}",MOSTLY TRUE,Democratic Senatorial Campaign Committee,"Wisconsin GOP U.S. Senate candidate Eric Hovde ""brags about being in the 1%.""",2024-09-20,PolitiFact,https://www.politifact.com/factchecks/2024/oct/10/democratic-senatorial-campaign-committee/did-eric-hovde-brag-about-being-in-the-1-his-campa/,curse of knowledge,0.8579,high,True,"[{""bias"": ""curse of knowledge"", ""confidence"": 0.8579}]","Wisconsin GOP U.S. Senate candidate Eric Hovde ""brags about being in the 1%.""",2024-09-20,supported
fact5,unknown,99,"“Donald Trump added more to the national debt than any other president, ever.”","“Donald Trump added more to the national debt than any other president, ever.”",2024-09-21,2024-09-21,HALF TRUE,half true,"{""verdict"": ""HALF TRUE"", ""statement_originator"": ""Tim Walz"", ""statement"": ""“Donald Trump added more to the national debt than any other president, ever.”"", ""statement_date"": ""2024-09-21"", ""factchecker"": ""PolitiFact"", ""factcheck_analysis_link"": ""https://www.politifact.com/factchecks/2024/sep/25/tim-walz/fact-checking-tim-walz-on-which-president-added-th/""}",HALF TRUE,Tim Walz,"“Donald Trump added more to the national debt than any other president, ever.”",2024-09-21,PolitiFact,https://www.politifact.com/factchecks/2024/sep/25/tim-walz/fact-checking-tim-walz-on-which-president-added-th/,hindsight bias,0.1844,very_low,False,[],"“Donald Trump added more to the national debt than any other president, ever.”",2024-09-21,half true
fact5,unknown,100,"Florida ""put Tom Walz instead of Tim Walz"" on its ballots.","Florida ""put Tom Walz instead of Tim Walz"" on its ballots.",2024-09-22,2024-09-22,HALF TRUE,half true,"{""verdict"": ""HALF TRUE"", ""statement_originator"": ""Threads posts"", ""statement"": ""Florida \""put Tom Walz instead of Tim Walz\"" on its ballots."", ""statement_date"": ""2024-09-22"", ""factchecker"": ""PolitiFact"", ""factcheck_analysis_link"": ""https://www.politifact.com/factchecks/2024/sep/25/threads-posts/its-tim-not-tom-walz-but-typo-on-florida-countys-o/""}",HALF TRUE,Threads posts,"Florida ""put Tom Walz instead of Tim Walz"" on its ballots.",2024-09-22,PolitiFact,https://www.politifact.com/factchecks/2024/sep/25/threads-posts/its-tim-not-tom-walz-but-typo-on-florida-countys-o/,curse of knowledge,0.5965,medium,True,"[{""bias"": ""curse of knowledge"", ""confidence"": 0.5965}]","Florida ""put Tom Walz instead of Tim Walz"" on its ballots.",2024-09-22,half true
fact5,unknown,101,"“There was a bill to basically create a ban to make sure we never become a sanctuary state, that no locality passes those regulations, and (former Manchester Mayor Joyce Craig) opposed that bill.”","“There was a bill to basically create a ban to make sure we never become a sanctuary state, that no locality passes those regulations, and (former Manchester Mayor Joyce Craig) opposed that bill.”",2024-09-25,2024-09-25,MOSTLY TRUE,supported,"{""verdict"": ""MOSTLY TRUE"", ""statement_originator"": ""Kelly Ayotte"", ""statement"": ""“There was a bill to basically create a ban to make sure we never become a sanctuary state, that no locality passes those regulations, and (former Manchester Mayor Joyce Craig) opposed that bill.”"", ""statement_date"": ""2024-09-25"", ""factchecker"": ""PolitiFact"", ""factcheck_analysis_link"": ""https://www.politifact.com/factchecks/2024/oct/23/kelly-ayotte/fact-checking-new-hampshires-governor-race-did-joy/""}",MOSTLY TRUE,Kelly Ayotte,"“There was a bill to basically create a ban to make sure we never become a sanctuary state, that no locality passes those regulations, and (former Manchester Mayor Joyce Craig) opposed that bill.”",2024-09-25,PolitiFact,https://www.politifact.com/factchecks/2024/oct/23/kelly-ayotte/fact-checking-new-hampshires-governor-race-did-joy/,Omission bias,0.5092,medium,True,"[{""bias"": ""Omission bias"", ""confidence"": 0.5092}]","“There was a bill to basically create a ban to make sure we never become a sanctuary state, that no locality passes those regulations, and (former Manchester Mayor Joyce Craig) opposed that bill.”",2024-09-25,supported
fact5,unknown,102,"“Even before the pandemic, (Donald Trump) lost manufacturing jobs, by most people’s estimates at least 200,000.”","“Even before the pandemic, (Donald Trump) lost manufacturing jobs, by most people’s estimates at least 200,000.”",2024-09-25,2024-09-25,MOSTLY FALSE,refuted,"{""verdict"": ""MOSTLY FALSE"", ""statement_originator"": ""Kamala Harris"", ""statement"": ""“Even before the pandemic, (Donald Trump) lost manufacturing jobs, by most people’s estimates at least 200,000.”"", ""statement_date"": ""2024-09-25"", ""factchecker"": ""PolitiFact"", ""factcheck_analysis_link"": ""https://www.politifact.com/factchecks/2024/sep/26/kamala-harris/kamala-harris-exaggerates-scale-of-prepandemic-man/""}",MOSTLY FALSE,Kamala Harris,"“Even before the pandemic, (Donald Trump) lost manufacturing jobs, by most people’s estimates at least 200,000.”",2024-09-25,PolitiFact,https://www.politifact.com/factchecks/2024/sep/26/kamala-harris/kamala-harris-exaggerates-scale-of-prepandemic-man/,hindsight bias,0.3316,low,True,"[{""bias"": ""hindsight bias"", ""confidence"": 0.3316}, {""bias"": ""Availability heuristic"", ""confidence"": 0.3277}]","“Even before the pandemic, (Donald Trump) lost manufacturing jobs, by most people’s estimates at least 200,000.”",2024-09-25,refuted
fact5,unknown,103,"When New Hampshire gubernatorial nominee Kelly Ayotte served on two companies’ boards, one “laid off 18,000 workers” and the other “laid off 1,200 American workers, moving jobs overseas.”","When New Hampshire gubernatorial nominee Kelly Ayotte served on two companies’ boards, one “laid off 18,000 workers” and the other “laid off 1,200 American workers, moving jobs overseas.”",2024-09-27,2024-09-27,HALF TRUE,half true,"{""verdict"": ""HALF TRUE"", ""statement_originator"": ""New Hampshire Democratic Party"", ""statement"": ""When New Hampshire gubernatorial nominee Kelly Ayotte served on two companies’ boards, one “laid off 18,000 workers” and the other “laid off 1,200 American workers, moving jobs overseas.”"", ""statement_date"": ""2024-09-27"", ""factchecker"": ""PolitiFact"", ""factcheck_analysis_link"": ""https://www.politifact.com/factchecks/2024/oct/07/new-hampshire-democratic-party/new-hampshire-democrats-ad-omits-context-about-kel/""}",HALF TRUE,New Hampshire Democratic Party,"When New Hampshire gubernatorial nominee Kelly Ayotte served on two companies’ boards, one “laid off 18,000 workers” and the other “laid off 1,200 American workers, moving jobs overseas.”",2024-09-27,PolitiFact,https://www.politifact.com/factchecks/2024/oct/07/new-hampshire-democratic-party/new-hampshire-democrats-ad-omits-context-about-kel/,hindsight bias,0.2414,very_low,False,[],"When New Hampshire gubernatorial nominee Kelly Ayotte served on two companies’ boards, one “laid off 18,000 workers” and the other “laid off 1,200 American workers, moving jobs overseas.”",2024-09-27,half true
fact5,unknown,104,"""The ERA could also mandate that schools allow biological males to compete in girls' sports.""","""The ERA could also mandate that schools allow biological males to compete in girls' sports.""",2024-09-29,2024-09-29,MOSTLY TRUE,supported,"{""verdict"": ""MOSTLY TRUE"", ""statement_originator"": ""Coalition to Protect Kids NY"", ""statement"": ""\""The ERA could also mandate that schools allow biological males to compete in girls' sports.\"""", ""statement_date"": ""2024-09-29"", ""factchecker"": ""PolitiFact"", ""factcheck_analysis_link"": ""https://www.politifact.com/factchecks/2024/oct/15/coalition-to-protect-kids-ny/constitutional-amendment-would-affirm-protections/""}",MOSTLY TRUE,Coalition to Protect Kids NY,"""The ERA could also mandate that schools allow biological males to compete in girls' sports.""",2024-09-29,PolitiFact,https://www.politifact.com/factchecks/2024/oct/15/coalition-to-protect-kids-ny/constitutional-amendment-would-affirm-protections/,curse of knowledge,0.4145,low,True,"[{""bias"": ""curse of knowledge"", ""confidence"": 0.4145}]","""The ERA could also mandate that schools allow biological males to compete in girls' sports.""",2024-09-29,supported
fact5,unknown,105,U.S. Senate candidate Mike Rogers “believes he should make that decision” about whether to end pregnancies.,U.S. Senate candidate Mike Rogers “believes he should make that decision” about whether to end pregnancies.,2024-09-30,2024-09-30,MOSTLY FALSE,refuted,"{""verdict"": ""MOSTLY FALSE"", ""statement_originator"": ""Elissa Slotkin"", ""statement"": ""U.S. Senate candidate Mike Rogers “believes he should make that decision” about whether to end pregnancies."", ""statement_date"": ""2024-09-30"", ""factchecker"": ""PolitiFact"", ""factcheck_analysis_link"": ""https://www.politifact.com/factchecks/2024/sep/30/elissa-slotkin/us-rep-elissa-slotkin-ad-skews-opponent-mike-roger/""}",MOSTLY FALSE,Elissa Slotkin,U.S. Senate candidate Mike Rogers “believes he should make that decision” about whether to end pregnancies.,2024-09-30,PolitiFact,https://www.politifact.com/factchecks/2024/sep/30/elissa-slotkin/us-rep-elissa-slotkin-ad-skews-opponent-mike-roger/,curse of knowledge,0.5237,medium,True,"[{""bias"": ""curse of knowledge"", ""confidence"": 0.5237}]",U.S. Senate candidate Mike Rogers “believes he should make that decision” about whether to end pregnancies.,2024-09-30,refuted
fact5,unknown,106,"In 1994 or 1995, Donald Trump said of his 13-year-old daughter, Ivanka, ""Is it wrong to be more sexually attracted to your own daughter than your wife?""","In 1994 or 1995, Donald Trump said of his 13-year-old daughter, Ivanka, ""Is it wrong to be more sexually attracted to your own daughter than your wife?""",2024-10-02,2024-10-02,UNVERIFIABLE,unverifiable,"{""verdict"": ""UNVERIFIABLE"", ""statement_originator"": ""Reddit Post"", ""statement"": ""In 1994 or 1995, Donald Trump said of his 13-year-old daughter, Ivanka, \""Is it wrong to be more sexually attracted to your own daughter than your wife?\"""", ""statement_date"": ""2024-10-02"", ""factchecker"": ""Snopes"", ""factcheck_analysis_link"": ""https://www.snopes.com/fact-check/trump-sexually-attracted-daughter/""}",UNVERIFIABLE,Reddit Post,"In 1994 or 1995, Donald Trump said of his 13-year-old daughter, Ivanka, ""Is it wrong to be more sexually attracted to your own daughter than your wife?""",2024-10-02,Snopes,https://www.snopes.com/fact-check/trump-sexually-attracted-daughter/,curse of knowledge,0.854,high,True,"[{""bias"": ""curse of knowledge"", ""confidence"": 0.854}]","In 1994 or 1995, Donald Trump said of his 13-year-old daughter, Ivanka, ""Is it wrong to be more sexually attracted to your own daughter than your wife?""",2024-10-02,unverifiable
fact5,unknown,107,"“The Harris-Biden administration says they don’t have any money [for hurricane relief]. … They spent it all on illegal migrants. … They stole the FEMA money just like they stole it from a bank, so they could give it to their illegal immigrants that they want to have vote for them.”","“The Harris-Biden administration says they don’t have any money [for hurricane relief]. … They spent it all on illegal migrants. … They stole the FEMA money just like they stole it from a bank, so they could give it to their illegal immigrants that they want to have vote for them.”",2024-10-03,2024-10-03,FALSE,refuted,"{""verdict"": ""FALSE"", ""statement_originator"": ""Donald Trump"", ""statement"": ""“The Harris-Biden administration says they don’t have any money [for hurricane relief]. … They spent it all on illegal migrants. … They stole the FEMA money just like they stole it from a bank, so they could give it to their illegal immigrants that they want to have vote for them.”"", ""statement_date"": ""2024-10-03"", ""factchecker"": ""Washington Post"", ""factcheck_analysis_link"": ""https://www.washingtonpost.com/politics/2024/10/04/no-biden-didnt-take-fema-relief-money-use-migrants-trump-did/""}",FALSE,Donald Trump,"“The Harris-Biden administration says they don’t have any money [for hurricane relief]. … They spent it all on illegal migrants. … They stole the FEMA money just like they stole it from a bank, so they could give it to their illegal immigrants that they want to have vote for them.”",2024-10-03,Washington Post,https://www.washingtonpost.com/politics/2024/10/04/no-biden-didnt-take-fema-relief-money-use-migrants-trump-did/,Just-world hypothesis,0.1739,very_low,False,[],"“The Harris-Biden administration says they don’t have any money [for hurricane relief]. … They spent it all on illegal migrants. … They stole the FEMA money just like they stole it from a bank, so they could give it to their illegal immigrants that they want to have vote for them.”",2024-10-03,refuted
fact5,unknown,108,“Milwaukee is one of the sex trafficking capitals in our country.”,“Milwaukee is one of the sex trafficking capitals in our country.”,2024-10-08,2024-10-08,MOSTLY TRUE,supported,"{""verdict"": ""MOSTLY TRUE"", ""statement_originator"": ""Eric Hovde"", ""statement"": ""“Milwaukee is one of the sex trafficking capitals in our country.”"", ""statement_date"": ""2024-10-08"", ""factchecker"": ""PolitiFact"", ""factcheck_analysis_link"": ""https://www.politifact.com/factchecks/2024/oct/29/eric-hovde/hovde-called-milwaukee-a-sex-trafficking-capital-i/""}",MOSTLY TRUE,Eric Hovde,“Milwaukee is one of the sex trafficking capitals in our country.”,2024-10-08,PolitiFact,https://www.politifact.com/factchecks/2024/oct/29/eric-hovde/hovde-called-milwaukee-a-sex-trafficking-capital-i/,Availability heuristic,0.1666,very_low,False,[],“Milwaukee is one of the sex trafficking capitals in our country.”,2024-10-08,supported
fact5,unknown,109,“Two weeks ago 100 GOP lawmakers voted against additional FEMA funding.”,“Two weeks ago 100 GOP lawmakers voted against additional FEMA funding.”,2024-10-08,2024-10-08,HALF TRUE,half true,"{""verdict"": ""HALF TRUE"", ""statement_originator"": ""Robert Reich"", ""statement"": ""“Two weeks ago 100 GOP lawmakers voted against additional FEMA funding.”"", ""statement_date"": ""2024-10-08"", ""factchecker"": ""PolitiFact"", ""factcheck_analysis_link"": ""https://www.politifact.com/factchecks/2024/oct/11/robert-reich/yes-100-gop-lawmakers-voted-against-fema-funding-b/""}",HALF TRUE,Robert Reich,“Two weeks ago 100 GOP lawmakers voted against additional FEMA funding.”,2024-10-08,PolitiFact,https://www.politifact.com/factchecks/2024/oct/11/robert-reich/yes-100-gop-lawmakers-voted-against-fema-funding-b/,Just-world hypothesis,0.3391,low,True,"[{""bias"": ""Just-world hypothesis"", ""confidence"": 0.3391}]",“Two weeks ago 100 GOP lawmakers voted against additional FEMA funding.”,2024-10-08,half true
fact5,unknown,110,Arizona U.S. Senate candidate Kari Lake “was against” the child tax credit expansion “when the bill was on the floor.”,Arizona U.S. Senate candidate Kari Lake “was against” the child tax credit expansion “when the bill was on the floor.”,2024-10-09,2024-10-09,MOSTLY FALSE,refuted,"{""verdict"": ""MOSTLY FALSE"", ""statement_originator"": ""Ruben Gallego"", ""statement"": ""Arizona U.S. Senate candidate Kari Lake “was against” the child tax credit expansion “when the bill was on the floor.”"", ""statement_date"": ""2024-10-09"", ""factchecker"": ""PolitiFact"", ""factcheck_analysis_link"": ""https://www.politifact.com/factchecks/2024/oct/18/ruben-gallego/ruben-gallego-misleads-on-kari-lake-opposing-the-c/""}",MOSTLY FALSE,Ruben Gallego,Arizona U.S. Senate candidate Kari Lake “was against” the child tax credit expansion “when the bill was on the floor.”,2024-10-09,PolitiFact,https://www.politifact.com/factchecks/2024/oct/18/ruben-gallego/ruben-gallego-misleads-on-kari-lake-opposing-the-c/,Bias blind spot,0.1467,very_low,False,[],Arizona U.S. Senate candidate Kari Lake “was against” the child tax credit expansion “when the bill was on the floor.”,2024-10-09,refuted
fact5,unknown,111,Uber increases ride prices for customers with low phone batteries.,Uber increases ride prices for customers with low phone batteries.,2024-10-10,2024-10-10,UNVERIFIABLE,unverifiable,"{""verdict"": ""UNVERIFIABLE"", ""statement_originator"": ""Threads post"", ""statement"": ""Uber increases ride prices for customers with low phone batteries."", ""statement_date"": ""2024-10-10"", ""factchecker"": ""Snopes"", ""factcheck_analysis_link"": ""https://www.snopes.com/fact-check/uber-reddit-phone-battery/""}",UNVERIFIABLE,Threads post,Uber increases ride prices for customers with low phone batteries.,2024-10-10,Snopes,https://www.snopes.com/fact-check/uber-reddit-phone-battery/,Omission bias,0.1211,very_low,False,[],Uber increases ride prices for customers with low phone batteries.,2024-10-10,unverifiable
fact5,unknown,112,Says opponent Eric Hovde “supports a $4 trillion tax plan that would disproportionately advantage the well-off and profitable corporations”,Says opponent Eric Hovde “supports a $4 trillion tax plan that would disproportionately advantage the well-off and profitable corporations”,2024-10-11,2024-10-11,MOSTLY TRUE,supported,"{""verdict"": ""MOSTLY TRUE"", ""statement_originator"": ""Tammy Baldwin"", ""statement"": ""Says opponent Eric Hovde “supports a $4 trillion tax plan that would disproportionately advantage the well-off and profitable corporations”"", ""statement_date"": ""2024-10-11"", ""factchecker"": ""PolitiFact"", ""factcheck_analysis_link"": ""https://www.politifact.com/factchecks/2024/oct/24/tammy-baldwin/baldwin-claim-that-hovde-supports-tax-plan-that-be/""}",MOSTLY TRUE,Tammy Baldwin,Says opponent Eric Hovde “supports a $4 trillion tax plan that would disproportionately advantage the well-off and profitable corporations”,2024-10-11,PolitiFact,https://www.politifact.com/factchecks/2024/oct/24/tammy-baldwin/baldwin-claim-that-hovde-supports-tax-plan-that-be/,Bias blind spot,0.2874,very_low,False,[],Says opponent Eric Hovde “supports a $4 trillion tax plan that would disproportionately advantage the well-off and profitable corporations”,2024-10-11,supported
fact5,unknown,113,CBS exposed “the fact” that Kamala Harris’ crowd sizes are inflated because her campaign bused hundreds of attendees to her New Hampshire rally.,CBS exposed “the fact” that Kamala Harris’ crowd sizes are inflated because her campaign bused hundreds of attendees to her New Hampshire rally.,2024-10-12,2024-10-12,MOSTLY FALSE,refuted,"{""verdict"": ""MOSTLY FALSE"", ""statement_originator"": ""Dan Bongino"", ""statement"": ""CBS exposed “the fact” that Kamala Harris’ crowd sizes are inflated because her campaign bused hundreds of attendees to her New Hampshire rally."", ""statement_date"": ""2024-10-12"", ""factchecker"": ""PolitiFact"", ""factcheck_analysis_link"": ""https://www.politifact.com/factchecks/2024/oct/16/dan-bongino/no-kamala-harris-campaign-did-not-inflate-crowd-si/""}",MOSTLY FALSE,Dan Bongino,CBS exposed “the fact” that Kamala Harris’ crowd sizes are inflated because her campaign bused hundreds of attendees to her New Hampshire rally.,2024-10-12,PolitiFact,https://www.politifact.com/factchecks/2024/oct/16/dan-bongino/no-kamala-harris-campaign-did-not-inflate-crowd-si/,Bias blind spot,0.5833,medium,True,"[{""bias"": ""Bias blind spot"", ""confidence"": 0.5833}]",CBS exposed “the fact” that Kamala Harris’ crowd sizes are inflated because her campaign bused hundreds of attendees to her New Hampshire rally.,2024-10-12,refuted
fact5,unknown,114,“Wages adjusted for inflation were massively up under Donald Trump for Black men. … The (Black-white) wage gap in 2019 was actually shrinking under Donald Trump's administration.”,“Wages adjusted for inflation were massively up under Donald Trump for Black men. … The (Black-white) wage gap in 2019 was actually shrinking under Donald Trump's administration.”,2024-10-13,2024-10-13,MOSTLY FALSE,refuted,"{""verdict"": ""MOSTLY FALSE"", ""statement_originator"": ""Byron Donalds"", ""statement"": ""“Wages adjusted for inflation were massively up under Donald Trump for Black men. … The (Black-white) wage gap in 2019 was actually shrinking under Donald Trump's administration.”"", ""statement_date"": ""2024-10-13"", ""factchecker"": ""PolitiFact"", ""factcheck_analysis_link"": ""https://www.politifact.com/factchecks/2024/oct/15/byron-donalds/fact-checking-misleading-claims-about-black-wage-g/""}",MOSTLY FALSE,Byron Donalds,“Wages adjusted for inflation were massively up under Donald Trump for Black men. … The (Black-white) wage gap in 2019 was actually shrinking under Donald Trump's administration.”,2024-10-13,PolitiFact,https://www.politifact.com/factchecks/2024/oct/15/byron-donalds/fact-checking-misleading-claims-about-black-wage-g/,Availability heuristic,0.5569,medium,True,"[{""bias"": ""Availability heuristic"", ""confidence"": 0.5569}]",“Wages adjusted for inflation were massively up under Donald Trump for Black men. … The (Black-white) wage gap in 2019 was actually shrinking under Donald Trump's administration.”,2024-10-13,refuted
fact5,unknown,115,Says opponent Eric Hovde “opposes efforts to negotiate with the big pharmaceutical companies to lower the price of prescription drugs.”,Says opponent Eric Hovde “opposes efforts to negotiate with the big pharmaceutical companies to lower the price of prescription drugs.”,2024-10-18,2024-10-18,MOSTLY FALSE,refuted,"{""verdict"": ""MOSTLY FALSE"", ""statement_originator"": ""Tammy Baldwin"", ""statement"": ""Says opponent Eric Hovde “opposes efforts to negotiate with the big pharmaceutical companies to lower the price of prescription drugs.”"", ""statement_date"": ""2024-10-18"", ""factchecker"": ""PolitiFact"", ""factcheck_analysis_link"": ""https://www.politifact.com/factchecks/2024/oct/31/tammy-baldwin/baldwin-falls-short-with-claim-on-hovdes-stance-on/""}",MOSTLY FALSE,Tammy Baldwin,Says opponent Eric Hovde “opposes efforts to negotiate with the big pharmaceutical companies to lower the price of prescription drugs.”,2024-10-18,PolitiFact,https://www.politifact.com/factchecks/2024/oct/31/tammy-baldwin/baldwin-falls-short-with-claim-on-hovdes-stance-on/,Bias blind spot,0.3022,low,True,"[{""bias"": ""Bias blind spot"", ""confidence"": 0.3022}]",Says opponent Eric Hovde “opposes efforts to negotiate with the big pharmaceutical companies to lower the price of prescription drugs.”,2024-10-18,refuted
fact5,unknown,116,"“I’ve not gotten a single call from the White House [after Hurricane Helene hit North Carolina], but [Donald Trump] and his team have been in touch with us from Day 1.”","“I’ve not gotten a single call from the White House [after Hurricane Helene hit North Carolina], but [Donald Trump] and his team have been in touch with us from Day 1.”",2024-10-21,2024-10-21,MOSTLY FALSE,refuted,"{""verdict"": ""MOSTLY FALSE"", ""statement_originator"": ""Tim Moore"", ""statement"": ""“I’ve not gotten a single call from the White House [after Hurricane Helene hit North Carolina], but [Donald Trump] and his team have been in touch with us from Day 1.”"", ""statement_date"": ""2024-10-21"", ""factchecker"": ""PolitiFact"", ""factcheck_analysis_link"": ""https://www.politifact.com/factchecks/2024/oct/31/tim-moore/nc-house-speaker-falsely-says-white-house-didnt-ca/""}",MOSTLY FALSE,Tim Moore,"“I’ve not gotten a single call from the White House [after Hurricane Helene hit North Carolina], but [Donald Trump] and his team have been in touch with us from Day 1.”",2024-10-21,PolitiFact,https://www.politifact.com/factchecks/2024/oct/31/tim-moore/nc-house-speaker-falsely-says-white-house-didnt-ca/,clustering illusion,0.2109,very_low,False,[],"“I’ve not gotten a single call from the White House [after Hurricane Helene hit North Carolina], but [Donald Trump] and his team have been in touch with us from Day 1.”",2024-10-21,refuted
fact5,unknown,117,"Former U.S. President Donald Trump reneged on an offer he made to help pay the funeral costs of a murdered soldier, saying, ""It doesn't cost 60,000 bucks to bury a [expletive] Mexican!""","Former U.S. President Donald Trump reneged on an offer he made to help pay the funeral costs of a murdered soldier, saying, ""It doesn't cost 60,000 bucks to bury a [expletive] Mexican!""",2024-10-22,2024-10-22,UNVERIFIABLE,unverifiable,"{""verdict"": ""UNVERIFIABLE"", ""statement_originator"": ""Jeffrey Goldberg"", ""statement"": ""Former U.S. President Donald Trump reneged on an offer he made to help pay the funeral costs of a murdered soldier, saying, \""It doesn't cost 60,000 bucks to bury a [expletive] Mexican!\"""", ""statement_date"": ""2024-10-22"", ""factchecker"": ""Snopes"", ""factcheck_analysis_link"": ""https://www.snopes.com/fact-check/trump-atlantic-funeral-bill-refusal/""}",UNVERIFIABLE,Jeffrey Goldberg,"Former U.S. President Donald Trump reneged on an offer he made to help pay the funeral costs of a murdered soldier, saying, ""It doesn't cost 60,000 bucks to bury a [expletive] Mexican!""",2024-10-22,Snopes,https://www.snopes.com/fact-check/trump-atlantic-funeral-bill-refusal/,Bias blind spot,0.0883,very_low,False,[],"Former U.S. President Donald Trump reneged on an offer he made to help pay the funeral costs of a murdered soldier, saying, ""It doesn't cost 60,000 bucks to bury a [expletive] Mexican!""",2024-10-22,unverifiable
fact5,unknown,118,"""As of today, we have cut the flow of immigration by over half.""","""As of today, we have cut the flow of immigration by over half.""",2024-10-23,2024-10-23,TRUE,supported,"{""verdict"": ""TRUE"", ""statement_originator"": ""Kamala Harris"", ""statement"": ""\""As of today, we have cut the flow of immigration by over half.\"""", ""statement_date"": ""2024-10-23"", ""factchecker"": ""PolitiFact"", ""factcheck_analysis_link"": ""https://www.politifact.com/factchecks/2024/oct/24/kamala-harris/kamala-harris-correct-that-immigration-at-the-us-s/""}",TRUE,Kamala Harris,"""As of today, we have cut the flow of immigration by over half.""",2024-10-23,PolitiFact,https://www.politifact.com/factchecks/2024/oct/24/kamala-harris/kamala-harris-correct-that-immigration-at-the-us-s/,hindsight bias,0.2696,very_low,False,[],"""As of today, we have cut the flow of immigration by over half.""",2024-10-23,supported
fact5,unknown,119,Republican Senate candidate Sam Brown “wants to cut Medicaid and Social Security.”,Republican Senate candidate Sam Brown “wants to cut Medicaid and Social Security.”,2024-10-28,2024-10-28,HALF TRUE,half true,"{""verdict"": ""HALF TRUE"", ""statement_originator"": ""Make the Road Nevada"", ""statement"": ""Republican Senate candidate Sam Brown “wants to cut Medicaid and Social Security.”"", ""statement_date"": ""2024-10-28"", ""factchecker"": ""PolitiFact"", ""factcheck_analysis_link"": ""https://www.politifact.com/factchecks/2024/nov/01/make-the-road-nevada/nevada-political-action-committee-gets-some-right/""}",HALF TRUE,Make the Road Nevada,Republican Senate candidate Sam Brown “wants to cut Medicaid and Social Security.”,2024-10-28,PolitiFact,https://www.politifact.com/factchecks/2024/nov/01/make-the-road-nevada/nevada-political-action-committee-gets-some-right/,curse of knowledge,0.0823,very_low,False,[],Republican Senate candidate Sam Brown “wants to cut Medicaid and Social Security.”,2024-10-28,half true
fact5,unknown,120,“The lady who leaked passwords for voting systems in Colorado is the same person who tried to remove Trump from the ballot.”,“The lady who leaked passwords for voting systems in Colorado is the same person who tried to remove Trump from the ballot.”,2024-10-30,2024-10-30,MOSTLY FALSE,refuted,"{""verdict"": ""MOSTLY FALSE"", ""statement_originator"": ""Libs of TikTok"", ""statement"": ""“The lady who leaked passwords for voting systems in Colorado is the same person who tried to remove Trump from the ballot.”"", ""statement_date"": ""2024-10-30"", ""factchecker"": ""PolitiFact"", ""factcheck_analysis_link"": ""https://www.politifact.com/factchecks/2024/nov/02/libs-of-tiktok/no-jena-griswold-didnt-leak-voting-machine-passwor/""}",MOSTLY FALSE,Libs of TikTok,“The lady who leaked passwords for voting systems in Colorado is the same person who tried to remove Trump from the ballot.”,2024-10-30,PolitiFact,https://www.politifact.com/factchecks/2024/nov/02/libs-of-tiktok/no-jena-griswold-didnt-leak-voting-machine-passwor/,Just-world hypothesis,0.3786,low,True,"[{""bias"": ""Just-world hypothesis"", ""confidence"": 0.3786}]",“The lady who leaked passwords for voting systems in Colorado is the same person who tried to remove Trump from the ballot.”,2024-10-30,refuted
fact5,unknown,121,"“ICE officials have been ordered NOT to wear their uniforms or badges when they vote today"" so as not to intimidate noncitizens.","“ICE officials have been ordered NOT to wear their uniforms or badges when they vote today"" so as not to intimidate noncitizens.",2024-11-05,2024-11-05,MOSTLY FALSE,refuted,"{""verdict"": ""MOSTLY FALSE"", ""statement_originator"": ""Instagram posts"", ""statement"": ""“ICE officials have been ordered NOT to wear their uniforms or badges when they vote today\"" so as not to intimidate noncitizens."", ""statement_date"": ""2024-11-05"", ""factchecker"": ""PolitiFact"", ""factcheck_analysis_link"": ""https://www.politifact.com/factchecks/2024/nov/06/instagram-posts/ice-told-staff-not-to-wear-uniform-when-voting-due/""}",MOSTLY FALSE,Instagram posts,"“ICE officials have been ordered NOT to wear their uniforms or badges when they vote today"" so as not to intimidate noncitizens.",2024-11-05,PolitiFact,https://www.politifact.com/factchecks/2024/nov/06/instagram-posts/ice-told-staff-not-to-wear-uniform-when-voting-due/,Reactance,0.1492,very_low,False,[],"“ICE officials have been ordered NOT to wear their uniforms or badges when they vote today"" so as not to intimidate noncitizens.",2024-11-05,refuted
fact5,unknown,122,"Kamala Harris’ campaign paid Oprah $1 million, Megan Thee Stallion $5 million, and Eminem $1.8 million.","Kamala Harris’ campaign paid Oprah $1 million, Megan Thee Stallion $5 million, and Eminem $1.8 million.",2024-11-09,2024-11-09,MOSTLY FALSE,refuted,"{""verdict"": ""MOSTLY FALSE"", ""statement_originator"": ""Instagram posts"", ""statement"": ""Kamala Harris’ campaign paid Oprah $1 million, Megan Thee Stallion $5 million, and Eminem $1.8 million."", ""statement_date"": ""2024-11-09"", ""factchecker"": ""PolitiFact"", ""factcheck_analysis_link"": ""https://www.politifact.com/factchecks/2024/nov/13/instagram-posts/records-show-harris-campaign-paid-winfreys-company/""}",MOSTLY FALSE,Instagram posts,"Kamala Harris’ campaign paid Oprah $1 million, Megan Thee Stallion $5 million, and Eminem $1.8 million.",2024-11-09,PolitiFact,https://www.politifact.com/factchecks/2024/nov/13/instagram-posts/records-show-harris-campaign-paid-winfreys-company/,Neglect of probability,0.2003,very_low,False,[],"Kamala Harris’ campaign paid Oprah $1 million, Megan Thee Stallion $5 million, and Eminem $1.8 million.",2024-11-09,refuted
fact5,unknown,123,Elon Musk’s Starlink technology manipulated votes in the 2024 election to benefit Donald Trump.,Elon Musk’s Starlink technology manipulated votes in the 2024 election to benefit Donald Trump.,2024-11-10,2024-11-10,FALSE,refuted,"{""verdict"": ""FALSE"", ""statement_originator"": ""Threads posts"", ""statement"": ""Elon Musk’s Starlink technology manipulated votes in the 2024 election to benefit Donald Trump."", ""statement_date"": ""2024-11-10"", ""factchecker"": ""PolitiFact"", ""factcheck_analysis_link"": ""https://www.politifact.com/factchecks/2024/nov/12/threads-posts/no-elon-musks-starlink-wasnt-used-to-rig-the-2024/""}",FALSE,Threads posts,Elon Musk’s Starlink technology manipulated votes in the 2024 election to benefit Donald Trump.,2024-11-10,PolitiFact,https://www.politifact.com/factchecks/2024/nov/12/threads-posts/no-elon-musks-starlink-wasnt-used-to-rig-the-2024/,curse of knowledge,0.3846,low,True,"[{""bias"": ""curse of knowledge"", ""confidence"": 0.3846}]",Elon Musk’s Starlink technology manipulated votes in the 2024 election to benefit Donald Trump.,2024-11-10,refuted
fact5,unknown,124,"We’ve created 732,000 jobs since I've been governor.","We’ve created 732,000 jobs since I've been governor.",2024-11-19,2024-11-19,MOSTLY TRUE,supported,"{""verdict"": ""MOSTLY TRUE"", ""statement_originator"": ""Kathy Hochul"", ""statement"": ""We’ve created 732,000 jobs since I've been governor."", ""statement_date"": ""2024-11-19"", ""factchecker"": ""PolitiFact"", ""factcheck_analysis_link"": ""https://www.politifact.com/factchecks/2024/dec/26/kathy-hochul/job-growth-on-hochuls-watch-helped-by-pandemic-rec/""}",MOSTLY TRUE,Kathy Hochul,"We’ve created 732,000 jobs since I've been governor.",2024-11-19,PolitiFact,https://www.politifact.com/factchecks/2024/dec/26/kathy-hochul/job-growth-on-hochuls-watch-helped-by-pandemic-rec/,Identifiable Victim Effect,0.1074,very_low,False,[],"We’ve created 732,000 jobs since I've been governor.",2024-11-19,supported
fact5,unknown,125,"“The Universities of Wisconsin are 43rd out of 50 states in the nation, in terms of public support for our universities. The $855 million (budget request) gets us up to average.”","“The Universities of Wisconsin are 43rd out of 50 states in the nation, in terms of public support for our universities. The $855 million (budget request) gets us up to average.”",2024-12-01,2024-12-01,TRUE,supported,"{""verdict"": ""TRUE"", ""statement_originator"": ""Jay Rothman"", ""statement"": ""“The Universities of Wisconsin are 43rd out of 50 states in the nation, in terms of public support for our universities. The $855 million (budget request) gets us up to average.”"", ""statement_date"": ""2024-12-01"", ""factchecker"": ""PolitiFact"", ""factcheck_analysis_link"": ""https://www.politifact.com/factchecks/2024/dec/12/jay-rothman/would-the-uw-systems-855-million-budget-request-br/""}",TRUE,Jay Rothman,"“The Universities of Wisconsin are 43rd out of 50 states in the nation, in terms of public support for our universities. The $855 million (budget request) gets us up to average.”",2024-12-01,PolitiFact,https://www.politifact.com/factchecks/2024/dec/12/jay-rothman/would-the-uw-systems-855-million-budget-request-br/,curse of knowledge,0.3103,low,True,"[{""bias"": ""curse of knowledge"", ""confidence"": 0.3103}]","“The Universities of Wisconsin are 43rd out of 50 states in the nation, in terms of public support for our universities. The $855 million (budget request) gets us up to average.”",2024-12-01,supported
fact5,unknown,126,"A CNN headline says, “Elon Musk considers melting down Statue of Liberty to make series of limited edition cyber trucks""","A CNN headline says, “Elon Musk considers melting down Statue of Liberty to make series of limited edition cyber trucks""",2024-12-01,2024-12-01,FALSE,refuted,"{""verdict"": ""FALSE"", ""statement_originator"": ""Threads posts"", ""statement"": ""A CNN headline says, “Elon Musk considers melting down Statue of Liberty to make series of limited edition cyber trucks\"""", ""statement_date"": ""2024-12-01"", ""factchecker"": ""PolitiFact"", ""factcheck_analysis_link"": ""https://www.politifact.com/factchecks/2024/dec/02/threads-posts/cnn-did-not-report-this-story-about-elon-musk-and/""}",FALSE,Threads posts,"A CNN headline says, “Elon Musk considers melting down Statue of Liberty to make series of limited edition cyber trucks""",2024-12-01,PolitiFact,https://www.politifact.com/factchecks/2024/dec/02/threads-posts/cnn-did-not-report-this-story-about-elon-musk-and/,curse of knowledge,0.4586,low,True,"[{""bias"": ""curse of knowledge"", ""confidence"": 0.4586}]","A CNN headline says, “Elon Musk considers melting down Statue of Liberty to make series of limited edition cyber trucks""",2024-12-01,refuted
fact5,unknown,127,North Carolina Republicans “took money out of western North Carolina” with Hurricane Helene relief bill.,North Carolina Republicans “took money out of western North Carolina” with Hurricane Helene relief bill.,2024-12-03,2024-12-03,HALF TRUE,half true,"{""verdict"": ""HALF TRUE"", ""statement_originator"": ""Roy Cooper"", ""statement"": ""North Carolina Republicans “took money out of western North Carolina” with Hurricane Helene relief bill."", ""statement_date"": ""2024-12-03"", ""factchecker"": ""PolitiFact"", ""factcheck_analysis_link"": ""https://www.politifact.com/factchecks/2025/jan/29/roy-cooper/roy-cooper-says-hurricane-helene-relief-bill-took/""}",HALF TRUE,Roy Cooper,North Carolina Republicans “took money out of western North Carolina” with Hurricane Helene relief bill.,2024-12-03,PolitiFact,https://www.politifact.com/factchecks/2025/jan/29/roy-cooper/roy-cooper-says-hurricane-helene-relief-bill-took/,Whole only effect,0.5734,medium,True,"[{""bias"": ""Whole only effect"", ""confidence"": 0.5734}]",North Carolina Republicans “took money out of western North Carolina” with Hurricane Helene relief bill.,2024-12-03,half true
fact5,unknown,128,About 1% of federal employees are “actually working in the office.”,About 1% of federal employees are “actually working in the office.”,2024-12-05,2024-12-05,FALSE,refuted,"{""verdict"": ""FALSE"", ""statement_originator"": ""Mike Johnson"", ""statement"": ""About 1% of federal employees are “actually working in the office.”"", ""statement_date"": ""2024-12-05"", ""factchecker"": ""PolitiFact"", ""factcheck_analysis_link"": ""https://www.politifact.com/factchecks/2024/dec/11/mike-johnson/mike-johnsons-pants-on-fire-claim-that-1-of-federa/""}",FALSE,Mike Johnson,About 1% of federal employees are “actually working in the office.”,2024-12-05,PolitiFact,https://www.politifact.com/factchecks/2024/dec/11/mike-johnson/mike-johnsons-pants-on-fire-claim-that-1-of-federa/,Availability heuristic,0.3105,low,True,"[{""bias"": ""Availability heuristic"", ""confidence"": 0.3105}]",About 1% of federal employees are “actually working in the office.”,2024-12-05,refuted
fact5,unknown,129,Government shutdowns in 2013 and 2018 “cost our economy billions of dollars each.”,Government shutdowns in 2013 and 2018 “cost our economy billions of dollars each.”,2024-12-18,2024-12-18,TRUE,supported,"{""verdict"": ""TRUE"", ""statement_originator"": ""Sara Jacobs"", ""statement"": ""Government shutdowns in 2013 and 2018 “cost our economy billions of dollars each.”"", ""statement_date"": ""2024-12-18"", ""factchecker"": ""PolitiFact"", ""factcheck_analysis_link"": ""https://www.politifact.com/factchecks/2024/dec/19/sara-jacobs/fact-check-past-government-shutdowns-cost-billions/""}",TRUE,Sara Jacobs,Government shutdowns in 2013 and 2018 “cost our economy billions of dollars each.”,2024-12-18,PolitiFact,https://www.politifact.com/factchecks/2024/dec/19/sara-jacobs/fact-check-past-government-shutdowns-cost-billions/,Availability heuristic,0.5331,medium,True,"[{""bias"": ""Availability heuristic"", ""confidence"": 0.5331}]",Government shutdowns in 2013 and 2018 “cost our economy billions of dollars each.”,2024-12-18,supported
fact5,unknown,130,"“After 30 years of Wisconsin’s checking account running a deficit, we've ended every fiscal year I've been governor with a positive balance. Today, we have a $4.5 billion positive balance, and a record-high balance in our state savings account.""","“After 30 years of Wisconsin’s checking account running a deficit, we've ended every fiscal year I've been governor with a positive balance. Today, we have a $4.5 billion positive balance, and a record-high balance in our state savings account.""",2024-12-28,2024-12-28,MOSTLY TRUE,supported,"{""verdict"": ""MOSTLY TRUE"", ""statement_originator"": ""Tony Evers"", ""statement"": ""“After 30 years of Wisconsin’s checking account running a deficit, we've ended every fiscal year I've been governor with a positive balance. Today, we have a $4.5 billion positive balance, and a record-high balance in our state savings account.\"""", ""statement_date"": ""2024-12-28"", ""factchecker"": ""PolitiFact"", ""factcheck_analysis_link"": ""https://www.politifact.com/factchecks/2025/jan/15/tony-evers/does-wisconsin-have-record-high-budget-balances-un/""}",MOSTLY TRUE,Tony Evers,"“After 30 years of Wisconsin’s checking account running a deficit, we've ended every fiscal year I've been governor with a positive balance. Today, we have a $4.5 billion positive balance, and a record-high balance in our state savings account.""",2024-12-28,PolitiFact,https://www.politifact.com/factchecks/2025/jan/15/tony-evers/does-wisconsin-have-record-high-budget-balances-un/,hindsight bias,0.5553,medium,True,"[{""bias"": ""hindsight bias"", ""confidence"": 0.5553}]","“After 30 years of Wisconsin’s checking account running a deficit, we've ended every fiscal year I've been governor with a positive balance. Today, we have a $4.5 billion positive balance, and a record-high balance in our state savings account.""",2024-12-28,supported
fact5,unknown,131,"H-1B guest workers are “being employed as dog trainers, massage therapists, cooks, and English teachers.”","H-1B guest workers are “being employed as dog trainers, massage therapists, cooks, and English teachers.”",2025-01-02,2025-01-02,MOSTLY FALSE,refuted,"{""verdict"": ""MOSTLY FALSE"", ""statement_originator"": ""Bernie Sanders"", ""statement"": ""H-1B guest workers are “being employed as dog trainers, massage therapists, cooks, and English teachers.”"", ""statement_date"": ""2025-01-02"", ""factchecker"": ""PolitiFact"", ""factcheck_analysis_link"": ""https://www.politifact.com/factchecks/2025/jan/09/bernie-sanders/are-h-1b-visa-holders-hired-as-dog-trainers-massag/""}",MOSTLY FALSE,Bernie Sanders,"H-1B guest workers are “being employed as dog trainers, massage therapists, cooks, and English teachers.”",2025-01-02,PolitiFact,https://www.politifact.com/factchecks/2025/jan/09/bernie-sanders/are-h-1b-visa-holders-hired-as-dog-trainers-massag/,curse of knowledge,0.4749,low,True,"[{""bias"": ""curse of knowledge"", ""confidence"": 0.4749}]","H-1B guest workers are “being employed as dog trainers, massage therapists, cooks, and English teachers.”",2025-01-02,refuted
fact5,unknown,132,"President Joe Biden rescinded a Medal of Freedom given to Trump’s “campaign manager, Bradley Birkenfeld, in 2021.”","President Joe Biden rescinded a Medal of Freedom given to Trump’s “campaign manager, Bradley Birkenfeld, in 2021.”",2025-01-04,2025-01-04,FALSE,refuted,"{""verdict"": ""FALSE"", ""statement_originator"": ""Grok AI"", ""statement"": ""President Joe Biden rescinded a Medal of Freedom given to Trump’s “campaign manager, Bradley Birkenfeld, in 2021.”"", ""statement_date"": ""2025-01-04"", ""factchecker"": ""PolitiFact"", ""factcheck_analysis_link"": ""https://www.politifact.com/factchecks/2025/jan/07/grok-ai/grok-said-biden-rescinded-a-medal-of-freedom-from/""}",FALSE,Grok AI,"President Joe Biden rescinded a Medal of Freedom given to Trump’s “campaign manager, Bradley Birkenfeld, in 2021.”",2025-01-04,PolitiFact,https://www.politifact.com/factchecks/2025/jan/07/grok-ai/grok-said-biden-rescinded-a-medal-of-freedom-from/,Bias blind spot,0.2128,very_low,False,[],"President Joe Biden rescinded a Medal of Freedom given to Trump’s “campaign manager, Bradley Birkenfeld, in 2021.”",2025-01-04,refuted
fact5,unknown,133,Buncombe County “is still demanding property taxes on homes destroyed by Hurricane Helene based on pre-Helene assessments that no longer apply.”,Buncombe County “is still demanding property taxes on homes destroyed by Hurricane Helene based on pre-Helene assessments that no longer apply.”,2025-01-06,2025-01-06,HALF TRUE,half true,"{""verdict"": ""HALF TRUE"", ""statement_originator"": ""Dana Loesch"", ""statement"": ""Buncombe County “is still demanding property taxes on homes destroyed by Hurricane Helene based on pre-Helene assessments that no longer apply.”"", ""statement_date"": ""2025-01-06"", ""factchecker"": ""PolitiFact"", ""factcheck_analysis_link"": ""https://www.politifact.com/factchecks/2025/jan/17/dana-loesch/are-north-carolinas-helene-victims-still-required/""}",HALF TRUE,Dana Loesch,Buncombe County “is still demanding property taxes on homes destroyed by Hurricane Helene based on pre-Helene assessments that no longer apply.”,2025-01-06,PolitiFact,https://www.politifact.com/factchecks/2025/jan/17/dana-loesch/are-north-carolinas-helene-victims-still-required/,Unit Bias,0.1413,very_low,False,[],Buncombe County “is still demanding property taxes on homes destroyed by Hurricane Helene based on pre-Helene assessments that no longer apply.”,2025-01-06,half true
fact5,unknown,134,"Voter ID ""is supported, if you look at any poll, by 70 to 80% of the public.""","Voter ID ""is supported, if you look at any poll, by 70 to 80% of the public.""",2025-01-08,2025-01-08,TRUE,supported,"{""verdict"": ""TRUE"", ""statement_originator"": ""Robin Vos"", ""statement"": ""Voter ID \""is supported, if you look at any poll, by 70 to 80% of the public.\"""", ""statement_date"": ""2025-01-08"", ""factchecker"": ""PolitiFact"", ""factcheck_analysis_link"": ""https://www.politifact.com/factchecks/2025/jan/23/robin-vos/wisconsin-republicans-say-voter-id-laws-are-suppor/""}",TRUE,Robin Vos,"Voter ID ""is supported, if you look at any poll, by 70 to 80% of the public.""",2025-01-08,PolitiFact,https://www.politifact.com/factchecks/2025/jan/23/robin-vos/wisconsin-republicans-say-voter-id-laws-are-suppor/,curse of knowledge,0.3576,low,True,"[{""bias"": ""curse of knowledge"", ""confidence"": 0.3576}]","Voter ID ""is supported, if you look at any poll, by 70 to 80% of the public.""",2025-01-08,supported
fact5,unknown,135,“FEMA spent billions on illegal immigrants and now has no money for California!”,“FEMA spent billions on illegal immigrants and now has no money for California!”,2025-01-08,2025-01-08,FALSE,refuted,"{""verdict"": ""FALSE"", ""statement_originator"": ""X posts"", ""statement"": ""“FEMA spent billions on illegal immigrants and now has no money for California!”"", ""statement_date"": ""2025-01-08"", ""factchecker"": ""PolitiFact"", ""factcheck_analysis_link"": ""https://www.politifact.com/factchecks/2025/jan/10/tweets/fema-didnt-spend-all-its-money-on-immigrants-it-ha/""}",FALSE,X posts,“FEMA spent billions on illegal immigrants and now has no money for California!”,2025-01-08,PolitiFact,https://www.politifact.com/factchecks/2025/jan/10/tweets/fema-didnt-spend-all-its-money-on-immigrants-it-ha/,Just-world hypothesis,0.5247,medium,True,"[{""bias"": ""Just-world hypothesis"", ""confidence"": 0.5247}]",“FEMA spent billions on illegal immigrants and now has no money for California!”,2025-01-08,refuted
fact5,unknown,136,"“Some of these (California) reservoirs have been dry for 15, 20 years.""","“Some of these (California) reservoirs have been dry for 15, 20 years.""",2025-01-12,2025-01-12,MOSTLY FALSE,refuted,"{""verdict"": ""MOSTLY FALSE"", ""statement_originator"": ""JD Vance"", ""statement"": ""“Some of these (California) reservoirs have been dry for 15, 20 years.\"""", ""statement_date"": ""2025-01-12"", ""factchecker"": ""PolitiFact"", ""factcheck_analysis_link"": ""https://www.politifact.com/factchecks/2025/jan/17/jd-vance/fact-check-have-some-california-reservoirs-been-cl/""}",MOSTLY FALSE,JD Vance,"“Some of these (California) reservoirs have been dry for 15, 20 years.""",2025-01-12,PolitiFact,https://www.politifact.com/factchecks/2025/jan/17/jd-vance/fact-check-have-some-california-reservoirs-been-cl/,hindsight bias,0.3713,low,True,"[{""bias"": ""hindsight bias"", ""confidence"": 0.3713}]","“Some of these (California) reservoirs have been dry for 15, 20 years.""",2025-01-12,refuted
fact5,unknown,137,"""Our nation’s tallest mountain … has been called Denali for thousands of years.""","""Our nation’s tallest mountain … has been called Denali for thousands of years.""",2025-01-20,2025-01-20,MOSTLY TRUE,supported,"{""verdict"": ""MOSTLY TRUE"", ""statement_originator"": ""Lisa Murkowski"", ""statement"": ""\""Our nation’s tallest mountain … has been called Denali for thousands of years.\"""", ""statement_date"": ""2025-01-20"", ""factchecker"": ""PolitiFact"", ""factcheck_analysis_link"": ""https://www.politifact.com/factchecks/2025/jan/23/lisa-murkowski/us-highest-mountain-called-denali-for-thousands-of/""}",MOSTLY TRUE,Lisa Murkowski,"""Our nation’s tallest mountain … has been called Denali for thousands of years.""",2025-01-20,PolitiFact,https://www.politifact.com/factchecks/2025/jan/23/lisa-murkowski/us-highest-mountain-called-denali-for-thousands-of/,curse of knowledge,0.1889,very_low,False,[],"""Our nation’s tallest mountain … has been called Denali for thousands of years.""",2025-01-20,supported
fact5,unknown,138,"“If there is culpability for what happened, there really need to be conditions that follow that aid. It’s not unprecedented, by the way. After Katrina, in my state, there were conditions placed upon the funds. It happened after Hurricane Sandy, up in the northeast. There’s a tradition of doing this.”","“If there is culpability for what happened, there really need to be conditions that follow that aid. It’s not unprecedented, by the way. After Katrina, in my state, there were conditions placed upon the funds. It happened after Hurricane Sandy, up in the northeast. There’s a tradition of doing this.”",2025-01-21,2025-01-21,MOSTLY FALSE,refuted,"{""verdict"": ""MOSTLY FALSE"", ""statement_originator"": ""Mike Johnson"", ""statement"": ""“If there is culpability for what happened, there really need to be conditions that follow that aid. It’s not unprecedented, by the way. After Katrina, in my state, there were conditions placed upon the funds. It happened after Hurricane Sandy, up in the northeast. There’s a tradition of doing this.”"", ""statement_date"": ""2025-01-21"", ""factchecker"": ""Washington Post"", ""factcheck_analysis_link"": ""https://www.washingtonpost.com/politics/2025/01/28/johnsons-misleading-claim-that-conditions-were-placed-katrina-sandy-aid/""}",MOSTLY FALSE,Mike Johnson,"“If there is culpability for what happened, there really need to be conditions that follow that aid. It’s not unprecedented, by the way. After Katrina, in my state, there were conditions placed upon the funds. It happened after Hurricane Sandy, up in the northeast. There’s a tradition of doing this.”",2025-01-21,Washington Post,https://www.washingtonpost.com/politics/2025/01/28/johnsons-misleading-claim-that-conditions-were-placed-katrina-sandy-aid/,clustering illusion,0.218,very_low,False,[],"“If there is culpability for what happened, there really need to be conditions that follow that aid. It’s not unprecedented, by the way. After Katrina, in my state, there were conditions placed upon the funds. It happened after Hurricane Sandy, up in the northeast. There’s a tradition of doing this.”",2025-01-21,refuted
fact5,unknown,139,A proposed constitutional amendment “would allow anyone to run for a 3rd term. Including — Barack Obama.”,A proposed constitutional amendment “would allow anyone to run for a 3rd term. Including — Barack Obama.”,2025-01-23,2025-01-23,FALSE,refuted,"{""verdict"": ""FALSE"", ""statement_originator"": ""Threads posts"", ""statement"": ""A proposed constitutional amendment “would allow anyone to run for a 3rd term. Including — Barack Obama.”"", ""statement_date"": ""2025-01-23"", ""factchecker"": ""PolitiFact"", ""factcheck_analysis_link"": ""https://www.politifact.com/factchecks/2025/jan/27/threads-posts/no-this-proposed-constitutional-amendment-wouldnt/""}",FALSE,Threads posts,A proposed constitutional amendment “would allow anyone to run for a 3rd term. Including — Barack Obama.”,2025-01-23,PolitiFact,https://www.politifact.com/factchecks/2025/jan/27/threads-posts/no-this-proposed-constitutional-amendment-wouldnt/,curse of knowledge,0.2873,very_low,False,[],A proposed constitutional amendment “would allow anyone to run for a 3rd term. Including — Barack Obama.”,2025-01-23,refuted
fact5,unknown,140,"""The Biden administration kicked 2,000 displaced North Carolinians out of their temporary housing into freezing 20-degree weather,"" earlier in January.","""The Biden administration kicked 2,000 displaced North Carolinians out of their temporary housing into freezing 20-degree weather,"" earlier in January.",2025-01-24,2025-01-24,MOSTLY FALSE,refuted,"{""verdict"": ""MOSTLY FALSE"", ""statement_originator"": ""Donald Trump"", ""statement"": ""\""The Biden administration kicked 2,000 displaced North Carolinians out of their temporary housing into freezing 20-degree weather,\"" earlier in January."", ""statement_date"": ""2025-01-24"", ""factchecker"": ""PolitiFact"", ""factcheck_analysis_link"": ""https://www.politifact.com/factchecks/2025/jan/29/donald-trump/what-trump-omits-about-north-carolina-storm-victim/""}",MOSTLY FALSE,Donald Trump,"""The Biden administration kicked 2,000 displaced North Carolinians out of their temporary housing into freezing 20-degree weather,"" earlier in January.",2025-01-24,PolitiFact,https://www.politifact.com/factchecks/2025/jan/29/donald-trump/what-trump-omits-about-north-carolina-storm-victim/,Just-world hypothesis,0.264,very_low,False,[],"""The Biden administration kicked 2,000 displaced North Carolinians out of their temporary housing into freezing 20-degree weather,"" earlier in January.",2025-01-24,refuted
fact5,unknown,141,“Biden pardons are unconstitutional! 7th Circuit Court Judge Joseph Barron ruled that there is no provision to pardon someone who hasn’t been formally charged.”,“Biden pardons are unconstitutional! 7th Circuit Court Judge Joseph Barron ruled that there is no provision to pardon someone who hasn’t been formally charged.”,2025-01-24,2025-01-24,FALSE,refuted,"{""verdict"": ""FALSE"", ""statement_originator"": ""Instagram posts"", ""statement"": ""“Biden pardons are unconstitutional! 7th Circuit Court Judge Joseph Barron ruled that there is no provision to pardon someone who hasn’t been formally charged.”"", ""statement_date"": ""2025-01-24"", ""factchecker"": ""PolitiFact"", ""factcheck_analysis_link"": ""https://www.politifact.com/factchecks/2025/jan/30/instagram-posts/no-a-judge-didnt-declare-former-president-joe-bide/""}",FALSE,Instagram posts,“Biden pardons are unconstitutional! 7th Circuit Court Judge Joseph Barron ruled that there is no provision to pardon someone who hasn’t been formally charged.”,2025-01-24,PolitiFact,https://www.politifact.com/factchecks/2025/jan/30/instagram-posts/no-a-judge-didnt-declare-former-president-joe-bide/,Just-world hypothesis,0.1094,very_low,False,[],“Biden pardons are unconstitutional! 7th Circuit Court Judge Joseph Barron ruled that there is no provision to pardon someone who hasn’t been formally charged.”,2025-01-24,refuted
fact5,unknown,142,"“Elon Musk confirms he will spend a massive amount to acquire MSNBC, vows to fire Joy Reid to ‘end toxicity.’”","“Elon Musk confirms he will spend a massive amount to acquire MSNBC, vows to fire Joy Reid to ‘end toxicity.’”",2025-01-25,2025-01-25,FALSE,refuted,"{""verdict"": ""FALSE"", ""statement_originator"": ""Instagram posts"", ""statement"": ""“Elon Musk confirms he will spend a massive amount to acquire MSNBC, vows to fire Joy Reid to ‘end toxicity.’”"", ""statement_date"": ""2025-01-25"", ""factchecker"": ""PolitiFact"", ""factcheck_analysis_link"": ""https://www.politifact.com/factchecks/2025/jan/28/instagram-posts/no-elon-musk-hasnt-vowed-to-acquire-msnbc-and-fire/""}",FALSE,Instagram posts,"“Elon Musk confirms he will spend a massive amount to acquire MSNBC, vows to fire Joy Reid to ‘end toxicity.’”",2025-01-25,PolitiFact,https://www.politifact.com/factchecks/2025/jan/28/instagram-posts/no-elon-musk-hasnt-vowed-to-acquire-msnbc-and-fire/,curse of knowledge,0.3449,low,True,"[{""bias"": ""curse of knowledge"", ""confidence"": 0.3449}]","“Elon Musk confirms he will spend a massive amount to acquire MSNBC, vows to fire Joy Reid to ‘end toxicity.’”",2025-01-25,refuted
fact5,unknown,143,"“As a Californian, we have given more to the recovery of other states than any other state in the union.”","“As a Californian, we have given more to the recovery of other states than any other state in the union.”",2025-01-26,2025-01-26,MOSTLY TRUE,supported,"{""verdict"": ""MOSTLY TRUE"", ""statement_originator"": ""Adam Schiff"", ""statement"": ""“As a Californian, we have given more to the recovery of other states than any other state in the union.”"", ""statement_date"": ""2025-01-26"", ""factchecker"": ""PolitiFact"", ""factcheck_analysis_link"": ""https://www.politifact.com/factchecks/2025/jan/31/adam-schiff/fact-checking-sen-adam-schiffs-claim-about-califor/""}",MOSTLY TRUE,Adam Schiff,"“As a Californian, we have given more to the recovery of other states than any other state in the union.”",2025-01-26,PolitiFact,https://www.politifact.com/factchecks/2025/jan/31/adam-schiff/fact-checking-sen-adam-schiffs-claim-about-califor/,curse of knowledge,0.2428,very_low,False,[],"“As a Californian, we have given more to the recovery of other states than any other state in the union.”",2025-01-26,supported
fact5,unknown,144,The U.S. has an egg shortage because the “Biden administration and the Department of Agriculture directed the mass killing of more than 100 million chickens.”,The U.S. has an egg shortage because the “Biden administration and the Department of Agriculture directed the mass killing of more than 100 million chickens.”,2025-01-28,2025-01-28,HALF TRUE,half true,"{""verdict"": ""HALF TRUE"", ""statement_originator"": ""Karoline Leavitt"", ""statement"": ""The U.S. has an egg shortage because the “Biden administration and the Department of Agriculture directed the mass killing of more than 100 million chickens.”"", ""statement_date"": ""2025-01-28"", ""factchecker"": ""PolitiFact"", ""factcheck_analysis_link"": ""https://www.politifact.com/factchecks/2025/jan/30/karoline-leavitt/karoline-leavitt-blames-biden-for-egg-shortage-but/""}",HALF TRUE,Karoline Leavitt,The U.S. has an egg shortage because the “Biden administration and the Department of Agriculture directed the mass killing of more than 100 million chickens.”,2025-01-28,PolitiFact,https://www.politifact.com/factchecks/2025/jan/30/karoline-leavitt/karoline-leavitt-blames-biden-for-egg-shortage-but/,Just-world hypothesis,0.4151,low,True,"[{""bias"": ""Just-world hypothesis"", ""confidence"": 0.4151}]",The U.S. has an egg shortage because the “Biden administration and the Department of Agriculture directed the mass killing of more than 100 million chickens.”,2025-01-28,half true
fact5,unknown,145,“DOGE and OMB also found that there was about to be $50 million taxpayer dollars that went out the door to fund condoms in Gaza.”,“DOGE and OMB also found that there was about to be $50 million taxpayer dollars that went out the door to fund condoms in Gaza.”,2025-01-28,2025-01-28,FALSE,refuted,"{""verdict"": ""FALSE"", ""statement_originator"": ""Karoline Leavitt"", ""statement"": ""“DOGE and OMB also found that there was about to be $50 million taxpayer dollars that went out the door to fund condoms in Gaza.”"", ""statement_date"": ""2025-01-28"", ""factchecker"": ""PolitiFact"", ""factcheck_analysis_link"": ""https://www.politifact.com/factchecks/2025/jan/30/karoline-leavitt/no-the-us-did-not-spend-50-million-to-fund-condoms/""}",FALSE,Karoline Leavitt,“DOGE and OMB also found that there was about to be $50 million taxpayer dollars that went out the door to fund condoms in Gaza.”,2025-01-28,PolitiFact,https://www.politifact.com/factchecks/2025/jan/30/karoline-leavitt/no-the-us-did-not-spend-50-million-to-fund-condoms/,hindsight bias,0.4039,low,True,"[{""bias"": ""hindsight bias"", ""confidence"": 0.4039}]",“DOGE and OMB also found that there was about to be $50 million taxpayer dollars that went out the door to fund condoms in Gaza.”,2025-01-28,refuted
fact5,unknown,146,Robert F. Kennedy Jr. “made $2.5 million off suing one of the entities that (he would be regulating) and plans to keep getting a take of every lawsuit in the future.”,Robert F. Kennedy Jr. “made $2.5 million off suing one of the entities that (he would be regulating) and plans to keep getting a take of every lawsuit in the future.”,2025-01-29,2025-01-29,HALF TRUE,half true,"{""verdict"": ""HALF TRUE"", ""statement_originator"": ""Elizabeth Warren"", ""statement"": ""Robert F. Kennedy Jr. “made $2.5 million off suing one of the entities that (he would be regulating) and plans to keep getting a take of every lawsuit in the future.”"", ""statement_date"": ""2025-01-29"", ""factchecker"": ""PolitiFact"", ""factcheck_analysis_link"": ""https://www.politifact.com/factchecks/2025/jan/30/elizabeth-warren/whats-the-evidence-rfk-jr-profited-off-vaccine-law/""}",HALF TRUE,Elizabeth Warren,Robert F. Kennedy Jr. “made $2.5 million off suing one of the entities that (he would be regulating) and plans to keep getting a take of every lawsuit in the future.”,2025-01-29,PolitiFact,https://www.politifact.com/factchecks/2025/jan/30/elizabeth-warren/whats-the-evidence-rfk-jr-profited-off-vaccine-law/,curse of knowledge,0.2703,very_low,False,[],Robert F. Kennedy Jr. “made $2.5 million off suing one of the entities that (he would be regulating) and plans to keep getting a take of every lawsuit in the future.”,2025-01-29,half true
fact5,unknown,147,"A Jan. 6, 2021, U.S. Capitol rioter pardoned by President Donald Trump was “killed when she used her 2A rights with a shotgun while being served for eviction.”","A Jan. 6, 2021, U.S. Capitol rioter pardoned by President Donald Trump was “killed when she used her 2A rights with a shotgun while being served for eviction.”",2025-01-29,2025-01-29,FALSE,refuted,"{""verdict"": ""FALSE"", ""statement_originator"": ""Threads posts"", ""statement"": ""A Jan. 6, 2021, U.S. Capitol rioter pardoned by President Donald Trump was “killed when she used her 2A rights with a shotgun while being served for eviction.”"", ""statement_date"": ""2025-01-29"", ""factchecker"": ""PolitiFact"", ""factcheck_analysis_link"": ""https://www.politifact.com/factchecks/2025/jan/31/threads-posts/no-this-capitol-rioter-wasnt-killed-after-trump-pa/""}",FALSE,Threads posts,"A Jan. 6, 2021, U.S. Capitol rioter pardoned by President Donald Trump was “killed when she used her 2A rights with a shotgun while being served for eviction.”",2025-01-29,PolitiFact,https://www.politifact.com/factchecks/2025/jan/31/threads-posts/no-this-capitol-rioter-wasnt-killed-after-trump-pa/,Just-world hypothesis,0.8544,high,True,"[{""bias"": ""Just-world hypothesis"", ""confidence"": 0.8544}]","A Jan. 6, 2021, U.S. Capitol rioter pardoned by President Donald Trump was “killed when she used her 2A rights with a shotgun while being served for eviction.”",2025-01-29,refuted
fact5,unknown,148,“I changed the Obama policy (on hiring air traffic controllers) ... And then Biden came in and he changed it.”,“I changed the Obama policy (on hiring air traffic controllers) ... And then Biden came in and he changed it.”,2025-01-30,2025-01-30,FALSE,refuted,"{""verdict"": ""FALSE"", ""statement_originator"": ""Donald Trump"", ""statement"": ""“I changed the Obama policy (on hiring air traffic controllers) ... And then Biden came in and he changed it.”"", ""statement_date"": ""2025-01-30"", ""factchecker"": ""PolitiFact"", ""factcheck_analysis_link"": ""https://www.politifact.com/factchecks/2025/jan/31/donald-trump/trump-faults-dei-hiring-in-plane-crash-and-falsely/""}",FALSE,Donald Trump,“I changed the Obama policy (on hiring air traffic controllers) ... And then Biden came in and he changed it.”,2025-01-30,PolitiFact,https://www.politifact.com/factchecks/2025/jan/31/donald-trump/trump-faults-dei-hiring-in-plane-crash-and-falsely/,curse of knowledge,0.2582,very_low,False,[],“I changed the Obama policy (on hiring air traffic controllers) ... And then Biden came in and he changed it.”,2025-01-30,refuted
fact5,unknown,149,“Pilot of Blackhawk helicopter that crashed into passenger jet at Reagan National was a transgender woman named Jo Ellis.”,“Pilot of Blackhawk helicopter that crashed into passenger jet at Reagan National was a transgender woman named Jo Ellis.”,2025-01-31,2025-01-31,FALSE,refuted,"{""verdict"": ""FALSE"", ""statement_originator"": ""Facebook posts"", ""statement"": ""“Pilot of Blackhawk helicopter that crashed into passenger jet at Reagan National was a transgender woman named Jo Ellis.”"", ""statement_date"": ""2025-01-31"", ""factchecker"": ""PolitiFact"", ""factcheck_analysis_link"": ""https://www.politifact.com/factchecks/2025/jan/31/facebook-posts/social-media-posts-misidentify-transgender-pilot-j/""}",FALSE,Facebook posts,“Pilot of Blackhawk helicopter that crashed into passenger jet at Reagan National was a transgender woman named Jo Ellis.”,2025-01-31,PolitiFact,https://www.politifact.com/factchecks/2025/jan/31/facebook-posts/social-media-posts-misidentify-transgender-pilot-j/,Just-world hypothesis,0.4257,low,True,"[{""bias"": ""Just-world hypothesis"", ""confidence"": 0.4257}]",“Pilot of Blackhawk helicopter that crashed into passenger jet at Reagan National was a transgender woman named Jo Ellis.”,2025-01-31,refuted
