claim_id,claim,claim_date,speaker,source,label,prediction,prediction_error
0,Hunter Biden had no experience in Ukraine or in the energy sector when he joined the board of Burisma.,25-8-2020,Pam Bondi,train,Supported,Refuted,
1,Donald Trump delivered the largest tax cuts in American history.,25-8-2020,Eric Trump,train,Refuted,Refuted,
2,"In Nigeria … in terms of revenue share, 20% goes to the local government.",25-8-2020,Raila Odinga,train,Supported,Supported,
3,Biden has pledged to stop border wall construction and give amnesty and health care to all illegal immigrants.,25-8-2020,Eric Trump,train,Supported,Conflicting Evidence/Cherrypicking,
4,"After the police shooting of Jacob Blake, Gov. Tony Evers & Lt. Gov. Mandela Barnes did not call for peace or encourage calm.",25-8-2020,Senator Howard Marklein,train,Refuted,Refuted,
5,"The Common Law Admission Test (CLAT) 2020 will not be conducted on September 7, 2020, as planned",25-8-2020,Abhijeet Verma,train,Refuted,Refuted,
6,35% of revenue goes to states. (In Nigeria),25-8-2020,Raila Odinga,train,Refuted,Supported,
7,Margaret Sanger was a racist who believed in eugenics. Her goal when founding Planned Parenthood was to eradicate minorities.,25-8-2020,Abby Johnson,train,Conflicting Evidence/Cherrypicking,Conflicting Evidence/Cherrypicking,
8,"Joe Biden voted for the Irag War and supported war in Serbia, Syria and Libya.",25-8-2020,Senator Rand Paul,train,Conflicting Evidence/Cherrypicking,Supported,
9,Biden will take away the Second Amendment.,25-8-2020,Eric Trump,train,Refuted,Refuted,
10,Biden has pledged to defund the police,25-8-2020,Eric Trump,train,Refuted,Refuted,
11,45% of Nigeria's revenue goes to the federal government.,25-8-2020,Raila Odinga,train,Refuted,Supported,
12,Donald Trump inherited a stagnant economy and then rebuilt it.,25-8-2020,Larry Kudlow,train,Conflicting Evidence/Cherrypicking,Conflicting Evidence/Cherrypicking,
13,"Joe Biden voted for the Iraq War and he supported wars in Serbia, Syria, and Libya.",25-8-2020,Sen. Rand Paul,train,Supported,Supported,
14,President Muhammadu Buhari sign a new Police bill to allow officers arrest without a warrant,24-8-2020,Wanazila (@wana_),train,Supported,Refuted,
15,Plant Seeds Can Restructure Their Own DNA Through Human Saliva,24-8-2020,AFP,train,Refuted,Refuted,
16,We actually saw revenues to the Treasury increase after we lowered taxes in 2017. Rest assured the Democrats do not want you to know that.,24-8-2020,Tim Scott,train,Refuted,Conflicting Evidence/Cherrypicking,
17,In 2019 the US Police were 20.8 times more likely to kill than be killed by a criminal,24-8-2020,"US state Senator Chris Larson, Democrat, Milwaukee",train,Supported,Supported,
18,"A greater proportion of 16 year olds vote in elections in Scotland, Wales and Austria than 18 and 20 year olds.",24-8-2020,Sophie Crozier,train,Conflicting Evidence/Cherrypicking,Refuted,
19,Donald Trump has kept his promises to voters,24-8-2020,,train,Conflicting Evidence/Cherrypicking,Conflicting Evidence/Cherrypicking,
20,The Edo Modular Refinery is Governor Obaseki's project.,24-8-2020,PDP Nigeria,train,Refuted,Refuted,
21,There is a ‘global average’ for the number of judges and magistrates to number of people in Kenya.,23-8-2020,David Maraga ,train,Not Enough Evidence,Not Enough Evidence,
22,"In Kenya now with a population of about 48 million, there is one judge serving over 300,000 people.",23-8-2020,David Maraga,train,Supported,Supported,
23,"Kenya had a population of about 48 million with one judge serving over 300,000 people in 2019.",23-8-2020,David Maraga ,train,Not Enough Evidence,Supported,
24,"Anxiety levels among young teenagers dropped during the coronavirus pandemic, a study has suggested",23-8-2020,,train,Conflicting Evidence/Cherrypicking,Not Enough Evidence,
25,The Kenyan judiciary does not even get 1% of the national budget.,23-8-2020,David Maraga,train,Supported,Refuted,
26,"I will raise taxes for anybody making over $400,000. … No new taxes for people making less than $400,000.",23-8-2020,Joe Biden,train,Not Enough Evidence,Refuted,
27,The counties are striving to reach the 10% [allocation to agriculture] recommended by the Malabo declaration.,23-8-2020,Wycliffe Oparanya,train,Not Enough Evidence,Not Enough Evidence,
28,"Kenya only disposes of about 300,000 cases.",23-8-2020,David Maraga,train,Supported,Refuted,
29,"The judiciary of Kenya have an average of 400,000 cases being filed in our courts every year.",23-8-2020,David Maraga ,train,Supported,Supported,
30,"There is an average of 400,000 cases being filed in Kenya's courts every year.",23-8-2020,David Maraga,train,Supported,Not Enough Evidence,
31,There is a ‘global average’ for the number of judges and magistrates to number of people in Kenya.,23-8-2020,David Maraga,train,Not Enough Evidence,Not Enough Evidence,
32,"The Kenya judiciary have one magistrate serving over 77,000 people.",23-8-2020,David Maraga ,train,Supported,Supported,
33,The judiciary does not even get 1% of the national Kenyan budget.,23-8-2020,David Maraga ,train,Supported,Refuted,
34,All government schools in India are being privatised.,22-8-2020,,train,Refuted,Refuted,
35,The current Ghana administration has resulted in a decline in unemployment rates from 11.9% in 2015 to 7.3% in 2019.,22-8-2020,Nana Addo Dankwa Akufo-Addo ,train,Not Enough Evidence,Supported,
36,If one gets the Spanish flu you have a 50% chance of dying,22-8-2020,Donald Trump ,train,Refuted,Not Enough Evidence,
37,"Ghana's economy previously grew at 3.4% under the form President Mahama's government and on average, for three successive years, at 7% per year with the current administration.",22-8-2020,Nana Addo Dankwa Akufo-Addo ,train,Supported,Refuted,
38,"Kenya settles  about 300,000 court cases each year.",22-8-2020,David Maraga,train,Supported,Not Enough Evidence,
39,There is a ‘global average’ for the number of judges and magistrates to number of people,22-8-2020,David Maraga,train,Not Enough Evidence,Refuted,
40,Kenya's judiciary does not even get 1% of the national budget,22-8-2020,David Maraga,train,Supported,Not Enough Evidence,
41,"In Kenya, one Magistrate serves 77,000 people.",22-8-2020,David Maraga,train,Refuted,Supported,
42,"In Kenya now, with a population of about 48 million, they have one judge serving over 300,000 people.",22-8-2020,David Maraga,train,Supported,Supported,
43,No Democrats have condemned the rioting that has occurred alongside recent protests.,21-8-2020,AC Friess,train,Refuted,Refuted,
44,"A pizza place in Washington, D.C. -- Comet Ping Pong has ties to Hillary Clinton and other leading Democrats",21-8-2020,,train,Refuted,Refuted,
45,South Africans that drink are amongst the top drinkers in the world.,21-8-2020,Zweli Kkhize,train,Supported,Supported,
46,South Africans are among the top drinkers in the world.,21-8-2020,Zweli Mkhize,train,Supported,Supported,
47,South African consume more alcohol per person on average than anywhere else in Africa.,21-8-2020,Zweli Kkhize,train,Refuted,Supported,
48,South Africans drink more per person than anywhere else in Africa,21-8-2020,Zweli Mkhize,train,Refuted,Supported,
49,Only 31% of South African drink alcohol,21-8-2020,Zweli Kkhize,train,Not Enough Evidence,Refuted,
50,South Africans drink more per person than anywhere else in Africa.,21-8-2020,Zweli Mkhize,train,Refuted,Supported,
51,world bank currently rates Nigeria as one of ten top performing countries on its Doing Business Index.,21-8-2020,Presidency Nigeria,train,Supported,Refuted,
52,South Africans are among the top drinkers in the world,21-8-2020,Zweli Mkhize,train,Supported,Supported,
53,Only 31% of South Africans drink alcohol,21-8-2020,Zweli Mkhize,train,Supported,Refuted,
54,Only 31% of South Africans drink alcohol.,21-8-2020,Zweli Mkhize,train,Supported,Refuted,
55,Joe Biden officiated a gay wedding at the White House in 2016.,20-8-2020,Jayke Townsend,train,Conflicting Evidence/Cherrypicking,Refuted,
56,Democratic Arizona Superintendent of Public Instruction Kathy Hoffman is “pushing” for sex education that would teach kindergartners about masturbation and sexual positions.,20-8-2020,Linda Traitz,train,Refuted,Refuted,
57,"The interface of the COVID-19 Exposure Notification System, a contact tracing programme developed by Apple and Google has been secretly inserted onto phones and tracks user’s location.",20-8-2020,@MayGodBlessHongKong,train,Refuted,Refuted,
58,Democratic Arizona Superintendent of Public Instruction Kathy Hoffman was sworn into office on a Dr. Seuss book.,20-8-2020,Linda Traitz,train,Refuted,Supported,
59,India's Supreme Court recently changed its motto from ‘Satyamev Jayate’ to ‘Yato Dharmastato Jai’.,20-8-2020,@SunilAstay,train,Refuted,Refuted,
60,"Democrats recited the US Pledge of Allegiance tonight and took out ""under God"".",20-8-2020,Kimber L Byrd,train,Refuted,Refuted,
61,Democratic VP candidate Kamala Harris called young voters stupid.,20-8-2020,ForAmerica,train,Supported,Refuted,
62,Israel has developed super-quick saliva test for COVID-19.,20-8-2020,nikunj shah ,train,Supported,Supported,
63,Children are silent super-spreaders of coronavirus.,20-8-2020,Mark Waghorn & Shivali Best,train,Refuted,Refuted,
64,Social Security checks do not go through the U.S. postal service since 2013 because it's not secure,20-8-2020,,train,Conflicting Evidence/Cherrypicking,Supported,
65,Candace Owens was fired from her show at One America News after a  racist outburst.,19-8-2020,Fallis Gunnungton,train,Refuted,Not Enough Evidence,
66,President Trump is the most pro-gay president in American history.,19-8-2020,Richard Grenell,train,Refuted,Refuted,
67,"US billionaires became $400 billion richer during the COVID-19 pandemic, while millions lost their $600 a week in extra unemployment.",19-8-2020,Former secretary of state Hillary Clinton,train,Conflicting Evidence/Cherrypicking,Supported,
68,"Messages in Google Earth show the ""Deep States New Home,"" which shows up on the map as ""Setatspeed Emohwen Gardens"" near Guantanamo Bay, Cuba.",19-8-2020,raydio.active,train,Refuted,Refuted,
69,USA is the only major industrial economy to have it unemployment rate triple.,18-8-2020,Bill Clinton,train,Supported,Refuted,
70,The USA has only 4% of the worlds population but has 25% of the worlds Covid-19 Cases.,18-8-2020,Bill Clinton,train,Supported,Supported,
71,Donald Trump is trying to take away the health care by getting rid of the Affordable Care Act.,18-8-2020,Narrator of a health care video segment,train,Supported,Supported,
72,Mughal Gardens Renamed To Dr. Rajendra Prasad Garden,18-8-2020,@smitadeshmukh,train,Refuted,Refuted,
73,Trumps January 2018 travel ban was unlawful.,18-8-2020,Attorney General Sally Yates,train,Refuted,Refuted,
74,Raising the US federally required minimum wage to $15 an hour would give 40 million workers a pay raise and push the wage scale up for everyone else.,17-8-2020,Sen. Bernie Sanders,train,Conflicting Evidence/Cherrypicking,Supported,
75,Drinking vodka protects an individual against COVID-19.,17-8-2020,Lorenzo “Larry” Gadon,train,Refuted,Refuted,
76,BJP MP and former Union Minister Alphons Kannanthanam  sent his mother's dead body from Delhi to Kerala for the funeral without revealing she died of Covid-19.,17-8-2020,AutoRaja,train,Refuted,Refuted,
77,"Drinking traditional Chinese medicine (TCM) or steroids, along with antibiotics at the onset of symptoms cures COVID-19.",17-8-2020,Lorenzo “Larry” Gadon,train,Refuted,Refuted,
78,The Sarang Jeil Church of Jesus took preventative measure against coronavirus but the government spread the virus to prevent Rev. Jeon Kwang-hun attending the anti-government demonstration on August 15th.,17-8-2020,Rev. Jeon Kwang-hun,train,Refuted,Refuted,
79,"In 2016, 33 million Americans voted by mail.",17-8-2020,Catherine Cortez Masto,train,Supported,Supported,
80,"In Michigan, US one of the three key states that enabled Donald Trump to win the presidential election in 2016, the winning margin averaged out to just over two votes per precinct.",17-8-2020,Michelle Obama,train,Supported,Supported,
81,The Trump administration disbanded the pandemic response team that was given to them.,17-8-2020,Eva Longoria Baston,train,Supported,Supported,
82,Auto workers across Michigan could have lost their jobs if not for Barack Obama and Joe Biden,17-8-2020,Gretchen Whitmer,train,Supported,Supported,
83,Vice President Biden and President Obama assembled a pandemic playbook to make sure that America was prepared and protected.,17-8-2020,Eva Longoria Baston,train,Supported,Refuted,
84,"Nigeria is the largest producer of rice in Africa, ranking 14th in the world.",17-8-2020,Taskar Vision,train,Supported,Refuted,
85,"There are many scientific studies saying masks should be worn only in enclosed spaces, such as in elevators and conference rooms, and not outdoors",17-8-2020,Lorenzo “Larry” Gadon,train,Refuted,Refuted,
86,"In the US, envelopes used for mail-in ballots in general elections reveal the party affiliation of the voter allowing postal workers to toss votes.",17-8-2020,Justin Bonanno ,train,Refuted,Refuted,
87,"In one of the states that determined the outcome"" of the 2016 presidential race, ""the winning margin averaged out to just two votes per precinct — two votes.",17-8-2020,Michelle Obama,train,Supported,Supported,
88,A sharp decline recently in novel coronavirus cases in New York was down to Gov. Andrew M. Cuomo handling of the situation.,17-8-2020,Gov. Andrew M. Cuomo,train,Conflicting Evidence/Cherrypicking,Conflicting Evidence/Cherrypicking,
89,President Donald Trump threatened to delay the election and suggested that he will not leave office if he loses.,17-8-2020,Bernie Sanders,train,Conflicting Evidence/Cherrypicking,Supported,
90,Social Security beneficiaries count on the post office to get their checks,17-8-2020,Eva Longoria Baston,train,Conflicting Evidence/Cherrypicking,Refuted,
91,Social Security beneficiaries count on the post office to get their checks.,17-8-2020,Eva Longoria Bastón,train,Supported,Refuted,
92,Vice President Biden and President Obama assembled a pandemic playbook to make sure that America was prepared and protected. The Trump administration disbanded the pandemic response team that was given to them.,17-8-2020,Eva Longoria Bastón,train,Supported,Supported,
93,"Sweden, which does not require the wearing of masks in public, has had few deaths due to COVID-19",17-8-2020,Lorenzo “Larry” Gadon,train,Refuted,Conflicting Evidence/Cherrypicking,
94,Beijing government announced that Chinese people should not travel to the United States or buy American-made products.,16-8-2020,,train,Refuted,Refuted,
95,MS Dhoni has exited the cricket team for refusing to campaign for BJP in Jharkhand election.,16-8-2020,,train,Refuted,Refuted,
96,warm water is effective in curing joint pain,16-8-2020,,train,Refuted,Supported,
97,Walmart stores have stopped accepting cash payments.,16-8-2020,Craig Schoen,train,Refuted,Refuted,
98,warm water is effective in curing asthma,16-8-2020,,train,Refuted,Refuted,
99,Cold drinks are the main cause of heart attacks.,16-8-2020,,train,Not Enough Evidence,Refuted,
100,Facebook deleted a photo of Melania Trump with her sister and mother.,16-8-2020,THomas Moore,train,Refuted,Refuted,
101,UK Prime Minister Boris Johnson apologised for colonial rule in India.,16-8-2020,@BorisUKJohnson,train,Refuted,Refuted,
102,Cold water affects the internal walls of the stomach. It affects the large intestine and results in cancer,16-8-2020,,train,Refuted,Refuted,
103,Late actor Sushant Singh Rajput developed an app which could detect Covid-19 infection just through a person's breathing.,16-8-2020,BlitzzToday,train,Not Enough Evidence,Refuted,
104,warm water is effective in curing migraine,16-8-2020,,train,Refuted,Not Enough Evidence,
105,"Sweden, despite never having had lockdown, has a lower COVID-19 death rate than Spain, Italy, and the United Kingdom.",16-8-2020,Soo Kim,train,Supported,Refuted,
106,warm water is effective in curing epilepsy,16-8-2020,,train,Refuted,Refuted,
107,The United States Postal Service advises customers to never send cash in the mail.,16-8-2020,,train,Supported,Supported,
108,Tricolour to be hoisted for first time at Niagara Falls to mark 74th Indian Independence Day.,14-8-2020,Incredible India ,train,Supported,Supported,
109,Former U.S. President George W. Bush supports the Democratic presidential ticket of Joe Biden and Kamala Harris.,14-8-2020,Satch Sullinger,train,Refuted,Refuted,
110,The United States has reached herd immunity for COVID-19,14-8-2020,,train,Refuted,Refuted,
111,The Annabelle doll escaped from the Warren's Occult Museum on 14th August 2020 at 3am.,14-8-2020,MSK Thapa,train,Refuted,Refuted,
112,"COVID-19 medical face masks are designed to be worn differently depending on the health of the wearer, masks should be worn colored side out if you are sick and do not want to spread germs around and the white side of the mask is the filter part to be worn facing out when the wearer is not sick, to prevent germs from getting in.",14-8-2020,Social Media Users,train,Not Enough Evidence,Refuted,
113,Vitamin D prevents COVID-19 infection and reduces severity.,13-8-2020,Ross Walter,train,Refuted,Refuted,
114,"The media is ignoring the tragic death of a 5-year-old boy who was fatally shot by a neighbor in Wilson, North Carolina, on August 9, 2020.",13-8-2020,William Gheen,train,Refuted,Refuted,
115,"The murder of Oscar Grant, by a police officer in the United States, was never prosecuted by the DA.",13-8-2020,,train,Refuted,Refuted,
116,Former president Pranab Mukherjee from India has passed away.,13-8-2020,Rajdeep sardesai,train,Refuted,Supported,
117,Kamala Harris called Joe Biden 'A Racist And A Rapist',13-8-2020,,train,Refuted,Refuted,
118,"COVID-19 has caused more casualties than WWI; the Korean, Vietnam, Iraq, and Afghanistan-US wars; and 9/11.",12-8-2020,Quinton Smith,train,Refuted,Supported,
119,Creativity is contagious. Pass it on was said by Albert Einstein,11-8-2020,,train,Refuted,Refuted,
120,"Kamala Harris said ""And once Trump’s gone and we have regained our rightful place in the White House, look out if you supported him and endorsed his actions, because we’ll be coming for you next"".",11-8-2020,Kamala Harris,train,Refuted,Refuted,
121,Russia has successfully developed a vaccine for Covid-19 and it has passed all checks.,11-8-2020,Vladimir Putin,train,Refuted,Not Enough Evidence,
122,"Kamala Harris was descended from enslavers, and this is an inconvenient part of her history and this is a deep dark secret.",11-8-2020,,train,Refuted,Refuted,
123,"Democratic California Sen. Kamala Harris was the Alameda County district attorney when Oscar Grant, a 22-year-old black man, was shot and killed in Oakland, California.",11-8-2020,,train,Refuted,Supported,
124,"Sarah Huckabee Sanders said ""it's not the government's job to protect my health"" and that ""when you trade liberty for safety, you end up losing both""",11-8-2020,,train,Refuted,Refuted,
125,President Trump Says He Hopes The NFL Season Gets Canceled Due To Coronavirus,11-8-2020,Donald Trump,train,Refuted,Refuted,
126,Russia has developed a new vaccine to fight COVID-19.,11-8-2020,@Russia,train,Supported,Supported,
127,"All regular Indian Railways trains cancelled till 30th September, 2020.",10-8-2020,,train,Refuted,Refuted,
128,COVID-19 virus is airborne.,10-8-2020,President Rodrigo Duterte ,train,Supported,Supported,
129,LITTLE CAESARS IS OFFERING FREE PIZZA TO ANYONE WHO SHARES AND COMMENTS ON A FACEBOOK POST,10-8-2020,Little Caesars,train,Refuted,Refuted,
130,Amazon CEO Jeff Bezos has offered free one-day Prime shipping for all mail-in ballots.,10-8-2020,Gabby Yonge Bloor,train,Refuted,Refuted,
131,"The NZ Green Party should have delivered 16,000 KiwiBuild houses by now (10/08/2020). They’ve only managed just around 400. And so to promise 5,000 extra houses a year is nothing more than just wishful thinking and is destined to go the same way as KiwiBuild.",10-8-2020,Jacqui Dean - National Party housing,train,Refuted,Supported,
132,There is an office of the special assistant to the executive governor of Kano state on graveyards,10-8-2020,@ChidiOdinkalu,train,Not Enough Evidence,Refuted,
133,Vaccines have caused deaths in the Philippines.,9-8-2020,Shelton Bobby Valderama,train,Refuted,Supported,
134,"Amid the coronavirus pandemic, Facebook has changed its privacy rules, allowing it to use pictures and posts shared by users in lawsuits against them.",9-8-2020,Mehmet Yıldırım,train,Refuted,Refuted,
135,"A video shows people in Pakistan are uprooting the trees planted as part of Imran Khan’s plantation campaign because they consider planting trees as ""unIslamic"".",9-8-2020,Major Surendra Poonia,train,Refuted,Refuted,
136,Donald Trump's payroll tax deferral could leave American workers liable for thousands of dollars during tax season and could potentially leave programs like Social Security and Medicare weakened.,8-8-2020,Eugene DePasquale,train,Supported,Supported,
137,Choluteca bridge was built in 1996.,8-8-2020,Nidhi Suman,train,Conflicting Evidence/Cherrypicking,Refuted,
138,Choluteca bridge withstood a hurricane in 1998 but the river changed course and no longer flows under the bridge.,8-8-2020,Nidhi Suman,train,Supported,Supported,
139,T cells may play a role in the body’s immune response against the virus SARS-CoV-2,7-8-2020,Carrie Arnold,train,Supported,Supported,
140,"According to Harry Roque, even if 10,000 people die, 10 million COVID-19 cases in the country will not be a loss.",7-8-2020,Manila Bulletin,train,Refuted,Supported,
141,"The Australian govt is handing out $25,000 to all nursing homes who label covid as the main cause of deaths on death certificates.",7-8-2020,Elle Salzone,train,Refuted,Refuted,
142,Massive international study shows a much lower COVID-19 mortality rate in countries where hydroxychloroquine was prescribed to patients.,6-8-2020,Jim Hoft is the founder and editor of The Gateway Pundit,train,Refuted,Refuted,
143,Balbir Singh converted to Islam after he participated in the demolition of Babri Masjid,6-8-2020,Majlis Sena A.P,train,Supported,Refuted,
144,82% of the public are wearing face masks on Translink buses and trains.,6-8-2020,@deptinfra,train,Supported,Not Enough Evidence,
145,"330,000 people a day are being tested for Covid-19 under the Test and Trace programme in the United Kingdom",5-8-2020,Nick Gibb MP,train,Refuted,Supported,
146,Madagascar has found a coronavirus medicine that can wipe out the virus at any stage within a period of six days.,5-8-2020,Global Football News Highlights,train,Refuted,Refuted,
147,The GOP lawyer who helped Kanye West get on the ballot in Wisconsin USA is actively working for Donald Trump's campaign.,5-8-2020,Cameron Joseph,train,Supported,Supported,
148,Communist government in Kerala India impose a blackout on August 5 to prevent people from watching the Ram Mandir bhoomi pujan ceremony.,5-8-2020,Monica ,train,Refuted,Refuted,
149,Large country-randomized controlled trial in 2.7 billion people shows 79.1% lower death rate in COVID-19 patients treated with hydroxychloroquine,5-8-2020,,train,Refuted,Refuted,
150,The U.S. Health and Human Services Secretary Alex Azar's visit to Taiwan in August 2020 is a breach of international rules.,4-8-2020,Hu Xijin,train,Refuted,Conflicting Evidence/Cherrypicking,
151,"The USA has more COVID-19 cases, because they do more tests",3-8-2020,Donald Trump,train,Refuted,Conflicting Evidence/Cherrypicking,
152,France approves the use of HCQ for treatment of Covid 19. After trials proved successful. 800 hospital have commenced using it.,3-8-2020,Ted Attard,train,Refuted,Refuted,
153,"At Trump’s Tulsa rally there were 12000 people, not 6000 as reported by Axios and others.",3-8-2020,Donald Trump,train,Refuted,Refuted,
154,"Angela Merkel is the daughter of Adolf Hitler, Justin Trudeau is the son of Fidel Castro and Barbara Bush is the daughter of Aleister Crowley.",3-8-2020,Robert Elias Valdez,train,Refuted,Refuted,
155,"There is now a 10-year rule. If you damage a federal property such as courthouse, you go to jail for 10 years.",3-8-2020,Donald Trump,train,Supported,Supported,
156,You can test too much for Covid-19.,3-8-2020,Donald Trump,train,Conflicting Evidence/Cherrypicking,Supported,
157,Trump did more for the Black community than anybody with the possible exception of Abraham Lincoln.,3-8-2020,Donald Trump,train,Refuted,Refuted,
158,"With African Americans, Trump is doing very well. They had the best employment numbers they’ve ever had. ... They were making more money than they ever made.",3-8-2020,Donald Trump,train,Supported,Refuted,
159,"The late Rep. John Lewis, D-Ga., didn't come to Trump's inauguration. He didn't come to Trump's State of the Union speeches.",3-8-2020,Donald Trump,train,Supported,Supported,
160,"California is going to send tens of millions of ballots to California, all over the place.",3-8-2020,Donald Trump,train,Refuted,Refuted,
161,"Covid deaths are way down from where it was … It spiked, but now it's going down again. It's going down in Arizona. It's going down in Florida. It's going down in Texas.",3-8-2020,Donald Trump,train,Refuted,Refuted,
162,"Ghislaine Maxwell's boyfriend Jeffrey Epstein died in jail and people are still trying to figure out how did it happened, was it suicide, was he killed.",3-8-2020,Donald Trump,train,Supported,Supported,
163,"COVID-19 has infected fewer people than H1N1 virus, but “media hysteria” has prompted an overblown response.",3-8-2020,Flammys ,train,Refuted,Refuted,
164,USA has tested more people than any other country.,3-8-2020,Donald Trump,train,Conflicting Evidence/Cherrypicking,Supported,
165,Reports that Russia paid bounties or offered to pay bounties to Taliban-linked militants to kill American soldiers) never reached Trump's desk.,3-8-2020,Donald Trump,train,Conflicting Evidence/Cherrypicking,Refuted,
166,The violence in Portland is getting better since federal agents went in. They've arrested a lot of people.,3-8-2020,Donald Trump,train,Refuted,Refuted,
167,"Millions of ballots are being mailed, nobody even knows where they’re going.",3-8-2020,Donald Trump,train,Refuted,Refuted,
168,South Korea have spikes of Covid cases and nobody knows if they only had 300 deaths.,3-8-2020,Donald Trump,train,Refuted,Refuted,
169,Devender Sharma fabricated false covid-19 positive reports for patients  in order to get them admitted for kidney harvesting.,2-8-2020,United Social Club of Africa-international,train,Refuted,Refuted,
170,"""Depending on which study you look at,"" he said, ""either 68% or 5 out of 6 individuals ... are making more on unemployment than they did on the job.""",2-8-2020,US Sen. Ron Johnson,train,Supported,Conflicting Evidence/Cherrypicking,
171,"US Washington mayor exempted members of Congress from the mandatory 14 day quarantine, after travelling to a coronavirus high risk area to attend the funeral of John Lewis.",2-8-2020,Conservative News Today,train,Supported,Supported,
172,Devender Sharma ran an illegal kidney racket on the pretext of coronavirus.,2-8-2020,Virendra Prajapati,train,Refuted,Refuted,
173,"The COVID-19 vaccine developed by Bharat Biotech will be available on the market on August 15, 2020.",2-8-2020,,train,Refuted,Refuted,
174,Kenya's judiciary does not get even 1% of the national budget.,1-8-2020,"Kenya’s chief justice, David Maraga",train,Supported,Refuted,
175,"In 2018, South African police service officers were accused of 217 cases of torture and 3,661 cases of assault",1-8-2020,Cops are Flops,train,Supported,Supported,
176,"A married couple in Florida, Tito and Amanda Watts, was arrested for selling fake golden tickets to heaven to hundreds of people.",1-8-2020,Mokwele Kholofelo Banny,train,Refuted,Supported,
177,There is a ‘global average’ for the number of judges and magistrates to number of people,1-8-2020,"Kenya’s chief justice, David Maraga",train,Refuted,Not Enough Evidence,
178,"Michigan Senator Gary Peters is known for doing nothing, where he has skipped 84% of small business hearings and 89% of hearings on China.",1-8-2020,John James,train,Refuted,Refuted,
179,"Kenya's courts dispose of about 300,000 cases every year",1-8-2020,"Kenya’s chief justice, David Maraga",train,Supported,Not Enough Evidence,
180,"In Kenya now with a population of about 48 million, we have one judge serving over 300,000 people",1-8-2020,David Maraga,train,Supported,Supported,
181,"Soon Ram Mandir will also have a kitchen and Bhojanalya, where devotees visiting the town will be offered free meals and the ‘Raghupati’ laddus as Prasadam",1-8-2020,Hindu Seccrets,train,Supported,Supported,
182,"Kenya has one magistrate serving over 77,000 people",1-8-2020,"Kenya’s chief justice, David Maraga",train,Supported,Supported,
183,"With a population of about 48 million, Kenya has only one judge serving over 300,000 people",1-8-2020,"Kenya’s chief justice, David Maraga",train,Supported,Supported,
184,"1.110,000 Delicious Laddus are being prepared for the Bhoomi Poojan Ceremony at Sri Ramachandra Janmabhoomi Ayodhya",1-8-2020,Hindu Seccrets,train,Supported,Supported,
185,"Kenya has an average of 400,000 cases being filed in our courts every year",1-8-2020,David Maraga,train,Supported,Supported,
186,"Kenya has one magistrate serving over 77,000 people",1-8-2020,David Maraga,train,Supported,Supported,
187,"an average of 400,000 cases being filed in Kenya's courts every year",1-8-2020,"Kenya’s chief justice, David Maraga",train,Supported,Supported,
188,Kenya President Uhuru Kenyatta said that health experts had “indicated that levels of the positivity rate countrywide have fallen from a high of 13% in June to 8% in August” and described this as “very encouraging”.,1-8-2020,President Uhuru Kenyatta ,train,Refuted,Supported,
189,The judiciary does not even get 1% of the Kenyan national budget.,1-8-2020,David Maraga,train,Supported,Refuted,
190,Since 2002 South Africa’s police force has grown by 50%,1-8-2020,Cops are Flops,train,Supported,Supported,
191,The South African Police Service kills three times more people per capita than the United States police force,1-8-2020,Cops are Flops,train,Not Enough Evidence,Supported,
192,face coverings/masks became “mandatory” in shops and indoor public spaces in Northern Ireland on 1 August 2020,31-7-2020,Kellie Armstrong MLA,train,Refuted,Supported,
193,"Social distancing, to prevent the spread of coronavirus was not practiced at the funeral of civil rights icon, John Lewis.",31-7-2020,Mark Dice,train,Refuted,Refuted,
194,In the UK the new daily allowance for peers in the House of Lords in 2020 is £323.,31-7-2020,Adrian Anderson Barker,train,Supported,Supported,
195,Walt Disney's Characters Mickey and Minnie Mouse Were Twins,31-7-2020,ChaosChytistOfficial,train,Refuted,Refuted,
196,COVID-19 cases in the Baranguay UP campus increased due to the SONAgkaisa rally held there on July 27 2020.,31-7-2020,Timek ti Cagayan,train,Refuted,Not Enough Evidence,
197,Scores of politicians and others are on a “list” of sex cases from newly unsealed Ghislaine Maxwell court documents.,31-7-2020,,train,Conflicting Evidence/Cherrypicking,Conflicting Evidence/Cherrypicking,
198,Ratneshwar temple leans at an angle higher than the Leaning Tower of Pisa.,30-7-2020,Sanjay Dixit,train,Supported,Supported,
199,3.8% of Wisconsin’s coronavirus funding has been spent.,30-7-2020,Bryan Steil,train,Supported,Not Enough Evidence,
200,Ghislaine Maxwell tested positive for Covid-19 in jail.,30-7-2020,D. R. Everard,train,Refuted,Supported,
201,Taylor Swift says we should remove the Statue of Liberty.,30-7-2020,Brenda Burslem,train,Refuted,Refuted,
202,COVID Outbreak Discovered in Oregon Minks,30-7-2020,Center for Biological Diversity ‏  ,train,Supported,Supported,
203,"The Philippines, during the Marcos dictatorship, developed a missile system before China did.",29-7-2020,Maharlikan Atin Toh,train,Refuted,Refuted,
204,"Tint Tint Htun, a former Myanmar actress and singer who became a Buddhist nun, has died.",29-7-2020,Myanmar Cele Star,train,Refuted,Supported,
205,Congress-led government closed Rafale deal in 2012.,29-7-2020,INC,train,Supported,Refuted,
206,Russia offered bounties to the Taliban to kill U.S. troops in Afghanistan.,29-7-2020,Jonathan Swan,train,Supported,Supported,
207,The South Sudan government has teamed up with the world bank to offer grants worth 41.4$ million to entrepreneurs,29-7-2020,south sudan ministry of finance & planning,train,Refuted,Supported,
208,John Mahama presided over higher inflation. Nana Akufo-Addo has reduced inflation.,28-7-2020,Dr Mahamudu Bawunia,train,Supported,Refuted,
209,John Mahama presided over a decline in Ghana's agriculture. Nana Akufo-Addo increased Ghana's agricultural output.,28-7-2020,Dr Mahamudu Bawumia,train,Supported,Refuted,
210,"Uttar Pradesh Police, in India, took several goats into custody for not wearing masks.",28-7-2020,Bella Parihar,train,Refuted,Supported,
211,Republican bill says no medical malpractice suits until 2024.,28-7-2020,Chuck Schumer,train,Refuted,Refuted,
212,"The New York state Labor Department is giving essential workers $4,800 in hazard pay.",28-7-2020,,train,Refuted,Supported,
213,"Actor Sonu Sood launched a toll-free number on May 26 to facilitate migrants to reach their home. Through this toll-free number, one can easily reach out to Sonu Sood’s team for help.",28-7-2020,,train,Supported,Supported,
214,"Hetero is selling 6 vials of Remdesivir at Rs 32,400 at Kukatpally",28-7-2020,,train,Supported,Not Enough Evidence,
215,John Mahama presided over low industrial growth during his four years in office. Nana Akufo-Addo has increased industrial growth.,28-7-2020,Dr Mahamudu Bawunia,train,Supported,Conflicting Evidence/Cherrypicking,
216,Reports as recent as 2017 reported 92% prevalence of blood lead poisoning in children from some villages in the Nigerian state of Zamfara.,28-7-2020,Tosin Abdulsalam,train,Supported,Supported,
217,Tom Hanks went on on national TV to say he had COVID 19,28-7-2020,Viral Facebook post,train,Refuted,Supported,
218,USA is largely out of Afghanistan.,28-7-2020,,train,Refuted,Refuted,
219,Four Ukrainian soldiers died after taking part in Covid-19 vaccine trials conducted by USA.,27-7-2020,Vaccine Injury Awareness Month Australia Facebook page,train,Refuted,Refuted,
220,"Smartphone apps can measure blood pressure, heart rate and oxygen levels by asking you to press your index finger on the camera.",26-7-2020,Srinivasulu Reddy,train,Refuted,Refuted,
221,"Samajwadi Party leader Azam Khan had said he  (water burial)would take jalsamadhi if he was not invited for the Bhumi Pujan of the Ram Temple in Ayodhya on August 5, 2020.",26-7-2020,,train,Refuted,Refuted,
222,"The United Nations delivered a formal stand down order to the Trump administration in July 2020, ordering the President to stop Federal officers from using non-lethal force against peaceful protesters in Portland.",26-7-2020,Max McGuire,train,Refuted,Refuted,
223,"Too much exposure to 5G, can literally fry the human central nervous system.",26-7-2020,STFN Reloaded,train,Refuted,Refuted,
224,"Nigeria recorded 1.25 million abortion cases in 2012 alone, but that this figure represented double the 1996 figures.",26-7-2020,Lucky Palmer,train,Supported,,Failed to get valid prediction
225,Your face will become exposed to the virus if you wear your mask on your chin.,26-7-2020,,train,Supported,Refuted,
226,Florida is doing over five times better” than New Jersey and New York in COVID-19 deaths per million people,26-7-2020,,train,Refuted,Refuted,
227,UNICEF stated that Coronavirus (COVID-19) is large in size where the cell diameter is 400-500 micro and for this reason any mask prevents its entry.,26-7-2020,Hla Oo,train,Refuted,Refuted,
228,5G towers unleash severely damaging level of radiation to DNA,26-7-2020,STFN Reloaded,train,Refuted,Refuted,
229,Those most susceptible to the radiation from 5G technology are fetuses in utero and children.,26-7-2020,STFN Reloaded,train,Refuted,Refuted,
230,"Due to their exterior anatomy, male testicles are especially susceptible to 5G radiation, which lowers sperm count. Just the same, cellular radiation kills off irreplaceable eggs in females.",26-7-2020,STFN Reloaded,train,Refuted,Refuted,
231,US healthcare workers still don't have enough PPE during the COVID-19 pandemic,25-7-2020,Joe Biden,train,Supported,Supported,
232,APC is luring Abubakar Shekau with Vice Presidential ticket  as an inducement to end Boko-Haram War.,25-7-2020,@AustinNwabufo,train,Refuted,Refuted,
233,"BLM injures 1000 police officers, kills36 people and does $8 billion in damage .",25-7-2020,,train,Refuted,Refuted,
234,Ghanan government presented inconsistent data about the Free Senior High School programme in the 2020 Mid-year review budget.,24-7-2020,Samuel Okudzeto Ablakwa,train,Supported,Supported,
235,Clint Eastwood endorsed Donald Trump.,24-7-2020,Fair Suck of the Sav Mate,train,Refuted,Supported,
236,Wisconsin Democrats say lawmakers in neighbouring states have implemented more safety precautions against the spread of COVID-19 than state GOP.,24-7-2020,,train,Supported,Supported,
237,The Covid-19 infection rate among healthcare workers in Ireland is the highest in the world.,24-7-2020," Irish Nurses and Midwives Organisation General Secretary, PhilNí Sheaghdha",train,Not Enough Evidence,Refuted,
238,"Jim Carrey said,  'Hollywood Elites Eat Whole Babies For Christmas' - 'The More They Suffer - The Better They Taste'",24-7-2020,,train,Refuted,Refuted,
239,US drug prices in 2019 went down for the first time in 51 years.,24-7-2020,President Donald Trump,train,Refuted,Supported,
240,PM Modi has not imposed President’s rule even a single time since 2014.,24-7-2020,Govind Menon,train,Refuted,Refuted,
241,Counties in Kenya allocated an average of 7.3% of budgets to agriculture in 2019/20.,23-7-2020,Wycliffe Oparanya,train,Not Enough Evidence,Supported,
242,"County governments in Kenya have continued to adhere to the two-thirds gender principle. Three counties of Kilifi, Nyeri and Migori have gone higher and have a 50/50 representation of male and female CECs (county executive committee members).",23-7-2020,Wycliffe Oparanya,train,Refuted,Refuted,
243,Target ended its “Heroes & Helpers” program that pairs children with police officers for holiday shopping trips,23-7-2020,,train,Refuted,Refuted,
244,"Kenya's sanitation coverage is now at 25%, up from 16%.",23-7-2020,Wycliffe Oparanya,train,Not Enough Evidence,Not Enough Evidence,
245,"Sanitation coverage in Kenya is now at 25%, from 16%.",23-7-2020,Wycliffe Oparanya,train,Not Enough Evidence,Not Enough Evidence,
246,"Federal High Court has restrained Godwin Obaseki, the incumbent Edo state governor, from participating in the Peoples’ Democratic Party’s gubernatorial primaries in the state.",23-7-2020,,train,Refuted,Refuted,
247,In Kenya the allocation of budgets to agriculture in the 2019/20 financial year is an increase of 0.6% from what was reported last year.,23-7-2020,Wycliffe Oparanya,train,Not Enough Evidence,Refuted,
248,Counties in Kenya have over the past year sustained an average allocation of 24% of their total budgets to the health sector,23-7-2020,Wycliffe Oparanya,train,Supported,Supported,
249,The allocation to agriculture is an increase of 0.6% from what was reported last year.,23-7-2020,Wycliffe Oparanya,train,Not Enough Evidence,Not Enough Evidence,
250,Kenyan Counties allocated an average of 7.3% of budgets to agriculture.,23-7-2020,Wycliffe Oparanya,train,Refuted,Supported,
251,Counties in Kenya are striving to reach the 10% budget allocation to agriculture recommended by the Malabo declaration.,23-7-2020,Wycliffe Oparanya,train,Refuted,Supported,
252,Study Concludes that Mask Wearers Have Lower IQ,23-7-2020,,train,Refuted,Refuted,
253,"In Kenya, Water coverage now stands at 63% from 57%.",23-7-2020,Wycliffe Oparanya,train,Refuted,Supported,
254,Kenyan counties allocated an average of 7.3% of budgets to agriculture.,23-7-2020,Wycliffe Oparanya,train,Refuted,Supported,
255,"Sanitation coverage is now at 25%, from 16%.",23-7-2020,Wycliffe Oparanya,train,Not Enough Evidence,Not Enough Evidence,
256,"Kenya's county governments have continued to adhere to the two-thirds gender principle. Four counties, Mombasa, Kilifi, Nyeri, and Migori, have gone higher and have a 50/50 representation of male and female CECs.",23-7-2020,Wycliffe Oparanya,train,Supported,Not Enough Evidence,
257,Two-thirds of the debt in the Australian budget was borrowed before the start of the pandemic,23-7-2020,,train,Supported,Supported,
258,The allocation to agriculture is an increase of 0.6% from what was reported last year in Kenya.,23-7-2020,Wycliffe Oparanya,train,Refuted,Not Enough Evidence,
259,Modi Govt Make 'Country Of Origin' Label Mandatory on Products For GeM Platform.,23-7-2020,@essveesumit,train,Supported,Supported,
260,Joe Biden owns island next to sex offender Jeffrey Epstein’s hideaway.,23-7-2020,,train,Refuted,Refuted,
261,Counties allocated an average of 7.3% of budgets to agriculture in 2019/20,23-7-2020,Wycliffe Oparanya,train,Refuted,Not Enough Evidence,
262,[The allocation to agriculture] is an increase of 0.6% from what was reported last year.,23-7-2020,Wycliffe Oparanya,train,Refuted,Not Enough Evidence,
263,Little girl shown lying in a casket in a photo died from COVID-19.,23-7-2020,Mark News,train,Refuted,Refuted,
264,"Water coverage now stands at 63%, up from 57% in Kenya.",23-7-2020,Wycliffe Oparanya,train,Not Enough Evidence,Not Enough Evidence,
265,Mandatory vaccinations is in direct violation of the Nuremberg Code.,23-7-2020,Pam Vernon,train,Refuted,Refuted,
266,Kenyan counties have over the past year sustained an average allocation of 24% of their total budgets to the health sector.,23-7-2020,Wycliffe Oparanya,train,Supported,Supported,
267,Water coverage in Kenya now stands at 63% from 57%.,23-7-2020,Wycliffe Oparanya,train,Not Enough Evidence,Supported,
268,Man dies at the R N Cooper Hospital in Mumbai due to medical negligence.,23-7-2020,,train,Refuted,,Failed to get valid prediction
269,There Is An Upcoming Shortage Of Dr. Pepper Because Of The Coronavirus,22-7-2020,,train,Refuted,Refuted,
270,New Zealand has authorised troops to enter homes to enforce COVID-19 quarantine.,22-7-2020,Adrian Nicholls,train,Refuted,Supported,
271,"US Home Health workers receive low pay, Limited benefits and 40% of them are on SNAP or Medicaid.",21-7-2020,Joe Biden,train,Supported,Supported,
272,"Indiana woman charged for mail in voter fraud, delivered 400 ballots with Democrat box prechecked",21-7-2020,,train,Supported,Refuted,
273,USA is setting record job numbers.,21-7-2020,Donald Trump,train,Conflicting Evidence/Cherrypicking,Supported,
274,Mel Gibson accused Hollywood of child sacrifices and paedophillia.,21-7-2020,Willie Viljoen,train,Refuted,Supported,
275,A study finds a diet heavy with kimchi—spiced fermented cabbage and other vegetables—helps lower South Korea's COVID-19 fatalities.,21-7-2020,,train,Conflicting Evidence/Cherrypicking,Not Enough Evidence,
276,"Greenhouse gases emitted into the ocean are causing more holes in the ozone layer; the ozone layer has holes in it, causing global temperatures to rise.",21-7-2020,,train,Refuted,Refuted,
277,"A rare yellow turtle was spotted in Balasore, Odisha.",20-7-2020,Susanta Nanda IFS,train,Supported,Supported,
278,"US space agency NASA has added a 13th star sign named ""Ophiuchus"" to the zodiac.",20-7-2020,grabaseat,train,Refuted,Refuted,
279,"Medical experts from the World Health Organization (WHO), US Centers for Disease Control and Prevention (CDC) and The New England Journal of Medicine have warned against wearing face masks because they can cause “severe health issues”.",20-7-2020,,train,Refuted,Refuted,
280,"Former President of the United States, Theodore Roosevelt once said ""To anger a conservative, lie to him. To anger a liberal, tell him the truth.""",20-7-2020,Michael Berry,train,Refuted,Refuted,
281,"As of July 2020 Covid-19 vaccines are not safe, because of the accelerated pace of their development",20-7-2020,,train,Refuted,Refuted,
282,The WHO has said that cats and dogs cannot contract Covid-19.,19-7-2020,,train,Refuted,Refuted,
283,United States space agency NASA has added a 13th Zodiac sign named “Ophiuchus” to the list of existing 12 Zodiac signs.,18-7-2020,2DayFM username,train,Refuted,Refuted,
284,Netflix will end its Turkish service after the production of an upcoming local drama that was blocked by the country’s government over a gay character.,18-7-2020,Social Media Users,train,Refuted,Refuted,
285,COVID-19 vaccine is DNA-altering and has been fast-tracked through safety qualifications.,17-7-2020,,train,Refuted,Refuted,
286,"In Madipur area of Delhi,three jihadists killed a minor boy in the middle of a road with a knife for a petty matter.",17-7-2020,Ashish Jaggi,train,Refuted,Not Enough Evidence,
287,Joe Biden wants to end school choice,17-7-2020,Donald Trump,train,Refuted,Refuted,
288,President Trump tweeted  'Child Lifes Matter' Should Be Painted On Hollywood Streets,17-7-2020,Josephis DeLaney,train,Refuted,Refuted,
289,"Cal Cunningham, North Carolina’s 2020 Democratic Senate candidate, voted to raise taxes in the state by over $1 billion in 2001.",17-7-2020,National Republican Senatorial Committee,train,Supported,Refuted,
290,"Donald Trump tweeted, “WHO Thinks ‘Child Lifes Matter’ Should Be PAINTED In The STREETS OF HOLLYWOOD???",17-7-2020,,train,Refuted,Refuted,
291,CORONAVIRUS IS A LAB-ENGINEERED BIOWEAPON,17-7-2020,Ephesians 5:11 - Exposing The Satanic New World Order,train,Refuted,Refuted,
292,"Anthony Fauci, director of the National Institute of Allergy and Infectious Diseases wrote: I reject the notion that it’s 'just a virus’ and we’ll all get it eventually. What a careless, lazy, heartless stance.",17-7-2020,,train,Refuted,Supported,
293,"The Governor of Osun State, Gboyega Oyetola, was in Abuja for three days and was not able to see Governor Mai Mala Buni, who is the Chairman of the All Progressives Congress (APC) National Caretaker Committee.",17-7-2020,,train,Refuted,Not Enough Evidence,
294,Washing glasses with soap will prevent lenses from fogging whilst wearing a mask.,17-7-2020,Kerri Jenner,train,Supported,Supported,
295,"Hackers in China hide phishing codes inside WhatsApp good morning and good night images or videos, to steal personal information, such as bank card information and other data.",17-7-2020,Viral Message,train,Refuted,Supported,
296,Shanghai China International News asked all subscribers not to send good morning and good night images or videos on WhatsApp,17-7-2020,Viral Message,train,Refuted,Refuted,
297,"A covid patient died outside a medical shop in Siwan India, which is the constituency of Bihar's Health Minister.",17-7-2020,Farhan shah,train,Refuted,Supported,
298,"A black kid named Tyrone Woodfork was arrested yesterday for severely beating an elderly Tulsa, Oklahoma, white couple, raping and killing the wife and leaving the husband for dead and the national media is ignoring the crime",17-7-2020,Bruce E. Rivers,train,Refuted,Supported,
299,The Bank of America pledged $1 billion dollars to Black Lives Matter.,17-7-2020,Tina Welsh,train,Refuted,Refuted,
300,"if the Trump administration “had done its job, the virus wouldn’t come” to New York",16-7-2020,Gov. Andrew Cuomo,train,Refuted,Refuted,
301,A motorcycle fatality in Orlando Florida was counted as a COVID death.,16-7-2020,Danielle Lama,train,Refuted,Refuted,
302,Matt Hancock claimed that the UK covid-19 lockdown began on 16th March 2020.,16-7-2020,Matt Hancock,train,Supported,Refuted,
303,"All workers at Gardenia, a bread-manufacturing factory in the Philippines, had tested positive for COVID-19.",16-7-2020,,train,Refuted,Refuted,
304,"Nigeria, Ghana, Cote d’Ivoire, Senegal and Guinea are responsible for over 80 per cent of COVID-19 cases in West Africa.",16-7-2020,PROF Stanley Okolo,train,Supported,Supported,
305,Azerbaijan has threatened to bomb the nuclear power plant in Armenia.,16-7-2020,Kim Kardashian west,train,Supported,Refuted,
306,"John Hickenlooper, the former Governor of Colorado accepted donations from Anadarko Petroleum Corp, a oil and gas company involved in a 2017 fatal explosion, in exchange for the company not being penalized.",16-7-2020,National Republican Senatorial Committee,train,Refuted,Conflicting Evidence/Cherrypicking,
307,US Businesses that refuse any legal tender can be fined and sued.,15-7-2020,Christine Tina,train,Supported,Supported,
308,Free federal housing for former inmates.,14-7-2020,Donald Trump,train,Refuted,Not Enough Evidence,
309,Betting on online slot machines has increased by 25% during lockdown.,14-7-2020,HuffPosr,train,Refuted,Supported,
310,United States citizens don't get the level of benefits that Bidens policy would be looking to give illegal immigrants,14-7-2020,Donald Trump,train,Refuted,Conflicting Evidence/Cherrypicking,
311,"The Democrats want to abolish US police departments. They want to abolish our prisons, I guess.",14-7-2020,Donald Trump,train,Refuted,Refuted,
312,Biden wants to end mandatory minimums in criminal sentences.,14-7-2020,Donald Trump,train,Supported,Supported,
313,Vaccines were responsible for 50 million deaths during the Spanish flu pandemic in 1918.,14-7-2020,,train,Refuted,Refuted,
314,"Biden plans to ""mandate net-zero carbon emissions for homes, offices and all new buildings by 2030. That basically means no windows, no nothing.",14-7-2020,Donald Trump,train,Refuted,Refuted,
315,"One of the key elements of the Biden-Sanders Unity Task Force Recommendations (Biden, the presumptive Democratic presidential nominee, and Sanders, the leading voice for the most progressive Democrats Biden-Sanders (Biden, the presumptive US Democratic presidential nominee, and Sanders, the leading voice for the most progressive US Democrats) is that all charter schools will be abolished.",14-7-2020,Donald Trump,train,Refuted,Refuted,
316,Biden plans to stop all deportation.,14-7-2020,Donald Trump,train,Refuted,Refuted,
317,The US Biden-Sanders unity task force seeks to abolish immigration detention in the US.,14-7-2020,President Donald Trump,train,Refuted,Supported,
318,The Democrats want to rejoin the Paris Climate Accord and seek an even higher level of restrictions on climate change.,14-7-2020,Donald Trump,train,Supported,Supported,
319,Border-wall construction under the Trump administration has replaced already existing barriers.,14-7-2020,Donald Trump,train,Supported,Supported,
320,The Biden-Sanders unity platform includes a plan to appoint social justice prosecutors in order to free violent criminals.,14-7-2020,Donald Trump,train,Refuted,Conflicting Evidence/Cherrypicking,
321,"Abolish immigration detention. No more detention. You come in here illegally, no more detention.",14-7-2020,Donald Trump,train,Refuted,Refuted,
322,"Donald Trump claimed that Biden's mandate for net zero carbon emissions for home, offices and new buildings would mean no windows.",14-7-2020,Donald Trump,train,Refuted,Refuted,
323,"Under Biden’s policy, immigrants in the country illegally ""get welfare benefits. United States citizens don't get what they're looking to give illegal immigrants.",14-7-2020,Donald Trump,train,Refuted,Refuted,
324,People Not Wearing Masks Can Be Reported to (281) 330-8004,14-7-2020,Zachary M.Bina,train,Not Enough Evidence,Refuted,
325,What they're going to do is they're going to rip down the wall. They're taking it down.,14-7-2020,Donald Trump,train,Refuted,Refuted,
326,Migrant arrests and expulsions in the US along the southern border are down.,14-7-2020,Donald Trump,train,Supported,Supported,
327,"The Biden-Sanders agenda proposes to end cash bail, releasing dangerous criminals onto US streets.",14-7-2020,Donald Trump,train,Conflicting Evidence/Cherrypicking,Conflicting Evidence/Cherrypicking,
328,Bonnie Henry issued advice about living with the threat of Covid-19.,13-7-2020,BJ Pumfrey,train,Supported,Supported,
329,The United States has one of the lowest Covid-19 mortality rates,13-7-2020,Donald Trump,train,Refuted,Refuted,
330,Former Indian Deputy Chief Minister and rebel Congress leader Sachin Pilot has joined the Bharatiya Janata Party.,13-7-2020,Subodh Panigrahi,train,Refuted,Refuted,
331,Philippine Depositary Receipts are equal to actual ownership in the Philippines.,13-7-2020,Mike Defensor,train,Refuted,Refuted,
332,Clinical trials have been completed for potential Russian COVID-19 vaccine.,13-7-2020,,train,Refuted,Supported,
333,"The Obama administration stopped testing during the H1N1, Swine Flu, pandemic.",13-7-2020,Donald Trump,train,Refuted,Refuted,
334,South Africa has “expertise in the development and trial of a range of vaccines”,12-7-2020,Cyril Ramaphosa,train,Supported,Supported,
335,Russia's Sechenov University has completed clinical trails of COVID-19 vaccine.,12-7-2020,Russia in India (@RusEmbIndia),train,Supported,Supported,
336,South Africa has expertise in the development and trial of a range of vaccines.,12-7-2020,,train,Supported,Supported,
337,"Sarah Sachin Pilot attacks Gehlot in a tweet saying that even ""big magicians"" will start sweating when they turn to Delhi.",12-7-2020,@sarahsachin,train,Refuted,Supported,
338,An Indian student finds a Home remedy cure for Covid-19 and it is accepted by WHO (World Health organization),12-7-2020,"Aaina ""The Mirror Of Democracy """,train,Refuted,Refuted,
339,South Africans have the right to resist isolation or quarantine if found to hsve the virus,12-7-2020,,train,Refuted,Refuted,
340,South Africa “has an established vaccine manufacturing capability”,12-7-2020,Cyril Ramaphosa,train,Conflicting Evidence/Cherrypicking,Supported,
341,"A cobbler in West Bengal, Sanjoy Rabidas, scored 93% in West Bengal board exams. He is also an RSS member.",12-7-2020,,train,Refuted,Supported,
342,Answering a call from '+140' will empty your bank account.,11-7-2020,I Love Bhatkal,train,Refuted,Refuted,
343,Prof Stephen Adei praises Prof Naana Opoku-Agyeman as a great leader,11-7-2020,myafricatoday,train,Refuted,Supported,
344,In 1920 #Mahashivratri was celebrated at Karachi. It just took 100 years to completely eradicate the festival. This decades-old Mahashivratri celebration held annually in Karachi was cancelled in 2020.,10-7-2020,Dheeshma Puzhakkal  ,train,Not Enough Evidence,Refuted,
345,A graphic from the World Health Organization (WHO) lists the “7 biggest brain damaging habits,10-7-2020,,train,Refuted,Supported,
346,PR stunt by TV channel leads to police warning on phone no. starting with 140,10-7-2020,Pranav Sane,train,Supported,Supported,
347,You no longer have to quarantine if you have returned to England from an exempt country before July 10.,10-7-2020,Twitter,train,Refuted,Supported,
348,"Proud to be AMU alumnus, 35-year-old scientist Kushbu Mirza, has been promoted as Director in ISRO. She is an alumnus of Aligarh Muslim University and only the 2nd Muslim Scientist after Dr.A.P.J. Abdul Kalam to hold this rank at ISRO",10-7-2020,,train,Refuted,Refuted,
349,The CDC may have to stop calling COVID-19 an ‘epidemic’ due to a remarkably low death rate.,9-7-2020,Collective Evolution,train,Refuted,Refuted,
350,A letter from a consultant at a hospital in Surrey claims that hospitals are empty and that there is no pandemic.,9-7-2020,Helen Wilson,train,Refuted,Refuted,
351,"The World Health Organization (WHO) is advertising home-based jobs to ""fight coronavirus"" and says no experience is necessary.",9-7-2020,‎Em My‎ ,train,Refuted,Refuted,
352,"Peter Navarro said a Covid-19 study “showed an astonishing 50% reduction in the mortality rate for patients taking hydroxychloroquine,”",9-7-2020,Peter Navarro,train,Conflicting Evidence/Cherrypicking,Refuted,
353,Scottish Government got £21m from Summer economic update.,8-7-2020,Chancellor Rishi Sunak,train,Conflicting Evidence/Cherrypicking,Supported,
354,Deaths from COVID-19 are nearing zero in the U.S. in early July 2020.,8-7-2020,C Michael Pickens,train,Refuted,Refuted,
355,People are developing fungal lung infections due to wearing face masks.,8-7-2020,No Jab No Pay No Way - Freedom of Choice,train,Refuted,Refuted,
356,"The founder of Ghana's Progressive People’s Party (PPP), Dr Paa Kwasi Nduom tweeted that Prof. Jane Opoku Agyeman was far better than Ghana's current Vice-President Mahamudu Bawumia.",7-7-2020,myafricatoday,train,Refuted,Supported,
357,Herbal drink made of snake grass can cure cancer by killing cancer cells in 24 hours.,7-7-2020,Shieryl's Home Garden,train,Refuted,Refuted,
358,The US Centers for Disease Control and Prevention has said that bubonic plague can be spread through cough droplets.,7-7-2020,Cebu Channel Online,train,Conflicting Evidence/Cherrypicking,Refuted,
359,International students contributed over $40 billion to the U.S. economy in 2018-19.,7-7-2020,Chris Hayes,train,Supported,Supported,
360,Over 1 million international students studied at American universities in the 2018-19 school year.,7-7-2020,Chris Hayes,train,Supported,Supported,
361,Bubonic plague is “airborne” and “can be spread when an infected person coughs.”,7-7-2020,BOHOL FLASH Report,train,Conflicting Evidence/Cherrypicking,Refuted,
362,"Drivers in Canada face penalties of three demerit points and a $1,500 fine if a passenger in their car is using a mobile phone",7-7-2020,,train,Not Enough Evidence,Refuted,
363,"Ghana’s Health Minister, Kwaku Agyeman-Manu claims that President Akufo-Addo is tired of the coronavirus fight due to citizens reluctance to adhere to the preventive protocols.",6-7-2020,Kwaku Agyeman-Manu,train,Refuted,Not Enough Evidence,
364,"President Donald Trump claimed that Nascar's decision to ban confederate flags at NASCAR events, has caused the lowest ratings ever.",6-7-2020,Donald Trump,train,Refuted,Conflicting Evidence/Cherrypicking,
365,"NOT ONE POLITICIAN DIED, LOST THEIR JOB OR WORN MASKS DURING THE COVID-19 PANDEMIC",6-7-2020,Amalia Florez,train,Refuted,Refuted,
366,An image in New Zealand shows that a rural New Zealand town is set to remove a trout statue,6-7-2020,Taylor Thompson Fuller,train,Refuted,Supported,
367,The COVID-19 pandemic has seen conspiracy theories emerge with claims 5G vendors have used the lockdown in Australia – and elsewhere – to roll out 5G networks without public knowledge. Accompanying those are claims that the expanded network may cause negative health effects in people.,6-7-2020,AAP FactCheck,train,Refuted,Refuted,
368,PCR (polymerase chain reaction) tests for coronavirus pierce the blood-brain barrier.,6-7-2020,Samuel G Cohen,train,Not Enough Evidence,Refuted,
369,"The Israeli Air Force has bombarded nuclear installations in Iran, practically putting an end to its nuclear ambitions.",5-7-2020,Kumar Sanjeet Kumar,train,Not Enough Evidence,Not Enough Evidence,
370,Muslims failing to understand government messaging were responsible for Leicester’s local outbreak.,5-7-2020,Suzi Bashford,train,Refuted,Refuted,
371,"Ghislaine Maxwell, the recently arrested associate of Jeffrey Epstein, has tested positive for COVID-19 in jail.",5-7-2020,Stolen Memes 2: Electric Boogaloo,train,Refuted,Refuted,
372,"local government in the Australian state of Victoria has begun handing out an AUD1,500 (USD1,044) payment to “anyone who tested positive for COVID-19”.",5-7-2020,Chef Pete Evans,train,Conflicting Evidence/Cherrypicking,Supported,
373,American rapper Kanye West is running for President of the United States in the 2020 elections.,5-7-2020,Kanye West,train,Supported,Supported,
374,Obasanjo said there will be a second war in Nigeria,5-7-2020,Olusegun Obasanjo,train,Refuted,Not Enough Evidence,
375,Muslims can’t use alcohol-based hand sanitiser as it is against their religion.,5-7-2020,Suzi Bashford,train,Refuted,Refuted,
376,"Zara closed 1,200 stores due to effects the covid19 pandemic had on the 
economy",4-7-2020,Md Hazly,train,Refuted,Refuted,
377,"The founder of AirBnb said that because of this pandemic, 12 years of efforts were destroyed in 6 -8 weeks due to effects the covid19 pandemic had on the 
economy",4-7-2020,Md Hazly,train,Supported,Supported,
378,"Prime Minister Narendra Modi has “inducted” 22-year-old Prathap NM from Karnataka, who builds drones from e-wastes, into the Defence Research and Development Organisation (DRDO).",4-7-2020,@satya_AmitSingh,train,Not Enough Evidence,Refuted,
379,"Victoria’s Secret  has declared bankruptcy due to effects the covid19 pandemic had on the 
economy",4-7-2020,Md Hazly,train,Conflicting Evidence/Cherrypicking,Refuted,
380,"Tata Motors has come up with a new electric car called EVision, which can run up to 1,000 kms on being charged once and the battery has a 10-year warranty.",4-7-2020,Swadeshi Being Indian,train,Refuted,Refuted,
381,"Rolex discontinued production due to effects the covid19 pandemic had on the 
economy",4-7-2020,Md Hazly,train,Refuted,Refuted,
382,"Shanghai-based clothing company La Chapelle Closed 4391 stores due to effects the covid19 pandemic had on the 
economy",4-7-2020,Md Hazly,train,Refuted,Refuted,
383,Viral video shows Pakistani and Chinese soldiers celebrating after 20 Indian soldiers were killed in action at Galwan Valley.,3-7-2020,Aditi Chattopadhyay,train,Refuted,Refuted,
384,"Dr VK Srinivas, Vice President of Bharat Biotech photographed having the first COVID-19 vaccine developed by Bharat Biotech.",3-7-2020,Md Ikram,train,Refuted,Refuted,
385,One in four NI adults are now at risk of hunger and malnutrition.,3-7-2020,Philip Bradfield,train,Refuted,Supported,
386,A cartoon showing piglets with given names of Indian national media outlets feeding on a pig with the face of Indian Prime Minister Nerendra Modi is drawn by American cartoonist Ben Garrison.,3-7-2020,Riaz Haq,train,Refuted,Supported,
387,People are starting to enter ERs with fungal lung infections from wearing masks.,3-7-2020,Dr. Scott Perlman,train,Refuted,Refuted,
388,Donald Trump tweeted that he told the South Dakota governor that “everyone is fine without a mask. They just need to close there (sic) border with California.”,3-7-2020,Donald Trump,train,Refuted,Supported,
389,Ferdinand Marcos left ‘90%’ of his wealth to Filipinos,2-7-2020,,train,Not Enough Evidence,Refuted,
390,Budweiser admits several employees have been pissing in its beer tanks for years.,2-7-2020,,train,Refuted,Refuted,
391,"Photos showing sewer, sacks and trash-filled beaches in Boracay were taken during the past administration of former president Benigno Aquino III.",2-7-2020,DDS Drei Natabio,train,Refuted,Refuted,
392,A Budweiser employee has been urinating in a beer tank for 12 years.,2-7-2020,Gaurav Singh,train,Refuted,Refuted,
393,Wearing of a face mask while carrying a gun is a class 4 felony.,2-7-2020,@chip216,train,Refuted,Refuted,
394,"""Now Even The COMMON COLD Is Being Counted As A Positive COVID-19 Result.",1-7-2020,,train,Refuted,Refuted,
395,New Zealand’s national debt has risen to more than $NZ120 billion.,1-7-2020,,train,Supported,Supported,
396,"Kapil Sibal, an Indian lawyer and politician, is going to challenge India's government’s decision to ban 59 Chinese apps, including TikTok, in India's Supreme Court.",1-7-2020,Saurabh Chaudhary,train,Refuted,Supported,
397,"Everyone including essential workers will be compensated $1,000 by FEMA.",1-7-2020,,train,Refuted,Refuted,
398,Taylor Swift Says We Should Remove The Statue of Liberty,1-7-2020,Drema Lutz,train,Refuted,Refuted,
399,A Muslim woman who ordered a drink from a Target Starbucks was given a cup with “ISIS” written on the cup instead of her name.,1-7-2020,,train,Supported,Refuted,
400,"Dr. Kary B. Mullis, Nobel Laureate and inventor of the Polymerase Chain Reaction (PCR) test used to detect coronavirus said it couldn't be used for virus detection.",30-6-2020,Progressive Truth Seekers,train,Refuted,Supported,
401,Whole Foods stores do not accept cash payments.,30-6-2020,Belinda Enders,train,Refuted,Refuted,
402,Leicester has gone back into lockdown soon after 5G coveage was rolled out there.,30-6-2020,Arianna Cooper,train,Refuted,Refuted,
403,Covid 19 symptoms and 5G are related.,30-6-2020,Arianna Cooper,train,Refuted,Refuted,
404,"The national security law will only target an extremely small minority of people who have breached the law, while the life and property, basic rights and freedoms of the overwhelming majority of Hong Kong residents will be protected.",30-6-2020,Carrie Lam,train,Refuted,Conflicting Evidence/Cherrypicking,
405,"US Congresswoman Maxine Waters of California introduced a bill, H.R. 2020, the Erasing Confederate History Act of 2020, to rename the 11 US states that originally made up the Confederacy.",29-6-2020,Lloyd Vogel,train,Refuted,Refuted,
406,An image purported to show a political billboard from the young arm of New Zealand National Party shows a culturally insensitive slogan towards Māoris.,29-6-2020,Emz Haruru,train,Refuted,Refuted,
407,"Charles Krauthammer wrote that former President Barack Obama’s non profit Organizing for Action, is the “shadow government organization aimed at resisting and tearing down the Constitutional Republic we know as America”.",29-6-2020,Linda Prescott Precise,train,Refuted,Refuted,
408,Michelle Obama had to Surrender her Law License because she committed  'Insurance Fraud',29-6-2020,Cathie post,train,Refuted,Refuted,
409,“Oklahoma 100% positive coronavirus test rate after Trump Tulsa rally.”,29-6-2020, Chris Hayes ,train,Refuted,Refuted,
410,Surface air temperatures at the bottom of the world have risen three times faster than the global average since the 1990s.,29-6-2020,Henry Fountain,train,Supported,Supported,
411,Democrat-controlled states suffered the harshest restriction in the US during the coronavirus pandemic.,28-6-2020,Joe M,train,Refuted,Supported,
412,Black Lives Matter was funded and designed by the US Democrats to be a social weapon.,28-6-2020,Joe M,train,Refuted,Refuted,
413,The US Democratic Party has a owned and controlled corporate media monopoly.,28-6-2020,Joe M,train,Refuted,Conflicting Evidence/Cherrypicking,
414,"The next major advantage of the pandemic for the Deep State was the case made to the public for mail-in voting, a highly insecure practice proven to be rampant with fraud.",28-6-2020,Joe M,train,Refuted,Conflicting Evidence/Cherrypicking,
415,President Geingob of Namibia fined all those who attended the party he hosted to mark his political party Swapo’s (South West Africa People’s Organisation) 60th birthday during the coronavirus lockdown when gatherings were banned.,28-6-2020,,train,Refuted,Supported,
416,US Democratic nominee for US President Joe Biden avoided interviews and debates during the COVID-19 pandemic lockdowns.,28-6-2020,Joe M,train,Refuted,Refuted,
417,They [Democrats and the Deep State] flooded US streets with deadly drugs to manufacture a devastating epidemic of addiction and mass incarceration.,28-6-2020,Joe M,train,Refuted,Refuted,
418,US President Barack Obama was directed by the Deep State to authorize millions in funding for the Wuhan Institute of Virology  to finance a global biological attack timed to release within an  election year.,28-6-2020,Joe M,train,Refuted,Refuted,
419,COVID-19 (Polymerase chain reaction (PCR) tests are ‘scientifically meaningless’,27-6-2020,Kit Knightly,train,Refuted,Refuted,
420,COVID-19 Removal Cards kill Coronavirus,27-6-2020,,train,Refuted,Refuted,
421,Drinking water will protect you from COVID-19.,26-6-2020,,train,Refuted,Refuted,
422,Keir Starmer stopped Jimmy Savile being charged in 2009.,26-6-2020,,train,Refuted,Not Enough Evidence,
423,"The Ministry of AYUSH, Government of India Has Approved Patanjali's 'Coronil'.",26-6-2020, Aditi Chattopadhyay ,train,Refuted,Refuted,
424,Seven people were shot in the neighbourhood of Newark in June 2018.,26-6-2020,Cory Booker,train,Supported,Not Enough Evidence,
425,Jay Inslee claims he's the first governor to implement a public option health insurance plan.,26-6-2020,Jay Inslee,train,Supported,Refuted,
426,Most Americans support Roe v. Wade.,26-6-2020,Elizabeth Warren,train,Supported,Supported,
427,Idli is the healthiest breakfast item in the whole world as certified by UNESCO.,26-6-2020,Thaya Anandasundaram,train,Refuted,Refuted,
428,Beto O'Rourke said that he does not want to repeal Section 1325.,26-6-2020,Julián Castro,train,Supported,Supported,
429,South Africa is number one in the killing of women internationally.,25-6-2020,Lindiwe Zulu,train,Refuted,Refuted,
430,"The Taiwanese Ministry of Justice has imposed the following restrictions on Hong Kong citizens applying to emigrate to Taiwan:
1. Only accept family reunion applications from people with immediate family in Taiwan.
2. Only accept applications from professionals.
3. Only accept significant investors.",25-6-2020,,train,Conflicting Evidence/Cherrypicking,Supported,
431,The average family in America forks over more of their hard-earned income to their local hospital than to the IRS.,25-6-2020,Mike Gallagher,train,Supported,Refuted,
432,The United States Annual Arms Control Compliance Report does not address the U.S. withdrawal from the Arms Trade Treaty (ATT).,24-6-2020,Fu Cong,train,Supported,Supported,
433,Australia is going to keep its borders closed until 2021 due to coronavirus.,24-6-2020,,train,Conflicting Evidence/Cherrypicking,Refuted,
434,Covid-19 surcharges are being applied in the USA.,24-6-2020," Vargas Paralegal & Notary Public Services, LLC",train,Supported,Supported,
435,The US Annual Arms Control Compliance Report  Mulling resumption of nuclear tests.,24-6-2020,Fu Cong,train,Supported,Supported,
436,The US Annual Arms Control Compliance Report  Blocking negotiation of the  Biological Weapons Convention (BWC) verification protocol.,24-6-2020,Fu Cong,train,Supported,Supported,
437,The Honor Guard soldiers that march at the Tomb of the Unknown Soldier in Arlington Cemetery carry live ammunition,24-6-2020,,train,Refuted,Supported,
438,"The US Annual Arms Control Compliance Report withdrawal from ABM, JCPOA, INF, Open Skies Treaty.",24-6-2020,Fu Cong,train,Not Enough Evidence,Supported,
439,"In the Indian marketplace, Livfavir, manufactured by Livealth Biopharma, is cheaper than Glenmark's Fabiflu.",23-6-2020,Sheel Kumar,train,Refuted,Supported,
440,"In 1977, U.S. President Joe Biden said integrating black students would turn schools into ""a jungle… a racial jungle.""",23-6-2020,Chucc Thornton,train,Refuted,Refuted,
441,There were issues with polling places in Kentucky,23-6-2020,"Ava Duvernay, Stacey Abrams, LeBron James",train,Supported,Supported,
442,"Gargling with a salt water concoction, or drinking water with salt or vinegar will “kill” the virus causing COVID-19",23-6-2020,,train,Refuted,Refuted,
443,No country currently has a functioning Covid-19 track and trace app.,23-6-2020,Boris Johnson,train,Refuted,Refuted,
444,"British Prime Minister Boris Johnson, speaking in the British Parliament, stated that no country currently has a functioning track and trace app for countering Covid-19.",23-6-2020,British prime minister Boris Johnson ,train,Refuted,Refuted,
445,Transactions by Google Pay are not protected by the Reserve Bank of India nor by Indian law.,23-6-2020,Tahir Ashraf,train,Refuted,Refuted,
446,"Unused COVID-19 tests that already showed positive results were found in Tuscaloosa, Alabama.",23-6-2020,Gina Lollards McCray,train,Refuted,Refuted,
447,A video showing emergency services helping COVID-19 patients in the streets of the Pune's Deccan Corner area in June 2020 is real,23-6-2020,,train,Refuted,Refuted,
448,U.S. coronavirus cases are increasing because more people are being tested for the virus.,23-6-2020,Donald Trump,train,Refuted,Conflicting Evidence/Cherrypicking,
449,"Glenmark Pharmaceuticals received approvals from Drug Controller General of India to manufacture and market Favipiravir, an anti-viral drug, to treat COVID-19 patients.",22-6-2020,,train,Supported,Supported,
450,"In June 2020, 46 US states had gyms/fitness centers open, while North Carolina was one of four states that did not.",22-6-2020,Dan Forest,train,Supported,Supported,
451,Nigeria's debt burden has made the country broke.,22-6-2020,Dr Obadiah Mailafia,train,Not Enough Evidence,Refuted,
452,Viral infographic shows the Risk percentage of Community Transmission of COVID-19 for various states in India.,22-6-2020,India in Pixels,train,Not Enough Evidence,Not Enough Evidence,
453,"In June 2020, Nigerian debt servicing obligations stood at N943.12 billion.",22-6-2020,Dr Obadiah Mailafia,train,Supported,Supported,
454,"President Trump said coronavirus testing makes the U.S. look bad, ""so I said to my people, ‘Slow the testing down.’""",22-6-2020,Priorities USA Action,train,Supported,Supported,
455,Former US president Barack Obama  Declared He And His Family Will Leave the U.S. For Canada If Donald j. Trump Wins Re-Election in the U.S.,22-6-2020,,train,Refuted,Refuted,
456,"In June 2020, 99% of Nigerian revenue was being committed to debt servicing alone.",22-6-2020,Dr Obadiah Mailafia,train,Supported,Supported,
457,Masks violate the US Department of Labor Occupational Safety and Health Administration’s 19.5% minimum oxygen level respiratory protection standard.,21-6-2020,William Senkarik,train,Refuted,Refuted,
458,Alex Jones claimed on the InfoWars website that Covid-19 is only killing older people.,21-6-2020,Alex Jones,train,Refuted,Refuted,
459,"President Trump tweeted ""Anyone who ordered a ticket to my (Tulsa) rally and didn't attend should be arrested and face very powerful charges.""",21-6-2020,Some Random Dude,train,Refuted,Refuted,
460,The Government of India has issued a memorandum and directed Google and Apple to restrict several Chinese applications from the respective stores with immediate effect.,21-6-2020,WhatsApp Forwards ,train,Refuted,Supported,
461,"Alex Jones claimed on the InfoWars website that hospitals received $52,000 for every Covid-19 patient and knowingly misdiagnosed patients during the pandemic",21-6-2020,Alex Jones,train,Refuted,Refuted,
462,Cloth masks trap carbon dioxide which is a risk to health.,21-6-2020,William Senkarik,train,Refuted,Refuted,
463,Cloth masks do not filter anything.,21-6-2020,William Senkarik ,train,Refuted,Refuted,
464,Alex Jones claimed on the InfoWars website that The United Nations said the economic crisis caused by the Covid-19 pandemic was ‘a good thing'.,21-6-2020,Alex Jones,train,Supported,Refuted,
465,Alex Jones claimed on the InfoWars website that Democratic-led areas told people to ‘never’ remove their masks during the pandemic.,21-6-2020,Alex Jones,train,Refuted,Refuted,
466,CERT-In issues a warning of possible phishing attacks.,21-6-2020,Sheetal Swapnil Sheth,train,Supported,Supported,
467,A phishing attack that seemed like an official communique on the COVID-19 pandemic was expected to be launched from June 21 2020 onwards in major metropolitan cities of India.,21-6-2020,State Bank of India,train,Supported,Not Enough Evidence,
468,"Doctors were banned from social media during the pandemic, for calling the pandemic a ‘hoax’.",21-6-2020,Alex Jones,train,Not Enough Evidence,Refuted,
469,Surgical masks were designed and approved for sterile environments. Every time a person puts on their (surgical) mask they are breathing in the germs from everywhere they went. They should be changed or thrown out every 20-30 minutes in a non sterile environment.,21-6-2020,William Senkarik,train,Refuted,Refuted,
470,Alex Jones claimed on the InfoWars website that there were no patients for US hospital ships during the pandemic.,21-6-2020,Alex Jones,train,Refuted,Refuted,
471,Vijaya Hospital founder's son died of Covid-19,21-6-2020,,train,Refuted,Supported,
472,China Manufactured 'Boycott China' Goods for the Indian market,20-6-2020,Munna Singh,train,Refuted,Refuted,
473,"In Nigeria,99% of revenue is being committed to debt servicing alone.",20-6-2020,Dr Obadiah Mailafia,train,Supported,Refuted,
474,Kamala Harris vowed vengeance against Trump backers,20-6-2020,,train,Refuted,Refuted,
475,"During the first quarter of 2020, Nigeria's revenues stood at N950 billion.",20-6-2020,Dr Obadiah Mailafia,train,Refuted,Supported,
476,Debt servicing obligations of Nigeria stood at N943.12 billion,20-6-2020,Dr Obadiah Mailafia,train,Supported,Supported,
477,Since the COVID-19 crisis there has been disinformation on a scale we have never seen before.,20-6-2020,,train,Supported,Supported,
478,"Melania Trump tweeted in support of India, following the Indo-China clash at Galwan Valley.",19-6-2020,Melania Trump parody,train,Refuted,Refuted,
479,"Donald Trump, Melania Trump, Angela Merkel and Benjamin Netanyahu tweeted in support of India, following the Indo-China clash at Galwan Valley.",19-6-2020,,train,Refuted,Refuted,
480,Nigeria bears 50% of the global sickle cell burden,19-6-2020,TVC News,train,Refuted,Supported,
481,"NIC, under the Government of India, has directed the regional executive and representatives of Google India and Apple India to restrict the functioning of Chinese applications from their respective stores as per instructions by the Ministry of Electronics and Information Technology (MeitY). Including 15 apps in particular, which include TikTok, Club Factory, Shein, Vivo Video among others.",19-6-2020,Dr. Mukesh Mahaling,train,Refuted,Supported,
482,"Prime minister of Israel Benjamin Netanyahu tweeted ""i stand with India"" after a clash between the Indian Army and the Chinese PLA",19-6-2020,,train,Refuted,Refuted,
483,PLA released names of 56 Chinese soldiers who died in Galwan Valley face-off,19-6-2020,,train,Refuted,Supported,
484,Telangana govt has released guidelines to reopen schools in the state,19-6-2020,Laiju Thomas,train,Refuted,Supported,
485,"Chancellor of Germany Angela Merkel tweeted ""I stand with India"" after clash between the Indian Army and the Chinese PLA",19-6-2020,,train,Refuted,Refuted,
486,"First Lady of US Melania Trump tweeted  ""I stand with India"" after clash between the Indian Army and the Chinese PLA",19-6-2020,,train,Refuted,Refuted,
487,Police departments in Germany were defunded and eliminated by the Nazis under Hermann Goering.,19-6-2020,,train,Refuted,Refuted,
488,"Prime Minister of Israel, Benjamin Netanyahu tweeted in support of India, following the Indo-China clash at Galwan Valley.",19-6-2020,Benjamin Natanyahu Parody,train,Refuted,Refuted,
489,"Shinzo Abe, Prime Minister of Japan tweeted ""I stand with India"" after clash between the Indian Army and the Chinese PLA",19-6-2020,,train,Refuted,Refuted,
490,"US President Donald Trump
 tweeted in support of India, following the Indo-China clash at Galwan Valley.",19-6-2020,Donald Trump Parody,train,Refuted,Refuted,
491,"'For every two babies born with sickle cell in the world, one is a Nigerian.’",19-6-2020,TVC news,train,Refuted,Supported,
492,Ghana Health Service Central regional director halts mass coronavirus testing,18-6-2020,John Dramani Mahama,train,Supported,Supported,
493,Gov. Evers “has refused to identify or discipline the staff member who secretly taped” a conversation with GOP leaders.,18-6-2020,Romaine quinn,train,Conflicting Evidence/Cherrypicking,Supported,
494,"A grocery store worker who wore a mask for hours at a time got a lung infection (pleurisy,) from “breathing in her own bacteria”.",18-6-2020,Tim Boyd,train,Refuted,Refuted,
495,Public Health England issued new guidance that encourages the public to consider taking vitamin D supplements during community lockdownds due to COVID19,18-6-2020,Matt Mathers,train,Supported,Supported,
496,Huawei Technologies was secretly in control of Iran’s Skycom Tech Co Ltd.,18-6-2020,"Steve Stecklow, Babak Dehghanpisheh",train,Supported,Supported,
497,Pregnant women are not more susceptible to COVID-19.,18-6-2020,Dr. Ayodola Adigun,train,Conflicting Evidence/Cherrypicking,Refuted,
498,Viral message claims Facebook will make private photos public,18-6-2020,,train,Refuted,Refuted,
499,People with no recourse to public funds are not yet able to claim free school meal vouchers in the UK,17-6-2020,Stephen Timms,train,Conflicting Evidence/Cherrypicking,Supported,
500,The low-cost steroid dexamethasone is a “life-saving” drug for COVID-19 patients.,17-6-2020,Thoughtskoto (jbsolis.com),train,Conflicting Evidence/Cherrypicking,Supported,
501,Nancy Green aka Aunt Jemima was the FIRST black millionaire! she sold her pancake mix to General Mills Corp,17-6-2020,Peggy Hubbard,train,Refuted,Refuted,
502,"Donald Trump made Juneteenth ""very famous,"" as he described in a Wall Street Journal interview June 17, 2020. Prior to him planning a rally on June 19, ""nobody had ever heard of it.""",17-6-2020,Donald Trump,train,Refuted,Refuted,
503,Myanmar will launch a satellite to provide free internet to all of its citizens.,16-6-2020,,train,Refuted,Not Enough Evidence,
504,Establishing A One World Government is Part Of UN's 'mission goals.,16-6-2020,Jim Corr,train,Refuted,Not Enough Evidence,
505,A study conducted by World Health Organization (WHO) and major hospitals has found that Covid-19 has become weaker and harmless.,16-6-2020,Chayan Kundu,train,Refuted,Refuted,
506,Herbal medicine from Tanzania cure Covid-19,16-6-2020,Chayan Kundu,train,Refuted,Refuted,
507,"Former President Barack Obama was born in Kenya, according to his birth certificate.",16-6-2020,Trump 2020,train,Refuted,Refuted,
508,North Korea blew up the office used for South Korea talks.,16-6-2020,,train,Supported,Supported,
509,"Denis Mukwege, a medical doctor and Nobel Peace laureate from the Democratic Republic of Congo, resigned from the Congolese government’s Coronavirus Response (Taskforce) Team because he was asked to manipulate numbers of COVID-19 patients.",16-6-2020,,train,Refuted,Refuted,
510,America’s most violent cities are that way because of their Democratic politics,16-6-2020,,train,Refuted,Conflicting Evidence/Cherrypicking,
511,Myanmar citizens to get free phone internet.,16-6-2020,,train,Refuted,Refuted,
512,Five Chinese soldiers were killed in a border dispute with India in June 2020.,16-6-2020,,train,Not Enough Evidence,Supported,
513,Boy Scouts of America are committed to act against racial injustice.,15-6-2020,BSA,train,Supported,Supported,
514,An Expansion of Mail-in Ballots would increase the chance of theft in the USA.,15-6-2020,Donald Trump,train,Refuted,Refuted,
515,Absentee voters in the USA have to go through a Very strict process.,15-6-2020,Donald Trump,train,Refuted,Not Enough Evidence,
516,The Boy Scouts are supporting Black Lives Matter and are required to earn a diversity badge.,15-6-2020,BSA,train,Supported,Refuted,
517,Comedian Steve Harvey Wrote 'How I Feel About Trump' Post,15-6-2020,Steve Harvey,train,Refuted,Refuted,
518,"US House Speaker Nancy Pelosi violated a military tradition when she gave a folded US flag to the brother of George Floyd, who was killed in police custody in Minneapolis in late May 2020.",15-6-2020,Jamie White,train,Refuted,Refuted,
519,"Atlanta Police said white supremacists shot seven black people, killing two, in a drive-by shooting in Atlanta on Saturday, June 13, 2020",15-6-2020,,train,Not Enough Evidence,Refuted,
520,"President Donald Trump’s re-election campaign is seeking “MINORITY Actors” to hold signs at his June 20 rally in Tulsa, Oklahoma.",14-6-2020,,train,Not Enough Evidence,Supported,
521,AICTE is conducting online survey related to university exam.,14-6-2020,Narinder Singh Masson,train,Refuted,Not Enough Evidence,
522,"There will be a strict lockdown reimposed in Delhi starting June 18, 2020 to contain the spread of COVID-19.",14-6-2020,,train,Refuted,Refuted,
523,Mexico is leaving the most difficult stage of the COVID-19 pandemic and I consider the worst is over.,14-6-2020,Andres Manuel Lopez Obrador,train,Refuted,Refuted,
524,Actor Matt Damon was planning on leaving the United States for Australia to get away from President Trump.,14-6-2020,,train,Refuted,Refuted,
525,Milwaukee health department declared racism as a public health crisis in 2019.,14-6-2020,Jeanette Kowalil,train,Supported,Supported,
526,Milwaukee declared racism as a public health crisis in 2019.,14-6-2020,Jeanette Kowalik,train,Supported,Supported,
527,"The Ministry of Home Affairs of India has decided to implement a complete lockdown in Delhi-NCR from June 18, 2020 for four weeks.",14-6-2020,Sunder Dhariwal,train,Refuted,Refuted,
528,Sarah Huckabee Sanders posted a conspiratorial tweet and claimed “It’s ‘odd’ that the ANITFA insurgency happened just as COVID-19 loses steam It’s ‘odd’ that COVID-19 happened the moment impeachment failed. It’s ‘odd’ that impeachment happened the moment Russian hoax failed. The Russian hoax happened because Hillary lost. Notice the pattern?”,14-6-2020,Sarah Huckabee Sanders,train,Refuted,Refuted,
529,The police officer charged with killing George Floyd still eligible for pension benefits.,13-6-2020,,train,Supported,Supported,
530,NASCAR bans the confederate flag.,13-6-2020,,train,Supported,Supported,
531,The Daughters of the Confederacy sued NASCAR for violating the First Amendment.,13-6-2020,Harry Helmet,train,Refuted,Refuted,
532,Asymptomatic patients need no isolation ... A complete U-turn by WHO. After destroying the economy of the world now a complete U-turn,13-6-2020,Harsh Sanghavi,train,Not Enough Evidence,Conflicting Evidence/Cherrypicking,
533,"The external reserves of Nigeria grew from $33.42 billion on April 29th, 2020 to about $36 billion in May 2020.",12-6-2020,President Muhammadu Buhari of Nigeria,train,Supported,Supported,
534,Biker gangs unite to drive Antifa out of Seattle,12-6-2020,,train,Refuted,Not Enough Evidence,
535,Trump said Christians thought his Bible photo op was “beautiful.”,12-6-2020,,train,Conflicting Evidence/Cherrypicking,Refuted,
536,President Muhammadu Buhari of Nigeria says the GDP grew from 1.91% in 2018 to 2.27% in 2019 but declined to 1.87% in the first quarter of 2020 as a result of the decline in global economic activities due to the Covid-19 pandemic.,12-6-2020,President Muhammadu Buhari of Nigeria,train,Supported,Supported,
537,Trump said that to a lot of people “defunding the police” means breaking up police forces or not giving them any money,12-6-2020,,train,Refuted,Supported,
538,Black Lives Matter Scotland have produced posters and stickers with phrases such as “Kill a white on sight” on them.,12-6-2020,Vinnie Sullivan,train,Refuted,Refuted,
539,President Muhammadu Buhari of Nigeria said We have witnessed 11 quarters of consecutive GDP growth since exiting recession.,12-6-2020,President Muhammadu Buhari of Nigeria,train,Supported,Refuted,
540,Nigeria's GDP grew from 1.91% in 2018 to 2.27% in 2019 but declined to 1.87% in the first quarter of 2020 as a result of the decline in global economic activities due to the Covid-19 pandemic.’,12-6-2020,Nigerian president Muhammadu Buhari,train,Not Enough Evidence,Supported,
541,Every single economy in the world has suffered a decline due to the Covid-19 pandemic.,12-6-2020,Nigerian president Muhammadu Buhari,train,Refuted,Supported,
542,President Muhammadu Buhari of Nigeria said Our revenue from cocoa and sesame seed increased by $79.4 million and $153 million,12-6-2020,President Muhammadu Buhari of Nigeria,train,Refuted,Not Enough Evidence,
543,The World Health Organization is offering jobs   over social media to help fight the coronavirus pandemic.,12-6-2020,World Health Organization,train,Refuted,Refuted,
544,President Muhammadu Buhari of Nigeria said Nigeria is now rated as one of the top ten reforming countries.,12-6-2020,President Muhammadu Buhari of Nigeria,train,Supported,Supported,
545,Nigeria's external reserves grew from $33.42 billion on 29 April 2020 to about $36 billion in May 2020,12-6-2020,Nigerian president Muhammadu Buhari,train,Supported,Supported,
546,"President Donald Trump said the “when the looting starts, the shooting starts,” phrase has two meanings.",12-6-2020,,train,Supported,Supported,
547,A prescription written by Dr Raj Kamal Agarwal prescribes medicine to prevent or cure COVID-19.,12-6-2020,Kashmir News Bureau,train,Refuted,Refuted,
548,Nigeria has witnessed 11 quarters of consecutive GDP growth since exiting recession in 2016.,12-6-2020,Nigerian president Muhammadu Buhari,train,Supported,Refuted,
549,Nigeria is now rated as one of the top ten reforming countries.,12-6-2020,Nigerian president Muhammadu Buhari,train,Supported,Supported,
550,The parliament in Kenya sits three days a week.,11-6-2020,Musalia Mudavadi,train,Conflicting Evidence/Cherrypicking,Refuted,
551,The Kenyan judiciary sits six days in a week.,11-6-2020,,train,Conflicting Evidence/Cherrypicking,Refuted,
552,More than 100 Irish slaves were dumped overboard to drown in the 18th century because ships’ supplies were running low.,11-6-2020,Jade Ellen Long,train,Refuted,Refuted,
553,"In Kenya the Judiciary has almost 7,000 employees.",11-6-2020,Musalia Mudavadi,train,Refuted,Supported,
554,"The kenyan Judiciary has “almost 7,000 employees” as at 2019",11-6-2020,,train,Refuted,Supported,
555,"Kenyan Parliament is getting KSh38 billion, the judiciary is getting KSh18 billion, basically 50% [of parliament’s allocation] in 2020",11-6-2020,,train,Supported,Supported,
556,A white armed-robbery suspect was sentenced to two years in jail while a black armed-robbery suspect was sentenced to 26 years in prison by the same Florida judge.,11-6-2020,,train,Supported,Refuted,
557,"British writer and former communist Philip Spratt, wrote in 1939.
Gujarat, though economically advanced, is culturally a backward province… . Bengal in contrast is economically backward but culturally advanced.",11-6-2020,Historian Ramachandra Guha (@Ram_Guha),train,Refuted,Not Enough Evidence,
558,"Over 500,000 Irish catholics were sold into slavery in the 16th century.",11-6-2020,Jade Ellen Long,train,Refuted,Refuted,
559,The amount set aside for repayment of debt in Kenya is much higher than all the money that Treasury Cabinet Secretary Ukur Yatani is putting together for development expenditure.,11-6-2020,Musalia Mudavadi,train,Supported,Supported,
560,A post shared on Facebook claims President Donald Trump approved $2.5 million for the mass production of the herbal tonic touted by Madagascar’s president as a COVID-19 remedy,11-6-2020,Brad Sylvester | Fact Check Reporter,train,Refuted,Refuted,
561,The first slaves shipped to the American colonies in 1619 were 100 white children from Ireland.,11-6-2020,Jade Ellen Long,train,Refuted,Refuted,
562,The law in Ireland in 1619 held that it was was no more a sin to kill an Irishman than a dog or any other brute.,11-6-2020,Jade Ellen Long,train,Refuted,Refuted,
563,In Kenya the judiciary sits six days in a week.,11-6-2020,Musalia Mudavadi,train,Refuted,Refuted,
564,Kenya is dealing with a situation where the amount set aside for repayment of the debt is much higher than all the money that Ukur Yatani is putting together for development expenditure,11-6-2020,,train,Supported,Supported,
565,The South African Police Service kills three times more people per capita than the United States police force,10-6-2020,Cops are Flops,train,Not Enough Evidence,Supported,
566,Vitamin B17 deficiency causes cancer.,10-6-2020,Unave Marundhu,train,Not Enough Evidence,Refuted,
567,"In 2018, South African police service officers were accused of 217 cases of torture and 3,661 cases of assault",10-6-2020,Cops are Flops,train,Supported,Supported,
568,Trump Will Remove Troops from Germany,10-6-2020,Donald Trump ,train,Supported,Supported,
569,"558 people were killed by the South African police in 2018, while 201 people died in police custody",10-6-2020,Cops are Flops,train,Supported,Supported,
570,20% of African Americans had jobs where they could work from home during the Covid 2020 crisis,10-6-2020,Desiree Rogers,train,Supported,Not Enough Evidence,
571,Consuming grape seeds and bitter almonds will cure cancer,10-6-2020,Unave Marundhu,train,Refuted,Refuted,
572,National polls have never predicted who will be president from the democratic party in the US presidential elections.,9-6-2020,Sen. Corey Booker,train,Supported,Refuted,
573,Mixing lemon and baking soda will kill coronavirus,9-6-2020,Chayan Kundu,train,Refuted,Refuted,
574,"Walmart Tweeted ""We wont be Rebuilding Walmarts in Cities without police""",9-6-2020,M. Cody Clifton,train,Refuted,Refuted,
575,North Korea cancels all communication with South Korea.,9-6-2020,"Alexander Smith, Yuliya Talmazan",train,Supported,Supported,
576,52 free horses in June  2020 needed rehoming in Ohio because their owner died of Covid-19,8-6-2020,Chris Matthes,train,Refuted,Refuted,
577,Vitamin D helps protect against COVID-19.,8-6-2020,,train,Not Enough Evidence,Conflicting Evidence/Cherrypicking,
578,"Assam Government Announces, ""100% free admission for students in colleges up to the postgraduate level.  ""No colleges are allowed to charge any student for anything. No Saraswati Puja charges, no excursion fees, no prospectus fees. If any colleges are found charging students for anything during the admission, strict actions will be taken against them,""",8-6-2020,@Tombo55716821,train,Supported,Supported,
579,Democratic assembly woman for the 143rd District of New York. Monica Wallace Significantly more people died of Covid-19 in two months than died of overdoses all of last year or the year before.,8-6-2020,Monica Wallace,train,Supported,Supported,
580,"The Federal Police did not use chemical irritants to clear the area around St. John's Church in Washington, D.C.",7-6-2020,William Barr,train,Refuted,Refuted,
581,Fact Check: LeBron James Did NOT Say He Wants Nothing To Do With White People,7-6-2020,Alan Duke,train,Refuted,Supported,
582,"The first Prime Minister of India, Pt. Jawaharlal Nehru gave an interview to Playboy magazine and the article was published in 1963.",7-6-2020,Mukesh Ambani (Parody Account),train,Conflicting Evidence/Cherrypicking,Refuted,
583,Drinking Pigeon Membrane Slurry Cures Coronavirus,7-6-2020,Azam Jamil,train,Refuted,Refuted,
584,Thyrocare labs are sealed in Thane over false-positive COVID-19 testing.,7-6-2020,Manoj Kalwar,train,Refuted,Supported,
585,Wastewater can be an early indicator for a coronavirus outbreak.,6-6-2020,Sean Philip Cotter,train,Supported,Supported,
586,"Video in India shows that Putting basil leaves, camphor inside masks will purify the air and will protect you from Covid-19",6-6-2020,D'Spiel,train,Refuted,Refuted,
587,"A phishing attack, that CERT-in issued a warning about, was sponsored by the Chinese army.",6-6-2020,Sheetal Swapnil Sheth,train,Not Enough Evidence,Supported,
588,The United Nations is creating a new country out of Nigeria to be called Ambazonia or the new State of Cameroon.,5-6-2020,The Guardian Nigeria,train,Refuted,Refuted,
589,Joe Biden stated in a debate from July 2019 that fossil fuels including coal and fracking would be eliminated in a Biden administration.,4-6-2020,America First Action,train,Refuted,Refuted,
590,"By June 2020 autopsies performed by the Italian pathologists proved that COVID-19, as a Disseminated Intravascular Coagulation, ought to be fought with antibiotics, antivirals, anti-inflammatories and anticoagulants",4-6-2020,Dee Latta,train,Refuted,Refuted,
591,Donald Trump was elected US President.,4-6-2020,Kyle Darbyshire,train,Supported,Supported,
592,Prince Andrew is accused of pedophilia and was extremely close with Jeffrey Epstein.,4-6-2020,Kyle Darbyshire,train,Supported,Supported,
593,UV Rays from sunlight kill Corona virus.,4-6-2020,Darli Thiri Aung,train,Refuted,Refuted,
594,"COVID-19 is not a virus, but a bacterium.",4-6-2020,Dee Latta,train,Refuted,Refuted,
595,"A batch of adrenochrome, a purported compound formed by the oxidation of adrenaline, was made in Wuhan, China.",4-6-2020,Kyle Darbyshire,train,Not Enough Evidence,Refuted,
596,The Federal Reserve and the Treasury were merged making Donald Trump the Chairman for the global banking system with the people's money.,4-6-2020,Kyle Darbyshire,train,Refuted,Refuted,
597,"The US has deployed 30,000 troops to Europe for training without masks or any hand sanitizer.",4-6-2020,Kyle Darbyshire,train,Refuted,Refuted,
598,"600 Mexican drug cartels have recently been arrested, one of the biggest busts in history by the U.S.",4-6-2020,Kyle Darbyshire,train,Refuted,Refuted,
599,"298 Saudi Arabian royals, billionaires, lawyers and judges were recently arrested for crimes and corruption.",4-6-2020,Kyle Darbyshire,train,Supported,Supported,
600,The Duke and Duchess of Sussex left the British Royal Family due to the family being Satan-worshipping child traffickers.,4-6-2020,Kyle Darbyshire,train,Refuted,Refuted,
601,"Bill Gates is pushing vaccines and global depopulation, and he owns 15% of the WHO (World Health Organisation). The WHO is a business which is also owned by George Soros and the Rockerfellers.",4-6-2020,Kyle Darbyshire,train,Refuted,Refuted,
602,Prince Harry and Meghan Markle left the royal family.,4-6-2020,Kyle Darbyshire,train,Supported,Supported,
603,The US economy was crashed during the COVID-19 pandemic to drain all corrupt coins - this was best achieved through a 14-28 day lock down and money was re-distributed back to people on government grants.,4-6-2020,Kyle Darbyshire,train,Refuted,Refuted,
604,The entire world is in lockdown because of the COVID-19 pandemic.,4-6-2020,Kyle Darbyshire,train,Refuted,Refuted,
605,5G is being rolled out world wide at the same time the world is in lockdown because of the COVID-19 pandemic.,4-6-2020,Kyle Darbyshire,train,Not Enough Evidence,Supported,
606,"Harvey Weinstein, a Hollywood film producer, was arrested for sex crimes and then suddenly contracted Coronavirus.",4-6-2020,Kyle Darbyshire,train,Supported,Supported,
607,"Thousands of arrests have been made in the US for child trafficking, human trafficking and sex abuse but the media is not reporting it. Nurses are coming forward speaking publicly about the fact they're treating hundreds of children in hospitals right now, not for Coronavirus but for malnutrition, some extremely deformed, and all with extreme psychiatric damage due to trauma.",4-6-2020,Kyle Darbyshire,train,Not Enough Evidence,Conflicting Evidence/Cherrypicking,
608,"Rashida Tlaib claimed in 2020 that Detroit spend $294 million on police in 2019, and $9 million on health.",4-6-2020,Rashida Tlaib,train,Supported,Refuted,
609,The last time a police officer was successfully prosecuted in the UK concerning the death of somebody in custody was in 1969.,4-6-2020,,train,Not Enough Evidence,Refuted,
610,"There are underground tunnel systems that have been used for decades to traffick people for sex slaves and organ harvesting, across the globe. There is currently a military operation happening, lead by the US President to uncover these children, arrest those involved, and stop this once and for all.",4-6-2020,Kyle Darbyshire,train,Refuted,Refuted,
611,The COVID-19 pandemic has helped bolster the relationship between China and Middle Eastern countries.,3-6-2020,Jonathan Fulton,train,Supported,Supported,
612,"Bird e-scooters are shutting down service in the Middle East, and scrapping as many as 10,000 scooters.",3-6-2020,Various ,train,Supported,Supported,
613,Over 600 elephants are killed in Kerala every year.,3-6-2020,Maneka Gandhi,train,Refuted,Not Enough Evidence,
614,The Supreme Court of India has ruled in favour of renaming the country in all languages.,3-6-2020,Renu Rana,train,Refuted,Refuted,
615,"“India let 65 lakh tonne of grain go waste in four months, even as the poor went hungry.",3-6-2020,"Vikas Rawal, Manish Kumar, Ankur Verma & Jesim Pais",train,Refuted,Supported,
616,"Hillary Clinton is on trial for the 2002 terror attack on Americans in Benghazi, Libya.",3-6-2020,Kimberly Brooke Young,train,Refuted,Refuted,
617,"The COVID-19 tests conducted at the 199 testing centres in the UK, as well as the mobile test centres, are all done within 24 hours.",3-6-2020,Boris Johnson,train,Refuted,Refuted,
618,Zimbabwe's fuel consumption is the same as Ethiopia's.,3-6-2020,John Mangudya ,train,Refuted,Refuted,
619,Ultraviolet light could kill the coronavirus (SARS-CoV2),2-6-2020,Health Europa,train,Supported,Supported,
620,The Instagram algorithm is merging #BlackOutTuesday posts with the #BlackLivesMatter hashtag.,2-6-2020,Social Media Users,train,Refuted,Refuted,
621,"The tragic incident where a pregnant elephant died after allegedly being fed a pineapple stuffed with firecrackers took place in Malappuram, a Muslim-dominated district in Kerala, India.",2-6-2020,Tarek Fatah,train,Not Enough Evidence,Supported,
622,"A German Shephard dog in New York state, USA was the first domesticated dog in the United States to test positive for Covid-19 infection.",2-6-2020,USDA APHIS - The Department of Argiculture National Veterinary Services Laboratories,train,Supported,Supported,
623,An elephant was 'fed' a pineapple laced with firecrackers and the incident took place in Kerala's Malappuram district.,2-6-2020,,train,Supported,Supported,
624,"During the widespread unrest that has occurred in the United States after the murder of unarmed African American man George Floyd in Minneapolis, Minnesota on Memorial Day 2020, a video began circulating on social media. The video claims to show two white police officers attempting to arrest a Sudenese American FBI agent.",2-6-2020,Zach Rathner,train,Refuted,Not Enough Evidence,
625,The NBA told president Trump to resign or they would never play again,2-6-2020,,train,Refuted,Refuted,
626,A new executive order put in place by President Donald Trump to target social media companies is in violation of the First Amendment and free speech protections.,2-6-2020,Center for Democracy & Technology,train,Supported,Supported,
627,"South-South zonal head of Nigeria’s anti-graft agency, the Economic and Financial Crimes Commission (EFCC), Ishaq Salihu, addressed a group of protesters in its Port-Harcourt office, Rivers state recently over the trial of George Turnah.",2-6-2020,,train,Refuted,Supported,
628,"President Uhuru Kenyatta of Kenya said, ‘At independence, we had only 1,800 kilometres of tarmacked roads.’",1-6-2020,,train,Supported,Supported,
629,"US President Trump sent out a tweet claiming that he and Vice President Pence were escorted to the secret White House bunker, and that former President Obama had left it dirty and unsupplied.",1-6-2020,25th For Trump,train,Refuted,Refuted,
630,"At independence from British Rule in 1963, Kenya had only 1,800 kilometres of tarmacked roads.",1-6-2020,Uhuru Kenyatta,train,Supported,Supported,
631,Wearing a mask for an extended time may lead to death.,1-6-2020,,train,Refuted,Refuted,
632,"Gretchen Whitmer, the governor of Michigan is the niece of George Soros.",1-6-2020,Greg Wilson,train,Refuted,Refuted,
633,"On Kenyas independence, they only had 1,800 kilometres of tarmacked roads",1-6-2020,Uhuru Kenyatta,train,Supported,Supported,
634,"Kenya's president claims ' from 2013, and in only 7 years of my presidency, we have connected close to 3.5 million households to electricity, bringing the number of households connected close to 8 million.”",1-6-2020,Kenyan president Uhuru Kenyatta ,train,Not Enough Evidence,Supported,
635,Democratic Michigan governor Gretchen Whitmer is the niece of billionaire investor George Soros.,1-6-2020,Greg Wilson,train,Refuted,Refuted,
636,"By June 2020, less than 100 people in Ireland had died directly from Covid-19.",1-6-2020,,train,Refuted,Refuted,
637,"After independence from British rule, Kenya's Founding Fathers, President Jomo Kenyatta, President Moi and President Kibaki, built 11,200 kilometres of tarmacked roads, in 50 years at an average of 224 kilometres per year.",1-6-2020,Uhuru Kenyatta,train,Refuted,Refuted,
638,The United States of America will be designating ANTIFA as a domestic Terrorist Organization.,1-6-2020,Lori Robertson,train,Supported,Refuted,
639,"Kenya's president claims 'After 78 years of colonial rule and 50 years of the independence administrations, a total of 4.5 million households were connected to electricity'.",1-6-2020,Kenyan president Uhuru Kenyatta ,train,Refuted,Supported,
640,Ear loop face masks don't protect against Covid-19.,1-6-2020,,train,Refuted,Refuted,
641,"After Kenya's independence, Kenyas Founding Fathers built an extra 11,200 kilometres of tarmacked roads. This was done in a period of 50 years by President Jomo Kenyatta, President Moi and President Kibaki, at an average of 224 kilometres per year.’",1-6-2020,Uhuru Kenyatta,train,Refuted,Refuted,
642,Kenya's president said ' we have connected 99% of all schools to electricty',1-6-2020,Kenyan president Uhuru Kenyatta ,train,Refuted,Refuted,
643,Vaccines will hook everyone up to an artificial intelligence interface,1-6-2020,Carrie Madej,train,Refuted,Refuted,
644,"Derek Chauvin, the Minneapolis police officer charged with the death of George Floyd, was released from custody.",1-6-2020,,train,Refuted,Refuted,
645,"If you wear a surgical mask for a long time, you will start feeling weak.",1-6-2020,,train,Conflicting Evidence/Cherrypicking,Refuted,
646,"Uhuru Kenyatta's administration has built 1,000 kilometres of tarmacked roads, in Kenya, every year.",1-6-2020,Uhuru Kenyatta,train,Refuted,Refuted,
647,"Former Minneapolis Police Officer Derek Chauvin, who is accused in the death of George Floyd has committed suicide in prison.",31-5-2020,w24 news,train,Refuted,Refuted,
648,18 CHINESE people were sent packing back to China on Wednesday 27th May 2020 after the president of Rwanda found out that they were mistreating Rwandan workers.,31-5-2020,,train,Refuted,Supported,
649,"Piles of bricks are being staged in cities around the USA, indicating riots are planned.",31-5-2020,,train,Refuted,Refuted,
650,Anthony Fauci director of the National Institute of Allergy and Infectious Diseases in the United States said “As soon as the Covid-19 vaccine is manufactured it must be immediately delivered to health care professionals world wide for immediate human injection. Proper studies can be performed later.”,30-5-2020,,train,Refuted,Refuted,
651,Democrats want stimulus payments taken from Social Security and military.,30-5-2020,Pete Strocker,train,Refuted,Refuted,
652,Nancy Pelosi diverted $2.2 billion from Social Security to Democratic New York Gov. Andrew Cuomo’s budget,29-5-2020,Kim Elliott,train,Refuted,Refuted,
653,INDIA’S GOVERNMENT BANNED PEOPLE FROM POSTING ABOUT COVID-19 ON SOCIAL MEDIA,29-5-2020,Raja Rasif,train,Refuted,Refuted,
654,Recent UK and international data suggests that children are as likely as adults to become infected by COVID-19 and carry the virus.,29-5-2020,Independent SAGE⁠,train,Supported,Supported,
655,"George Soros is ""funding the chaos (riots and protests)"" in Minneapolis via his Open Society Foundations.",28-5-2020,Candace Owens,train,Refuted,Refuted,
656,US House speaker Nancy Pelosi was removed from the house floor for drunkenly cursing at republican party members.,28-5-2020,david coolbeth,train,Refuted,Refuted,
657,Hand sanitizer bottle can catch fire when left in a hot vehicle,28-5-2020,,train,Refuted,Supported,
658,"Amy Klobuchar declined to prosecute Derek Chauvin, the cop at the center of George Floyd's death in the 2006 police shooting of Wayne Reyes.",28-5-2020,,train,Refuted,Refuted,
659,U.S. House Speaker Nancy Pelosi deferred $2.2 billion from Social Security to New York Gov. Andrew Cuomo's budget amid the ongoing battle against the coronavirus pandemic.,28-5-2020,fallisgunnington,train,Refuted,Refuted,
660,Two-thirds of Americans disapprove of Donald Trump not wearing a face mask in public.,27-5-2020,Darren Jackson,train,Supported,Supported,
661,"The US is near the low end of per capita deaths, most places are 60 deaths per 100,000 the US is 29",27-5-2020,Joe Kernen,train,Refuted,Conflicting Evidence/Cherrypicking,
662,"Most places are at 60 deaths from COVID-19 per 100,000. The US is at 29.",27-5-2020,Joe Kernen,train,Refuted,Refuted,
663,"A man knocked down by vehicle in Toronto as reported May 2011, was identified as former Sri Lankan cricketer Sanath Jayasuriya",26-5-2020,,train,Refuted,Refuted,
664,Coconut oil prevents dengue fever,26-5-2020,,train,Refuted,Refuted,
665,"The Influenza, MMRV, Varicella, Rotavirus and Zoster vaccines contain vecuronium bromide",26-5-2020,,train,Refuted,Refuted,
666,Raffia Arshad is the first hijab-wearing court judge to be appointed in the UK.,26-5-2020,Emma Brazell,train,Supported,Supported,
667,India has the second fastest doubling rate of COVID-19 cases at the threshold of 1.5 lakh cases,26-5-2020,Kannan Gopinathan,train,Refuted,Supported,
668,Sen. Grace Poe vowed to file a measure that would block Facebook (FB) from the Philippines and allow the media network ABS-CBN to continue operating.,26-5-2020,Internet Users,train,Refuted,Refuted,
669,"The Influenza, MMRV, Varicella, Rotavirus and Zoster vaccines  contain potassium chloride,",26-5-2020,,train,Conflicting Evidence/Cherrypicking,Supported,
670,Organic foods are more nutritious than conventional foods.,25-5-2020,@StreetCube,train,Refuted,Conflicting Evidence/Cherrypicking,
671,Italy violated WHO rule and conducted an autopsy of a COVID-19 patient.,25-5-2020,Prabha Singh,train,Refuted,Supported,
672,COVID-19 causes blood clotting.,25-5-2020,Prabha Singh,train,Supported,Supported,
673,COVID-19 is not a virus but a bacteria.,25-5-2020,Prabha Singh,train,Refuted,Refuted,
674,"Anthony Fauci director of the National Institute of Allergy and Infectious Diseases in the United States said “Just because thousands of independent doctors are saying Hydroxychloroquine cures all Covid-19 patients, it is not valid until we have a major study done.”",25-5-2020,,train,Refuted,Refuted,
675,"Russia exposes Covid-19 with Scientific Data as a Hoax, says its a Fake Pandemic",24-5-2020,,train,Refuted,Refuted,
676,"BJP MLA Kuldeep Singh Sengar, who is serving life imprisonment for the Unnao rape scandal as of May 24th  2020, got bail from the High Court.",24-5-2020,Vishesh Yavid,train,Refuted,Refuted,
677,"A Muslim man in Los Angeles, Mohamed Bzeek, has fostered over eighty terminal children.",24-5-2020,@xfrhnx,train,Supported,Supported,
678,"Since the week ending March 14, Wisconsin actually saw a drop in tourism spending compared to last year of $1.7 billion.",24-5-2020,Sara Meaney,train,Supported,Not Enough Evidence,
679,"In May 2020 cases, numbers and deaths of COVID-19 were in decline, all over America.",24-5-2020,Donald Trump,train,Conflicting Evidence/Cherrypicking,Not Enough Evidence,
680,The Scientific Advisory Group for Emergencies said that the 1st of June 2020 was too soon to reopen UK schools.,22-5-2020,"Angela Rayner, Labour’s Deputy Leader, UK",train,Refuted,Supported,
681,"Pakistani cricketer Yasir Shah died in the Karachi Plane crash on May 22, 2020.",22-5-2020,,train,Refuted,Refuted,
682,There is a correlation between vitamin D deficiencies and higher COVID-19 mortality rates,21-5-2020,Glenn Grothman,train,Supported,Supported,
683,President Donald Trump took more than a month to allocate Congress’ emergency funding to Native American tribes.,21-5-2020,Joe Biden,train,Supported,Supported,
684,President Donald Trump only allocated Congress’ emergency funding to Native American tribes because they sued.,21-5-2020,Joe Biden,train,Supported,Refuted,
685,Russia sent a plane with domestic medical items and equipment to New York whilst the coronavirus situation was stressful. Russia and the U.S each paid their respective costs for the equipment they supplied.,21-5-2020,Maria Zakharova,train,Supported,Supported,
686,The Rajasthan government made the Uttar Pradesh government pay fees at midnight before allowing buses to transport students.,21-5-2020,Sambit Patra,train,Refuted,Supported,
687,Dr. Anthony Fauci played a role in creating the new coronavirus.,20-5-2020,Ruby Burton,train,Refuted,Refuted,
688,Video claims Hindu ancient temples were found after Muslims' homes were demolished during construction of Kashi Vishwanath Corridor in India.,20-5-2020,Priyanka Verma,train,Refuted,Supported,
689,"In the UK 118,000 care home residents had been tested for Covid-19 as of mid-May 2020",20-5-2020,UK Prime Minister Boris Johnson,train,Refuted,Refuted,
690,The deaths of 181 NHS workers have involved Covid-19.,20-5-2020,Boris Johnson,train,Supported,Supported,
691,"Audio Clip hears Amy McGrath saying, “I am further left, I am more progressive than anybody in the state of Kentucky.”",20-5-2020,Amy Mcgrath,train,Supported,Supported,
692,Farm Bankruptcies in the USA Increased by 20%  in the past year due largely to Trump's Unmitigated disaster of a tariff war.,20-5-2020,Joe Biden,train,Supported,Supported,
693,"Amy McGrath supports abortion “even in the 9th month"".",20-5-2020,Amy Mcgrath,train,Refuted,Refuted,
694,The F.D.A. did not say that hydroxychloroquine should not be used outside of a hospital setting or outside of a research study,19-5-2020,US President Donald Trump,train,Refuted,Refuted,
695,"The only survey showing negative results from the use of hydroxychloroquine as a preventive treatment against COVID-19 was one of very old, almost dead people.",19-5-2020,US President Donald Trump,train,Refuted,Conflicting Evidence/Cherrypicking,
696,US President Donald Trump is morbidly obese.,19-5-2020,Nancy Pelos,train,Refuted,Supported,
697,"Is inspector-general of the Namibian Police, Sebastian Ndeitunga, correct in  saying ""Namibia is a “drunkard society”.",19-5-2020,Sebastian Ndeitunga,train,Supported,Supported,
698,House of Representatives revoked the passage of the Media network ABS-CBN Franchise Bill on second reading in the Philipines.,18-5-2020,SMNI news ,train,Refuted,Supported,
699,Interpol has identified a  small town on the outskirts of Nairobi as a cybercrime hotspot,18-5-2020,,train,Refuted,Supported,
700,Voting by mail results in widespread fraud,18-5-2020,Donald Trump,train,Refuted,Refuted,
701,"While California is dying … Gavin (Newsom) is vacationing in Stevensville, MT!",18-5-2020,,train,Not Enough Evidence,Refuted,
702,No single Covid-19 research has been sponsored in Nigeria,17-5-2020,sam ohuabunwa,train,Supported,Refuted,
703,Covid survival rates remain unknown,17-5-2020,Andrew S Davies,train,Not Enough Evidence,Refuted,
704,Nigeria has 69 research labs,17-5-2020,Sam Ohuabunwa,train,Refuted,Not Enough Evidence,
705,"Bill Gates admits that 700,000 people will be harmed or killed by his coronavirus vaccines",17-5-2020,Bill Gates,train,Refuted,Conflicting Evidence/Cherrypicking,
706,California is in $54 billion debt in 2020.,17-5-2020,Dr. Rashid A. Buttar,train,Refuted,Supported,
707,"Nigeria was able to produce vaccines in the 1970s and 1980s,",17-5-2020,Sam Ohuabunwa,train,Supported,Supported,
708,Rwanda gets its electricity from 70% renewable energy,17-5-2020,A quote from @VolkswagenSA tweeted by Nigerian Senator Ben Murray-Bruce,train,Refuted,Supported,
709,New York is in $6.1 billion debt in 2020.,17-5-2020,Dr. Rashid A. Buttar,train,Refuted,Supported,
710,Texas has a 'balanced budget' in 2020.,17-5-2020,Dr. Rashid A. Buttar,train,Refuted,Supported,
711,Nigeria does not produce any vaccines in 2020,17-5-2020,Sam Ohuabunwa,train,Supported,Supported,
712,In the 1970s and 1980s Nigeria was producing vaccines,17-5-2020,sam ohuabunwa,train,Supported,Refuted,
713,Florida has a 'balanced budget' in 2020.,17-5-2020,Dr. Rashid A. Buttar,train,Not Enough Evidence,Supported,
714,Nigeria has 69 research institutes,17-5-2020,sam ohuabunwa,train,Not Enough Evidence,Supported,
715,The UK Government put nurses' pay up in April 2020.,15-5-2020,Matt Hancock,train,Supported,Supported,
716,In 2019 some nurses starting their career got a pay rise of over 15%,15-5-2020,Matt Hancock,train,Refuted,Supported,
717,Airline travelers to Florida must fill out a form at the airport with contact information and trip details and self-quarantine for 14 days,15-5-2020,,train,Supported,Supported,
718,Corona Virus is less likely to spread in a retail setting because people are moving around frequently and not just sitting or standing indoors for long periods of time during Worships.,15-5-2020,North Carolina Gov. Roy Cooper,train,Supported,Refuted,
719,Madagascar’s President Andry Rajoelina called on African nations to leave the World Health Organization (WHO).,15-5-2020,,train,Refuted,Supported,
720,China is not the only source of serious viral outbreaks around the world,15-5-2020,AAP FactCheck,train,Supported,Supported,
721,19 million people in the UK have already been infected with the new coronavirus.,15-5-2020,"Mirror, Sun, Independent",train,Refuted,Refuted,
722,Democratic presidential nominee Joe Biden proposes raising the age to be eligible for Social Security benefits to 75.,14-5-2020,,train,Refuted,Refuted,
723,TheJournal.ie is closing down.,14-5-2020,,train,Refuted,Refuted,
724,"World Bank blacklisted China Civil Engineering Construction Corporation, a company that has executed projects in Nigeria under foreign agreements with China.",14-5-2020,Ben Igbakpa,train,Supported,Supported,
725,A picture of a notice issued by Bulandshahr Police states that people have been punished for feeding migrant people have been punished for feeding migrant labourers.,14-5-2020,प्रशान्ति न्यूज़ पेपर,train,Refuted,Refuted,
726,India has gone through the entire three months without a single person starving.,14-5-2020,"Piyush Goyal, India's Union Railways Minister ",train,Refuted,Refuted,
727,Hydroxychloroquine cures Covid-19.,14-5-2020,Ashley Bird,train,Refuted,Refuted,
728,"China issued loans to Nigeria, signed in their native tongue.",14-5-2020,Ben Ibakpa,train,Not Enough Evidence,Refuted,
729,"Chinese are not taking any medicine or vaccine of coronavirus and are treating themselves at their homes with heat. They take hot steam, do hot gargles, and have hot tea four times a day each. This kills the virus in 4 days and they are free of coronavirus on 5th day.",13-5-2020,Gurdeep Singhn Birdi,train,Refuted,Refuted,
730,"Journalists in China, Singapore and the UK and US, can only operate if they obtain government-issued press passes.",13-5-2020,,train,Refuted,Refuted,
731,"Until 12 March, the government’s advice said it was ‘very unlikely’ people in care homes will become infected.",13-5-2020,Keir Starmer,train,Supported,Supported,
732,"Until 12 March, the government’s advice said it was ‘very unlikely’ people in care homes will become infected.",13-5-2020,Boris Johnson,train,Supported,Supported,
733,New Coronavirus antibody tests by Swiss pharmaceutical company Roche are 100% accurate.,13-5-2020,,train,Refuted,Refuted,
734,U.S. Rep. Alexandria Ocasio-Cortez authored a bill that would strike from the voting rolls anyone in the United States who is 65 or older.,12-5-2020,,train,Refuted,Refuted,
735,Internment camps operated by the US Federal Emergency Management Agency have been stocked with modernized guillotine devices.,12-5-2020,Madeea Greene,train,Refuted,Refuted,
736,HEROES Act would eliminate state requirements for voter IDs in US federal elections,12-5-2020,"Charlie Kirk, president of the conservative group Turning Point USA.",train,Refuted,Refuted,
737,Tourism forms 24% of Kenya's GDP.,12-5-2020, Najib Balala. Kenya's Cabinet Secretary for Tourism and Wildlife,train,Refuted,Refuted,
738,"During the 1968 flu pandemic, no businesses were ordered to close and large events such as Woodstock were still able to be held.",12-5-2020,American institute for economic research,train,Supported,Refuted,
739,In the first six years of life your child receives 26 substances in vaccines; some that are toxic or carcinogenic.,12-5-2020,Mia Meezy,train,Refuted,Refuted,
740,"US Democratic California Sen. Dianne Feinstein once said, “All vets are mentally ill in some way and the (US)  government should prevent them from owning firearms.”",11-5-2020,,train,Refuted,Refuted,
741,"Billionaire currency speculator George Soros has hailed the Covid-19 pandemic as the crisis of his lifetime, all but salivating over the chance to remake society amid the revolutionary moment he claims preceded the virus.",11-5-2020,,train,Refuted,Refuted,
742,The United States is unmatched and unrivalled in its coronavirus testing capacity.,11-5-2020,Donald Trump,train,Refuted,Refuted,
743,House Resolution 6666 provide funds to forcibly removed people with COVID-19 from their homes,11-5-2020,Dr. Rashid Buttar,train,Refuted,Refuted,
744,Toni Gonzaga said she would leave the ABS-CBN network immediately if she got paid higher.,11-5-2020,Toni Gonzaga ,train,Refuted,Not Enough Evidence,
745,"100,000 people have arrived in the UK since the lockdown began in mid to late March 2020.",11-5-2020,Keir Starmer,train,Supported,Refuted,
746,"COVID-19 Infection rates in Allegany, Cattaraugus and Chautauqua counties have consistently been among the lowest in the state.",11-5-2020,State Sen. George Borrello,train,Supported,Supported,
747,Pelosi's Daughters Were Arrested Breaking Into Liquor Store For 'Quarantine Supplies',11-5-2020,Harry Helmet,train,Refuted,Refuted,
748,"A Priest of Imlitala temple in Vrindavan, Uttar Pradesh, was brutally assaulted by some goons, including Bangladeshis.",11-5-2020,Bhaktivedanta Sagar Maharaja,train,Not Enough Evidence,Refuted,
749,Indian Council of Medical Research (ICMR) asked people to postpone travel abroad for the next two years.,10-5-2020,IronGirl,train,Refuted,Refuted,
750,House bill would “give the government the power to forcibly remove” children from their homes,10-5-2020,,train,Refuted,Refuted,
751,"Democrats are pushing for an implanted microchip in humans, and everyone to be vaccinated.",10-5-2020,,train,Refuted,Refuted,
752,Dr Devi Shetty has published a series of 22 measures needed to be taken to avoid contracting coronavirus.,10-5-2020,,train,Refuted,Supported,
753,A list of notable viral outbreaks between 1950 and 2019 purported to have “originated in China”,9-5-2020,,train,Conflicting Evidence/Cherrypicking,Supported,
754,"Ingredients in this years flu shots include mercury, antifreeze, phenol, animal blood, animal viruses and formaldehyde.",9-5-2020,,train,Conflicting Evidence/Cherrypicking,Refuted,
755,"On 8th May 2020 Donald Trump tweeted ""American shops want to open! Hair needs cutting. Demokraps don’t want to bite the bullet but that’s the price we have to pay. Some oldies will have to die. We’re in God’s hands, folks! Liberate America""",8-5-2020,,train,Refuted,Refuted,
756,Vice President Mike Pence delivers empty boxes of PPE to a hospital as a publicity stunt,8-5-2020,,train,Refuted,Refuted,
757,COVID-19 has created the highest level of unemployment in the US since the Great Depression.,8-5-2020,Derek Thompson,train,Supported,Supported,
758,"Joe Biden said voting by mail is a way to “fundamentally change this country,”.",8-5-2020,Republican National Committee,train,Refuted,Supported,
759,"New York Gov. Andrew Cuomo said that “with all the technology we have, we don't need actual classrooms.”",7-5-2020,Beth Parlato for Congress ,train,Refuted,Refuted,
760,flu vaccines make people more vulnerable to infections,7-5-2020,Anastacia Tessie Stamell Machado,train,Refuted,Refuted,
761,The Katyn plaques were removed because the mass executions of Polish POWs 30 years ago in Russia didn't happen.,7-5-2020,Maxim Lormushkin,train,Refuted,Refuted,
762,The Canadian government included Black Rifle Coffee Company products in its recent assault-style weapons ban.,7-5-2020,Ben Mn,train,Refuted,Refuted,
763,Thrombosis is The Leading Cause Of COVID-19 Deaths,6-5-2020,,train,Refuted,Refuted,
764,"A mixture of aspirin, honey, and lemon juice attacks COVID-19 and cures coronavirus.",6-5-2020,,train,Refuted,Refuted,
765,"$3 trillion for federal coronavirus stimulus packages is ""being borrowed basically from China.""",6-5-2020,Rand Paul,train,Refuted,Conflicting Evidence/Cherrypicking,
766,"NASCAR ELIMINATED PRE-RACE PRAYERS, MILITARY FLYOVERS AND NATIONAL ANTHEM PERFORMANCES",6-5-2020,Trevor Schakohl,train,Refuted,Refuted,
767,Cadbury Has Announced Everyone Who Shares A Link Will Receive Chocolate Hamper,6-5-2020,,train,Refuted,Refuted,
768,"The risk of death from COVID-19 is vastly less than the risk of death from driving your car home in the United States. There are about 36,000 automotive deaths per year, as compared to 36 so far this year [13 March 2020] for COVID-19.",6-5-2020,Elon Musk,train,Refuted,Refuted,
769,FDA Approved Remdesivir As A Treatment For Coronavirus.,5-5-2020,Lita K of Cali,train,Refuted,Supported,
770,Half of UK adults are now being paid by the state.,5-5-2020,"Tom Rees  ,  Robert Mendick,  ",train,Not Enough Evidence,Refuted,
771,Congress MP Rahul Gandhi said weak upa policies were embraced by the current govt.,5-5-2020,@moneycontrolcom,train,Refuted,Not Enough Evidence,
772,Gloves shouldn’t be worn in public because if you are wearing the same set of gloves all over town you are only spreading germs everywhere you go.,5-5-2020,Meredith Piscitelli,train,Supported,Supported,
773,A PPE shipment was destroyed at the Port of Dover after illegal immigrants were found travelling alongside it,5-5-2020,,train,Refuted,Refuted,
774,Face masks cause inadvertent harm?,5-5-2020,Various,train,Not Enough Evidence,Refuted,
775,Billionaire philanthropist and Microsoft founder Bill Gates promotes lab grown meat.,4-5-2020,Robb Drozdik,train,Supported,Supported,
776,"The Irish Government's roadmap to ease Covid-19 restrictions will be set out in 5 phases. These phases will be on 3 week review process, the current phases would commence on the following dates:
Phase 1 - 18th May
Phase 2 - 8th June
Phase 3 - 29th June
Phase 4 - 20th July
Phase 5 - 10th August",4-5-2020,News & Memes,train,Supported,Supported,
777,Billionaire philanthropist and Microsoft founder Bill Gates worked  specifically to end livestock production.,4-5-2020,Robb Drozdik,train,Not Enough Evidence,Refuted,
778,5G plays a part in this ‘plandemic’” The cases of COVID-19 are “directly related to electromagnetic radiation exposure by 5G,4-5-2020,Dee McLachlan,train,Refuted,Refuted,
779,COVIDsafe app “hidden” rules could allow workplaces and supermarkets to bar people who haven’t installed the program on their phone.,3-5-2020,Rosie Meeson,train,Refuted,Refuted,
780,Aspirin combined with Honey & Lemon Juice will kill the Coronavirus,3-5-2020,,train,Refuted,Refuted,
781,Virtually no-one could have predicted that COVID-19 would spread exponentially in the U.S from February 2020 to May 2020.,3-5-2020,Larry Kudlow,train,Refuted,Refuted,
782,"Jack Ma said, ""2020 is not the year of thinking about your dreams or plans, but just to ensure that you stay alive""",3-5-2020,,train,Refuted,Supported,
783,Seating arrangement in Sudarshan 35mm cinema has been rearranged to suit physical distancing norms,3-5-2020,,train,Supported,Not Enough Evidence,
784,"Department of telecom in India has made internet free till May 17, 2020.",3-5-2020,,train,Refuted,Refuted,
785,"New York’s Andrew Cuomo and California’s Gavin Newsom, praise Trump amid the pandemic.",3-5-2020,,train,Conflicting Evidence/Cherrypicking,Supported,
786,Biden and Pelosi attacked Trump’s pandemic response.,3-5-2020,,train,Conflicting Evidence/Cherrypicking,Supported,
787,"Nigerian Vice President Yemi Osibanjo said ""I plead to Nigerians Don’t Retaliate Fulani Herdsmen Killings, Pray For Them Instead; just as we the Federal Executive are praying hard now.""",3-5-2020,Borngreat Biafara,train,Refuted,Refuted,
788,The COVID-19 pandemic is a cover-up to allow for the deployment of dangerous 5G telecommunications towers.,2-5-2020,,train,Refuted,Refuted,
789,"Retail milk prices have gone up, farmer price pay has dropped",2-5-2020,Greg Hemsarth,train,Supported,Supported,
790,"The CDC made 30,000 COVID-19 Deaths Disappear",2-5-2020,Zach Haller,train,Refuted,Refuted,
791,Covid-19 pandemic is not real,2-5-2020,,train,Refuted,Refuted,
792,"All employees of the Punjab National Bank branch at Loni in Ghaziabad, on the outskirts of Delhi, were  found to be corona positive, in May 2020.",2-5-2020,Taufik Siddiki,train,Refuted,Not Enough Evidence,
793,"A WhatsApp text that lists 21 dos and don’ts on how to resume life after the  COVID-19 lockdown has been ascribed to Indian Council of Medical Research (ICMR), New Delhi, India.",1-5-2020,,train,Refuted,Refuted,
794,U.S. Is the Only Country With Lockdown Protests.,1-5-2020,,train,Refuted,Refuted,
795,Top White House coronavirus adviser Dr. Anthony Fauci served on the Clinton Foundation’s board of directors for 20 years.,1-5-2020,,train,Refuted,Refuted,
796,Ron Johnson has changed his stance on the independence of Inspectors General when related to the President.,1-5-2020,,train,Supported,Supported,
797,News Report Shows Police manhandled by crowd dispersing from Mosque after Namaz.,1-5-2020,,train,Refuted,Not Enough Evidence,
798,Central and state governments are paying for migrants to return to their homes.,1-5-2020,Government Ministers,train,Conflicting Evidence/Cherrypicking,Supported,
799,Men are more likely to die than women from Covid-19.,30-4-2020,Taking the Biscuit@BiscuitHalf,train,Supported,Supported,
800,A satire website posted a story that AOC Proposed Ending Social Security Benefits After Age 75,30-4-2020,Christopher Blair,train,Supported,Refuted,
801,"Soviet leader Nikita Khrushchev said in a speech, ""Your children's children will live under communism. You Americans are so gullible...""",30-4-2020,Jack Frost,train,Refuted,Refuted,
802,Professor Tasuku Honjo said that coronavirus is “not natural”.,29-4-2020,Alan Dawber,train,Refuted,Supported,
803,Professor Tasuku Honjo worked in the Wuhan laboratory in China for four years.,29-4-2020,Alan Dawber,train,Refuted,Refuted,
804,The CDC does not Recommend That People Who Are Healthy Wear Facemasks,29-4-2020,Rick Kaiser,train,Refuted,Refuted,
805,"In Pennsylvania, US, if you're refused service at a store for not wearing a mask you can call the Department of Health and report the store.",28-4-2020,Mark Chipchosky,train,Refuted,Refuted,
806,Trader Joe's are giving away a chance to get a $250 coupon.,28-4-2020,,train,Refuted,Refuted,
807,100 Indian nurses in Jhalawar resigned because Jamaatis spit at them,28-4-2020,srishirajIND,train,Refuted,Refuted,
808,Sam's Club is giving away $250 coupons to everyone,28-4-2020,,train,Refuted,Refuted,
809,The Democrats' H.R. 5717 bill would implement a 30% tax on all gun sales and a 50% tax on all ammunition sales.,28-4-2020,Andrew Watson,train,Supported,Refuted,
810,The CDC has stopped reporting flu deaths because they are so low,28-4-2020,conservative commentator and political activist Candace Owens ,train,Refuted,Refuted,
811,Children in the U.S. don't seem to be getting COVID-19.,28-4-2020,Janel Brandtjen,train,Refuted,Refuted,
812,A virus simply does not exist.,27-4-2020,Keith Bennett,train,Refuted,Refuted,
813,A Facebook post defending the British government’s role in current NHS equipment shortages was written by Jennifer Saunders.,27-4-2020,Joey Noyce,train,Not Enough Evidence,Refuted,
814,New York is one of only 12 states in the USA where the average gallon of gas costs more than $2.00.,27-4-2020,American Automobile Association,train,Supported,Supported,
815,Over 100 nurses in Rajasthan’s Jhalawar (India) resigned because of misconduct by members of the Tablighi Jamaat (non-political organisation) and claim that they were spitting on them.,27-4-2020,@srishirajIND,train,Refuted,Refuted,
816,Australia's COVIDsafe app traces and monitors the location of a user.,27-4-2020,Paul Pratico,train,Refuted,Refuted,
817,"The CARES Act was introduced Jan. 24, 2019.",27-4-2020,,train,Refuted,Refuted,
818,US President Donald Trump tried to defund the National Institute of Health.,26-4-2020,Joe Biden,train,Supported,Refuted,
819,Declassified FBI files show Biden plotted to kidnap John F. Kennedy Jr,26-4-2020,,train,Refuted,Refuted,
820,Wisconsin US has no contact tracing program (during COVID-19 pandemic) we can speak of.,26-4-2020,US Senate Majority Leader Scott Fitzgerald,train,Refuted,Refuted,
821,Probability of Coronavirus could reduce from 70% to 1.5% if the COVID-19 carrier and a healthy person are both wearing masks.,26-4-2020,Dr.Thota Ramarjun,train,Not Enough Evidence,Supported,
822,Kim Jung Un is dead.,25-4-2020,HKSTV Hong Kong Satellite Television,train,Refuted,Refuted,
823,"The Supreme Leader of North Korea, Kim Jung Un, is seriously ill.",25-4-2020,The weekly Shukan Gendai,train,Refuted,Not Enough Evidence,
824,Indian government is giving all willing citizens Rs 1000 under a 'Corona Aid Scheme',25-4-2020,Shika Chauhan,train,Refuted,Refuted,
825,Presidents Lincoln and Kennedy were Assasinated for trying to end Federal reserve banking system.,24-4-2020,Joyce Duckett,train,Refuted,Refuted,
826,"Without Donald Trump's China travel ban, millions would have died of coronavirus",24-4-2020,Natalie Harp,train,Refuted,Refuted,
827,"As at April 22, in period weeks 1-15, UK had exactly 2,760 less deaths than the exact same period weeks 1-15 in 2018.",24-4-2020,,train,Not Enough Evidence,Refuted,
828,"In the USA Mosques have been allowed to remain open for services during Covid-19, while churches have not.",23-4-2020,,train,Refuted,Conflicting Evidence/Cherrypicking,
829,A photo of a billboard in the United States highlights advice from Islam’s prophet regarding guidelines during the pandemic.,22-4-2020,OSAMA ASKAH DALY,train,Supported,Refuted,
830,"Home Minister Anil Deshmukh said “No Hindu among those arrested in Palghar lynching incident"".",22-4-2020,Jainendra Karn,train,Refuted,Refuted,
831,"Actor Aamir Khan distributed 1kg packets of flour containing Rs 15,000 in the sums of Mumbai.",22-4-2020,,train,Refuted,Refuted,
832,There's a COVID-19 law that requires rent (or mortgage) refunds.,22-4-2020,,train,Refuted,Refuted,
833,No Covid-19 patients in the United States have been denied a ventilator.,21-4-2020,Donald Trump,train,Supported,Refuted,
834,"U.S. Senator Joni Ernst reversed support for a coronavirus relief plan which offered nearly half a trillion dollars for small businesses, hospitals and testing.",21-4-2020,Iowa Democrats,train,Not Enough Evidence,Supported,
835,Former Nigeria VP Abubakar’s claims about the economy - The price of oil was lower when president Obasanjo and Abubakar assumed office on 29 May 1999 than it is today ...,21-4-2020,Former Nigerian vice president Atiku Abubakar,train,Supported,Supported,
836,Wisconsin is clearly seeing a decline in COVID infections,21-4-2020,Scott Fitzgerald,train,Conflicting Evidence/Cherrypicking,Refuted,
837,Was the Biden campaign correct in saying top CDC official was 'silenced'.,21-4-2020,Joe Biden ,train,Refuted,Supported,
838,Novel coronavirus was spreading in US as early as November 2019,21-4-2020,Mondae Marie Lilly,train,Refuted,Conflicting Evidence/Cherrypicking,
839,Coronavirus started spreading in the US in November 2019.,21-4-2020,Mondae Marie Lilly,train,Refuted,Refuted,
840,Nigeria's debt had been paid off by the time former President Obasanjo and VP Abubakar exited office in 2007.,21-4-2020,Former Nigerian vice president Atiku Abubakar,train,Refuted,Refuted,
841,"The United Nations Economic Commission for Africa is projecting that Africa’s growth will drop to 1.8%, and perhaps lower.",21-4-2020,Former Nigerian vice president Atiku Abubakar,train,Supported,Supported,
842,"The Safer at Home plan, implemented in Wisconsin, US during the COVID-19 pandemic, has prevented the death of at least 300 Wisconsinites.",21-4-2020,Tony Evers,train,Supported,Not Enough Evidence,
843,"The Covid-19 virus is a miracle of miracles, a miracle of miracles! Children do not die, do not get ill, do not end up in intensive care up to 20 years old.""",21-4-2020,,train,Refuted,Refuted,
844,Quinine found in tonic water along with 50-100mg of zinc daily will kill COVID-19.,20-4-2020,,train,Refuted,Refuted,
845,Being long term unemployed for a year or over nearly halves your chances of ever getting back into employment.,20-4-2020,Australian Council of Social Service CEO Dr Cassandra Goldie,train,Supported,Supported,
846,"An image shared on Facebook over 4,100 times claims 42 Democratic senators, plus two Independents, voted against sending direct payments to Americans as part of the coronavirus economic stimulus package.",20-4-2020,Brad Sylvester | Fact Check Reporter   ,train,Refuted,Refuted,
847,First Lady Aisha Buhari claims that her husband Muhammadu Buhari is dead.,20-4-2020, ,train,Not Enough Evidence,Refuted,
848,Convalescent plasma therapy showing promise against COVID-19,20-4-2020,Dr Jamie N Nadler,train,Supported,Not Enough Evidence,
849,Do half an hour of meditation twice a day to stay away from COVID-19.,20-4-2020,Brahmins,train,Not Enough Evidence,Refuted,
850,Keep the room temperature at 30-40 degrees Celsius to prevent COVID-19.,20-4-2020,Brahmins,train,Refuted,Refuted,
851,If the patient has energy then s/he should run half an hour twice a day. This will burn the cough inside.,20-4-2020,Brahmins,train,Refuted,Refuted,
852,"Drinking milk three times a day with Shilajit, and Licorice (Mulethi) for five days can help beat the virus.",20-4-2020,Brahmins,train,Refuted,Refuted,
853,Drinking milk with honey on an empty stomach is the antidote to COVID-19.,20-4-2020,Brahmins,train,Refuted,Refuted,
854,President Buhari of Nigeria has decided to resign but some Nigerians are against it.,20-4-2020,,train,Refuted,Refuted,
855,Drinking ash of Phyllostachys nigra (black bamboo) mixed with honey and cow’s milk is a potent treatment for COVID-19.,20-4-2020,Brahmins,train,Refuted,Refuted,
856,China halted exports of face masks to US during the coronavirus pandemic,20-4-2020,Marco Rubio,train,Refuted,Refuted,
857,Former President Olusegun Obasanjo donated 5000 naira each to Nigerians.,19-4-2020,,train,Refuted,Refuted,
858,"Prior to Nigeria’s former Chief of Staff Abba Kyari's death, Kyari was flown to the United Kingdom for medical treatment and his body was later cremated.",19-4-2020,99% OPPRESSED (@Truthfully83),train,Refuted,Refuted,
859,Barcodes tell consumers where a product was manufactured.,19-4-2020,,train,Refuted,Not Enough Evidence,
860,"Chief of Staff to the President of Nigeria, Mallam Abba Kyari, died of ulcer and not coronavirus.",18-4-2020,NEWSFLASHNG.COM,train,Refuted,Refuted,
861,"The seasonal flu killed 80,000 people in the United States in 2018-2019",18-4-2020,Devan Hansen,train,Refuted,Supported,
862,"All vaccines contain MRC-5 cells, which are aborted fetal cells.",18-4-2020,,train,Refuted,Refuted,
863,Chinese products can be identified by the first three digits of a barcode,18-4-2020,,train,Refuted,Refuted,
864,There is always the possibility of an iatrogenic reaction to a vaccine.,18-4-2020,,train,Supported,Supported,
865,"Boko Haram leader, Shekau says he’s ready to surrender",18-4-2020,,train,Refuted,Refuted,
866,Autopsy reports suggest Jeffrey Epstein most likely died from COVID-19 not suicide in August 2019.,18-4-2020,The Boys of 3/5,train,Refuted,Refuted,
867,Immunization is compulsory in Canada,18-4-2020,,train,Refuted,Not Enough Evidence,
868,"26 members of one family in Jahangirpuri, Delhi, tested positive for coronavirus on April 17 2020.",18-4-2020,Arvind Kejriwal,train,Refuted,Supported,
869,Immunization is mandatory in the United States,18-4-2020,,train,Refuted,Refuted,
870,"There are 360,000 deaths a year in the US from swimming pools. But we don’t shut the country down for that.",16-4-2020,Phil McGraw,train,Refuted,Refuted,
871,"Donald Trump tweeted in 2009 that ""Obama’s handling of this whole [H1N1] pandemic has been terrible! As President, ALL responsibility becomes yours during a crisis like this, whether or not you’re entirely to blame. John McCain, and myself for that matter myself, would never let thousands of Americans die from a pandemic while in office""",16-4-2020,,train,Refuted,Refuted,
872,Jay Leno Dead at 71,16-4-2020,,train,Refuted,Refuted,
873,Africans living in China are being forced to sleep outside in the cold as Chinese nationals blame them for the rising number of new coronavirus cases in the country.,16-4-2020,The Savoy Show,train,Supported,Supported,
874,video showing policemen picking up currency notes lying on the road in Indore is being shared with the claim that they were thrown on purpose to spread Coronavirus.,16-4-2020,Eagle Eye,train,Refuted,Refuted,
875,"Lady Michelle Obama  slam Country music industry, saying the the genre was for morons.",15-4-2020,,train,Refuted,Refuted,
876,"COVID-19 is sparing essential workers, so it's not so deadly.",15-4-2020,Greg Smith,train,Refuted,Refuted,
877,Joe Biden said that OSHA (Occupational Safety and Health Administration) was not enforcing coronavirus guidelines when Donald Trump was US president.,15-4-2020,Joe Biden ,train,Not Enough Evidence,Supported,
878,US Centers for Disease Control and Prevention lied about the number of deaths caused by COVID-19 by combining the count with pneumonia and influenza fatalities.,14-4-2020,Patricia Ann Jennings Fancher,train,Refuted,Refuted,
879,"The drug Diamox, often used as treatment for high-altitude sickness, can cure the Coronavirus.",14-4-2020,Ava Green,train,Refuted,Refuted,
880,Other countries that reopened saw an increase in coronavirus infections.,14-4-2020,Andrew Cuomo,train,Supported,Supported,
881,Alcohol plays a major role in killing the coronavirus because it is a “throat sanitizer”.,14-4-2020,Mike Sonko,train,Refuted,Refuted,
882,An employee at a funeral home in New York City was accidentally cremated while taking a nap during the 2020 COVID-19 crisis,14-4-2020,,train,Refuted,Refuted,
883,150 health workers quarantined at Max Hospital Saket.,13-4-2020,Urban Crowswami,train,Refuted,Supported,
884,"""The 1st Amendment comes before the 13th and 14th, and the Bible clearly approves of owning slaves"" stated David Green on Fox News this morning.",13-4-2020,CEO David Green ,train,Refuted,Refuted,
885,Trump Claims ‘Ultimate Authority’ to Override States’ Virus Measures,13-4-2020,Donald Trump,train,Refuted,Supported,
886,"The US media minimized the risk of the new coronavirus from the start,",13-4-2020,Donald Trump,train,Refuted,Conflicting Evidence/Cherrypicking,
887,The Squad' Want's The Bible Deemed Hate Speech,13-4-2020,,train,Refuted,Refuted,
888,"Some 150 foreigners attended spiritual leader Jaggi Vasudev aka Sadhguru's event in March 2020, which has led to over 1,000 corona cases in Tamil Nadu. The foreigners are quarantined at Isha Yoga Center.",12-4-2020,People's Voice,train,Refuted,Refuted,
889,"In June 2017, Conservative MPs voted against a pay rise for nurses.",12-4-2020,,train,Supported,Supported,
890,"Some states, like Montana and Nebraska, are getting more than $300,000 in federal stimulus money per reported COVID-19 case. New York is the hardest-hit state and yet we are getting only about $12,000 per case.",12-4-2020,New York Gov. Andrew Cuomo ,train,Supported,Supported,
891,NY: EXHAUSTED FUNERAL HOME EMPLOYEE CREMATED BY MISTAKE WHILE TAKING A NAP,12-4-2020,Punjabi Hub TV,train,Refuted,Refuted,
892,The coronavirus originated outside China.,11-4-2020,,train,Refuted,Conflicting Evidence/Cherrypicking,
893,Ratan Tata has said “Experts are predicting huge downfall of Economy due to the Corona. I do not know much about these experts. But I know for sure that they do not know anything about the value of human motivation and determined efforts.”,11-4-2020,Arshad Warsi,train,Refuted,Refuted,
894,"In November 2019 the Pirbirght Institute, funded by Bill Gates, was granted European patent number EP 317-2319B1 for a coronavirus vaccine that may be used to treat humans.",11-4-2020,Uebert Angel,train,Refuted,Supported,
895,"In the United States, the CDC (Centers for Disease Control and Prevention) admitted in federal court that it does not have studies to support the claim that vaccines do not cause autism.",11-4-2020,Uebert Angel,train,Refuted,Refuted,
896,"In October 2019, Bill Gates sponsored Event 201, a simulation that estimated 65 million people would be killed by coronavirus.",11-4-2020,Uebert Angel,train,Refuted,Supported,
897,Aadhaar Enabled Payments Will Not Work Till April 14 in India,11-4-2020,Deepak Dilshan,train,Not Enough Evidence,Refuted,
898,"Former President Barack Obama gave $3.8 million to a lab in Wuhan, China.",11-4-2020,Glen Owen,train,Refuted,Refuted,
899,The U.S. government is planning to force Americans to take vaccinations during the coronavirus pandemic with the help of Bill Gates.,11-4-2020,Uebert Angel,train,Refuted,Refuted,
900,Kalonji or black cumin seeds contain 100% Hydroxychloroquine which can cure Coronavirus.,10-4-2020,Meena Das Narayan,train,Refuted,Refuted,
901,Bill Gates owns the patent and vaccine for coronavirus.,10-4-2020,Sue Bowling,train,Refuted,Refuted,
902,All Las Vegas hotels have donated food and rooms for emergency personnel except for one: Trump International Hotel Las Vegas.,10-4-2020,Conservatives Are Destroying Our Future,train,Not Enough Evidence,Refuted,
903,"Bill Gates is a partner in the lab in Wuhan, China.",10-4-2020,Sue Bowling,train,Refuted,Refuted,
904,5G radiation is harmful to human health,10-4-2020,We Say NO To 5G in Australia -group,train,Refuted,Refuted,
905,"North Carolina is ""in the small minority of states that requires an absentee ballot to be signed by two witnesses or a notary public.""",10-4-2020,Jay Chaudhuri and Natasha Marcus,train,Supported,Supported,
906,An image shared on Facebook purportedly shows former Vice President Joe Biden biting a young girl on the cheek.,9-4-2020,Multiple Facebook Users,train,Refuted,Refuted,
907,Dr. Vandana Tiwari has died in the attacks of Muslims in UP when she went to screen them for COVID-19,9-4-2020,,train,Refuted,Refuted,
908,The Nigerian Finance Minister claims that Nigeria lost N700 billion Naira COVID-19 Relief Funds due to a fire.,9-4-2020,Mrs Zainab Ahmed,train,Refuted,Refuted,
909,The U.S. “resisted” blacklisting ISIS.,9-4-2020,Maria Zakharova - Russian Foreign ministry spokeswoman,train,Refuted,Refuted,
910,N13 billion was devoted to the State House clinic in the last five years.,8-4-2020,Atiku Abubakar,train,Refuted,Supported,
911,Nigeria paid off their entire foreign debt.,8-4-2020,Atiku Abubakar,train,Not Enough Evidence,Refuted,
912,LA County sheriff’s deputies arrested a surfer for violating the state’s stay-at-home order,8-4-2020,,train,Supported,Supported,
913,The flu vaccine doesn’t work because the flu has not been eliminated.,8-4-2020,Vaccination Information Network (VINE),train,Refuted,Conflicting Evidence/Cherrypicking,
914,U.S. Senator Bernie Sanders has not yet endorsed Joe Biden for President.,8-4-2020,Alexis Tereszcuk,train,Refuted,Refuted,
915,The price of oil was lower when president Obasanjo and Abubakar assumed office on 29 May 1999 than it is today ...,8-4-2020,Atiku Abubakar,train,Supported,Supported,
916,"The United Nations Economic Commission for Africa is projecting that Africa’s growth will drop to 1.8%, and perhaps lower because of the COVID-19 pandemic",8-4-2020,Atiku Abubakar,train,Supported,Supported,
917,The price of oil was lower when president Obasanjo and Abubakar assumed office on 29 May 1999 than it was on 08/04/2020,8-4-2020,Atiku Abubakar,train,Supported,Supported,
918,There's a lot of fraudulent voting in the US elections.,8-4-2020,Donald Trump,train,Refuted,Refuted,
919,Sanders Has Ended His Fight for Democratic Nomination,8-4-2020,Sen. Bernie Sanders,train,Supported,Refuted,
920,"The World Health Organisation states that there are up to 650,000 deaths per year associated with respiratory illnesses linked to seasonal flu.",8-4-2020,Vaccination Information Network (VINE),train,Supported,Supported,
921,"Before the novel coronavirus pandemic hit the globe, Nigeria spent 42% of its earnings on debt servicing.",8-4-2020,Atiku Abubakar,train,Supported,Supported,
922,N13 billion was devoted to the State House clinic in the last five years.,8-4-2020,Atiku Abubakar,train,Refuted,Supported,
923,"All restaurants and hotels in India would be closed till October 15, 2020, due to Coronavirus.",8-4-2020,,train,Refuted,Refuted,
924,"The United Nations Economic Commission for Africa is projecting that Africa’s growth will drop to 1.8%, and perhaps lower.",8-4-2020,Atiku Abubakar,train,Supported,Supported,
925,The price of oil was lower when president Obasanjo and Abubakar assumed office on 29 May 1999 than it is today yet they paid off Nigeria’s entire foreign debt.,8-4-2020,Atiku Abubakar,train,Conflicting Evidence/Cherrypicking,Conflicting Evidence/Cherrypicking,
926,Nigeria spent 1 billion naira on COVID-19 text messages,8-4-2020,Metro daily Nigeria,train,Refuted,Refuted,
927,The state of California admitted in a court settlement that a million people voted improperly in the US elections in 2019.,8-4-2020,Donald Trump,train,Refuted,Refuted,
928,British Prime Minister Boris Johnson is down with Covid-19 and admitted to hospital and has subsequently died.,7-4-2020,Faisi Mian,train,Refuted,Refuted,
929,"Government of India is monitoring all forms of communications, both online and telephonic.",7-4-2020,kusumchoukikar,train,Conflicting Evidence/Cherrypicking,Supported,
930,"Two nurses who were in intensive therapy units (ITUs) in Swansea, Wales have died and three more ventilated.",6-4-2020,Fionna O'Leary,train,Refuted,Refuted,
931,It’s illegal to hold an absentee-only election or mail ballots to every registered voter.,6-4-2020,Chris Kapenga,train,Supported,Refuted,
932,Consuming ewedu will cure COVID-19.,6-4-2020,ARAB TIMES-KUWAIT ,train,Refuted,Refuted,
933,British author David Icke claimed that the Covid-19 pandemic was orchestrated by supernatural forces attempting to “dismantle” the world economic system and “control” the population using new technologies like 5G.,6-4-2020,David Icke,train,Refuted,Refuted,
934,The RT-PCR test does not detect Covid-19.,6-4-2020,David Icke,train,Refuted,Refuted,
935,Cadbury gave away 500 Free baskets of Cadbury Chocolate to celebrate its 196th Anniversary.,6-4-2020,,train,Refuted,Not Enough Evidence,
936,British author David Icke claimed that Microscope images of exosomes and of the virus that causes Covid-19 are “exactly the same,6-4-2020,David Icke,train,Refuted,Refuted,
937,India's government is going to cut the pension of employees by 30 per cent and terminate it for those above the age of 80 in order to divert funds towards managing health services and tackle the adverse effects of the coronavirus pandemic in the country.,6-4-2020,rediff.com,train,Refuted,Refuted,
938,"5G antennas on fire in La Spezia, Italy.",6-4-2020,Cosa è successo,train,Refuted,Supported,
939,British author David Icke claimed global pandemics always follow the introduction of new technologies,6-4-2020,David Icke,train,Not Enough Evidence,Refuted,
940,The Supreme Court of the United States issued an order to remove Rep. Ilhan Omar from Congress,6-4-2020,Harry Helmet,train,Refuted,Refuted,
941,There is a link between the launch of 5G and the Covid-19 outbreak in 2019.,5-4-2020,,train,Refuted,Refuted,
942,"Doctors, scientist and political figures did not say we need to cancel Mardi Gras",5-4-2020,John Bel Edwards,train,Supported,Refuted,
943,Dr Charles Lieber of Harvard University was arrested for manufacturing the novel coronavirus in collusion with China.,4-4-2020,,train,Refuted,Refuted,
944,People with lupus who take hydroxychloroquine have protection against COVID-19.,4-4-2020,US president Donald Trump,train,Refuted,Not Enough Evidence,
945,Barack Obama told Africans to reject coronavirus vaccines in March 2020,4-4-2020,,train,Refuted,Refuted,
946,Data from a Philippine General Hospital claims that there is a correlation between grocery shopping and COVID-19,4-4-2020,Nanay's Secret Files,train,Refuted,Not Enough Evidence,
947,"Lighting a Diya or candle, can kill Coronavirus.",3-4-2020,twitter user bhasskarjoshi ,train,Refuted,Refuted,
948,The United States had done more testing for COVID-19 infections in eight days than South Korea had done in eight weeks,3-4-2020,Donald Trump ,train,Refuted,Supported,
949,"A majority of 6,200 doctors said hydroxychloroquine is the most effective coronavirus treatment.",3-4-2020,Connor Boyd,train,Refuted,Refuted,
950,An NHS doctor who spoke out about the lack of PPE on the BBC has been suspended.,3-4-2020,,train,Not Enough Evidence,Refuted,
951,The WHO published a 4step lockdown procedure that countries need to follow to control Coronavirus.,3-4-2020,Niwash Kumar Mondal,train,Refuted,Refuted,
952,COVID-19 testing kits imported by Britain supplied by China are contaminated with coronavirus.,3-4-2020,,train,Refuted,Refuted,
953,Bill Withers left $2 Million estate to trump Re-election Campaign.,3-4-2020,Bustatroll.org,train,Refuted,Refuted,
954,VIRAL VIDEO SHOWS THE FBI SEIZING CORONAVIRUS-INFECTED FACE MASKS SENT FROM CHINA,3-4-2020,Nostain Reporters,train,Refuted,Refuted,
955,Video shows a Hindu priest being pinned down by a policeman.,3-4-2020,Vijay Shankar Tiwari,train,Supported,Supported,
956,WHO ranked Sri Lanka as the fifth best country for COVID-19 pandemic response.,2-4-2020,,train,Refuted,Refuted,
957,"The U.S. military rescued over 35,000 malnourished, caged children out of U.S. tunnels.",2-4-2020,Timothy Holmseth,train,Refuted,Refuted,
958,Prince Charles was cured of Covid by Ayurveda medicine.,2-4-2020,,train,Refuted,Refuted,
959,Morel Mushrooms are the source of Coronavirus.,2-4-2020,Morel Mushroom Hunting,train,Refuted,Refuted,
960,"U.S. Democratic Presidential candidate Joe Biden called the coronavirus a ""hoax""",2-4-2020,Trump War Room Twitter username,train,Refuted,Refuted,
961,Michael Bloomberg “did not poll well as mayor in handling crisis!”,2-4-2020,Donald Trump,train,Conflicting Evidence/Cherrypicking,Conflicting Evidence/Cherrypicking,
962,"Covid virus is now ""gone"" in South Korea because residents stayed at home for three weeks.",2-4-2020,Duterte Today,train,Refuted,Refuted,
963,"Alcohol weakens the immune system, making it difficult for the body to fight infections such as Covid-19.",2-4-2020,South African Government,train,Supported,Supported,
964,"All viruses are really common colds gone bad and can be defeated with fruits, vegetables and a strong immune system.",1-4-2020,"""Crystal,",train,Refuted,Refuted,
965,"Coronavirus is part of a conspiracy designed to introduce a ""new world order.",1-4-2020,Crystal,train,Refuted,Refuted,
966,Barack Obama has urged Africans to reject  Covid-19 vaccines.,1-4-2020,Grandbaba Makopro,train,Refuted,Refuted,
967,52 group admins from WhatsApp are now at Dadar cyber crime police station for having misleading fowards in the group.,1-4-2020,Ravi Nayak,train,Refuted,Refuted,
968,"A Madagascan herbal drink called Covid-Organics, is a treatment or a cure, for COVID-19.",1-4-2020,Nelly Nelyzo,train,Conflicting Evidence/Cherrypicking,Refuted,
969,"The radiation from cell phones and 5G towers are what is currently killing people, not coronavirus.",1-4-2020,Crystal,train,Refuted,Refuted,
970,"Romanian workers are being brought in to do seasonal British farm work, despite huge interest in these roles by British people.",1-4-2020,,train,Conflicting Evidence/Cherrypicking,Conflicting Evidence/Cherrypicking,
971,Air India is evacuating Indians stranded in UK,1-4-2020,Kumar Kamal Tumuluru ,train,Refuted,Supported,
972,There is a 70% contagion probability between a COVID-19 carrier not wearing a mask and a non-carrier wearing a mask; a 5% contagion probability between a COVID-19 carrier wearing a mask and a non-carrier not wearing a mask; and a 1.5% contagion probability between a COVID-19 carrier and a non-carrier both wearing masks.,1-4-2020,,train,Not Enough Evidence,Not Enough Evidence,
973,India trying to prevent people from posting COVID-19 updates.,1-4-2020,UdayonceAgain,train,Refuted,Refuted,
974,The president of Nigeria has dismissed his Chief of Staff because of his wellbeing challenge on the coronavirus.,1-4-2020,24Reports,train,Refuted,Refuted,
975,"If you ask Amazon’s Alexa about the origin of the coronavirus pandemic, it says “the government planned” it.",31-3-2020,,train,Refuted,Refuted,
976,Jio is giving Indian users a free recharge of ₹498.,31-3-2020,,train,Refuted,Refuted,
977,The anti-tuberculosis vaccine protects against coronavirus.,31-3-2020,Rose Evans,train,Refuted,Conflicting Evidence/Cherrypicking,
978,"In Serbia, the stricter Covid19 curfew measures prevented dog walking for up to 14 hours at a time.",30-3-2020,StopSerbiaDogWalkingBan ,train,Supported,Supported,
979,COVID-19 virus could be spread from shoes.,30-3-2020,,train,Conflicting Evidence/Cherrypicking,Supported,
980,COVID-19 is transmitted through fruits and vegetables in Hong Kong,30-3-2020,Melissa Lashes,train,Refuted,Refuted,
981,In India the 21-day lockdown due to COVID-19 is to be extended.,30-3-2020,,train,Refuted,Supported,
982,"Depending on the poll, between 58% and 81% of Americans were supportive of keeping current restrictions in place or even expanding them to the nation as a whole.",30-3-2020,,train,Supported,Supported,
983,"A Chinese doctor who went to help Italians found out that the main reason why COVID-19 spreads quickly in Italy is because Italians like to use the same shoes that they wear outside into the house, for some people even into the bedroom.”",30-3-2020,,train,Refuted,Refuted,
984,Madhya Pradesh Chief Minister Shivraj Singh Chauhan said that from 01/04/2020 people who violate lockdown would be shot down immediately.,29-3-2020,,train,Refuted,Refuted,
985,Democratic nominee for president Joe Biden has received campaign donations from Antifa.,29-3-2020,Fallis Gunnington,train,Refuted,Refuted,
986,Illinois banned the sale of alcohol on March 30 2020,29-3-2020,Kristal Hill,train,Refuted,Refuted,
987,It has been confirmed and tested that 2 spoonfuls of palm oil every morning can stop the spread of Covid-19.,29-3-2020,Osadare Olumide,train,Refuted,Refuted,
988,"A Sri Lankan military hospital, Kotelawala Defence University Hospital, has been reserved exclusively for the use of ""VIPs"" who test positive for COVID-19.",29-3-2020,100% Aim,train,Refuted,Supported,
989,Nigella Sativa contains 100% hydroxychloroquine.,29-3-2020,Zahra Baho,train,Refuted,Refuted,
990,"It took Obama ‘millions infected and over 1,000 deaths’ to declare the H1N1 flu a health emergency.",29-3-2020,Charlie Kirk,train,Refuted,Refuted,
991,Taking Nigella Sativa (Kalonji) seeds with honey can prevent infection from Covid-19.,29-3-2020,Zahra Baho,train,Conflicting Evidence/Cherrypicking,Refuted,
992,"Coronavirus caused the serious birth defect of a stillborn baby in Rajasthan, India.",28-3-2020,Kiran Kalla,train,Refuted,Refuted,
993,"The U.S. Centers for Disease Control and Prevention are planning, in the next 10 days, to change guidance and advise Americans to wear masks in everyday life.",28-3-2020,Dr. Matt McCarthy,train,Refuted,Supported,
994,"PM Narendra Modi has given the contract for Coronavirus testing kits to a Gujurati company selling them for Rs4,500.",28-3-2020,Arun Mishra,train,Refuted,Refuted,
995,Drinking water or other liquids will wash the coronovirus through the oesophasgus where they will be killed by the stomach acid.,27-3-2020,Runway hair and beauty,train,Refuted,Refuted,
996,The government in India is going to shut down the internet to avoid panic about the Coronavirus.,27-3-2020,madhuchowdarykolli,train,Not Enough Evidence,Refuted,
997,The coloured part of a surgical mask is to be worn inwards to the face to help  prevent of the spread of coronavirus.,27-3-2020,Nigerian Immigration Service,train,Refuted,Refuted,
998,"A man in Pakistan threw a party consisting of 100 people after recovering from Coronavirus and after attending the party, multiple people present there were infected with the virus.",27-3-2020,,train,Refuted,Supported,
999,The installation of 5G in the United Kingdom a cover-up for a secret weapon deployment,27-3-2020,Anthony Steele,train,Refuted,Refuted,
1000,Biden called Trump ‘xenophobic’ for restrictions on travel from China.,26-3-2020,Donald Trump,train,Conflicting Evidence/Cherrypicking,Supported,
1001,70% of Coronavirus cases are found in Muslims.,26-3-2020,Aadil Ahmed Khan,train,Refuted,Refuted,
1002,Tea can cure COVID-19,26-3-2020,,train,Refuted,Refuted,
1003,China and Japan are free of SARS-COV-2.,26-3-2020,Family is Love,train,Refuted,Refuted,
1004,No Democrats voted for the coronavirus stimulus measures.,26-3-2020,Mark Lutchman,train,Refuted,Refuted,
1005,"Extinction Rebellion issued a flyer that reads: “Corona is the cure, humans are the disease” .",26-3-2020,"NO Greens - Real Conservation, Not Green Lies",train,Refuted,Refuted,
1006,"As prosecutor, Jill Karofsky Karofsky gave no jail time to a sexual predator who assaulted a 5-year-old girl.",26-3-2020,,train,Refuted,Refuted,
1007,Dr. Deborah Birx claimed that 40% of the USA had less than 200 cases combined of covid 19 on 26th of march 2020,26-3-2020,Dr. Deborah Birx,train,Refuted,Supported,
1008,Newborn baby advises people to eat boiled eggs during pandemic.,26-3-2020,Gemz Channel,train,Refuted,Refuted,
1009,Free Netflix Account for All,25-3-2020,,train,Refuted,Refuted,
1010,Crab legs have been contaminated with the novel coronavirus,25-3-2020,Moe Badger,train,Not Enough Evidence,Refuted,
1011,Lemon and baking powder can cure coronavirus.,25-3-2020,Fatai Agbabiaka,train,Refuted,Refuted,
1012,Italy has apparently discovered that the microorganism which causes COVID-19 is a bacteria and not a Virus. This bacteria is responsible for blood clotting and hindering the transport of oxygen throughout the body.,24-3-2020,,train,Refuted,Refuted,
1013,"Under order from Gov. Tony Evers, US Senator Duey Stroebel can't legally have dinner with his 8 children, during the COVID-19 pandemic.",24-3-2020,Sen. Duey Stroebel,train,Conflicting Evidence/Cherrypicking,Refuted,
1014,CNN published the news that Tea can cure Covid-19 patients as suggested by by China’s whistleblower doctor Li Wenliang.,24-3-2020,Maria Celia Junio-Fernandez,train,Refuted,Refuted,
1015,Italy went against the WHO instruction of not performing autopsies on COVID-19 casualties.,24-3-2020,,train,Refuted,Supported,
1016,Dr Li Wenliang China's whistleblower doctor suggested tea can cure Covid-19 patients.,24-3-2020,Maria Celia Junio-Fernandez,train,Refuted,Refuted,
1017,There are 2 million illegal immigrants in the UK.,23-3-2020,Mark Devon,train,Refuted,Not Enough Evidence,
1018,Vaccines to cure Covid-19 are ready,23-3-2020,Tooro Television,train,Refuted,Refuted,
1019,"Under Trump, “coronavirus was declared a health emergency and public safety measures were in place before a single U.S. death occurred.",23-3-2020,Charlie Kirk,train,Refuted,Supported,
1020,People with pre-existing respiratory conditions such as COPD or Asthma will be given a “rescue pack” of medication from their general practitioners during the novel coronavirus pandemic.,22-3-2020,Chris Jones,train,Refuted,Refuted,
1021,A zoology book authored by Dr Ramesh Gupta speaks of COVID-19 and the treatment for the disease has already been found.,22-3-2020,Sunita Pradhan (@SunitaP22163768),train,Refuted,Refuted,
1022,French astrologer Nostradamus had predicted the outbreak of coronavirus in his book “Les Prophéties”.,22-3-2020,Trivia & Facts,train,Refuted,Refuted,
1023,Everyone is required to wear a mask everywhere at all times because of COVID-19.,22-3-2020,Social Media Users,train,Refuted,Conflicting Evidence/Cherrypicking,
1024,Neem leaves can cure the novel coronavirus and relieve its symptoms.,22-3-2020,Justine Yong,train,Refuted,Refuted,
1025,Tom Hanks passes away after confessing his admiration for President Trump,22-3-2020,,train,Refuted,Refuted,
1026,"A zoology book authored by Dr Ramesh Gupta speaks of COVID-19 and Coronavirus can be cured with aspirin, antihistamines and nasal spray.",22-3-2020,Kapil Khatter (@102_Khatter),train,Refuted,Refuted,
1027,A zoology book authored by Dr Ramesh Gupta speaks of COVID-19 and The novel coronavirus (nCoV) or COVID-19 is not a new disease.,22-3-2020,Sunita Pradhan (@SunitaP22163768),train,Refuted,Refuted,
1028,Novel coronavirus is an airbourne virus and remains infectious in the air for 8 hours.,22-3-2020,Social Media Users,train,Conflicting Evidence/Cherrypicking,Refuted,
1029,"From 23 March until the foreseeable future, Microsoft and Sony will shut down their gaming servers during UK school hours.",22-3-2020,,train,Refuted,Refuted,
1030,"Presidential candidate Joe Biden referred to the novel Coronavirus pandemic as a time when ""people are dying that have never died before.""",22-3-2020,Daniel Yahola,train,Refuted,Refuted,
1031,People Clapping together at 5pm during Janta Curfew will kill coronavirus.,21-3-2020,@RenukaJain6,train,Refuted,Refuted,
1032,Kenny Rogers' Wife plans to Donate part of his estate to Trumps Re-election campaign.,21-3-2020,Ninacherie Castelmoor,train,Refuted,Refuted,
1033,"Cases of coronavirus in the United States are linked to the rollout of 5G, the fifth-generation wireless technology.",21-3-2020,,train,Refuted,Refuted,
1034,Kenny Rogers' wife donate half of the singer's estate to Trump's re-election,21-3-2020,,train,Refuted,Refuted,
1035,"American automakers, including Ford and General Motors, are manufacturing much needed medical ventilators “right now.”",21-3-2020,Donald Trump,train,Refuted,Supported,
1036,"LeBron James has said Duterte is ""better"" than Trump in handling the COVID-19 crisis.",20-3-2020,,train,Refuted,Refuted,
1037,"President Donald Trump said, “Nobody knew there’d be a pandemic or an epidemic of this proportion.” at a White House briefing on March 19 2020",19-3-2020,,train,Refuted,Refuted,
1038,"MPs in the UK have awarded themselves a £10,000 bonus to cover ‘expenses’ during the Covid-19 crisis.",19-3-2020,,train,Refuted,Refuted,
1039,"Chloroquine, a Covid-19 drug, would be made available 'almost immediately.'",19-3-2020,Donald Trump,train,Refuted,Refuted,
1040,Several First Nations communities in Canada have closed their borders to avoid COVID-19,19-3-2020,,train,Supported,Supported,
1041,Historic flu and other outbreaks are accurately named based on the country where they originated,19-3-2020,Steve Annarummoo,train,Refuted,Refuted,
1042,"Philippine President Rodrigo Duterte approved the release of P20,000 (USD $400) to all recipients of the Philippines’ Social Security System (SSS) to help them through the novel coronavirus pandemic.",19-3-2020,,train,Refuted,Refuted,
1043,Clapping hands  Kills Corona virus,19-3-2020,Vedantika Puri,train,Refuted,Refuted,
1044,Italy did not close its borders from travellers from China during the coronavirus pandemic,19-3-2020,Anthony S. Fauci,train,Refuted,Refuted,
1045,temples ring bells “not only to bring the disciples into prayer mode but also to kill viruses and bacteria surrounding the temple.,19-3-2020,Vedantika Puri,train,Refuted,Refuted,
1046,"Chloroquine, a Covid-19 drug was almost ready to be used on March 19 2020.",19-3-2020,Donald Trump,train,Refuted,Refuted,
1047,"F. Scott Fitzgerald wrote a letter in the 1920 Spanish Influenza pandemic, in which he wrote to someone named “Rosemary” in which he wrote: “Even the bars, as I told Hemingway, but to that he punched me in the stomach, to which I asked if he had washed his hands,” the alleged letter says. “He hadn’t. He is much the denier, that one. Why, he considers the virus to be just influenza.”",19-3-2020,Jay Nickerson,train,Refuted,Refuted,
1048,"US President Donald Trump referred to the novel Coronavirus pandemic as a time when ""people are dying that have never died before.""",18-3-2020,Stephen A Wright,train,Refuted,Supported,
1049,"Passport of the passengers arriving at the T3 Of Delhi airport was taken away and kept till COVID-19 tests were completed, resulting in chaos at the airport on 18th March, 2020.",18-3-2020,,train,Refuted,Supported,
1050,"Novel coronavirus could live up to 3 days, depending on the surface.",18-3-2020,,train,Supported,Supported,
1051,Gargling with warm salt water or warm vinegar water will cure you from Coronavirus.,18-3-2020,Jai Guru Ji,train,Refuted,Refuted,
1052,Sri Lankan customs released expired tinned fish into the Sri Lankan market.,18-3-2020,Subodha Weerasinghe,train,Not Enough Evidence,Refuted,
1053,Chennai municipal corporation has shut all vegetable and fruit markets in the city due to coronavirus.,18-3-2020,Shanthi Vijayan,train,Refuted,Supported,
1054,The Australian state of Western Australia has recently passed a “COVID-19 Emergency Powers Act” that authorises forcible medical examination and vaccination in schools.,18-3-2020,@talialikeitis,train,Refuted,Refuted,
1055,Covid-19 is very similar to the seasonal flu with U.S mortality rates just above 0.1 percent and students are being punished and academies easily incapacitated by the common cold.,18-3-2020,Dominic Gregorio,train,Refuted,Refuted,
1056,US President Donald Trump failed to make timely use of his powers under the Defense Production Act to compel companies to manufacture medical supplies that were expected to be needed to treat those infected with the novel coronavirus.,18-3-2020,Vice PresidentJoe Biden ,train,Refuted,Supported,
1057,"The World Health Organization's director-general, Tedros Adhanom Ghebreyesus, overstated the COVID-19 fatality rate.",17-3-2020, Joe Hoft,train,Supported,Refuted,
1058,"A recent survey found that Filipinos have rated President Rodrigo Duterte as the most loving, caring, solid and decisive among the five highest government officials in the Philippines.",17-3-2020,,train,Supported,Supported,
1059,There are people going door to door in Colorado Spring who are stating they are testing for Covid-19 so they can rob people,17-3-2020,Tina Hill,train,Refuted,Refuted,
1060,No city in the state can quarantine itself without state approval.,17-3-2020,Andrew Cuomo,train,Refuted,Supported,
1061,Exposing ourselves to the sun or to high temperatures kills the Covid-19 virus,17-3-2020,Andy Kent,train,Refuted,Refuted,
1062,Japan has produced a cure for coronavirus disease (COVID-19).,17-3-2020,Netizenexpress.online,train,Refuted,Refuted,
1063,The United Stated had 27 deaths from covid19 between January 22nd 2020 and march 17 2020,17-3-2020,,train,Refuted,Refuted,
1064,"A 103-year-old Chinese grandmother has made a full recovery from Covid-19 after being treated for 6 days in Wuhan, China",17-3-2020,,train,Supported,Supported,
1065,"University of Zimbabwe has two confirmed cases of COVID-19 and will close this week until April 14, 2020.",17-3-2020,,train,Not Enough Evidence,Refuted,
1066,Donald Trump tweeted that the US Treasury will check a recipients social media accounts for any anti President Trump comments before being considered for a covid19 stimulus cheque.,17-3-2020,,train,Refuted,Refuted,
1067,President Donald Trump always knew that the Coronavirus was a pandemic.,17-3-2020,,train,Refuted,Refuted,
1068,"Marriott International effectively denied employees unemployment and health benefits by saying the company had not laid them off, instead putting them on a zero-hour schedule?",17-3-2020,thot leedurr,train,Refuted,Supported,
1069,"Doctors in India have been successful in treating Coronavirus using combination of drugs used: Lopinavir, Retonovir, Oseltamivir along with Chlorphenamine. They are going to suggest same medicine, globally",17-3-2020,,train,Refuted,Refuted,
1070,"Cleveland Clinic developed a Covid-19 test that gives results in hours, not days.",17-3-2020,,train,Refuted,Supported,
1071,China has closed down its last makeshift coronavirus hospital in Wuhan as there is not enough new cases to support them.,17-3-2020,,train,Supported,Supported,
1072,"stated on March 17, 2020 in a Facebook post:
All US citizens are entitled to $700 per week to stay at home to avoid the spread of COVID-19 novel coronavirus, starting from March 17 2020.",17-3-2020,,train,Refuted,Refuted,
1073,The United States has had 4700 deaths from Flu between January 22nd 2020 and march 17 2020,17-3-2020,,train,Refuted,Supported,
1074,A charitable hospital in Pakistan charged patients for novel coronavirus tests,16-3-2020,,train,Refuted,Supported,
1075,An Illinois News Station Air ‘Pre-Rigged Election Results’ The Day Before The Primary.,16-3-2020,,train,Refuted,Refuted,
1076,All U.S. Citizens were entitled to $700 per week to stay at home to avoid the spread of Coronavirus.,16-3-2020,Britney Whitley,train,Refuted,Refuted,
1077,Information from Vienna's laboratory studying Covid 19 has found that the vast majority of people who died from Covid had ibuprofen in their system.,16-3-2020,Suellyn White,train,Not Enough Evidence,Refuted,
1078,"Now, as it stands, The US health care system has adequate ventilators, ICU beds, medical professionals",16-3-2020,Sean Hannity,train,Refuted,Refuted,
1079,Disposable masks should be worn white-side-out to keep COVID-19 out,15-3-2020,,train,Refuted,Refuted,
1080,United Emirates have completed mass arrests of their Royal Family and affiliates.,15-3-2020,Brice Ritani-Coe,train,Refuted,Refuted,
1081,Bernie sanders has nine super PACs.,15-3-2020,Joe Biden,train,Refuted,Refuted,
1082,"""I went out and campaigned for (raising the minimum wage) … $15 an hour in New York City. Go talk to the governor.""",15-3-2020,Joe Biden,train,Supported,Refuted,
1083,The lab-created coronavirus was a cover-up for the mass mandatory vaccination agenda.,15-3-2020,Brice Ritani-Coe,train,Refuted,Refuted,
1084,Italy's airports have been completely shut down.,15-3-2020,Brice Ritani-Coe,train,Refuted,Refuted,
1085,"""Part of that was bailing out the automobile industry — saving thousands of jobs, tens of thousands of jobs over time. (Sanders) voted against that as well.""",15-3-2020,Joe Biden,train,Conflicting Evidence/Cherrypicking,Supported,
1086,"""You have been on the floor of the Senate time and time again talking about the need to cut Social Security, Medicare and veterans' programs.""",15-3-2020,Bernie Sanders,train,Supported,Refuted,
1087,The US has a lack of medical personnel and hospitals may not have the capacity to deal with hundreds of thousands of people at the peak of the coronavirus pandemic.,15-3-2020,Bernie Sanders,train,Supported,Supported,
1088,"Joe Biden said, ""I wrote the first climate change bill that was in the Congress, PolitiFact said was a game changer.""",15-3-2020,Joe Biden,train,Not Enough Evidence,Refuted,
1089,Cristiano Ronaldo is turning his CR7 hotels into hospitals for people with coronavirus.,15-3-2020,,train,Refuted,Refuted,
1090,"Tom Hanks was arrested for paedophilia on 13/03/2020  
in Australia, where he is  being kept in a hotel room, refusing to fly back to USA.",15-3-2020,Brice Ritani-Coe,train,Refuted,Refuted,
1091,Canadian prime minster Justin Trudeau was served a criminal indictment by the U.S. for corporate and financial crimes.,15-3-2020,Brice Ritani-Coe,train,Refuted,Refuted,
1092,"""I have been consistent (on the Hyde Amendment). I have always believed in that.""",15-3-2020,Bernie Sanders,train,Supported,Conflicting Evidence/Cherrypicking,
1093,Australia's Prime Minister Scott Morrison was served a criminal indictment by the US for corporate & financial crimes.,15-3-2020,Corie Marano,train,Refuted,Refuted,
1094,"Every household in the United States receiving $500 in emergency food stamps and a $1,000 stimulus check",15-3-2020,Devona Jayva Miller-Adair,train,Refuted,Refuted,
1095,Novel coronavirus can be eliminated by drinking lots of water and gargling with warm water mixed with salt or vinegar.,14-3-2020,Harrison Onuoha,train,Refuted,Refuted,
1096,An Italian company threatened to sue two men for 3D printing valves for a respiratory device.,14-3-2020,Siddarth Singh,train,Refuted,Supported,
1097,Harvard University admitted that the degrees held by former first lady Michelle Obama are fakes,14-3-2020,,train,Refuted,Refuted,
1098,A story published by Tomas Pueyo about the grave threat posed by the new coronavirus overstated the threat.,14-3-2020,,train,Refuted,Refuted,
1099,"Gargling warm water with salt or vinegar can eliminate the novel coronavirus, COVID-19.",14-3-2020,OMG Lifestyle,train,Refuted,Refuted,
1100,The Tokyo Olympics logo has been redesigned in the wake of the coronavirus outbreak.,14-3-2020,Joel Helgeson,train,Refuted,Supported,
1101,A Dallas student celebrating Spring Break on South Padre Island collapsed from symptoms resembling coronavirus in March 2020,14-3-2020,Josue Raul Martinez,train,Refuted,Supported,
1102,Italy decided not to treat its elderly population with coronavirus.,14-3-2020,Marilynn Napier Pile,train,Conflicting Evidence/Cherrypicking,Refuted,
1103,Donald Trump cut funding to the CDC.,13-3-2020,Translate Trump,train,Refuted,Refuted,
1104,"The H1N1 response ""was one of the worst on record. Our response is one of the best, with fast action of border closings & a 78% Approval Rating, the highest on record. His was lowest!""",13-3-2020,Donald Trump,train,Refuted,Refuted,
1105,Donald Trump fired the Pandemic Response Team.,13-3-2020,Translate Trump,train,Not Enough Evidence,Refuted,
1106,"""Biden was in charge of the H1N1 Swine Flu epidemic which killed thousands of people.""",13-3-2020,Donald Trump,train,Refuted,Refuted,
1107,COVID-19 came to the United States in 2019.,13-3-2020,Charles Marshall,train,Refuted,Supported,
1108,Hand-washing with an ordinary soap protects against COVID-19.,13-3-2020,World Health Organisation,train,Supported,Supported,
1109,There is no vaccine for tuberculosis.,13-3-2020,Volunteers For Building A Border Wall,train,Refuted,Refuted,
1110,In South Florida “all children and adults must remain in their homes” due to coronavirus.,13-3-2020,,train,Refuted,Not Enough Evidence,
1111,Donald Trump called the COVID-19 outbreak a hoax by the democrats.,13-3-2020,Translate Trump,train,Refuted,Refuted,
1112,Prime Minister Narendra Modi tweet that his endless joy turned into endless grief after Devendra Fadnavis resigned as chief minister of Maharashtra on Tuesday,13-3-2020,BJP Exposed,train,Refuted,Not Enough Evidence,
1113,President Donald Trump refused World Health Organization (WHO) tests.,13-3-2020,Translate Trump,train,Supported,Refuted,
1114,"Donald Trump claimed to have been in frequent contact with American allies about Covid-19 restrictions, and to be marshalling the full power of the federal government and the private sector to protect the American people.",12-3-2020,Donald Trump,train,Not Enough Evidence,Refuted,
1115,Pandemics are cyclical and occur every 100 years,12-3-2020,,train,Refuted,Refuted,
1116,Ancient medical herb drink Ayurvedic treats Covid-19,12-3-2020,හොරොව්පතාන පාරම්පරික හෙළ වෙද ගෙදර,train,Refuted,Refuted,
1117,"During the 2009 swine flu outbreak, Biden made reckless comments unsupported by science & the experts. The Obama Admin had to clean up his mess & apologize for his ineptitude.",12-3-2020,Donald Trump,train,Not Enough Evidence,Refuted,
1118,"Donald Trump claimed that taking early intense action, resulted in dramatically fewer cases of the virus in the United States than in Europe.",12-3-2020,Donald Trump,train,Not Enough Evidence,Refuted,
1119,Australian Gold Coast hospital staff roll in a Wilson volleyball to keep actor Tom Hanks company in quarantine.,12-3-2020,,train,Refuted,Supported,
1120,"Donald Trump claimed that he met with the leaders of health insurance industry, who agreed to waive all co-payments for coronavirus treatments.",12-3-2020,Donald Trump,train,Not Enough Evidence,Refuted,
1121,"Some states are only getting 50 COVID-19 tests per day, and the Utah Jazz got 58.",12-3-2020,Michael Brendan Dougherty,train,Supported,Refuted,
1122,Coronavirus Vaccine has been created in Israel,12-3-2020,,train,Not Enough Evidence,Refuted,
1123,"The places worst affected by Coronavirus cases are along the same Latitude 40° from left: France, Italy, Iran, Wuhan, South Korea, Japan, Seattle, Washington, New York.",12-3-2020,Kiran Mazumdar Shaw,train,Refuted,Refuted,
1124,Tom Hanks has a Wilson volleyball to keep him company while he’s quarantined.,12-3-2020,Hanks Nation,train,Refuted,Supported,
1125,Republican Florida Rep. Ted Yoho said that black Americans should only get three-fifths of a vote.,11-3-2020,Paul Gilbert,train,Refuted,Refuted,
1126,Tom Hanks has passed away at 63,11-3-2020,Queensland Health spokeswoman,train,Refuted,Refuted,
1127,"The first case of coronavirus in Milwaukee County, Wisconsin, had been declared as of March 11, 2020.",11-3-2020,Sen. Chris Larson,train,Refuted,Supported,
1128,The public thinks disruption caused by protests is “completely unacceptable” by a ratio of five to one.,11-3-2020,,train,Refuted,Not Enough Evidence,
1129,University of Johannesburg student Phindile hacked the system and gave herself distinctions.,10-3-2020,Siyabonga Majola,train,Refuted,Refuted,
1130,Drinking water regularly will kill COVID-19.,10-3-2020,,train,Refuted,Refuted,
1131,"Whole of Italy goes into quarantine, In Italy, people must stay home except for work or emergencies",10-3-2020,,train,Supported,Supported,
1132,"A study published in the journal Antiviral Research claims that coronavirus was ""genetically engineered for efficient spread in humans""",10-3-2020,,train,Refuted,Refuted,
1133,Pennsylvania Governor Tom Wolf mandated closures for schools and workplaces to curb the spread of coronavirus.,10-3-2020,Tom Wolf,train,Refuted,Supported,
1134,Harry Potter actor Daniel Radcliffe has tested positive for the novel coronavirus.,10-3-2020,@BBCNewsTonight,train,Refuted,Refuted,
1135,The coronavirus is spreading so fast that it will infect 70% of humanity in 2020.,10-3-2020,Facts Verse ,train,Conflicting Evidence/Cherrypicking,Refuted,
1136,"It took Barack Obama until October of 2009 to declare Swine Flu a National Health Emergency. It began in April of ’09 but Obama waited until 20,000 people in the US had been hospitalized & 1,000+ had died",9-3-2020,Donald Trump,train,Refuted,Supported,
1137,Joe Biden mistook Idaho for Iowa in visit to Boise fundraiser.,9-3-2020,The Boise Times,train,Refuted,Refuted,
1138,Congressional Democrats in the U.S. are planning to halt Social Security payments in 2024.,9-3-2020,Harry Helmet,train,Refuted,Refuted,
1139,"Trade agreements like NAFTA and permanent normal trade relations with China, which forced American workers to compete against people making pennies an hour, has resulted in the loss of 160,000 jobs in Michigan.",8-3-2020,Bernie Sanders,train,Supported,Conflicting Evidence/Cherrypicking,
1140,"700,000 people died homeless on streets of England and Wales last year",8-3-2020,John McDonnell,train,Refuted,Refuted,
1141,"The novel coronavirus has been found in crawfish in Mobile, Alabama.",8-3-2020,Pete Nobles,train,Refuted,Refuted,
1142,"In Massachusetts, Biden’s vote exceeded exit polling by 15%. That’s statistically a huge red flag that fraud occurred",8-3-2020,,train,Refuted,Refuted,
1143,Drinking water with lemon can prevent COVID-19,8-3-2020,,train,Refuted,Refuted,
1144,Mexico does not have any cases of the novel coronavirus.,7-3-2020,Tina Cruz-Lopez,train,Refuted,Refuted,
1145,COLLOIDAL SILVER KILLS CORONAVIRUS,7-3-2020,Heather Fair ,train,Refuted,Refuted,
1146,"Extensive research by Saint Luke’s Hospital of Kansas City in the U.S revealed that consuming alcoholic beverages may help reduce the risk of COVID-19 infection, and that vodka is most recommended for drinking, cleaning and sanitizing.",7-3-2020,Mixed Temptations Mobile Bar Davao,train,Refuted,Refuted,
1147,"Tweets circulated from a twitter handle @dilawarshaik (with a Jazeera Correspondent profile Twitter account), giving an Anti-Hindu remark & screenshots of a tweet calling for ""butchering Hindus""
is not associated with Al Jazeera or The Wire",6-3-2020,@svaradarajan (founding editor of The Wire),train,Refuted,Supported,
1148,Anybody that needs a COVID-19 test can have a test. They are all set. They have them out there.,6-3-2020,Donald Trump,train,Refuted,Refuted,
1149,"As of 6th March 2020 there is no coronavirus testing kit shortage in the United States, nor has there ever been prior to this date.",6-3-2020,Alex Azar (Secretary of Health and Human Services),train,Refuted,Refuted,
1150,"There have been no deaths from the novel coronavirus in South Africa (as of March 12, 2020)",6-3-2020,News NT,train,Supported,Refuted,
1151,"Bernard Sanders, United States senator is a communist.",5-3-2020,US President Donald Trump,train,Refuted,Refuted,
1152,US has many health care plans which are 60 to 65 percent less expensive than Obamacare.,5-3-2020,US President Donald Trump,train,Not Enough Evidence,Conflicting Evidence/Cherrypicking,
1153,"Kim Jong Un, Supreme Leader of North Korea, rejected calls from the Obama administration",5-3-2020, US President Donald Trump,train,Refuted,Refuted,
1154,"Hunter Biden was paid $3 million plus $183,000 a month to be a board member of a company that a lot of people said was corrupt.",5-3-2020,US President Donald Trump,train,Not Enough Evidence,Refuted,
1155,Hunter Biden was unemployed when he joined the board of Burisma Holdings in 2014.,5-3-2020,US President Donald Trump,train,Refuted,Refuted,
1156,Hunter Biden left  China with a $1.5 billion for a fund.,5-3-2020,US President Donald Trump,train,Refuted,Conflicting Evidence/Cherrypicking,
1157,US illegal immigration numbers have been down for the past nine or 10 months.,5-3-2020,US President Donald Trump,train,Supported,Supported,
1158,"The restrictions that Donald Trump placed on travel to and from China, saved a lot of lives, probably hundreds of thousands by early April 2020.",5-3-2020,,train,Refuted,Supported,
1159,Trump closed the borders to China and other badly affected areas and closed them down very early against the advice of most people.,5-3-2020,Donald Trump,train,Refuted,Conflicting Evidence/Cherrypicking,
1160,Children can’t get COVID-19.,5-3-2020,Allison Pearson,train,Refuted,Refuted,
1161,We’ve gotten the highest poll numbers of anybody for handling a coronavirus outbreak.,5-3-2020,Donald Trump,train,Refuted,Refuted,
1162,"HHS has designated the coronavirus test as an essential health benefit. That means, by definition, it's covered in the private health insurance of every American, as well as covered by Medicare and Medicaid.",4-3-2020,Mike Pence,train,Supported,Supported,
1163,An employee of the Bojangles' fast food chicken restaurant placed a sign on a door banning customers who wear pro-Trump hats or shirts,4-3-2020,Kenneth Barnhill,train,Refuted,Refuted,
1164,Slowed Coronavirus testing was due to Obama-era regulations.,4-3-2020,Donald Trump,train,Refuted,Refuted,
1165,Viral posts claim President Donald Trump received more votes in the California primary than the top two Democratic candidates combined.,4-3-2020,President Trump Fans,train,Refuted,Supported,
1166,"In Texas the Republican side gets 25 machines, the Democratic side gets 5 machines.",4-3-2020,Hillary Clinton,train,Not Enough Evidence,Refuted,
1167,Trump claims that the Obama administration “didn’t do anything” about the 2009 pandemic.,4-3-2020,Donald Trump,train,Refuted,Refuted,
1168,The 3.4% mortality rate for Covid-19 as reported by WHO is false.,4-3-2020,Donald Trump,train,Refuted,Refuted,
1169,"The Obama administration made a decision on testing and that turned out to be very detrimental to what we’re doing, and we undid that decision a few days ago.",4-3-2020,Donald Trump,train,Refuted,Refuted,
1170,Gargling with bleach is a cure for coronavirus.,3-3-2020,AlexanderGJohn twitter user,train,Refuted,Refuted,
1171,"There’s only one COVID-19 hot spot, and that’s in a nursing home.",3-3-2020,Donald Trump,train,Not Enough Evidence,Refuted,
1172,Coronavirus has been discovered in rice bags.,3-3-2020,,train,Refuted,Refuted,
1173,"In the US, it costs almost $4,000 to get tested for COVID-19 without insurance.",3-3-2020,Leo Starceed,train,Refuted,Not Enough Evidence,
1174,The World Health Organisation (WHO) have advised people to use contactless payments instead of cash to reduce the risk of Covid-19 transmission.,2-3-2020,Bill Gardner,train,Refuted,Refuted,
1175,"Seven things that can kill COVID-19:
UV
Temperatures higher than 56 degrees celsius
Ventilated air  
Chlorine disinfectants
Alcohol 75%
Frequently washed hands
Strong human’s immunity system",2-3-2020,,train,Refuted,Supported,
1176,The United States is right now ranked by far No. 1 in the world for preparedness.,2-3-2020,Donald Trump,train,Supported,Refuted,
1177,The Treasury expects the UK economy to shrink by 4.9% under a Canada-style deal with the EU.,2-3-2020,,train,Refuted,Supported,
1178,"The United States is “actually screening fewer people (for the coronavirus than other countries) because we don't have appropriate testing.""",2-3-2020,Lou Dobbs,train,Supported,Supported,
1179,COVID-19 can cause permanent damage to a patient's lungs.,1-3-2020,,train,Not Enough Evidence,Refuted,
1180,Coronavirus symptoms emerge only after the virus has entered a person’s bloodstream.,1-3-2020,,train,Refuted,Refuted,
1181,US President Donald Trump hasn't allowed scientists to speak about the coronvirus.,1-3-2020,Joe Biden,train,Refuted,Refuted,
1182,As of March 1st 2020 the U.S. Trump administration hadn't even prepared a Coronavirus test kit.,1-3-2020,Joe Biden,train,Refuted,Refuted,
1183,Shands Hospital of Gainesville Florida confirmed its first case of coronavirus.,1-3-2020,Viral image,train,Refuted,Refuted,
1184,Pope Francis and two aides have tested positive for Coronavirus.,1-3-2020,ChaddSinclair,train,Refuted,Refuted,
1185,The Canadian Army was deployed in Montreal to keep the peace during the Covid-19 pandemic.,1-3-2020,,train,Refuted,Refuted,
1186,Ash produced by a volcano eruption in the Philippines in January 2020 can prevent the COVID-19.,29-2-2020,Brian Ross Segarra,train,Not Enough Evidence,Refuted,
1187,Florida Man Arrested For Robbery Using Cough As A Weapon,28-2-2020,,train,Refuted,Supported,
1188,US President Donald Trump called COVID-19 a hoax.,28-2-2020,,train,Refuted,Refuted,
1189,"John Mahama presided over a decline in Ghana's economic growth for his four years in office, while Nana Akufo-Addo presided over higher economic growth in his first three years in office before the COVID-19 pandemic.",28-2-2020,Dr Mahamudu Bawumia,train,Supported,Supported,
1190,"Drinking water every 15 minutes prevents being infected by the novel coronavirus, COVID-19.",28-2-2020,Michelle,train,Refuted,Refuted,
1191,The first case of Covid19 reported in Australia  was from the New South Wales town of Dubbo,28-2-2020,Kara Evo,train,Refuted,Refuted,
1192,The coronavirus outbreak is US Democrats new hoax.,28-2-2020,Donald Trump,train,Refuted,Refuted,
1193,38 Percent of Americans are avoiding Corona Beer because of the Coronavirus.,28-2-2020,,train,Refuted,Supported,
1194,Japan issued a health advisory listing drinking water as a prevention method for COVID-19.,28-2-2020,Michelle,train,Refuted,Refuted,
1195,Mike Pence moved decisively when confronted with a disturbing HIV outbreak in a rural Indiana county in 2014-15 when he was governor of the state.,27-2-2020,mike pence,train,Refuted,Refuted,
1196,Jaffrabad Shooter In Red T-Shirt Is Mumbai's Actor Anurag Mishra,27-2-2020,,train,Refuted,Refuted,
1197,"Holding your breathe for 10 seconds, without any discomfort or coughing, proves there is no infection in the lungs from COVID19",27-2-2020,Runway hair and beauty,train,Refuted,Refuted,
1198,Russian Academy of Sciences Takes Aim at Musk’s SpaceX Satellites,27-2-2020,Nikolai Samus,train,Supported,Supported,
1199,"3,500 tonnes of gold was discovered in a field in the north Indian state of Uttar Pradesh.",27-2-2020,NAMO India,train,Refuted,Refuted,
1200,the Canadian government will welcome three million immigrants in 2020.,27-2-2020,,train,Refuted,Refuted,
1201,Getting drugs in Britain almost easier than ordering pizza.,27-2-2020,Dame Carol ,train,Not Enough Evidence,Supported,
1202,Dettol products can kill Coronavirus.,27-2-2020,@Sarah42931414,train,Supported,Supported,
1203,The NHS has warned people should not shake hands to prevent the spread of the Wuhan coronavirus,27-2-2020,,train,Refuted,Supported,
1204,The CDC recommends men shave their beards to protect against coronavirus.,26-2-2020,,train,Refuted,Refuted,
1205,"Sen. Lindsey Graham said ""President Donald Trump probably knows more about medicine and specifically viruses than the so called scientists at the NIH and CDC"".",26-2-2020,Dan Lyons,train,Refuted,Refuted,
1206,Thailand’s Ministry of Health has raised the country’s alert on the novel coronavirus to the highest level.,26-2-2020,Saraburi News,train,Refuted,Supported,
1207,Donald Trump fired his pandemic disease officials in 2018.,26-2-2020,Michael Bloomberg,train,Not Enough Evidence,Supported,
1208,"COVID-19 cases are going very substantially down, not up.",26-2-2020,Donald Trump,train,Refuted,Refuted,
1209,"US Senator Amy Klobuchar said While we are all sitting here debating, Wisconsin has kicked hundreds of thousands of people off of their voting rolls",26-2-2020,Amy Klobuchar,train,Conflicting Evidence/Cherrypicking,Supported,
1210,Russian Cops Don’t Beat People For No Reason.,26-2-2020,Vladimir Putin,train,Refuted,Refuted,
1211,US President Trump called for reduced funding for the Centre for Disease Control and Prevention.,25-2-2020,Sen. Amy Klobuchar ,train,Supported,Supported,
1212,"Bernie Sanders has said things like women get cancer from having too many orgasms, or toddlers should run around naked and touch each others' genitals to insulate themselves from porn … He's written about women's rape fantasies.",25-2-2020,,train,Conflicting Evidence/Cherrypicking,Refuted,
1213,"Congress files charges against speaker of the U.S House of Representatives Nancy Pelosi, for tearing up her copy of the State of the Union speech.",25-2-2020,Admin at Re-elect TRUMP 2020,train,Refuted,Refuted,
1214,US President Donald Trump got rid of a pandemic response position on the National Security Council.,25-2-2020,Bloomberg,train,Conflicting Evidence/Cherrypicking,Supported,
1215,U.S. representatives Donna Shalala and Debbie Mucarsel-Powell were supporting candidates other than Bernie Sanders in the US elections.,24-2-2020,U.S. Senator Bernie Sanders,train,Not Enough Evidence,Supported,
1216,"Kunal Kamra said, The RDX laden car which caused the blast in Pulwama, RTO has not been able to access its papers stating under whose name it was registered, till date. The government wants more than 70 year old papers in the NRC.",24-2-2020,Social Media Users,train,Refuted,Refuted,
1217,Cuba has a lung cancer vaccine that the US had no access to because it sanctioned Cuba.,24-2-2020,,train,Not Enough Evidence,Supported,
1218,US Senator Bernie Sanders was opposed to Obamacare.,23-2-2020,Joe Biden,train,Conflicting Evidence/Cherrypicking,Refuted,
1219,The majority of hunters and the majority of Trump voters now want universal background checks on gun buyers.,20-2-2020,Amy Klobuchar,train,Supported,Supported,
1220,One offender carried out 93 crimes last year before going to jail for the first time.,20-2-2020,,train,Not Enough Evidence,Not Enough Evidence,
1221,Former vice President Joe Biden attacks President Donald Trump over a food stamp policy supported by Mayor Michael Bloomberg,20-2-2020,Joe Biden,train,Conflicting Evidence/Cherrypicking,Not Enough Evidence,
1222,Mayor Bloomberg blamed African Americans & Latinos for the housing crash of 2008.,19-2-2020,Elizabeth Warren,train,Refuted,Refuted,
1223,Amy Klobuchar’s health plan is just two paragraphs long.,19-2-2020,Elizabeth Warren,train,Refuted,Refuted,
1224,"Car thefts are increasing in 8 of the 10 most populous Wisconsin, US counties",19-2-2020,US State Sen. Chris Kapenga,train,Supported,Not Enough Evidence,
1225,"Former mayor of New York, US, Mike Bloomberg owns more wealth than the bottom 125 million Americans.",19-2-2020,Sen. Bernie Sanders,train,Supported,Supported,
1226,"Under the government’s new immigration rules anyone earning less than £25,600 is regarded as an unskilled worker.",19-2-2020,Rachel Clarke,train,Refuted,Supported,
1227,"While he was mayor of NYC, Bloomberg cut stop-and-frisk by 95% because they were doing too many.",19-2-2020,Mike Bloomberg,train,Refuted,Refuted,
1228,VIRAL IMAGE SHOWS SENATOR JAMES INHOFE NOW SERVES AS THE EPA’S CHIEF OF STAFF,18-2-2020,Political Loudmouth,train,Refuted,Refuted,
1229,Biden was arrested in 1977 in South Africa when trying to meet Nelson Mandela.,18-2-2020,Joe Biden,train,Refuted,Refuted,
1230,$150 million had been collected by the Australian Red Cross as of 16/02/2020.,16-2-2020,,train,Refuted,Supported,
1231,"The High court in India,  passed a mandatory order that says Bank of Baroda’s license must be revoked.",16-2-2020,,train,Refuted,Refuted,
1232,"Of the $150 million, only $7 million in $10,000 lots had been given out to bushfire victims by the Australian Red Cross as of the 16/02/2020.",16-2-2020,,train,Refuted,Supported,
1233,"World Health Organization says a “child’s presence in school counts as ‘informed consent’ for vaccination"".",16-2-2020,Peta Shadbolt,train,Conflicting Evidence/Cherrypicking,Refuted,
1234,"Rashtriya Sikhshit Berojgar Yojna launched a scheme to pay Rs 50,000 to educated unemployed citizens in India.",16-2-2020,Rashtriya Sikhshit Berojgar Yojna,train,Refuted,Refuted,
1235,A U.S. federal judge released Benghazi evidence that puts former Secretary of State Hillary Clinton in deep trouble.,15-2-2020,GNF News,train,Refuted,Refuted,
1236,FBI Ignored Evidence That Hillary Clinton Put A Hit Out On Brett Kavanaugh.,14-2-2020,Flagg Eagleton,train,Refuted,Refuted,
1237,Very close to 160 million people are now working in the United States.,14-2-2020,Donald Trump,train,Supported,Supported,
1238,A doctor's office in New South Wales was visited by people who had been exposed to the coronavirus.,14-2-2020,Cassandra Louise,train,Supported,Supported,
1239,Bernie Sanders returns a donation from Mike Bloomberg in the amount of $18.53,14-2-2020,Gish Gallop,train,Refuted,Supported,
1240,BJP leaders did not say that Shaheen Bagh protestors will enter homes and rape women and daughters.,13-2-2020,Amit Shah,train,Refuted,Refuted,
1241,Donald Trump cut scheduled federal worker pay raises in early 2020,13-2-2020,,train,Supported,Supported,
1242,"At the level of gender, at senior management level in South Africa, males remain dominant at 67.6% and females at 32.4%",13-2-2020,Jacob Zuma,train,Supported,Supported,
1243,US Senator Amy Klobuchar vows to resettle no refugees in her neighbourhood.,13-2-2020,Breitbart,train,Refuted,Refuted,
1244,"Since the [Safe] initiative was launched, 699 schools have been provided with safe and appropriate sanitation facilities and projects and a further 1,150 schools are either in planning, design or construction stages.",13-2-2020,Jacob Zuma,train,Not Enough Evidence,Supported,
1245,Turkey is responsible for the escalating tensions between Turkey and Russia in northwest Syria.,13-2-2020,Aleksei Erkhov,train,Refuted,Refuted,
1246,Donald Trump cited 'serious economic conditions' as the reason for reducing federal worker pay raises in early 2020,13-2-2020,,train,Supported,Supported,
1247,"Government is actively involved in the property sector, having provided more than 4 million houses since 1994.",13-2-2020,Jacob Zuma,train,Conflicting Evidence/Cherrypicking,Supported,
1248,There has been no load shedding since August last 2015,13-2-2020,Jacob Zuma,train,Refuted,Refuted,
1249,"Gov. Tony Evers wants to release half of the prison population.""",13-2-2020,Robin Vos,train,Conflicting Evidence/Cherrypicking,Not Enough Evidence,
1250,"To curb water wastage, the Department of Water and Sanitation has begun its programme of training 15,000 young people as artisans.",13-2-2020,Jacob Zuma,train,Supported,Not Enough Evidence,
1251,"BJP, the Bharatiya Janata Party lost a total of 8 seats by a margin of fewer than 100 votes, 19 seats by less than 1000 votes and 9 seats by less than 2000 votes, in India.",12-2-2020,,train,Refuted,,Failed to get valid prediction
1252,"US Senator Amy Klobuchar vows to resettle 500 percent more refugees, none in her neighbourhood.",12-2-2020,Breitbart,train,Not Enough Evidence,Refuted,
1253,"Hollywood actor Mel Gibson says, ""The only reason liberals hate Trump is they hate God""",11-2-2020,,train,Refuted,Refuted,
1254,A bowl of “freshly” boiled garlic water cures ‘Wuhan’s coronavirus.,11-2-2020,No info,train,Refuted,Refuted,
1255,Sri Lanka's Ehelepola Walawwa Mansion school will be converted into a Muslim school.,11-2-2020,රොබින් හුඩ් - Robin Hood,train,Refuted,Refuted,
1256,The USA has succeeded in reducing greenhouse emissions in previous years.,11-2-2020,Morgan Griffith,train,Conflicting Evidence/Cherrypicking,Supported,
1257,Thailand cured a COVID-19 patient within 48 hours using a cocktail of an anti-HIV drug and an antiviral drug used for treating influenza.,11-2-2020,It's Not Rocket Science,train,Refuted,Supported,
1258,"The salaries of MPs in the UK have grown faster than the starting salaries of nurses, teachers and police officers between 2010 and 2020.",10-2-2020,James Melville,train,Supported,Supported,
1259,"Presidential candidate Bernie Sanders said supporting abortion up to birth is an ""essential part of being a Democrat.""",10-2-2020,LifeNews.com,train,Refuted,Refuted,
1260,"As of February 10th 2020, the United States only had 11 cases of Coronavirus",10-2-2020,Donald Trump,train,Refuted,Supported,
1261,People were pursued with Fulani Knives after an attack on Peter Obi's Convoy in Abuja Market.,9-2-2020,,train,Refuted,Refuted,
1262,Seven Cars in Peter Obi's Convoy were burnt by Hausa Men during an attack at Abuja Market,9-2-2020,,train,Refuted,Refuted,
1263,"President Trump said he removed Lt. Col. Alexander Vindman from the White House's National security Council because his superior publicly stated that 'Vindman had problems with judgment, adhering to the chain of command, and leaking information'",8-2-2020,,train,Supported,Supported,
1264,Cocaine kills the Coronavirus.,8-2-2020,,train,Refuted,Refuted,
1265,"Over 700,000 children accessed early childhood education in South Africa in 2018",7-2-2020,Cyril Ramaphosa,train,Supported,Supported,
1266,"China sought court approval to kill over 20,000 patients who were infected by the deadly novel Coronavirus",7-2-2020,AB-TC City News,train,Refuted,Refuted,
1267,"William Barr tweeted, “ IN A COMPLETELY UNRELATED STORY Senator Mitt Romney is also the only Republican Senator who has a son who sits on the board of a Ukrainian Energy Company.”",6-2-2020,,train,Refuted,Conflicting Evidence/Cherrypicking,
1268,"China is seeking the court's permission to kill over 20,000 coronavirus patients in order to prevent the virus from spreading further.",6-2-2020,,train,Refuted,Refuted,
1269,"William Barr tweeted, “BREAKING NEWS Senator Mitt Romney is the only Republican Senator who voted to remove President Trump from office",6-2-2020,,train,Refuted,Refuted,
1270,A ‘HUGE PERCENTAGE’ OF DEPORTED SALVADORANS KILLED OR HARMED UPON RETURN TO EL SALVADOR,5-2-2020,,train,Refuted,Supported,
1271,Sen. Chuck Schumer deleted a tweet criticizing President Donald Trump’s decision to ban some forms of travel to and from China.,5-2-2020,CHUCK SCHUMER,train,Refuted,Supported,
1272,President Donald Trump will protect patients with pre-existing conditions.,4-2-2020, PolitiFact Staff,train,Refuted,Refuted,
1273,"In America, we are spending twice as much on health care as the people of Canada or any other major countries",4-2-2020,,train,Supported,Supported,
1274,"Two racist black thugs in Brunswick, Georgia, shot a white baby in the face for fun.",4-2-2020,The Daily Archives,train,Refuted,Refuted,
1275,Cannabis Boosts immunity against Novel Coronavirus,4-2-2020,Ada Dawasa ,train,Refuted,Not Enough Evidence,
1276,Three people have more wealth than the bottom half of American society,4-2-2020,,train,Supported,Supported,
1277,"In eight years under the President Barack Obama administration, over 300,000 working-age people dropped out of the workforce.",4-2-2020,Donald Trump,train,Refuted,Supported,
1278,"Traditionally, the Speaker says: ‘Members of Congress, I have the high privilege and distinct honor of presenting to you the President of the United States.’ (Tonight) Speaker Pelosi said, ‘Members of Congress, the President of the United States.’",4-2-2020,Jake Tapper,train,Supported,Supported,
1279,"Over 130 legislators in the USA have endorsed legislation that would bankrupt our nation by providing free taxpayer-funded health care to millions of illegal aliens, forcing taxpayers to subsidize free care for anyone in the world who unlawfully crosses our borders.",4-2-2020,Donald Trump,train,Refuted,Conflicting Evidence/Cherrypicking,
1280,Nigeria is one of the Freest Countries for the Press and Media,3-2-2020,"Nigerian Minister of Information and Culture, Alhaji Lai Mohammed",train,Refuted,Refuted,
1281,"Sex traffickers are leaving $100 bills, laced with a debilitating substance attached to the handles of parked cars at Northgate Mall in Revere, Massachusetts.",3-2-2020,,train,Refuted,Refuted,
1282,"The UK has taken in 41,000 unaccompanied children since 2010.",3-2-2020,Boris Johnson,train,Refuted,Supported,
1283,Sri Lanka is the first country in the world to completely eradicate the coronavirus.,2-2-2020,අපි හෙළයෝ ,train,Refuted,Refuted,
1284,"As of 2019, unemployment in the US, is at a 49-year low, under the Trump-led administration",2-2-2020,,train,Supported,Supported,
1285,"American workers are seeing the “best wage growth in a decade,” under the Trump administration",2-2-2020,,train,Refuted,Supported,
1286,"Under a COVID-19 financial relief scheme called Rashtriya Shikshit Berojgar Yojana, the Government of India will provide financial aid of Rs 50,000 to ration cardholders.",1-2-2020,,train,Refuted,Refuted,
1287,"Dr. Charles Lieber, chair of Harvard University’s Dept of Chemistry and Chemical Biology and two Chinese students were arrested for creating the COVID-19 virus.",1-2-2020,,train,Refuted,Refuted,
1288,"NZ cricket captain said "" I request to NZ government please cancel KL Rahul's visa immediately.""",1-2-2020,,train,Refuted,Refuted,
1289,"World Health Organisation reports 340,000 people infected with Coronavirus in China.",31-1-2020,Brokepods,train,Refuted,Refuted,
1290,"World Health Organisation reports 75,000 people have been killed by the 2019 Novel Coronavirus in China.",31-1-2020,Brokepods,train,Refuted,Not Enough Evidence,
1291,World Health Organisation labels Coronavirus a plague.,31-1-2020,Brokepods,train,Refuted,Refuted,
1292,"The EU did not help Britain during the Falklands War, and instead sent weapons to Argentina.",31-1-2020,David Playle,train,Refuted,Refuted,
1293,Weapons seized from a West Bengal madrassa.,31-1-2020,Satish Sejpal,train,Refuted,Supported,
1294,The fatality rate stood at 17.40% for H1N1 compared to 2% for the ongoing coronavirus outbreak.,31-1-2020,Thinking Minds,train,Refuted,Refuted,
1295,A Colorado school forces students to wear hijabs.,30-1-2020,,train,Refuted,Refuted,
1296,World Health Organization officially declares the Coronavirus as a plague.,30-1-2020,,train,Refuted,Refuted,
1297,"Under three years of Donald Trumps administration, net farm income has already gone up nearly 50%.",30-1-2020,Donald Trump,train,Supported,Supported,
1298,The Delhi Police in India is being slammed for their apparent inaction when a man was shot at Jamia Millia Islamia University,30-1-2020,{~A+R~} @AR7604,train,Refuted,Supported,
1299,CHUCK SCHUMER SAY ‘IT’S RACIST TO ONLY ALLOW CITIZENS TO VOTE’,30-1-2020,,train,Refuted,Refuted,
1300,President Donald Trump claimed that the new trade agreement with China “will boost American agriculture by $50 billion every year.”,30-1-2020,,train,Refuted,Refuted,
1301,"Trump signed a bill ""to clean millions of tons of garbage from world’s oceans.",30-1-2020,,train,Supported,Supported,
1302,Germ scientists have confirmed that the ‘five-second rule’ for eating food off the floor is fairly accurate.,30-1-2020,The QI Elves,train,Refuted,Refuted,
1303,"Kobe Bryant's business ventures in China, posed a threat to the NBA's success.",29-1-2020,FammTV,train,Refuted,Not Enough Evidence,
1304,"Kobe Bryant was locked in a legal battle with big pharma over the right to use the phrase ""Black Mamba”.",29-1-2020,Fammtv,train,Conflicting Evidence/Cherrypicking,Supported,
1305,Clorox and Lysol Already Knew About New Coronavirus,29-1-2020,,train,Refuted,Supported,
1306,Kobe Bryant was assassinated by the NBA,29-1-2020,FammTV,train,Refuted,Refuted,
1307,Viral newspaper clipping shows Arvind Kejriwal Was Accused Of Rape In College,29-1-2020,,train,Refuted,Refuted,
1308,The World Health Organization (WHO) infographic advises people to avoid unprotected sex with animals to reduce their risk of contracting coronavirus.,29-1-2020,Evil Shatner,train,Refuted,Refuted,
1309,The novel coronavirus has been found in Ethiopia.,28-1-2020,Haro Tube - ሐሮ ቱብ,train,Refuted,Refuted,
1310,"In India, the health ministry warns people not to keep their throats dry and to avoid spicy and fried foods.",28-1-2020,,train,Refuted,Supported,
1311,Punjab province in Pakistan issued a warning against eating goat meat for 60 days following a coronavirus outbreak in the livestock.,28-1-2020,Islamic Page,train,Refuted,Refuted,
1312,A Kenyan showing flu-like symptoms has been quarantined at the Kenyatta National Hospital,28-1-2020,,train,Supported,Supported,
1313,"China is surrounded by American military labs, and there is a U.S. consulate in Wuhan, the staff of which could have delivered Covid-19 to the People’s Republic of China.",27-1-2020,Igor Nikulin,train,Not Enough Evidence,Refuted,
1314,People in Australia are warned not to consume certain foods made or held in neighbouring areas close to Wuhan China and to not visit certain locations in Sydney Australia to avoid the risk of becoming infected with coronavirus.,27-1-2020,Latifa Dee,train,Refuted,Refuted,
1315,"American Muslim woman, Dr. Debbie Almontaser, made history by reciting the Koran during the inauguration ceremony of US President Joe Biden.",27-1-2020,Islam Means Peace,train,Refuted,Refuted,
1316,Namibian social media posts claim that Coronavirus is a hoax,27-1-2020,,train,Refuted,Refuted,
1317,U.S. President Joe Biden has lowered the age of consent.,27-1-2020,,train,Refuted,Refuted,
1318,"Comedian, Samuel Whitcomb Hyde is behind the spread of Coronavirus.",27-1-2020,,train,Refuted,Refuted,
1319,American TV series 'The Simpsons' predicted the outbreak of Coronavirus.,26-1-2020,Simplicity,train,Refuted,Refuted,
1320,Nobody had ever even heard of Ebola before 2014,25-1-2020,Donald Trump,train,Refuted,Refuted,
1321,"The Chinese Communist Party ""will finally admit that the real source of the coronavirus is from ‘a lab in Wuhan’ linked to its covert biological weapon programs.",25-1-2020,Bloggers,train,Refuted,Refuted,
1322,A spray known as Miracle Mineral Solution can offer protection against coronavirus,24-1-2020,@chiefpolice2,train,Refuted,Refuted,
1323,Doctors have expressed fears that the entire population of the Chinese city of Wuhan will die following the global outbreak of the 2019 Novel Coronavirus (2019-nCoV).,24-1-2020,Our Economics,train,Refuted,Refuted,
1324,Video shows Hong Kong police did not engage the woman during an attempt to disperse protesters,24-1-2020,AFP Hong Kong,train,Not Enough Evidence,Supported,
1325,"The coronavirus recently discovered in China was lab created and patented in 2015 by the CDC, the leading US public health agency.",23-1-2020,Chris Kirckof,train,Refuted,Refuted,
1326,Coronavirus is Patented,23-1-2020,Jude Michael,train,Conflicting Evidence/Cherrypicking,Refuted,
1327,Trump's lawyer Jay Sekulow says Trump’s hold on Ukraine aid is like Obama with Egypt in 2013,22-1-2020,,train,Refuted,Conflicting Evidence/Cherrypicking,
1328,"Correct way” to wear a disposable blue and white face mask, coloured side out,(If you are sick & dont want to spread the germs around and white side out when you are not sick & want to keep germs from getting in.",22-1-2020,Henselle Babor Locsin,train,Refuted,Refuted,
1329,"The average Wisconsin resident’s tax burden is at its lowest level in nearly 50 years, while incomes continue to grow.",22-1-2020,Roger Roth,train,Supported,Supported,
1330,iPhone belonging to Amazon CEO and Washington Post owner Jeff Bezos was hacked via a WhatsApp account used by Saudi Crown Prince Mohammed bin Salman.,22-1-2020,"Joseph Menn, Raphael Satter",train,Supported,Supported,
1331,Google threatened to shut down search in Australia if they pass a digital news code.,22-1-2020,Benedict Evans ,train,Supported,Refuted,
1332,Presidential candidate Joe Biden fought for decades to cut social security in the US.,21-1-2020,US presidential candidate Bernie Sanders ,train,Supported,Conflicting Evidence/Cherrypicking,
1333,"In 2018, US presidential candidate Joe Biden lauded Paul Ryan for proposing cuts to Social Security and Medicare",21-1-2020,US presidential candidate Bernie Sanders,train,Refuted,Refuted,
1334,Man accused of sexual Harassment of minor girls is a muslim.,21-1-2020,@cbpunjabi,train,Refuted,Not Enough Evidence,
1335,"In the Senate trial, not even House Intelligence Chairman Adam Schiff’s Republican colleagues were allowed into the SCIF during the House impeachment investigation.",21-1-2020,Pat Cipollone,train,Refuted,Refuted,
1336,Gold fringe on a U.S. flag signifies maritime and martial law is in effect.,20-1-2020,Bob Mayo,train,Refuted,Refuted,
1337,Biden Is The First President to Denounce White Supremacy in His Inaugural Address?,20-1-2020,Nathan Kalmoe,train,Supported,Conflicting Evidence/Cherrypicking,
1338,"Witnesses have been part of ""every other impeachment trial the US Senate has ever had.",19-1-2020,Tammy Baldwin,train,Supported,Refuted,
1339,"Hilary Clinton had $480, 000 before running for president and $100 million afterwards.",19-1-2020,Mike Batton,train,Not Enough Evidence,Supported,
1340,"At independence, Nigeria had a population of 45 million",19-1-2020,President Muhammadu Buhari,train,Supported,Refuted,
1341,52% of Nigeria’s current population lives in urban areas,19-1-2020,President Muhammadu Buhari,train,Supported,Supported,
1342,There has been a 60% drop in Nigeria's government revenue,19-1-2020,President Muhammadu Buhari,train,Not Enough Evidence,Refuted,
1343,Barack Obama had $3 million before running for president and $40 million after.,19-1-2020,Mike Batton,train,Refuted,Supported,
1344,Nigeria’s urban population at independence was approximately 7 million,19-1-2020,President Muhammadu Buhari,train,Supported,Not Enough Evidence,
1345,Nigeria has a population exceeding 200 million.,19-1-2020,President Muhammadu Buhari,train,Supported,Supported,
1346,"For a cumulative 29 of 60 years of existence as a nation, Nigeria has been under military rule.",19-1-2020,President Muhammadu Buhari,train,Supported,Supported,
1347,There was a 40% drop in oil prices,19-1-2020,President Muhammadu Buhari,train,Supported,Supported,
1348,All data relating to Qwikloan have been lost and cannot be restored,18-1-2020,,train,Refuted,Refuted,
1349,"Colloidal silver is effective for any infection when applied topically and taken orally and can be used to fight infections and heal wounds, support the immune system, and eliminate nasty germs",16-1-2020,,train,Refuted,Refuted,
1350,The NHS operate on the wrong part of someone’s body four times a day.,16-1-2020,Jeremy Hunt,train,Refuted,Refuted,
1351,A casting call for crisis actors coincided with a pro-gun rally in Virginia on 16th January 2020.,16-1-2020,,train,Refuted,Refuted,
1352,"US Rep Mark Pocan stated on January 16, 2020 in a tweet:
“There’s an Amazon distribution center that was advertising, last time I was there, up to $12.75 an hour. Your parents made that three decades ago.”",16-1-2020,Rep Mark Pocan,train,Conflicting Evidence/Cherrypicking,Refuted,
1353,MSMEs create around 75% of the jobs in the Kenyan economy.,14-1-2020,Uhuru Kenyatta,train,Not Enough Evidence,Conflicting Evidence/Cherrypicking,
1354,Madison and Milwaukee County both carry sanctuary status for illegal immigrants and released undocumented immigrants who have committed multiple crimes including sexual assault of a child.,14-1-2020,Donald Trump,train,Conflicting Evidence/Cherrypicking,Refuted,
1355,"Elizabeth Warren is the only person out of the six candidates for the US presidency on stage at the January 2020 debate in Iowa, who has beaten an incumbent Republican in the past 30 years.",14-1-2020,Elizabeth Warren,train,Refuted,Supported,
1356,"The remaining male candidates for the US presidency in January 2020 (Pete Buttigieg, Joe Biden, Bernie Sanders, Tom Steyer) have collectively lost 10 elections.",14-1-2020,Elizabeth Warren,train,Supported,Supported,
1357,Emeka Ihedioha won just 9 LGAs and lost in 18 during the 2020 elections.,14-1-2020,Ahmed Ibn Mustapha,train,Refuted,Refuted,
1358,"Former U.S President Barack Obama said ""He's low risk"" in reference to ISIS leader Abu Bakr al-Baghdadi before he was released from U.S custody.",14-1-2020,AJUANews.com,train,Refuted,Refuted,
1359,Senator Bernie Saunders told a Democratic presidential primary debate that the healthcare industry makes $100 billion a year.,14-1-2020,Bernie Sanders,train,Supported,Supported,
1360,MSMEs create around 75% of the jobs in the economy in Kenya.,14-1-2020,Uhuru Kenyatta,train,Not Enough Evidence,Refuted,
1361,The MSME sector accounts for more than 80% of all businesses in Kenya.,14-1-2020,Uhuru Kenyatta,train,Not Enough Evidence,Supported,
1362,Patrick Mahomes thinks George Zimmerman is innocent.,14-1-2020,,train,Refuted,Not Enough Evidence,
1363,The MSME sector accounts for more than 80% of all businesses in Kenya.,14-1-2020,Uhuru Kenyatta,train,Not Enough Evidence,Supported,
1364,"The remaining female candidates for the US presidency in January 2020, Elizabeth Warren and Amy Klobuchar, have won every election they have been in.",14-1-2020,Elizabeth Warren,train,Supported,Refuted,
1365,Nigeria’s cancer cases are about 15% of all cases in West Africa.,13-1-2020,Yemi Osinbajo,train,Refuted,Supported,
1366,"President Gotabaya Rajapaksa has ordered an investigation into the whereabouts of state-owned goods, including a bus and “other priceless, high technological equipment”.",13-1-2020,I Stand with GOTA,train,Refuted,Supported,
1367,"The World Health Organization reports that in 2018, 4% of deaths in Nigeria were caused by cancer.",13-1-2020,Yemi Osinbajo,train,Not Enough Evidence,Supported,
1368,Indian Oil is now owned by the Adani group.,12-1-2020,@SaketGokhale,train,Refuted,Refuted,
1369,Iain Duncan Smith has been awarded a knighthood for services to the country.,11-1-2020,Wear Red,train,Supported,Supported,
1370,6 months ago the DWP promised a review of Universal Credit for the terminally ill.,11-1-2020,Wear Red 0 stand up and be counted,train,Supported,Not Enough Evidence,
1371,Images show wombats taking animals into their burrows in a bid to protect them from bushfires in Australia,11-1-2020,,train,Conflicting Evidence/Cherrypicking,Refuted,
1372,It is unlawful for President Buhari's daughter to use state-funded Nigerian presidential jet for private trips,10-1-2020,Demola Olarewaju,train,Not Enough Evidence,Refuted,
1373,Jussie Smollett Charges Reinstated,10-1-2020,,train,Refuted,Supported,
1374,"To counter Deepika, BJP enlists Shaan, Tanisha",10-1-2020,The BJP,train,Not Enough Evidence,Supported,
1375,Each month 22 NHS patients with glaucoma unnecessarily lose their sight due to NHS treatment delays.,9-1-2020,,train,Supported,Not Enough Evidence,
1376,"Rep. Ilhan Omar said, “There is no way to overstate how ASHAMED I am to be called an ‘American.’ We need every world leader to rise and demand that someone stops Trump from starting a catastrophic war with Iran. THE TIME FOR VIOLENCE IS NOW!",9-1-2020,,train,Refuted,Refuted,
1377,"Nancy Pelosi defended Qassem Soleimani, Iran's top military commander.",9-1-2020,Donald Trump ,train,Refuted,Refuted,
1378,"Volcanoes Melting West Antarctic Glaciers, Not Global Warming. Three new research studies confirm that geothermal heat flow, not man-made global warming, is the dominant cause of West Antarctic Ice Sheet (WAIS) melting.",9-1-2020,IceAgeNow.info,train,Refuted,Conflicting Evidence/Cherrypicking,
1379,"Zimbabwe Deputy Minister of Defence, Cde Victor Matemadanda, warned the US that if they do not retreat from Iran, Zimbabwe may be forced to intervene.",8-1-2020,zbcnewsonline_,train,Not Enough Evidence,Refuted,
1380,Olive Garden Revoke 'Never Ending Pasta Pass' For Sean Hannity And Capitol Insurrectionists,8-1-2020,,train,Refuted,Refuted,
1381,"Iran’s hostilities substantially increased after the foolish Iran nuclear deal was signed in 2013 and they were given $150 billion, not to mention $1.8 billion in cash",8-1-2020,,train,Refuted,Conflicting Evidence/Cherrypicking,
1382,"By the way, in terms of the money, it got there two or three weeks ahead of schedule, long before it was supposed to be there",7-1-2020,Donald Trump,train,Refuted,Not Enough Evidence,
1383,Trump-Owned Property In Agrabah Burned To The Ground By Terrorists,6-1-2020,,train,Refuted,Refuted,
1384,Ratan Tata has stated that Tata Group will not recruit students from Jawaharlal Nehru University.,6-1-2020,Akhil Kumar ,train,Refuted,Refuted,
1385,"Nancy Pelosi assured Iran that Trump will ""pay for his crimes.""",6-1-2020,,train,Refuted,Refuted,
1386,There are only DUP members (who are/were members of a Northern Ireland political party) in the House of Lords.,6-1-2020,Andrew Adonis,train,Refuted,Refuted,
1387,"Saudi's rent the entire 45th floor of Trump Tower, And pay him in cash.",6-1-2020,,train,Refuted,Supported,
1388,"Nancy Pelosi Said Trump Must Apologize To Iran ""Or Else"".",4-1-2020,,train,Refuted,Refuted,
1389,New York is trying to pass a bill that would place non mask wearers and unvaccinated people in concentration camps for forced vaccination.,4-1-2020,,train,Refuted,Refuted,
1390,Amy Klobuchar has won Michele Bachmann's district every one of her 3 U.S Senate campaigns.,3-1-2020,Amy Klobuchar,train,Supported,Refuted,
1391,"Iihan Omar tweeted ""There is no way to overstate how ASHAMED I am to be called an 'American'. We need every world leader to rise up and demand that someone stops Trump from starting a catastrophic war with Iran."" THE TIME FOR VIOLENCE IS NOW! #NoWarWithIran",3-1-2020, Ilhan Omar,train,Refuted,Refuted,
1392,Biden’s didn’t tell Obama not to launch bin Laden raid.,3-1-2020,Joe Biden,train,Conflicting Evidence/Cherrypicking,Refuted,
1393,Donald Trump was given $413 million from his dad over the course of his career.,3-1-2020,Amy Klobuchar,train,Supported,Supported,
1394,"Trump had not brought pharmaceutical costs down, as he claimed he would, in May 2019.",3-1-2020,Amy Klobuchar,train,Supported,Supported,
1395,"A biodiesel plant in Crawfordsville, Iowa, closed, ""partly due to the trade war but mostly due to the waivers that Trump secretly gave to the oil companies""",3-1-2020,Amy Klobuchar,train,Supported,Supported,
1396,"The U.S was seeing a 50% increase in homeowners insurance, as of 03/01/2020.",3-1-2020,Amy Klobuchar,train,Not Enough Evidence,Not Enough Evidence,
1397,There are 64 mental health beds in the state of Iowa.,3-1-2020,Amy Klobuchar,train,Supported,Not Enough Evidence,
1398,"A non-profit, public health care option was Barack Obama's plan from the beginning of his presidency.",3-1-2020,Amy Klobuchar,train,Supported,Refuted,
1399,Hillary ignored multiple requests for security,1-1-2020,,train,Conflicting Evidence/Cherrypicking,Conflicting Evidence/Cherrypicking,
1400,The U.S. Supreme Court ruled that Americans do not need a licence to drive automobiles on public roads,1-1-2020,,train,Refuted,Refuted,
1401,"Mayor Bloomberg helped lower the number of people without health insurance in New York, by 40 percent.",1-1-2020,Michael Bloomberg,train,Supported,Supported,
1402,NASA had 58% Indian employees,1-1-2020,Faishal saifi ,train,Refuted,Refuted,
1403,CO-2 is not a greenhouse gas.,1-1-2020,,train,Refuted,Refuted,
1404,Former secretary of state Hillary Clinton let four Americans die in Benghazi.,1-1-2020,,train,Refuted,Refuted,
1405,Trump rushed in reinforcements.,1-1-2020,,train,Supported,Not Enough Evidence,
1406,Trump Threatened to destroy Iran.,1-1-2020,,train,Refuted,Supported,
1407,The MSME (Micro and Small Enterprises) sector accounts for more than 80% of all businesses in Kenya.,1-1-2020,President Uhuru Kenyatta,train,Not Enough Evidence,Supported,
1408,Hilary didn't respond for 13 hours.,1-1-2020,,train,Not Enough Evidence,Not Enough Evidence,
1409,Hot temperatures in a car can cause hand sanitiser to catch fire without a spark.,1-1-2020,Burwells surgery,train,Refuted,Refuted,
1410,Trump made sure no more lives were lost in Baghdad,1-1-2020,,train,Not Enough Evidence,Not Enough Evidence,
1411,California is refusing to cooperate with the “Federal Election Integrity Program.”,30-12-2019,Jim Eylander Jr.,train,Refuted,Supported,
1412,California is registering non-citizens to vote.,30-12-2019,Jim Eylander Jr.,train,Conflicting Evidence/Cherrypicking,Refuted,
1413,There have been 317 criminal indictments under three recent Republican presidents and only three indictments under three recent Democratic presidents.,29-12-2019,Hate Liberals? Bite Me,train,Refuted,Supported,
1414,"Nigeria owed its foreign creditors $81.274 billion in 2019, despite being “debt free” in 2007 after all its external loans were “paid off”.",29-12-2019,Femi Fani-Kayode,train,Refuted,Supported,
1415,"U.S President Donald Trump's transportation secretary, Elaine Chao, sent a 97 million dollar contract to help her husband, Mitch McConnell's re-election bid.",29-12-2019,Farron Cousins,train,Conflicting Evidence/Cherrypicking,Refuted,
1416,A 13-year-old boy attacked at a northern California skate park by Hispanic youths because he was white and a supporter of President Trump.,25-12-2019,@Jennife73830809,train,Refuted,Refuted,
1417,Aysha Renna tweeted a comment celebrating the Pulwama attack in India.,25-12-2019,Ayesha,train,Refuted,Refuted,
1418,An irrational House Speaker Nancy Pelosi was handcuffed by federal agents as they raided her office.,24-12-2019,Flagg Eagleton-Patriot,train,Refuted,Refuted,
1419,"There is a phone scam in which ""these guys only ring once and hang up,"" and if you call back, they can copy your contact list in three seconds as well as your bank or credit details.",22-12-2019,Alexis Lann,train,Refuted,Refuted,
1420,Prime Minister Modi’s government has not mentioned the National Record of Citizenship (NRC) since his government came to power in 2014 and any implementation of the NRC was limited only to Assam post the Supreme Court directive.,22-12-2019,Narendra Modi,train,Conflicting Evidence/Cherrypicking,Refuted,
1421,"Pervez Musharraf led a Pakistani commando unit to flush out rebels occupying the Grand Mosque in Mecca, Saudi Arabia in 1979.",21-12-2019,92 News,train,Refuted,Supported,
1422,Actress Parineeti Chopra's role as brand ambassador for the 'Beti Bachao Beti Padhao' campaign was cut short after she tweeted condemning the violence against the anti- Citizen Amendment Act protestors.,21-12-2019,,train,Refuted,Supported,
1423,"Jamia Millia Islamia University students, Aysha Renna and Ladeeda Farzana, who have become the faces of the anti-Citizenship Amendment Act movement in India, are terrorist sympathisers.",20-12-2019,Aysha Renna,train,Not Enough Evidence,Refuted,
1424,"Hong Kong uses AI technology using facial recognition to identify protesters if they so much as do anything on the street, so they can follow up with them and detain them later.",20-12-2019,Andrew Yang,train,Supported,Supported,
1425,"The sixth Democratic presidential debate of the 2020 campaign, hosted by PBS and Politico, had seven candidates, lasted more than 2½ hours — and did not have many statements that merited fact-checking. Here are six claims that caught our attention, some of which may seem familiar from previous debates. Our practice is not to award Pinocchios in debate roundups.",20-12-2019,  Glenn Kessler and  Salvador Rizzo,train,Supported,Supported,
1426,50 Journalists who were in Mangaluru to cover anti-Citizenship Amendment Act protests were fake journalists that had come from Kerala and have been arrested.,20-12-2019,Media Outlets,train,Refuted,Refuted,
1427,Hong Kong has banned protesters from wearing face masks.,20-12-2019,Andrew Yang,train,Refuted,Supported,
1428,"Before he was mayor, Pete Buttigieg ran statewide in Indiana and lost by 20 points.",20-12-2019,Amy Klobuchar,train,Supported,Supported,
1429,Donald Trump is rated international public opinion polls below Xi Jinping.,19-12-2019,Joe Biden,train,Supported,Refuted,
1430,Real wages went up last year 1.1%,19-12-2019,Bernie Sanders,train,Supported,Not Enough Evidence,
1431,95% percent of America's customers are outside it's borders.,19-12-2019,Amy Klobucher,train,Not Enough Evidence,Supported,
1432,Heavy Artillery in Donbas comes from sympathetic governments and not Russia.,19-12-2019,Vladimir Putin,train,Refuted,Refuted,
1433,"Former European Commission president, Jean-Claude Juncker said that ""the world's most foolish voters are from India""",19-12-2019,,train,Refuted,Refuted,
1434,Pete Buttigieg won voting with 80% in Indiana.,19-12-2019,Pete Buttigieg,train,Supported,Refuted,
1435,Elizabeth Warren proposed tax for the wealthy is two percent for millionaires and billionaires,19-12-2019,Elizabeth Warren,train,Supported,Supported,
1436,Donald Trump did not support the people in Hong Kong standing up for democracy.,19-12-2019,Pete Buttigieg,train,Refuted,Refuted,
1437,"Russian Authorities are not moving toward closing off the Russian internet from the global internet using the ""Sovereign Internet law"" which came into effect on November 1st 2019.",19-12-2019,Vladimir Putin,train,Conflicting Evidence/Cherrypicking,Refuted,
1438,Failed Senate Impeachment Conviction Means Trump Can Run Two More Times,19-12-2019,Daryl E. Grant,train,Refuted,Supported,
1439,China produces ninety percent of global carbon emissions.,18-12-2019,LiberalLogic101,train,Refuted,Refuted,
1440,Americans are paid for donating blood.,17-12-2019,Naifm,train,Conflicting Evidence/Cherrypicking,Supported,
1441,RBI has said that ₹2000 notes are banned and ₹1000 notes have been introduced,16-12-2019, Baal Narenद्र,train,Refuted,Refuted,
1442,"RBI said you can exchange ₹2000 notes only up to the amount of ₹50,000",16-12-2019, Baal Narenद्र,train,Refuted,Refuted,
1443,"The Reserve Bank of India said from 1st January 2020, they are going to implement new ₹1000 note",16-12-2019, Baal Narenद्र,train,Refuted,Refuted,
1444,Koalas are functionally extinct because bushfires have continued to destroy their habitat,16-12-2019, Samantha Putterman,train,Refuted,Refuted,
1445,"A TMZ news alert claimed 4 people died and 12 were injured after singer Melissa Jefferson aka Lizzo, performed a stage dive at a New York concert in 2019.",15-12-2019,I Hate Mumble Rap facebook user,train,Refuted,Refuted,
1446,"During Michael Bloomberg's mayoral tenure of New York City between 2005 and 2013, the city's carbon footprint was reduced twice as much as the rest of the US.",15-12-2019,Michael Bloomberg,train,Supported,Supported,
1447,Congress leader Rahul Gandhi said 'women should be raped'.,13-12-2019,Smriti Irani,train,Refuted,Refuted,
1448,"Trump Mocks Global Warming, Lowballs Sea Level Rise",12-12-2019, Jessica McDonald,train,Supported,Supported,
1449,104 US House Democrats voted for impeachment of US President Donald Trump before the Ukraine call in which Trump asked  Ukrainian President Volodymyr Zelensky to  look into activities in Ukraine by Democratic presidential contender Joe Biden’s son Hunter.,11-12-2019,"U.S. Rep. Jim Sensenbrenner,",train,Refuted,Refuted,
1450,Bernie Sanders lost third place spot in Nevada primary polls to Pete Buttigieg,11-12-2019,,train,Refuted,Refuted,
1451,"Over the past two years, climate and weather disaster damage has cost the U.S. over $400 billion.",10-12-2019,Tammy Baldwin,train,Supported,Supported,
1452,Finkenauer voted to extend the ExIm bank.,10-12-2019,Americans for Prosperity,train,Supported,Supported,
1453,The Export-Import Bank “costs taxpayers billions in corporate welfare subsidies.,10-12-2019,Americans for Prosperity,train,Refuted,Refuted,
1454,The  Export-Import Bank provides an unfair advantage to large handpicked companies.”,10-12-2019,Americans for Prosperity,train,Conflicting Evidence/Cherrypicking,Supported,
1455,The ExIm Bank provided taxpayer-backed handouts to foreign companies such as Air China and Saudi Aramco.”,10-12-2019,Americans for Prosperity,train,Supported,Supported,
1456,"After the election debate on ITV between Boris Johnson and Jeremy Corbyn, ITV and the BBC quoted the only poll which didn’t find Jeremy Corbyn to be the winner.",9-12-2019,@F1Novice,train,Refuted,Refuted,
1457,Thai politician Thanathorn Juanroongruangkit faked his military service documents.,9-12-2019,@dayrajchanshare,train,Refuted,Refuted,
1458,It's against the law for Medicare to negotiate lower drug prices.,9-12-2019,Amy Klobuchar,train,Supported,Supported,
1459,Zurab Khangoshvili was one of the organizers of explosions in the Moscow metro.,9-12-2019,Russian President Vladimir Putin,train,Refuted,Refuted,
1460,A female army sergeant who became a hero for her war-time actions is the first woman to earn a Silver Star since WWII.,9-12-2019,Louise Bevan,train,Supported,Supported,
1461,Facebook meme suggests that the measles vaccine caused 2019 Samoa measles outbreak,7-12-2019,,train,Refuted,Refuted,
1462,China responsible for 90 percent of the world's carbon emissions.,6-12-2019,Agenda 21 Exposed,train,Refuted,Refuted,
1463,Telangana Police started a service for women safety with a helpline number ‘9969777888’ for tracking the vehicle in which they are travelling through GPRS.,5-12-2019,,train,Refuted,Supported,
1464,Donald Trump got $130 billion increase  from Nato.,5-12-2019,Donald Trump,train,Refuted,Refuted,
1465,Roughly one in four fish eaten in the United States was caught here and sent to Asia for processing before being re-imported for American consumers,5-12-2019,Elizabeth Warren,train,Not Enough Evidence,Supported,
1466,Over 95% of people living in South Belfast own their own home.,4-12-2019,Emma Little-Pengelly,train,Refuted,Refuted,
1467,A study showed one in four people have had a package stolen from their residence in the U.S.,4-12-2019,Rob Hutton,train,Supported,Supported,
1468,Police have launched a free ride scheme in LUDHIANA where any women who is alone & not able to find vehicle to get home between 10pm-6am can call helpline numbers (1091 & 7837018555) 24×7. PCR vehicle will drop her home Free of Cost.,4-12-2019,Harinder S Sikka,train,Supported,Supported,
1469,Northern Ireland remains the only UK jurisdiction without funded childcare provision.,4-12-2019,,train,Refuted,Refuted,
1470,Male birth control testing has been halted in India after 30 test subjects’ testicles exploded during sexual intercourse.,3-12-2019,Opera News,train,Refuted,Refuted,
1471,"There's a titanic battle between American nationalism and American liberal globalism. Donald Trump embodies the first camp, and half of the Americans support him on this issue, believing that the U.S. spends too much [in terms of] manpower and resources on foreign policy.",3-12-2019,Vladimir Batyuk,train,Conflicting Evidence/Cherrypicking,Not Enough Evidence,
1472,"Defendants charged with producing, directing or promoting an obscene sexual performance by a child will be arraigned & set free.""",2-12-2019,New York City Police Benevolent Association,train,Not Enough Evidence,Refuted,
1473,Donald Trump is waging a trade war against Wisconsin farmers forcing 1600 dairy farms to close.,2-12-2019,Mark Pocan,train,Supported,Refuted,
1474,"Policemen distributing tasbih, prayer beads used by Muslims, and wishing Jummah Mubarak after Uddhav Thackeray was sworn in as the chief minister of Maharashtra",2-12-2019,प्रशान्त पटेल उमराव (@ippatel),train,Not Enough Evidence,Refuted,
1475,Eating bitter guard (aka gourd) or radish after eating ladyfinger can cause medical problems.,1-12-2019,Krishna Pratap Singh,train,Not Enough Evidence,Not Enough Evidence,
1476,Video shows police distributing tasbeehs as a part of Shiv Senas secularism campaign.,1-12-2019,MadhuPurnima Kishwar,train,Refuted,Refuted,
1477,Former Ukraine President Poroshenko actively worked on behalf of US Secretary Hillary Clinton.,1-12-2019,Senator John Kennedy,train,Supported,Refuted,
1478,"As of December 2019 the Narendra Modi govt had enacted a new law on self-defence, to combat crimes against women in India.",1-12-2019,Viral social media post,train,Refuted,Refuted,
1479,Zip ties on windshield wipers linked to human trafficking,1-12-2019,Mike Suddaby,train,Refuted,Refuted,
1480,US governments speaker of the  House Nancy Pelosi Spent $106K of tax payer Money on a party With Hollywood Elitists,30-11-2019,,train,Refuted,Refuted,
1481,"As mayor, Cory Booker, US Democratic presidential candidate and US New Jersey Senator,  passed criminal justice reform in a US Republican Senate.",29-11-2019,United We Win,train,Supported,Refuted,
1482,"A screenshot shows a tweet from UK Labour leader Jeremy Corbyn saying the London Bridge attacker was ""murdered by British Police”.",29-11-2019,We Love England,train,Refuted,Refuted,
1483,Soros and Clinton paid women to accuse Trump of sexual attacks.,29-11-2019,,train,Refuted,Refuted,
1484,Democratic presidential candidate and New Jersey Sen. Cory Booker was a Rhodes scholar.,29-11-2019,United We Win,train,Supported,Supported,
1485,Adam Schiff used tax dollars to settle sexual harassment lawsuit witha 19 year old man.,28-11-2019,,train,Refuted,Refuted,
1486,Nigeria was exposed to less than $7 billion of debt in 2015.,28-11-2019,Obadiah Mailafia,train,Refuted,Refuted,
1487,"Mahatma Gandhi said, “You must be the change you wish to see in the world.”",27-11-2019,Inspirational Quotes and Poetry,train,Conflicting Evidence/Cherrypicking,Supported,
1488,"Michelle Obama slammed First Lady Melania Trump, saying, ""She's a terrible role model for America's women.""",26-11-2019,,train,Refuted,Refuted,
1489,Only 3 out of 12 regions are net contributors to the UK Treasury,25-11-2019,,train,Supported,Supported,
1490,"Raising teachers' starting salaries to £30,000 by 2022/2023 would make it among the most competitive in the graduate labour market in England.",24-11-2019,,train,Supported,Not Enough Evidence,
1491,House Speaker Nancy Pelosi approved $4.8 million in impeachment-related consulting fees to the Clinton Foundation.,23-11-2019,Flagg Eagleton,train,Refuted,Refuted,
1492,Xavier Becerra the California Attorney General says there are now ten million illegal aliens in the state.,23-11-2019,Mark America,train,Refuted,Refuted,
1493,Xavier Becerra the California Attorney General says California will receive thirteen extra seats in congress by including ten million illegal aliens in the 2020 census.,23-11-2019,Mark America,train,Refuted,Refuted,
1494,Dominic Raab posted and then deleted a tweet describing Scotland as a region of England.,23-11-2019,Mark Harper,train,Refuted,Refuted,
1495,European countries aren't giving financial support to Ukraine.,22-11-2019,Donald Trump,train,Refuted,Refuted,
1496,Putin publicly approved Wagner’s activities numerous times.,22-11-2019,,train,Supported,Refuted,
1497,The National Committee of the USA's Democratic party gave their computer server to the Ukrainian company CrowdStrike,22-11-2019,Donald Trump,train,Refuted,Refuted,
1498,CNN admitted the Entire Russian Collusion Theory Was A Hoax,22-11-2019,,train,Refuted,Conflicting Evidence/Cherrypicking,
1499,"Nigel Farage stated Nearly two-thirds of British businesses do not make a profit of over £10,000 but are subjected to corporation tax.",22-11-2019,Nigel Farage ,train,Refuted,Refuted,
1500,"Sen. Elizabeth Warren said  that her children “went to public schools,” not private ones",21-11-2019,,train,Conflicting Evidence/Cherrypicking,Refuted,
1501,"In US ""160 million people like their private insurance.""",20-11-2019,Joe Biden,train,Conflicting Evidence/Cherrypicking,Supported,
1502,Northern Ireland has the highest femicide rate in Western Europe,20-11-2019,Sorcha Eastwood,train,Refuted,Supported,
1503,Saving A Quarter A Day For A Year Will Get You $9100.25.,20-11-2019,,train,Refuted,Refuted,
1504,Former U.S. Ambassador to Ukraine Marie Yovanovitch’s net worth is as high as $23 million.,20-11-2019,,train,Refuted,Refuted,
1505,"In the 266 days since we sent this bill, about 25,000 people have died from gun violence in our country, 47 percent of them teenagers or children younger than that.",20-11-2019,Nancy Pelosi ,train,Refuted,Supported,
1506,Bay leaves eliminate the need for a pharmacy as the plant cures or alleviates everything from digestive disorders to kidney stones.,20-11-2019,"Eat,Drink and be merry",train,Refuted,Refuted,
1507,Facebook post stating that Democrats are asking why should their be a  Second Amendment.,20-11-2019,Social media User,train,Not Enough Evidence,Conflicting Evidence/Cherrypicking,
1508,"13 Uber drivers were arrested for alleged sex trafficking in Atlanta, Georgia.",20-11-2019,Young Veterans Podcast,train,Refuted,Supported,
1509,Muslim Body Jamiat Ulama-i-Hind have urged Congress Against Supporting Shiv Sena.,18-11-2019,UNKNOWN,train,Not Enough Evidence,Supported,
1510,The U.S. Constitution sets up the  election redistricting process to be partisan.,18-11-2019,US State Sen. Jerry Tillman,train,Refuted,Not Enough Evidence,
1511,"No other city in America did what (New York) did. We reduced murders by 50%, reduced police shootings to historic lows, reduced the number of people incarcerated by nearly 40% during Bloomberg's tenure",17-11-2019,Michael Bloomberg,train,Supported,Supported,
1512,Ron Kind is the only member of Congress that voted for inquiries into Bill Clinton and Donald Trump,17-11-2019,Rep. Ron Kind,train,Supported,Supported,
1513,"Under the current system, people on a work, study or family visa in the UK incur average NHS costs of £625 per year.",17-11-2019,Conservative Party,train,Supported,Supported,
1514,"Increasing the international health surcharge in the UK to £625 and extending it to all foreign workers, including EU migrants after Brexit, will raise over £500 million a year.",17-11-2019,Conservative Party,train,Not Enough Evidence,Supported,
1515,Sambucol can treat the flu and make you feel better within 48 hours and almost symptom-free by 72 hours.,15-11-2019,Ted Hicks,train,Not Enough Evidence,Refuted,
1516,Dwayne Johnson 'The Rock' Johnson dies at 47,15-11-2019,,train,Refuted,Refuted,
1517,President Obama fired every Bush appointed ambassador upon his election.,15-11-2019,Mark Meadows,train,Conflicting Evidence/Cherrypicking,Supported,
1518,"The Chinese government spent the same amount -- Rs 3,000 crore -- to construct a bridge that the Indian government spent to build the Statue of Unity in Gujarat.",14-11-2019,Nikhil Rampal,train,Refuted,Refuted,
1519,Tirupati Balaji Temple Will Donate Rs. 100 Crores For Ram Mandir.,13-11-2019,Social media users,train,Refuted,Refuted,
1520,In 2019 there have been over fifty reports of attacks and harassment on Nigerian journalists.,13-11-2019,Premium Times Centre for Investigative Journalism,train,Supported,Supported,
1521,Political Scientist Alexey Martynov said ‘Transnistria is an Independent State.’,13-11-2019,,train,Supported,Refuted,
1522,The US is  winning World Trade Organization cases for the first time.,12-11-2019,Donald Trump,train,Refuted,Refuted,
1523,Ivanka Trump has created 14 million jobs.,12-11-2019,Trump,train,Refuted,Refuted,
1524,"Every UK taxpayer  will have an additional bill of £2,400 per year under a Labour  Government.",12-11-2019,The UK Conservative Party,train,Refuted,Refuted,
1525,"After losing 60,000 factories America is now gaining over 10,000 brand-new, beautiful factories.",12-11-2019,Trump,train,Not Enough Evidence,Refuted,
1526,South African public utility Eskom generates approximately 45% of the electricity used in Africa,12-11-2019,South African state-owned electricity provider Eskom,train,Refuted,Supported,
1527,Sri Lanka's Election Commissions announced a three-day social media ban around the country November 16 2019 election.,12-11-2019,Nangi Baba,train,Refuted,Supported,
1528,South African public utility Eskom generates approximately 95% of the electricity used in South Africa.,12-11-2019,South African state-owned electricity provider Eskom,train,Supported,Supported,
1529,"US manufacturing jobs have increased by over 600,000",12-11-2019,Trump,train,Refuted,Refuted,
1530,About 2% of pregnancy terminations are between 20 and 24 weeks in Great Britain in 2018.,12-11-2019,Naomi Long,train,Supported,Supported,
1531,Scotland’s youth unemployment rate fell by 0.3 percentage points over 2019.,12-11-2019,Scot Gov Economy,train,Refuted,Supported,
1532,More people are coming home from Iraq with brain cancer than any other war.,11-11-2019,Joe Biden,train,Refuted,Refuted,
1533,Burn pits - open air waste incineration sites — are behind the purported increase in brain cancer in veterans.,11-11-2019,Joe Biden,train,Not Enough Evidence,Conflicting Evidence/Cherrypicking,
1534,The United States of America has removed Zamfara from the list of terrorist states in Nigeria,10-11-2019,Governor Bello Matawalle,train,Not Enough Evidence,Not Enough Evidence,
1535,"In 2018, South African police service officers were accused of 217 cases of torture and 3,661 cases of assault",9-11-2019,Paul T Clark,train,Supported,Supported,
1536,"558 people were killed by the police in 2018, while 201 people died in police custody",9-11-2019,Paul T Clark,train,Supported,Refuted,
1537,Confederate veterans were conferred with many of the same benefits of other United States military veterans by Acts of Congress back in 1929 and 1957,9-11-2019,Sid Miller,train,Refuted,Supported,
1538,"Since 2002, South Africa’s police force has grown by 50%",9-11-2019,Paul T Clark,train,Refuted,Supported,
1539,The South African Police Service kills three times more people per capita than the United States police force,9-11-2019,Paul T Clark,train,Supported,Supported,
1540,Nancy Pelosi said Dems will 'shut it all down' if they don't get their way on impeachment.,9-11-2019,Flagg Eagleton,train,Refuted,Refuted,
1541,South Africa remains the most unequal society in the world.,8-11-2019,Cyril Ramaphosa,train,Not Enough Evidence,Supported,
1542,"Total university enrolment for university in South Africa, 1994 was around 300,000.",8-11-2019,Cyril Ramaphosa,train,Refuted,Supported,
1543,"Access to antiretroviral therapy in the South African public health sector was given to 45,500 patients in 2004.",8-11-2019,Cyril Ramaphosa,train,Refuted,Supported,
1544,The size of the South African economy over the past 25 years has doubled.,8-11-2019,Cyril Ramaphosa,train,Supported,Supported,
1545,84% of all households in South Africa have electricity.,8-11-2019,Cyril Ramaphosa,train,Supported,Supported,
1546,"In 2017, South Africa recorded an inflow of foreign direct investment amounting to R17 billion.",7-11-2019,Cyril Ramaphosa,train,Supported,Supported,
1547,Over the past five years the South African government has invested in electrifying more than a million homes.,7-11-2019,Cyril Ramaphosa,train,Supported,Supported,
1548,"Since introducing the Safe initiative, 699 schools in SA have been provided with safe and appropriate sanitation facilities and projects and a further 1,150 schools are either in planning, design or construction stages.",7-11-2019,Cyril Ramaphosa,train,Refuted,Supported,
1549,Donald Trump and the Republicans have spent the past four years trying to dismantle the Affordable Care Act. They are doing everything they can — without a plan to replace it,7-11-2019,Terrie Rizzo,train,Supported,Supported,
1550,Over the past five years the SA government has built two new universities.,7-11-2019,Cyril Ramaphosa,train,Supported,Not Enough Evidence,
1551,The SA government launched the Safe initiative in August 2018.,7-11-2019,Cyril Ramaphosa,train,Supported,Supported,
1552,Over the past five years the SA government has  invested in building hundreds of thousands of new homes.,7-11-2019,Cyril Ramaphosa,train,Supported,Refuted,
1553,"The SA government  launched the Youth Employment Service, which is placing unemployed youth in paid internships in companies across the country.",7-11-2019,Cyril Ramaphosa,train,Supported,Supported,
1554,Over the past 5 years the SA government has invested more than R1.3 trillion in the country's infrastructure.,7-11-2019,Cyril Ramaphosa,train,Supported,Supported,
1555,Every month 17.5 million social grants are provided to South Africans.,7-11-2019,Cyril Ramaphosa,train,Supported,Supported,
1556,"If Donald Trump is successful in dismantling the Affordable Care Act, there is no guarantee for people who have pre-existing conditions.",7-11-2019,Terrie Rizzo,train,Supported,Supported,
1557,There is a possibility that this poisonous gas could have been released by any neighboring country which is afraid of us,6-11-2019,Vineet Agarwal Sharda,train,Refuted,Not Enough Evidence,
1558,The UK will send Trump £500 million a week in a trade deal that will fund US drug firms instead of NHS.,5-11-2019,The Labour Party,train,Refuted,Refuted,
1559,"U.S. aid dollars sent to Ukraine under Biden’s supervision went toward Burisma, where Biden’s son Hunter was a board member.",4-11-2019,Steve Hilton,train,Not Enough Evidence,Refuted,
1560,Americans in swing states do not want to hear about the impeachment of Donald Trump in 2019.,3-11-2019,Donald Trump,train,Refuted,Conflicting Evidence/Cherrypicking,
1561,"Indian social activist Mahatma Gandhi once said, “First they ignore you, then they laugh at you, then they fight you, then you win.”",1-11-2019,,train,Refuted,Refuted,
1562,"Over 200,000 NHS nurses have resigned since 2010.",1-11-2019,Full Fact,train,Refuted,Supported,
1563,The Information and Communication Technology sector contributes more to Nigeria’s Gross Domestic Product than the Oil and Gas sector.,1-11-2019,Dr. Isa Ibrahim- Minister of Communications and Digital Economy,train,Supported,Supported,
1564,This is the first health-care plan in the U.S. proposed by anyone in this presidential primary that lays out the full cost and how to pay for it.,1-11-2019,Elizabeth Warren,train,Supported,Refuted,
1565,"35 million votes were counted in the October 21, 2019 Canadian federal elections although Canada only has 27.4 million eligible voters.",1-11-2019,"Patrick Potvin,",train,Refuted,Refuted,
1566,BBC producer Rob Burley hired his son to pose as a Brexit & Boris Johnson supporter on Question Time.,31-10-2019,DrRobertZands,train,Refuted,Refuted,
1567,Drinking Cold Water After Meals Can Cause Cancer,31-10-2019,Drugs Information center-Pharmacists,train,Refuted,Refuted,
1568,"United States Republican Matt Gaetz has had numerous DUIs and his dad, a Florida State senator, got him off each time,",31-10-2019,,train,Refuted,Supported,
1569,Democrats in the USA have issued more subpoenas than they’ve passed bills.,31-10-2019,Mike Shields,train,Supported,Refuted,
1570,The World Health Organization is still pushing this [MMR vaccine] depopulation agenda throughout Africa,31-10-2019,Rizza Islam,train,Refuted,Refuted,
1571,US President Donald Trump's administration built the greatest economy in history.,30-10-2019,Donald Trump,train,Refuted,Conflicting Evidence/Cherrypicking,
1572,"The Conservatives plan to take on 6,000 more police officers in 12 months at a cost of £750 million.",30-10-2019,"Jason Groves, John Stevens, Claire Ellicot",train,Supported,Supported,
1573,"More than 500 scientists and professionals in climate and related fields have sent a ""European Climate Declaration"" to the Secretary-General of the United Nations.",30-10-2019,500 scientists,train,Refuted,Supported,
1574,"Labour have committed to hire 10,000 police officers at a cost of £3 billion.",30-10-2019,"Jason Groves, John Stevens, Claire Ellicot",train,Not Enough Evidence,Supported,
1575,EUPATORIUM PERFOIAM 200 can cure dengue in 48 hours.,29-10-2019,Javed Hindustani,train,Refuted,Refuted,
1576,"In Nigeria, stroke is the most common medical emergency in most hospitals.",29-10-2019,Prof Abayomi Ogun,train,Not Enough Evidence,Not Enough Evidence,
1577,"Texas, US school district mandate teaches kids how to have anal sex.",29-10-2019,Todd Starnes,train,Refuted,Refuted,
1578,Indira Gandhi offered nuclear technology to Pakistan.,28-10-2019,Nation with NaMo,train,Conflicting Evidence/Cherrypicking,Refuted,
1579,Viral Photos show new coins minted for a paperless currency in the Philippines,27-10-2019,Alyza Boni Marcaida,train,Refuted,Refuted,
1580,"Islamic State (IS) “doesn’t exist anymore,",26-10-2019,Boris Dolgov,train,Refuted,Refuted,
1581,"Obama tweeted on Al Baghdad ""he was a great man, an innocent man and my friend"".",26-10-2019,Fired Writer,train,Refuted,Refuted,
1582,Kenyan revenue has been under-performing for the last 10 years.,25-10-2019,Ukur Yatani,train,Supported,Supported,
1583,Cambridge University Student Union (CUSU) banned Remembrance Day celebrations remembering British war veterans.,25-10-2019,Bex Katniss Everdean Moule,train,Refuted,Refuted,
1584,"Kathy Griffin, Tom Arnold, Robert DeNiro and Barbara Streisand have had U.S federal warrants issued for threats against President Donald Trump.",24-10-2019,Taters Gonna Tate,train,Refuted,Refuted,
1585,"90,000 Californians are unsheltered and homeless.",24-10-2019,Darrell Steinberg,train,Supported,Supported,
1586,A majority of UK voters say violence against MPs is “worth it” to get their way in Brexit.,24-10-2019,,train,Refuted,Refuted,
1587,"Actress Shaina Magdayao, Died at the Age of 30 Because of Hypothyroid Disease",24-10-2019,,train,Refuted,Refuted,
1588,Lakshmi Vilas Bank shuts down 569 branches and 1046 ATMs,23-10-2019,,train,Refuted,Refuted,
1589,US Red flag laws allow gun seizure without a judge's ok.,22-10-2019,TMJ4,train,Refuted,Conflicting Evidence/Cherrypicking,
1590,"Four U.S Republicans, Will Hurd of Texas, Brian Fitzpatrick of Pennsylvania, Fred Upton of Michigan and Susan Brooks of Indiana voted to have President Donald Trump impeached.",22-10-2019,,train,Refuted,Refuted,
1591,The WHO said that the Polio vaccine is responsible for the return of Polio in the Philippines.,21-10-2019,Bryan Hubbard,train,Refuted,Refuted,
1592,Cream Of Tartar Mixed With Orange Juice Will Help You Quit Smoking.,21-10-2019,Tim Altmix,train,Refuted,Refuted,
1593,"Thomas Jefferson said, “When the people fear the government, there is tyranny. When the government fears the people, there is liberty.”",21-10-2019,Christina Brewster ,train,Refuted,Refuted,
1594,Mombasa is Kenya’s oldest town.,20-10-2019,Kenyan President Uhuru Kenyatta,train,Refuted,Supported,
1595,Life expectancy in Kenya has increased to 67 years currently.,20-10-2019,President Uhuru Kenyatta,train,Supported,Supported,
1596,Mombasa is Kenya’s oldest town.,20-10-2019, Uhuru Kenyatta,train,Refuted,Supported,
1597,"The Kenyatta administration has more than doubled the volume of cleared cargo passing through Kilindini, Mombasa's main port, annually.”",20-10-2019,President Kenyatta,train,Refuted,Supported,
1598,Kenyan President Kenyatta in national day speech stated Our life expectancy [has increased] from 35 years at independence,20-10-2019,Kenyan President Uhuru Kenyatta,train,Refuted,Refuted,
1599,"US White House did not withhold security aid to Ukraine, in part, because the administration wanted Ukraine to investigate Democrats and the 2016 election.",20-10-2019,US White House Acting Chief of Staff Mick Mulvaney,train,Refuted,Refuted,
1600,Kenyan President Kenyatta in national day speech stated Our life expectancy [has increased to 67 years currently.,20-10-2019,Kenyan President Uhuru Kenyatta,train,Refuted,Supported,
1601,"Over the last six years, the counties of Kilifi, Kwale, Lamu, Mombasa, Taita Taveta and Tana River, have cumulatively received close to KSh190 billion from the Kenyan national treasury.",20-10-2019,President Kenyatta,train,Supported,Supported,
1602,"Over the last six years, the Kenyan counties of Kilifi, Kwale, Lamu, Mombasa, Taita Taveta and Tana River, have cumulatively received close to KSh190 billion from the national treasury.",20-10-2019,President Uhuru Kenyatta,train,Supported,Not Enough Evidence,
1603,Kenyan life expectancy at independence in 1963 was 35 years.,20-10-2019,President Kenyatta,train,Refuted,Supported,
1604,Mombasa is Kenya’s oldest town.,20-10-2019,President Uhuru Kenyatta,train,Refuted,Supported,
1605,"Over the last six years, the counties of Kilifi, Kwale, Lamu, Mombasa, Taita Taveta and Tana River, have cumulatively received close to KSh190 billion from the national treasury.",20-10-2019,Uhuru Kenyatta,train,Supported,Not Enough Evidence,
1606,Kenyan President Kenyatta in national day speech stated Under this administration … at Kilindini we have more than doubled the volume of cleared cargo passing [through] the port annually.,20-10-2019,Kenyan President Uhuru Kenyatta,train,Refuted,Supported,
1607,"Trump has sent 14,000 troops to Middle East since May.",20-10-2019,Brett McGurk,train,Supported,Supported,
1608,Life expectancy in Kenya was 35 years in 1963 - the year Kenya became independent from Britain.,20-10-2019,President Uhuru Kenyatta,train,Refuted,Supported,
1609,Mombasa is Kenya’s oldest town.,20-10-2019,President Kenyatta,train,Refuted,Supported,
1610,"Kenyan President Kenyatta in national day speech stated Over the last six years, the counties of Kilifi, Kwale, Lamu, Mombasa, Taita Taveta and Tana River, have cumulatively received close to KSh190 billion from the national treasury.",20-10-2019,Kenyan President Uhuru Kenyatta,train,Supported,Not Enough Evidence,
1611,“Under this administration … at Kilindini we have more than doubled the volume of cleared cargo passing [through] the port annually,20-10-2019,Uhuru Kenyatta,train,Refuted,Supported,
1612,German TV said there were 2.2 million people at the People’s Vote march on Saturday 19 October.,19-10-2019,Cooky,train,Refuted,Refuted,
1613,President Donald Trump has endorsed a supposed “Congressional Reform Act of 2017''.,19-10-2019,,train,Refuted,Refuted,
1614,In 2008 the US Congress gave Wall Street trillions of dollars of zero interest loans.,19-10-2019,Bernie Sanders,train,Refuted,Supported,
1615,Pricking a needle on the fingertips of a stroke victim can save their life as they will gain consciousness in some time.,18-10-2019,Jeff Garcia,train,Refuted,Refuted,
1616,"Once a stroke victim's mouth is crooked, you should pull their the ears until they are red and prick them until they bleed. This technique will stop capillaries in the victim’s brain from bursting.",18-10-2019,Jeff Garcia,train,Refuted,Refuted,
1617,Tote bags made from cotton harm the environment,18-10-2019,@scrowder,train,Supported,Refuted,
1618,"Asaduddin Owaisi, president of All India Majlis-e-Ittehadul Muslimeen (AIMIM)
danced at an election rally to celebrate the murder of Hindu Samaj leader, Kamlesh Tiwari.",17-10-2019,Suresh Chavhanke,train,Refuted,Refuted,
1619,"Donald Trump stated ""Make no mistake: They’re not after me. They are after you; your guns, your Christian values, your freedom. I’m just in their way.""",17-10-2019,Donald Trump,train,Refuted,Supported,
1620,"Late US advice columnist Ann Landers was the originator of the quote: ""At age 20, we worry about what others think of us. At age 40, we don’t care what they think. At age 60, we discover that they have not been thinking of us at all.""",17-10-2019,Aging Gracefully,train,Refuted,Refuted,
1621,Former Vice President Joe Biden was among the poorest men in government.,16-10-2019,Joe Biden,train,Conflicting Evidence/Cherrypicking,Supported,
1622,India’s HDFC Bank is not liable to take responsibility for deposits over one lakh rupees per account holder.,16-10-2019,Jitendra Ahwad,train,Conflicting Evidence/Cherrypicking,Refuted,
1623,"Annual income for the typical household is up by an inflation-adjusted $5,000 since Donald Trump took office.",16-10-2019,Donald Trump,train,Not Enough Evidence,Refuted,
1624,"You need a toll receipt during any medical emergency, flat tyre, or in need of fuel, where you can call the phone number given on the other side of the toll receipt for assistance.",15-10-2019,,train,Refuted,Refuted,
1625,"""For people making between $50,000 and $75,000 a year, their taxes are going up about $5,000 because the fact is, they will pay more in new taxes""",15-10-2019,Joe Biden,train,Not Enough Evidence,Refuted,
1626,"Flu shots contain Hydrocortisone which may cause bone weakness adrenal fatigue, weight gain and diabetes.",15-10-2019,UKIP Warwick and Leamington,train,Conflicting Evidence/Cherrypicking,Refuted,
1627,Flu shots contain Formaldehyde which is a known human carcinogen and has been known to cause infertility and hormone imbalance.,15-10-2019,UKIP Warwick and Leamington,train,Conflicting Evidence/Cherrypicking,Refuted,
1628,Eric Trump claims that the Trumps' no longer profit from foreign deals,15-10-2019,Eric Trump,train,Refuted,Conflicting Evidence/Cherrypicking,
1629,Flu shots contain Thimerosal which may have neurological effect and cause development deficits and has been known to cause seizures.,15-10-2019,UKIP Warwick and Leamington,train,Not Enough Evidence,Refuted,
1630,"Flu shots contain polysorbate 80, which has been linked to ovarian damage and infertility. It could induce liver failure.",15-10-2019,UKIP Warwick and Leamington,train,Not Enough Evidence,Refuted,
1631,Americans prefer giving people under 65 an option to join Medicare as opposed to requiring them to give up their current coverage.,15-10-2019,Pete Buttigieg,train,Supported,Supported,
1632,"A twitter account @Polytikle changed their account name to Abhikit Banerjee in an attempt to parody the real Abhikit Banerjee, Nobel Prize Winner.",14-10-2019,,train,Supported,Supported,
1633,Union Jack flags in London have replaced EU flags outside parliament ahead of the opening of parliament by the Queen.,13-10-2019,Sean Hornby councillor ,train,Refuted,Supported,
1634,$53 million a week is coming across the Mexico/US border in drugs,13-10-2019,"Rep. David McKinley, R-W.Va.",train,Refuted,Not Enough Evidence,
1635,"Tamil Nadu (1776), Andhra Pradesh (1437) and Kerala (1205) had the highest farm-labourer suicides for the 2014-16 period.",13-10-2019,,train,Not Enough Evidence,Supported,
1636,There has been a reduction in Right to Information (RTI) applications filed in the last few years leading upto 2019.,12-10-2019,Amit Shah,train,Supported,Supported,
1637,Rapper Kurtis Blow is In Critical Condition After Emergency Heart Surgery,12-10-2019,Maarten Schenk,train,Refuted,Supported,
1638,AOC Said Children Should Be Raised By The State.,12-10-2019,Taters Gonna Tate,train,Refuted,Refuted,
1639,"Every week, at least 12 doctors leave Nigeria to seek employment in the UK.",10-10-2019,Al Jazeera ,train,Supported,Not Enough Evidence,
1640,One in four Nigerians are suffering from some sort of mental illness.,10-10-2019, Socrates Mbamalu,train,Not Enough Evidence,Supported,
1641,"Nigeria has an estimated physician-patient ratio of one doctor to every 4,000 to 5,000 patients.",10-10-2019,Al Jazeera ,train,Not Enough Evidence,Supported,
1642,There are only eight neuropsychiatric hospitals in Nigeria.,10-10-2019,Socrates Mbamalu,train,Refuted,Refuted,
1643,One in four Nigerians are suffering from some sort of mental illness.,10-10-2019,Al Jazeera ,train,Not Enough Evidence,Supported,
1644,134ft Anaconda snake found in the Amazon has killed 257 human beings and 2325 animals.,10-10-2019,Ramakant Kajaria,train,Refuted,Refuted,
1645,One in four Nigerians are suffering from some sort of mental illness.,10-10-2019,,train,Not Enough Evidence,Supported,
1646,There are less than 150 psychiatrists in this country of 200 million.,10-10-2019,Socrates Mbamalu,train,Refuted,Refuted,
1647,"Yaba Psychiatric Hospital, located in Nigeria had a 2018 budget of N133 million (US$372,000) – but only N13 million ($36,000), or less than 10% of that amount, was released by the federal government.",10-10-2019,Al Jazeera ,train,Not Enough Evidence,Supported,
1648,"Nigeria has an estimated physician-patient ratio of one doctor to every 4,000 to 5,000 patients.",10-10-2019, Socrates Mbamalu,train,Supported,Supported,
1649,Nigeria has Africa's highest rate of depression.,10-10-2019,Socrates Mbamalu,train,Refuted,Refuted,
1650,"Every week, at least 12 doctors leave Nigeria to seek employment in the UK.",10-10-2019, Socrates Mbamalu,train,Not Enough Evidence,Not Enough Evidence,
1651,Nigeria ranks fifth in the world in the frequency of suicide.,10-10-2019,,train,Refuted,Refuted,
1652,"By 2018, Nigeria had allocated just 3.95% of its budget to funding its ministry of health.",10-10-2019,Al Jazeera ,train,Supported,Supported,
1653,"Every week, at least 12 doctors leave Nigeria to seek employment in the UK.",10-10-2019,,train,Not Enough Evidence,Not Enough Evidence,
1654,"Yaba Psychiatric Hospital had a 2018 budget of N133 million (US$372,000) – but only N13 million ($36,000), or less than 10% of that amount, was released by the federal government.",10-10-2019,,train,Not Enough Evidence,Supported,
1655,Nigeria ranks fifth in the world in the frequency of suicide.,10-10-2019,Al Jazeera ,train,Refuted,Refuted,
1656,There are less than 150 psychiatrists in this country of 200 million.,10-10-2019,Al Jazeera ,train,Refuted,Refuted,
1657,Nigeria has Africa's highest rate of depression.,10-10-2019,,train,Refuted,Refuted,
1658,"Congressional benefits include 67 paid holidays, three weeks paid vacation, unlimited paid sick days.",10-10-2019,Laura Love,train,Refuted,Refuted,
1659,WHO estimates that fewer than 10% of mentally ill Nigerians have access to the care they need.,10-10-2019,Socrates Mbamalu,train,Supported,Supported,
1660,The Amazon river is in Africa,10-10-2019,Ramakant Kajaria,train,Refuted,Refuted,
1661,Nigeria ranks fifth in the world in the frequency of suicide.,10-10-2019,Socrates Mbamalu,train,Refuted,Refuted,
1662,Nigeria has Africa's highest rate of depression.,10-10-2019,Al Jazeera ,train,Refuted,Supported,
1663,Nigeria ranks fifth in the world in the frequency of suicide,10-10-2019, Socrates Mbamalu,train,Refuted,Supported,
1664,"Nigeria has an estimated physician-patient ratio of one doctor to every 4,000 to 5,000 patients.",10-10-2019,Socrates Mbamalu,train,Supported,Supported,
1665,Congressional benefits include retirement package.,10-10-2019,Laura Love,train,Supported,Supported,
1666,"Every week, at least 12 doctors leave Nigeria to seek employment in the UK.",10-10-2019,Socrates Mbamalu,train,Not Enough Evidence,Not Enough Evidence,
1667,WHO estimates that fewer than 10% of mentally ill Nigerians have access to the care they need.,10-10-2019, Socrates Mbamalu,train,Supported,Supported,
1668,The snake found in the Amazon is 134 feet long and 2067 kgs,10-10-2019,Ramakant Kajaria,train,Refuted,Refuted,
1669,"(Nigeria has an estimated physician-patient ratio of one doctor to every 4,000 to 5,000 patients.) ...[This is] six times smaller than the physician-patient ratio (one physician to every 600 doctors) recommended by WHO.",10-10-2019, Socrates Mbamalu,train,Conflicting Evidence/Cherrypicking,Supported,
1670,There are less than 150 psychiatrists in Nigeria who has a population of 200 million.,10-10-2019, Socrates Mbamalu,train,Refuted,Supported,
1671,There are only eight neuropsychiatric hospitals in Nigeria.,10-10-2019,Al Jazeera ,train,Refuted,Not Enough Evidence,
1672,WHO estimates that fewer than 10% of mentally ill Nigerians have access to the care they need.,10-10-2019,Al Jazeera ,train,Not Enough Evidence,Supported,
1673,"In Nigeria, the physician-patient ratio is six times smaller (one physician to every 600 doctors) than what is recommended by WHO.",10-10-2019,Al Jazeera ,train,Refuted,Conflicting Evidence/Cherrypicking,
1674,Congressional benefits include free health care.,10-10-2019,Laura Love,train,Refuted,Refuted,
1675,"Nigeria has an estimated physician-patient ratio of one doctor to every 4,000 to 5,000 patients.",10-10-2019,,train,Not Enough Evidence,Supported,
1676,"Yaba Psychiatric Hospital had a 2018 budget of N133 million (US$372,000) – but only N13 million ($36,000), or less than 10% of that amount, was released by the federal government.",10-10-2019, Socrates Mbamalu,train,Not Enough Evidence,Supported,
1677,"By 2018, Nigeria had allocated just 3.95% of its budget to funding its ministry of health.",10-10-2019, Socrates Mbamalu,train,Supported,Supported,
1678,WHO estimates that fewer than 10% of mentally ill Nigerians have access to the care they need.,10-10-2019,,train,Supported,Supported,
1679,Nigeria has Africa's highest rate of depression.,10-10-2019, Socrates Mbamalu,train,Refuted,Not Enough Evidence,
1680,"Nigeria has an estimated physician-patient ratio of one doctor to every 4,000 to 5,000 patients.",10-10-2019,Socrates Mbamalu,train,Supported,Supported,
1681,"Joe Biden wants to abolish the ""stepped up basis"" that currently reduces inheritance taxes.",9-10-2019,Joe Biden,train,Supported,Supported,
1682,CNN reported Philip Andrei Gancia Became a Porn Star,9-10-2019,WorldGreyNews,train,Refuted,Not Enough Evidence,
1683,Viral Video states that Filipino National ID's can now be obtained.,9-10-2019,PINOY RANDOM TV,train,Refuted,Supported,
1684,"Reserve Bank of India (RBI) will introduce a new ₹1000 banknote post January 1, 2020",9-10-2019,,train,Refuted,Refuted,
1685,"The House of Representatives is now essentially running an impeachment process without following precedent, without allowing the president to have counsel, without allowing the president to call witnesses or have subpoena power.”",8-10-2019, Ronna McDaniel,train,Not Enough Evidence,Refuted,
1686,"If they have a vote to do a formal impeachment inquiry, historically, precedent is such that, yes, then everyone gets the right, the minority party gets rights. Certainly, the White House gets rights. The president gets rights that aren’t there now.",8-10-2019,Jim Jordan,train,Not Enough Evidence,Supported,
1687,"In the US the impeachment process has always gone through the House Judiciary Committee, because it is the committee of jurisdiction over the Constitution and over impeachment, not the Intelligence Committee.",8-10-2019,John Ratcliffe,train,Refuted,Refuted,
1688,The Trump family was disallowed from operating any charity in the State of New York because they stole from a kids cancer charity.,8-10-2019,Bruno Amato,train,Refuted,Supported,
1689,US food standards allow for insect fragments in peanut butter.,7-10-2019,Barry Gardiner,train,Supported,Supported,
1690,"Minneapolis ""city government preemptively informed the Target Center that it would be responsible for $530,000 in security and other costs"" related to a Trump rally, ""more than 26 times the estimated security costs for a 2009 Target Center health care rally held by President Barack Obama.",7-10-2019,Donald Trump,train,Supported,Supported,
1691,US food standards allow for maggots in orange juice.,7-10-2019,Barry Gardiner,train,Supported,Supported,
1692,"Thomas Jefferson said, “The government will one day be corrupt and filled with liars, and the people will flock to the one that tells the truth.""",6-10-2019,Jan Attridge,train,Refuted,Refuted,
1693,One in four women in Africa suffer from depression.,6-10-2019,Wenzile Madonsela Msimang,train,Refuted,Supported,
1694,1 in 6 in the US get food poisoning each year but only 1 in 66 in the UK.,6-10-2019,Jolyon Maugham QC,train,Conflicting Evidence/Cherrypicking,Supported,
1695,"""New Starbucks CEO"" Rosalind Brewer admits she doesn't like white people?",6-10-2019,,train,Refuted,Refuted,
1696,Chemotherapy is mustard gas poison.,5-10-2019,Patriot Jaye Citizens Investigative Journalism,train,Conflicting Evidence/Cherrypicking,Refuted,
1697,"Cancer is a fungus called myotoxin, not a disease.",5-10-2019,Patriot Jaye Citizens Investigative Journalism,train,Refuted,Refuted,
1698,"Theoretical physicist Albert Einstein once stated, “The difference between stupidity and genius is that genius has its limits.”",5-10-2019,Universal Plan Administrators,train,Refuted,Refuted,
1699,Alkaline foods keep you from getting cancer.,5-10-2019,Patriot Jaye Citizens Investigative Journalism,train,Not Enough Evidence,Refuted,
1700,Trump TV Ad Misleads on Biden and Ukraine,4-10-2019,Trump TV,train,Supported,Supported,
1701,"The Democrats’ Medicare for All plan would reduce Americans’ household income by $17,000 a year.",3-10-2019,Donald Trump,train,Not Enough Evidence,Conflicting Evidence/Cherrypicking,
1702,The Democrat plans for socialized medicine will put doctors and hospitals out of business and also deny Americans’ treatment and everything they need.,3-10-2019,Donald Trump,train,Not Enough Evidence,Conflicting Evidence/Cherrypicking,
1703,In the U.S. Democratic proposals for universal health care would obliterate Medicare. Both the single-payer option and the public option would mean a raid of Medicare to fund socialism.,3-10-2019,Donald Trump,train,Not Enough Evidence,Refuted,
1704,Democrats are draining Americans’ health care to finance open borders.,3-10-2019,Donald Trump,train,Refuted,Refuted,
1705,Donald Trump and the Republicans are committed to protecting people who have preexisting medical conditions.,3-10-2019,Donald Trump,train,Refuted,Refuted,
1706,Mental health illness in Nigeria is abundant with one in four of the population suffering from a disorder.,2-10-2019,Socrates Mbamalu,train,Not Enough Evidence,Supported,
1707,"In 2018, Yaba Psychiatric Hospital had a budget of 133 million Nairas, but less than 10% of that amount, or 13 million Nairas, was released by the federal government.",2-10-2019,Socrates Mbamalu,train,Not Enough Evidence,Supported,
1708,"In Nigeria, the physician to patient ratio is one doctor to every 4,000 to 5,000 patients.",2-10-2019,Socrates Mbamalu,train,Supported,Supported,
1709,"The physician to patient ratio in Nigeria of one doctor to every 4,000 to 5,000 patients is six times smaller than the World Health Organisation's recommendation of one physician to every 600 patients.",2-10-2019,Socrates Mbamalu,train,Refuted,Refuted,
1710,Nigeria is fifth in the world rankings for the frequency of suicides.,2-10-2019,Socrates Mbamalu,train,Refuted,Refuted,
1711,The World Health Organisation estimates that fewer than 10% of Nigerians suffering from mental health disorders have access to the care that they need.,2-10-2019,Socrates Mbamalu,train,Supported,Supported,
1712,By 2018 only 3.95% of Nigeria's budget for funding the country's ministry of health had been allocated.,2-10-2019,Socrates Mbamalu,train,Supported,Supported,
1713,"Donald Trump  put a stop to  Millionaires being eligible for the Supplemental Nutritional Assistance Program (SNAP), commonly known as food stamps in the US.",2-10-2019,"U.S. Rep. Glenn Grothman, R-Glenbeulah",train,Supported,Supported,
1714,Nigeria has the highest rate of depression within the continent of Africa.,2-10-2019,Socrates Mbamalu,train,Refuted,Supported,
1715,Nigeria has a population of 200 million and there are less than 150 psychiatrists in the country.,2-10-2019,Socrates Mbamalu,train,Refuted,Supported,
1716,"Every week in Nigeria, twelve doctors leave to seek employment in the United Kingdom.",2-10-2019,Socrates Mbamalu,train,Refuted,Not Enough Evidence,
1717,"The government should distribute multivitamins, vitamin c and zinc tablets to the common people as it will cure people of coronavirus and to those people who don't have the disease, they will get immune to the disease.",1-10-2019,Om Prakash Pandey,train,Refuted,Refuted,
1718,Donald Trump says his impeachment is a coup.,1-10-2019,Donald J. Trump,train,Refuted,Refuted,
1719,The most serious violent and sexual offenders receive automatic early release from prison halfway through their sentence.,1-10-2019,Robert Buckland,train,Conflicting Evidence/Cherrypicking,Refuted,
1720,The South African government has successfully increased the contribution of clean energy from 0% in 2010 to over 4.5% within five years.,1-10-2019,,train,Supported,Supported,
1721,Rules for whistle-blowers recently changed.,30-9-2019,Donald Trump,train,Supported,Supported,
1722,YES Bank may shut down,30-9-2019,,train,Refuted,Refuted,
1723,"Pretty Little Thing’s terms and conditions state that its products may contain chemicals that can cause cancer, birth defects or other reproductive harm.",27-9-2019,,train,Not Enough Evidence,Supported,
1724,"Pretty Little Thing products may contain chemicals that can cause cancer, birth defects or other reproductive harm.",27-9-2019,,train,Supported,Supported,
1725,"Donald Trump asked Ukrainian president Volodymyr Zelensky to ""make up dirt"" on Biden.",26-9-2019,Adam Schiff,train,Refuted,Refuted,
1726,Trump said Ukrainian president Volodymyr Zelensky to not call back until he'd satisfied Donald Trump's demands.,26-9-2019,Adam Schiff,train,Refuted,Refuted,
1727,During his telephone call with Ukrainian President Zelensky on 25th July 2019 Donald Trump said the United States had been good to Ukraine.,26-9-2019,Adam Schiff,train,Supported,Supported,
1728,Australian Prime Minister Scott Morrison has given himself a pay rise.,26-9-2019,The lunatics have taken over the asylum,train,Refuted,Refuted,
1729,"Luxembourg benefits the most from being in the EU, getting back 3,304% of what it pays in.",26-9-2019,,train,Refuted,Refuted,
1730,"Hunter Biden, son of then Vice President Joe Biden  had a payoff of $1.5 billion from China, after accompanying his father, on a 2013 diplomatic trip to Beijing.",25-9-2019,US President Donald Trump,train,Refuted,Not Enough Evidence,
1731,"Donald Trump released a summary of his call with the Ukrainian President, Zelensky because Adam Schiff gave a false rendition of the call.",25-9-2019,Donald Trump,train,Refuted,Supported,
1732,US Democratic senators  threatened Donald Trump with votes and no money coming into Ukraine.,25-9-2019,Donald Trump,train,Refuted,Refuted,
1733,Hunter Biden made millions of dollars from a deal made in China. The deal put $1.5 billion into a fund after one quick meeting in China which he flew into on Air Force Two.,25-9-2019,Donald Trump,train,Refuted,Not Enough Evidence,
1734,"Indian equity stock index markets, Sensex and Nifty have their biggest single day gains in the last ten years on 20th September 2019.",24-9-2019,Bharatiya Janata Party,train,Supported,Supported,
1735,The Trump family took seats reserved for disabled guests at the 74th session of the UN General Assembly.,24-9-2019,,train,Refuted,Supported,
1736,"President Muhammadu Buhari of Nigeria told the United Nations Climate Action Summit in New York last month that the Lake Chad basin has shrunk significantly due to climate change, depriving many people of their livelihood in the region.",24-9-2019,Muhammadu Buhari,train,Refuted,Supported,
1737,"ERNEST HEMINGWAY SAID, WE ARE ALL BROKEN — THAT’S HOW THE LIGHT GETS IN",24-9-2019,Debbie Pitts Palmer,train,Refuted,Refuted,
1738,"Russian Energy Narrative Targets Poland, Ukraine and the Baltic States",24-9-2019,Vladimir Kornilov,train,Refuted,Supported,
1739,A Muslim man in India was killed by a mob after being accused of cow slaughter.,23-9-2019,,train,Refuted,Supported,
1740,Banks in India will be closed from September 26 to October 2 2019.,23-9-2019,Ayek Apan,train,Refuted,Refuted,
1741,Congress party claims regarding shortfall in Government earnings,21-9-2019,Indian National Congress (INC),train,Supported,Not Enough Evidence,
1742,"About universal basic income, Thomas Paine was for it at our founding ... Martin Luther King, champion in the ‘60s, called it a guaranteed minimum income for all Americans… It passed the U.S. House of Representatives twice in 1971",21-9-2019,Andrew Yang,train,Supported,Supported,
1743,Congresswoman Tulsi Gabbard is of Indian-origin.,20-9-2019,Asian News International,train,Refuted,Supported,
1744,AN 11-YEAR-OLD GIRL KILL TWO ILLEGAL IMMIGRANTS DURING AN ATTEMPTED HOME INVASION,20-9-2019,"Adorable Deplorables for Trump.However, there is no evidence that this scenario ever occurred.",train,Refuted,Refuted,
1745,"On average, one person dies by suicide every 22 hours in West Virginia, United States.",19-9-2019,Senator Shelley Moore Capito,train,Supported,Supported,
1746,Evidence Suggests Nigerians Attacked S.A Police During Shop Raids,19-9-2019,Lateef Sanni,train,Not Enough Evidence,Conflicting Evidence/Cherrypicking,
1747,"French philosopher Voltaire said “To learn who rules over you, simply find out who you are not allowed to criticize.”",19-9-2019,,train,Refuted,Refuted,
1748,Your reaction to an optical illusion is an indication of your state of mind.,18-9-2019,,train,Refuted,Refuted,
1749,Indian banks are to be closed continuously from 26th September 2019 to 30th September 2019.,16-9-2019,,train,Refuted,Refuted,
1750,"Science fiction and popular science writer Isaac Asimov said your assumptions are your windows on the world.Scrub them off every once in a while, or the light won’t come in.",16-9-2019,Ness Tomenlaco,train,Refuted,Supported,
1751,Cherie Blair is representing Shamima Begum.,13-9-2019,James Warren,train,Refuted,Refuted,
1752,Shamima Begum has been flown back or is due to be flown back to the UK.,13-9-2019,James Warren,train,Not Enough Evidence,Refuted,
1753,The Obama-Biden Administration did not conduct workplace raids,12-9-2019,Joe Biden,train,Conflicting Evidence/Cherrypicking,Refuted,
1754,"In the U.S fifty million people a year lose their private insurance when they quit a job, are made unemployed or employers change insurance policies.",12-9-2019,Bernie Sanders,train,Refuted,Not Enough Evidence,
1755,"In Congress, Elizabeth Warren introduced 110 bills. 2 passed. Cory Booker introduced 120 bills. 0 passed,"" the Sept. 12 post reads. ""Kamala Harris introduced 54 bills. 0 passed. Bernie Sanders never held a job until age 53. He lived off of welfare and four different women",12-9-2019,,train,Refuted,Conflicting Evidence/Cherrypicking,
1756,Actress Jane Fonda was denied service at Sir Scott’s Oasis Steakhouse in Montana which is run by a Vietnam War veteran.,11-9-2019,,train,Refuted,Supported,
1757,There was a major increase in the number of short positions taken by UK hedge funds when Boris Johnson ran for Conservative leader.,11-9-2019,Byline Times Team,train,Not Enough Evidence,Supported,
1758,Kamala Harris say criminals and illegals are better than U.S. servicemen.,11-9-2019,,train,Refuted,Refuted,
1759,Americans lost wealth and income under Barack Obama's presidency.,10-9-2019,Stanley B. Greenberg,train,Refuted,Refuted,
1760,New numbers from the US Census Bureau show an uptick in the number of Americans who have no health insurance.,10-9-2019,,train,Supported,Supported,
1761,The Conservatives are levelling up per pupil funding in schools in the UK.,9-9-2019,,train,Supported,Refuted,
1762,Thousands of companies are leaving China because they can’t pay the tariffs.,9-9-2019,Donald Trump,train,Refuted,Supported,
1763,"Hundreds of billions of dollars have been and are coming into our country in the form of tariffs, and China’s eating the cost.",9-9-2019,Donald Trump,train,Refuted,Refuted,
1764,China lost 3 million jobs as a result of the US-China trade war.,9-9-2019,Donald Trump,train,Refuted,Supported,
1765,"The chairman of Okitipupa LG, Omo’ba Abayomi Adesanya has (commissioned) purchased (4) brand new tyre of maxxix brand for the refurbished Toyota Hummer bus that has been abandoned for 7 years",9-9-2019,Abayomi Adesanya,train,Not Enough Evidence,Not Enough Evidence,
1766,Zaira Wasim who quit acting in June citing religion is making a comeback to Bollywood.,9-9-2019, Akanksha Ojha,train,Refuted,Conflicting Evidence/Cherrypicking,
1767,Several well-known charities such as Goodwill and American Red Cross overpay their CEOs and spend a small percentage on helping people,6-9-2019,,train,Refuted,Conflicting Evidence/Cherrypicking,
1768,Some women have no choice but to take epidural injections during childbirth.,5-9-2019,Alrhus Rts,train,Refuted,Supported,
1769,Epidural injections given during childbirth are one of the worst and dangerous injections in the world resulting in chronic back pain.,5-9-2019,Alrhus Rts,train,Refuted,Refuted,
1770,VA hospitals were removing Bibles and banning Christmas carols under Obama administration,5-9-2019,Mike Pence,train,Refuted,Refuted,
1771,Sinn Féin MPs do not receive parliamentary salaries.,4-9-2019,Chris Hazzard MP,train,Supported,Supported,
1772,"The presidents of Rwanda, the Democratic Republic of Congo and Malawi boycotted the 2019 World Economic Forum (WEF) summit in Cape Town in protest against xenophobic attacks in South Africa.",4-9-2019,Temitope Alabi,train,Refuted,Refuted,
1773,"Lewis Carroll once wrote, “You know what the issue is with this world? Everyone wants a magical solution to their problems, and everyone refuses to believe in magic.”",4-9-2019,,train,Refuted,Refuted,
1774,U.S.A. now leads the world in energy production.,4-9-2019,Donald Trump,train,Refuted,Supported,
1775,"US Representative Alexandria Ocasio-Cortez tweeted, ""I see people are rushing out to fill up their cars for this hurricane at the gas station. This wouldn’t be an issue if they had electric cars. If the power is out for a week how are they going to get gas? We need to start planning ahead and moving forward.""",4-9-2019,,train,Refuted,Supported,
1776,"Donald Trump threatened economic sanctions over recent xenophobic violence in South Africa with a posted tweet stating “This barbaric attacks by South African is very disappointing, its time we put South Africa under strong economic sanctions, first it was the minority White people now its African. Either Cyril get his people in line or we pull out all our investments and they learn.”",4-9-2019,Donald Trump,train,Refuted,Refuted,
1777,No Americans are exposed to air pollution above the World Health Organization’s suggested level.,4-9-2019,Donald Trump,train,Refuted,Refuted,
1778,"The USA now has, under Trump, got crystal clean water.",4-9-2019,Donald Trump,train,Refuted,Refuted,
1779,91% of the world’s population is exposed to air pollution above the World Health Organization’s suggested level.,4-9-2019,Donald Trump,train,Supported,Supported,
1780,America has the cleanest and safest air and water,4-9-2019,Donald Trump,train,Refuted,Refuted,
1781,"Thomas Jefferson Said ""Freedom is lost gradually from an uninterested, uninformed and unresponsive people.",3-9-2019,,train,Refuted,Refuted,
1782,"The last time people created a Hollywood blacklist, people ended up killing themselves. They were accused, and they lost their right to work.",3-9-2019,Whoopi Goldberg,train,Supported,Supported,
1783,Democrats in the United States are calling for the Second Amendment to be repealed.,2-9-2019,Donald Trump,train,Refuted,Conflicting Evidence/Cherrypicking,
1784,A new EU withdrawal bill allows the EU to choose the length of a further Brexit extension and the UK has no say in it.,2-9-2019,Matt Dathan ,train,Refuted,Supported,
1785,In January 2020 a new EU law means anyone who has an offshore bank account will have to “come clean so we can see how much they are hiding.,1-9-2019,Terry Christian,train,Not Enough Evidence,Refuted,
1786,"Rainbow town central mosque unjustly demolished, alleges Ganduje and comrades.",1-9-2019,Kano state government,train,Conflicting Evidence/Cherrypicking,Refuted,
1787,"Dan McCready, a Democratic candidate standing in the special election for North Carolina’s 9th Congressional District, is a socialist.",30-8-2019,Dan Bishop,train,Refuted,Refuted,
1788,"Author Theodor Seuss Geisel once said, “Be who you are and say what you feel, because those who mind don’t matter and those who matter don’t mind.”",30-8-2019,Travis Bradberry,train,Refuted,Refuted,
1789,Life expectancy in the UK is falling,30-8-2019,New York Times,train,Refuted,Supported,
1790,America has more governors who’ve worn blackface than black governors,30-8-2019,Samuel Sinyangwe,train,Supported,Supported,
1791,Getting up too quickly in the middle of the night can cause sudden death.,30-8-2019,,train,Refuted,Supported,
1792,contraceptive pills can cause cancer.,29-8-2019,Girl's Safety,train,Conflicting Evidence/Cherrypicking,Refuted,
1793,contraceptive pills destroys the fertility system within 72 hours,29-8-2019,Girl's Safety,train,Refuted,Refuted,
1794,I-Pill contains arsenic.,29-8-2019,Girl's Safety,train,Refuted,Refuted,
1795,Former top cop Mumbai Police Commissioner Ahmed Javed a 1980-batch IPS officer had only taken Rs 1 salary throughout his 36 years tenure.,29-8-2019,Abdul Samad Sheikh,train,Refuted,Refuted,
1796,Arsenic is present in the unwanted 72 contraceptive pill.,29-8-2019,Girl's Safety,train,Refuted,Refuted,
1797,"The poet T.S. Eliot once said, “The very existence of libraries affords the best evidence that we may yet have hope for the future of man.”",27-8-2019,The Medieval Professor,train,Not Enough Evidence,Supported,
1798,Crimea was taken away from President Obama.,26-8-2019,Donald Trump,train,Refuted,Refuted,
1799,Canada’s Liberal Finance Minister Bill Morneau is related to the Royal Canadian Mounted Police (RCMP) High Commissioner Brenda Lucki,26-8-2019,@Cangal48,train,Refuted,Refuted,
1800,Florida’s red flag gun law has been used about five times a day.,26-8-2019,Dave Aronberg ,train,Supported,Supported,
1801,Former U.S. President Barack Obama wanted Russia to be out of the G-8.,26-8-2019,Donald Trump,train,Supported,Supported,
1802,Obama's motivation for wanting Russia out of the G8 was the Russian annexation of Crimea.,26-8-2019,Donald Trump,train,Supported,Supported,
1803,"If we leave the EU with no deal, the divorce bill is no longer strictly speaking owed.",25-8-2019,Boris Johnson,train,Not Enough Evidence,Conflicting Evidence/Cherrypicking,
1804,The rupee is now lower than even the Bangladeshi taka,25-8-2019,Dr Vijay Sharma,train,Refuted,Supported,
1805,"As the main importer of Chinese goods, India should stop all trade ties with Beijing.",25-8-2019,Dekh Bhai,train,Refuted,Refuted,
1806,Japan has refused to import even a needle from US as a mark of patriotism as Americans had nuked Hiroshima and Nagasaki in 1945.,25-8-2019,Dekh Bhai,train,Refuted,Refuted,
1807,PM Modi announced a child helpline (1098) for the benefit of children in various crisis situations.,25-8-2019,,train,Conflicting Evidence/Cherrypicking,Supported,
1808,"PLATO SAID, ‘YOU CAN DISCOVER MORE ABOUT A PERSON IN AN HOUR OF PLAY THAN IN A YEAR OF CONVERSATION’?",24-8-2019,Life Quotes,train,Supported,Refuted,
1809,"Proscribed indigenous leader of Biafra, Nnamdi Kanu ordered members of the Indigenous People of Biafra (IPOB) to arrest the Nigerian president and hand him over to the Japanese authorities.",24-8-2019,Sahara Reporters,train,Supported,Refuted,
1810,Arrest rates at Notting Hill Carnival are almost identical to Glastonbury.,24-8-2019,,train,Not Enough Evidence,Not Enough Evidence,
1811,An old Nokia 3310 phone found in a drawer after 20 years with 70% battery remaining,23-8-2019,,train,Refuted,Refuted,
1812,President Donald Trump can force US firms out of China.,23-8-2019,Donald Trump,train,Supported,Refuted,
1813,40% of NI Unionists are happy about a potential trade border in the Irish Sea.,22-8-2019,Simon Jenkins,train,Refuted,Supported,
1814,"The N-Power programme in Nigeria, has lifted over 5 million Nigerians out of extreme poverty",22-8-2019,Boss Mustapha,train,Not Enough Evidence,Not Enough Evidence,
1815,"West Virginia highways move up twenty places in the U.S national highway system to place sixteenth, and affirms all the hard work we do on our states roads.",22-8-2019,Jim Justice,train,Supported,Refuted,
1816,The 5G radiation is bad for humans.,21-8-2019,,train,Refuted,Not Enough Evidence,
1817,Donald Trump's fuel efficiency plan would reduce the cost of cars “by more than $3000” and make them “substantially safer.”,21-8-2019,Donald Trump,train,Refuted,Refuted,
1818,A 5G test in the Netherlands resulted in the death of 297 birds.,21-8-2019,,train,Refuted,Refuted,
1819,President Trump wanted the USA to buy Greenland from Denmark.,20-8-2019,Donald Trump,train,Supported,Supported,
1820,"In the US, medical bills drive half a million people into bankruptcy every year.",20-8-2019,US Sen. Bernie Sanders (I-Vt.),train,Refuted,Supported,
1821,Chinese professor Zheng Yongnian gave an interview to state-run People's Daily in which he urged cutting water supplies to Hong Kong to end months of street protests in the city.,19-8-2019,Zheng Yongnian,train,Not Enough Evidence,Supported,
1822,The UK has lost its measles free status just three years after the virus was eliminated.,18-8-2019,"Department of Health and Social Care,",train,Supported,Supported,
1823,Trump has challenged Nevada’s new state election law - that requires mail-in ballots to be sent to all active voters amid the coronavirus pandemic - in court. Nevada’s Republican Secretary of State has asked the judge to dismiss the Trump lawsuit.,17-8-2019,Democratic Sen. Catherine Cortez Masto of Nevada,train,Supported,Refuted,
1824,"Former British Prime Minister Winston Churchill said, 'Courage is what it takes to stand up and speak; courage is also what it takes to sit down and listen'.",17-8-2019,Tom Mitcham,train,Refuted,Refuted,
1825,Andrew Jackson said “One man with courage makes a majority.”,15-8-2019,Tony Martinez,train,Refuted,Supported,
1826,"Pennsylvania just opened up a $10 billion plant, during the presidency of Donald Trump, this would never normally have happened because they wouldn't have allowed them to frack.",15-8-2019,Donald Trump,train,Refuted,Supported,
1827,"TRUMP SAID Earlier this month, the U.S. government officially labeled China for the first time ever a currency manipulator — another promise kept.",15-8-2019,Donald Trump,train,Supported,Supported,
1828,"TRUMP said If he was a great president (barack Obama), how come he left me 138 judges to appoint when everybody said that’s the single most important thing a president of the United States has to do?",15-8-2019,Donald trump,train,Refuted,Supported,
1829,"""wealthy people in Canada donate to hospitals"" to get better health care treatment.",15-8-2019,Mark Cuban,train,Refuted,Conflicting Evidence/Cherrypicking,
1830,"Robert Sweet, a federal judge who was overseeing a civil case against Jeffrey Epstein was killed.",15-8-2019,,train,Refuted,Refuted,
1831,The push by Assembly Democrats seeking Americans with Disabilities Act accommodations for a lawmaker were timed to make Vos look bad.,15-8-2019,Robin Vos,train,Refuted,Not Enough Evidence,
1832,Professor HC Verma still drives an old scooter.,13-8-2019,Work For Unity ,train,Refuted,Not Enough Evidence,
1833,Eminent Physics professor HC Verma donates Rs 1 crore to PM relief fund and for charity.,13-8-2019,Work For Unity ,train,Refuted,Refuted,
1834,"Professor HC Verma,  gets Rs 1 cr as royalty per year for his book ""'Concepts of Physics'",13-8-2019,Work For Unity ,train,Refuted,Not Enough Evidence,
1835,"The ""boyfriend loophole"" means that ""if you commit a serious crime of domestic abuse against your wife, you can't get a gun, but if you do it against your girlfriend, you can.",13-8-2019,U.S. Sen. Amy Klobuchar,train,Conflicting Evidence/Cherrypicking,Supported,
1836,CNN's Chris Cuomo exploded at a man who called him fredo.,12-8-2019,@RealSaavedra,train,Supported,Supported,
1837,Would Florida assault weapon law amendment proposal ban virtually all guns?,12-8-2019, Amy Sherman,train,Refuted,Refuted,
1838,Britons have spent £4bn stockpiling goods in case of no-deal Brexit.,12-8-2019,,train,Supported,Refuted,
1839,U.S. Attorney General William Barr made a secret visit to the Manhattan jail where Jeffrey Epstein was being held just two weeks before the accused sex trafficker was found dead in his cell,11-8-2019,Lewis Kasman,train,Refuted,Supported,
1840,Attorney General William Barr visited the prison where accused sex trafficker Jeffrey Epstein was being held.,11-8-2019,Brad Hamilton,train,Refuted,Supported,
1841,"In the weeks following El Paso and Dayton, evidence of an impending mass shooting spread on Snapchat and iMessage.",10-8-2019,Destiny Keller,train,Refuted,Supported,
1842,Jean Monnet said a European superstate should be created without the understanding of European people.,10-8-2019,Kate Hoey,train,Refuted,Supported,
1843,"Donald Trump said that he 'did criminal justice reform, which President Obama could not get approved...'",9-8-2019,Donald Trump ,train,Refuted,Conflicting Evidence/Cherrypicking,
1844,Democratic Republicans  Alexandria Ocasio-Cortez and Ilhan Omar have vowed to take benefits like Social Security and Medicare away from senior citizens.,8-8-2019,George Maynard,train,Refuted,Refuted,
1845,Olive Garden restaurant chain  are funding trumps 2020 campaign.,8-8-2019,@billybobsanderz,train,Refuted,Refuted,
1846,Abortion is never medically necessary.,8-8-2019,Lila Rose,train,Refuted,Refuted,
1847,The Nigerian Embassy in The Democratic Republic of Congo (DRC) has been ejected from its premises.,8-8-2019,Jackson Ude,train,Refuted,Refuted,
1848,Social Security beneficiaries count on the US post office to get their checks.,7-8-2019,Longoria Baston ,train,Refuted,Refuted,
1849,Supreme Court Justice Ruth Bader Ginsburg has suffered a massive stroke.,7-8-2019,Fox News,train,Refuted,Refuted,
1850,"White supremacy is a hoax and ""not a real problem in America.""",6-8-2019,Tucker Carlson,train,Refuted,Refuted,
1851,Plane crashes resumed after FFK’s tenure as Minister of Aviation.,6-8-2019,Femi Fani Kayode,train,Supported,Refuted,
1852,There were no plane crashes during FFK’s tenure as Minister of Aviation.,6-8-2019,Femi Fani Kayode,train,Not Enough Evidence,Refuted,
1853,Five plane crashes with a death toll of 453 were recorded the year before Femi Fani Kayode became Nigeria’s Minister of Aviation.,6-8-2019,Femi Fani Kayode,train,Refuted,Refuted,
1854,"Just like Omoyele Sowore, a Nigerian human rights activist, President Muhammadu Buhari called for a revolution in 2011.",5-8-2019,News Agency,train,Supported,Supported,
1855,Mental illness is main driver of mass shootings says Donald trump when talking about the shootings in Texas and Ohio that killed 31 people.,5-8-2019,Donald Trump,train,Supported,Refuted,
1856,"Donald Trump said, ""Last year - 2018, we prosecuted a record number of firearms offenses.""",5-8-2019,,train,Supported,Refuted,
1857,Republicans voted to allow people with pre-existing mental illness to buy firearms.,5-8-2019,Go Left,train,Supported,Supported,
1858,The common theme with mass shooters is that the assailants were on psychotropic drugs.,4-8-2019,Alex Stablowsky,train,Refuted,Refuted,
1859,AG William Barr Tweets Odds Of Mass Shootings In Hometowns Of 2 Democrat Presidential Candidates Are 250 Billion To 1,4-8-2019,AG William Barr,train,Refuted,Refuted,
1860,Geckos carry pathogenic bacteria in their mouths which are very toxic to humans.,4-8-2019,Fß finest photos,train,Conflicting Evidence/Cherrypicking,Refuted,
1861,"Police stopped a mass shooting in Omaha, NE, in early August 2019",4-8-2019,,train,Refuted,Not Enough Evidence,
1862,"Police stopped a mass shooting in Des Moines, IA, in early August 2019",4-8-2019,,train,Refuted,Supported,
1863,President Buhari approves the creation of state police.,3-8-2019,Ibraheem Alawode,train,Refuted,Refuted,
1864,"""in a city of almost 700,000, we had five murders the entire year. Our average over the last 10 years is 18 (murders per year). We exceeded that average just on one day"" after a gunman opened fire at a Walmart in the city.",3-8-2019,Beto O'Rourke,train,Supported,Refuted,
1865,Social media videos claim that Clearblue pregnancy tests contain a type of morning-after pill called Plan B.,3-8-2019,,train,Refuted,Refuted,
1866,"So far in 2019, the United States has had 249 mass shootings, while Mexico had three, New Zealand, the Netherlands, Brazil and Canada had one, and many other countries had none.",3-8-2019,Keith Edwards,train,Not Enough Evidence,Supported,
1867,George Washington said “It will be found an unjust and unwise jealousy to deprive a man of his natural liberty upon the supposition he may abuse it.”,2-8-2019,Liquid Screed Quote me Happy,train,Refuted,Supported,
1868,Zomato's Sales Have  Dropped By 60% In 10 Hours,2-8-2019,Ghar Ghar Modi,train,Refuted,Refuted,
1869,News report claims that Ghana has been named the second most corrupt country in Africa by Transparency International (TI).,1-8-2019,Ghana Guardian,train,Refuted,Refuted,
1870,"Telecommunications company Airtel Nigeria is giving away 500,000 iPhones.",1-8-2019,,train,Refuted,Refuted,
1871,Leaves of sweet potatoes can kill cancer.,31-7-2019,Philippine Health Tips,train,Refuted,Not Enough Evidence,
1872,"Joe Biden, whilst vice president, said the Obama administration had passed the criminal justice reform bill.",31-7-2019,Joe Biden,train,Supported,Refuted,
1873,"In an op-ed, then-sen. Joe Biden wrote that he believed that women working outside the home would, quote, ""create the deterioration of family."" He also said that women who were working outside the home were, quote, ""avoiding responsibility.""",31-7-2019,Kirsten Gillibrand,train,Refuted,Refuted,
1874,Rodrigo Duterte changed his position again on opening in-person classes amid the coronavirus 2019 pandemic.,31-7-2019,,train,Supported,Refuted,
1875,The City of New York could not proceed with the case of murder of Eric Garner because the Justice Department was pursuing its prosecution.,31-7-2019,Bill de Blasio,train,Refuted,Refuted,
1876,Companies like Amazon that made billions in profits did not pay one nickel in federal income tax,30-7-2019,Bernie Sanders,train,Refuted,Supported,
1877,"As governor of Colorado, John Hickenlooper created the No. 1 economy in the country.",30-7-2019,John Hickenlooper,train,Refuted,Refuted,
1878,"After Aurora in 2012, the Colorado governor passed tougher gun control laws.",30-7-2019,John Hickenlooper,train,Not Enough Evidence,Supported,
1879,"500,000 Americans are sleeping out on the street",30-7-2019,Bernie Sanders,train,Refuted,Refuted,
1880,In 1988 Bernie Sanders lost an election because he called for the ban of the sale and distribution of assault weapons.,30-7-2019,Bernie Sanders,train,Supported,Refuted,
1881,Pinning Down Prescription Drug Prices,30-7-2019,Lori Robertson,train,Supported,Not Enough Evidence,
1882,87 million Americans are uninsured or underinsured,30-7-2019,Bernie Sanders,train,Supported,Supported,
1883,"Albert Einstein once said, “Art is standing with one hand extended into the universe and one hand extended into the world, and letting ourselves be a conduit for passing energy.”",30-7-2019,Children's Museum of the Arts,train,Refuted,Refuted,
1884,The health-care industry made $100 billion in profits last year,30-7-2019,Bernie Sanders,train,Supported,Supported,
1885,Pro-Kremlin Pundit Blames Demonstrators for Police Crackdown on Moscow Protest,29-7-2019,Alexey Martynov,train,Supported,Supported,
1886,"The Nationals party, represents the poorest electorates in Australia.",28-7-2019,Barnaby Joyce,train,Conflicting Evidence/Cherrypicking,Refuted,
1887,"Ancient Roman politician Marcus Tullius Cicero once said, “The Budget should be balanced, the Treasury should be refilled, public debt should be reduced.”",27-7-2019,Jenny L Dubiel,train,Refuted,Refuted,
1888,Hitesh Mulchandani was burnt to death.,27-7-2019,Social Media users,train,Refuted,Refuted,
1889,A 24 year old Indian Hindu man Hitesh Mulchandani in the city of Pune was murdered by a Muslim gang for raising his voice against public urination.,27-7-2019,Shefali Vaidya,train,Not Enough Evidence,Refuted,
1890,More than half of death row prisoners are people of color,26-7-2019,Gwen Moore,train,Supported,Supported,
1891,Robert S Mueller's investigation into Russia’s interference in the 2016 presidential election took over 2 years and cost over £25 million.,25-7-2019,Turning Point USA,train,Supported,Refuted,
1892,Prime Minister Justin Trudeau took two billion dollars from Canada’s retirement fund in order to give it to housing projects in India.,25-7-2019,,train,Refuted,Refuted,
1893,Robert S Mueller can't provide evidence that his investigation into  Russia’s interference in the 2016 presidential election reached a conclusion.,25-7-2019,Turning Point USA,train,Refuted,Refuted,
1894,The European Union asked for a 100 billion euro settlement for the UK to leave the EU.,25-7-2019,Government department,train,Refuted,Supported,
1895,An exercise being done in a video can cure heart blockage and back pain in 7 days,24-7-2019, Ben David,train,Refuted,Refuted,
1896,India’s Debt From The World Bank Reduced To Zero Under PM Narendra Modi in July 2019.,24-7-2019,,train,Not Enough Evidence,Refuted,
1897,President Trump fully co-operated with the investigation into Russian interference in the 2016 U.S presidential campaign.,24-7-2019,Mike Johnson,train,Refuted,Conflicting Evidence/Cherrypicking,
1898,Robert Mueller applied and was interviewed for the job of FBI director the day before he was appointed Special Counsel.,24-7-2019,Donald Trump,train,Refuted,Refuted,
1899,The Trump campaign welcomed and made full use of Russian intervention  in the 2016 U.S presidential election.,24-7-2019,Adam Schiff,train,Refuted,Supported,
1900,A dossier by former British intelligence officer Christopher Steele containing contacts between Russian officials and members of the Trump campaign started the investigation into Russian interference in the 2016 election campaign.,24-7-2019,Steve Chabot,train,Refuted,Supported,
1901,The Baltnews.lv news website is an “independent and not controlled by the state media.”,24-7-2019,Russian Foreign Ministry,train,Refuted,Refuted,
1902,Paul Manafort case recovers between forty two and forty six million U.S dollars meaning the cost to taxpayers approaches zero in investigation into Russian interference in the 2016 U.S election.,24-7-2019,Jerry Nadler,train,Conflicting Evidence/Cherrypicking,Not Enough Evidence,
1903,London has no go areas.,23-7-2019,Jason Patiotis,train,Refuted,Refuted,
1904,London has a Muslim mayor.,23-7-2019,Jason Patiotis,train,Supported,Supported,
1905,London is now one of the world’s most violent capital cities.,23-7-2019,Jason Patiotis,train,Refuted,Refuted,
1906,Police in Gujarat seized weapons from a mosque.,23-7-2019,Amar Singh Bidhuri,train,Refuted,Not Enough Evidence,
1907,Some government buildings in London are operating under sharia law.,23-7-2019,Jason Patiotis,train,Supported,Refuted,
1908,More than 450 mosques have opened in London.,23-7-2019,Jason Patiotis,train,Supported,Supported,
1909,"19th century writer and feminist Margaret Fuller said: Today a reader, tomorrow a leader.",22-7-2019,"EdVenture, Hartsville, US",train,Supported,Refuted,
1910,"Rep. Ilhan Omar ""voted yes"" to ""provide further funding for the 9/11 First Responders Victims Fund",22-7-2019,Marian Domansky Fisher,train,Supported,Refuted,
1911,"Abraham Lincoln said ""America will never be destroyed from the outside. If we lose our freedoms it will be because we have destroyed ourselves from within.""",22-7-2019,,train,Refuted,Supported,
1912,"Sen. Rand Paul ""voted no."" to provide further funding for the 9/11 first responders Victims Fund.",22-7-2019,Marian Domansky Fisher,train,Supported,Supported,
1913,"Is Donna Shalala correct in saying that Children at Homestead migrant facility ""get 30 minutes over a month to talk to family members. If they were in a prison — a federal prison — they would get 300 minutes.""",21-7-2019,Donna Shalala,train,Refuted,Refuted,
1914,President Donald Trump’s 2020 campaign is selling plastic straws with the president’s name on them.,20-7-2019,,train,Supported,Supported,
1915,Botswana President was in a Plane Crash,20-7-2019,Robert Mugabe Quotes,train,Refuted,Refuted,
1916,Obama ‘Yanked’ Citizenship Question From Census,20-7-2019,Kellyanne Connway,train,Refuted,Refuted,
1917,That the Imo state has a debt of over N100 billion,18-7-2019,Emeka Ihedioha,train,Supported,Refuted,
1918,Bombardier to open rail car assembly plant in the USA due to Trump’s reduced corporate tax rate.,18-7-2019,,train,Refuted,Refuted,
1919,"British Airways is giving free tickets to 5,000 people to celebrate its 50th anniversary.",18-7-2019,,train,Refuted,Refuted,
1920,"Winston Churchill said  “You have enemies? Good. That means you’ve stood up for something, sometime in your life.”",18-7-2019,James Banescu,train,Refuted,Supported,
1921,"Trump claims his deregulatory actions are saving American households $3,000 a year.",18-7-2019,Donald Trump,train,Conflicting Evidence/Cherrypicking,Refuted,
1922,"If you’re a black woman in America today — in New York City, you’re 12 times more likely to die in childbirth, four times more likely nationwide.",16-7-2019,Kirsten Gillibrand,train,Supported,Supported,
1923,"French writer and philosopher Voltaire once said, “I may disapprove of what you say, but I will defend to the death your right to say it.”",16-7-2019,Free Keene,train,Refuted,Refuted,
1924,Judge in Epstein Case Found Dead of Apparent Suicide,16-7-2019,Fallis Gunnington,train,Refuted,Not Enough Evidence,
1925,Ukraine’s language law prohibits Russian from being spoken by doctors and teachers.,16-7-2019,"Russian Embassy, UK",train,Refuted,Refuted,
1926,On 13 June 2019 Kenya’s finance minister Henry Rotich claimed that Kenya has been ranked 85th globally in e-commerce uptake.,13-7-2019,Henry Rotich,train,Not Enough Evidence,Not Enough Evidence,
1927,"President Muhammadu Buhari has no house in Abuja, Nigeria.",13-7-2019,Orji Uzor Kalu,train,Refuted,Refuted,
1928,Atiku Abubakar chaired a council that “paid off Nigeria's entire debt” in 2006.,12-7-2019,Atiku Abubakar,train,Refuted,Refuted,
1929,Former Vice President Atiku Abubakar and His Team Cleared Nigeria’s Entire Debt In 2006.,12-7-2019,Atiku Abubakar,train,Refuted,Refuted,
1930,"US senator Elizabeth Warren said, ""The law says that mental health must be treated the same as physical health,"" but coverage by health insurers is unequal.",11-7-2019,,train,Supported,Supported,
1931,"George Washington said, ""It is impossible to rightly govern a nation without God and the Bible.""",11-7-2019,,train,Refuted,Refuted,
1932,Poltergeist child star Heather O'Rourke was killed by a Hollywood pedophile ring,10-7-2019,,train,Refuted,Refuted,
1933,kenya's forestry sector contributes 3.6% of the national gross domestic product.,10-7-2019,Susan Kihika,train,Not Enough Evidence,Supported,
1934,Ireland's national debt was 856 Billion Euros in 2019.,9-7-2019,,train,Refuted,Supported,
1935,The Obama administration in the USA has cut the citizenship question from the US census in 2010.,9-7-2019,Kellyanne Conway,train,Refuted,Refuted,
1936,Spain wants money from the UK to cover its debts.,9-7-2019,,train,Not Enough Evidence,Refuted,
1937,The ACS (American Community Survey) asks about citizenship in the US census every fifth year.,9-7-2019,Kellyanne Conway,train,Refuted,Refuted,
1938,Greece owes the EU €367 billion,9-7-2019,,train,Not Enough Evidence,Supported,
1939,Greece has said it will collapse when we leave the EU.,9-7-2019,,train,Not Enough Evidence,Refuted,
1940,"If the UK leaves the EU, France and Germany’s economies will collapse.",9-7-2019,,train,Refuted,Not Enough Evidence,
1941,Food stamp participation in America hits 10 year low.,9-7-2019,,train,Supported,Supported,
1942,Italy owes 1 Trillion.,9-7-2019,,train,Refuted,Supported,
1943,"Alexandria Ocasio-Cortez said  ""I’m speaking with myself, number one, because I have a very good brain and I’ve said lots of things.""",9-7-2019,,train,Refuted,Refuted,
1944,"99.5 per cent of the Australian population is housed, about half a per cent of the population don't have a permanent roof over their head.",9-7-2019,Luke Howarth,train,Supported,Not Enough Evidence,
1945,Microwave Ovens Are Banned In Japan,8-7-2019,Divya Vedic Foundation,train,Refuted,Refuted,
1946,"British prime minister Winston Churchill once said, ""A pessimist sees the difficulty in every opportunity; an optimist sees the opportunity in every difficulty""",8-7-2019,The Star,train,Refuted,Supported,
1947,The State of Florida passed a law that makes nudity legal at all public beaches.,8-7-2019, RAOUL STOCKTON,train,Refuted,Refuted,
1948,,8-7-2019,,train,Supported,,Failed to get valid prediction
1949,"That Joel Osteen's Ministries charge people for prayers via a ""prayer request account.",8-7-2019,,train,Refuted,Refuted,
1950,No European country engages in electronic voting,8-7-2019,,train,Refuted,Refuted,
1951,Female soccer players in the U.S are earning less money than male players.,8-7-2019,Meg Kelly,train,Supported,Supported,
1952,Metropolitan police officers took part in the pride parade.,6-7-2019,,train,Supported,Supported,
1953,US president Joe Biden didn’t support any mandatory minimum prison sentences.,6-7-2019,Joe Biden,train,Supported,Refuted,
1954,In the 1980s and 1990s violent crime was out of control.,6-7-2019,Joe Biden,train,Supported,Supported,
1955,The crime bill was opposed by Republicans.,6-7-2019,Joe Biden,train,Conflicting Evidence/Cherrypicking,Refuted,
1956,"Biden's crime bill  included Violence Against Women Act, It also included strengthening the Brady Bill on background checks, eliminated assault weapons.",6-7-2019,Joe Biden,train,Supported,Supported,
1957,The UK is the best country for education in 2019.,6-7-2019,World Index,train,Refuted,Refuted,
1958,"Joe Biden wrote into the 1994 Crime Bill that anyone arrested for for drug related crimes, who are suffering from drug addictions, should be diverted into drug courts.",6-7-2019,Joe Biden,train,Supported,Supported,
1959,Republicans didn’t like the fact that democrats removed mandatory minimums for first-time offenders.,6-7-2019,Joe Biden,train,Not Enough Evidence,Refuted,
1960,Biden didn’t support more money to build state prisons.,6-7-2019,Joe Biden,train,Conflicting Evidence/Cherrypicking,Refuted,
1961,"In 2017, The US had more arrests for marijuana possession  than for all other violent crimes combined.",5-7-2019,Cory Booker,train,Supported,Supported,
1962,"Moscow, Russia, metro allows free rides to commuters for 30 squats",4-7-2019,Aviator Anil Chopra,train,Supported,Supported,
1963,Coconut oil is an antibiotic and can prevent dengue fever.,4-7-2019,Philippines Report,train,Conflicting Evidence/Cherrypicking,Refuted,
1964,Whatsapp has been sold to Mukesh Ambani.,4-7-2019,Anil Gowda,train,Refuted,Refuted,
1965,The EU has decided to increase the size of fisherman’s meshes.,4-7-2019,Ann Widdecombe,train,Conflicting Evidence/Cherrypicking,Supported,
1966,EU change to mesh sizes has reduced fishermen’s income by 40%.,4-7-2019,Ann Widdecombe,train,Not Enough Evidence,Not Enough Evidence,
1967,Fox News Channel reports that Justice Ruth Bader Ginsburg has suffered massive stroke.,4-7-2019,Qanon NC,train,Refuted,Refuted,
1968,Varun Pulani is the director of WhatsApp.,4-7-2019,Anil Gowda,train,Refuted,Refuted,
1969,A proposed $4.6 billion US emergency aid bill wasn’t humanitarian.,3-7-2019,Republican Alexandria Ocasio-Cortez ,train,Refuted,Conflicting Evidence/Cherrypicking,
1970,"US Republican Alexandria Ocasio-Cortez opposed it a proposed $4.6 billion US emergency aid bill, saying it wasn’t humanitarian.",3-7-2019,Republican Alexandria Ocasio-Cortez ,train,Supported,Refuted,
1971,"President Trump Said ""I Will Pay For July 4 Parade Out Of My Own Pocket""",3-7-2019,,train,Refuted,Refuted,
1972,President Trump said “I will pay for July 4 Parade out of my own pocket.”,3-7-2019,Fired Writer,train,Refuted,Refuted,
1973,"hen asked if the United States should have a military parade to show off its might, President Dwight Eisenhower said ‘Absolutely not. We are the pre-eminent power on Earth. For us to try and imitate what the Soviets are doing in Red Square would make us look weak.’""",3-7-2019,,train,Not Enough Evidence,Refuted,
1974,One in four South African employees have been diagnosed with depression.,3-7-2019,Fin24,train,Conflicting Evidence/Cherrypicking,Supported,
1975,About half of Customs and Border Patrol agents were members of a secret Facebook group page that included offensive posts,2-7-2019,US Republican Marc Veasey,train,Not Enough Evidence,Supported,
1976,The U.S. is using SWIFT as a political weapon in its foreign policy.,2-7-2019,RT,train,Refuted,Supported,
1977,Detainees in US border patrol facilities told by guards to drink water from toilets.,2-7-2019,Catherine Kim,train,Conflicting Evidence/Cherrypicking,Supported,
1978,About half of US Customs and Border Patrol agents were members of a secret Facebook group page that included offensive posts.,1-7-2019,Rep. Alexandria Ocasio-Cortez,train,Not Enough Evidence,Supported,
1979,Guards had instructed the U.S. Customs and Border Protection detainees to drink water from toilets.,1-7-2019,Rep. Alexandria Ocasio-Cortez,train,Supported,Supported,
1980,We spent just over £1 trillion bailing out the banks after the financial crisis.,1-7-2019,Jeremy Hunt MP,train,Refuted,Supported,
1981,North Korea blew up the office used for South Korea talks.,30-6-2019,Moist Fetaphone,train,Supported,Supported,
1982,RSS workers thrash a Dalit woman,30-6-2019,Rizwan K Ansari,train,Refuted,Not Enough Evidence,
1983,"Section 1325 of the U.S immigration law was ""put into place in 1929, by a segregationist"".",30-6-2019,Julian Castro,train,Supported,Supported,
1984,"President Obama 'begged' to meet with Chairman Kim Jong Un, but Chairman Kim Jong Un refused.",30-6-2019,Donald Trump,train,Refuted,Refuted,
1985,BJP Mahila Morcha Leader made offensive remarks asking Hindu brothers to rape Muslim mothers and sisters,29-6-2019,,train,Supported,Supported,
1986,"Migrant children housed at U.S. Customs and Border Protection detention facilities at the border are receiving access to key supplies, including toothbrushes, appropriate meals, blankets, showers as soon as they can be provided and medical screening.",28-6-2019,acting Homeland Security Secretary Kevin McAleenan,train,Refuted,Refuted,
1987,Kenya's County governments have allocated on average 6.7 % of their total budgets to the agriculture sector,28-6-2019,,train,Refuted,Supported,
1988,"Since 2013, County Governments in Kenya have cumulatively received KSh1.57 trillion worth of the equitable share of the allocation of the consolidated fund revenue budget.",28-6-2019,Wycliffe Oparanya,train,Refuted,Supported,
1989,Children in U.S. Customs and Border Protection custody are receiving appropriate meals and showers.,28-6-2019,US acting Homeland Security Secretary Kevin McAleenan,train,Refuted,Refuted,
1990,"In 2013 to 2019 the total shareable revenue in Kenya totalled 7.8 trillion shillings, of which 20% or KSh1.57 trillion was transferred to the counties.",28-6-2019,,train,Supported,Supported,
1991,KSh1.57 trillion is equivalent to 20% of the total shareable revenue of 7.8 trillion shillings.,28-6-2019,Wycliffe Oparanya,train,Supported,Supported,
1992,"as of 2019, 47 Kenyan counties has met the two-thirds threshold on the appointment of the county executive committee members, with three counties of Kilifi, Nyeri and Kericho attaining a 50-50 representation.",28-6-2019,Wycliffe Oparanya ,train,Supported,Supported,
1993,"Kenya experienced an increase in the number of functional health facilities growing from 9,858 to 10,820 in 2018 across all counties.",28-6-2019,Wycliffe Oparanya ,train,Not Enough Evidence,Supported,
1994,"In Kenya, since 2013, county governments have cumulatively received Ksh1.57 trillion worth of equitable share of allocation.",28-6-2019,Wycliffe Oparanya,train,Supported,Supported,
1995,In Kenya the County Governments’ allocation of 6.7% of their total budgets to the agriculture sector is just 3% less than the 10% recommended allocation for agriculture as per the Comprehensive Africa Agriculture Development Program (CAADP) Malabo declaration.,28-6-2019,Wycliffe Oparanya,train,Refuted,Supported,
1996,KSh1.57 trillion is equivalent to 20% of Kenya's total shareable revenue of KSh7.8 trillion.,28-6-2019,Wycliffe Oparanya,train,Supported,Refuted,
1997,"In Kenya, the amount of total budgets, allocated for agriculture is just 3% less than the recommended allocation of 10%, as per the Comprehensive Africa Agriculture Development Program (CAADP) Malabo declaration.",28-6-2019,Wycliffe Oparanya,train,Refuted,Not Enough Evidence,
1998,"In Kenya, for the 2018/19 year under review all County Governments allocated at least 20% of their budgets to health.",28-6-2019,Wycliffe Oparanya,train,Refuted,Refuted,
1999,"In 2019, each of Kenya's 47 counties met the two-thirds threshold for the appointment of county executive committee members, with Kilifi, Nyeri, and Kericho counties attaining 50-50 gender equality representation.",28-6-2019,Wycliffe Oparanya,train,Supported,Refuted,
2000,"So far, each of the 47 counties has met the two-thirds threshold on the appointment of the county executive committee members, with three counties of Kilifi, Nyeri and Kericho attaining a 50-50 representation.",28-6-2019,Wycliffe Oparanya,train,Supported,Supported,
2001,For the year under review all County Governments allocated out of their budgets at least 20% to health.,28-6-2019,Wycliffe Oparanya,train,Refuted,Not Enough Evidence,
2002,"In Kenya, the average development budget allocation by counties over the last six financial years has been 40% surpassing the legal requirement of at least 30%.",28-6-2019,Wycliffe Oparanya,train,Supported,Supported,
2003,"In Kenya the number of functional health facilities increased from 9,858 to 10,820 in 2018 across all counties.",28-6-2019,Wycliffe Oparanya,train,Supported,Supported,
2004,"So far, each of Kenya's 47 counties has met the two-thirds threshold for the appointment of the county executive committee members, with three counties (Kilifi, Nyeri, and Kericho) attaining a 50-50 representation.",28-6-2019,,train,Supported,Supported,
2005,County governments have allocated on average 6.7 % of their total budgets to the agriculture sector.,28-6-2019,Wycliffe Oparanya,train,Refuted,Not Enough Evidence,
2006,"In Kenya, County Governments have allocated on average 6.7% of their total budgets to the agriculture sector.",28-6-2019,Wycliffe Oparanya,train,Refuted,Supported,
2007,KSh1.57 trillion is equivalent to 20% of the total shareable revenue of 7.8 trillion shillings in Kenya.,28-6-2019,Wycliffe Oparanya ,train,Supported,Supported,
2008,"Since 2013, Kenyan County Governments have cumulatively received KSh1.57 trillion worth of equitable share of allocation.",28-6-2019,Wycliffe Oparanya,train,Supported,Supported,
2009,The average development allocation by Kenya's counties over the last six financial years has been 40% surpassing the legal requirement of at least 30%,28-6-2019,,train,Supported,Supported,
2010,"We experienced an increase in the number of functional health facilities growing from 9,858 to 10,820 in 2018 across all counties.",28-6-2019,Wycliffe Oparanya,train,Supported,Not Enough Evidence,
2011,"In Kenya, county governments have allocated an average of 6.7% of their total budgets to the agriculture sector.",28-6-2019,Wycliffe Oparanya,train,Supported,Not Enough Evidence,
2012,"In 2018/2019 in Kenya, all county governments allocated at least 20% of their budgets to health.",28-6-2019,Wycliffe Oparanya,train,Refuted,Refuted,
2013,The legal requirement of the Kenyan county government’s budget  allocated to development expenditure is at least 30%.,28-6-2019,Wycliffe Oparanya,train,Supported,Refuted,
2014,Kenyan County Governments allocated out of their budgets at least 20% to health in the 2018/19 financial year.,28-6-2019,Wycliffe Oparanya ,train,Supported,Refuted,
2015,"In Kenya, the average development allocation by counties over the 6 years up to 2019 has been 40%, surpassing the legal requirement of at least 30%.",28-6-2019,Wycliffe Oparanya,train,Supported,Supported,
2016,"According to Wycliffe Oparanya, there was an increase in the number of functional health facilities growing from 9,858 to 10,820 in 2018 across all counties.",28-6-2019,Wycliffe Oparanya,train,Supported,Not Enough Evidence,
2017,"The number of functional health facilities, in Kenya, increased from 9,858 in 2017 to 10,820 in 2018 across all counties.",28-6-2019,Wycliffe Oparanya,train,Supported,Not Enough Evidence,
2018,Smallpox Treatment MR-VAC Is A Slow Poison For Children,27-6-2019,,train,Refuted,Refuted,
2019,"Cory Brooker vowed not to take contributions from pharma companies, pharma executives or corporate PAC's before his presidential campaign in 2019",27-6-2019,Cory Booker,train,Refuted,Supported,
2020,83% of the benefits from the Republican tax law go to the top 1% of income earners in the United States.,27-6-2019,Bernie Sanders,train,Conflicting Evidence/Cherrypicking,Supported,
2021,Purdue Pharma has had to pay no consequences for their connection to the opioid crisis and overdose deaths in the US,27-6-2019,Beto O'Rourke,train,Refuted,Conflicting Evidence/Cherrypicking,
2022,"HPV vaccine does reduce viral transmission, helping with eventual cervical cancer elimination",27-6-2019,Katie Sullivan ,train,Supported,Supported,
2023,America has the highest rate of childhood poverty.,27-6-2019,Bernie Sanders,train,Refuted,Refuted,
2024,"Cory Booker has accepted over $400,000 from the pharmaceutical industry during his political career.",27-6-2019,Trump War Room,train,Supported,Supported,
2025,California Rep. Eric Swalwell correct in stating he is 'the only person on this stage who has voted and passed background checks'.,27-6-2019,Eric Swalwell,train,Refuted,Supported,
2026,The bottom 60 percent of American earners have not had an increase in income since 1980,27-6-2019,Tim Ryan,train,Refuted,Supported,
2027,Companies like Halliburton and Amazon pay nothing in US taxes,27-6-2019,Cory Booker,train,Conflicting Evidence/Cherrypicking,Conflicting Evidence/Cherrypicking,
2028,President Trump “immediately discontinued” an aid program to Central America which is the cause of surging immigration across the U.S.-Mexico border.,27-6-2019,Joe Biden,train,Refuted,Refuted,
2029,Many of America's 2.3 million prisoners are incarcerated for nonviolent drug crimes,27-6-2019,Beto O'Rourke,train,Conflicting Evidence/Cherrypicking,Supported,
2030,"The price of 2,500 drugs has gone up in double digits under Donald Trump's administration",27-6-2019,Amy Klobuchar,train,Supported,Supported,
2031,President Donald Trump has thrown 32 million people off their health care that they have.,27-6-2019,Bernie Sanders,train,Conflicting Evidence/Cherrypicking,Refuted,
2032,The top 1 percent wealthiest control 90 percent of the wealth in the US,27-6-2019,Tim Ryan,train,Refuted,Conflicting Evidence/Cherrypicking,
2033,Number one reason for why American families go broke is the cost of healthcare,27-6-2019,Elizabeth Warren,train,Conflicting Evidence/Cherrypicking,Supported,
2034,"The CEO of McDonald's makes 2,100 times more than ""the people slinging hash"" at McDonald's",27-6-2019,Jay Inslee,train,Refuted,Supported,
2035,Rep. Tim Ryan of Ohio said: “The bottom 60 percent of Americans haven’t seen a raise since 1980.”,26-6-2019,,train,Refuted,Supported,
2036,"The reason that they are separating these little children from their families is that they are using Section 1325 of that act, which criminalizes coming across the border to incarcerate the parents and then separate them. Some of us on this stage have called to end that section, to terminate it, some like Congressman O’Rourke have not.",26-6-2019,JULIAN CASTRO,train,Supported,Supported,
2037,The US-Iran nuclear deal pushed back a nuclear breakout by 10–20 years.,26-6-2019,Cory Booker,train,Conflicting Evidence/Cherrypicking,Supported,
2038,"In states like Connecticut that enacted a permit-to-purchase gun law, they saw 40 percent drops in gun violence and 15 percent drops in suicides.",26-6-2019,Cory Booker,train,Not Enough Evidence,Supported,
2039,"""The wealthiest three families now own more wealth than the bottom half of the country.""",26-6-2019,Bernie Sanders,train,Supported,Supported,
2040,"Sen Cory Booker said when Connecticut enacted a permit-to-purchase gun law, “they saw 40 percent drops in gun violence and 15 percent drops in suicides.”",26-6-2019,,train,Supported,Refuted,
2041,About 30% of LGBTQ kids do not go to school because of fear.,26-6-2019,Cory Booker,train,Conflicting Evidence/Cherrypicking,Supported,
2042,"Sen. Cory Booker claimed the Iran nuclear deal “pushed back a nuclear breakout 10, 20 years.” during the 2020 U.S presidential debate",26-6-2019,,train,Conflicting Evidence/Cherrypicking,Supported,
2043,"Sen. Cory Booker claimed private insurance overhead was 15 percent, while Medicare’s was “only at 2 percent.”",26-6-2019,,train,Conflicting Evidence/Cherrypicking,Supported,
2044,Purdue Pharma has been able to act with complete impunity and pay no consequences for the opioid crisis. Not a single night in jail.,26-6-2019,Beto O'Rourke,train,Refuted,Refuted,
2045,"Despite what Purdue Pharma has done; their connection to the opioid crisis and the overdose deaths throughout the United States, as of 26/06/2019 they have been able to act with complete impunity and pay no consequences.",26-6-2019,BETO O’ROURKE,train,Refuted,Refuted,
2046,The bottom 60 percent of US employees haven’t seen a wage raise since 1980.,26-6-2019,Tim Ryan,train,Not Enough Evidence,Refuted,
2047,"Kenyan Singer Ringtone Apoko found dead in a waste bin in Karen, Kenya.",25-6-2019,Achilles Gombya,train,Refuted,Refuted,
2048,A group of 15-20 miscreants are on the loose in parts of Malad and Dahisar and asks residents not to open their doors at night if they hear a baby crying outside.,24-6-2019,Pooja Mehta,train,Refuted,Refuted,
2049,Former Kenyan election commissioner Roselyn Akombe has died.,24-6-2019,Kate Mwikali,train,Refuted,Supported,
2050,More Americans are uninsured today than when US President Donald Trump took office.,24-6-2019,U.S. Senator Tammy Baldwin,train,Supported,Supported,
2051,Russia is not using illegitimate sanctions against Georgia.,24-6-2019,Dmitry Peskov Russian presidential spokesman,train,Refuted,Conflicting Evidence/Cherrypicking,
2052,Ninety percent of the people applying for asylum never show up for their immigration court hearing in the months ahead.,23-6-2019,Mike Pence,train,Refuted,Refuted,
2053,The UN recommends a police-population ratio of one police officer to 220 people,23-6-2019,Bheki Cele,train,Not Enough Evidence,Supported,
2054,Russia violated South Korean airspace,22-6-2019,Laura Bicker,train,Not Enough Evidence,Supported,
2055,Russian Mercenaries in Syria are Private Contractors and They Are Not Engaged in Combat,20-6-2019,Vladimir Putin,train,Refuted,Refuted,
2056,A bridge that collapsed on the Jamnagar-Junagadh highway was only inaugurated three months before its collapse.,20-6-2019,Indian National Congress,train,Refuted,Supported,
2057,"The Jamnagar Junagarh Highway bridge that collapsed, was inaugurated by PM Modi.",20-6-2019,West Bengal Congress,train,Refuted,Refuted,
2058,Jamnagar-Junagarh highway bridge in India collapsed within 3 months of inauguration.,20-6-2019,Indian National Congress - West Bengal,train,Refuted,Refuted,
2059,Muslims in Bangalore have named a mosque after Indian Prime Minister Narendra Modi.,19-6-2019,Mahesh10816,train,Refuted,Refuted,
2060,"Founding father of the United States, Patrick Henry said, “It cannot be emphasized too strongly or too often that this great nation was founded, not by religionists, but by Christians; not on religions, but on the gospel of Jesus Christ. For this very reason peoples of other faiths have been afforded asylum, prosperity, and freedom of worship here.”",19-6-2019, Patrick Henry,train,Refuted,Refuted,
2061,Margaret Hello was phone inventor Alexander Graham Bell’s girlfriend,19-6-2019,,train,Refuted,Refuted,
2062,A black woman named Malinda Borden Died when the titanic sank because the life boats were reserved for white people only.,18-6-2019,,train,Refuted,Refuted,
2063,1.9 million more children are in good and outstanding schools.,18-6-2019,Michael Gove,train,Conflicting Evidence/Cherrypicking,Supported,
2064,Nigeria is top in Africa for suicide.,18-6-2019,,train,Refuted,Supported,
2065,"Irish poet and playwright Oscar Wilde once said, “Some cause happiness wherever they go; others whenever they go.”",17-6-2019,Facebook user 'Bright Day',train,Refuted,Supported,
2066,Pakistan cricketers were out till late at night smoking hookah before their match against India which led to their loss,17-6-2019,,train,Refuted,Refuted,
2067,Four in ten fathers will not see their children this Father’s Day.,17-6-2019,,train,Refuted,Not Enough Evidence,
2068,Canadian Prime Minister Justin Trudeau is converting to Islam from Christianity.,17-6-2019,UKIP Warwick and Leamington,train,Refuted,Refuted,
2069,A little girl photographed in a hospital bed receives a dollar for a kidney transplant every time someone shares a Facebook post.,17-6-2019,,train,Refuted,Refuted,
2070,"Two brands of salt in India, Samnhar refined salt and Tata salt contain high levels of toxic compound potassium ferrocyanide.",16-6-2019,,train,Refuted,Supported,
2071,Alexandria Ocasio-Cortez claimed Amazon was paying full-time employees so little that they required government food assistance.,16-6-2019,Alexandria Ocasio-Cortez,train,Conflicting Evidence/Cherrypicking,Supported,
2072,Presidential Spokesperson Salvador Panelo said that the Filipino fishermen involved in the boat sinking incident in the West Philippine Sea were only hallucinating.,15-6-2019,,train,Refuted,Refuted,
2073,School Kids Touching A Soldier's Feet Is From India,15-6-2019,,train,Refuted,Supported,
2074,Sri Lanka has been ranked in the top four most corrupt nations in the world,14-6-2019,AP Sarath Kumara,train,Refuted,Refuted,
2075,Boris Johnson said a variety of outrageous things about Scotland and its resources.,14-6-2019,Frankie Mullen,train,Refuted,Refuted,
2076,The public sector wage bill continues to rise in Kenya.,13-6-2019,Henry Rotich,train,Supported,Supported,
2077,Kenya's economic growth is well above the sub-Saharan Africa region average growth of 3% and the global average of 3.6%.,13-6-2019,Henry Rotich,train,Supported,Supported,
2078,On 13 June 2019 Kenya’s finance minister Henry Rotich claimed that Kenyas  growth is the highest to have been recorded for the past 8 years.,13-6-2019,Henry Rotich,train,Supported,Supported,
2079,25% of drug users in Nigeria are women,13-6-2019,"Dr Lolu Ojo, chair of the Nigerian Academy of Pharmacy’s committee on drug and substance abuse.",train,Supported,Not Enough Evidence,
2080,"""Kenya has been ranked 85th globally in e-commerce uptake.”",13-6-2019,Henry Rotich,train,Refuted,Supported,
2081,The domestic Indonesian flight route CI9798 is being Operated by China Airlines.,13-6-2019,Hawin Alayna,train,Refuted,Refuted,
2082,25% of drug users in Nigeria are women,13-6-2019,Dr Lolu Ojo,train,Supported,Not Enough Evidence,
2083,"On 13 June 2019 Kenya’s finance minister Henry Rotich claimed in 2018 Kenyas economy grew by 6.3%, up from 4.9% in the previous year.”",13-6-2019,Henry Rotich,train,Supported,Supported,
2084,Former health secretary Janette Garin points to Senator Risa Hontiveros as the root cause of the current anomalies involving the Philippine Health Insurance Corporation.,13-6-2019,dwirenews.blogspot.com,train,Refuted,Conflicting Evidence/Cherrypicking,
2085,This [6.3%] growth is the highest to have been recorded for the past 8 years says Kenya’s finance minister Henry Rotich,13-6-2019,Henry Rotich,train,Supported,Not Enough Evidence,
2086,The public sector wage bill in Kenya continues to rise.,13-6-2019,Henry Rotich,train,Supported,Supported,
2087,”Kenya has been ranked 85th globally in e-commerce uptake.”,13-6-2019,Henry Rotich,train,Refuted,Not Enough Evidence,
2088,“This growth is well above the sub-Saharan Africa region average growth of 3% and the global average of 3.6%.”,13-6-2019,Henry Rotich,train,Supported,Not Enough Evidence,
2089,On 13 June 2019 Kenya’s finance minister Henry Rotich claimed that Kenyas  growth is well above the sub-Saharan Africa region average growth of 3% and the global average of 3.6%.,13-6-2019,Henry Rotich,train,Supported,Refuted,
2090,Cosmetologists train  eleven times longer than emergency medical technicians,13-6-2019,Donald Trump,train,Supported,Supported,
2091,Kenya’s excise revenue has declined from approximately 3% of GDP in 2003/04 to about 2% in 2017/18.,13-6-2019,Henry Rotich,train,Supported,Supported,
2092,Kenya's excise revenue has declined from approximately 3% of GDP in 2003/04 to about 2% in 2017/18.,13-6-2019,Henry Rotich,train,Supported,Supported,
2093,Republicans voted against military pay rises,13-6-2019,Steny H. Hoyer,train,Supported,Not Enough Evidence,
2094,“This growth is well above the sub-Saharan Africa region average growth of 3% and the global average of 3.6%.” Kenya,13-6-2019,Henry Rotich,train,Supported,Refuted,
2095,Sri Lankan Muslims are demolishing mosques and are converting into Hinduism.,13-6-2019,Dhirendra Kumar Jha,train,Refuted,Refuted,
2096,About 14.4 million Nigerians are currently on drugs,13-6-2019,"Dr Lolu Ojo, chair of the Nigerian Academy of Pharmacy’s committee on drug and substance abuse.",train,Supported,Not Enough Evidence,
2097,“Excise revenue has declined from approximately 3% of GDP in 2003/04 to about 2% in 2017/18.”,13-6-2019,Henry Rotich,train,Supported,Supported,
2098,"Over 2013-2018, the Russian economy has grown by only 3%, i.e. less than 1% per year",12-6-2019,Alexey Kudrin,train,Supported,Supported,
2099,"During the tenure of Nigerian President Jonathan, the inflationary pressure was kept at single digit.",12-6-2019,Goodluck Jonathan,train,Refuted,Refuted,
2100,The growth of the Russian economy in the decade from 1999 to 2008 averaged 6.9%,12-6-2019,Alexey Kudrin,train,Supported,Supported,
2101,"NigerianSocial Intervention Programmes have become a model for other nations. Together with the State Governments, we provide millions of school children with meals in primary schools, micro loans to traders and entrepreneurs, skills and knowledge acquisition support to graduates and of course, conditional cash transfers to the poorest and most vulnerable in our society",12-6-2019,Buhari,train,Not Enough Evidence,Supported,
2102,Nigeria was the number one destination for foreign direct investment during the tenure of President Jonathon.,12-6-2019,Goodluck Jonathan,train,Refuted,Refuted,
2103,Nigeria has made solid progress in fighting corruption in the past four years,12-6-2019,Buhari,train,Supported,Refuted,
2104,Nigeria has made solid progress in the area of economic growth and agriculture and industrial output have recovered since the recession,12-6-2019,buhari,train,Refuted,Supported,
2105,"In 2014 in McDowell County, West Virginia, life expectancy for men was 64 years.",12-6-2019,Bernie Sanders,train,Supported,Supported,
2106,"Nigeria are meeting the challenges of security with much greater support to the security forces in terms of money, equipment and improved local intelligence. Nigeria are meeting these challenges with superior firepower and resolve",12-6-2019,Buhari,train,Conflicting Evidence/Cherrypicking,Conflicting Evidence/Cherrypicking,
2107,It's free to watch TV in UK prisons.,11-6-2019,,train,Conflicting Evidence/Cherrypicking,Supported,
2108,The U.S. women’s soccer team bring in more revenue but get paid less than the men,11-6-2019,Sen. Elizabeth Warren of Massachusetts,train,Supported,Supported,
2109,Mexican drug cartels make £500 billion a year.,11-6-2019,David Perdue - US Senator ,train,Refuted,Not Enough Evidence,
2110,It costs £8 per day to watch TV in hospital if you’re 82.,11-6-2019,Kelly Jenkinson,train,Conflicting Evidence/Cherrypicking,Supported,
2111,India's Bharatiya Janata Party workers were killed in West Bengal by 11 Bajrang Dal members.,11-6-2019,Madhya Pradesh Congress,train,Refuted,Refuted,
2112,Nigeria’s best University ranks 800th in world.,8-6-2019,Wale Babalakin (SAN),train,Conflicting Evidence/Cherrypicking,Refuted,
2113,1.5 lakh sub centers and primary health centers being transformed as health and wellness centers (HWCs) to provide comprehensive primary healthcare services.,8-6-2019,,train,Supported,Supported,
2114,Ayushman Bharat provides comprehensive health coverage up to Rs. 5 lakh per family per year to around 50 crore people.,8-6-2019,,train,Supported,Supported,
2115,Former Vice President Joe Biden leaked the names of US Navy SEAL Team 6 families to Al Qaeda.,5-6-2019,Linda Graham,train,Refuted,Refuted,
2116,Standing next to a mobile phone antenna or staying too long in its vicinity is a radiation risk.,3-6-2019,Andrea Hessedenz,train,Refuted,Refuted,
2117,Prolonged exposure to radiofrequency radiation from a mobile phone antenna may exceed the recommended guidelines.,3-6-2019,Andrea Hessedenz,train,Refuted,Supported,
2118,Three men were hung on a crane and shot for the rape and murder of a 10-year-old boy in Yemen in August 2018,3-6-2019,,train,Supported,Supported,
2119,Indian Prime Minister Modi launched an initiative for improving women's safety by setting up a helpline number that helps in keeping GPRS track of the vehicle that women are travelling in.,3-6-2019,,train,Refuted,Supported,
2120,"Former Minnesota Senator Franken was accused credibly by eight women of groping and forceable kissing, all of which were corroborated in real time.",2-6-2019,US New York Sen. Kirsten Gillibrand,train,Supported,Supported,
2121,"Taylor Swift says most Democrats, independents, Republicans back nondiscrimination for LGBTQ people.",1-6-2019,TAYLOR SWIFT,train,Supported,Supported,
2122,"Being vegan for a year saves 6,670kg of grain.",1-6-2019,planetbasednews,train,Not Enough Evidence,Supported,
2123,"Virginia Beach USA mass shooting a ""false flag"" ordered by the ""Deep State"" to distract attention away from the investigation of ""SPYgate""",1-6-2019,The Millennium report ,train,Refuted,Refuted,
2124,Being vegan for a year saves 365 animals.,1-6-2019,planetbasednews,train,Conflicting Evidence/Cherrypicking,Refuted,
2125,"Being vegan for a year saves 3,320kg of CO2.",1-6-2019,planetbasednews,train,Refuted,Supported,
2126,Michael Jordan Said  'I Won't Release Another Shoe Until Black People Unite',1-6-2019,,train,Refuted,Refuted,
2127,"Being vegan for a year saves 1,000 square metres of forest.",1-6-2019,planetbasednews,train,Not Enough Evidence,Supported,
2128,"In Kenya, over one in 20 children die before their fifth birthday.",1-6-2019,Penny Appeal UK registered charity.,train,Supported,Supported,
2129,Bhajan kirtans being organised in Srinagar for the first time in 40 years,31-5-2019,,train,Refuted,Supported,
2130,"US, Russia, Israel and France ‘approve’ Biafra’s separation from Nigeria",31-5-2019,,train,Not Enough Evidence,Refuted,
2131,Abortion is more dangerous now than ever before,31-5-2019,LiveAction,train,Refuted,Refuted,
2132,5G is killing trees.,30-5-2019,,train,Not Enough Evidence,Refuted,
2133,Trump insisted that the special counsel was totally conflicted,30-5-2019,Donald Trump,train,Refuted,Supported,
2134,"Barack Obama said, ""Anybody can buy any weapon, any time without much, if any, regulation. They buy it over the internet. They can buy machine guns.""",30-5-2019,Barack Obama,train,Conflicting Evidence/Cherrypicking,Refuted,
2135,Trump said Bill Clinton was found guilty,30-5-2019,Donald Trump,train,Supported,Refuted,
2136,Trump claimed that he could not be guilty of obstruction of justice,30-5-2019,Donald Trump,train,Not Enough Evidence,Refuted,
2137,"“America is like a healthy body and its resistance is threefold: its patriotism, its morality and its spiritual life. If we can undermine these three areas, America will collapse from within.",30-5-2019,,train,Refuted,Refuted,
2138,Literal manure is coming out of taps in some US counties with CAFOs.,29-5-2019,US State Rep. Jimmy Anderson (D-Fitchburg),train,Supported,Supported,
2139,"US Republican members of the budget-writing committee sidestepped adding any
regulations to Concentrated Animal
Feeding Operations (CAFOs).",29-5-2019,US State Rep. Jimmy Anderson (D-Fitchburg),train,Conflicting Evidence/Cherrypicking,Supported,
2140,Alexandria Ocasio-Cortez said the U.S. doesn’t have to worry about Chinese missile attacks because of the difference in time zones between the two countries,28-5-2019,Doug Edwards,train,Refuted,Refuted,
2141,"Javed Akhtar said ""If Narendra Modi becomes the prime minister of India again, then  he and his wife Shabana Azmi and I will leave the country""",28-5-2019,,train,Refuted,Refuted,
2142,"In the 2019 EU parliamentary election, the ""total leave vote"" was 57.8% and the ""total remain vote"" was 41.5%.",28-5-2019,Message from the People,train,Conflicting Evidence/Cherrypicking,Refuted,
2143,12% of the electorate voted for no deal in the 2019 EU parliamentary elections,28-5-2019,Anna Soubry,train,Conflicting Evidence/Cherrypicking,Supported,
2144,Robert E. Lee opposed slavery and secession and has come to symbolize both slavery and secession.,26-5-2019,Dottie rodda,train,Refuted,Conflicting Evidence/Cherrypicking,
2145,19-year-old Shivu Uppar was murdered by cow smugglers.,26-5-2019,BOOM,train,Not Enough Evidence,Refuted,
2146,"Most research shows that (UW salaries) are a little behind, and (in) some areas we're behind more than others.",26-5-2019,Ray Cross,train,Supported,Supported,
2147,Drug Abuse Resistance Education has removed cannabis from its list of gateway drugs.,24-5-2019,Richard N Stephanie Miller,train,Refuted,Refuted,
2148,At least 15 men die every day from prostate cancer in Nigeria.,23-5-2019, Project Pink Blue,train,Supported,Supported,
2149,$16 billion in US farmer aid will come from China.,23-5-2019,Donald Trump,train,Refuted,Refuted,
2150,"Video shows House Speaker Nancy Pelosi slurred and slowed during a speech, showing that she is drunk.",22-5-2019,,train,Refuted,Refuted,
2151,Journalist Arfa Khanum Sherwani tweet mentioning the Arabic name for the prophet Moses shows sympathy with the slain terrorist Hizbul commander Zakir Musa in Pakistan.,22-5-2019,Farrago of Paid Media,train,Refuted,Conflicting Evidence/Cherrypicking,
2152,"Mark Twain said of journalists that it is ""far better"" to ""fear the media for they will steal your honor"" and describes them as ""a horde of ignorant, self-complacent simpletons…""",22-5-2019,,train,Conflicting Evidence/Cherrypicking,Refuted,
2153,"Shubham Baghel, one of the assailants in an attack on three people for carrying beef, is a member of a Hindutva organization called Sri Ram Sena.",22-5-2019,,train,Not Enough Evidence,Supported,
2154,Kenyan health minister Sicily Kariuki claimed the Kenyan government  increased the health sector budget by more than 30% between 2017 and 2019.,21-5-2019,Sicily Kariuki,train,Supported,Supported,
2155,"Chris Jacobs is a ""Never-Trumper"", i.e. someone who does not support Donald Trump",21-5-2019,Chris Collins,train,Refuted,Refuted,
2156,None of Kinya's ministers asked to step aside in 2015 has made it to court because the allegations that were made against them did not have any basis.,21-5-2019,William Ruto,train,Refuted,Refuted,
2157,"Wisconsin's prison population expanded and vacancy rates for correctional officers went from 2.9% to 15.2%"" over the last eight years.",21-5-2019,Chris Taylor,train,Supported,Supported,
2158,"Kenyan law says if you are allocated a piece of land, you must develop it within two years. If you do not develop it within two years, it is supposed to revert to government.",21-5-2019,William Ruto,train,Supported,Refuted,
2159,The Jubilee party had pledged in its manifesto to build 57 mega dams to provide more food and water to Kenyans.,21-5-2019,William Ruto,train,Supported,Refuted,
2160,"The phrase ""high crimes and misdemeanors"" is not defined in the American Constitution.",20-5-2019,Justin Amash,train,Supported,Supported,
2161,Joe Biden abandoned Scranton Pennsylvania.,20-5-2019,,train,Conflicting Evidence/Cherrypicking,Refuted,
2162,Russian law prohibits political activity in schools.,20-5-2019,"Russian Embassy, UK ",train,Not Enough Evidence,Supported,
2163,£22 billion was taken out of welfare spending in England between 2010 and 2015.,19-5-2019,Andrew Mar,train,Refuted,Supported,
2164,Joe Biden told Ukrainian government leaders that if they did not sack the prosecutor going after his son then they would not give them a $2 billion loan.,19-5-2019,Donald Trump,train,Conflicting Evidence/Cherrypicking,Refuted,
2165,Evil is the result of what happens when man does not have God’s love present in his heart.,19-5-2019,,train,Refuted,Not Enough Evidence,
2166,"Joe Biden improperly used his influence as vice president to get Ukraine to sack its top prosecutor, Viktor Shokin, to benefit his son Hunter Biden in 2016",19-5-2019,Donald Trump,train,Refuted,Refuted,
2167,The Chinese government put millions of dollars into Biden's family business.,19-5-2019,Donald Trump,train,Refuted,Conflicting Evidence/Cherrypicking,
2168,There were 25% cuts to local government spending between 2010 and 2015.,19-5-2019,Andrew Marr,train,Supported,Supported,
2169,Poland has lowered its retirement age from 67 to 60.,17-5-2019,,train,Refuted,Supported,
2170,Tariffs are now being paid to the United States by China of 25% on 250 Billion Dollars worth of goods & products. These massive payments go directly to the Treasury of the U.S.,17-5-2019,Donald Trump,train,Refuted,Refuted,
2171,The UK’s pension age is going up.,17-5-2019,,train,Supported,Supported,
2172,Pakistani man sentenced to death for farting in mosque during Ramadan.,17-5-2019,Femi Fani-Kayode,train,Refuted,Refuted,
2173,Poland lowered its retirement age using money from the EU.,17-5-2019,,train,Not Enough Evidence,Supported,
2174,"You inherit your DNA, temperament, tastes, and emotions from your maternal grandmother",17-5-2019,,train,Refuted,Refuted,
2175,"It is illegal for mayors to even bring up gun reform for discussion in Florida, US.",16-5-2019,US Democratic presidential candidate Wayne Messam,train,Refuted,Supported,
2176,"US House Speaker Nancy Pelosi said, “Waiting hours longer in the waiting room will allow you to make new friends.” This is regarding emergency care waits.",16-5-2019,Nancy Pelosi,train,Refuted,Refuted,
2177,Ukrainian President Petro Poroshenko is preparing for a third round of presidential elections.,15-5-2019,Vladimir Kovalenko,train,Refuted,Refuted,
2178,Many companies are leaving China so that they will be more competitive for USA buyers.,14-5-2019,Donald Trump,train,Refuted,Supported,
2179,"King Mswati III, Africa's last absolute monarch who has 14 wives, has ordered men to have at least two marriages or face jail.",14-5-2019,GH GOSSIP ,train,Refuted,Refuted,
2180,U.S Representative Alexandria Ocasio-Cortez says 'trucks are killing America'.,14-5-2019,Alexandria Ocasio-Cortez,train,Refuted,Refuted,
2181,"NASA spent more than $165 million over 10 years to develop a pen that writes in zero gravity, upside down and in extreme temperatures while the Russians used a pencil instead.",14-5-2019,David W Garber ,train,Refuted,Refuted,
2182,"A change in US federal policy under the Trump administration,was responsible for a newly operational natural gas export terminal.",14-5-2019,Donald Trump,train,Refuted,Supported,
2183,Liquefied natural gas exports in USA were in decline before Trump took office.,14-5-2019,donald trump,train,Refuted,Refuted,
2184,More children in Scotland leave school without qualifications than 20 years ago.,14-5-2019,David Mundell,train,Refuted,Refuted,
2185,Richmond was one of the only cities in the state that did not (increase) their real estate tax to those pre-recession rates.,14-5-2019,Levar Stoney,train,Not Enough Evidence,Refuted,
2186,"Caitlyn Jenner was ""pissed"" none of her kids wished her a happy mothers day.",13-5-2019,,train,Refuted,Refuted,
2187,"There is no reason for the U.S. Consumer to pay the Tariffs, which take effect on China today. This has been proven recently when only 4 points were paid by the U.S., 21 points by China because China subsidizes product to such a large degree.",13-5-2019,Donald Trump,train,Refuted,Refuted,
2188,"US president Joe biden said ""This idea that the 1994 crime bill generated mass incarceration — it did not generate mass incarceration. If you go back and look, the black caucus supported the bill""",13-5-2019,Joe Biden ,train,Supported,Refuted,
2189,Jailing parents was an unintended consequence of a 2010 state truancy law Kamala Harris sponsored.,12-5-2019,Kamala Harris,train,Supported,Supported,
2190,Barack Obama did not release his tax returns.,11-5-2019,,train,Refuted,Refuted,
2191,Gombe state had a debt profile of N110 billion as at December 2018.,11-5-2019,Mohammed Kabir,train,Refuted,Supported,
2192,Kirsten Gillibrand in 2005 ran on Medicare for all.,10-5-2019,Kirsten Gillibrand,train,Supported,Refuted,
2193,"The US have lost 500 Billion Dollars a year, for many years, on Crazy Trade with China.",10-5-2019,Donald Trump,train,Refuted,Refuted,
2194,"The Covi-19 fatality rate in Scotland is 13.9%, the same as in Italy.",10-5-2019,Stephen Goldie,train,Supported,Refuted,
2195,England is easing the lockdown.,10-5-2019,Stephen Goldie,train,Refuted,Not Enough Evidence,
2196,"Prakash Javadekar, Human Resource and Development Minister of India, said, ""Cyclone Fani Was An Indicator Of A Modi Wave.""",10-5-2019,ANI @Anynews,train,Refuted,Conflicting Evidence/Cherrypicking,
2197,China hurts U.S. farmers by not buying their produce.,10-5-2019,Donald Trump,train,Supported,Supported,
2198,Joe Biden tried to cut Social Security and Medicare for decades. … Now Biden’s promising your benefits to illegal immigrants.,10-5-2019,Donald Trump,train,Refuted,Refuted,
2199,Ondo state’s monthly IGR has increased to over N1.5 billion.,8-5-2019,Oluwarotimi Akeredolu,train,Supported,Not Enough Evidence,
2200,US Suicides have risen by 30% in 15 years.,8-5-2019,y Klobuchar,train,Supported,Supported,
2201,US President Donald Trump says four hundred miles of wall are getting built along the US-Mexico border.,8-5-2019,Donald Trump,train,Refuted,Conflicting Evidence/Cherrypicking,
2202,Texas leads in the number of Confederate monuments removed from public land.,7-5-2019,Brandon Creighton,train,Supported,Supported,
2203,"7,182 students have been killed in U.S. schools since 2012",6-5-2019,,train,Refuted,Refuted,
2204,Puerto Rico has been given $91 billion by US congress for Hurricane Disaster Relief in March 2019,6-5-2019,Donald Trump,train,Refuted,Refuted,
2205,70% of Americans in poverty are white.,6-5-2019,F/U Deplorables,train,Refuted,Supported,
2206,"Ilhan Omar said If Israel Is So Innocent, Then Why Do They Insist On Being Jews?",6-5-2019,,train,Refuted,Refuted,
2207,"The South African freedom fighter, Solomon Mahlangu, was killed by the man who started the Democratic Alliance (DA), the country's official opposition.",6-5-2019,Ras Tafari Truthman,train,Refuted,Refuted,
2208,"In 2010, U.S. Rep Maxine Waters steered $12 million in Troubled Asset Relief Program (TARP) funds to her husband’s private bank account. She was indicted but served no time",6-5-2019,,train,Refuted,Refuted,
2209,American daily 'The Washington Post' published a cartoon making fun of Congress president Rahul Gandhi,6-5-2019,,train,Not Enough Evidence,Refuted,
2210,"If the Congress Party comes to power in India, then it will waive off the entire bill of patients who die in any government or private hospital.",4-5-2019,Congress for Madhya Pradesh,train,Refuted,Refuted,
2211,"Nelson Mandela said
'When a woman rejects a man of vision, and accept [sic] a man with television, she will end up watching the man of vision on her own husband's television,” it reads.

 “Don't judge a man by his pocket but judge him by his vision. Because where a man is going in life is more important than his present condition.”",3-5-2019,,train,Refuted,Refuted,
2212,US Interior Secretary Ryan Zinke ordered a special flag to be raised whenever he entered the building.,2-5-2019,Anderson Cooper,train,Supported,Supported,
2213,Nigeria has the highest number of out-of-school children in sub-Saharan Africa.,2-5-2019,Prof. Julius Okojie,train,Supported,Supported,
2214,DEMOCRACY IS TWO WOLVES AND A LAMB VOTING ON WHAT TO HAVE FOR LUNCH - BEN FRANKLIN,2-5-2019,Laughing at Stupid Things Liberals Say,train,Not Enough Evidence,Refuted,
2215,Boy died due to birthday bumps,2-5-2019,,train,Refuted,Refuted,
2216,More than 10.2 million children are out of school in Nigeria.,2-5-2019,Prof. Julius Okojie,train,Refuted,Supported,
2217,"William Barr, the US Attorney General's testimony lacked context in investigation into Russian interference in the 2016 presidential campaign.",2-5-2019,Robert Farley,train,Supported,Supported,
2218,Attorney General William Barr misled Congress  when asked if he was aware of concerns that special counsel Robert S. Mueller’s team may have had with his March 24 memo summarizing the Mueller report,1-5-2019,Mazie Hirono,train,Not Enough Evidence,Supported,
2219,A Facebook meme claims  five House Republicans voted with Democrats to create a “firearms registry.”,1-5-2019,,train,Refuted,Refuted,
2220,Salman Rushdie said that 99% of Muslims are terrorists by thought.,1-5-2019,,train,Refuted,Refuted,
2221,Joe Biden was one of the first to introduce a climate change bill to the US Houses of Congress.,1-5-2019,Joe Biden,train,Supported,Supported,
2222,Singapore's prime minister has one of the highest salaries of any world leader.,1-5-2019,,train,Supported,Supported,
2223,US  Attorney General William P. Barr mischaracterized special counsel Robert Mueller's remarks about his office's decision not to reach a determination about  whether President Donald Trump had committed obstruction of justice. This issue referred to Russia's attempts to damage Hillary Clinton's presidential campaign.,1-5-2019,Senate Democrats,train,Supported,Supported,
2224,Kenyans with old generation passports will still be issued with U.S visas.,30-4-2019,Aggrey Mutambo,train,Refuted,Refuted,
2225,A million Australians are doing two jobs.,29-4-2019,Bill Shorten,train,Supported,Supported,
2226,The Mortality Rate for Road Accidents Drops in Russia.,29-4-2019,Vladimir Kolokoltsev Russian Minister of Internal Affairs,train,Supported,Supported,
2227,A million Australians are underemployed.,29-4-2019,Bill Shorten,train,Supported,Supported,
2228,US president claims that the $2 Trillion tax cut did not benefit most people as it all went to the folks at the top and corporations that pay no taxes.,29-4-2019,Joe Biden ,train,Refuted,Supported,
2229,IN 2017 61 PERCENT OF DRUG OVERDOSE DEATHS IN THE US STATE OF DELAWARE INVOLVE THE DRUG FENTANYL,29-4-2019,Chris Coons,train,Supported,Supported,
2230,Viral image quotes Joe Biden as saying the Germans Bombed Pearl Harbour.,29-4-2019,Richard Wade,train,Refuted,Refuted,
2231,Michelle Bachmann suggested banning Mexican food as a way to stop illegal immigration into the U.S.,28-4-2019,,train,Not Enough Evidence,Refuted,
2232,"Photo shows Kanhaiya Kumar pulling out of election due to health reasons, appeals to vote for RJDs Tanvir Hasan",28-4-2019,Ali Sohrab,train,Refuted,Refuted,
2233,Sadhvi Pragya said Manohar Parrikar died of cancer because he allowed the consumption of beef in Goa,27-4-2019,,train,Refuted,Supported,
2234,Fee-paying schools save the UK taxpayer £20 billion.,26-4-2019,,train,Refuted,Conflicting Evidence/Cherrypicking,
2235,Drinking Tequila helps to loose weight.,26-4-2019,,train,Refuted,Refuted,
2236,"Donald Trump said that there were very fine people on both sides of the violent protests in 2017, at Charlottesville.",25-4-2019,Joe Biden,train,Supported,Supported,
2237,"A Facebook post claims that Joe Biden has run for President 3 times (1984, 1988, and 2008).",25-4-2019,The Salty Liberals Facebook Page,train,Refuted,Refuted,
2238,"A CIA survey, published by the BBC, has predicted the NDA's defeat in the ongoing Lok Sabha polls",24-4-2019,,train,Refuted,Refuted,
2239,The Russian government has no desire to create problems for the new Ukrainian government but to tolerate a situation in which people living in the territory of these Donetsk and Luhansk republics are generally deprived of any civil rights. This is already crossing the line from the point of view of human rights.,24-4-2019,Vladimir Putin,train,Refuted,Refuted,
2240,There is more bacteria found in a mans beard than in a dogs fur.,23-4-2019,Brandon Spektor,train,Supported,Supported,
2241,"You've got millions of families paying 40, 50, 60% of their limited incomes to put a roof over their heads",23-4-2019,Bernie Sanders,train,Supported,Supported,
2242,"Donald Trump says In the ‘old days’ if you were president and you had a good economy, you were basically immune from criticism",23-4-2019,Donald Trump,train,Refuted,Not Enough Evidence,
2243,According to Rahul Gandhi India's Modi government has made a law which allows the shooting of tribals.,23-4-2019,Chowkidar Amit Malviya (@amitmalviya),train,Conflicting Evidence/Cherrypicking,Refuted,
2244,North Carolina has banned and criminalized Islamic Sharia Law,23-4-2019,,train,Refuted,Refuted,
2245,"The enumeration clause of the US Constitution speaks to the count of every individual and not just Americans, not just citizens. It’s everyone.""",23-4-2019,Letitia James,train,Supported,Supported,
2246,Ken Kercheval is not dead at 83,22-4-2019,,train,Refuted,Refuted,
2247,"In my own state of Vermont, from the very first days of our state's history, what our Constitution says is that everybody can vote. That is true. So people in jail can vote.""",22-4-2019,Bernie Sanders,train,Supported,Supported,
2248,74% of the people in Texas are crammed into 4% of the land.,22-4-2019,,train,Supported,Supported,
2249,India's Congress President Rahul Gandhi has apologised to India's Supreme Court for saying Chowkidar Chor Hai  in relation to the Rafale aircraft deal.,22-4-2019,,train,Supported,Supported,
2250,Elizabeth Warren says she warned about the financial crisis before it happened,22-4-2019,Elizabeth Warren,train,Supported,Supported,
2251,"Pragya Singh Thakur, better known as Sadhvi Pragya, (Indian politician and Member of Parliament), was 4 years old when the Babri Mosque was demolished.",21-4-2019,Master stroke ,train,Refuted,Refuted,
2252,An image shows litter left by Extinction Rebellion environmental protestors in Hyde Park.,21-4-2019,,train,Refuted,Refuted,
2253,Ilhan Omar tweeted “they reap what they sow” in response to the fire at Notre Dame Cathedral in Paris.,21-4-2019,@USFoxNews,train,Refuted,Refuted,
2254,"With repeated use of vaccines, cell-mediated immunity weakens, encouraging viral mutations, and future infections of the cells.",19-4-2019,Lance D Johanson,train,Refuted,Refuted,
2255,The South African Government have recently built 4 million houses.,19-4-2019,Cyril Ramaphosa,train,Refuted,Refuted,
2256,People catching and spreading chickenpox have been vaccinated.,19-4-2019,US Kentucky Gov. Matt Bevin,train,Conflicting Evidence/Cherrypicking,Supported,
2257,Ramaphosa promised to build 1 million in Alexandra.,19-4-2019,Cyril Ramaphosa,train,Refuted,Refuted,
2258,There were Muslim ties to the Notre Dame fire.,16-4-2019,Kevin Jackson,train,Refuted,Refuted,
2259,"Since 2011, there has been documentation of 1,671 dead bodies recovered in Texas, many in Brooks County on the US Mexico border.",16-4-2019,Dan Patrick (Lieutenant Governor of Texas) ,train,Conflicting Evidence/Cherrypicking,Supported,
2260,There have been zero reported instances of any child born alive after an abortion in Texas.,16-4-2019,Donna Howard,train,Not Enough Evidence,Refuted,
2261,Bumblebee has officially been added to the ever-growing list of endangered species,16-4-2019,Humanity,train,Supported,Supported,
2262,The War Powers Act has been invoked for the first time.,15-4-2019,Bernie Sanders,train,Supported,Supported,
2263,"The United States has ""three families owning more wealth than the bottom half of the American society.",15-4-2019,Bernie Sanders,train,Supported,Supported,
2264,"Since Trump took office, 7 million more people lack health insurance that used to have it.",15-4-2019,Bernie Sanders,train,Conflicting Evidence/Cherrypicking,Supported,
2265,The United States has three families owning more wealth than the bottom half of the American society.,15-4-2019,Bernie Sanders,train,Supported,Supported,
2266,Bernie Sanders' Medicare-for-all will save Americans money.,15-4-2019, Fox News,train,Supported,Conflicting Evidence/Cherrypicking,
2267,"The FEC report once again highlights President Trump’s immense grassroots support among small donors. 98.79% of first quarter contributions to the Campaign and the joint committees came from ‘low-dollar’ contributions, defined as $200 or less.",15-4-2019,President Trump’s reelection campaign,train,Not Enough Evidence,Supported,
2268,"Amazon, owned by the wealthiest person in this country, paid zero in federal taxes.",15-4-2019,Bernie Sanders,train,Supported,Supported,
2269,"Pat Robertson claimed that the Notre Dame cathedral fire on April 2019 was the result of ""Hell bubbling over with burning homosexuals""",15-4-2019,,train,Refuted,Refuted,
2270,"Unemployment in Germany is 3.1, percent, In Japan it's 2.8 percent, In the U.K., it's a hair higher than us.",15-4-2019,Bernie Sanders,train,Supported,Refuted,
2271,"Unemployment in Germany is 3.1%. In Japan it's 2.8%. In the UK, it's a hair higher than the US.",15-4-2019,Bernie Sanders,train,Supported,Supported,
2272,"In the Republican tax bill, 83% of the benefits went to the top 1%.",15-4-2019,Bernie Sanders,train,Conflicting Evidence/Cherrypicking,Supported,
2273,"Since Trump took office, 7 million more people lack health insurance that used to have it.",15-4-2019,Bernie Sanders,train,Conflicting Evidence/Cherrypicking,Supported,
2274,"Barack Obama wrote ""If the political winds should shift, I will side with the muslims"" in his book titled ""Audacity of Hope"".",14-4-2019,Jack Arnold,train,Refuted,Refuted,
2275,Canadian Prime Minister begs Nigerian President for one million immigrants,14-4-2019,,train,Refuted,Refuted,
2276,Republicans rushed to repeal law preventing the mentally ill from buying guns in 2017,14-4-2019,Eric swalwell,train,Supported,Supported,
2277,"Barkha Dutt, an Indian television journalist and author, called India's Bharatiya Janata Party anti-Muslim.",13-4-2019,,train,Refuted,Supported,
2278,Bill to expand access to college tuition for military families blocked by New York Democrats after they approved aid for illegal immigrants.,12-4-2019,Donald Trump,train,Supported,Refuted,
2279,The Kenyan Government asked six ministers to step aside in its last term in 2015.,10-4-2019, Kenyan deputy president William Ruto,train,Conflicting Evidence/Cherrypicking,Refuted,
2280,"Kenya’s deputy president Ruto said ‘We put it in our manifesto, to construct 57 mega dams…”",10-4-2019,William Ruto,train,Supported,Not Enough Evidence,
2281,"“In health care, we have to deal with the fact that if you’re a black woman in America today — in New York City, you’re 12 times more likely to die in childbirth, four times more likely nationwide.",10-4-2019,Kristen Gillibrand,train,Supported,Supported,
2282,None of the ministers the Kenyan Government asked to step aside in 2015 went to court because the allegations that were made against them did not have any basis.,10-4-2019, Kenyan deputy president William Ruto,train,Refuted,Conflicting Evidence/Cherrypicking,
2283,85% of Kenya is arid and semi-arid.,10-4-2019,William Ruto,train,Supported,Supported,
2284,"Special Trains from Hyderabad were provided to facilitate people going to Andhra Pradesh for the AP Elections, in 2019.",10-4-2019,,train,Supported,Supported,
2285,BBC Poll Shows BJP Win Between 323 To 380 Seats In The 2019 General Elections,10-4-2019,Chetan Dalvi,train,Refuted,Refuted,
2286,The Kenyan Government put  the construction of 57 large scale dams in their 2017 manifesto.,10-4-2019, Kenyan deputy president William Ruto,train,Supported,Not Enough Evidence,
2287,"If you’re a black woman in America today — in New York City, you’re 12 times more likely to die in childbirth compared to a White woman and four times more likely nationwide.",10-4-2019,Kirsten Gillibrand,train,Refuted,Supported,
2288,The Kenyan law states that if you are allocated a piece of land you must develop it within two years or it reverts to the government.,10-4-2019, Kenyan deputy president William Ruto,train,Supported,Refuted,
2289,Kenyan deputy president William Ruto asked six ministers in the last term (2015 to 2019) to step aside.,10-4-2019,William Ruto,train,Conflicting Evidence/Cherrypicking,Supported,
2290,None of the allegations made against Kenyan government ministers in 2015 made it to court.,10-4-2019,William Ruto,train,Refuted,Refuted,
2291,"Kenya’s deputy president, Ruto, asked six ministers in the last term to step aside.",10-4-2019,William Ruto,train,Supported,Supported,
2292,Kenya’s deputy president Ruto said “None of [the dropped ministers] even made it to court because the allegations that were made [against them] did not have any basis.”,10-4-2019,William Ruto,train,Refuted,Refuted,
2293,"Like every budget passed by the Senate since Dan Patrick has been lieutenant governor, Senate Bill 1 is within the spending limit set by the Texas Constitution.",9-4-2019,Dan Patrick,train,Supported,Supported,
2294,Housing costs are crushing the middle class. Over 11 million Americans are spending more than half of their income on housing.,9-4-2019,Kamala Harris,train,Supported,Supported,
2295,Hyderabad Police seized Rs 8 crore cash withdrawn from BJP’s bank account.,8-4-2019,Sudhir Nag,train,Supported,Refuted,
2296,"William Shakespeare wrote “I always feel happy, you know why? Because I don’t expect anything from anyone. Expectations always hurt. Life is short, so love your life, be happy. And keep smiling. Just live for yourself and before you speak, listen. Before you write, think. Before you spend, earn. Before you pray, forgive. Before you hurt, feel. Before you quit, try. Before you die, live.”",8-4-2019,Ayo Ademokoya,train,Refuted,Refuted,
2297,"Russian President Vladimir Putin has said more than once that for settling the conflict in Donbass the most important thing is not dialogue with Moscow, because Moscow is not a party to this conflict. It is an intra-Ukrainian conflict and it is up to the Ukrainians to settle it, if they talk to each other.""",8-4-2019,Dmitry Peskov,train,Refuted,Supported,
2298,South Bend in Indiana unemployment fell by half under Mayor Pete Buttigieg,7-4-2019,Pete Buttigieg,train,Not Enough Evidence,Supported,
2299,"The 2008 United States election was the first election in which voters of color comprised over 25 percent of the electorate, and that number is going up.",7-4-2019,Mac Heller,train,Supported,Supported,
2300,African-American women inmates in Caifornia prisons are sterilized to cut welfare costs in California.,6-4-2019,,train,Refuted,Refuted,
2301,"NATO Caused the Crisis in Libya with terrorism, weapons smuggling and illegal immigration beginning after the 2011 NATO intervention.",6-4-2019,Sergey Lavrov,train,Refuted,Supported,
2302,Prime Minister Scott Morrison says an electric vehicle can't tow a boat or trailer.,6-4-2019,Prime Minister Scott Morrison ,train,Refuted,Refuted,
2303,Kenya is outperforming the average global growth,5-4-2019,Uhuru Kenyatta,train,Supported,Supported,
2304,"In 2018, provisional estimates show the Kenyan economy grew by 6.1%",5-4-2019,Uhuru Kenyatta,train,Supported,Supported,
2305,Kenya's broad-based economic growth averaged 5.6% over the last five years,5-4-2019,Uhuru Kenyatta,train,Supported,Supported,
2306,US is now visa-free for Ghanaians without criminal records: stay of no more than 30 days allowed.,5-4-2019,News@7,train,Refuted,Refuted,
2307,The number of electricity connections in Kenya rose from 2.2 million in March 2013 to 7.1 million in March 2019.,5-4-2019,Uhuru Kenyatta,train,Supported,Supported,
2308,Joe Manchin was the only member of the Senate who has consistently voted against efforts to use the 'nuclear option' to change the rules of the Senate.,5-4-2019,Joe Manchin,train,Supported,Refuted,
2309,Previous claims that one or two drinks a day might protect against stroke are not true.,5-4-2019,Kelly Kelland ,train,Supported,Supported,
2310,Forty percent of Americans say they don’t have enough cash to cover a $400 emergency expense.,4-4-2019,Kamala Harris,train,Supported,Supported,
2311,3.881 million tonnes of cargo have been transported on the standard-gauge railway line in Kenya since its inception.,4-4-2019,,train,Supported,Supported,
2312,"“Forty percent of Americans say they don’t have enough cash to cover a $400 emergency expense.""",4-4-2019,Kamala Harris,train,Supported,Supported,
2313,The number of electricity connections in Kenya rose from 2.2 million in March 2013 to 7.1 million as at March 2019.,4-4-2019,Uhuru Kenyatta,train,Supported,Supported,
2314,"In 2018, provisional estimates show the Kenyan economy grew by 6.1%.",4-4-2019,Uhuru Kenyatta,train,Supported,Supported,
2315,Kenya’s average economic growth of 5.6% over the last five years outperformed the average global growth.,4-4-2019,Uhuru Kenyatta,train,Supported,Supported,
2316,"Over 175,000 Kenyans have already registered under the voluntary scheme known as ‘boma yangu.",4-4-2019,Uhuru Kenyatta,train,Supported,Supported,
2317,Kenyatta administrations broad-based economic growth averaged 5.6% over the last five years.,4-4-2019,"Uhuru Kenyatta, C.G.H., President Of The Republic Of Kenya",train,Supported,Supported,
2318,Since its inception 3.881 million tonnes of cargo have been transported on the standard-gauge railway line in Kenya.,4-4-2019,Kenya President Uhuru Kenyatta,train,Refuted,Supported,
2319,In 2018 provisional estimates show the Kenyan economy grew by 6.1%.,4-4-2019,Kenya President Uhuru Kenyatta,train,Supported,Supported,
2320,2.5 million passengers have travelled using Madaraka Express since its inception in Kenya in May 2018,4-4-2019,,train,Supported,Supported,
2321,As of 2019 the rate that the Kenyan economy grew at a pace that outperformed the average global growth.,4-4-2019,Kenya President Uhuru Kenyatta,train,Supported,Supported,
2322,"Over 175,000 Kenyans have already registered under the voluntary scheme known as boma yangu.",4-4-2019,Uhuru Kenyatta,train,Supported,Supported,
2323,Kenya's agressive push of its universal access to basic education agenda has in 2019 seen Kenya achieve a 100% transition rate.,4-4-2019,Kenya President Uhuru Kenyatta,train,Refuted,Refuted,
2324,"As of April 20 2019 over 175,000 Kenyans have already registered under the voluntary scheme known as boma yangu.",4-4-2019,Kenya President Uhuru Kenyatta,train,Supported,Not Enough Evidence,
2325,Kenyatta administrations aggressive push of this [universal access to basic education] agenda has this year seen us achieve 100% transition rate.,4-4-2019,"Uhuru Kenyatta, C.G.H., President Of The Republic Of Kenya",train,Refuted,Refuted,
2326,In Kenya over the last six years the number of electricity connections increased from 2.2 million in March 2013 to 7.1 million as at March 2019.,4-4-2019,Uhuru Kenyatta,train,Supported,Supported,
2327,"Over 175,000 Kenyans have registered under the voluntary housing allocation scheme known as boma yangu.",4-4-2019,Uhuru Kenyatta,train,Supported,Supported,
2328,As of 2019 Kenya's broad-based economic growth averaged 5.6% over the last five years,4-4-2019,Kenya President Uhuru Kenyatta,train,Supported,Supported,
2329,"Since April 2013, more than KSh1.7 trillion shillings have been transferred to the Kenyan counties.",4-4-2019,Uhuru Kenyatta,train,Refuted,Supported,
2330,Kenya's broad-based economic growth averaged 5.6% over the last five years as of 2019 under President Uhuru Kenyatta,4-4-2019,,train,Supported,Supported,
2331,"The micro, small and medium enterprises sector employs approximately 14.9 million Kenyans.",4-4-2019,Uhuru Kenyatta,train,Supported,Supported,
2332,Kenyan broad-based economic growth averaged 5.6% over the last five years.,4-4-2019,Uhuru Kenyatta,train,Supported,Supported,
2333,Since its inception 3.881 million tonnes of cargo have been transported on the standard-gauge railway line in Kenya,4-4-2019,"Uhuru Kenyatta, C.G.H., President Of The Republic Of Kenya",train,Refuted,Supported,
2334,2.5 million passengers have travelled using Madaraka Express since its inception in May 2018.,4-4-2019,Kenya President Uhuru Kenyatta,train,Not Enough Evidence,Supported,
2335,Kenya's economic growth averaged 5.6% across the five years 2013 to 2017.,4-4-2019,Uhuru Kenyatta,train,Supported,Supported,
2336,"The micro, small and medium enterprises sector employs approximately 14.9 million Kenyans.",4-4-2019,Uhuru Kenyatta,train,Supported,Supported,
2337,Kenya’s broad-based economic growth averaged 5.6% over the last five years.,4-4-2019,Uhuru Kenyatta,train,Not Enough Evidence,Supported,
2338,Kenya's broad-based economic growth averaged 5.6% over the last five years.,4-4-2019,Uhuru Kenyatta,train,Supported,Supported,
2339,2.5 million passengers have travelled using Madaraka Express since its inception in May 2017.,4-4-2019,"Uhuru Kenyatta, C.G.H., President Of The Republic Of Kenya",train,Supported,Supported,
2340,"In 2018, provisional estimates show the Kenyan economy grew by 6.1%.",4-4-2019,Uhuru Kenyatta,train,Supported,Supported,
2341,Since its inception 3.881 million tonnes of cargo have been transported on the standard-gauge railway line.,4-4-2019,Uhuru Kenyatta,train,Not Enough Evidence,Not Enough Evidence,
2342,"The micro, small and medium enterprises sector employs approximately 14.9 million Kenyans.",4-4-2019,Kenya President Uhuru Kenyatta,train,Supported,Supported,
2343,"The micro, small and medium enterprises (MSME) sector employs approximately 14.9 million Kenyans.",4-4-2019,Uhuru Kenyatta,train,Supported,Supported,
2344,Kenya's economic growth (an average of 5.6% over 2013 to 2017) outperformed the global average.,4-4-2019,Uhuru Kenyatta,train,Supported,Supported,
2345,"Since April 2013, more than KSh1.7 trillion shillings has been transferred to the counties of Kenya",4-4-2019,"Uhuru Kenyatta, C.G.H., President Of The Republic Of Kenya",train,Refuted,Supported,
2346,"The micro, small and medium enterprises sector employs approximately 14.9 million Kenyans.",4-4-2019,"Uhuru Kenyatta, C.G.H., President Of The Republic Of Kenya",train,Supported,Supported,
2347,In Kenya 2.5 million passengers have travelled using the Madaraka Express since its inception in May 2018.,4-4-2019,Uhuru Kenyatta,train,Supported,Supported,
2348,Kenyatta's aggressive push of the universal access to basic education agenda has as of 2019 seen Kenya achieve 100% transition rate,4-4-2019,,train,Refuted,Refuted,
2349,"Installed electric capacity in Kenya has increased from 1,768 MW in March 2013 to the current 2,712 MW",4-4-2019,,train,Not Enough Evidence,Supported,
2350,"Over 175,000 Kenyans have already registered under the voluntary scheme known as Boma Yangu.",4-4-2019,,train,Supported,Supported,
2351,"In 2018, provisional estimates show the Kenya economy grew by 6.1%.",4-4-2019,"Uhuru Kenyatta, C.G.H., President Of The Republic Of Kenya",train,Conflicting Evidence/Cherrypicking,Supported,
2352,Kenya's aggressive push of this [universal access to basic education] agenda has this year seen us achieve 100% transition rate,4-4-2019,Uhuru Kenyatta,train,Refuted,Refuted,
2353,"In 2018, provisional estimates show the Kenyan economy grew by 6.1%.",4-4-2019,,train,Supported,Supported,
2354,2.5 million passengers have travelled using Madaraka Express since its inception in May 2018.,4-4-2019,Uhuru Kenyatta,train,Supported,Supported,
2355,Kenyan economy outperformed the average global growth the five years between 2013 and 2017.,4-4-2019,Uhuru Kenyatta,train,Supported,Supported,
2356,"The micro, small and medium enterprises sector employs approximately 14.9 million Kenyans.",4-4-2019,Uhuru Kenyatta,train,Supported,Supported,
2357,"Kenya has made tremendous gain over the last six years, with the number of electricity connections rising from 2.2 million in March 2013 to 7.1 million as at March 2019.",4-4-2019,Uhuru Kenyatta,train,Supported,Supported,
2358,"Kenya has made tremendous gains over the last 6 years, with the number of electricity connections rising from 2.2 million in March 2013 to 7.1 million as at March 2019.",4-4-2019,Kenya President Uhuru Kenyatta,train,Supported,Supported,
2359,"Over 175,000 Kenyans have already registered under the voluntary housing scheme known as ‘boma yangu.",4-4-2019,Uhuru Kenyatta,train,Supported,Supported,
2360,"Over 175,000 Kenyans have already registered under the voluntary scheme known as boma yangu.",4-4-2019,"Uhuru Kenyatta, C.G.H., President Of The Republic Of Kenya",train,Supported,Supported,
2361,"Kenyan installed electricity capacity has increased from 1,768 MW in March 2013 to the current 2,712 MW.",4-4-2019,Uhuru Kenyatta,train,Not Enough Evidence,Supported,
2362,2.5 million passengers have travelled using Madaraka Express between its inception in May 2017 and April 2019.,4-4-2019,Uhuru Kenyatta,train,Not Enough Evidence,Supported,
2363,Kenya is outperforming the average global growth.,4-4-2019,"Uhuru Kenyatta, C.G.H., President Of The Republic Of Kenya",train,Supported,Supported,
2364,The Kenyan government’s push of the universal access to basic education agenda has seen a 100% transition rate from primary to secondary school being achieved in 2019.,4-4-2019,Uhuru Kenyatta,train,Refuted,Not Enough Evidence,
2365,"in Kenya, installed capacity (Installed capacity is the capacity of all the power plants if they run at 100%.) has increased from 1,768 MW in March 2013 to the current 2,712 MW.",4-4-2019,Kenya President Uhuru Kenyatta,train,Supported,Supported,
2366,2.5 million passengers have travelled using Kenyan Madaraka Express since its inception in May 2018.,4-4-2019,Uhuru Kenyatta,train,Supported,Supported,
2367,"Since April 2013, more than KSh1.7 trillion shillings has been transferred to the counties.",4-4-2019,Uhuru Kenyatta,train,Refuted,Supported,
2368,"Kenya's Installed capacity has increased from 1,768 MW in March 2013 to the current 2,712 MW",4-4-2019,"Uhuru Kenyatta, C.G.H., President Of The Republic Of Kenya",train,Supported,Supported,
2369,The Kenyan economy grew 6.1% in 2018.,4-4-2019,Uhuru Kenyatta,train,Refuted,Supported,
2370,"In 2018, provisional estimates show the Kenyan economy grew by 6.1%.",4-4-2019,Uhuru Kenyatta,train,Conflicting Evidence/Cherrypicking,Supported,
2371,Since its inception 3.881 million tonnes of cargo have been transported on the standard-gauge railway line in Kenya.,4-4-2019,Uhuru Kenyatta,train,Not Enough Evidence,Not Enough Evidence,
2372,Not all North Caroline teachers get a duty free lunch break.,3-4-2019,,train,Supported,Supported,
2373,The UAE has banned three-month tourist visas for Nigerians,3-4-2019,Kayode Ogundamisi,train,Refuted,Refuted,
2374,NATO States Sending Ukraine’s Navy ‘Junk’ Vessels,3-4-2019,Andrei Koshkin,train,Refuted,Conflicting Evidence/Cherrypicking,
2375,More than 6 lakh high-risk pregnancies identified.,3-4-2019,"Ministry of Health & Family Welfare (MoHFW), Government of India",train,Supported,Not Enough Evidence,
2376,More than a million Wisconsinites have voted to raise their own property taxes because Republicans have failed to fully fund our public schools for the past eight years,3-4-2019,,train,Not Enough Evidence,Supported,
2377,80.63 lakh pregnant women immunized,3-4-2019,"Ministry of Health & Family Welfare (MoHFW), Government of India",train,Supported,Not Enough Evidence,
2378,more than 50 lakh pregnant women expected to benefit every year with cash incentive of 6000 rupees,3-4-2019,"Ministry of Health & Family Welfare (MoHFW), Government of India",train,Conflicting Evidence/Cherrypicking,Supported,
2379,80.63 lakh pregnant women have been immunized in India by August 2018.,2-4-2019,BJP government in India,train,Supported,Supported,
2380,"India has validated elimination of maternal and neo-natal tetanus in May 2015, before the global target of December 2015.",2-4-2019,BJP government in India,train,Supported,Supported,
2381,3.15 crore children vaccinated in India by August 2018.,2-4-2019,BJP government in India,train,Supported,Supported,
2382,Donald trump claims Mexico only this week started to detain thousands of Central Americans at its southern border.,2-4-2019,Donald trump,train,Refuted,Refuted,
2383,"Puerto Rico got 91 Billion Dollars for the hurricane, more money than has ever been gotten for a hurricane before.",2-4-2019,Donald Trump,train,Refuted,Refuted,
2384,"Democratic Rep. Alexandria Ocasio-Cortez said, “Attorneys don’t know much about the law as lawyers do and Ben Shapiro is just an attorney. So, yeah.”",2-4-2019,Alexandria Ocasio-Cortez,train,Refuted,Refuted,
2385,"Mission Indradhanush (ensuring full immunisation with all available vaccines for children up to two years of age and pregnant women), has completed four phases covering 528 districts in India.",2-4-2019,BJP government in India,train,Supported,Supported,
2386,US senators being consulted about circuit court judicial nominees in their home states was a long standing requirement.,2-4-2019,Charles E Schumer,train,Supported,Refuted,
2387,There is a link between a rise in thyroid cancer in women and the improper use of protective equipment during mammograms.,1-4-2019,,train,Not Enough Evidence,Not Enough Evidence,
2388,"Senator Kamala Harris’s presidential campaign has raised $12 million from more than 218,000 individual contributions in the first quarter of 2019. 98 percent of Harris’s contributions were under $100 .",1-4-2019,The presidential campaign of Sen. Kamala D. Harris (D-Calif.),train,Not Enough Evidence,Supported,
2389,William T. Thompson designed the Confederate flag.,1-4-2019,Sherman A Jones,train,Conflicting Evidence/Cherrypicking,Supported,
2390,Since 1973 the income of the bottom 90% of Americans didn't budge.,1-4-2019,,train,Refuted,Supported,
2391,"During Ukraine's presidential election in 2019, the current electoral process bypassed the Donbas side, and no presidential election will be held, polling stations are open only on the territory of Donetsk and Luhansk regions controlled by Kyiv.",1-4-2019,Russian Deputy Minister of the Foreign Affairs Grigory Karasin,train,Refuted,Supported,
2392,L.A Rapper YG Shot 4 Times In Drive By Shooting,1-4-2019,,train,Refuted,Refuted,
2393,Eight professionals leave South Africa for every one that comes in.,1-4-2019,Johannes Wessels,train,Not Enough Evidence,Refuted,
2394,President Donald Trump wants to abolish the pre-existing conditions protections within the U.S Affordable Care Act (ACA).,31-3-2019,Bernie Sanders (Senator),train,Supported,Supported,
2395,"President Donald Trump wants to change the  Affordable Care Act (ACA) protections, abolishing health insurance for kids who are 26 years of age or younger who are currently on their parents plans, which will throw 32 million Americans off their current health insurance.",31-3-2019,Bernie Sanders (Senator),train,Conflicting Evidence/Cherrypicking,Conflicting Evidence/Cherrypicking,
2396,"When Winston Churchill was asked to cut arts funding in favour of the war effort, he simply replied, ‘then what are we fighting for?",31-3-2019,,train,Refuted,Refuted,
2397,"United Nations Secretary-General Antonio Guterres has called on Nigeria to ""start teaching the Biafran anthem to your citizens now"".",30-3-2019,Oluchi Obiakor,train,Refuted,Refuted,
2398,People living in Labour councils pay on average £351 less council tax than those living in Tory councils.,30-3-2019,The Labour party ,train,Conflicting Evidence/Cherrypicking,Supported,
2399,The House of Commons has little more than 635 employees.,29-3-2019,,train,Refuted,Supported,
2400,"19% of WVians rely on SNAP,"" or food stamps.",29-3-2019,Joe Manchin,train,Refuted,Supported,
2401,"This year alone, MPs have cost the British taxpayer £92,993,748 in expenses.",29-3-2019,,train,Refuted,Supported,
2402,"A double taxation avoidance agreement was signed between India and three new countries, which are: Mauritius, Cyprus, and Singapore.",28-3-2019,,train,Conflicting Evidence/Cherrypicking,Supported,
2403,"The U.S. has created 5.5 million new jobs, including 600,000 brand new manufacturing jobs, since Donald Trump's election. Nobody would have believed that was possible.",28-3-2019,Donald Trump,train,Refuted,Refuted,
2404,"The US Trump administration passed massive tax cuts, the biggest in the history of the country",28-3-2019,US President Donald Trump ,train,Refuted,Refuted,
2405,"President Donald Trump will get full funding of $300 million for the Great Lakes Restoration Initiative, which the program has been waiting 30 years for.",28-3-2019,Donald Trump,train,Refuted,Refuted,
2406,"In the US, more manufacturing jobs were created in 2018 than any year in 21 years",28-3-2019,US President Donald Trump ,train,Supported,Supported,
2407,President Donald Trump revitalizing automobile industries that were decimated before he took office.,28-3-2019,Donald Trump,train,Refuted,Refuted,
2408,"Since US President Trump's election in November 2016, 600,000 new  manufacturing jobs have been created.",28-3-2019,US President Donald Trump ,train,Not Enough Evidence,Supported,
2409,There is an agreement on real time information sharing between India and Switzerland.,28-3-2019,,train,Supported,Supported,
2410,Bluegill fish are responsible for over 500 peoples deaths in the United States of America every summer.,28-3-2019,,train,Refuted,Refuted,
2411,"America's Fox News shows beat their average performance, as their CNN and MSNBC counterparts plunged on March 26 and 27, 2019.",28-3-2019,US President Donald Trump ,train,Supported,Supported,
2412,"Founding father Thomas Jefferson said, “A government big enough to give you everything you want is strong enough to take everything you have.”",28-3-2019,,train,Refuted,Refuted,
2413,"In the last two years The U.S. Immigration and Customs Enforcement officers have made 266,000 arrests of criminal aliens…including those charged or convicted of nearly 100,000 assaults, 30,000 sex crimes, 4,000 kidnappings, and 4,000 murders.",28-3-2019,US President Donald Trump,train,Conflicting Evidence/Cherrypicking,Supported,
2414,"Since US President Trump's election in November 2016, 5.5 million new jobs have been created.",28-3-2019,US President Donald Trump ,train,Supported,Supported,
2415,"A generation ago, 37 cents out of every US food dollar went into a farmer’s pocket. Today, it’s 15 cents.",28-3-2019,Elizabeth Warren,train,Conflicting Evidence/Cherrypicking,Supported,
2416,US President Trump's political opponents launched the probe into Russia's presidential election interference as revenge for losing the 2016 election.,28-3-2019,US President Donald Trump ,train,Not Enough Evidence,Refuted,
2417,The U.S. Immigration and Customs Enforcement (ICE)  removed thousands of  gang members,28-3-2019,US President Donald Trump,train,Supported,Supported,
2418,The US Great Lakes Initiative is to receive full funding of $300 million after a more than 30 years wait.,28-3-2019,US President Donald Trump,train,Refuted,Supported,
2419,"In 2018, US drug prices  declined for the first time in 46 years.",28-3-2019,US President Donald Trump ,train,Refuted,Supported,
2420,Under Donald Trump presidency there will always be protection for patients with pre-existing conditions.,28-3-2019,Donald Trump,train,Not Enough Evidence,Refuted,
2421,"A generation ago, 37 cents out of every food dollar went into a farmer’s pocket. Today, it’s 15 cents.",27-3-2019,Elizabeth Warren,train,Not Enough Evidence,Supported,
2422,Uganda’s President Yoweri Museveni said trees in Finland can take 120 years to mature.,27-3-2019,,train,Supported,Supported,
2423,"“In 2017, there were more marijuana arrests in this country than all violent crime arrests combined.”",27-3-2019,Cory Booker,train,Supported,Supported,
2424,"“Jokowi administration offers Bogor city to China.""",27-3-2019,,train,Refuted,Refuted,
2425,"In 2017, there were more marijuana arrests in this country than all violent crime arrests combined.",27-3-2019,Cory Booker,train,Supported,Supported,
2426,Robert Soros (Son of George Soros) is married To Sister of Adam Schiff.,27-3-2019,Craig McAninch,train,Refuted,Refuted,
2427,"In 2017, there were more marijuana arrests in the US, than all violent crime arrests combined.",27-3-2019,Cory Booker,train,Supported,Supported,
2428,Police in Thailand can issue fines to anyone who does not wear a face mask in public during the novel coronavirus pandemic.,26-3-2019,Chainarong Meetemruk,train,Refuted,Refuted,
2429,"President Trump immediately dropped American sanctions against Russia after his election,",26-3-2019,,train,Refuted,Refuted,
2430,Prime Minister Narendra Modi tops the list of 50 most honest politicians that was released in the USA.,26-3-2019,,train,Refuted,Refuted,
2431,Nudist beach to open soon on Lake Texoma in Marshall County.,25-3-2019,,train,Refuted,Refuted,
2432,"South Africa’s official opposition party, the Democratic Alliance (DA), launched its election manifesto in Johannesburg on 23 February 2019.",25-3-2019,,train,Supported,Supported,
2433,Eight Democratic candidates ‘boycott’ the AIPAC conference,25-3-2019,,train,Supported,Supported,
2434,"In summary of Robert Mueller's report Bill Barr concludes that Special Counsel Robert Mueller stated, ""while this report does not conclude that the President committed a crime, it also does not exonerate him.”",24-3-2019,Bill Barr,train,Supported,Supported,
2435,The Council on American-Islamic Relations was founded in response to 9/11.,23-3-2019,Ilhan Omar,train,Refuted,Refuted,
2436,An estimated 1 million people marched for a People's vote on Saturday 23rd March.,23-3-2019,People's Vote,train,Refuted,Supported,
2437,"CAIR was founded after 9/11, because they recognized that some people did something and that all of us were starting to lose access to our civil liberties",23-3-2019,Ilhan Omar,train,Refuted,Refuted,
2438,"The 2019 DMK parliamentary Manifesto says that: ‘People occupying encroached Temple lands will be regularized and ownership transferred’, ‘Encroached Wakf properties will be reclaimed and handed over to wakf’",22-3-2019,Madhu Purnima Kishwar,train,Refuted,Supported,
2439,"America’s life expectancy has declined for the last three years in a row, the first time in a hundred years, because of surges in suicides and drug overdoses.",22-3-2019,Andrew Yang,train,Supported,Supported,
2440,The UK and US have exported no vaccines.,21-3-2019,Alex Taylor,train,Refuted,Refuted,
2441,American middle schools caught forcing students to do Muslim prayers 5 times a day.,20-3-2019,Bloggers,train,Refuted,Refuted,
2442,"President Donald Trump gave John McCain the kind of funeral he wanted, which as president he had to approve but got no thanks for.",20-3-2019,President Donald Trump,train,Conflicting Evidence/Cherrypicking,Refuted,
2443,Nigeria has ‘100 million generators in private hands’.,20-3-2019, Bongani Bingwa ,train,Not Enough Evidence,Refuted,
2444,Women in Russia get paid less than men for the same work.,20-3-2019,Tamara Pletneva,train,Supported,Supported,
2445,United States G.D.P is above 3 percent for the first time in fourteen years but the press took odd months and said it was 2.9.,20-3-2019,President Donald Trump,train,Refuted,Refuted,
2446,"For four years President Obama budgeted for zero upgrades to U.S tanks which affected U.S military readiness and slashed the work force by sixty percent at manufacturing plants in Lima, Ohio.",20-3-2019,President Donald Trump,train,Refuted,Refuted,
2447,The Insolvency and Bankruptcy Code has led to significant results in India.,20-3-2019,BJP,train,Refuted,Supported,
2448,"The gross domestic product grew 3.1 percent in 2018, after adjusting for inflation.",20-3-2019,Donald Trump,train,Supported,Supported,
2449,Russia has a lower prison population than America because of the presence of telephone justice in Russia,20-3-2019,,train,Conflicting Evidence/Cherrypicking,Refuted,
2450,The Indian Government has approved Public Sector Banks to amalgamate through an alternative mechanism to facilitate consolidation,20-3-2019,BJP,train,Supported,Supported,
2451,"Illegal immigrants to the USA kill 4,000 people per year.",19-3-2019,Steve Reichert,train,Refuted,Refuted,
2452,"West Virgina has fewer science, technology, engineering and math graduates than any neighbouring state.",19-3-2019,President E. Gordon Gee,train,Supported,Supported,
2453,People who are vaccinated against chickenpox need to keep getting boosters.,19-3-2019,US Kentucky Gov. Matt Bevin,train,Refuted,Supported,
2454,Fewer than 500 people a year in the USA are killed by rifles.,19-3-2019,Steve Reichert,train,Supported,Supported,
2455,Natural chickenpox infection in childhood will have 99.999 percent no long-term repercussions.,19-3-2019,US Kentucky Gov. Matt Bevin,train,Refuted,Refuted,
2456,Sen. Kirsten Gillibrand has the most votes against Donald Trump cabinet nominees,18-3-2019,Kirsten Gillibrand,train,Supported,Supported,
2457,50% of Americans agree that Robert Mueller’s investigation is a Witch Hunt.,18-3-2019,Donald Trump,train,Supported,Supported,
2458,Nigeria generates over 62 million tonnes of waste a year,16-3-2019,,train,Refuted,Supported,
2459,50%of all school teachers in Texas (US) are working second or third jobs.,15-3-2019,2020 presidential candidate Beto O’Rourke,train,Refuted,Not Enough Evidence,
2460,Each person [in Nigeria] generates an average of 0.65 kg of waste per day,15-3-2019,,train,Supported,Supported,
2461,POLITICS Nigeria HAS Won Over 700 Medals In The Last 3 year,15-3-2019,,train,Refuted,Not Enough Evidence,
2462,No one in Mid Ulster speaks Irish as their first language.,15-3-2019,Clement Cuthbertson,train,Refuted,Refuted,
2463,Wall Street got a trillion dollar bail out in 2008.,15-3-2019,Bernie Sanders,train,Refuted,Supported,
2464,Lagos has an estimated 21 million inhabitants,14-3-2019,,train,Conflicting Evidence/Cherrypicking,Supported,
2465,The Indian government has issued an order against sharing political posts online.,14-3-2019,,train,Refuted,Refuted,
2466,Images of the new Indian e-passport.,14-3-2019,Dr Irfan Ahmed Khan,train,Refuted,Not Enough Evidence,
2467,Senator Thom Tillis changes position on President Trump's national emergency declaration for border wall funding,14-3-2019,,train,Supported,Supported,
2468,sodium bicarbonate (baking soda) can cure cancer.,13-3-2019, Tullio Simoncini,train,Refuted,Refuted,
2469,"Joe biden said The Trump budget cuts $845 billion, almost a trillion dollar cut in Medicare.",12-3-2019,Joe Biden ,train,Refuted,Supported,
2470,Donald Trump says Jews are leaving the Democratic Party,12-3-2019,President Donald Trump,train,Not Enough Evidence,Not Enough Evidence,
2471,Democrats in the House of Representatives voted for the right of illegal immigrants to vote in the US.,12-3-2019,,train,Refuted,Refuted,
2472,"52 counties in the state of New York have average taxes of above the SALT (state and local taxes) $10,000 cap",11-3-2019,Andrew Cuomo,train,Supported,Supported,
2473,"The Boeing 737 Max 8, the type of plane that crashed in Ethiopia, continues to fly in the United States, despite the FAA saying ""software updates are likely coming.""",11-3-2019,Boeing Statement on 737 MAX Software Enhancement,train,Supported,Refuted,
2474,Thomas Jefferson third president of the United States said hemp is of first necessity to the wealth and protection of the country.,11-3-2019,Vincette Wilson,train,Refuted,Supported,
2475,The Catholic Church announced that it was introducing burkas for altar servers.,11-3-2019,,train,Refuted,Refuted,
2476,Kenya has one of the worst maternal mortality rates in the world.,10-3-2019,Penny Appeal,train,Supported,Refuted,
2477,El Paso US Democrat Beto O’Rourke said that the only qualifications working women had were their phenomenally large breasts and tight buttocks.,10-3-2019,Club for Growth,train,Conflicting Evidence/Cherrypicking,Refuted,
2478,Kenya has one of the worst maternal mortality rates in the world,10-3-2019,Penny Appeal UK registered charity.,train,Supported,Supported,
2479,Poland has had no terror attacks.,9-3-2019,Maxim Lowe,train,Refuted,Refuted,
2480,Poland has a no-migrants policy.,9-3-2019,Maxim Lowe,train,Refuted,Refuted,
2481,"Donald Trumps tax cut was about 1.5 trillion dollars scored. It has been virtually paid for, at least 80 percent paid for and that’s by the CBO’s own numbers.",8-3-2019,Larry Kudlow,train,Not Enough Evidence,Refuted,
2482,HR 1 is going to take your hard-earned tax dollars and millions more and send them to (a political candidate’s) campaign so (they) can put ads on TV,7-3-2019,Mark Walker,train,Refuted,Refuted,
2483,"Four members of the Congress and Samajwadi Party assaulted two Kashmiri dry fruit sellers in Lucknow, India in March 2019.",7-3-2019,Narendra Modi Army,train,Refuted,Supported,
2484,"Russia has historically reaffirmed its role as a state  that is the guarantor of stability and security, and is a party that brings peace, not agression.",7-3-2019,Russian Foreign Ministry spokeswoman Maria Zakharova ,train,Refuted,Refuted,
2485,The Nigerian Supreme Court nullified the results of the 2019 Nigerian Presidential Election.,7-3-2019,Exclusive 103.com website,train,Refuted,Refuted,
2486,MMR Vaccine does not causes autism in Children.,6-3-2019,Jacaranda 94.2,train,Supported,Supported,
2487,Over ninety per cent of those who died during the Troubles in Northern Ireland were killed by paramilitaries.,6-3-2019,,train,Not Enough Evidence,Supported,
2488,Nigeria’s central bank has banned textile imports,5-3-2019,Nigerian Tribune Newspaper ,train,Refuted,Supported,
2489,Former U.S. President Barack Obama didn't turn over any documents to Congress.,5-3-2019,President Trump ,train,Refuted,Refuted,
2490,"3,65,996 crore rupees were directly transferred into bank account of beneficiaries of PAHAL, India's Direct Benefit Transfer for LPG, 431consumer schemes",4-3-2019,BJP government,train,Conflicting Evidence/Cherrypicking,Supported,
2491,"Muslim Figure Said ""We must have Pork-Free Menus Or We Will Leave U.S",4-3-2019,,train,Refuted,Refuted,
2492,"Bellingcat set out to prove Petrov and Boshirov - two men suspected by British authorities of poisoning Sergei and Yulia Skripal in Salisbury, England on March 4, 2018 - were secret Russian spies.",4-3-2019,,train,Not Enough Evidence,Supported,
2493,"PAHAL, India's Direct Benefit Transfer for LPG consumer scheme, is the world’s largest cash transfer program.",4-3-2019,BJP government,train,Supported,Supported,
2494,"When the Coalition came to power, it inherited a 755 million tonne emissions deficit needed to reach Australia's second Kyoto target because Labor hadn't done the hard work.",3-3-2019,Angus Taylor,train,Refuted,Refuted,
2495,"Vice President, Prof. Yemi Osinbajo has said that ""the N10,000 loan given to traders under the Tradermoni scheme of the Federal Government has been stopped"".",3-3-2019,@Pr8nz ,train,Refuted,Refuted,
2496,Obama's 2 terms were a crime spree.,3-3-2019,Deplorables for Trump,train,Refuted,Refuted,
2497,"Donald trump claims ""Nobody shows up (for immigration hearings). Three percent of the people come back for a trial.""",2-3-2019,Donald trump,train,Refuted,Refuted,
2498,"Donald Trump claims that Virginia’s Democratic governor said he would allow parents, ""if they didn’t want the child, who is now outside of the womb — long outside of the womb — they will execute the baby after birth.""",2-3-2019,Donald trump,train,Refuted,Refuted,
2499,More people are working today in the United States than ever before in the history of our country.,2-3-2019,Donald trump ,train,Supported,Supported,
2500,The Trump administration passed the largest package of tax cuts and reforms in American history.,2-3-2019,Donald Trump,train,Refuted,Supported,
2501,"The visa lottery in the US, allows foreign governments to send criminals and people they don't want.",2-3-2019,Donald Trump,train,Refuted,Refuted,
2502,"Donald trump claims 'We have nearly 5 million Americans that have been lifted off of food stamps.""",2-3-2019,Donald trump,train,Not Enough Evidence,Refuted,
2503,Donald trump claims that 'We passed the largest package of tax cuts and reforms in American history',2-3-2019,Donald trump,train,Refuted,Refuted,
2504,The BJP government published an infographic on the 48-months portal that makes four claims about the Jan Suraksha Yojana. This article is a fact check of those claims.,2-3-2019, AILA BANDAGI KANDLAKUNTA,train,Supported,Not Enough Evidence,
2505,More people are working today in the United States than ever before in the history of our country.,2-3-2019,Donald Trump,train,Supported,Supported,
2506,"The  Visa lottery — that’s where they put in the names; they put it in a lottery, and you pick, ‘Oh, here’s a wonderful person. Wonderful.’ You know, he killed four people. ‘Here’s — here’s another wonderful.’ … They send us the people they don’t want.",2-3-2019,Donald Trump,train,Refuted,Refuted,
2507,Medicare for All would result in massive tax increases like never before as well as the loss of private coverage for over 180 million Americans.,2-3-2019,Donald trump,train,Conflicting Evidence/Cherrypicking,Conflicting Evidence/Cherrypicking,
2508,"When the wind stops blowing, that’s the end of your electric (power).",2-3-2019,Donald Trump,train,Refuted,Refuted,
2509,"For many, many decades veterans have been trying to get VA Choice. You couldn’t get it. ... Now these great veterans, if there’s a big wait, they go outside, they go to a local doctor. We pay the bills. They get better. Everybody is happy. And we actually save a lot of money, if you can believe it. And I got that approved after 44 years of being unable to get it approved.",2-3-2019,Donald Trump,train,Refuted,Refuted,
2510,Not a single bulletproof jacket was procured in UPA rule from 2009 to 2014.,2-3-2019,Narendra Modi,train,Supported,Refuted,
2511,"Donald trump claims When the wind stops blowing, that’s the end of your electric (power)",2-3-2019,Donald trump,train,Refuted,Refuted,
2512,"We have created ""5.3 million new jobs, including over, now, 600,000 beautiful, brand-new manufacturing jobs.""",2-3-2019,Donald Trump,train,Refuted,Refuted,
2513,Donald trump made claims about the veterans choice program being something that people has failed to create for four decades.,2-3-2019,Donald trump,train,Refuted,Conflicting Evidence/Cherrypicking,
2514,"Donald trump claims ""One in three women is sexually assaulted on the dangerous journey north.""",2-3-2019,Donald trump,train,Supported,Conflicting Evidence/Cherrypicking,
2515,"Donal d trump claims ""The unemployment rate has reached the lowest in over 51 years. And African American, … Hispanic American, Asian American unemployment rates are at their all-time historic lows.""",2-3-2019,Donald trump,train,Supported,Supported,
2516,"Beto O’Rourke and Sen. Kirsten Gillibrand ""have both said they would tear down the border wall between the US and Mexico if elected president",1-3-2019,America first,train,Not Enough Evidence,Supported,
2517,Cancer is Candida or Fungus.,1-3-2019,,train,Refuted,Refuted,
2518,CORY AQUINO's Presidency of the Philippines is unconstitutional.,1-3-2019,Lyca Mortez,train,Refuted,Refuted,
2519,"In North Carolina, US absentee voters had no way to track whether their ballots were ever delivered in the November US 2018 congressional election.",26-2-2019,US Republican Majority Leader Mitch McConnell,train,Refuted,Supported,
2520,Buncombe County Sheriff Quentin Miller says an ICE detainer request is not a valid warrant.,26-2-2019,Quentin Miller,train,Supported,Supported,
2521,"Blake Griffin, a forward for the Detroit Pistons basketball team, will pay $258,000 per month in child support to his ex Brynn Cameron.",25-2-2019,,train,Refuted,Supported,
2522,"Trump promised during the campaign not to cut Social Security or Medicare, his proposed 2019 budget included cuts of $500 billion to Medicare and $72 billion to Social Security",25-2-2019,Bernie Sanders,train,Refuted,Supported,
2523,"In the United States right now, we have more income and wealth inequality than any other country on Earth.",25-2-2019,Bernie Sanders,train,Refuted,Conflicting Evidence/Cherrypicking,
2524,The U.S has record bankruptcies in farming country.,24-2-2019,Heidi Heitkamp,train,Conflicting Evidence/Cherrypicking,Supported,
2525,Virginia House Delegate says that Republicans have had more African-Americans on key committees than when the Democrats were in control.,23-2-2019,Chris Jones,train,Not Enough Evidence,Not Enough Evidence,
2526,"50% of all new jobs in South Africa, in the past year, were created in the Western Cape.",23-2-2019,Democratic Alliance Party,train,Conflicting Evidence/Cherrypicking,Not Enough Evidence,
2527,Youth unemployment in South Africa is amongst the highest in the world.,23-2-2019,The Democratic Alliance Party,train,Supported,Supported,
2528,There is no human-caused climate change,22-2-2019,John Coleman,train,Refuted,Refuted,
2529,The BJP government aims to cover 28.5 lakh hectare area under irrigation,22-2-2019,BJP Government ,train,Supported,Supported,
2530,"French President Emmanuel Macron said the UK must take its share of migrants, 300,000 now immediately and up to 100,000 every year until the situation is resolved if it wants to remain in the EU.",22-2-2019,Emmanuel Macron,train,Refuted,Refuted,
2531,In 1963 Bernie Sanders was arrested for throwing eggs at black civil rights protestors.,22-2-2019,Republican Revival,train,Refuted,Refuted,
2532,The BJP government has uploaded an infographic on their 48-months portal that makes claims about the Pradhan Mantri Krishi Sinchai Yojana (PMKSY). one such claim is - Facilitating farmers for installing solar water pumps in field irrigation.,22-2-2019,BJP Government ,train,Supported,Supported,
2533,The BJP government has uploaded an infographic on their 48-months portal that makes claims about the Pradhan Mantri Krishi Sinchai Yojana (PMKSY). one such claim is - Dedicated micro irrigation fund of 5000 crore rupees.,22-2-2019,BJP Government ,train,Supported,Supported,
2534,French President Emmanuel Macron said the UK will only be allowed to stay in the EU if they fully adopt all EU rules and regulations including adopting the Euro within six months of stopping Brexit.,22-2-2019,Emmanuel Macron,train,Refuted,Refuted,
2535,Sen. Kamala Harris is the aunt of “Empire” actor Jussie Smollett,21-2-2019,Marie Kerlagon,train,Refuted,Refuted,
2536,"The Jobs Fund in South Africa is a vital component to private sector job creation. The fund has created well over 200,000 jobs since its inception.",20-2-2019,Finance minister Tito Mboweni,train,Supported,Not Enough Evidence,
2537,"Funding to the clothing and textile competitivenss programme will support 35,500 existing jobs.",20-2-2019,Finance minister Tito Mboweni,train,Not Enough Evidence,Not Enough Evidence,
2538,The trade balance between the US and the EU is $151 billion.,20-2-2019,Donald Trump,train,Refuted,Refuted,
2539,"The South African Jobs Fund has created well over 200,000 jobs since its inception.",20-2-2019,Tito Mboweni ,train,Supported,Supported,
2540,Jobs for 1.1 million young people are supported by the Employment Tax Incentive (ETI) scheme in South Africa.,20-2-2019,Tito Mboweni ,train,Supported,Supported,
2541,"A meme that asks ""When will liberals check out the Quran?"" lists nine supposed quotes from the Muslim holy book.",20-2-2019,,train,Refuted,Refuted,
2542,Man who cited religious reasons for not paying his income taxes “has won a historic lawsuit against the IRS.”,20-2-2019,,train,Refuted,Refuted,
2543,Bill Gates is investing another $5 billion in South Africa.,20-2-2019,Couple of Happiness,train,Not Enough Evidence,Refuted,
2544,"[Funding] to the clothing and textile competitiveness programme… will support 35,500 existing job.",20-2-2019,Tito Mboweni ,train,Not Enough Evidence,Not Enough Evidence,
2545,"In the Australian Government in 2019, Labor had twice the number of women the Liberals had in Parliament and on the frontbench.",20-2-2019,Tanya Plibersek,train,Not Enough Evidence,Supported,
2546,"Genetically modified yeast, animal, bacterial and viral DNA in vaccines can be incorporated into the recipient’s DNA causing unknown genetic mutations.",19-2-2019,,train,Refuted,Refuted,
2547,Alexandria-Ocasio Cortez puts out a press release on Twitter saying that a Alabama mother who supports ISIS is a bigger hero than our U.S veterans and should be welcomed home.,19-2-2019,JohnGilmore@Shabbosgoy,train,Refuted,Refuted,
2548,"Beta-Propiolactone is in vaccines and is known to cause cancer, suspected gastrointestinal, liver, nerve and respiratory, skin and sense organ poison.",19-2-2019,,train,Conflicting Evidence/Cherrypicking,Refuted,
2549,Alexandria-Ocasio Cortez puts out a press release on Twitter demanding that President Trump should be blocked from stopping the return of a heroic mother from Alabama who supports ISIS.,19-2-2019,JohnGilmore@Shabbosgoy,train,Refuted,Refuted,
2550,Formaldehyde is in vaccines and causes cancer in humans among other issues and is banned from vaccines in most European countries,19-2-2019,,train,Refuted,Refuted,
2551,"Today’s minimum wage worker making $7.25 an hour has less buying power than a minimum wage worker in the 1960s.""",19-2-2019,Bobby Scott,train,Supported,Supported,
2552,The antibiotics gentamicin sulfate and polymyxin b are in vaccines and can cause allergic reactions ranging from mild to life-threatening.,19-2-2019,,train,Conflicting Evidence/Cherrypicking,Supported,
2553,"Mercury (aka thimerosal or thiomersal) is in vaccines and can damage the brain, gut, liver, bone marrow, nervous system, and kidneys. It is linked to autoimmune disorders, including autism.",19-2-2019,,train,Refuted,Refuted,
2554,"Farmers are declaring bankruptcy ""in record numbers"" and ""the median income for U.S. farm households was -$1,548 in 2018.""",19-2-2019,Tulsi Gabbard,train,Refuted,Supported,
2555,"Alexandreia Ocasio-Coretz posted in a tweet, ""We must block Trump from stopping the return of the heroic Alabama mother from ISIS. In many ways she is more of a hero then our veterans. Welcome home sister!""",19-2-2019,@AOCpress,train,Refuted,Refuted,
2556,Farm credit target raised to 11 lakh crore rupees for 2018-19,18-2-2019,,train,Supported,Supported,
2557,Rs. 2000 crore for agri-market infrastructure fund set up,18-2-2019,,train,Conflicting Evidence/Cherrypicking,Supported,
2558,Countries are putting bad people into the United States visa lottery program.,15-2-2019,US President Donald Trump,train,Refuted,Refuted,
2559,China has a death penalty for drug dealers,15-2-2019,US President Donald Trump,train,Supported,Supported,
2560,Former President Barack Obama would have gone to war with North Korea.,15-2-2019,Donald Trump,train,Refuted,Not Enough Evidence,
2561,"In China, a drug dealer gets the death penalty. In America, a drug dealer gets a fine.",15-2-2019,Donald Trump,train,Conflicting Evidence/Cherrypicking,Refuted,
2562,President Obama put more debt on the USA than any president in the history of our country combined.,15-2-2019,Donald Trump,train,Refuted,Refuted,
2563,"The US Government may be using parts of one of the national emergencies that (President Barack Obama) signed having to do with cartels, criminal cartels",15-2-2019,US President Donald Trump,train,Supported,Supported,
2564,"When countries put people into the diversity visa lottery program, they’re putting some very bad people in the lottery",15-2-2019,Donald Trump,train,Refuted,Refuted,
2565,"A big majority of the big drugs, the big drug loads, don't go through ports of entry. They can't go through ports of entry.",15-2-2019,Donald Trump,train,Refuted,Refuted,
2566,"Sayfullo Saipov, the Uzbekistan-born suspect on trial for the 2017 truck attack in New York, US, is an example of chain migration, ie bringing many people into the US.",15-2-2019,US President Donald Trump,train,Refuted,Supported,
2567,Drug loads can't enter the US through US ports of entry.,15-2-2019,US President Donald Trump,train,Refuted,Refuted,
2568,"The U.S. may be using one of the national emergencies that (President Barack Obama) signed having to do with cartels, criminal cartels.",15-2-2019,Donald Trump,train,Supported,Supported,
2569,"In China, a drug dealer gets a thing called the death penalty. Our criminal list, a drug dealer gets a thing called, how about a fine?",15-2-2019,Donald Trump,train,Refuted,Refuted,
2570,US President Obama was ready to have gone to war with North Korea.,15-2-2019,US President Donald Trump,train,Refuted,Refuted,
2571,"The US has chain migration, where a family member can bring in 20+ people and that is what happened on the West Side highway. A young man killed eight people and brought in many people because of chain migration.",15-2-2019,Donald Trump,train,Refuted,Refuted,
2572,The U.S. will have a national emergency and will then be sued in the Ninth Circuit.,15-2-2019,Donald Trump,train,Supported,Supported,
2573,Lawsuits challenging the emergency order to secure funding for a border wall shouldn't be heard in the Ninth Circuit Court of Appeals.,15-2-2019,Donald Trump,train,Refuted,Conflicting Evidence/Cherrypicking,
2574,"You have the lottery — It’s a horror show. Because when countries put people into the lottery, they’re not putting you in. They’re putting some very bad people in the lottery. It’s common sense.",15-2-2019,Donald Trump,train,Refuted,Refuted,
2575,In the US a drug dealer gets a fine.,15-2-2019, US President Donald Trump,train,Refuted,Refuted,
2576,President Obama put more debt on this country than any president in the history of our country combined.,15-2-2019,Donald Trump,train,Conflicting Evidence/Cherrypicking,Refuted,
2577,"President Donald Trump will sign a national emergency which has been signed many times before. It's been signed by other presidents from 1977 or so, it gave the presidents the power. There's rarely been a problem.",15-2-2019,Donald Trump,train,Supported,Supported,
2578,"You have chain migration. Where a bad person comes in, brings 22 or 23 or 35 of his family members, because he has his mother, his grandmother, sister, cousin, uncle. They are all in. You know what happened on the west side highway? That young wise guy drove over and killed eight people... He had many people brought in because he was in the United States.",15-2-2019,Donald Trump,train,Refuted,Refuted,
2579,"US chain migration allows a bad person to come into the US, and bring 22 or 23 or 35 of his family members because he has his mother, his grandmother, sister, cousin, uncle.",15-2-2019,US President Donald Trump,train,Conflicting Evidence/Cherrypicking,Conflicting Evidence/Cherrypicking,
2580,"The U.S. may be using one of the national emergencies that President Barack Obama signed having to do with cartels, criminal cartels.",15-2-2019,Donald Trump,train,Supported,Supported,
2581,"A big majority of the big drugs, the big drug loads don't go through US ports of entry.",15-2-2019,Donald Trump,train,Conflicting Evidence/Cherrypicking,Refuted,
2582,"Beto O’Rourke said, ""If I could throw two kinds of people in the garbage it would be the elderly and wounded veterans. When a tool breaks, you don’t fix it; you throw it in the damn trash.""",13-2-2019,Send Them All to Prison,train,Refuted,Refuted,
2583,"nearly half"" of House US Republicans have supported a nonpartisan redistricting bill.",13-2-2019, Paul Specht,train,Not Enough Evidence,Supported,
2584,"Net migration to the UK could be 100,000 higher after Brexit under the government’s plans.",13-2-2019,,train,Refuted,Supported,
2585,Green New Deal would eliminate air travel,12-2-2019,Liz Cheney,train,Refuted,Refuted,
2586,Mississippi passed the 5-71-226 Anti-Youth Subversion Act banning talking to minors about atheist Richard Dawkins.,12-2-2019,Laughing in Disbelief,train,Refuted,Refuted,
2587,"Prior to 2019, South Korea was paying $500 million a year under a cost-sharing deal that helps fund American military forces in that country..",11-2-2019,US President Donald Trump,train,Refuted,Supported,
2588,Fact checkers did not hold Obama accountable for his promises on the care act.,11-2-2019,Donald Trump ,train,Not Enough Evidence,Conflicting Evidence/Cherrypicking,
2589,The US trade deficit has decreased during US President Trump's term of office.,11-2-2019,US President Donald Trump,train,Refuted,Refuted,
2590,"There were 1,200 murders in 2018 in Juarez, Mexico compared with 23 just across the border in El Paso, Texas, US, due to the construction of the border fence.",11-2-2019,US President Donald Trump,train,Refuted,Supported,
2591,Actor and legendary comedian Bill Murray has died.,10-2-2019,Flagg Eagleton,train,Refuted,Refuted,
2592,"A terminally ill 17-year-old and HIV-positive, Jeffrey Jones, requests oral sex from a porn star as his final wish, hoping to get it fulfilled by the Make-A-Wish foundation.",10-2-2019,Pablo Reyes,train,Refuted,Refuted,
2593,A diet based on your blood type fights fatigue.,10-2-2019,Healthy First,train,Refuted,Refuted,
2594,"Vice-Presidential candidate of the Peoples’ Democratic Party (PDP), Peter Obi’s Convoy Was Attacked In Abuja Market, Nigeria.",9-2-2019,,train,Refuted,Supported,
2595,Peter Obi was almost killed during an attack on his convoy in Abuja Market.,9-2-2019,,train,Refuted,Refuted,
2596,"For 50 years, prior to 2019, only 2.3 million Kenyans were connected to electricity.",8-2-2019,Deputy president William Ruto,train,Supported,Refuted,
2597,The Kenyan railway was planned by the government for 30 years.,8-2-2019,Deputy president William Ruto,train,Refuted,Supported,
2598,The Kenyan government have connected 6.9 million people to electricity in the last five years.,8-2-2019,William Ruto,train,Refuted,Supported,
2599,The diaspora is the largest contributor to Kenya's foreign exchange.,8-2-2019,William Ruto,train,Supported,Supported,
2600,"12,000 kilometres of tarmac  in Kenya, were constructed in 50 years.",8-2-2019,William Ruto,train,Not Enough Evidence,Supported,
2601,The Kenyan government has built a standard-gauge railway of 600 kilometres between 2014 and 2019.,8-2-2019,William Ruto,train,Conflicting Evidence/Cherrypicking,Supported,
2602,"It is a constitutional requirement in Kenya, that when the president is away, the deputy president must be in the country.",8-2-2019,Deputy president William Ruto,train,Supported,Refuted,
2603,"In Kenya it is a constitutional requirement that when the president is away, the deputy president must be in the country",8-2-2019,William Ruto,train,Supported,Refuted,
2604,For 50 years only 2.3 million Kenyans were connected to electricity.,8-2-2019,William Ruto,train,Supported,Refuted,
2605,The number of people on health insurance in Kenya increased from 3 million to 7 million in the period 2014 to 2019.,8-2-2019,Deputy president William Ruto,train,Not Enough Evidence,Supported,
2606,The number of people on health insurance in Kenya has increased from 3 million to 7 million in a record five years.,8-2-2019,"Kenyan Deputy President, William Ruto",train,Supported,Supported,
2607,The current Kenyan government has connected 6.9 million people to electricity in the last five years.,8-2-2019,"Kenyan Deputy President, William Ruto ",train,Refuted,Supported,
2608,"The diaspora, money sent by a person abroad to their home country, is the largest contributor to Kenya's foreign exchange.",8-2-2019,William Ruto,train,Supported,Supported,
2609,For 50 years only 2.3 million Kenyans were connected to electricity.,8-2-2019,"Kenyan Deputy President, William Ruto",train,Supported,Not Enough Evidence,
2610,The Kenyan government has connected 6.9 million people to electricity between 2013 and 2018.,8-2-2019,William Ruto,train,Refuted,Supported,
2611,Diaspora remittances contributed upwards of KSh290.,8-2-2019,William Ruto,train,Refuted,Supported,
2612,"The Kenyan government connected 6.9 million people to electricity supply, in the period 2014 to 2019.",8-2-2019,Deputy president William Ruto,train,Refuted,Supported,
2613,The Kenyan diaspora is the largest contributor to the Kenyan foreign currency.,8-2-2019,"Kenyan Deputy President, William Ruto",train,Supported,Supported,
2614,"The current Kenyan government has constructed 7,000 kilometres of tarmac in the last five years – 12,000 kilometres were constructed in 50 years.",8-2-2019,"Kenyan Deputy President, William Ruto",train,Conflicting Evidence/Cherrypicking,Supported,
2615,The number of people on health insurance in Kenya has increased from 3 million to 7 million in a record five years.,8-2-2019,William Ruto,train,Refuted,Supported,
2616,"Kenya built a standard-gauge railway of 600 kilometres, in the  period 2014 to 2019.",8-2-2019,Deputy president William Ruto,train,Supported,Supported,
2617,"In 2013, on the 50th anniversary of Kenya’s independence, 2.33 million were connected to the power grid.",8-2-2019,William Ruto,train,Supported,Supported,
2618,The diaspora remittances (money sent by a person in a foreign land to their home country) is Kenya's biggest source of foreign currency.,8-2-2019,Deputy president William Ruto,train,Supported,Supported,
2619,The current Kenyan government has built a standard-gauge railway of 600 kilometres in the last five years.,8-2-2019,"Kenyan Deputy President, William Ruto",train,Supported,Supported,
2620,Kenya has built a standard-gauge railway of 600 kilometres in the last five years.,8-2-2019,William Ruto,train,Refuted,Supported,
2621,"The Kenyan government has constructed 7,000 kilometres of tarmac between 2014 and 2019, while 12,000 kilometres were constructed in 50 years.",8-2-2019,William Ruto,train,Not Enough Evidence,Supported,
2622,The railway has been in the books of our government for 30 years – it was not built,8-2-2019,William Ruto,train,Refuted,Not Enough Evidence,
2623,The standard gauge railway has been in the books of the Kenyan government for 30 years but it was not built.,8-2-2019,"Kenyan Deputy President, William Ruto ",train,Refuted,Supported,
2624,"Kenya has built 7000 kilometres of tarmac in the last 5 years compared to only 12,000 constructed in the last 50 years.",8-2-2019,William Ruto,train,Supported,Supported,
2625,"The SGR railway line, currently being built in Kenya, has been in the books of the Kenyan government for 30 years – it was not built.",8-2-2019,William Ruto,train,Refuted,Supported,
2626,The diaspora remittances (money sent by a person in a foreign land to their home country) contributed upwards of KSh290 billion to the Kenya economy in 2019.,8-2-2019,Deputy president William Ruto,train,Refuted,Supported,
2627,"The railway improvements has been in the books of the Kenyan government for 30 years before 2019, but it was not built.",8-2-2019,William Ruto,train,Refuted,Not Enough Evidence,
2628,"Remittances in Kenya, contributed around KSh290 billion last year.",8-2-2019,William Ruto,train,Refuted,Supported,
2629,Kenya have connected 6.9 million people to electricity in the last five years.,8-2-2019,William Ruto,train,Refuted,Supported,
2630,"Illegal immigrants in Australia are by law entitled to a job, welfare and $70,000",7-2-2019,Rick Williams,train,Refuted,Refuted,
2631,"Over 2014-2018, South African government invested in building hundreds of thousands of new homes",7-2-2019,Cyril Ramaphosa,train,Supported,Supported,
2632,"Over 700,000 children accessed early childhood education in the last financial year in South Africa.",7-2-2019,Cyril Ramaphosa,train,Refuted,Supported,
2633,Over the past five years hundreds of thousands of new homes have been delivered in South Africa.,7-2-2019,Cyril Ramaphosa,train,Not Enough Evidence,Not Enough Evidence,
2634,Cyril Ramaphosa's administration launched the Safe initiative in August 2018.,7-2-2019,Cyril Ramaphosa,train,Supported,Supported,
2635,"President Cyril Ramaphosa's administration launched the Youth Employment Service, which is placing unemployed youth in paid internships in companies across the country",7-2-2019,Cyril Ramaphosa,train,Supported,Supported,
2636,"Since the launch of the Safe initiative (Sanitation Appropriate For Education) in South Africa in 2018, 699 schools have been provided with safe sanitation facilities and projects and further 1,150 schools are in preparation",7-2-2019,Cyril Ramaphosa,train,Not Enough Evidence,Not Enough Evidence,
2637,Every month 17.5 million social grants are provided to South Africans,7-2-2019,Cyril Ramaphosa,train,Supported,Supported,
2638,The World Bank's annual Doing Business Report currently puts South Africa number 82 out of 190 countries that they have tracked with regard to being able to do business in an efficient way.,7-2-2019,Cyril Ramaphosa,train,Supported,Supported,
2639,Every month 17.5 million social grants are provided to South Africans,7-2-2019,South African President Cyril Ramaphosa,train,Supported,Supported,
2640,"Over the past five years, from 2013-2018 more than R1.3 trillion has been invested to build [infrastructure including] hundreds of thousands of new homes",7-2-2019,,train,Supported,Not Enough Evidence,
2641,South Africa's President Cyril Ramaphosa's 2019 State Of The Nation address records that part of the R1.3 trillion South Africa invested in public housing between April 2014 and October 2018 went towards the cost of connecting almost 1.2 million homes to the electricity grid.,7-2-2019,,train,Not Enough Evidence,Supported,
2642,The World Bank's annual Doing Business Report currently puts South Africa number 82 out of 190 countries that they have tracked with regard to being able to do business in an efficient way.,7-2-2019,South African President Cyril Ramaphosa,train,Supported,Supported,
2643,South African President Cyril Ramaphosa launched the Safe initiative in August 2018.,7-2-2019,Cyril Ramaphosa,train,Supported,Supported,
2644,"South Africa ha launched the Youth Employment Service, which is placing unemployed youth in paid internships in companies across the country.",7-2-2019,South African President Cyril Ramaphosa,train,Supported,Supported,
2645,"Cyril Ramaphosa claimed that in South Africa in 2017/18, every month 17.5 million social grants were provided to South Africans.",7-2-2019,Cyril Ramaphosa ,train,Supported,Supported,
2646,"Over the past five years, the Ramaphosa administration has built two new universities",7-2-2019,,train,Supported,Refuted,
2647,"Since the Safe Initiative was launched in 2018, 699 schools have been provided with safe and appropriate sanitation facilities and projects and a further 1,150 schools are either in planning, design or construction stages",7-2-2019,,train,Not Enough Evidence,Not Enough Evidence,
2648,"South Africa's president RAmaphosa launched the Youth Employment Service, which is placing unemployed youth in paid internships in companies across the country during his tenure",7-2-2019,,train,Supported,Supported,
2649,"In the past year we had 10 million tourists who came to our country, which is a huge increase",7-2-2019,Cyril Ramaphosa,train,Not Enough Evidence,Not Enough Evidence,
2650,"South Africa has launched a Youth Employment Service, which places unemployed youth in paid internships in companies",7-2-2019,Cyril Ramaphosa,train,Supported,Supported,
2651,Over the 5 years to 2018 the SA government has invested more than R1.3 trillion in infrastructure.,7-2-2019,South African President Cyril Ramaphosa,train,Supported,Supported,
2652,The World Bank's annual Doing Business Report puts South Africa number 82 out of 190 countries with regard to being able to do business in an efficient way,7-2-2019,Cyril Ramaphosa,train,Supported,Supported,
2653,"Over the past five years, more than R1.3 trillion has been invested to build [infrastructure including electrifying] more than a million homes in South Africa.",7-2-2019,South African President Cyril Ramaphosa,train,Supported,Supported,
2654,"Every month, 17.5 million social grants are provided to South Africans.",7-2-2019,,train,Supported,Supported,
2655,The World Bank's annual Doing Business Report currently puts South Africa number 82 out of 190 countries that they have tracked with regard to being able to do business in an efficient way.,7-2-2019,Cyril Ramaphosa,train,Supported,Supported,
2656,Every month 17.5 million social grants are provided to South Africans.,7-2-2019,Cyril Ramaphosa,train,Refuted,Supported,
2657,"Over 700,000 children [accessed] early childhood education in the last financial year",7-2-2019,Cyril Ramaphosa,train,Supported,Not Enough Evidence,
2658,"Since South Africa launched the initiative, 699 schools have been provided with safe and appropriate sanitation facilities and projects and a further 1,150 schools are either in planning, design or construction stages.",7-2-2019,Cyril Ramaphosa,train,Not Enough Evidence,Supported,
2659,"South Africa have launched the Youth Employment Service, which is placing unemployed youth in paid internships in companies across the country.",7-2-2019,Cyril Ramaphosa,train,Supported,Supported,
2660,"""Over 700,000 children [accessed] early childhood education in the last financial year...""",7-2-2019, Cyril Ramaphosa,train,Supported,Not Enough Evidence,
2661,Over the past five years… South African President Cyril Ramaphosa's Administration has built 2 new universities.,7-2-2019,Cyril Ramaphosa,train,Supported,Refuted,
2662,“The World Bank's annual Doing Business Report currently puts South Africa number 82 out of 190 countries that they have tracked with regard to being able to do business in an efficient way.”,7-2-2019,Cyril Ramaphosa,train,Supported,Supported,
2663,"In 2017, South Africa recorded an inflow of foreign direct investment amounting to R17 billion.",7-2-2019,South African President Cyril Ramaphosa,train,Supported,Supported,
2664,Since launching the Safe initiative South Africa has provided 699 schools with safe and appropriate sanitation facilities.,7-2-2019,Cyril Ramaphosa,train,Refuted,Supported,
2665,"Since South Africa launched the Safe initiative, 699 schools have been provided with safe and appropriate sanitation facilities and projects and a further 1,150 schools are either in planning, design or construction stages.",7-2-2019,South African President Cyril Ramaphosa,train,Not Enough Evidence,Supported,
2666,The World Bank's annual Doing Business Report currently puts South Africa number 82 out of 190 countries that they have tracked with regard to being able to do business in an efficient way,7-2-2019,,train,Supported,Supported,
2667,"In 2017, South Africa recorded an inflow of foreign direct investment amounting to R17 billion",7-2-2019,Cyril Ramaphosa,train,Supported,Refuted,
2668,"“In 2017, we recorded an inflow of foreign direct investment amounting to R17 billion.”",7-2-2019,Cyril Ramaphosa,train,Supported,Refuted,
2669,The World Bank's annual Doing Business Report currently puts South Africa number 82 out of 190 countries that they have tracked with regard to being able to do business in an efficient way,7-2-2019,Cyril Ramaphosa,train,Supported,Supported,
2670,Every month 17.5 million social grants are provided to South Africans,7-2-2019,Cyril Ramaphosa,train,Supported,Supported,
2671,"In 2017, South Africa recorded an inflow of foreign direct investment amounting to R17 billion.",7-2-2019,Cyril Ramaphosa,train,Supported,Supported,
2672,"In 2018 South Africa had 10 million tourists who came to the country, which is a huge increase",7-2-2019,,train,Not Enough Evidence,Not Enough Evidence,
2673,South Africa launched the Safe initiative in August 2018.,7-2-2019,Cyril Ramaphosa,train,Supported,Refuted,
2674,"“In the past year we had 10 million tourists who came to our country, which is a huge increase .”",7-2-2019,Cyril Ramaphosa,train,Supported,Not Enough Evidence,
2675,The World Bank's annual Doing Business Report currently puts South Africa number 82 out of 190 countries that they have tracked with regard to being able to do business in an efficient way,7-2-2019,,train,Supported,Supported,
2676,"Official international Red cross records reveal the actual Concentration camp total death during World War 2 toll was 271,301.",7-2-2019,,train,Refuted,Refuted,
2677,“Over the past five years… [we’ve built] two new universities.”,7-2-2019,Cyril Ramaphosa,train,Supported,Not Enough Evidence,
2678,"Over 2014-2018, South Africa has invested in electrifying more than a million homes",7-2-2019,Cyril Ramaphosa,train,Not Enough Evidence,Supported,
2679,"“In 2017, South Africa recorded an inflow of foreign direct investment amounting to R17 billion.”",7-2-2019,Cyril Ramaphosa,train,Supported,Supported,
2680,"In 2017, South Africa recorded an inflow of foreign direct investment amounting to R17 billion",7-2-2019,,train,Not Enough Evidence,Supported,
2681,The World Bank's annual Doing Business Report currently puts South Africa number 82 out of 190 countries that they have tracked with regard to being able to do business in an efficient way.,7-2-2019,Cyril Ramaphosa,train,Supported,Supported,
2682,"Over 700,000 children [accessed] early childhood education in the last financial year",7-2-2019,Cyril Ramaphosa,train,Supported,Supported,
2683,“Every month 17.5 million social grants are provided to South Africans.”,7-2-2019, Cyril Ramaphosa,train,Supported,Supported,
2684,President Cyril's administration launched the Safe initiative for South Africa in August 2018.,7-2-2019,,train,Supported,Supported,
2685,"In 2018, South Africa  launched the Safe initiative in August.",7-2-2019,South African President Cyril Ramaphosa,train,Supported,Not Enough Evidence,
2686,The World Bank's annual Doing Business Report currently puts South Africa number 82 out of 190 countries that they have tracked with regard to being able to do business in an efficient way,7-2-2019,Cyril Ramaphosa,train,Supported,Supported,
2687,"In 2017, South Africa recorded an inflow of foreign direct investment amounting to R17 billion.",7-2-2019,Cyril Ramaphosa,train,Supported,Supported,
2688,"In 2017, an inflow of foreign direct investment amounting to R17 billion was recorded in South Africa",7-2-2019,,train,Supported,Supported,
2689,“We launched the Safe initiative in August last year...”,7-2-2019,Cyril Ramaphosa,train,Supported,Supported,
2690,"Under President Cyril Ramaphosa South Africa launched the Youth Employment Service, which is placing unemployed youth in paid internships in companies across the country",7-2-2019,,train,Supported,Supported,
2691,The Safe initiative was launched during the Ramaphosa administration in August last year,7-2-2019,,train,Supported,Not Enough Evidence,
2692,"In 2018, 10 million tourists visited South Africa",7-2-2019,Cyril Ramaphosa,train,Supported,Supported,
2693,“Over the past five years... more than R1.3 trillion has been invested to build [infrastructure including electrifying] more than a million homes.”,7-2-2019,Cyril Ramaphosa,train,Not Enough Evidence,Supported,
2694,Over the past five years… President Cyril's government has built two new universities in South Africa,7-2-2019,,train,Supported,Refuted,
2695,"South Africa has launched the Youth Employment Service, which is placing unemployed youth in paid internships in companies across the country",7-2-2019,Cyril Ramaphosa,train,Supported,Supported,
2696,Over the past five years..more than R1.3 trillion has been invested to build [infrastructure including] hundreds of thousands of new homes,7-2-2019,Cyril Ramaphosa,train,Not Enough Evidence,Supported,
2697,"Over the past five years, more than R1.3 trillion has been invested to build (infrastructure included) hundreds of thousands of new homes in South Africa.",7-2-2019,Cyril Ramaphosa,train,Refuted,Not Enough Evidence,
2698,"In 2017, we recorded an inflow of foreign direct investment amounting to R17 billion",7-2-2019,Cyril Ramaphosa,train,Supported,Supported,
2699,"Over 2014-2018, two new universities were built in South Africa",7-2-2019,Cyril Ramaphosa,train,Supported,Not Enough Evidence,
2700,"“We have launched the Youth Employment Service, which is placing unemployed youth in paid internships in companies across the country.”",7-2-2019,Cyril Ramaphosa,train,Supported,Supported,
2701,South Africa launched the Safe (Sanitation Appropriate For Education) initiative in August 2018,7-2-2019,Cyril Ramaphosa,train,Supported,Supported,
2702,"Over the past five years, we’ve made significant progress with the provision of infrastructure. More than R1.3 trillion has been invested",7-2-2019,Cyril Ramaphosa,train,Supported,Supported,
2703,"Over 700,000 children [accessed] early childhood education in the last financial year",7-2-2019,Cyril Ramaphosa,train,Conflicting Evidence/Cherrypicking,Supported,
2704,"Over the past five years, we’ve made significant progress with the provision of infrastructure. More than R1.3 trillion has been invested.” the president said about South Africa",7-2-2019,Cyril Ramaphosa,train,Refuted,Supported,
2705,"Over 20 percent of Americans between the ages of 25-54 do not have a job, which is higher than was the case 19 years ago.",7-2-2019,Warren Gunnels,train,Conflicting Evidence/Cherrypicking,Supported,
2706,Over the past five years South Africa have built two new universities.,7-2-2019,Cyril Ramaphosa,train,Supported,Supported,
2707,"Over the past five years, from 2013 - 2018, more than R1.3 trillion has been invested to build [infrastructure including electrifying] more than a million homes",7-2-2019,,train,Supported,Supported,
2708,"Over 700,000 children in South Africa [accessed] early childhood education in the last financial year of 2018",7-2-2019,,train,Supported,Supported,
2709,"Over the past five years, we’ve made significant progress with the provision of infrastructure. More than R1.3 trillion has been invested",7-2-2019,Cyril Ramaphosa,train,Not Enough Evidence,Not Enough Evidence,
2710,"In 2018 we had 10 million tourists who came to our country South Africa, which is a huge increase",7-2-2019,Cyril Ramaphosa,train,Not Enough Evidence,Supported,
2711,"Since South Africa launched the initiative, 699 schools have been provided with safe and appropriate sanitation facilities and projects, and a further 1,150 schools are either in planning, design or construction stages.",7-2-2019,,train,Supported,Supported,
2712,Over the past five years South Africa has built two new universities.,7-2-2019,South African President Cyril Ramaphosa,train,Supported,Supported,
2713,Every month 17.5 million social grants are provided to South Africans.,7-2-2019,Cyril Ramaphosa,train,Supported,Supported,
2714,"Trump tweeted on February 6, 2019 that he was “extremely happy with the leadership of President Ramaphosa, he is a great deal! Business community is happy too! And don’t make mistakes by voting useless leadership on this coming election!!”",6-2-2019,Donald Trump,train,Refuted,Refuted,
2715,The 1939 Cancer Act makes researching cancer cures illegal.,5-2-2019,Craig Gumshoe Slueth Whetton,train,Refuted,Refuted,
2716,"In 2019 there were more women in the US workforce than ever before.""",5-2-2019,Donald Trump,train,Refuted,Supported,
2717,"According to a 2017 Doctors Without Borders Report, more than 30 percent of women are sexually assaulted on the trek to the border.",5-2-2019,Donald Trump,train,Supported,Supported,
2718,More than 12.5 crore Soil Health Cards have been distributed in India.,5-2-2019,BJP Government,train,Supported,Supported,
2719,"Maternal mortality rates show that mothers, especially black mothers, risk death to give birth in America.",5-2-2019,Stacey Abrams ,train,Supported,Supported,
2720,"China produces 50,000 jobs every 24 hours.",5-2-2019,Rahul Gandhi,train,Refuted,Not Enough Evidence,
2721,"We have created 5.3 million new jobs and importantly added 600,000 new manufacturing jobs.",5-2-2019,Donald Trump,train,Refuted,Supported,
2722,The United States is now the number one producer of oil and natural gas anywhere in the world.,5-2-2019,Donald Trump,train,Supported,Supported,
2723,Wages struggle to keep pace with the actual cost of living in America.,5-2-2019,Stacey Abrams,train,Refuted,Supported,
2724,"In 2016-17, 62% of income received by farmers in Northern Ireland came from the European Union.",5-2-2019,UKIP Northern Ireland leader David McNarry,train,Supported,Supported,
2725,"Since the Republican tax cuts became law, manufacturing plants are closing, layoffs are looming, and wages struggle to keep pace with the actual cost of living.",5-2-2019,Stacey Abrams,train,Refuted,Conflicting Evidence/Cherrypicking,
2726,IN 2016-17 80% of income received by farmers in Northern Ireland came from the European Union,5-2-2019,former Head of the European Commission Office in Northern Ireland Jane Morris,train,Supported,Supported,
2727,"Richer, older men in England more likely to drink to excess.",5-2-2019,Denis Campbell,train,Supported,Supported,
2728,Alcohol deaths in England are at a record high after 6 per cent rise in a year.,5-2-2019,Alex Matthews-King,train,Refuted,Supported,
2729,For the first time in 65 years America is a net exporter of energy,5-2-2019,Donald Trump,train,Supported,Supported,
2730,"Americans pay vastly more than people in other countries for the exact same drugs, often made in the exact same place",5-2-2019,Donald Trump,train,Supported,Supported,
2731,"African-American, Hispanic-American and Asian-American unemployment have all reached their lowest levels ever recorded",5-2-2019,Donald Trump,train,Refuted,Supported,
2732,"Year after year, countless Americans are murdered by criminal illegal aliens in America.",5-2-2019,Donald Trump,train,Not Enough Evidence,Conflicting Evidence/Cherrypicking,
2733,"The border city of El Paso, Texas, used to have extremely high rates of violent crime — one of the highest in the country, and considered one of our nation's most dangerous cities. Now, immediately upon its building, with a powerful barrier in place, El Paso is one of the safest cities in our country.",5-2-2019,Donald Trump,train,Refuted,Refuted,
2734,India produces 450 jobs every 24 hours.,5-2-2019,Rahul Gandhi,train,Refuted,Refuted,
2735,Nearly 5 million Americans have been lifted off food stamps.,5-2-2019,Donald Trump,train,Refuted,Supported,
2736,One in five people aged 16 and over are drinking more than recommended levels.,5-2-2019,Denis Campbell,train,Supported,Supported,
2737,Wages are rising at the fastest pace in decades with President Donald Trump in 2019.,5-2-2019,Donald Trump,train,Refuted,Supported,
2738,"Secretary of State Mike Pompeo refused to meet with Atiku Abubakar, the presidential candidate for the People's Democratic Party, when the Nigerian politician visited the US.",4-2-2019,ISupportBuhari2019,train,Refuted,Refuted,
2739,"Kenya Ports Authority is looking to hire 140 people, aged 18 - 35, who have graduated from a well recognised university between 2012 and 2018.",4-2-2019,Mate Tongola ,train,Refuted,Not Enough Evidence,
2740,South African footballer Ekstein resigns from Kaizer Chiefs after fight with manager Middendorp,3-2-2019,TrendsDaily.co.za,train,Refuted,Refuted,
2741,"When the Buhari administration came in, Boko Haram was holding 17 local governments in the northeast of Nigeria, they are not holding any local governments now",2-2-2019,,train,Not Enough Evidence,Supported,
2742,"President Buhari of Nigeria claimed that at the start of the current administration, Boko Haram were holding 17 local governments in the northeast but they are not holding any local government now.",2-2-2019,President Muhammadu Buhari,train,Not Enough Evidence,Refuted,
2743,"Atiku Abubaka, Nigerian presidential candidate, claimed Nigeria had 21 million unemployed young men and women in 2018.",2-2-2019,Atiku Abubaka,train,Supported,Supported,
2744,South Africa has one of the highest dropout rates,2-2-2019,EFF,train,Refuted,Supported,
2745,80%of the population continues to occupy less than 10% of the South African Land,2-2-2019,EFF,train,Refuted,Refuted,
2746,"Close to 40% of South Africans who need jobs are unemployed, meaning that more than nine million South Africans who need jobs and are capable of working cannot find employment",2-2-2019,EFF,train,Supported,Supported,
2747,The post-1994 governments have cumulatively bought less than 7% of the targeted 30% of land meant for redistribution over a period of 25 years.,2-2-2019,EFF,train,Refuted,Supported,
2748,Nigeria has 90 million people living in extreme poverty as of 2019,2-2-2019,,train,Supported,Supported,
2749,Nigeria earned US$383 billion from oil revenues in the four years preceding the Buhari government but there were no savings.,2-2-2019,,train,Refuted,Supported,
2750,Nigerian vice presidential candidate Peter Obi claimed that Nigeria had 90 million people living in extreme poverty.,2-2-2019,Peter Obi ,train,Refuted,Supported,
2751,Russia will not place short or intermediate range weapons in Europe or other regions.,2-2-2019,Vladimir Putin,train,Refuted,Refuted,
2752,Nigeria's capital expenditure in 2016 was N1.2 trillion and in 2017 was N1.5 trillion.,2-2-2019,Peter Obi ,train,Conflicting Evidence/Cherrypicking,Supported,
2753,Obama declared Flint water crisis a National Emergency and never fixed it.,1-2-2019,,train,Refuted,Refuted,
2754,"In Tshwane, the Democratic Alliance (DA) inherited a deficit of over R1 billion from the African National Congress (ANC) and turned it into a surplus in a year.",1-2-2019,,train,Supported,Supported,
2755,The German press launched a massive campaign to discredit Russian and Russian language media.,31-1-2019,Maria Zakharova,train,Refuted,Refuted,
2756,"Expanding Medicaid would bring 40,000 jobs to North Carolina.",30-1-2019,Darren Jackson,train,Supported,Supported,
2757,Germany owes £3.7 trillion of WWII debt.,30-1-2019,Sheila Ann English,train,Refuted,Refuted,
2758,More than 9 million eligible voters aren’t registered for South Africa’s 2019 elections.,29-1-2019,Aidan Jones,train,Supported,Supported,
2759,"The problem with wind is, in the United States, we’re subsidizing these wind towers all over the place because wind doesn’t work — for the most part, doesn’t work without subsidy",29-1-2019,Donald Trump,train,Conflicting Evidence/Cherrypicking,Refuted,
2760,The biggest donor for Mitch McConnell is the Russian oligarch that the GOP controlled Congress just lifted sanctions on.,29-1-2019,Roshan Rinaldi ,train,Refuted,Refuted,
2761,Microwaves from cell phones can pop popcorn,29-1-2019,,train,Refuted,Refuted,
2762,The world’s first human head transplant has been successfully achieved,24-1-2019,Dr. Sergio Canavero,train,Refuted,Not Enough Evidence,
2763,A member of the African National Congress says that millions of Zimbabweans are living in South Africa.,22-1-2019,Lindiwe Zulu,train,Not Enough Evidence,Supported,
2764,PZ is pulling out of Nigeria after 120 years.,20-1-2019,Iffy Chika,train,Refuted,Refuted,
2765,US Rep. Alexandria Ocasio-Cortez said that owning guns was not a right.,20-1-2019,Jmes Hirsen,train,Refuted,Refuted,
2766,Alien Enthusiasts Shot Dead At Area 51.,20-1-2019,Jeff Keen and Jake Reed,train,Refuted,Refuted,
2767,The question of Almajiris’ lack of primary or basic education are all local government problems.,16-1-2019,President Muhammadu Buhari,train,Supported,Refuted,
2768,Every country in the world that wants to undergo serious development borrows money. Our debt-to-GDP ratio of about 20% is one of the lowest in the world.,16-1-2019,Yemi Osinbajo,train,Refuted,Supported,
2769,Nigeria earned US$383 billion from oil revenues in the four years preceding our government [but] there were no savings.,16-1-2019,Yemi Osinbajo,train,Refuted,Supported,
2770,Chelsea Clinton said Satanism is a religion that deserves respect.,13-1-2019,,train,Refuted,Refuted,
2771,"More than R2 trillion was invested in South Africa in infrastructure projects over 10 years (2008-2018) to build more schools, clinics, roads and the freight logistics network.",12-1-2019,African National Congress,train,Supported,Supported,
2772,"South Africa has invested more than R2 trillion in infrastructure projects over the past 10 years to build more schools, clinics, roads and the freight logistics network.",12-1-2019,African National Congress,train,Supported,Supported,
2773,School attendance in South Africa increased “from 51% in 1994 to 99% today.,12-1-2019, African National Congress,train,Not Enough Evidence,Refuted,
2774,"Since 1994, over 4.7 million free houses have been built, benefiting over 14 million people.",12-1-2019,African National Congress,train,Conflicting Evidence/Cherrypicking,Refuted,
2775,ANC support for South African university and TVET college students from poor and working-class backgrounds through the national student financial aid scheme (Nsfas) has hugely increased from R70 million in 1994 to nearly R15 billion last year.”,12-1-2019,African National Congress,train,Not Enough Evidence,Supported,
2776,On 11th January 2019 Wisconsin  property taxes are lower than they were in 2010.,11-1-2019,John Nygren,train,Supported,Supported,
2777,"The NHS Long Term Plan will save 500,000 lives.",7-1-2019,NHS England,train,Not Enough Evidence,Refuted,
2778,Nigerian PDP vice presidential candidate Peter Obi claimed that Nigeria 90 million people living in extreme poverty in 2018/2019.,1-1-2019,Peter Obi,train,Supported,Supported,
2779,Nigeria had 21 million unemployed young men and women in 2018/2019.,1-1-2019,Atiku Abubakar ,train,Supported,Not Enough Evidence,
2780,Nigeria earned US$383 billion from oil revenues in the four years preceding 2019 but that there were no savings.,1-1-2019,Yemi Osinbajo,train,Refuted,Supported,
2781,"Muhammadu Buhari claimed in January 2019 that when his administration came in, Boko Haram were holding 17 local governments in the northeast but that they were not holding any local government now.",1-1-2019,President Muhammadu Buhari,train,Not Enough Evidence,Refuted,
2782,"Democratic New York Rep. Alexandria Ocasio-Cortez said, “The only reason Trump is keeping his campaign promises is to influence the outcome of the election.”",1-1-2019,USMCSDI,train,Refuted,Refuted,
2783,Nigeria's capital expenditure in 2016 was N1.2 trillion and 2017 was N1.5 trillion.,1-1-2019,Peter Obi,train,Not Enough Evidence,Supported,
2784,"Nigerian PDP presidential candidate Atiku Abubakar claimed Nigeria has ""not had it so bad"", when referring to unemployment..",1-1-2019,Atiku Abubakar ,train,Not Enough Evidence,Supported,
2785,In Nigeria the question of Almajiris’ lack of primary or basic education are all local government problems.,1-1-2019,President Muhammadu Buhari,train,Not Enough Evidence,Not Enough Evidence,
2786,Vegans now claiming that stuffing a turkey is sexual assault,25-12-2018,Chadmin,train,Refuted,Refuted,
2787,Iraq and Syria have been liberated from ISIS.,19-12-2018,Donald Trump,train,Refuted,Refuted,
2788,"Bollywood Singer, Lata Mangeshkar had chosen to stop recording new songs.",16-12-2018,Tshering Wangdi Lepcha,train,Refuted,Supported,
2789,"U.S. Rep. Maxine Waters made a violence-inciting remark about President Donald Trump and Vice President Mike Pence saying, ""I say, we knock off Trump and then, go after Pence. We have the power.""",15-12-2018,,train,Conflicting Evidence/Cherrypicking,Refuted,
2790,President Donald Trump is abusing the prescription drug Adderall.,13-12-2018,Tom Arnold,train,Refuted,Not Enough Evidence,
2791,Diabetes can be cured by consuming sprouted wheat for 2 days.,11-12-2018,Anita Kapoor,train,Refuted,Refuted,
2792,"U.S. Rep. Adam Schiff, a Democrat who represents California’s 28th Congressional District and is chair of the House Intelligence Committee, used taxpayer money to reach a sexual harassment settlement with a 19-year-old male.",9-12-2018,Brian Spinctor @BSpinctor,train,Refuted,Refuted,
2793,"The UK paid £674 million in health costs to European countries, but received only £49 million in return.",28-11-2018,Davey Robb,train,Supported,Supported,
2794,"Samora Machel said “The day you hear the whites speak of me in good terms, don’t share your secrets with me, because that means I would have betrayed you already.”",25-11-2018,Marion Harning,train,Refuted,Supported,
2795,Black Friday originated with the practice of selling off slaves on the day after Thanksgiving.,20-11-2018,Ngemani Sosbozi Mahlangu,train,Refuted,Refuted,
2796,Prime Minister Narendra Modi said that 33crore bank accounts were opened in Chhattisgarh.,17-11-2018,Mohan Guruswamy,train,Refuted,Refuted,
2797,"If a fire starts in the Yale library, all the oxygen leaves the building killing all who are inside in order to protect the rare books",12-11-2018,Michael Vincent,train,Refuted,Refuted,
2798,the United States ranks third in murders throughout the world,10-11-2018,McGroartyForFreedom,train,Refuted,Refuted,
2799,California wildfire is as a result of poor forest management.,10-11-2018,Donald Trump,train,Refuted,Refuted,
2800,"Removing the cities of Chicago, Detroit, Washington D.C., St. Louis, and New Orleans from the total would lower the ranking of the U.S. to 189th out of 193 countries in the world in homicides.",10-11-2018,McGroartyForFreedom,train,Refuted,Supported,
2801,Brian Kemp closed 214 polling places.,9-11-2018,Richard Stahl,train,Supported,Supported,
2802,"Georgia Gov. Brian Kemp put 53,000 registration voters on hold, 70% of whom were Black.",9-11-2018,Richrad Stahl,train,Supported,Supported,
2803,"Samora Machel once said, if you are applauded by white people then you must know that there is something wrong with you.",6-11-2018,Economic Freedom Fighters,train,Refuted,Refuted,
2804,Irregular expenditure by the government of South Africa’s Western Cape province rose from R23 million in the 2016/17 financial year to R44 million in 2017/18 – an increase of R21 million.,10-10-2018,The South African,train,Supported,Supported,
2805,Applying toothpaste on acne spots can help reduce its size.,10-10-2018,,train,Conflicting Evidence/Cherrypicking,Refuted,
2806,George Stinney Jr was 14 years old when he was convicted of murder and executed by the US state of South Carolina in 1944.,4-10-2018,Kelvin Jurist Inanga,train,Supported,Supported,
2807,"Women have to be 25 years old, married, have at least one son and one daughter, and have her husband's consent to get a tubal ligation.",19-9-2018,Deonna Minix,train,Refuted,Refuted,
2808,Mayonnaise containing starch is harmful.,18-9-2018,,train,Refuted,Not Enough Evidence,
2809,Shops buy apples that are coated with wax.,18-9-2018,,train,Supported,Supported,
2810,A video claiming to show “shocking secrets of the food industry” said You can check whether honey has been diluted with sugar syrup by washing it in water to reveal a honeycomb pattern and the honey’s genetic memory.,18-9-2018,,train,Refuted,Refuted,
2811,"IF any Nigerian Bank fails to return your money within 24 hours of a failed online transfer, they will be fined 10,000 naira. The money goes to YOU! All you need to do is report the issue to Central Bank (cpd@cbn.gov.ng) and they will surely take it up.",18-9-2018,Harvey Olufunmilayo,train,Not Enough Evidence,Refuted,
2812,Sen. Ted Cruz's 2018 campaign tried to trick elderly Texans with suspicious mailers,18-9-2018,Ted Cruz,train,Conflicting Evidence/Cherrypicking,Supported,
2813,Consuming a wax-coated apple can kill you.,9-9-2018,Dikshita Mahanta,train,Refuted,Refuted,
2814,Egyptian authorities are carrying atrocious acts which results in injustice,8-9-2018,Michelle Bachelet,train,Supported,Supported,
2815,80% of workers in Nike overseas factories are women,5-9-2018,"Ryan Fournier, @RyanAFournier",train,Supported,Supported,
2816,Teenage white girl to be tried as 300-pound black man in the USA.,2-9-2018, Napo Mohlakoana,train,Refuted,Refuted,
2817,Muslims were filmed while attacking a Hindu Temple in Uttar Pradesh in India.,2-9-2018,Modi ki Diwani,train,Refuted,Refuted,
2818,"The minimum wage should be £18 an hour, because in 1999 one hour’s pay at minimum wage could buy you 72 Freddos, but in 2017 it could only buy you 30 Freddos.",1-9-2018,Martin Harris,train,Refuted,Conflicting Evidence/Cherrypicking,
2819,Cyril Ramaphosa retorted to Donald Trump’s  2018 comments on land reform in South Africa on Twitter,27-8-2018,@cameronoor1,train,Refuted,Refuted,
2820,Research carried out by an American NGO has concluded that men are likely to die after being circumcised due to a medication that reacts after 10 years.,20-8-2018,Malawian Eye,train,Refuted,Not Enough Evidence,
2821,Iain Duncan Smith gets free transport as a financial benefit for being an MP in the UK House of Commons.,19-8-2018,Nasser Razzaq,train,Supported,Supported,
2822,Iain Duncan Smith gets free use of a gym as a financial benefit for being an MP in the UK House of Commons.,19-8-2018,Nasser Razzaq,train,Refuted,Supported,
2823,Iain Duncan Smith gets free stationery as a financial benefit for being an MP in the UK House of Commons.,19-8-2018,Nasser Razzaq,train,Supported,Supported,
2824,Iain Duncan Smith gets free mobile phone calls as a financial benefit for being an MP in the UK House of Commons.,19-8-2018,Nasser Razzaq,train,Supported,Supported,
2825,Iain Duncan Smith gets free accommodation as a financial benefit for being an MP in the UK House of Commons,19-8-2018,Nasser Razzaq,train,Refuted,Supported,
2826,"Sarah Jeong the former New York Times writer says that ""we need a castration lottery for white men"".",31-7-2018,Sarah Jeong,train,Refuted,Refuted,
2827,"One of the conflicts of interest that special counsel Robert Mueller had that prevented him from conducting an impartial investigation, was that President Donald Trump interviewed Mueller to be FBI director but turned him down.",29-7-2018,Donald Trump,train,Supported,Refuted,
2828,Flu shots are killing elderly citizens in record numbers.,29-7-2018,,train,Refuted,Refuted,
2829,Unemployment in the united states is only low because everyone has two jobs.,13-7-2018,Alexandria Ocasio-Cortez,train,Refuted,Conflicting Evidence/Cherrypicking,
2830,Alison Buttligieg developed depression after witnessing the scene of a deer who sacrificed her life.,5-7-2018,Mumo Martin,train,Refuted,Not Enough Evidence,
2831,Irish Green Party Leader Eamon Ryan tweeted  Peter Tatchell was a 'green legend and tireless LGBT campaigner' at 1.13pm on June 29 2018.,29-6-2018,Eamon Ryan,train,Refuted,Supported,
2832,"Donald Trump is destroying the ""New World Order,"" says American film maker David Lynch in an interview with The Guardian in 2018.",24-6-2018,David Lynch,train,Refuted,Supported,
2833,Eighty-nine members of US Congress hold dual citizenship with Israel.,22-6-2018,Edward Morgan,train,Refuted,Refuted,
2834,Former President Pranab Mukherjee had written in his book that Sonia Gandhi took umbrage over his words praising Prime Minister Narendra Modi.,13-6-2018,Postcard News,train,Not Enough Evidence,Supported,
2835,Two best graduating students in Ekiti State University were awarded N100 and N2000 respectively,13-6-2018,,train,Not Enough Evidence,Refuted,
2836,The MMR vaccination weakens children's brains ultimately leading to autism.,10-6-2018,Mitesh Yadav,train,Refuted,Refuted,
2837,Condoleezza Rice summed up the Democratic Party in 75 words.,3-6-2018,Kevin P Sullican,train,Refuted,Refuted,
2838,There is a new initiative under the National program for Bovine Breeding and Dairy development with an allocation of 500 crore rupees,26-5-2018,The BJP government,train,Supported,Supported,
2839,20 Gokul Grams are being established and 41 Bull Mother farms will be modernized.,26-5-2018,The BJP government,train,Not Enough Evidence,Not Enough Evidence,
2840,Pradhan Mantri Surakshit Matritva Abhiyan (PMSMA) was ‘launched to ensure good health of mother and child’.,26-5-2018,BJP government,train,Supported,Supported,
2841,"There has been a reduction in the MRP (Material requirements planning) of DAP, MOP, and complex fertilizers",26-5-2018,,train,Refuted,Not Enough Evidence,
2842,Food inflation in India is down: 9.19% (2014) to 5.44% (2015) to 6.29% (2016) to 1.29% (2017) to 3% (2018).,26-5-2018,BJP Government,train,Supported,Supported,
2843,"379006 hectares of land is insured under the Pradhan Mantri Fasal Bima Yojana crop insurance scheme for a sum of Rs. 1,31,519 crores.",26-5-2018,GOVERNMENT OF INDIA,train,Not Enough Evidence,Supported,
2844,The Indian government has procured 16.24 lakh metric tonnes of pulses as of March 2018,26-5-2018,India Government,train,Supported,Supported,
2845,That annual milk production rose by 12%. to 163.7 MT between 2014-17 from 146.3MT between 2011-14 .,26-5-2018,The BJP government,train,Refuted,Supported,
2846,Indian Government infographic says Extent of buffer stock of pulses increased from 1.5 lakh tonnes to 20 lakh tonnes.,26-5-2018,India Government,train,Supported,Supported,
2847,There has been an increased nitrogen use efficiency and increased crop yield due to neem coated urea,26-5-2018,,train,Not Enough Evidence,Supported,
2848,The Indian Government (BJP) claimed that the Pradhan Mantri Matru Vandana Yojana programme (PMMVY) provided a cash incentive of 6000 rupees to the pregnant/lactating women.,26-5-2018,,train,Supported,Supported,
2849,"In India, treatment for drug sensitive TB is provided through 4,00,000 DOT centres.",26-5-2018,,train,Supported,Supported,
2850,Overall inflation in India is falling: 8.48% (2014) to 4.87% (2015) to 5.47% (2016) to 2.99% (2017) to 4.58% (2018).,26-5-2018,BJP Government,train,Supported,Supported,
2851,The Indian Government (BJP) claimed that the Pradhan Mantri Matru Vandana Yojana programme (PMMVY) benefited more than 50 lakh women every year.,26-5-2018,,train,Supported,Not Enough Evidence,
2852,Pradhan Mantri Matru Vandana Yojana programme (PMMVY) provides economic support to pregnant women and lactating mothers.,26-5-2018,,train,Conflicting Evidence/Cherrypicking,Supported,
2853,100% neem coating resulted in improvement in soil health and a reduction in pest and disease attacks.,26-5-2018,,train,Not Enough Evidence,Not Enough Evidence,
2854,India remains the world’s fastest growing large economy.,26-5-2018,BJP government,train,Supported,Refuted,
2855,India rated highly on all investment and macro-economic indicators.,26-5-2018,BJP government,train,Not Enough Evidence,Supported,
2856,"I didn’t promise to clear Apapa traffic in 60 days, said The Governer of Lagos State, Sanwo-Olu.",18-5-2018,"The Governor of Lagos State, Mr. Babajide Sanwo-Olu",train,Refuted,Refuted,
2857,Bloodletting can save a stroke victim.,9-5-2018,WHealth Club,train,Refuted,Refuted,
2858,Slaked lime can cure over 70 diseases.,5-5-2018,Sanskar TV,train,Refuted,Not Enough Evidence,
2859,Nearly 1.5 crore doses of Rotavirus vaccine launched in India in March 2016 have been administered to India's children.,1-5-2018,"Bharatiya Janata Party, India",train,Supported,Supported,
2860,"Around 8 crore of India's children have been given the Measles Rubella (MR) vaccination, which was launched in India in February 2017.",1-5-2018,"Bharatiya Janata Party, India",train,Supported,Supported,
2861,Colon cancer is the third biggest cause of death around the world.,14-3-2018,,train,Conflicting Evidence/Cherrypicking,Refuted,
2862,colon cancer begins in the intestine then spreads to other parts of the body,14-3-2018,,train,Supported,Supported,
2863,Coconut oil decreases the side effects of chemotherapy,14-3-2018,,train,Conflicting Evidence/Cherrypicking,Not Enough Evidence,
2864,Coconut oil removes 93% of colon cancer cells,14-3-2018,,train,Refuted,Refuted,
2865,Lauric acid killed more than 93% of colon cancer cells within 2 days of treatment.,14-3-2018,,train,Not Enough Evidence,Supported,
2866,"When coming across cancer in pork, many butchers just cut it out, and continue to sell to customers.",20-2-2018,,train,Refuted,Refuted,
2867,"e-trading platforms, 585 regulated markets, to fetch the best prices for farmers in India.",18-2-2018,The BJP government,train,Supported,Supported,
2868,"South Bend, Indiana, Mayor Pete Buttigieg owns the company that developed the app used to tally votes during the Iowa caucuses.",18-2-2018,Michael Mckinney,train,Refuted,Refuted,
2869,More than 87.5 lakh farmers and sellers are registered.,18-2-2018,The BJP government,train,Supported,Not Enough Evidence,
2870,"Cyril Ramaphosa claimed that in South Africa in 2018 there were almost one million students enrolled in higher education, up from 500,000 in 1994.",16-2-2018,Cyril Ramaphosa ,train,Supported,Supported,
2871,Democratic California Rep. Maxine Waters Tweeted “there is no reason for anyone to own a gun” and also praising her “armed security detail.”,15-2-2018,Democratic California Rep. Maxine Waters,train,Refuted,Refuted,
2872,Actor Mel Gibson Said Hollywood Is Controlled By 'Parasites' Who Are Involved In Child Sacrifice and Paedophilia,30-11-2017,Mel Gibson,train,Refuted,Refuted,
2873,"former South African President Nelson Mandela once stated, “Fools multiply when wise men are silent.”",28-11-2017,Chris Cuomo,train,Not Enough Evidence,Refuted,
2874,The Earth is flat.,20-11-2017,Mike Hughes,train,Refuted,Refuted,
2875,"Raw manuka honey kills every bacteria scientists throw at it, including antibiotic-resistant superbugs.",18-9-2017,,train,Conflicting Evidence/Cherrypicking,Supported,
2876,"Kansas City Chiefs CEO Clark Hunt said ""You will stand, with your hand over your heart and with respect, when our country’s national anthem is being played or you will no longer be a Kansas City Chief, a coach for the Kansas City Chiefs or have any association with the Chiefs organization. I will immediately fire you, no matter who you are!""",3-9-2017,Lu Ann Lewis,train,Refuted,Refuted,
2877,Indian Bollywood actor Akshay Kumar is an honorary citizen of Canada.,11-8-2017,Akshay Kumar,train,Supported,Supported,
2878,A spokesperson for the BBC has confirmed that all episodes of Eastenders will be transmitted with Arabic subtitles from October 2019.,3-8-2017,Southend News Network,train,Refuted,Refuted,
2879,"Pakistani media reported Clashes between Indian & Chinese forces in Naku La sector of North Sikkim resulted in China killing 158 Indian soldiers, Which is the same number which Pakistan beat India by in the Champion trophy final cricket game at the oval in England.",1-7-2017,,train,Refuted,Refuted,
2880,"A U.S. prisoner who was sentenced to death was told they would be bitten by a deadly snake. They were blindfolded but only pricked with two harmless needles, after which they died almost instantly.",13-6-2017,Shobha Misra Communication Skills and Personality Development,train,Refuted,Refuted,
2881,Garlic can kill brain cancer cells,12-6-2017,Cure 4 cancer ,train,Conflicting Evidence/Cherrypicking,Supported,
2882,The Swedish Parliament banned Mandatory Vaccinations Over Serious Health Concerns in May 2017.,24-5-2017,,train,Refuted,Refuted,
2883,Sir Roger Moore Died Aged 89 in 2017,23-5-2017,,train,Supported,Supported,
2884,AAP candidate who lost seat against Congress forfeited security deposit in MCD by-elections.,17-4-2017,NDTV News Desk,train,Refuted,Supported,
2885,A Biology Experiment By 9th Grade Students Reveals A Dark Truth About Wi-Fi & Gains The Attention Of Scientists,8-4-2017,,train,Not Enough Evidence,Refuted,
2886,Trump delivers some headway toward health care price transparency,15-3-2017,Donald Trump,train,Supported,Supported,
2887,The United Nations has a secret plot to wipe out 95% of the world's population in the next ten years.,7-3-2017,Disclose TV,train,Refuted,Refuted,
2888,"In South Africa from 2016 to 2019, at senior management level males remain dominant at 67.6% and females at 32.4%.”",9-2-2017,Jacob Zuma,train,Not Enough Evidence,Supported,
2889,"Jacob Zuma claimed in 2017 that the South African Government was actively involved in the property sector, having provided more than 4 million houses since 1994.",9-2-2017,Jacob Zuma,train,Refuted,Supported,
2890,Cadbury remove the word easter from its entire collection of easter products as to not offend other religions.,5-2-2017,Meanwhile in Australia,train,Refuted,Refuted,
2891,Nicole Kidman ‘blacklisted’ from Hollywood for vowing to support president Donald Trump.,22-1-2017,News punch ,train,Refuted,Refuted,
2892,Wetting your head before your body while showering can lead to a stroke.,17-1-2017,Harry P. Basingat,train,Refuted,Refuted,
2893,McDonalds Caught Using Human Baby Meat in Their Burgers,12-12-2016,John Lockett,train,Refuted,Refuted,
2894,"U.S. birth certificates are federal bank notes valued between $650,000 and $750,000.",21-11-2016,Dr. Paul Pharms,train,Refuted,Refuted,
2895,"Two men, Mateusz Pawlikowski and Piotr Czak-Zukowski, who threw bacon at a mosque are sentenced to eight months in jail.",1-11-2016,Albert Gorman,train,Supported,Supported,
2896,"A man, Emdadur Choudhury, who burned poppies on Remembrance Day 2011 as a counter protest and was fined £50 under the Public Order Act, paid the fine by using his benefits.",1-11-2016,Albert Gorman,train,Conflicting Evidence/Cherrypicking,Supported,
2897,"A man, Emdadur Choudhury, who burned poppies on Remembrance Day 2011 as a counter protest was fined £50 under the Public Order Act.",1-11-2016,Albert Gorman,train,Supported,Supported,
2898,"A man, Emdadur Choudhury, who burned poppies on Remembrance Day 2011 as a counter protest and was fined £50 under the Public Order Act, laughed at his sentencing when in court.",1-11-2016,Albert Gorman,train,Supported,Supported,
2899,Thomas Jefferson third president of the United States drafted the Declaration of Independence on hemp paper.,17-10-2016,Kai Degner,train,Refuted,Supported,
2900,"Hilary Clinton said IF THAT F**KIN BASTARD WINS, WE’RE ALL GOING TO HANG FROM NOOSES",17-10-2016,Hilary Clinton,train,Refuted,Refuted,
2901,Japan has been boycotting US goods since the 1945 nuclear bombings,10-10-2016,Dr Subrahmanyam Karuti,train,Refuted,Refuted,
2902,"Philippine Food and Drug Administration (FDA) “confirmed” the food flavouring monosodium glutamate (MSG) is ""a silent killer""",29-8-2016,,train,Refuted,Refuted,
2903,You should just ignore a parking charge notice.,10-8-2016,Alex Robinson,train,Refuted,Refuted,
2904,"Penalty charge notices are usually issued by the police or councils, while parking charge notices are invoices issued by private companies.",10-8-2016,Alex Robinson,train,Supported,Supported,
2905,"Martin Lewis, the founder of Money Saving Expert, recommends ignoring parking charge notices.",10-8-2016,Alex Robinson,train,Refuted,Supported,
2906,"Filmmaker Anurag Kashyap, via Facebook chat under the username Anurag Safar, engaged in sleazy behaviour in 2014",20-6-2016,Rupa Dutta,train,Refuted,Refuted,
2907,Dog meat was seized at Nashik railway station in India,20-6-2016,,train,Refuted,Supported,
2908,Climate activist from India Disha Ravi's sister manages her Twitter account after her arrest,20-6-2016,,train,Refuted,Refuted,
2909,BJP president Amit Shah said that the days of serving biryani to terrorists are over,20-6-2016,,train,Refuted,Supported,
2910,The coronavirus has a life cycle of 12 hours.,20-6-2016,,train,Refuted,Refuted,
2911,"COVID experts at Mumbai’s Nanavati Hospital have said the following four treatments are given to coronavirus positive patients — warm water with lemon, ginger and jaggery mixed with ghee, hot milk with turmeric and steam once a day.",20-6-2016,,train,Refuted,Refuted,
2912,"Video clip showing police entering people’s homes by force committing  atrocities on Kashmiris, India.",20-6-2016,,train,Refuted,Not Enough Evidence,
2913,A tweet portrays actor Ali Fazal celebrating Intelligence Bureau staffer Ankit Sharma’s death in Delhi riots.,20-6-2016,,train,Refuted,Refuted,
2914,"Manoj Tiwari a member of the Indian Legislative assembly said, “Petrol would cost Rs. 200 today had the Modi government not been in power""",20-6-2016,,train,Refuted,Not Enough Evidence,
2915,A 14-hour curfew will help to break the chain and curb the further spread of the coronavirus.,20-6-2016,,train,Refuted,Not Enough Evidence,
2916,Both the HIV virus and the coronavirus spread by direct contact and people should avoid touching the infected.,20-6-2016,,train,Refuted,Supported,
2917,"Hot lemon can cure all cancers. The acids and carboxylic acids contained in lemon juice can regulate high blood pressure, protect narrow arteries, regulate blood circulation and reduce blood clotting.",20-6-2016,,train,Not Enough Evidence,Refuted,
2918,"Casein, the main protein in milk, causes cancer.",29-2-2016,Dr. McDougall Health and Medical Center,train,Refuted,Conflicting Evidence/Cherrypicking,
2919,"As of February 2016, there has been no load shedding (due to power outages) in South Africa, since August of the previous year.",11-2-2016,Jacob Zuma,train,Refuted,Refuted,
2920,"To curb water wastage, the Department of Water and Sanitation has begun its programme of training 15,000 young people as artisans",11-2-2016,Jacob Zuma,train,Supported,Supported,
2921,Jacob Zuma stated that South Africa had experienced no load shedding carried out by power utilities since August 2015.,11-2-2016,Jacob Zuma,train,Refuted,Refuted,
2922,Late musician Prince designed the first Nike Air Jordans.,22-1-2016,Angelia M Toliver,train,Refuted,Refuted,
2923,Musician Prince invested in Nike in 1971.,22-1-2016,Angelia M Toliver,train,Refuted,Refuted,
2924,Musician Prince recruited Michael Jordan to the company Nike in 1983.,22-1-2016,Angelia M Toliver,train,Refuted,Refuted,
2925,"WhatsApp's CEO has appealed to all users to remove their profile picture within the next 20-25 days, and users should forward the message to all, especially women as Isis is planning on stealing profile pictures for misuse in their terrorist activities.",1-1-2016,Arshad Ali,train,Refuted,Refuted,
2926,"These stones were tied by prophet Mohammed 1400 years ago,",19-12-2015,Dil Dil Pakistan,train,Refuted,Refuted,
2927,"Two stones in Egypt, one carrying the other have been tied 1400 years ago by SAW.",17-12-2015,Junaid Alam,train,Refuted,Refuted,
2928,Congress has raised the minimum wage only once in the last 18 years but raised their own salaries nine times.,17-12-2015,,train,Refuted,Refuted,
2929,Donald Trump's father was a member of the Ku Klux Klan (KKK).,11-12-2015,Tim King,train,Conflicting Evidence/Cherrypicking,Not Enough Evidence,
2930,Donald Trump's Grandfather was a pimp and a tax evader.,11-12-2015,Tim King,train,Supported,Supported,
2931,Side effects of the HPV vaccine outweigh the positives,8-11-2015,,train,Refuted,Refuted,
2932,"Trump said, 'Some Africans are lazy fools only good at eating, lovemaking and stealing'",27-10-2015,Donald Trump,train,Refuted,Refuted,
2933,"Sitaram Yechury the Communist Party of India leader, called Chinese President Xi Jinping, his boss.",20-10-2015,Sitaram Yechury,train,Refuted,Refuted,
2934,"Belakwa, a town in New York was abandoned after routine hydrofracking left its soil toxic and its aquifer irreparable.",17-10-2015,,train,Refuted,Refuted,
2935,"Donald Trump said 'I Will Revoke The U.S. Citizenship Of All Puerto Ricans,'",3-9-2015,,train,Refuted,Refuted,
2936,Cuban authorities found the S.S. Cotopaxi fully intact and floating toward the island nation more than 90 years after its disappearance.,18-5-2015,World News Daily Report,train,Refuted,Refuted,
2937,"The quote ""If your actions inspire others to dream more, learn more, do more and become more, you are a leader.” Was said by former US president John Quincy Adams.",16-4-2015,Donald Trump,train,Refuted,Refuted,
2938,The Last Post song originated on an American Civil War Battlefield.,15-4-2015,Brian Stevenson,train,Refuted,Refuted,
2939,The APC promised to make a naira equal in value to a dollar during the 2015 election campaign.,23-3-2015,Gen. Muhammadu Buhari,train,Refuted,Refuted,
2940,Sharia principles are to become enshrined in the UK legal system for the first time,23-3-2014, Russia’s pro-Kremlin RT website ,train,Refuted,Refuted,
2941,Garlic has proven 100 times more effective than antibiotics.,20-3-2014,,train,Conflicting Evidence/Cherrypicking,Refuted,
2942,A child in Barbados has contracted AIDS by eating a pineapple that a vendor had bled upon.,8-3-2014,Ndi Igbo,train,Refuted,Refuted,
2943,British Parliament banned lipstick in 1770 for the fear that it had the power to seduce men into marriage.,14-1-2014,Dianna Agron,train,Refuted,Refuted,
2944,"56 girls died because of using whisper, Stayfree and other sanitary protection.",1-10-2013,,train,Not Enough Evidence,Refuted,
2945,"During Mike Bloomberg's  tenure, street homelessness in NYC decreased by 28%.",1-9-2013,Michael Bloomberg,train,Supported,Refuted,
2946,"If an unmarked car tries to pull you over, you should dial 112 to confirm it’s actually a police officer because the number provides ""a direct link to state trooper info,"" and that ""this applies in all 50 states.""",13-8-2013,,train,Refuted,Refuted,
2947,Eating black garlic reduces the chances of developing cancer.,13-12-2012,NarNal,train,Not Enough Evidence,Not Enough Evidence,
2948,"Ghana’s two dominant political parties, the New Patriotic Party (NPP) and National Democratic Congress (NDC) are both laying claim to the Free Senior High School (SHS) programme, a social intervention project meant to improve access to education.",30-10-2012,,train,Refuted,Not Enough Evidence,
2949,Marijuana could be making teens less intelligent.,2-10-2012,Meier et al.,train,Supported,Conflicting Evidence/Cherrypicking,
2950,"Section 233 of the Indian Penal Code (IPC), pertains to self-defence of the individual and rape crimes against women in India.",1-1-2012,Viral social media post,train,Refuted,Refuted,
2951,"Woman in a video was mixing urine in food, she was Muslim and employed by a Hindu.",17-10-2011,,train,Not Enough Evidence,Refuted,
2952,You can get HIV/AIDS from contaminated fruit.,1-5-2009,,train,Refuted,Refuted,
2953,Cadbury India is giving away free chocolate basket gift Hampers to celebrate their 70th Anniversary,15-9-2008,,train,Refuted,Refuted,
2954,"Kenya only handles about 300,000 of the cases filed to the Kenyan court annually.",22-8-1922,David Maraga,train,Supported,Not Enough Evidence,
2955,"Kenya has an average of 400,000 cases being filed in  courts every year.",22-8-1922,David Maraga,train,Supported,Not Enough Evidence,
2956,The Kenyan judiciary does not even get 1% of the national budget.,22-8-1922,David Maraga,train,Supported,Refuted,
2957,There is a ‘global average’ for the number of judges and magistrates to number of people per country.,22-8-1922,David Maraga,train,Not Enough Evidence,Not Enough Evidence,
2958,"In Kenya in 2022, a population of about 48 million people has just one judge per 300,000 people.",22-8-1922,David Maraga,train,Not Enough Evidence,Not Enough Evidence,
2959,"In Kenya a population of about 48 million people has just one magistrate per 77,000 people.",22-8-1922,David Maraga,train,Refuted,Not Enough Evidence,
2960,An American newborn is the first baby in the world to be born with Coronavirus antibodies,17-3-1921,@alwakeelnews,train,Refuted,Refuted,
2961,"Patanjali CEO, Acharya Balkrishna, never claimed that its Coronil kit was a cure for COVID-19.",30-6-1920,ANI,train,Refuted,Refuted,
2962,"Karnataka CM, HD Kumaraswamy blames India for terrorism crisis.",19-2-1919,Times Now,train,Not Enough Evidence,Refuted,
2963,"Mosquitoes kill 2,740 people every day.",,,train,Refuted,Refuted,
2964,Stay-at-home orders “actually are the law of these states.”,,Jay Inslee,train,Supported,Refuted,
2965,Labour’s manifesto would have cost half of HS2.,,The Daily Politik,train,Refuted,Conflicting Evidence/Cherrypicking,
2966,Almost 5.5 million British people live permanently abroad.,,Social Media Users,train,Supported,Supported,
2967,"Theresa May said sex offenders, including paedophiles, should be allowed to adopt.",,Jim Dowson Unplugged,train,Refuted,Refuted,
2968,"On June 7, 2005, 
Jeremy Corbyn
 voted to exempt tower blocks built before 2007 from requiring sprinklers.",,,train,Refuted,Supported,
2969,People were stabbed at protests in London over the weekend of 13 June.,,,train,Refuted,Refuted,
2970,Elephant dung is a cure for COVID-19.,,,train,Refuted,Refuted,
2971,"or the first time ever, an African passport is among the top five most powerful in the world. Revealing this on Monday on its website, the Henley Passport Index released its ranking for the year 2020 and Nigeria had a dramatic rise from being at the 95th spot to going up to the 5th most powerful knocking out both Spain and Denmark and tying with Luxembourg.",,,train,Refuted,Refuted,
2972,"5G can suppress the immune system, thus making people more susceptible to catching the Coronavirus.",,,train,Refuted,Refuted,
2973,There is pork in Covid-19 vaccines.,,,train,Refuted,Refuted,
2974,Nando's serve only chicken dishes made from halal chicken in their UK restaurants.,,,train,Refuted,Supported,
2975,New Zealand’s MPs took a 20% pay cut during this pandemic.,,Steve Howard,train,Conflicting Evidence/Cherrypicking,Supported,
2976,"Joe Biden then US former vice president in 2015 pressured the Ukrainian government to fire Viktor Shokin, the top Ukrainian prosecutor, because he was investigating Ukraine’s largest private gas company, Burisma, which had added Biden’s son, Hunter, to its board in 2014.",,Donald Trump,train,Refuted,Refuted,
2977,"Diane Abbott said that Chairman ""Mao did more good than harm.""",,Diane Abbott,train,Supported,Refuted,
2978,"An MP’s salary was £66,000 in 2010 and £77,000 in 2018.",,,train,Supported,Supported,
2979,A recipe for a drink called Kashayam is the cure for the Coronavirus.,,Anil Kumar,train,Refuted,Refuted,
2980,"Did Conservative MP, Mark Francois deny the existence of the gender pay gap?",,,train,Refuted,Conflicting Evidence/Cherrypicking,
2981,"Doctors in Israel and the medical company, Gomorra, have found a “100% cure for HIV.",,,train,Refuted,Refuted,
2982,A series of photos showed the supposed interiors of Del Monte Land Transport Bus Company's (DLTB Co) new bus.,,,train,Refuted,Not Enough Evidence,
2983,A person does not need a West African Examination Council [WAEC] certificate to become the President of Nigeria.,,Festus Keyamo,train,Supported,Supported,
2984,"24,641 die of heart disease every day.",,,train,Refuted,Not Enough Evidence,
2985,Trump's government delivered the largest tax cut and reform in the history of the USA,,Donald Trump,train,Refuted,Supported,
2986,Ilocos Norte Governor Imee Marcos graduated cum laude from the University of the Philippines (UP) College of Law,,,train,Refuted,Refuted,
2987,"In 2010, a newly qualified teacher’s salary was £21,500 and in 2018 was £22,000.",,,train,Refuted,Refuted,
2988,Waving the British flag will result in arrest for breach of the peace.,,,train,Conflicting Evidence/Cherrypicking,Refuted,
2989,"108 people died from Covid-19 in China on February 10th, one of the worst days so far.",,,train,Supported,Not Enough Evidence,
2990,"For a cumulative 29 years out of 60 years of existence as a nation, Nigeria has been under military rule.",,President of Nigeria Muhammadu Buhari,train,Supported,Supported,
2991,Boris Johnson said in 2007 that Gordon Brown should not have become Prime Minister after Tony Blair with no public vote.,,,train,Supported,Supported,
2992,"Covid-19 cases are way down from where they were two weeks ago, this weekend is one of the lowest the United States have had.",,US President Donal Trump,train,Refuted,Not Enough Evidence,
2993,"Covid-19 tests detect any coronavirus, not just the one that causes Covid-19.",,,train,Refuted,Refuted,
2994,UK suicides have increased 200% under lockdown.,,,train,Not Enough Evidence,Refuted,
2995,NASA has announced the possibility of the sun rising from the west,,,train,Refuted,Refuted,
2996,"26,383 people die of cancer each day.",,,train,Supported,Refuted,
2997,"The former actor and Congress politician, Urmila Matondkar, said, ""By abusing martyr Rajiv Gandhi, Modi has proved he is mentally ill.""",,Urmila Matondkar,train,Refuted,Refuted,
2998,Wuhan is where 5G was rolled out first.,,,train,Conflicting Evidence/Cherrypicking,Supported,
2999,Israeli Prime minister Netanyahu confirmed Israel is responsible for the Beirut Explosion.,,,train,Refuted,Refuted,
3000,"The Covid-19 spike protein which the Pfizer vaccine causes an immune response against also trains the body to attack syncytin-1, a protein in the placenta, which could lead to infertility in women.",,,train,Refuted,Refuted,
3001,Blue trick or treat pumpkin buckets are not official symbols for the autistic community,,,train,Supported,Supported,
3002,"Justice Clarence Thomas And His Wife Ginni Thomas Chartered Buses For January 6, 2021, Capitol Protesters",,,train,Refuted,Not Enough Evidence,
3003,Abortion has been legalised in Indonesia by President Joko Widodo,,,train,Refuted,Refuted,
3004,"The material, Ankara, a fine cotton fabric is not indigenous to Nigeria or Africa.",,,train,Supported,Supported,
3005,Scotland’s bill for the HS2 railway is £17 billion.,,Gordon David Robertson,train,Refuted,Refuted,
3006,The index finger is the only finger approved for marking a ballot paper in the Nigerian General Elections,,,train,Refuted,Refuted,
3007,5G technology is spreading Coronavirus.,,,train,Refuted,Refuted,
3008,"A police officer’s starting salary was £24,000 in 2010 and £23,000 in 2018.",,,train,Refuted,Conflicting Evidence/Cherrypicking,
3009,Well-behaved women rarely make history was said by Eleanor Roosevelt,,Aislinn Murphy,train,Refuted,Refuted,
3010,Drinking a glass of water before taking a bath helps lower blood pressure.,,,train,Refuted,Not Enough Evidence,
3011,"Humans kill 1,300 fellow humans every day.",,,train,Supported,Refuted,
3012,There were no Covid-19 deaths in Ireland in August 2020.,,,train,Refuted,Refuted,
3013,The cladding used on Grenfell Tower was chosen by Ed Miliband to meet EU climate change legislation.,,,train,Not Enough Evidence,Refuted,
3014,26% of NHS doctors are foreign-born.,,Social Media Users,train,Refuted,Supported,
3015,Immigrants are 60% less likely to claim benefits than a British-born person.,,Social Media Users,train,Conflicting Evidence/Cherrypicking,Supported,
3016,"Vladimir Putin is the world's richest man, with an estimated fortune of $250 billion.",,thefactfindernews,train,Refuted,Refuted,
3017,Prime Minister Sanna Marin has announced that Finland is going to have a four-day working week and six-hour days.,,,train,Refuted,Refuted,
3018,BBC Radio 2 DJ gets paid over £1.3 million a year.,,,train,Supported,Supported,
3019,Covid-19’s infection fatality rate is 0.1%,,Toby Young,train,Refuted,Conflicting Evidence/Cherrypicking,
3020,"The salary of a newly qualified nurse was £22,000 in 2010 and the same in 2018.",,,train,Refuted,Refuted,
3021,"Grenfell Tower was built by a Labour Council under Labour government in 2007-2008, when Sadiq Khan was the Housing Minister.",,,train,Refuted,Refuted,
3022,Drinking a glass of water before going to bed helps prevent stroke and heart attacks,,,train,Refuted,Refuted,
3023,"US President Joe Biden lied when he said he had never spoken to his son, Hunter Biden  about his son's overseas business dealings.",,Donald Trump,train,Refuted,Conflicting Evidence/Cherrypicking,
3024,"While western countries have been busy fighting the new coronavirus, international terrorism has stopped",,,train,Refuted,Refuted,
3025,"Moon and Mars will appear to be the same size in the night sky on August 27, 2020.",,Donita Booher,train,Refuted,Refuted,
3026,"Student nurses of the 2017 cohort were asked to join the NHS workforce early this year, due to Covid-19.",,,train,Supported,Supported,
3027,"Stanley Johnson, father of Prime Minister Boris Johnson, wrote a novel called ‘The Virus’ in 1982.",,,train,Supported,Supported,
3028,The Covid-19 vaccine will cause infertility in younger men.,,,train,Refuted,Refuted,
3029,The cladding used on Grenfell Tower has previously been banned in the USA.,,,train,Supported,Supported,
3030,This photo shows women working for the Red Cross arriving at Normandy beach in 1944 to assist injured troops.,,,train,Refuted,Refuted,
3031,Jacob Rothschild owns a patent to coronavirus.,,,train,Refuted,Refuted,
3032,A no deal Brexit means UK fishing waters are back in our control.,,,train,Supported,Supported,
3033,"U.S., Germany and France have no educational requirement for the office of President.",,Festus Keyamo,train,Supported,Refuted,
3034,A no deal Brexit means we wouldn’t have to make any more annual payments of £26 billion to £32 billion.,,,train,Refuted,Refuted,
3035,University of Zimbabwe will begin serving exotic game meat from wildlife parks due to rising prices of beef and chicken.,,,train,Refuted,Refuted,
3036,"To self diagnose for COVID-19, hold your breath for ten seconds without coughing, discomfort, stuffiness or tightness and this proves no fibrosis in the lungs and no infection.",,,train,Refuted,Refuted,
3037,"In Britain, you’re allowed to wave terrorist flags",,,train,Refuted,Refuted,
3038,Pensioners in the UK have to pay for television.,,,train,Conflicting Evidence/Cherrypicking,Refuted,
3039,Consuming certain plants will stop women from getting pregnant.,,,train,Refuted,Refuted,
3040,122 Muslims acquitted by Gujarat court for alleged link with SIMI were in prison for 20 years.,,Yusha Rahman,train,Refuted,Supported,
3041,"half of the GOP candidates don't live in the 9th congressional s
district of north Carolina",,Stony Rushing,train,Supported,Not Enough Evidence,
3042,"A picture shows a woman holding a protest sign saying “stop killing volcanoes to make lava lamps”, from the People’s Vote march.",,,train,Refuted,Refuted,
3043,HS2 will cost £150 billion.,,The Daily Politik,train,Refuted,Not Enough Evidence,
3044,"If you have been recently vaccinated you need to stay away from babies, young children, pregnant women, immunocompromised people, the elderly, and terminally ill people for at least two weeks minimum.",,,train,Refuted,Refuted,
3045,"The BBC decided against broadcasting the funeral of Dame Vera Lynn live, but did broadcast the funeral of George Flyoyd in America.",,,train,Conflicting Evidence/Cherrypicking,Refuted,
3046,Posting on social media such as Instagram for Blackout Tuesday dilutes feeds and erases protesters’ posts burying the voices it's meant to amplify.,,Social Media Users,train,Refuted,Supported,
3047,A picture post has surfaced on the internet in which Union Minister Nitin Gadkari has been quoted praising interim Congress President Sonia Gandhi and former President Rahul Gandhi.,,Sunil Bassi,train,Refuted,Not Enough Evidence,
3048,"Despite pledging to meet net zero emissions by 2050, on current track the UK government will only meet their target by 2099.",,,train,Not Enough Evidence,Refuted,
3049,Dogs can smell COVID-19 on humans.,,Social Media Users,train,Conflicting Evidence/Cherrypicking,Supported,
3050,Ewedu can cure cancer.,,,train,Refuted,Refuted,
3051,A no deal Brexit means we would have free trade with the world.,,,train,Conflicting Evidence/Cherrypicking,Refuted,
3052,A Facebook post claims that a no deal Brexit would mean no more uncontrolled immigration.,,,train,Conflicting Evidence/Cherrypicking,Conflicting Evidence/Cherrypicking,
3053,"As Mayor, Sadiq Khan produced a report to say that the Fire Services did not need further funding.",,,train,Supported,Refuted,
3054,Australian Prime Minister Scott Morrison stands alone during the 2019 G7 Leaders’ Summit in France,,,train,Refuted,Supported,
3055,Kenyans working at Mara North private wildlife park have been made to carry white tourists in sedan chairs depicting modern 'slavery',,,train,Refuted,Refuted,
3056,"Suicide is the cause of death for around 3,000 people per day.",,,train,Refuted,Supported,
3057,Using the air conditioning (AC) in a vehicle consumes more fuel.,,,train,Supported,Supported,
3058,The BMA advises that without immigrants “many NHS services would struggle to provide effective care”.,,Social Media Users,train,Supported,Supported,
3059,The Wuhan coronavirus is a more virulent version of the normal cold.,,,train,Supported,Refuted,
3060,"In the UK in 2020 there were 48,000 illegal immigrants staying in 4/5 star hotels.",,,train,Refuted,Refuted,
3061,5G wrecks immune systems and that is why people in Wuhan are suffering with this illness.,,,train,Refuted,Refuted,
3062,Bollywood star Shah Rukh Khan has slammed the Modi-government for not paying enough attention to Rohingya Muslims.,,,train,Refuted,Not Enough Evidence,
3063,Drinking one glass of water before bed prevents heart attacks.,,Nikkis Weight Loss Support,train,Supported,Refuted,
3064,A no deal Brexit means no more ECJ or ECHR.,,,train,Conflicting Evidence/Cherrypicking,Refuted,
3065,Matt Hancock owns the company responsible for supplying the NHS.,,,train,Conflicting Evidence/Cherrypicking,Refuted,
3066,£1 billion was given to 13 companies for PPE but no PPE has been supplied.,,,train,Not Enough Evidence,Conflicting Evidence/Cherrypicking,
3067,Mixing one tablespoon of 2% iodine and one cup of baby oil will create a substance that removes body hair.,,,train,Refuted,Refuted,
